order,map_name,depth,group_path,layer_path,layer_name,long_name,is_group_layer,is_broken,visible,data_source,connection_info
1,MLP SIG PAO LAYOUT OFFLINE v4,0,,SIAS - PAO,SIAS - PAO,SIAS - PAO,False,False,True,\\amssclgis08.ams.gmams.cl\CL_MLP_PAO\02_FGDB\CL_MLP_PAO_v1.gdb\CL_MLP_PAO_17_SIAS\CL_MLP_PAO_SIAS_PO,"{'dataset': 'CL_MLP_PAO_SIAS_PO', 'workspace_factory': 'File Geodatabase', 'connection_info': {'database': '\\\\amssclgis08.ams.gmams.cl\\CL_MLP_PAO\\02_FGDB\\CL_MLP_PAO_v1.gdb'}}"
3,MLP SIG PAO LAYOUT OFFLINE v4,1,Cruces,Cruces\Atraviesos Viales FLUOR,Atraviesos Viales FLUOR,Cruces\Atraviesos Viales FLUOR,False,False,True,\\amssclgis08.ams.gmams.cl\CL_MLP_PAO\02_FGDB\CL_MLP_PAO_v1.gdb\CL_MLP_PAO_06_COMPLEMENTOS\CL_MLP_PAO_Atraviesos_FLUOR_PU,"{'dataset': 'CL_MLP_PAO_Atraviesos_FLUOR_PU', 'workspace_factory': 'File Geodatabase', 'connection_info': {'database': '\\\\amssclgis08.ams.gmams.cl\\CL_MLP_PAO\\02_FGDB\\CL_MLP_PAO_v1.gdb'}}"
4,MLP SIG PAO LAYOUT OFFLINE v4,1,Cruces,Cruces\Atraviesos Viales Paralelismos,Atraviesos Viales Paralelismos,Cruces\Atraviesos Viales Paralelismos,False,False,True,\\amssclgis08.ams.gmams.cl\CL_MLP_PAO\02_FGDB\CL_MLP_PAO_v1.gdb\CL_MLP_PAO_06_COMPLEMENTOS\CL_MLP_PAO_Atraviesos_FLUOR_PO,"{'dataset': 'CL_MLP_PAO_Atraviesos_FLUOR_PO', 'workspace_factory': 'File Geodatabase', 'connection_info': {'database': '\\\\amssclgis08.ams.gmams.cl\\CL_MLP_PAO\\02_FGDB\\CL_MLP_PAO_v1.gdb'}}"
5,MLP SIG PAO LAYOUT OFFLINE v4,1,Cruces,Cruces\Cruces Ferronor,Cruces Ferronor,Cruces\Cruces Ferronor,False,False,True,\\amssclgis08.ams.gmams.cl\CL_MLP_PAO\02_FGDB\CL_MLP_PAO_v1.gdb\CL_MLP_PAO_01_EIA\CL_MLP_PAO_OBRAS_PUNTUALES_EIA_PU,"{'dataset': 'CL_MLP_PAO_OBRAS_PUNTUALES_EIA_PU', 'workspace_factory': 'File Geodatabase', 'connection_info': {'database': '\\\\amssclgis08.ams.gmams.cl\\CL_MLP_PAO\\02_FGDB\\CL_MLP_PAO_v1.gdb'}}"
7,MLP SIG PAO LAYOUT OFFLINE v4,1,Permisos,Permisos\PS 51 Permisos Vialidad,PS 51 Permisos Vialidad,Permisos\PS 51 Permisos Vialidad,False,False,True,\\amssclgis08.ams.gmams.cl\CL_MLP_PAO\02_FGDB\CL_MLP_PAO_v1.gdb\CL_MLP_PAO_11_PERMISOS_AMBIENTALES\CL_MLP_PAO_PS_51_Permisos_Vialidad_PU,"{'dataset': 'CL_MLP_PAO_PS_51_Permisos_Vialidad_PU', 'workspace_factory': 'File Geodatabase', 'connection_info': {'database': '\\\\amssclgis08.ams.gmams.cl\\CL_MLP_PAO\\02_FGDB\\CL_MLP_PAO_v1.gdb'}}"
9,MLP SIG PAO LAYOUT OFFLINE v4,2,Permisos\PAS 156 MODIFICACION DE CAUCES,Permisos\PAS 156 MODIFICACION DE CAUCES\Permiso Sectorial Modificación de Cauce - Materialidad,Permiso Sectorial Modificación de Cauce - Materialidad,Permisos\PAS 156 MODIFICACION DE CAUCES\Permiso Sectorial Modificación de Cauce - Materialidad,False,False,True,\\amssclgis08.ams.gmams.cl\CL_MLP_PAO\02_FGDB\CL_MLP_PAO_v1.gdb\CL_MLP_PAO_11_PERMISOS_AMBIENTALES\CL_MLP_PAO_PASM_156_PU_Modificacion_Cauces_Solicitado,"{'dataset': 'CL_MLP_PAO_PASM_156_PU_Modificacion_Cauces_Solicitado', 'workspace_factory': 'File Geodatabase', 'connection_info': {'database': '\\\\amssclgis08.ams.gmams.cl\\CL_MLP_PAO\\02_FGDB\\CL_MLP_PAO_v1.gdb'}}"
10,MLP SIG PAO LAYOUT OFFLINE v4,2,Permisos\PAS 156 MODIFICACION DE CAUCES,Permisos\PAS 156 MODIFICACION DE CAUCES\Permiso Sectorial Modificación de Cauce - Solicitado,Permiso Sectorial Modificación de Cauce - Solicitado,Permisos\PAS 156 MODIFICACION DE CAUCES\Permiso Sectorial Modificación de Cauce - Solicitado,False,False,True,\\amssclgis08.ams.gmams.cl\CL_MLP_PAO\02_FGDB\CL_MLP_PAO_v1.gdb\CL_MLP_PAO_11_PERMISOS_AMBIENTALES\CL_MLP_PAO_PASM_156_PU_Modificacion_Cauces_Solicitado,"{'dataset': 'CL_MLP_PAO_PASM_156_PU_Modificacion_Cauces_Solicitado', 'workspace_factory': 'File Geodatabase', 'connection_info': {'database': '\\\\amssclgis08.ams.gmams.cl\\CL_MLP_PAO\\02_FGDB\\CL_MLP_PAO_v1.gdb'}}"
11,MLP SIG PAO LAYOUT OFFLINE v4,2,Permisos\PAS 156 MODIFICACION DE CAUCES,Permisos\PAS 156 MODIFICACION DE CAUCES\PAS 156: Modificación de Cauces (RCA),PAS 156: Modificación de Cauces (RCA),Permisos\PAS 156 MODIFICACION DE CAUCES\PAS 156: Modificación de Cauces (RCA),False,False,True,\\amssclgis08.ams.gmams.cl\CL_MLP_PAO\02_FGDB\CL_MLP_PAO_v1.gdb\CL_MLP_PAO_11_PERMISOS_AMBIENTALES\CL_MLP_PAO_PASM_156_PU_Modificacion_Cauces_RCA,"{'dataset': 'CL_MLP_PAO_PASM_156_PU_Modificacion_Cauces_RCA', 'workspace_factory': 'File Geodatabase', 'connection_info': {'database': '\\\\amssclgis08.ams.gmams.cl\\CL_MLP_PAO\\02_FGDB\\CL_MLP_PAO_v1.gdb'}}"
14,MLP SIG PAO LAYOUT OFFLINE v4,3,Permisos\PERMISOS FFAP\Cartografía Base,Permisos\PERMISOS FFAP\Cartografía Base\Obras de Arte,Obras de Arte,Permisos\PERMISOS FFAP\Cartografía Base\Obras de Arte,False,False,True,\\amssclgis08.ams.gmams.cl\CL_MLP_PAO\02_FGDB\CL_MLP_PAO_v1.gdb\CL_MLP_PAO_06_COMPLEMENTOS\CL_MLP_PAO_PASM_CARTO_PU_Obras_Arte,"{'dataset': 'CL_MLP_PAO_PASM_CARTO_PU_Obras_Arte', 'workspace_factory': 'File Geodatabase', 'connection_info': {'database': '\\\\amssclgis08.ams.gmams.cl\\CL_MLP_PAO\\02_FGDB\\CL_MLP_PAO_v1.gdb'}}"
15,MLP SIG PAO LAYOUT OFFLINE v4,3,Permisos\PERMISOS FFAP\Cartografía Base,Permisos\PERMISOS FFAP\Cartografía Base\Señaletica Incendios,Señaletica Incendios,Permisos\PERMISOS FFAP\Cartografía Base\Señaletica Incendios,False,False,True,\\amssclgis08.ams.gmams.cl\CL_MLP_PAO\02_FGDB\CL_MLP_PAO_v1.gdb\CL_MLP_PAO_06_COMPLEMENTOS\CL_MLP_PAO_PASM_CARTO_PU_Señaletica_Incendios,"{'dataset': 'CL_MLP_PAO_PASM_CARTO_PU_Señaletica_Incendios', 'workspace_factory': 'File Geodatabase', 'connection_info': {'database': '\\\\amssclgis08.ams.gmams.cl\\CL_MLP_PAO\\02_FGDB\\CL_MLP_PAO_v1.gdb'}}"
16,MLP SIG PAO LAYOUT OFFLINE v4,3,Permisos\PERMISOS FFAP\Cartografía Base,Permisos\PERMISOS FFAP\Cartografía Base\Caminos,Caminos,Permisos\PERMISOS FFAP\Cartografía Base\Caminos,False,False,True,\\amssclgis08.ams.gmams.cl\CL_MLP_PAO\02_FGDB\CL_MLP_PAO_v1.gdb\CL_MLP_PAO_06_COMPLEMENTOS\CL_MLP_PAO_PASM_CARTO_LI_Caminos,"{'dataset': 'CL_MLP_PAO_PASM_CARTO_LI_Caminos', 'workspace_factory': 'File Geodatabase', 'connection_info': {'database': '\\\\amssclgis08.ams.gmams.cl\\CL_MLP_PAO\\02_FGDB\\CL_MLP_PAO_v1.gdb'}}"
17,MLP SIG PAO LAYOUT OFFLINE v4,3,Permisos\PERMISOS FFAP\Cartografía Base,Permisos\PERMISOS FFAP\Cartografía Base\Hidrografia,Hidrografia,Permisos\PERMISOS FFAP\Cartografía Base\Hidrografia,False,False,True,\\amssclgis08.ams.gmams.cl\CL_MLP_PAO\02_FGDB\CL_MLP_PAO_v1.gdb\CL_MLP_PAO_06_COMPLEMENTOS\CL_MLP_PAO_PASM_CARTO_LI_Hidrografia,"{'dataset': 'CL_MLP_PAO_PASM_CARTO_LI_Hidrografia', 'workspace_factory': 'File Geodatabase', 'connection_info': {'database': '\\\\amssclgis08.ams.gmams.cl\\CL_MLP_PAO\\02_FGDB\\CL_MLP_PAO_v1.gdb'}}"
18,MLP SIG PAO LAYOUT OFFLINE v4,3,Permisos\PERMISOS FFAP\Cartografía Base,Permisos\PERMISOS FFAP\Cartografía Base\Curvas de Nivel,Curvas de Nivel,Permisos\PERMISOS FFAP\Cartografía Base\Curvas de Nivel,False,False,True,\\amssclgis08.ams.gmams.cl\CL_MLP_PAO\02_FGDB\CL_MLP_PAO_v1.gdb\CL_MLP_PAO_06_COMPLEMENTOS\CL_MLP_PAO_PASM_CARTO_LI_Curvas_Nivel,"{'dataset': 'CL_MLP_PAO_PASM_CARTO_LI_Curvas_Nivel', 'workspace_factory': 'File Geodatabase', 'connection_info': {'database': '\\\\amssclgis08.ams.gmams.cl\\CL_MLP_PAO\\02_FGDB\\CL_MLP_PAO_v1.gdb'}}"
20,MLP SIG PAO LAYOUT OFFLINE v4,3,Permisos\PERMISOS FFAP\PASM 132: Excavaciones Arqueología y Paleontología,Permisos\PERMISOS FFAP\PASM 132: Excavaciones Arqueología y Paleontología\Elemento Patrimonial de Arqueología,Elemento Patrimonial de Arqueología,Permisos\PERMISOS FFAP\PASM 132: Excavaciones Arqueología y Paleontología\Elemento Patrimonial de Arqueología,False,False,True,\\amssclgis08.ams.gmams.cl\CL_MLP_PAO\02_FGDB\CL_MLP_PAO_v1.gdb\CL_MLP_PAO_11_PERMISOS_AMBIENTALES\CL_MLP_PAO_PASM_132_PU,"{'dataset': 'CL_MLP_PAO_PASM_132_PU', 'workspace_factory': 'File Geodatabase', 'connection_info': {'database': '\\\\amssclgis08.ams.gmams.cl\\CL_MLP_PAO\\02_FGDB\\CL_MLP_PAO_v1.gdb'}}"
21,MLP SIG PAO LAYOUT OFFLINE v4,3,Permisos\PERMISOS FFAP\PASM 132: Excavaciones Arqueología y Paleontología,Permisos\PERMISOS FFAP\PASM 132: Excavaciones Arqueología y Paleontología\Puntos Observación Paleontológicos,Puntos Observación Paleontológicos,Permisos\PERMISOS FFAP\PASM 132: Excavaciones Arqueología y Paleontología\Puntos Observación Paleontológicos,False,False,True,\\amssclgis08.ams.gmams.cl\CL_MLP_PAO\02_FGDB\CL_MLP_PAO_v1.gdb\CL_MLP_PAO_11_PERMISOS_AMBIENTALES\CL_MLP_PAO_PASM_132_PU,"{'dataset': 'CL_MLP_PAO_PASM_132_PU', 'workspace_factory': 'File Geodatabase', 'connection_info': {'database': '\\\\amssclgis08.ams.gmams.cl\\CL_MLP_PAO\\02_FGDB\\CL_MLP_PAO_v1.gdb'}}"
22,MLP SIG PAO LAYOUT OFFLINE v4,3,Permisos\PERMISOS FFAP\PASM 132: Excavaciones Arqueología y Paleontología,Permisos\PERMISOS FFAP\PASM 132: Excavaciones Arqueología y Paleontología\Potenciales paleontológicos,Potenciales paleontológicos,Permisos\PERMISOS FFAP\PASM 132: Excavaciones Arqueología y Paleontología\Potenciales paleontológicos,False,False,True,\\amssclgis08.ams.gmams.cl\CL_MLP_PAO\02_FGDB\CL_MLP_PAO_v1.gdb\CL_MLP_PAO_11_PERMISOS_AMBIENTALES\CL_MLP_PAO_PASM_132_PO,"{'dataset': 'CL_MLP_PAO_PASM_132_PO', 'workspace_factory': 'File Geodatabase', 'connection_info': {'database': '\\\\amssclgis08.ams.gmams.cl\\CL_MLP_PAO\\02_FGDB\\CL_MLP_PAO_v1.gdb'}}"
23,MLP SIG PAO LAYOUT OFFLINE v4,3,Permisos\PERMISOS FFAP\PASM 132: Excavaciones Arqueología y Paleontología,Permisos\PERMISOS FFAP\PASM 132: Excavaciones Arqueología y Paleontología\Área Influencia Paleontología,Área Influencia Paleontología,Permisos\PERMISOS FFAP\PASM 132: Excavaciones Arqueología y Paleontología\Área Influencia Paleontología,False,False,True,\\amssclgis08.ams.gmams.cl\CL_MLP_PAO\02_FGDB\CL_MLP_PAO_v1.gdb\CL_MLP_PAO_11_PERMISOS_AMBIENTALES\CL_MLP_PAO_PASM_132_PO,"{'dataset': 'CL_MLP_PAO_PASM_132_PO', 'workspace_factory': 'File Geodatabase', 'connection_info': {'database': '\\\\amssclgis08.ams.gmams.cl\\CL_MLP_PAO\\02_FGDB\\CL_MLP_PAO_v1.gdb'}}"
25,MLP SIG PAO LAYOUT OFFLINE v4,3,Permisos\PERMISOS FFAP\PASM 146: Captura Especies Protegidas,Permisos\PERMISOS FFAP\PASM 146: Captura Especies Protegidas\Busqueda Dirigida Anfibios,Busqueda Dirigida Anfibios,Permisos\PERMISOS FFAP\PASM 146: Captura Especies Protegidas\Busqueda Dirigida Anfibios,False,False,True,\\amssclgis08.ams.gmams.cl\CL_MLP_PAO\02_FGDB\CL_MLP_PAO_v1.gdb\CL_MLP_PAO_11_PERMISOS_AMBIENTALES\CL_MLP_PAO_PASM_146_PU_Busqueda,"{'dataset': 'CL_MLP_PAO_PASM_146_PU_Busqueda', 'workspace_factory': 'File Geodatabase', 'connection_info': {'database': '\\\\amssclgis08.ams.gmams.cl\\CL_MLP_PAO\\02_FGDB\\CL_MLP_PAO_v1.gdb'}}"
26,MLP SIG PAO LAYOUT OFFLINE v4,3,Permisos\PERMISOS FFAP\PASM 146: Captura Especies Protegidas,Permisos\PERMISOS FFAP\PASM 146: Captura Especies Protegidas\Registros anfibios sitio relocalización,Registros anfibios sitio relocalización,Permisos\PERMISOS FFAP\PASM 146: Captura Especies Protegidas\Registros anfibios sitio relocalización,False,False,True,\\amssclgis08.ams.gmams.cl\CL_MLP_PAO\02_FGDB\CL_MLP_PAO_v1.gdb\CL_MLP_PAO_11_PERMISOS_AMBIENTALES\CL_MLP_PAO_PASM_146_PU_Registro,"{'dataset': 'CL_MLP_PAO_PASM_146_PU_Registro', 'workspace_factory': 'File Geodatabase', 'connection_info': {'database': '\\\\amssclgis08.ams.gmams.cl\\CL_MLP_PAO\\02_FGDB\\CL_MLP_PAO_v1.gdb'}}"
27,MLP SIG PAO LAYOUT OFFLINE v4,3,Permisos\PERMISOS FFAP\PASM 146: Captura Especies Protegidas,Permisos\PERMISOS FFAP\PASM 146: Captura Especies Protegidas\Área Rescate Fauna (Anfibios),Área Rescate Fauna (Anfibios),Permisos\PERMISOS FFAP\PASM 146: Captura Especies Protegidas\Área Rescate Fauna (Anfibios),False,False,True,\\amssclgis08.ams.gmams.cl\CL_MLP_PAO\02_FGDB\CL_MLP_PAO_v1.gdb\CL_MLP_PAO_11_PERMISOS_AMBIENTALES\CL_MLP_PAO_PASM_146_PO,"{'dataset': 'CL_MLP_PAO_PASM_146_PO', 'workspace_factory': 'File Geodatabase', 'connection_info': {'database': '\\\\amssclgis08.ams.gmams.cl\\CL_MLP_PAO\\02_FGDB\\CL_MLP_PAO_v1.gdb'}}"
28,MLP SIG PAO LAYOUT OFFLINE v4,3,Permisos\PERMISOS FFAP\PASM 146: Captura Especies Protegidas,Permisos\PERMISOS FFAP\PASM 146: Captura Especies Protegidas\Área Relocalización Fauna (Anfibios),Área Relocalización Fauna (Anfibios),Permisos\PERMISOS FFAP\PASM 146: Captura Especies Protegidas\Área Relocalización Fauna (Anfibios),False,False,True,\\amssclgis08.ams.gmams.cl\CL_MLP_PAO\02_FGDB\CL_MLP_PAO_v1.gdb\CL_MLP_PAO_11_PERMISOS_AMBIENTALES\CL_MLP_PAO_PASM_146_PO,"{'dataset': 'CL_MLP_PAO_PASM_146_PO', 'workspace_factory': 'File Geodatabase', 'connection_info': {'database': '\\\\amssclgis08.ams.gmams.cl\\CL_MLP_PAO\\02_FGDB\\CL_MLP_PAO_v1.gdb'}}"
30,MLP SIG PAO LAYOUT OFFLINE v4,3,Permisos\PERMISOS FFAP\PASM 148: Corta Bosque Nativo,Permisos\PERMISOS FFAP\PASM 148: Corta Bosque Nativo\Punto Referencia Predios,Punto Referencia Predios,Permisos\PERMISOS FFAP\PASM 148: Corta Bosque Nativo\Punto Referencia Predios,False,False,True,\\amssclgis08.ams.gmams.cl\CL_MLP_PAO\02_FGDB\CL_MLP_PAO_v1.gdb\CL_MLP_PAO_11_PERMISOS_AMBIENTALES\CL_MLP_PAO_PASM_148_PU_Ref_Predios,"{'dataset': 'CL_MLP_PAO_PASM_148_PU_Ref_Predios', 'workspace_factory': 'File Geodatabase', 'connection_info': {'database': '\\\\amssclgis08.ams.gmams.cl\\CL_MLP_PAO\\02_FGDB\\CL_MLP_PAO_v1.gdb'}}"
31,MLP SIG PAO LAYOUT OFFLINE v4,3,Permisos\PERMISOS FFAP\PASM 148: Corta Bosque Nativo,Permisos\PERMISOS FFAP\PASM 148: Corta Bosque Nativo\Áreas de Corta,Áreas de Corta,Permisos\PERMISOS FFAP\PASM 148: Corta Bosque Nativo\Áreas de Corta,False,False,True,\\amssclgis08.ams.gmams.cl\CL_MLP_PAO\02_FGDB\CL_MLP_PAO_v1.gdb\CL_MLP_PAO_11_PERMISOS_AMBIENTALES\CL_MLP_PAO_PASM_148_PO_Areas_Corta,"{'dataset': 'CL_MLP_PAO_PASM_148_PO_Areas_Corta', 'workspace_factory': 'File Geodatabase', 'connection_info': {'database': '\\\\amssclgis08.ams.gmams.cl\\CL_MLP_PAO\\02_FGDB\\CL_MLP_PAO_v1.gdb'}}"
32,MLP SIG PAO LAYOUT OFFLINE v4,3,Permisos\PERMISOS FFAP\PASM 148: Corta Bosque Nativo,Permisos\PERMISOS FFAP\PASM 148: Corta Bosque Nativo\Rodales,Rodales,Permisos\PERMISOS FFAP\PASM 148: Corta Bosque Nativo\Rodales,False,False,True,\\amssclgis08.ams.gmams.cl\CL_MLP_PAO\02_FGDB\CL_MLP_PAO_v1.gdb\CL_MLP_PAO_11_PERMISOS_AMBIENTALES\CL_MLP_PAO_PASM_148_PO_Rodales,"{'dataset': 'CL_MLP_PAO_PASM_148_PO_Rodales', 'workspace_factory': 'File Geodatabase', 'connection_info': {'database': '\\\\amssclgis08.ams.gmams.cl\\CL_MLP_PAO\\02_FGDB\\CL_MLP_PAO_v1.gdb'}}"
34,MLP SIG PAO LAYOUT OFFLINE v4,3,Permisos\PERMISOS FFAP\PASM 149: Corta Plantaciones Forestal,Permisos\PERMISOS FFAP\PASM 149: Corta Plantaciones Forestal\Punto Referencia Predios,Punto Referencia Predios,Permisos\PERMISOS FFAP\PASM 149: Corta Plantaciones Forestal\Punto Referencia Predios,False,False,True,\\amssclgis08.ams.gmams.cl\CL_MLP_PAO\02_FGDB\CL_MLP_PAO_v1.gdb\CL_MLP_PAO_11_PERMISOS_AMBIENTALES\CL_MLP_PAO_PASM_149_PU_Ref_Predios,"{'dataset': 'CL_MLP_PAO_PASM_149_PU_Ref_Predios', 'workspace_factory': 'File Geodatabase', 'connection_info': {'database': '\\\\amssclgis08.ams.gmams.cl\\CL_MLP_PAO\\02_FGDB\\CL_MLP_PAO_v1.gdb'}}"
35,MLP SIG PAO LAYOUT OFFLINE v4,3,Permisos\PERMISOS FFAP\PASM 149: Corta Plantaciones Forestal,Permisos\PERMISOS FFAP\PASM 149: Corta Plantaciones Forestal\Áreas de Corta,Áreas de Corta,Permisos\PERMISOS FFAP\PASM 149: Corta Plantaciones Forestal\Áreas de Corta,False,False,True,\\amssclgis08.ams.gmams.cl\CL_MLP_PAO\02_FGDB\CL_MLP_PAO_v1.gdb\CL_MLP_PAO_11_PERMISOS_AMBIENTALES\CL_MLP_PAO_PASM_149_PO_Areas_Corta,"{'dataset': 'CL_MLP_PAO_PASM_149_PO_Areas_Corta', 'workspace_factory': 'File Geodatabase', 'connection_info': {'database': '\\\\amssclgis08.ams.gmams.cl\\CL_MLP_PAO\\02_FGDB\\CL_MLP_PAO_v1.gdb'}}"
38,MLP SIG PAO LAYOUT OFFLINE v4,4,Permisos\PERMISOS FFAP\PASM 150: Intervención de Bosque Nativo de Preservación\Afectación BNP: Prosopis chilensis,Permisos\PERMISOS FFAP\PASM 150: Intervención de Bosque Nativo de Preservación\Afectación BNP: Prosopis chilensis\Intervencion Individuos BNP | Prosopis,Intervencion Individuos BNP | Prosopis,Permisos\PERMISOS FFAP\PASM 150: Intervención de Bosque Nativo de Preservación\Afectación BNP: Prosopis chilensis\Intervencion Individuos BNP | Prosopis,False,False,True,\\amssclgis08.ams.gmams.cl\CL_MLP_PAO\02_FGDB\CL_MLP_PAO_v1.gdb\CL_MLP_PAO_11_PERMISOS_AMBIENTALES\CL_MLP_PAO_PASM_150_PU_Intervencion_Individuos_Prosopis,"{'dataset': 'CL_MLP_PAO_PASM_150_PU_Intervencion_Individuos_Prosopis', 'workspace_factory': 'File Geodatabase', 'connection_info': {'database': '\\\\amssclgis08.ams.gmams.cl\\CL_MLP_PAO\\02_FGDB\\CL_MLP_PAO_v1.gdb'}}"
39,MLP SIG PAO LAYOUT OFFLINE v4,4,Permisos\PERMISOS FFAP\PASM 150: Intervención de Bosque Nativo de Preservación\Afectación BNP: Prosopis chilensis,Permisos\PERMISOS FFAP\PASM 150: Intervención de Bosque Nativo de Preservación\Afectación BNP: Prosopis chilensis\Intervencion Área de BNP | Prosopis,Intervencion Área de BNP | Prosopis,Permisos\PERMISOS FFAP\PASM 150: Intervención de Bosque Nativo de Preservación\Afectación BNP: Prosopis chilensis\Intervencion Área de BNP | Prosopis,False,False,True,\\amssclgis08.ams.gmams.cl\CL_MLP_PAO\02_FGDB\CL_MLP_PAO_v1.gdb\CL_MLP_PAO_11_PERMISOS_AMBIENTALES\CL_MLP_PAO_PASM_150_PO_Intervencion_BNP_Prosopis,"{'dataset': 'CL_MLP_PAO_PASM_150_PO_Intervencion_BNP_Prosopis', 'workspace_factory': 'File Geodatabase', 'connection_info': {'database': '\\\\amssclgis08.ams.gmams.cl\\CL_MLP_PAO\\02_FGDB\\CL_MLP_PAO_v1.gdb'}}"
41,MLP SIG PAO LAYOUT OFFLINE v4,4,Permisos\PERMISOS FFAP\PASM 150: Intervención de Bosque Nativo de Preservación\Afectación BNP: Porlieria chilensis,Permisos\PERMISOS FFAP\PASM 150: Intervención de Bosque Nativo de Preservación\Afectación BNP: Porlieria chilensis\Alteracion Individuos BNP | Porlieria,Alteracion Individuos BNP | Porlieria,Permisos\PERMISOS FFAP\PASM 150: Intervención de Bosque Nativo de Preservación\Afectación BNP: Porlieria chilensis\Alteracion Individuos BNP | Porlieria,False,False,True,\\amssclgis08.ams.gmams.cl\CL_MLP_PAO\02_FGDB\CL_MLP_PAO_v1.gdb\CL_MLP_PAO_11_PERMISOS_AMBIENTALES\CL_MLP_PAO_PASM_150_PU_Intervencion_Individuos_Porlieria,"{'dataset': 'CL_MLP_PAO_PASM_150_PU_Intervencion_Individuos_Porlieria', 'workspace_factory': 'File Geodatabase', 'connection_info': {'database': '\\\\amssclgis08.ams.gmams.cl\\CL_MLP_PAO\\02_FGDB\\CL_MLP_PAO_v1.gdb'}}"
42,MLP SIG PAO LAYOUT OFFLINE v4,4,Permisos\PERMISOS FFAP\PASM 150: Intervención de Bosque Nativo de Preservación\Afectación BNP: Porlieria chilensis,Permisos\PERMISOS FFAP\PASM 150: Intervención de Bosque Nativo de Preservación\Afectación BNP: Porlieria chilensis\Intervencion Individuos BNP | Porlieria,Intervencion Individuos BNP | Porlieria,Permisos\PERMISOS FFAP\PASM 150: Intervención de Bosque Nativo de Preservación\Afectación BNP: Porlieria chilensis\Intervencion Individuos BNP | Porlieria,False,False,True,\\amssclgis08.ams.gmams.cl\CL_MLP_PAO\02_FGDB\CL_MLP_PAO_v1.gdb\CL_MLP_PAO_11_PERMISOS_AMBIENTALES\CL_MLP_PAO_PASM_150_PU_Intervencion_Individuos_Porlieria,"{'dataset': 'CL_MLP_PAO_PASM_150_PU_Intervencion_Individuos_Porlieria', 'workspace_factory': 'File Geodatabase', 'connection_info': {'database': '\\\\amssclgis08.ams.gmams.cl\\CL_MLP_PAO\\02_FGDB\\CL_MLP_PAO_v1.gdb'}}"
43,MLP SIG PAO LAYOUT OFFLINE v4,4,Permisos\PERMISOS FFAP\PASM 150: Intervención de Bosque Nativo de Preservación\Afectación BNP: Porlieria chilensis,Permisos\PERMISOS FFAP\PASM 150: Intervención de Bosque Nativo de Preservación\Afectación BNP: Porlieria chilensis\Intervencion Área de BNP | Porlieria,Intervencion Área de BNP | Porlieria,Permisos\PERMISOS FFAP\PASM 150: Intervención de Bosque Nativo de Preservación\Afectación BNP: Porlieria chilensis\Intervencion Área de BNP | Porlieria,False,False,True,\\amssclgis08.ams.gmams.cl\CL_MLP_PAO\02_FGDB\CL_MLP_PAO_v1.gdb\CL_MLP_PAO_11_PERMISOS_AMBIENTALES\CL_MLP_PAO_PASM_150_PO_Intervencion_BNP_Porlieria,"{'dataset': 'CL_MLP_PAO_PASM_150_PO_Intervencion_BNP_Porlieria', 'workspace_factory': 'File Geodatabase', 'connection_info': {'database': '\\\\amssclgis08.ams.gmams.cl\\CL_MLP_PAO\\02_FGDB\\CL_MLP_PAO_v1.gdb'}}"
44,MLP SIG PAO LAYOUT OFFLINE v4,4,Permisos\PERMISOS FFAP\PASM 150: Intervención de Bosque Nativo de Preservación\Afectación BNP: Porlieria chilensis,Permisos\PERMISOS FFAP\PASM 150: Intervención de Bosque Nativo de Preservación\Afectación BNP: Porlieria chilensis\Intervencion Área de BNP | Porlieria | Sin censar,Intervencion Área de BNP | Porlieria | Sin censar,Permisos\PERMISOS FFAP\PASM 150: Intervención de Bosque Nativo de Preservación\Afectación BNP: Porlieria chilensis\Intervencion Área de BNP | Porlieria | Sin censar,False,False,True,\\amssclgis08.ams.gmams.cl\CL_MLP_PAO\02_FGDB\CL_MLP_PAO_v1.gdb\CL_MLP_PAO_11_PERMISOS_AMBIENTALES\CL_MLP_PAO_PASM_150_PO_Intervencion_BNP_Porlieria_SinCenso,"{'dataset': 'CL_MLP_PAO_PASM_150_PO_Intervencion_BNP_Porlieria_SinCenso', 'workspace_factory': 'File Geodatabase', 'connection_info': {'database': '\\\\amssclgis08.ams.gmams.cl\\CL_MLP_PAO\\02_FGDB\\CL_MLP_PAO_v1.gdb'}}"
45,MLP SIG PAO LAYOUT OFFLINE v4,4,Permisos\PERMISOS FFAP\PASM 150: Intervención de Bosque Nativo de Preservación\Afectación BNP: Porlieria chilensis,Permisos\PERMISOS FFAP\PASM 150: Intervención de Bosque Nativo de Preservación\Afectación BNP: Porlieria chilensis\Alteración Área de BNP | Porlieria,Alteración Área de BNP | Porlieria,Permisos\PERMISOS FFAP\PASM 150: Intervención de Bosque Nativo de Preservación\Afectación BNP: Porlieria chilensis\Alteración Área de BNP | Porlieria,False,False,True,\\amssclgis08.ams.gmams.cl\CL_MLP_PAO\02_FGDB\CL_MLP_PAO_v1.gdb\CL_MLP_PAO_11_PERMISOS_AMBIENTALES\CL_MLP_PAO_PASM_150_PO_Alteracion_BNP_Porlieria,"{'dataset': 'CL_MLP_PAO_PASM_150_PO_Alteracion_BNP_Porlieria', 'workspace_factory': 'File Geodatabase', 'connection_info': {'database': '\\\\amssclgis08.ams.gmams.cl\\CL_MLP_PAO\\02_FGDB\\CL_MLP_PAO_v1.gdb'}}"
47,MLP SIG PAO LAYOUT OFFLINE v4,4,Permisos\PERMISOS FFAP\PASM 150: Intervención de Bosque Nativo de Preservación\Afectación BNP: Carica chilensis,Permisos\PERMISOS FFAP\PASM 150: Intervención de Bosque Nativo de Preservación\Afectación BNP: Carica chilensis\Alteracion Individuos BNP | Carica,Alteracion Individuos BNP | Carica,Permisos\PERMISOS FFAP\PASM 150: Intervención de Bosque Nativo de Preservación\Afectación BNP: Carica chilensis\Alteracion Individuos BNP | Carica,False,False,True,\\amssclgis08.ams.gmams.cl\CL_MLP_PAO\02_FGDB\CL_MLP_PAO_v1.gdb\CL_MLP_PAO_11_PERMISOS_AMBIENTALES\CL_MLP_PAO_PASM_150_PU_Alteracion_Individuos_Carica,"{'dataset': 'CL_MLP_PAO_PASM_150_PU_Alteracion_Individuos_Carica', 'workspace_factory': 'File Geodatabase', 'connection_info': {'database': '\\\\amssclgis08.ams.gmams.cl\\CL_MLP_PAO\\02_FGDB\\CL_MLP_PAO_v1.gdb'}}"
48,MLP SIG PAO LAYOUT OFFLINE v4,4,Permisos\PERMISOS FFAP\PASM 150: Intervención de Bosque Nativo de Preservación\Afectación BNP: Carica chilensis,Permisos\PERMISOS FFAP\PASM 150: Intervención de Bosque Nativo de Preservación\Afectación BNP: Carica chilensis\Intervencion Individuos BNP | Carica,Intervencion Individuos BNP | Carica,Permisos\PERMISOS FFAP\PASM 150: Intervención de Bosque Nativo de Preservación\Afectación BNP: Carica chilensis\Intervencion Individuos BNP | Carica,False,False,True,\\amssclgis08.ams.gmams.cl\CL_MLP_PAO\02_FGDB\CL_MLP_PAO_v1.gdb\CL_MLP_PAO_11_PERMISOS_AMBIENTALES\CL_MLP_PAO_PASM_150_PU_Intervencion_Individuos_Carica,"{'dataset': 'CL_MLP_PAO_PASM_150_PU_Intervencion_Individuos_Carica', 'workspace_factory': 'File Geodatabase', 'connection_info': {'database': '\\\\amssclgis08.ams.gmams.cl\\CL_MLP_PAO\\02_FGDB\\CL_MLP_PAO_v1.gdb'}}"
49,MLP SIG PAO LAYOUT OFFLINE v4,4,Permisos\PERMISOS FFAP\PASM 150: Intervención de Bosque Nativo de Preservación\Afectación BNP: Carica chilensis,Permisos\PERMISOS FFAP\PASM 150: Intervención de Bosque Nativo de Preservación\Afectación BNP: Carica chilensis\Intervencion Área de BNP | Carica,Intervencion Área de BNP | Carica,Permisos\PERMISOS FFAP\PASM 150: Intervención de Bosque Nativo de Preservación\Afectación BNP: Carica chilensis\Intervencion Área de BNP | Carica,False,False,True,\\amssclgis08.ams.gmams.cl\CL_MLP_PAO\02_FGDB\CL_MLP_PAO_v1.gdb\CL_MLP_PAO_11_PERMISOS_AMBIENTALES\CL_MLP_PAO_PASM_150_PO_Intervencion_BNP_Carica,"{'dataset': 'CL_MLP_PAO_PASM_150_PO_Intervencion_BNP_Carica', 'workspace_factory': 'File Geodatabase', 'connection_info': {'database': '\\\\amssclgis08.ams.gmams.cl\\CL_MLP_PAO\\02_FGDB\\CL_MLP_PAO_v1.gdb'}}"
50,MLP SIG PAO LAYOUT OFFLINE v4,4,Permisos\PERMISOS FFAP\PASM 150: Intervención de Bosque Nativo de Preservación\Afectación BNP: Carica chilensis,Permisos\PERMISOS FFAP\PASM 150: Intervención de Bosque Nativo de Preservación\Afectación BNP: Carica chilensis\Alteración Área de BNP | Carica,Alteración Área de BNP | Carica,Permisos\PERMISOS FFAP\PASM 150: Intervención de Bosque Nativo de Preservación\Afectación BNP: Carica chilensis\Alteración Área de BNP | Carica,False,False,True,\\amssclgis08.ams.gmams.cl\CL_MLP_PAO\02_FGDB\CL_MLP_PAO_v1.gdb\CL_MLP_PAO_11_PERMISOS_AMBIENTALES\CL_MLP_PAO_PASM_150_PO_Alteracion_BNP_Carica,"{'dataset': 'CL_MLP_PAO_PASM_150_PO_Alteracion_BNP_Carica', 'workspace_factory': 'File Geodatabase', 'connection_info': {'database': '\\\\amssclgis08.ams.gmams.cl\\CL_MLP_PAO\\02_FGDB\\CL_MLP_PAO_v1.gdb'}}"
51,MLP SIG PAO LAYOUT OFFLINE v4,3,Permisos\PERMISOS FFAP\PASM 150: Intervención de Bosque Nativo de Preservación,Permisos\PERMISOS FFAP\PASM 150: Intervención de Bosque Nativo de Preservación\Medida: Establecimiento de BNP,Medida: Establecimiento de BNP,Permisos\PERMISOS FFAP\PASM 150: Intervención de Bosque Nativo de Preservación\Medida: Establecimiento de BNP,False,False,True,\\amssclgis08.ams.gmams.cl\CL_MLP_PAO\02_FGDB\CL_MLP_PAO_v1.gdb\CL_MLP_PAO_11_PERMISOS_AMBIENTALES\CL_MLP_PAO_PASM_150_PO_MEDIDAS_BNP,"{'dataset': 'CL_MLP_PAO_PASM_150_PO_MEDIDAS_BNP', 'workspace_factory': 'File Geodatabase', 'connection_info': {'database': '\\\\amssclgis08.ams.gmams.cl\\CL_MLP_PAO\\02_FGDB\\CL_MLP_PAO_v1.gdb'}}"
53,MLP SIG PAO LAYOUT OFFLINE v4,3,Permisos\PERMISOS FFAP\PASM 151: Intervención Formación Xerofíticas,Permisos\PERMISOS FFAP\PASM 151: Intervención Formación Xerofíticas\Punto Referencia Predios,Punto Referencia Predios,Permisos\PERMISOS FFAP\PASM 151: Intervención Formación Xerofíticas\Punto Referencia Predios,False,False,True,\\amssclgis08.ams.gmams.cl\CL_MLP_PAO\02_FGDB\CL_MLP_PAO_v1.gdb\CL_MLP_PAO_11_PERMISOS_AMBIENTALES\CL_MLP_PAO_PASM_151_PU_Ref_Predios,"{'dataset': 'CL_MLP_PAO_PASM_151_PU_Ref_Predios', 'workspace_factory': 'File Geodatabase', 'connection_info': {'database': '\\\\amssclgis08.ams.gmams.cl\\CL_MLP_PAO\\02_FGDB\\CL_MLP_PAO_v1.gdb'}}"
54,MLP SIG PAO LAYOUT OFFLINE v4,3,Permisos\PERMISOS FFAP\PASM 151: Intervención Formación Xerofíticas,Permisos\PERMISOS FFAP\PASM 151: Intervención Formación Xerofíticas\Áreas de Corta,Áreas de Corta,Permisos\PERMISOS FFAP\PASM 151: Intervención Formación Xerofíticas\Áreas de Corta,False,False,True,\\amssclgis08.ams.gmams.cl\CL_MLP_PAO\02_FGDB\CL_MLP_PAO_v1.gdb\CL_MLP_PAO_11_PERMISOS_AMBIENTALES\CL_MLP_PAO_PASM_151_PO_Areas_Corta,"{'dataset': 'CL_MLP_PAO_PASM_151_PO_Areas_Corta', 'workspace_factory': 'File Geodatabase', 'connection_info': {'database': '\\\\amssclgis08.ams.gmams.cl\\CL_MLP_PAO\\02_FGDB\\CL_MLP_PAO_v1.gdb'}}"
56,MLP SIG PAO LAYOUT OFFLINE v4,1,Habilitacion de Tronaduras,Habilitacion de Tronaduras\Planes de Corta Aprobada 2026-2038,Planes de Corta Aprobada 2026-2038,Habilitacion de Tronaduras\Planes de Corta Aprobada 2026-2038,False,False,True,\\amssclgis08.ams.gmams.cl\CL_MLP_PAO\02_FGDB\CL_MLP_PAO_v1.gdb\CL_MLP_PAO_06_COMPLEMENTOS\CL_MLP_PAO_Corta_Aprobada_2026_2038_PO,"{'dataset': 'CL_MLP_PAO_Corta_Aprobada_2026_2038_PO', 'workspace_factory': 'File Geodatabase', 'connection_info': {'database': '\\\\amssclgis08.ams.gmams.cl\\CL_MLP_PAO\\02_FGDB\\CL_MLP_PAO_v1.gdb'}}"
57,MLP SIG PAO LAYOUT OFFLINE v4,1,Habilitacion de Tronaduras,Habilitacion de Tronaduras\Formación Vegetacional área Inundación,Formación Vegetacional área Inundación,Habilitacion de Tronaduras\Formación Vegetacional área Inundación,False,False,True,\\amssclgis08.ams.gmams.cl\CL_MLP_PAO\02_FGDB\CL_MLP_PAO_v1.gdb\CL_MLP_PAO_06_COMPLEMENTOS\CL_MLP_PAO_Form_Veg_Inundacion_TRM_PO,"{'dataset': 'CL_MLP_PAO_Form_Veg_Inundacion_TRM_PO', 'workspace_factory': 'File Geodatabase', 'connection_info': {'database': '\\\\amssclgis08.ams.gmams.cl\\CL_MLP_PAO\\02_FGDB\\CL_MLP_PAO_v1.gdb'}}"
59,MLP SIG PAO LAYOUT OFFLINE v4,1,Estatus de Gestión de Medidas,Estatus de Gestión de Medidas\MM2 Perturbación Controlada de Fauna Reptiles y Micromamíferos,MM2 Perturbación Controlada de Fauna Reptiles y Micromamíferos,Estatus de Gestión de Medidas\MM2 Perturbación Controlada de Fauna Reptiles y Micromamíferos,False,False,True,\\amssclgis08.ams.gmams.cl\CL_MLP_PAO\02_FGDB\CL_MLP_PAO_v1.gdb\CL_MLP_PAO_12_MEDIDAS_MM_MC_MR\CL_MLP_PAO_MM2_MLP594_Perturbacion_controlada_Fauna_RevB01_GESTION,"{'dataset': 'CL_MLP_PAO_MM2_MLP594_Perturbacion_controlada_Fauna_RevB01_GESTION', 'workspace_factory': 'File Geodatabase', 'connection_info': {'database': '\\\\amssclgis08.ams.gmams.cl\\CL_MLP_PAO\\02_FGDB\\CL_MLP_PAO_v1.gdb'}}"
60,MLP SIG PAO LAYOUT OFFLINE v4,1,Estatus de Gestión de Medidas,Estatus de Gestión de Medidas\MM3 Perturbación Controlada Cururos,MM3 Perturbación Controlada Cururos,Estatus de Gestión de Medidas\MM3 Perturbación Controlada Cururos,False,False,True,\\amssclgis08.ams.gmams.cl\CL_MLP_PAO\02_FGDB\CL_MLP_PAO_v1.gdb\CL_MLP_PAO_12_MEDIDAS_MM_MC_MR\CL_MLP_PAO_MM3_Perturbacion_controlada_Fauna_RevB01_GESTION,"{'dataset': 'CL_MLP_PAO_MM3_Perturbacion_controlada_Fauna_RevB01_GESTION', 'workspace_factory': 'File Geodatabase', 'connection_info': {'database': '\\\\amssclgis08.ams.gmams.cl\\CL_MLP_PAO\\02_FGDB\\CL_MLP_PAO_v1.gdb'}}"
61,MLP SIG PAO LAYOUT OFFLINE v4,1,Estatus de Gestión de Medidas,Estatus de Gestión de Medidas\MM4 Area Rescate Anfibios,MM4 Area Rescate Anfibios,Estatus de Gestión de Medidas\MM4 Area Rescate Anfibios,False,False,True,\\amssclgis08.ams.gmams.cl\CL_MLP_PAO\02_FGDB\CL_MLP_PAO_v1.gdb\CL_MLP_PAO_12_MEDIDAS_MM_MC_MR\CL_MLP_PAO_MM4_AR_Area_Rescate_Anfibios_Adenda2_GESTION,"{'dataset': 'CL_MLP_PAO_MM4_AR_Area_Rescate_Anfibios_Adenda2_GESTION', 'workspace_factory': 'File Geodatabase', 'connection_info': {'database': '\\\\amssclgis08.ams.gmams.cl\\CL_MLP_PAO\\02_FGDB\\CL_MLP_PAO_v1.gdb'}}"
63,MLP SIG PAO LAYOUT OFFLINE v4,1,Puntos Kilometricos,Puntos Kilometricos\PK-SRA II,PK-SRA II,Puntos Kilometricos\PK-SRA II,False,False,True,\\amssclgis08.ams.gmams.cl\CL_MLP_PAO\02_FGDB\CL_MLP_PAO_v1.gdb\CL_MLP_PAO_05_RCA\CL_MLP_PAO_RCA_PU,"{'dataset': 'CL_MLP_PAO_RCA_PU', 'workspace_factory': 'File Geodatabase', 'connection_info': {'database': '\\\\amssclgis08.ams.gmams.cl\\CL_MLP_PAO\\02_FGDB\\CL_MLP_PAO_v1.gdb'}}"
64,MLP SIG PAO LAYOUT OFFLINE v4,1,Puntos Kilometricos,Puntos Kilometricos\PK-NTSC,PK-NTSC,Puntos Kilometricos\PK-NTSC,False,False,True,\\amssclgis08.ams.gmams.cl\CL_MLP_PAO\02_FGDB\CL_MLP_PAO_v1.gdb\CL_MLP_PAO_05_RCA\CL_MLP_PAO_RCA_PU,"{'dataset': 'CL_MLP_PAO_RCA_PU', 'workspace_factory': 'File Geodatabase', 'connection_info': {'database': '\\\\amssclgis08.ams.gmams.cl\\CL_MLP_PAO\\02_FGDB\\CL_MLP_PAO_v1.gdb'}}"
67,MLP SIG PAO LAYOUT OFFLINE v4,2,Ajustes - RCA PAO\Obras Permanentes,Ajustes - RCA PAO\Obras Permanentes\1. Caminos PI,1. Caminos PI,Ajustes - RCA PAO\Obras Permanentes\1. Caminos PI,False,False,True,\\amssclgis08.ams.gmams.cl\CL_MLP_PAO\02_FGDB\CL_MLP_PAO_v1.gdb\CL_MLP_PAO_13_AJUSTES_RCA\CL_MLP_PAO_AJUSTES_RCA_PO,"{'dataset': 'CL_MLP_PAO_AJUSTES_RCA_PO', 'workspace_factory': 'File Geodatabase', 'connection_info': {'database': '\\\\amssclgis08.ams.gmams.cl\\CL_MLP_PAO\\02_FGDB\\CL_MLP_PAO_v1.gdb'}}"
69,MLP SIG PAO LAYOUT OFFLINE v4,3,Ajustes - RCA PAO\Obras Permanentes\2. Depositos Excedentes,Ajustes - RCA PAO\Obras Permanentes\2. Depositos Excedentes\Detalles Depósitos de Excedentes,Detalles Depósitos de Excedentes,Ajustes - RCA PAO\Obras Permanentes\2. Depositos Excedentes\Detalles Depósitos de Excedentes,False,False,True,\\amssclgis08.ams.gmams.cl\CL_MLP_PAO\02_FGDB\CL_MLP_PAO_v1.gdb\CL_MLP_PAO_13_AJUSTES_RCA\CL_MLP_PAO_AJUSTES_RCA_LI,"{'dataset': 'CL_MLP_PAO_AJUSTES_RCA_LI', 'workspace_factory': 'File Geodatabase', 'connection_info': {'database': '\\\\amssclgis08.ams.gmams.cl\\CL_MLP_PAO\\02_FGDB\\CL_MLP_PAO_v1.gdb'}}"
70,MLP SIG PAO LAYOUT OFFLINE v4,3,Ajustes - RCA PAO\Obras Permanentes\2. Depositos Excedentes,Ajustes - RCA PAO\Obras Permanentes\2. Depositos Excedentes\Áreas Depósitos de Excedentes,Áreas Depósitos de Excedentes,Ajustes - RCA PAO\Obras Permanentes\2. Depositos Excedentes\Áreas Depósitos de Excedentes,False,False,True,\\amssclgis08.ams.gmams.cl\CL_MLP_PAO\02_FGDB\CL_MLP_PAO_v1.gdb\CL_MLP_PAO_13_AJUSTES_RCA\CL_MLP_PAO_AJUSTES_RCA_PO,"{'dataset': 'CL_MLP_PAO_AJUSTES_RCA_PO', 'workspace_factory': 'File Geodatabase', 'connection_info': {'database': '\\\\amssclgis08.ams.gmams.cl\\CL_MLP_PAO\\02_FGDB\\CL_MLP_PAO_v1.gdb'}}"
72,MLP SIG PAO LAYOUT OFFLINE v4,3,Ajustes - RCA PAO\Obras Permanentes\3. LTE 33 kV,Ajustes - RCA PAO\Obras Permanentes\3. LTE 33 kV\Estructuras proyectadas completa LTE 33 kV,Estructuras proyectadas completa LTE 33 kV,Ajustes - RCA PAO\Obras Permanentes\3. LTE 33 kV\Estructuras proyectadas completa LTE 33 kV,False,False,True,\\amssclgis08.ams.gmams.cl\CL_MLP_PAO\02_FGDB\CL_MLP_PAO_v1.gdb\CL_MLP_PAO_13_AJUSTES_RCA\CL_MLP_PAO_AJUSTES_RCA_PU,"{'dataset': 'CL_MLP_PAO_AJUSTES_RCA_PU', 'workspace_factory': 'File Geodatabase', 'connection_info': {'database': '\\\\amssclgis08.ams.gmams.cl\\CL_MLP_PAO\\02_FGDB\\CL_MLP_PAO_v1.gdb'}}"
73,MLP SIG PAO LAYOUT OFFLINE v4,3,Ajustes - RCA PAO\Obras Permanentes\3. LTE 33 kV,Ajustes - RCA PAO\Obras Permanentes\3. LTE 33 kV\Detalles Estructuras LTE 33 kV V2,Detalles Estructuras LTE 33 kV V2,Ajustes - RCA PAO\Obras Permanentes\3. LTE 33 kV\Detalles Estructuras LTE 33 kV V2,False,False,True,\\amssclgis08.ams.gmams.cl\CL_MLP_PAO\02_FGDB\CL_MLP_PAO_v1.gdb\CL_MLP_PAO_13_AJUSTES_RCA\CL_MLP_PAO_AJUSTES_RCA_LI,"{'dataset': 'CL_MLP_PAO_AJUSTES_RCA_LI', 'workspace_factory': 'File Geodatabase', 'connection_info': {'database': '\\\\amssclgis08.ams.gmams.cl\\CL_MLP_PAO\\02_FGDB\\CL_MLP_PAO_v1.gdb'}}"
74,MLP SIG PAO LAYOUT OFFLINE v4,3,Ajustes - RCA PAO\Obras Permanentes\3. LTE 33 kV,Ajustes - RCA PAO\Obras Permanentes\3. LTE 33 kV\Accesos Estructuras LTE 33 kV,Accesos Estructuras LTE 33 kV,Ajustes - RCA PAO\Obras Permanentes\3. LTE 33 kV\Accesos Estructuras LTE 33 kV,False,False,True,\\amssclgis08.ams.gmams.cl\CL_MLP_PAO\02_FGDB\CL_MLP_PAO_v1.gdb\CL_MLP_PAO_13_AJUSTES_RCA\CL_MLP_PAO_AJUSTES_RCA_PO,"{'dataset': 'CL_MLP_PAO_AJUSTES_RCA_PO', 'workspace_factory': 'File Geodatabase', 'connection_info': {'database': '\\\\amssclgis08.ams.gmams.cl\\CL_MLP_PAO\\02_FGDB\\CL_MLP_PAO_v1.gdb'}}"
75,MLP SIG PAO LAYOUT OFFLINE v4,3,Ajustes - RCA PAO\Obras Permanentes\3. LTE 33 kV,Ajustes - RCA PAO\Obras Permanentes\3. LTE 33 kV\Estructuras LTE 33 kV V2,Estructuras LTE 33 kV V2,Ajustes - RCA PAO\Obras Permanentes\3. LTE 33 kV\Estructuras LTE 33 kV V2,False,False,True,\\amssclgis08.ams.gmams.cl\CL_MLP_PAO\02_FGDB\CL_MLP_PAO_v1.gdb\CL_MLP_PAO_13_AJUSTES_RCA\CL_MLP_PAO_AJUSTES_RCA_PO,"{'dataset': 'CL_MLP_PAO_AJUSTES_RCA_PO', 'workspace_factory': 'File Geodatabase', 'connection_info': {'database': '\\\\amssclgis08.ams.gmams.cl\\CL_MLP_PAO\\02_FGDB\\CL_MLP_PAO_v1.gdb'}}"
76,MLP SIG PAO LAYOUT OFFLINE v4,3,Ajustes - RCA PAO\Obras Permanentes\3. LTE 33 kV,Ajustes - RCA PAO\Obras Permanentes\3. LTE 33 kV\Accesos Estructuras LTE 33 kV_OLD,Accesos Estructuras LTE 33 kV_OLD,Ajustes - RCA PAO\Obras Permanentes\3. LTE 33 kV\Accesos Estructuras LTE 33 kV_OLD,False,False,True,\\amssclgis08.ams.gmams.cl\CL_MLP_PAO\02_FGDB\CL_MLP_PAO_v1.gdb\CL_MLP_PAO_13_AJUSTES_RCA\CL_MLP_PAO_AJUSTES_RCA_PU,"{'dataset': 'CL_MLP_PAO_AJUSTES_RCA_PU', 'workspace_factory': 'File Geodatabase', 'connection_info': {'database': '\\\\amssclgis08.ams.gmams.cl\\CL_MLP_PAO\\02_FGDB\\CL_MLP_PAO_v1.gdb'}}"
77,MLP SIG PAO LAYOUT OFFLINE v4,3,Ajustes - RCA PAO\Obras Permanentes\3. LTE 33 kV,Ajustes - RCA PAO\Obras Permanentes\3. LTE 33 kV\Senderos LTE 33 kV,Senderos LTE 33 kV,Ajustes - RCA PAO\Obras Permanentes\3. LTE 33 kV\Senderos LTE 33 kV,False,False,True,\\amssclgis08.ams.gmams.cl\CL_MLP_PAO\02_FGDB\CL_MLP_PAO_v1.gdb\CL_MLP_PAO_13_AJUSTES_RCA\CL_MLP_PAO_AJUSTES_RCA_LI,"{'dataset': 'CL_MLP_PAO_AJUSTES_RCA_LI', 'workspace_factory': 'File Geodatabase', 'connection_info': {'database': '\\\\amssclgis08.ams.gmams.cl\\CL_MLP_PAO\\02_FGDB\\CL_MLP_PAO_v1.gdb'}}"
81,MLP SIG PAO LAYOUT OFFLINE v4,5,Ajustes - RCA PAO\Obras Permanentes\4. NSTC\Ingeniería\Cambios de Trazado,Ajustes - RCA PAO\Obras Permanentes\4. NSTC\Ingeniería\Cambios de Trazado\Adecuacion NSTC - SRA-II,Adecuacion NSTC - SRA-II,Ajustes - RCA PAO\Obras Permanentes\4. NSTC\Ingeniería\Cambios de Trazado\Adecuacion NSTC - SRA-II,False,False,True,\\amssclgis08.ams.gmams.cl\CL_MLP_PAO\02_FGDB\CL_MLP_PAO_v1.gdb\CL_MLP_PAO_13_AJUSTES_RCA\CL_MLP_PAO_AJUSTES_RCA_LI,"{'dataset': 'CL_MLP_PAO_AJUSTES_RCA_LI', 'workspace_factory': 'File Geodatabase', 'connection_info': {'database': '\\\\amssclgis08.ams.gmams.cl\\CL_MLP_PAO\\02_FGDB\\CL_MLP_PAO_v1.gdb'}}"
83,MLP SIG PAO LAYOUT OFFLINE v4,5,Ajustes - RCA PAO\Obras Permanentes\4. NSTC\Ingeniería\Ajustes de Estaciones,Ajustes - RCA PAO\Obras Permanentes\4. NSTC\Ingeniería\Ajustes de Estaciones\Estación de Cabecera de Bombeo EC,Estación de Cabecera de Bombeo EC,Ajustes - RCA PAO\Obras Permanentes\4. NSTC\Ingeniería\Ajustes de Estaciones\Estación de Cabecera de Bombeo EC,False,False,True,\\amssclgis08.ams.gmams.cl\CL_MLP_PAO\02_FGDB\CL_MLP_PAO_v1.gdb\CL_MLP_PAO_13_AJUSTES_RCA\CL_MLP_PAO_AJUSTES_RCA_LI,"{'dataset': 'CL_MLP_PAO_AJUSTES_RCA_LI', 'workspace_factory': 'File Geodatabase', 'connection_info': {'database': '\\\\amssclgis08.ams.gmams.cl\\CL_MLP_PAO\\02_FGDB\\CL_MLP_PAO_v1.gdb'}}"
85,MLP SIG PAO LAYOUT OFFLINE v4,6,Ajustes - RCA PAO\Obras Permanentes\4. NSTC\Ingeniería\Ajustes de Estaciones\Estación de Drenaje ED1,Ajustes - RCA PAO\Obras Permanentes\4. NSTC\Ingeniería\Ajustes de Estaciones\Estación de Drenaje ED1\Detalle ED1,Detalle ED1,Ajustes - RCA PAO\Obras Permanentes\4. NSTC\Ingeniería\Ajustes de Estaciones\Estación de Drenaje ED1\Detalle ED1,False,False,True,\\amssclgis08.ams.gmams.cl\CL_MLP_PAO\02_FGDB\CL_MLP_PAO_v1.gdb\CL_MLP_PAO_13_AJUSTES_RCA\CL_MLP_PAO_AJUSTES_RCA_LI,"{'dataset': 'CL_MLP_PAO_AJUSTES_RCA_LI', 'workspace_factory': 'File Geodatabase', 'connection_info': {'database': '\\\\amssclgis08.ams.gmams.cl\\CL_MLP_PAO\\02_FGDB\\CL_MLP_PAO_v1.gdb'}}"
86,MLP SIG PAO LAYOUT OFFLINE v4,6,Ajustes - RCA PAO\Obras Permanentes\4. NSTC\Ingeniería\Ajustes de Estaciones\Estación de Drenaje ED1,Ajustes - RCA PAO\Obras Permanentes\4. NSTC\Ingeniería\Ajustes de Estaciones\Estación de Drenaje ED1\Obras Nuevas ED1,Obras Nuevas ED1,Ajustes - RCA PAO\Obras Permanentes\4. NSTC\Ingeniería\Ajustes de Estaciones\Estación de Drenaje ED1\Obras Nuevas ED1,False,False,True,\\amssclgis08.ams.gmams.cl\CL_MLP_PAO\02_FGDB\CL_MLP_PAO_v1.gdb\CL_MLP_PAO_13_AJUSTES_RCA\CL_MLP_PAO_AJUSTES_RCA_PO,"{'dataset': 'CL_MLP_PAO_AJUSTES_RCA_PO', 'workspace_factory': 'File Geodatabase', 'connection_info': {'database': '\\\\amssclgis08.ams.gmams.cl\\CL_MLP_PAO\\02_FGDB\\CL_MLP_PAO_v1.gdb'}}"
88,MLP SIG PAO LAYOUT OFFLINE v4,6,Ajustes - RCA PAO\Obras Permanentes\4. NSTC\Ingeniería\Ajustes de Estaciones\Estación de Drenaje ED2,Ajustes - RCA PAO\Obras Permanentes\4. NSTC\Ingeniería\Ajustes de Estaciones\Estación de Drenaje ED2\Detalle ED2,Detalle ED2,Ajustes - RCA PAO\Obras Permanentes\4. NSTC\Ingeniería\Ajustes de Estaciones\Estación de Drenaje ED2\Detalle ED2,False,False,True,\\amssclgis08.ams.gmams.cl\CL_MLP_PAO\02_FGDB\CL_MLP_PAO_v1.gdb\CL_MLP_PAO_13_AJUSTES_RCA\CL_MLP_PAO_AJUSTES_RCA_LI,"{'dataset': 'CL_MLP_PAO_AJUSTES_RCA_LI', 'workspace_factory': 'File Geodatabase', 'connection_info': {'database': '\\\\amssclgis08.ams.gmams.cl\\CL_MLP_PAO\\02_FGDB\\CL_MLP_PAO_v1.gdb'}}"
89,MLP SIG PAO LAYOUT OFFLINE v4,6,Ajustes - RCA PAO\Obras Permanentes\4. NSTC\Ingeniería\Ajustes de Estaciones\Estación de Drenaje ED2,Ajustes - RCA PAO\Obras Permanentes\4. NSTC\Ingeniería\Ajustes de Estaciones\Estación de Drenaje ED2\Obras Nuevas ED2,Obras Nuevas ED2,Ajustes - RCA PAO\Obras Permanentes\4. NSTC\Ingeniería\Ajustes de Estaciones\Estación de Drenaje ED2\Obras Nuevas ED2,False,False,True,\\amssclgis08.ams.gmams.cl\CL_MLP_PAO\02_FGDB\CL_MLP_PAO_v1.gdb\CL_MLP_PAO_13_AJUSTES_RCA\CL_MLP_PAO_AJUSTES_RCA_PO,"{'dataset': 'CL_MLP_PAO_AJUSTES_RCA_PO', 'workspace_factory': 'File Geodatabase', 'connection_info': {'database': '\\\\amssclgis08.ams.gmams.cl\\CL_MLP_PAO\\02_FGDB\\CL_MLP_PAO_v1.gdb'}}"
91,MLP SIG PAO LAYOUT OFFLINE v4,6,Ajustes - RCA PAO\Obras Permanentes\4. NSTC\Ingeniería\Ajustes de Estaciones\EM1,Ajustes - RCA PAO\Obras Permanentes\4. NSTC\Ingeniería\Ajustes de Estaciones\EM1\Detalle EM1,Detalle EM1,Ajustes - RCA PAO\Obras Permanentes\4. NSTC\Ingeniería\Ajustes de Estaciones\EM1\Detalle EM1,False,False,True,\\amssclgis08.ams.gmams.cl\CL_MLP_PAO\02_FGDB\CL_MLP_PAO_v1.gdb\CL_MLP_PAO_13_AJUSTES_RCA\CL_MLP_PAO_AJUSTES_RCA_LI,"{'dataset': 'CL_MLP_PAO_AJUSTES_RCA_LI', 'workspace_factory': 'File Geodatabase', 'connection_info': {'database': '\\\\amssclgis08.ams.gmams.cl\\CL_MLP_PAO\\02_FGDB\\CL_MLP_PAO_v1.gdb'}}"
92,MLP SIG PAO LAYOUT OFFLINE v4,6,Ajustes - RCA PAO\Obras Permanentes\4. NSTC\Ingeniería\Ajustes de Estaciones\EM1,Ajustes - RCA PAO\Obras Permanentes\4. NSTC\Ingeniería\Ajustes de Estaciones\EM1\Obras Nuevas EM1,Obras Nuevas EM1,Ajustes - RCA PAO\Obras Permanentes\4. NSTC\Ingeniería\Ajustes de Estaciones\EM1\Obras Nuevas EM1,False,False,True,\\amssclgis08.ams.gmams.cl\CL_MLP_PAO\02_FGDB\CL_MLP_PAO_v1.gdb\CL_MLP_PAO_13_AJUSTES_RCA\CL_MLP_PAO_AJUSTES_RCA_PO,"{'dataset': 'CL_MLP_PAO_AJUSTES_RCA_PO', 'workspace_factory': 'File Geodatabase', 'connection_info': {'database': '\\\\amssclgis08.ams.gmams.cl\\CL_MLP_PAO\\02_FGDB\\CL_MLP_PAO_v1.gdb'}}"
94,MLP SIG PAO LAYOUT OFFLINE v4,6,Ajustes - RCA PAO\Obras Permanentes\4. NSTC\Ingeniería\Ajustes de Estaciones\EM2,Ajustes - RCA PAO\Obras Permanentes\4. NSTC\Ingeniería\Ajustes de Estaciones\EM2\Detalle EM2,Detalle EM2,Ajustes - RCA PAO\Obras Permanentes\4. NSTC\Ingeniería\Ajustes de Estaciones\EM2\Detalle EM2,False,False,True,\\amssclgis08.ams.gmams.cl\CL_MLP_PAO\02_FGDB\CL_MLP_PAO_v1.gdb\CL_MLP_PAO_13_AJUSTES_RCA\CL_MLP_PAO_AJUSTES_RCA_LI,"{'dataset': 'CL_MLP_PAO_AJUSTES_RCA_LI', 'workspace_factory': 'File Geodatabase', 'connection_info': {'database': '\\\\amssclgis08.ams.gmams.cl\\CL_MLP_PAO\\02_FGDB\\CL_MLP_PAO_v1.gdb'}}"
96,MLP SIG PAO LAYOUT OFFLINE v4,6,Ajustes - RCA PAO\Obras Permanentes\4. NSTC\Ingeniería\Ajustes de Estaciones\EM3,Ajustes - RCA PAO\Obras Permanentes\4. NSTC\Ingeniería\Ajustes de Estaciones\EM3\Detalle EM3,Detalle EM3,Ajustes - RCA PAO\Obras Permanentes\4. NSTC\Ingeniería\Ajustes de Estaciones\EM3\Detalle EM3,False,False,True,\\amssclgis08.ams.gmams.cl\CL_MLP_PAO\02_FGDB\CL_MLP_PAO_v1.gdb\CL_MLP_PAO_13_AJUSTES_RCA\CL_MLP_PAO_AJUSTES_RCA_LI,"{'dataset': 'CL_MLP_PAO_AJUSTES_RCA_LI', 'workspace_factory': 'File Geodatabase', 'connection_info': {'database': '\\\\amssclgis08.ams.gmams.cl\\CL_MLP_PAO\\02_FGDB\\CL_MLP_PAO_v1.gdb'}}"
98,MLP SIG PAO LAYOUT OFFLINE v4,6,Ajustes - RCA PAO\Obras Permanentes\4. NSTC\Ingeniería\Ajustes de Estaciones\EM4,Ajustes - RCA PAO\Obras Permanentes\4. NSTC\Ingeniería\Ajustes de Estaciones\EM4\Obras Nuevas EM4,Obras Nuevas EM4,Ajustes - RCA PAO\Obras Permanentes\4. NSTC\Ingeniería\Ajustes de Estaciones\EM4\Obras Nuevas EM4,False,False,True,\\amssclgis08.ams.gmams.cl\CL_MLP_PAO\02_FGDB\CL_MLP_PAO_v1.gdb\CL_MLP_PAO_13_AJUSTES_RCA\CL_MLP_PAO_AJUSTES_RCA_PO,"{'dataset': 'CL_MLP_PAO_AJUSTES_RCA_PO', 'workspace_factory': 'File Geodatabase', 'connection_info': {'database': '\\\\amssclgis08.ams.gmams.cl\\CL_MLP_PAO\\02_FGDB\\CL_MLP_PAO_v1.gdb'}}"
100,MLP SIG PAO LAYOUT OFFLINE v4,6,Ajustes - RCA PAO\Obras Permanentes\4. NSTC\Ingeniería\Ajustes de Estaciones\EV1,Ajustes - RCA PAO\Obras Permanentes\4. NSTC\Ingeniería\Ajustes de Estaciones\EV1\Detalle EV1,Detalle EV1,Ajustes - RCA PAO\Obras Permanentes\4. NSTC\Ingeniería\Ajustes de Estaciones\EV1\Detalle EV1,False,False,True,\\amssclgis08.ams.gmams.cl\CL_MLP_PAO\02_FGDB\CL_MLP_PAO_v1.gdb\CL_MLP_PAO_13_AJUSTES_RCA\CL_MLP_PAO_AJUSTES_RCA_LI,"{'dataset': 'CL_MLP_PAO_AJUSTES_RCA_LI', 'workspace_factory': 'File Geodatabase', 'connection_info': {'database': '\\\\amssclgis08.ams.gmams.cl\\CL_MLP_PAO\\02_FGDB\\CL_MLP_PAO_v1.gdb'}}"
102,MLP SIG PAO LAYOUT OFFLINE v4,6,Ajustes - RCA PAO\Obras Permanentes\4. NSTC\Ingeniería\Ajustes de Estaciones\EV2,Ajustes - RCA PAO\Obras Permanentes\4. NSTC\Ingeniería\Ajustes de Estaciones\EV2\Detalle EV2,Detalle EV2,Ajustes - RCA PAO\Obras Permanentes\4. NSTC\Ingeniería\Ajustes de Estaciones\EV2\Detalle EV2,False,False,True,\\amssclgis08.ams.gmams.cl\CL_MLP_PAO\02_FGDB\CL_MLP_PAO_v1.gdb\CL_MLP_PAO_13_AJUSTES_RCA\CL_MLP_PAO_AJUSTES_RCA_LI,"{'dataset': 'CL_MLP_PAO_AJUSTES_RCA_LI', 'workspace_factory': 'File Geodatabase', 'connection_info': {'database': '\\\\amssclgis08.ams.gmams.cl\\CL_MLP_PAO\\02_FGDB\\CL_MLP_PAO_v1.gdb'}}"
103,MLP SIG PAO LAYOUT OFFLINE v4,6,Ajustes - RCA PAO\Obras Permanentes\4. NSTC\Ingeniería\Ajustes de Estaciones\EV2,Ajustes - RCA PAO\Obras Permanentes\4. NSTC\Ingeniería\Ajustes de Estaciones\EV2\Obras Nuevas EV2,Obras Nuevas EV2,Ajustes - RCA PAO\Obras Permanentes\4. NSTC\Ingeniería\Ajustes de Estaciones\EV2\Obras Nuevas EV2,False,False,True,\\amssclgis08.ams.gmams.cl\CL_MLP_PAO\02_FGDB\CL_MLP_PAO_v1.gdb\CL_MLP_PAO_13_AJUSTES_RCA\CL_MLP_PAO_AJUSTES_RCA_PO,"{'dataset': 'CL_MLP_PAO_AJUSTES_RCA_PO', 'workspace_factory': 'File Geodatabase', 'connection_info': {'database': '\\\\amssclgis08.ams.gmams.cl\\CL_MLP_PAO\\02_FGDB\\CL_MLP_PAO_v1.gdb'}}"
105,MLP SIG PAO LAYOUT OFFLINE v4,3,Ajustes - RCA PAO\Obras Permanentes\5. SRA II y SIAD,Ajustes - RCA PAO\Obras Permanentes\5. SRA II y SIAD\BYPASS SIAD INCO 05 24,BYPASS SIAD INCO 05 24,Ajustes - RCA PAO\Obras Permanentes\5. SRA II y SIAD\BYPASS SIAD INCO 05 24,False,False,True,\\amssclgis08.ams.gmams.cl\CL_MLP_PAO\02_FGDB\CL_MLP_PAO_v1.gdb\CL_MLP_PAO_13_AJUSTES_RCA\CL_MLP_PAO_AJUSTES_RCA_LI,"{'dataset': 'CL_MLP_PAO_AJUSTES_RCA_LI', 'workspace_factory': 'File Geodatabase', 'connection_info': {'database': '\\\\amssclgis08.ams.gmams.cl\\CL_MLP_PAO\\02_FGDB\\CL_MLP_PAO_v1.gdb'}}"
107,MLP SIG PAO LAYOUT OFFLINE v4,4,Ajustes - RCA PAO\Obras Permanentes\5. SRA II y SIAD\Cambios Trazado SRA II act,Ajustes - RCA PAO\Obras Permanentes\5. SRA II y SIAD\Cambios Trazado SRA II act\Obras TK 100 Ingeniería,Obras TK 100 Ingeniería,Ajustes - RCA PAO\Obras Permanentes\5. SRA II y SIAD\Cambios Trazado SRA II act\Obras TK 100 Ingeniería,False,False,True,\\amssclgis08.ams.gmams.cl\CL_MLP_PAO\02_FGDB\CL_MLP_PAO_v1.gdb\CL_MLP_PAO_13_AJUSTES_RCA\CL_MLP_PAO_AJUSTES_RCA_LI,"{'dataset': 'CL_MLP_PAO_AJUSTES_RCA_LI', 'workspace_factory': 'File Geodatabase', 'connection_info': {'database': '\\\\amssclgis08.ams.gmams.cl\\CL_MLP_PAO\\02_FGDB\\CL_MLP_PAO_v1.gdb'}}"
108,MLP SIG PAO LAYOUT OFFLINE v4,4,Ajustes - RCA PAO\Obras Permanentes\5. SRA II y SIAD\Cambios Trazado SRA II act,Ajustes - RCA PAO\Obras Permanentes\5. SRA II y SIAD\Cambios Trazado SRA II act\Sector Quillayes,Sector Quillayes,Ajustes - RCA PAO\Obras Permanentes\5. SRA II y SIAD\Cambios Trazado SRA II act\Sector Quillayes,False,False,True,\\amssclgis08.ams.gmams.cl\CL_MLP_PAO\02_FGDB\CL_MLP_PAO_v1.gdb\CL_MLP_PAO_13_AJUSTES_RCA\CL_MLP_PAO_AJUSTES_RCA_LI,"{'dataset': 'CL_MLP_PAO_AJUSTES_RCA_LI', 'workspace_factory': 'File Geodatabase', 'connection_info': {'database': '\\\\amssclgis08.ams.gmams.cl\\CL_MLP_PAO\\02_FGDB\\CL_MLP_PAO_v1.gdb'}}"
109,MLP SIG PAO LAYOUT OFFLINE v4,4,Ajustes - RCA PAO\Obras Permanentes\5. SRA II y SIAD\Cambios Trazado SRA II act,Ajustes - RCA PAO\Obras Permanentes\5. SRA II y SIAD\Cambios Trazado SRA II act\Sector EM1,Sector EM1,Ajustes - RCA PAO\Obras Permanentes\5. SRA II y SIAD\Cambios Trazado SRA II act\Sector EM1,False,False,True,\\amssclgis08.ams.gmams.cl\CL_MLP_PAO\02_FGDB\CL_MLP_PAO_v1.gdb\CL_MLP_PAO_13_AJUSTES_RCA\CL_MLP_PAO_AJUSTES_RCA_LI,"{'dataset': 'CL_MLP_PAO_AJUSTES_RCA_LI', 'workspace_factory': 'File Geodatabase', 'connection_info': {'database': '\\\\amssclgis08.ams.gmams.cl\\CL_MLP_PAO\\02_FGDB\\CL_MLP_PAO_v1.gdb'}}"
110,MLP SIG PAO LAYOUT OFFLINE v4,4,Ajustes - RCA PAO\Obras Permanentes\5. SRA II y SIAD\Cambios Trazado SRA II act,Ajustes - RCA PAO\Obras Permanentes\5. SRA II y SIAD\Cambios Trazado SRA II act\Planta concentradora,Planta concentradora,Ajustes - RCA PAO\Obras Permanentes\5. SRA II y SIAD\Cambios Trazado SRA II act\Planta concentradora,False,False,True,\\amssclgis08.ams.gmams.cl\CL_MLP_PAO\02_FGDB\CL_MLP_PAO_v1.gdb\CL_MLP_PAO_13_AJUSTES_RCA\CL_MLP_PAO_AJUSTES_RCA_LI,"{'dataset': 'CL_MLP_PAO_AJUSTES_RCA_LI', 'workspace_factory': 'File Geodatabase', 'connection_info': {'database': '\\\\amssclgis08.ams.gmams.cl\\CL_MLP_PAO\\02_FGDB\\CL_MLP_PAO_v1.gdb'}}"
111,MLP SIG PAO LAYOUT OFFLINE v4,4,Ajustes - RCA PAO\Obras Permanentes\5. SRA II y SIAD\Cambios Trazado SRA II act,Ajustes - RCA PAO\Obras Permanentes\5. SRA II y SIAD\Cambios Trazado SRA II act\Bajo Camisas (11+600 a 12+050),Bajo Camisas (11+600 a 12+050),Ajustes - RCA PAO\Obras Permanentes\5. SRA II y SIAD\Cambios Trazado SRA II act\Bajo Camisas (11+600 a 12+050),False,False,True,\\amssclgis08.ams.gmams.cl\CL_MLP_PAO\02_FGDB\CL_MLP_PAO_v1.gdb\CL_MLP_PAO_13_AJUSTES_RCA\CL_MLP_PAO_AJUSTES_RCA_LI,"{'dataset': 'CL_MLP_PAO_AJUSTES_RCA_LI', 'workspace_factory': 'File Geodatabase', 'connection_info': {'database': '\\\\amssclgis08.ams.gmams.cl\\CL_MLP_PAO\\02_FGDB\\CL_MLP_PAO_v1.gdb'}}"
112,MLP SIG PAO LAYOUT OFFLINE v4,3,Ajustes - RCA PAO\Obras Permanentes\5. SRA II y SIAD,Ajustes - RCA PAO\Obras Permanentes\5. SRA II y SIAD\Drenaje SRA-II,Drenaje SRA-II,Ajustes - RCA PAO\Obras Permanentes\5. SRA II y SIAD\Drenaje SRA-II,False,False,True,\\amssclgis08.ams.gmams.cl\CL_MLP_PAO\02_FGDB\CL_MLP_PAO_v1.gdb\CL_MLP_PAO_13_AJUSTES_RCA\CL_MLP_PAO_AJUSTES_RCA_LI,"{'dataset': 'CL_MLP_PAO_AJUSTES_RCA_LI', 'workspace_factory': 'File Geodatabase', 'connection_info': {'database': '\\\\amssclgis08.ams.gmams.cl\\CL_MLP_PAO\\02_FGDB\\CL_MLP_PAO_v1.gdb'}}"
113,MLP SIG PAO LAYOUT OFFLINE v4,3,Ajustes - RCA PAO\Obras Permanentes\5. SRA II y SIAD,Ajustes - RCA PAO\Obras Permanentes\5. SRA II y SIAD\Detalle EB2,Detalle EB2,Ajustes - RCA PAO\Obras Permanentes\5. SRA II y SIAD\Detalle EB2,False,False,True,\\amssclgis08.ams.gmams.cl\CL_MLP_PAO\02_FGDB\CL_MLP_PAO_v1.gdb\CL_MLP_PAO_13_AJUSTES_RCA\CL_MLP_PAO_AJUSTES_RCA_LI,"{'dataset': 'CL_MLP_PAO_AJUSTES_RCA_LI', 'workspace_factory': 'File Geodatabase', 'connection_info': {'database': '\\\\amssclgis08.ams.gmams.cl\\CL_MLP_PAO\\02_FGDB\\CL_MLP_PAO_v1.gdb'}}"
114,MLP SIG PAO LAYOUT OFFLINE v4,3,Ajustes - RCA PAO\Obras Permanentes\5. SRA II y SIAD,Ajustes - RCA PAO\Obras Permanentes\5. SRA II y SIAD\Detalle EB3,Detalle EB3,Ajustes - RCA PAO\Obras Permanentes\5. SRA II y SIAD\Detalle EB3,False,False,True,\\amssclgis08.ams.gmams.cl\CL_MLP_PAO\02_FGDB\CL_MLP_PAO_v1.gdb\CL_MLP_PAO_13_AJUSTES_RCA\CL_MLP_PAO_AJUSTES_RCA_LI,"{'dataset': 'CL_MLP_PAO_AJUSTES_RCA_LI', 'workspace_factory': 'File Geodatabase', 'connection_info': {'database': '\\\\amssclgis08.ams.gmams.cl\\CL_MLP_PAO\\02_FGDB\\CL_MLP_PAO_v1.gdb'}}"
115,MLP SIG PAO LAYOUT OFFLINE v4,3,Ajustes - RCA PAO\Obras Permanentes\5. SRA II y SIAD,Ajustes - RCA PAO\Obras Permanentes\5. SRA II y SIAD\Detalle ER1,Detalle ER1,Ajustes - RCA PAO\Obras Permanentes\5. SRA II y SIAD\Detalle ER1,False,False,True,\\amssclgis08.ams.gmams.cl\CL_MLP_PAO\02_FGDB\CL_MLP_PAO_v1.gdb\CL_MLP_PAO_13_AJUSTES_RCA\CL_MLP_PAO_AJUSTES_RCA_LI,"{'dataset': 'CL_MLP_PAO_AJUSTES_RCA_LI', 'workspace_factory': 'File Geodatabase', 'connection_info': {'database': '\\\\amssclgis08.ams.gmams.cl\\CL_MLP_PAO\\02_FGDB\\CL_MLP_PAO_v1.gdb'}}"
116,MLP SIG PAO LAYOUT OFFLINE v4,3,Ajustes - RCA PAO\Obras Permanentes\5. SRA II y SIAD,Ajustes - RCA PAO\Obras Permanentes\5. SRA II y SIAD\Conexión ER1-EB3,Conexión ER1-EB3,Ajustes - RCA PAO\Obras Permanentes\5. SRA II y SIAD\Conexión ER1-EB3,False,False,True,\\amssclgis08.ams.gmams.cl\CL_MLP_PAO\02_FGDB\CL_MLP_PAO_v1.gdb\CL_MLP_PAO_13_AJUSTES_RCA\CL_MLP_PAO_AJUSTES_RCA_LI,"{'dataset': 'CL_MLP_PAO_AJUSTES_RCA_LI', 'workspace_factory': 'File Geodatabase', 'connection_info': {'database': '\\\\amssclgis08.ams.gmams.cl\\CL_MLP_PAO\\02_FGDB\\CL_MLP_PAO_v1.gdb'}}"
119,MLP SIG PAO LAYOUT OFFLINE v4,4,Ajustes - RCA PAO\Obras Permanentes\6. LTE 23 kV\1. EM1,Ajustes - RCA PAO\Obras Permanentes\6. LTE 23 kV\1. EM1\Postes,Postes,Ajustes - RCA PAO\Obras Permanentes\6. LTE 23 kV\1. EM1\Postes,False,False,True,\\amssclgis08.ams.gmams.cl\CL_MLP_PAO\02_FGDB\CL_MLP_PAO_v1.gdb\CL_MLP_PAO_13_AJUSTES_RCA\CL_MLP_PAO_AJUSTES_RCA_PU,"{'dataset': 'CL_MLP_PAO_AJUSTES_RCA_PU', 'workspace_factory': 'File Geodatabase', 'connection_info': {'database': '\\\\amssclgis08.ams.gmams.cl\\CL_MLP_PAO\\02_FGDB\\CL_MLP_PAO_v1.gdb'}}"
120,MLP SIG PAO LAYOUT OFFLINE v4,4,Ajustes - RCA PAO\Obras Permanentes\6. LTE 23 kV\1. EM1,Ajustes - RCA PAO\Obras Permanentes\6. LTE 23 kV\1. EM1\Líneas Electricas,Líneas Electricas,Ajustes - RCA PAO\Obras Permanentes\6. LTE 23 kV\1. EM1\Líneas Electricas,False,False,True,\\amssclgis08.ams.gmams.cl\CL_MLP_PAO\02_FGDB\CL_MLP_PAO_v1.gdb\CL_MLP_PAO_13_AJUSTES_RCA\CL_MLP_PAO_AJUSTES_RCA_LI,"{'dataset': 'CL_MLP_PAO_AJUSTES_RCA_LI', 'workspace_factory': 'File Geodatabase', 'connection_info': {'database': '\\\\amssclgis08.ams.gmams.cl\\CL_MLP_PAO\\02_FGDB\\CL_MLP_PAO_v1.gdb'}}"
122,MLP SIG PAO LAYOUT OFFLINE v4,4,Ajustes - RCA PAO\Obras Permanentes\6. LTE 23 kV\2. EM2,Ajustes - RCA PAO\Obras Permanentes\6. LTE 23 kV\2. EM2\Postes,Postes,Ajustes - RCA PAO\Obras Permanentes\6. LTE 23 kV\2. EM2\Postes,False,False,True,\\amssclgis08.ams.gmams.cl\CL_MLP_PAO\02_FGDB\CL_MLP_PAO_v1.gdb\CL_MLP_PAO_13_AJUSTES_RCA\CL_MLP_PAO_AJUSTES_RCA_PU,"{'dataset': 'CL_MLP_PAO_AJUSTES_RCA_PU', 'workspace_factory': 'File Geodatabase', 'connection_info': {'database': '\\\\amssclgis08.ams.gmams.cl\\CL_MLP_PAO\\02_FGDB\\CL_MLP_PAO_v1.gdb'}}"
123,MLP SIG PAO LAYOUT OFFLINE v4,4,Ajustes - RCA PAO\Obras Permanentes\6. LTE 23 kV\2. EM2,Ajustes - RCA PAO\Obras Permanentes\6. LTE 23 kV\2. EM2\Líneas Electricas,Líneas Electricas,Ajustes - RCA PAO\Obras Permanentes\6. LTE 23 kV\2. EM2\Líneas Electricas,False,False,True,\\amssclgis08.ams.gmams.cl\CL_MLP_PAO\02_FGDB\CL_MLP_PAO_v1.gdb\CL_MLP_PAO_13_AJUSTES_RCA\CL_MLP_PAO_AJUSTES_RCA_LI,"{'dataset': 'CL_MLP_PAO_AJUSTES_RCA_LI', 'workspace_factory': 'File Geodatabase', 'connection_info': {'database': '\\\\amssclgis08.ams.gmams.cl\\CL_MLP_PAO\\02_FGDB\\CL_MLP_PAO_v1.gdb'}}"
124,MLP SIG PAO LAYOUT OFFLINE v4,4,Ajustes - RCA PAO\Obras Permanentes\6. LTE 23 kV\2. EM2,Ajustes - RCA PAO\Obras Permanentes\6. LTE 23 kV\2. EM2\Caminos de Acceso,Caminos de Acceso,Ajustes - RCA PAO\Obras Permanentes\6. LTE 23 kV\2. EM2\Caminos de Acceso,False,False,True,\\amssclgis08.ams.gmams.cl\CL_MLP_PAO\02_FGDB\CL_MLP_PAO_v1.gdb\CL_MLP_PAO_13_AJUSTES_RCA\CL_MLP_PAO_AJUSTES_RCA_PO,"{'dataset': 'CL_MLP_PAO_AJUSTES_RCA_PO', 'workspace_factory': 'File Geodatabase', 'connection_info': {'database': '\\\\amssclgis08.ams.gmams.cl\\CL_MLP_PAO\\02_FGDB\\CL_MLP_PAO_v1.gdb'}}"
126,MLP SIG PAO LAYOUT OFFLINE v4,4,Ajustes - RCA PAO\Obras Permanentes\6. LTE 23 kV\3. EM4,Ajustes - RCA PAO\Obras Permanentes\6. LTE 23 kV\3. EM4\Postes,Postes,Ajustes - RCA PAO\Obras Permanentes\6. LTE 23 kV\3. EM4\Postes,False,False,True,\\amssclgis08.ams.gmams.cl\CL_MLP_PAO\02_FGDB\CL_MLP_PAO_v1.gdb\CL_MLP_PAO_13_AJUSTES_RCA\CL_MLP_PAO_AJUSTES_RCA_PU,"{'dataset': 'CL_MLP_PAO_AJUSTES_RCA_PU', 'workspace_factory': 'File Geodatabase', 'connection_info': {'database': '\\\\amssclgis08.ams.gmams.cl\\CL_MLP_PAO\\02_FGDB\\CL_MLP_PAO_v1.gdb'}}"
127,MLP SIG PAO LAYOUT OFFLINE v4,4,Ajustes - RCA PAO\Obras Permanentes\6. LTE 23 kV\3. EM4,Ajustes - RCA PAO\Obras Permanentes\6. LTE 23 kV\3. EM4\Líneas Electricas,Líneas Electricas,Ajustes - RCA PAO\Obras Permanentes\6. LTE 23 kV\3. EM4\Líneas Electricas,False,False,True,\\amssclgis08.ams.gmams.cl\CL_MLP_PAO\02_FGDB\CL_MLP_PAO_v1.gdb\CL_MLP_PAO_13_AJUSTES_RCA\CL_MLP_PAO_AJUSTES_RCA_LI,"{'dataset': 'CL_MLP_PAO_AJUSTES_RCA_LI', 'workspace_factory': 'File Geodatabase', 'connection_info': {'database': '\\\\amssclgis08.ams.gmams.cl\\CL_MLP_PAO\\02_FGDB\\CL_MLP_PAO_v1.gdb'}}"
129,MLP SIG PAO LAYOUT OFFLINE v4,4,Ajustes - RCA PAO\Obras Permanentes\6. LTE 23 kV\4. ED1,Ajustes - RCA PAO\Obras Permanentes\6. LTE 23 kV\4. ED1\Postes,Postes,Ajustes - RCA PAO\Obras Permanentes\6. LTE 23 kV\4. ED1\Postes,False,False,True,\\amssclgis08.ams.gmams.cl\CL_MLP_PAO\02_FGDB\CL_MLP_PAO_v1.gdb\CL_MLP_PAO_13_AJUSTES_RCA\CL_MLP_PAO_AJUSTES_RCA_PU,"{'dataset': 'CL_MLP_PAO_AJUSTES_RCA_PU', 'workspace_factory': 'File Geodatabase', 'connection_info': {'database': '\\\\amssclgis08.ams.gmams.cl\\CL_MLP_PAO\\02_FGDB\\CL_MLP_PAO_v1.gdb'}}"
130,MLP SIG PAO LAYOUT OFFLINE v4,4,Ajustes - RCA PAO\Obras Permanentes\6. LTE 23 kV\4. ED1,Ajustes - RCA PAO\Obras Permanentes\6. LTE 23 kV\4. ED1\Líneas Electricas,Líneas Electricas,Ajustes - RCA PAO\Obras Permanentes\6. LTE 23 kV\4. ED1\Líneas Electricas,False,False,True,\\amssclgis08.ams.gmams.cl\CL_MLP_PAO\02_FGDB\CL_MLP_PAO_v1.gdb\CL_MLP_PAO_13_AJUSTES_RCA\CL_MLP_PAO_AJUSTES_RCA_LI,"{'dataset': 'CL_MLP_PAO_AJUSTES_RCA_LI', 'workspace_factory': 'File Geodatabase', 'connection_info': {'database': '\\\\amssclgis08.ams.gmams.cl\\CL_MLP_PAO\\02_FGDB\\CL_MLP_PAO_v1.gdb'}}"
132,MLP SIG PAO LAYOUT OFFLINE v4,4,Ajustes - RCA PAO\Obras Permanentes\6. LTE 23 kV\6. EV1,Ajustes - RCA PAO\Obras Permanentes\6. LTE 23 kV\6. EV1\Postes,Postes,Ajustes - RCA PAO\Obras Permanentes\6. LTE 23 kV\6. EV1\Postes,False,False,True,\\amssclgis08.ams.gmams.cl\CL_MLP_PAO\02_FGDB\CL_MLP_PAO_v1.gdb\CL_MLP_PAO_13_AJUSTES_RCA\CL_MLP_PAO_AJUSTES_RCA_PU,"{'dataset': 'CL_MLP_PAO_AJUSTES_RCA_PU', 'workspace_factory': 'File Geodatabase', 'connection_info': {'database': '\\\\amssclgis08.ams.gmams.cl\\CL_MLP_PAO\\02_FGDB\\CL_MLP_PAO_v1.gdb'}}"
133,MLP SIG PAO LAYOUT OFFLINE v4,4,Ajustes - RCA PAO\Obras Permanentes\6. LTE 23 kV\6. EV1,Ajustes - RCA PAO\Obras Permanentes\6. LTE 23 kV\6. EV1\Líneas Electricas,Líneas Electricas,Ajustes - RCA PAO\Obras Permanentes\6. LTE 23 kV\6. EV1\Líneas Electricas,False,False,True,\\amssclgis08.ams.gmams.cl\CL_MLP_PAO\02_FGDB\CL_MLP_PAO_v1.gdb\CL_MLP_PAO_13_AJUSTES_RCA\CL_MLP_PAO_AJUSTES_RCA_LI,"{'dataset': 'CL_MLP_PAO_AJUSTES_RCA_LI', 'workspace_factory': 'File Geodatabase', 'connection_info': {'database': '\\\\amssclgis08.ams.gmams.cl\\CL_MLP_PAO\\02_FGDB\\CL_MLP_PAO_v1.gdb'}}"
134,MLP SIG PAO LAYOUT OFFLINE v4,4,Ajustes - RCA PAO\Obras Permanentes\6. LTE 23 kV\6. EV1,Ajustes - RCA PAO\Obras Permanentes\6. LTE 23 kV\6. EV1\Caminos de Acceso,Caminos de Acceso,Ajustes - RCA PAO\Obras Permanentes\6. LTE 23 kV\6. EV1\Caminos de Acceso,False,False,True,\\amssclgis08.ams.gmams.cl\CL_MLP_PAO\02_FGDB\CL_MLP_PAO_v1.gdb\CL_MLP_PAO_13_AJUSTES_RCA\CL_MLP_PAO_AJUSTES_RCA_PO,"{'dataset': 'CL_MLP_PAO_AJUSTES_RCA_PO', 'workspace_factory': 'File Geodatabase', 'connection_info': {'database': '\\\\amssclgis08.ams.gmams.cl\\CL_MLP_PAO\\02_FGDB\\CL_MLP_PAO_v1.gdb'}}"
136,MLP SIG PAO LAYOUT OFFLINE v4,4,Ajustes - RCA PAO\Obras Permanentes\6. LTE 23 kV\7. EV2,Ajustes - RCA PAO\Obras Permanentes\6. LTE 23 kV\7. EV2\Postes,Postes,Ajustes - RCA PAO\Obras Permanentes\6. LTE 23 kV\7. EV2\Postes,False,False,True,\\amssclgis08.ams.gmams.cl\CL_MLP_PAO\02_FGDB\CL_MLP_PAO_v1.gdb\CL_MLP_PAO_13_AJUSTES_RCA\CL_MLP_PAO_AJUSTES_RCA_PU,"{'dataset': 'CL_MLP_PAO_AJUSTES_RCA_PU', 'workspace_factory': 'File Geodatabase', 'connection_info': {'database': '\\\\amssclgis08.ams.gmams.cl\\CL_MLP_PAO\\02_FGDB\\CL_MLP_PAO_v1.gdb'}}"
137,MLP SIG PAO LAYOUT OFFLINE v4,4,Ajustes - RCA PAO\Obras Permanentes\6. LTE 23 kV\7. EV2,Ajustes - RCA PAO\Obras Permanentes\6. LTE 23 kV\7. EV2\Líneas Electricas,Líneas Electricas,Ajustes - RCA PAO\Obras Permanentes\6. LTE 23 kV\7. EV2\Líneas Electricas,False,False,True,\\amssclgis08.ams.gmams.cl\CL_MLP_PAO\02_FGDB\CL_MLP_PAO_v1.gdb\CL_MLP_PAO_13_AJUSTES_RCA\CL_MLP_PAO_AJUSTES_RCA_LI,"{'dataset': 'CL_MLP_PAO_AJUSTES_RCA_LI', 'workspace_factory': 'File Geodatabase', 'connection_info': {'database': '\\\\amssclgis08.ams.gmams.cl\\CL_MLP_PAO\\02_FGDB\\CL_MLP_PAO_v1.gdb'}}"
138,MLP SIG PAO LAYOUT OFFLINE v4,4,Ajustes - RCA PAO\Obras Permanentes\6. LTE 23 kV\7. EV2,Ajustes - RCA PAO\Obras Permanentes\6. LTE 23 kV\7. EV2\Caminos de Acceso,Caminos de Acceso,Ajustes - RCA PAO\Obras Permanentes\6. LTE 23 kV\7. EV2\Caminos de Acceso,False,False,True,\\amssclgis08.ams.gmams.cl\CL_MLP_PAO\02_FGDB\CL_MLP_PAO_v1.gdb\CL_MLP_PAO_13_AJUSTES_RCA\CL_MLP_PAO_AJUSTES_RCA_PO,"{'dataset': 'CL_MLP_PAO_AJUSTES_RCA_PO', 'workspace_factory': 'File Geodatabase', 'connection_info': {'database': '\\\\amssclgis08.ams.gmams.cl\\CL_MLP_PAO\\02_FGDB\\CL_MLP_PAO_v1.gdb'}}"
140,MLP SIG PAO LAYOUT OFFLINE v4,4,Ajustes - RCA PAO\Obras Permanentes\6. LTE 23 kV\8. Derivación Fibra Óptica Sala Mauro,Ajustes - RCA PAO\Obras Permanentes\6. LTE 23 kV\8. Derivación Fibra Óptica Sala Mauro\Estructuras,Estructuras,Ajustes - RCA PAO\Obras Permanentes\6. LTE 23 kV\8. Derivación Fibra Óptica Sala Mauro\Estructuras,False,False,True,\\amssclgis08.ams.gmams.cl\CL_MLP_PAO\02_FGDB\CL_MLP_PAO_v1.gdb\CL_MLP_PAO_13_AJUSTES_RCA\CL_MLP_PAO_AJUSTES_RCA_PU,"{'dataset': 'CL_MLP_PAO_AJUSTES_RCA_PU', 'workspace_factory': 'File Geodatabase', 'connection_info': {'database': '\\\\amssclgis08.ams.gmams.cl\\CL_MLP_PAO\\02_FGDB\\CL_MLP_PAO_v1.gdb'}}"
141,MLP SIG PAO LAYOUT OFFLINE v4,4,Ajustes - RCA PAO\Obras Permanentes\6. LTE 23 kV\8. Derivación Fibra Óptica Sala Mauro,Ajustes - RCA PAO\Obras Permanentes\6. LTE 23 kV\8. Derivación Fibra Óptica Sala Mauro\Sendero,Sendero,Ajustes - RCA PAO\Obras Permanentes\6. LTE 23 kV\8. Derivación Fibra Óptica Sala Mauro\Sendero,False,False,True,\\amssclgis08.ams.gmams.cl\CL_MLP_PAO\02_FGDB\CL_MLP_PAO_v1.gdb\CL_MLP_PAO_13_AJUSTES_RCA\CL_MLP_PAO_AJUSTES_RCA_LI,"{'dataset': 'CL_MLP_PAO_AJUSTES_RCA_LI', 'workspace_factory': 'File Geodatabase', 'connection_info': {'database': '\\\\amssclgis08.ams.gmams.cl\\CL_MLP_PAO\\02_FGDB\\CL_MLP_PAO_v1.gdb'}}"
142,MLP SIG PAO LAYOUT OFFLINE v4,4,Ajustes - RCA PAO\Obras Permanentes\6. LTE 23 kV\8. Derivación Fibra Óptica Sala Mauro,Ajustes - RCA PAO\Obras Permanentes\6. LTE 23 kV\8. Derivación Fibra Óptica Sala Mauro\Frente de Trabajo,Frente de Trabajo,Ajustes - RCA PAO\Obras Permanentes\6. LTE 23 kV\8. Derivación Fibra Óptica Sala Mauro\Frente de Trabajo,False,False,True,\\amssclgis08.ams.gmams.cl\CL_MLP_PAO\02_FGDB\CL_MLP_PAO_v1.gdb\CL_MLP_PAO_13_AJUSTES_RCA\CL_MLP_PAO_AJUSTES_RCA_PO,"{'dataset': 'CL_MLP_PAO_AJUSTES_RCA_PO', 'workspace_factory': 'File Geodatabase', 'connection_info': {'database': '\\\\amssclgis08.ams.gmams.cl\\CL_MLP_PAO\\02_FGDB\\CL_MLP_PAO_v1.gdb'}}"
144,MLP SIG PAO LAYOUT OFFLINE v4,3,Ajustes - RCA PAO\Obras Permanentes\7. Garita Desaladora,Ajustes - RCA PAO\Obras Permanentes\7. Garita Desaladora\Camaras Canalizaciones,Camaras Canalizaciones,Ajustes - RCA PAO\Obras Permanentes\7. Garita Desaladora\Camaras Canalizaciones,False,False,True,\\amssclgis08.ams.gmams.cl\CL_MLP_PAO\02_FGDB\CL_MLP_PAO_v1.gdb\CL_MLP_PAO_13_AJUSTES_RCA\CL_MLP_PAO_AJUSTES_RCA_PU,"{'dataset': 'CL_MLP_PAO_AJUSTES_RCA_PU', 'workspace_factory': 'File Geodatabase', 'connection_info': {'database': '\\\\amssclgis08.ams.gmams.cl\\CL_MLP_PAO\\02_FGDB\\CL_MLP_PAO_v1.gdb'}}"
145,MLP SIG PAO LAYOUT OFFLINE v4,3,Ajustes - RCA PAO\Obras Permanentes\7. Garita Desaladora,Ajustes - RCA PAO\Obras Permanentes\7. Garita Desaladora\Canalizaciones,Canalizaciones,Ajustes - RCA PAO\Obras Permanentes\7. Garita Desaladora\Canalizaciones,False,False,True,\\amssclgis08.ams.gmams.cl\CL_MLP_PAO\02_FGDB\CL_MLP_PAO_v1.gdb\CL_MLP_PAO_13_AJUSTES_RCA\CL_MLP_PAO_AJUSTES_RCA_LI,"{'dataset': 'CL_MLP_PAO_AJUSTES_RCA_LI', 'workspace_factory': 'File Geodatabase', 'connection_info': {'database': '\\\\amssclgis08.ams.gmams.cl\\CL_MLP_PAO\\02_FGDB\\CL_MLP_PAO_v1.gdb'}}"
146,MLP SIG PAO LAYOUT OFFLINE v4,3,Ajustes - RCA PAO\Obras Permanentes\7. Garita Desaladora,Ajustes - RCA PAO\Obras Permanentes\7. Garita Desaladora\Areas Garita,Areas Garita,Ajustes - RCA PAO\Obras Permanentes\7. Garita Desaladora\Areas Garita,False,False,True,\\amssclgis08.ams.gmams.cl\CL_MLP_PAO\02_FGDB\CL_MLP_PAO_v1.gdb\CL_MLP_PAO_13_AJUSTES_RCA\CL_MLP_PAO_AJUSTES_RCA_PO,"{'dataset': 'CL_MLP_PAO_AJUSTES_RCA_PO', 'workspace_factory': 'File Geodatabase', 'connection_info': {'database': '\\\\amssclgis08.ams.gmams.cl\\CL_MLP_PAO\\02_FGDB\\CL_MLP_PAO_v1.gdb'}}"
148,MLP SIG PAO LAYOUT OFFLINE v4,3,Ajustes - RCA PAO\Obras Permanentes\8. Banco ducto sentina,Ajustes - RCA PAO\Obras Permanentes\8. Banco ducto sentina\Puntos Banco Ducto Sentina,Puntos Banco Ducto Sentina,Ajustes - RCA PAO\Obras Permanentes\8. Banco ducto sentina\Puntos Banco Ducto Sentina,False,False,True,\\amssclgis08.ams.gmams.cl\CL_MLP_PAO\02_FGDB\CL_MLP_PAO_v1.gdb\CL_MLP_PAO_13_AJUSTES_RCA\CL_MLP_PAO_AJUSTES_RCA_PU,"{'dataset': 'CL_MLP_PAO_AJUSTES_RCA_PU', 'workspace_factory': 'File Geodatabase', 'connection_info': {'database': '\\\\amssclgis08.ams.gmams.cl\\CL_MLP_PAO\\02_FGDB\\CL_MLP_PAO_v1.gdb'}}"
149,MLP SIG PAO LAYOUT OFFLINE v4,3,Ajustes - RCA PAO\Obras Permanentes\8. Banco ducto sentina,Ajustes - RCA PAO\Obras Permanentes\8. Banco ducto sentina\Lineas Banco Ducto Sentina,Lineas Banco Ducto Sentina,Ajustes - RCA PAO\Obras Permanentes\8. Banco ducto sentina\Lineas Banco Ducto Sentina,False,False,True,\\amssclgis08.ams.gmams.cl\CL_MLP_PAO\02_FGDB\CL_MLP_PAO_v1.gdb\CL_MLP_PAO_13_AJUSTES_RCA\CL_MLP_PAO_AJUSTES_RCA_LI,"{'dataset': 'CL_MLP_PAO_AJUSTES_RCA_LI', 'workspace_factory': 'File Geodatabase', 'connection_info': {'database': '\\\\amssclgis08.ams.gmams.cl\\CL_MLP_PAO\\02_FGDB\\CL_MLP_PAO_v1.gdb'}}"
151,MLP SIG PAO LAYOUT OFFLINE v4,3,Ajustes - RCA PAO\Obras Permanentes\9. SDR NP,Ajustes - RCA PAO\Obras Permanentes\9. SDR NP\Detalle SDR NP,Detalle SDR NP,Ajustes - RCA PAO\Obras Permanentes\9. SDR NP\Detalle SDR NP,False,False,True,\\amssclgis08.ams.gmams.cl\CL_MLP_PAO\02_FGDB\CL_MLP_PAO_v1.gdb\CL_MLP_PAO_13_AJUSTES_RCA\CL_MLP_PAO_AJUSTES_RCA_LI,"{'dataset': 'CL_MLP_PAO_AJUSTES_RCA_LI', 'workspace_factory': 'File Geodatabase', 'connection_info': {'database': '\\\\amssclgis08.ams.gmams.cl\\CL_MLP_PAO\\02_FGDB\\CL_MLP_PAO_v1.gdb'}}"
154,MLP SIG PAO LAYOUT OFFLINE v4,3,Ajustes - RCA PAO\Obras Temporales\1.Cachimbas,Ajustes - RCA PAO\Obras Temporales\1.Cachimbas\Áreas Cachimbas,Áreas Cachimbas,Ajustes - RCA PAO\Obras Temporales\1.Cachimbas\Áreas Cachimbas,False,False,True,\\amssclgis08.ams.gmams.cl\CL_MLP_PAO\02_FGDB\CL_MLP_PAO_v1.gdb\CL_MLP_PAO_13_AJUSTES_RCA\CL_MLP_PAO_AJUSTES_RCA_PO,"{'dataset': 'CL_MLP_PAO_AJUSTES_RCA_PO', 'workspace_factory': 'File Geodatabase', 'connection_info': {'database': '\\\\amssclgis08.ams.gmams.cl\\CL_MLP_PAO\\02_FGDB\\CL_MLP_PAO_v1.gdb'}}"
155,MLP SIG PAO LAYOUT OFFLINE v4,3,Ajustes - RCA PAO\Obras Temporales\1.Cachimbas,Ajustes - RCA PAO\Obras Temporales\1.Cachimbas\Frentes Provisorios,Frentes Provisorios,Ajustes - RCA PAO\Obras Temporales\1.Cachimbas\Frentes Provisorios,False,False,True,\\amssclgis08.ams.gmams.cl\CL_MLP_PAO\02_FGDB\CL_MLP_PAO_v1.gdb\CL_MLP_PAO_13_AJUSTES_RCA\CL_MLP_PAO_AJUSTES_RCA_PO,"{'dataset': 'CL_MLP_PAO_AJUSTES_RCA_PO', 'workspace_factory': 'File Geodatabase', 'connection_info': {'database': '\\\\amssclgis08.ams.gmams.cl\\CL_MLP_PAO\\02_FGDB\\CL_MLP_PAO_v1.gdb'}}"
156,MLP SIG PAO LAYOUT OFFLINE v4,2,Ajustes - RCA PAO\Obras Temporales,Ajustes - RCA PAO\Obras Temporales\2. Comedor móvil,2. Comedor móvil,Ajustes - RCA PAO\Obras Temporales\2. Comedor móvil,False,False,True,\\amssclgis08.ams.gmams.cl\CL_MLP_PAO\02_FGDB\CL_MLP_PAO_v1.gdb\CL_MLP_PAO_13_AJUSTES_RCA\CL_MLP_PAO_AJUSTES_RCA_PO,"{'dataset': 'CL_MLP_PAO_AJUSTES_RCA_PO', 'workspace_factory': 'File Geodatabase', 'connection_info': {'database': '\\\\amssclgis08.ams.gmams.cl\\CL_MLP_PAO\\02_FGDB\\CL_MLP_PAO_v1.gdb'}}"
159,MLP SIG PAO LAYOUT OFFLINE v4,4,Ajustes - RCA PAO\Obras Temporales\3. IIFF\1. IIFF 15,Ajustes - RCA PAO\Obras Temporales\3. IIFF\1. IIFF 15\IIFF 15,IIFF 15,Ajustes - RCA PAO\Obras Temporales\3. IIFF\1. IIFF 15\IIFF 15,False,False,True,\\amssclgis08.ams.gmams.cl\CL_MLP_PAO\02_FGDB\CL_MLP_PAO_v1.gdb\CL_MLP_PAO_13_AJUSTES_RCA\CL_MLP_PAO_AJUSTES_RCA_LI,"{'dataset': 'CL_MLP_PAO_AJUSTES_RCA_LI', 'workspace_factory': 'File Geodatabase', 'connection_info': {'database': '\\\\amssclgis08.ams.gmams.cl\\CL_MLP_PAO\\02_FGDB\\CL_MLP_PAO_v1.gdb'}}"
161,MLP SIG PAO LAYOUT OFFLINE v4,4,Ajustes - RCA PAO\Obras Temporales\3. IIFF\2. IIFF 17,Ajustes - RCA PAO\Obras Temporales\3. IIFF\2. IIFF 17\IIFF 17,IIFF 17,Ajustes - RCA PAO\Obras Temporales\3. IIFF\2. IIFF 17\IIFF 17,False,False,True,\\amssclgis08.ams.gmams.cl\CL_MLP_PAO\02_FGDB\CL_MLP_PAO_v1.gdb\CL_MLP_PAO_13_AJUSTES_RCA\CL_MLP_PAO_AJUSTES_RCA_PO,"{'dataset': 'CL_MLP_PAO_AJUSTES_RCA_PO', 'workspace_factory': 'File Geodatabase', 'connection_info': {'database': '\\\\amssclgis08.ams.gmams.cl\\CL_MLP_PAO\\02_FGDB\\CL_MLP_PAO_v1.gdb'}}"
163,MLP SIG PAO LAYOUT OFFLINE v4,4,Ajustes - RCA PAO\Obras Temporales\3. IIFF\3. IIFF 3,Ajustes - RCA PAO\Obras Temporales\3. IIFF\3. IIFF 3\Obras IIFF 3,Obras IIFF 3,Ajustes - RCA PAO\Obras Temporales\3. IIFF\3. IIFF 3\Obras IIFF 3,False,False,True,\\amssclgis08.ams.gmams.cl\CL_MLP_PAO\02_FGDB\CL_MLP_PAO_v1.gdb\CL_MLP_PAO_13_AJUSTES_RCA\CL_MLP_PAO_AJUSTES_RCA_LI,"{'dataset': 'CL_MLP_PAO_AJUSTES_RCA_LI', 'workspace_factory': 'File Geodatabase', 'connection_info': {'database': '\\\\amssclgis08.ams.gmams.cl\\CL_MLP_PAO\\02_FGDB\\CL_MLP_PAO_v1.gdb'}}"
164,MLP SIG PAO LAYOUT OFFLINE v4,4,Ajustes - RCA PAO\Obras Temporales\3. IIFF\3. IIFF 3,Ajustes - RCA PAO\Obras Temporales\3. IIFF\3. IIFF 3\Área IIFF 3,Área IIFF 3,Ajustes - RCA PAO\Obras Temporales\3. IIFF\3. IIFF 3\Área IIFF 3,False,False,True,\\amssclgis08.ams.gmams.cl\CL_MLP_PAO\02_FGDB\CL_MLP_PAO_v1.gdb\CL_MLP_PAO_13_AJUSTES_RCA\CL_MLP_PAO_AJUSTES_RCA_PO,"{'dataset': 'CL_MLP_PAO_AJUSTES_RCA_PO', 'workspace_factory': 'File Geodatabase', 'connection_info': {'database': '\\\\amssclgis08.ams.gmams.cl\\CL_MLP_PAO\\02_FGDB\\CL_MLP_PAO_v1.gdb'}}"
166,MLP SIG PAO LAYOUT OFFLINE v4,4,Ajustes - RCA PAO\Obras Temporales\3. IIFF\4. IIFF 7,Ajustes - RCA PAO\Obras Temporales\3. IIFF\4. IIFF 7\IIFF 7,IIFF 7,Ajustes - RCA PAO\Obras Temporales\3. IIFF\4. IIFF 7\IIFF 7,False,False,True,\\amssclgis08.ams.gmams.cl\CL_MLP_PAO\02_FGDB\CL_MLP_PAO_v1.gdb\CL_MLP_PAO_13_AJUSTES_RCA\CL_MLP_PAO_AJUSTES_RCA_LI,"{'dataset': 'CL_MLP_PAO_AJUSTES_RCA_LI', 'workspace_factory': 'File Geodatabase', 'connection_info': {'database': '\\\\amssclgis08.ams.gmams.cl\\CL_MLP_PAO\\02_FGDB\\CL_MLP_PAO_v1.gdb'}}"
168,MLP SIG PAO LAYOUT OFFLINE v4,4,Ajustes - RCA PAO\Obras Temporales\3. IIFF\5. IIFF 11,Ajustes - RCA PAO\Obras Temporales\3. IIFF\5. IIFF 11\IIFF 15,IIFF 15,Ajustes - RCA PAO\Obras Temporales\3. IIFF\5. IIFF 11\IIFF 15,False,False,True,\\amssclgis08.ams.gmams.cl\CL_MLP_PAO\02_FGDB\CL_MLP_PAO_v1.gdb\CL_MLP_PAO_13_AJUSTES_RCA\CL_MLP_PAO_AJUSTES_RCA_LI,"{'dataset': 'CL_MLP_PAO_AJUSTES_RCA_LI', 'workspace_factory': 'File Geodatabase', 'connection_info': {'database': '\\\\amssclgis08.ams.gmams.cl\\CL_MLP_PAO\\02_FGDB\\CL_MLP_PAO_v1.gdb'}}"
170,MLP SIG PAO LAYOUT OFFLINE v4,4,Ajustes - RCA PAO\Obras Temporales\3. IIFF\6. IIFF 2,Ajustes - RCA PAO\Obras Temporales\3. IIFF\6. IIFF 2\IIFF 2,IIFF 2,Ajustes - RCA PAO\Obras Temporales\3. IIFF\6. IIFF 2\IIFF 2,False,False,True,\\amssclgis08.ams.gmams.cl\CL_MLP_PAO\02_FGDB\CL_MLP_PAO_v1.gdb\CL_MLP_PAO_13_AJUSTES_RCA\CL_MLP_PAO_AJUSTES_RCA_LI,"{'dataset': 'CL_MLP_PAO_AJUSTES_RCA_LI', 'workspace_factory': 'File Geodatabase', 'connection_info': {'database': '\\\\amssclgis08.ams.gmams.cl\\CL_MLP_PAO\\02_FGDB\\CL_MLP_PAO_v1.gdb'}}"
172,MLP SIG PAO LAYOUT OFFLINE v4,3,Ajustes - RCA PAO\Obras Temporales\4. Patio Acopio 19B,Ajustes - RCA PAO\Obras Temporales\4. Patio Acopio 19B\Patio Acopio 19B,Patio Acopio 19B,Ajustes - RCA PAO\Obras Temporales\4. Patio Acopio 19B\Patio Acopio 19B,False,False,True,\\amssclgis08.ams.gmams.cl\CL_MLP_PAO\02_FGDB\CL_MLP_PAO_v1.gdb\CL_MLP_PAO_13_AJUSTES_RCA\CL_MLP_PAO_AJUSTES_RCA_PO,"{'dataset': 'CL_MLP_PAO_AJUSTES_RCA_PO', 'workspace_factory': 'File Geodatabase', 'connection_info': {'database': '\\\\amssclgis08.ams.gmams.cl\\CL_MLP_PAO\\02_FGDB\\CL_MLP_PAO_v1.gdb'}}"
175,MLP SIG PAO LAYOUT OFFLINE v4,4,Ajustes - RCA PAO\Obras Temporales\5. Pipe Thruster\1. Túnel Coirón,Ajustes - RCA PAO\Obras Temporales\5. Pipe Thruster\1. Túnel Coirón\Pipe Thruster TC,Pipe Thruster TC,Ajustes - RCA PAO\Obras Temporales\5. Pipe Thruster\1. Túnel Coirón\Pipe Thruster TC,False,False,True,\\amssclgis08.ams.gmams.cl\CL_MLP_PAO\02_FGDB\CL_MLP_PAO_v1.gdb\CL_MLP_PAO_13_AJUSTES_RCA\CL_MLP_PAO_AJUSTES_RCA_LI,"{'dataset': 'CL_MLP_PAO_AJUSTES_RCA_LI', 'workspace_factory': 'File Geodatabase', 'connection_info': {'database': '\\\\amssclgis08.ams.gmams.cl\\CL_MLP_PAO\\02_FGDB\\CL_MLP_PAO_v1.gdb'}}"
176,MLP SIG PAO LAYOUT OFFLINE v4,4,Ajustes - RCA PAO\Obras Temporales\5. Pipe Thruster\1. Túnel Coirón,Ajustes - RCA PAO\Obras Temporales\5. Pipe Thruster\1. Túnel Coirón\Áreas de maniobras TC,Áreas de maniobras TC,Ajustes - RCA PAO\Obras Temporales\5. Pipe Thruster\1. Túnel Coirón\Áreas de maniobras TC,False,False,True,\\amssclgis08.ams.gmams.cl\CL_MLP_PAO\02_FGDB\CL_MLP_PAO_v1.gdb\CL_MLP_PAO_13_AJUSTES_RCA\CL_MLP_PAO_AJUSTES_RCA_PO,"{'dataset': 'CL_MLP_PAO_AJUSTES_RCA_PO', 'workspace_factory': 'File Geodatabase', 'connection_info': {'database': '\\\\amssclgis08.ams.gmams.cl\\CL_MLP_PAO\\02_FGDB\\CL_MLP_PAO_v1.gdb'}}"
178,MLP SIG PAO LAYOUT OFFLINE v4,4,Ajustes - RCA PAO\Obras Temporales\5. Pipe Thruster\2. Túnel Las Animas,Ajustes - RCA PAO\Obras Temporales\5. Pipe Thruster\2. Túnel Las Animas\Pipe Thruster TLA,Pipe Thruster TLA,Ajustes - RCA PAO\Obras Temporales\5. Pipe Thruster\2. Túnel Las Animas\Pipe Thruster TLA,False,False,True,\\amssclgis08.ams.gmams.cl\CL_MLP_PAO\02_FGDB\CL_MLP_PAO_v1.gdb\CL_MLP_PAO_13_AJUSTES_RCA\CL_MLP_PAO_AJUSTES_RCA_LI,"{'dataset': 'CL_MLP_PAO_AJUSTES_RCA_LI', 'workspace_factory': 'File Geodatabase', 'connection_info': {'database': '\\\\amssclgis08.ams.gmams.cl\\CL_MLP_PAO\\02_FGDB\\CL_MLP_PAO_v1.gdb'}}"
179,MLP SIG PAO LAYOUT OFFLINE v4,4,Ajustes - RCA PAO\Obras Temporales\5. Pipe Thruster\2. Túnel Las Animas,Ajustes - RCA PAO\Obras Temporales\5. Pipe Thruster\2. Túnel Las Animas\Áreas de maniobras TLA,Áreas de maniobras TLA,Ajustes - RCA PAO\Obras Temporales\5. Pipe Thruster\2. Túnel Las Animas\Áreas de maniobras TLA,False,False,True,\\amssclgis08.ams.gmams.cl\CL_MLP_PAO\02_FGDB\CL_MLP_PAO_v1.gdb\CL_MLP_PAO_13_AJUSTES_RCA\CL_MLP_PAO_AJUSTES_RCA_PO,"{'dataset': 'CL_MLP_PAO_AJUSTES_RCA_PO', 'workspace_factory': 'File Geodatabase', 'connection_info': {'database': '\\\\amssclgis08.ams.gmams.cl\\CL_MLP_PAO\\02_FGDB\\CL_MLP_PAO_v1.gdb'}}"
181,MLP SIG PAO LAYOUT OFFLINE v4,3,Ajustes - RCA PAO\Obras Temporales\6. Nuevos Patios Coirón y Las Animas,Ajustes - RCA PAO\Obras Temporales\6. Nuevos Patios Coirón y Las Animas\Nuevos Patios TLA-TC,Nuevos Patios TLA-TC,Ajustes - RCA PAO\Obras Temporales\6. Nuevos Patios Coirón y Las Animas\Nuevos Patios TLA-TC,False,False,True,\\amssclgis08.ams.gmams.cl\CL_MLP_PAO\02_FGDB\CL_MLP_PAO_v1.gdb\CL_MLP_PAO_13_AJUSTES_RCA\CL_MLP_PAO_AJUSTES_RCA_PO,"{'dataset': 'CL_MLP_PAO_AJUSTES_RCA_PO', 'workspace_factory': 'File Geodatabase', 'connection_info': {'database': '\\\\amssclgis08.ams.gmams.cl\\CL_MLP_PAO\\02_FGDB\\CL_MLP_PAO_v1.gdb'}}"
183,MLP SIG PAO LAYOUT OFFLINE v4,3,Ajustes - RCA PAO\Obras Temporales\7. Inst. Bajo Camisas,Ajustes - RCA PAO\Obras Temporales\7. Inst. Bajo Camisas\Inst. Bajo Camisas,Inst. Bajo Camisas,Ajustes - RCA PAO\Obras Temporales\7. Inst. Bajo Camisas\Inst. Bajo Camisas,False,False,True,\\amssclgis08.ams.gmams.cl\CL_MLP_PAO\02_FGDB\CL_MLP_PAO_v1.gdb\CL_MLP_PAO_13_AJUSTES_RCA\CL_MLP_PAO_AJUSTES_RCA_PO,"{'dataset': 'CL_MLP_PAO_AJUSTES_RCA_PO', 'workspace_factory': 'File Geodatabase', 'connection_info': {'database': '\\\\amssclgis08.ams.gmams.cl\\CL_MLP_PAO\\02_FGDB\\CL_MLP_PAO_v1.gdb'}}"
188,MLP SIG PAO LAYOUT OFFLINE v4,4,Layout - RCA\Líneas de Transmisión Eléctrica\Línea Eléctrica SE Mauro -  EB2\Subestación Mauro,Layout - RCA\Líneas de Transmisión Eléctrica\Línea Eléctrica SE Mauro -  EB2\Subestación Mauro\Obras Nuevas,Obras Nuevas,Layout - RCA\Líneas de Transmisión Eléctrica\Línea Eléctrica SE Mauro -  EB2\Subestación Mauro\Obras Nuevas,False,False,True,\\amssclgis08.ams.gmams.cl\CL_MLP_PAO\02_FGDB\CL_MLP_PAO_v1.gdb\CL_MLP_PAO_05_RCA\CL_MLP_PAO_RCA_PO,"{'dataset': 'CL_MLP_PAO_RCA_PO', 'workspace_factory': 'File Geodatabase', 'connection_info': {'database': '\\\\amssclgis08.ams.gmams.cl\\CL_MLP_PAO\\02_FGDB\\CL_MLP_PAO_v1.gdb'}}"
189,MLP SIG PAO LAYOUT OFFLINE v4,4,Layout - RCA\Líneas de Transmisión Eléctrica\Línea Eléctrica SE Mauro -  EB2\Subestación Mauro,Layout - RCA\Líneas de Transmisión Eléctrica\Línea Eléctrica SE Mauro -  EB2\Subestación Mauro\Subestación Mauro,Subestación Mauro,Layout - RCA\Líneas de Transmisión Eléctrica\Línea Eléctrica SE Mauro -  EB2\Subestación Mauro\Subestación Mauro,False,False,True,\\amssclgis08.ams.gmams.cl\CL_MLP_PAO\02_FGDB\CL_MLP_PAO_v1.gdb\CL_MLP_PAO_05_RCA\CL_MLP_PAO_RCA_PO,"{'dataset': 'CL_MLP_PAO_RCA_PO', 'workspace_factory': 'File Geodatabase', 'connection_info': {'database': '\\\\amssclgis08.ams.gmams.cl\\CL_MLP_PAO\\02_FGDB\\CL_MLP_PAO_v1.gdb'}}"
190,MLP SIG PAO LAYOUT OFFLINE v4,3,Layout - RCA\Líneas de Transmisión Eléctrica\Línea Eléctrica SE Mauro -  EB2,Layout - RCA\Líneas de Transmisión Eléctrica\Línea Eléctrica SE Mauro -  EB2\Linea Proyectada,Linea Proyectada,Layout - RCA\Líneas de Transmisión Eléctrica\Línea Eléctrica SE Mauro -  EB2\Linea Proyectada,False,False,True,\\amssclgis08.ams.gmams.cl\CL_MLP_PAO\02_FGDB\CL_MLP_PAO_v1.gdb\CL_MLP_PAO_05_RCA\CL_MLP_PAO_RCA_LI,"{'dataset': 'CL_MLP_PAO_RCA_LI', 'workspace_factory': 'File Geodatabase', 'connection_info': {'database': '\\\\amssclgis08.ams.gmams.cl\\CL_MLP_PAO\\02_FGDB\\CL_MLP_PAO_v1.gdb'}}"
191,MLP SIG PAO LAYOUT OFFLINE v4,3,Layout - RCA\Líneas de Transmisión Eléctrica\Línea Eléctrica SE Mauro -  EB2,Layout - RCA\Líneas de Transmisión Eléctrica\Línea Eléctrica SE Mauro -  EB2\Localización de Estructuras,Localización de Estructuras,Layout - RCA\Líneas de Transmisión Eléctrica\Línea Eléctrica SE Mauro -  EB2\Localización de Estructuras,False,False,True,\\amssclgis08.ams.gmams.cl\CL_MLP_PAO\02_FGDB\CL_MLP_PAO_v1.gdb\CL_MLP_PAO_05_RCA\CL_MLP_PAO_RCA_PU,"{'dataset': 'CL_MLP_PAO_RCA_PU', 'workspace_factory': 'File Geodatabase', 'connection_info': {'database': '\\\\amssclgis08.ams.gmams.cl\\CL_MLP_PAO\\02_FGDB\\CL_MLP_PAO_v1.gdb'}}"
192,MLP SIG PAO LAYOUT OFFLINE v4,3,Layout - RCA\Líneas de Transmisión Eléctrica\Línea Eléctrica SE Mauro -  EB2,Layout - RCA\Líneas de Transmisión Eléctrica\Línea Eléctrica SE Mauro -  EB2\Base Estructuras,Base Estructuras,Layout - RCA\Líneas de Transmisión Eléctrica\Línea Eléctrica SE Mauro -  EB2\Base Estructuras,False,False,True,\\amssclgis08.ams.gmams.cl\CL_MLP_PAO\02_FGDB\CL_MLP_PAO_v1.gdb\CL_MLP_PAO_05_RCA\CL_MLP_PAO_RCA_PO,"{'dataset': 'CL_MLP_PAO_RCA_PO', 'workspace_factory': 'File Geodatabase', 'connection_info': {'database': '\\\\amssclgis08.ams.gmams.cl\\CL_MLP_PAO\\02_FGDB\\CL_MLP_PAO_v1.gdb'}}"
193,MLP SIG PAO LAYOUT OFFLINE v4,3,Layout - RCA\Líneas de Transmisión Eléctrica\Línea Eléctrica SE Mauro -  EB2,Layout - RCA\Líneas de Transmisión Eléctrica\Línea Eléctrica SE Mauro -  EB2\Caminos de Acceso,Caminos de Acceso,Layout - RCA\Líneas de Transmisión Eléctrica\Línea Eléctrica SE Mauro -  EB2\Caminos de Acceso,False,False,True,\\amssclgis08.ams.gmams.cl\CL_MLP_PAO\02_FGDB\CL_MLP_PAO_v1.gdb\CL_MLP_PAO_05_RCA\CL_MLP_PAO_RCA_PO,"{'dataset': 'CL_MLP_PAO_RCA_PO', 'workspace_factory': 'File Geodatabase', 'connection_info': {'database': '\\\\amssclgis08.ams.gmams.cl\\CL_MLP_PAO\\02_FGDB\\CL_MLP_PAO_v1.gdb'}}"
194,MLP SIG PAO LAYOUT OFFLINE v4,3,Layout - RCA\Líneas de Transmisión Eléctrica\Línea Eléctrica SE Mauro -  EB2,Layout - RCA\Líneas de Transmisión Eléctrica\Línea Eléctrica SE Mauro -  EB2\Área de Trabajo,Área de Trabajo,Layout - RCA\Líneas de Transmisión Eléctrica\Línea Eléctrica SE Mauro -  EB2\Área de Trabajo,False,False,True,\\amssclgis08.ams.gmams.cl\CL_MLP_PAO\02_FGDB\CL_MLP_PAO_v1.gdb\CL_MLP_PAO_05_RCA\CL_MLP_PAO_RCA_PO,"{'dataset': 'CL_MLP_PAO_RCA_PO', 'workspace_factory': 'File Geodatabase', 'connection_info': {'database': '\\\\amssclgis08.ams.gmams.cl\\CL_MLP_PAO\\02_FGDB\\CL_MLP_PAO_v1.gdb'}}"
196,MLP SIG PAO LAYOUT OFFLINE v4,3,Layout - RCA\Líneas de Transmisión Eléctrica\Línea Eléctrica ER2 - Piuquenes,Layout - RCA\Líneas de Transmisión Eléctrica\Línea Eléctrica ER2 - Piuquenes\Línea Electrica,Línea Electrica,Layout - RCA\Líneas de Transmisión Eléctrica\Línea Eléctrica ER2 - Piuquenes\Línea Electrica,False,False,True,\\amssclgis08.ams.gmams.cl\CL_MLP_PAO\02_FGDB\CL_MLP_PAO_v1.gdb\CL_MLP_PAO_05_RCA\CL_MLP_PAO_RCA_LI,"{'dataset': 'CL_MLP_PAO_RCA_LI', 'workspace_factory': 'File Geodatabase', 'connection_info': {'database': '\\\\amssclgis08.ams.gmams.cl\\CL_MLP_PAO\\02_FGDB\\CL_MLP_PAO_v1.gdb'}}"
197,MLP SIG PAO LAYOUT OFFLINE v4,3,Layout - RCA\Líneas de Transmisión Eléctrica\Línea Eléctrica ER2 - Piuquenes,Layout - RCA\Líneas de Transmisión Eléctrica\Línea Eléctrica ER2 - Piuquenes\Localización Estructuras,Localización Estructuras,Layout - RCA\Líneas de Transmisión Eléctrica\Línea Eléctrica ER2 - Piuquenes\Localización Estructuras,False,False,True,\\amssclgis08.ams.gmams.cl\CL_MLP_PAO\02_FGDB\CL_MLP_PAO_v1.gdb\CL_MLP_PAO_05_RCA\CL_MLP_PAO_RCA_PU,"{'dataset': 'CL_MLP_PAO_RCA_PU', 'workspace_factory': 'File Geodatabase', 'connection_info': {'database': '\\\\amssclgis08.ams.gmams.cl\\CL_MLP_PAO\\02_FGDB\\CL_MLP_PAO_v1.gdb'}}"
198,MLP SIG PAO LAYOUT OFFLINE v4,3,Layout - RCA\Líneas de Transmisión Eléctrica\Línea Eléctrica ER2 - Piuquenes,Layout - RCA\Líneas de Transmisión Eléctrica\Línea Eléctrica ER2 - Piuquenes\Base de Estructuras,Base de Estructuras,Layout - RCA\Líneas de Transmisión Eléctrica\Línea Eléctrica ER2 - Piuquenes\Base de Estructuras,False,False,True,\\amssclgis08.ams.gmams.cl\CL_MLP_PAO\02_FGDB\CL_MLP_PAO_v1.gdb\CL_MLP_PAO_05_RCA\CL_MLP_PAO_RCA_PO,"{'dataset': 'CL_MLP_PAO_RCA_PO', 'workspace_factory': 'File Geodatabase', 'connection_info': {'database': '\\\\amssclgis08.ams.gmams.cl\\CL_MLP_PAO\\02_FGDB\\CL_MLP_PAO_v1.gdb'}}"
199,MLP SIG PAO LAYOUT OFFLINE v4,3,Layout - RCA\Líneas de Transmisión Eléctrica\Línea Eléctrica ER2 - Piuquenes,Layout - RCA\Líneas de Transmisión Eléctrica\Línea Eléctrica ER2 - Piuquenes\Caminos Línea Eléctrica,Caminos Línea Eléctrica,Layout - RCA\Líneas de Transmisión Eléctrica\Línea Eléctrica ER2 - Piuquenes\Caminos Línea Eléctrica,False,False,True,\\amssclgis08.ams.gmams.cl\CL_MLP_PAO\02_FGDB\CL_MLP_PAO_v1.gdb\CL_MLP_PAO_05_RCA\CL_MLP_PAO_RCA_LI,"{'dataset': 'CL_MLP_PAO_RCA_LI', 'workspace_factory': 'File Geodatabase', 'connection_info': {'database': '\\\\amssclgis08.ams.gmams.cl\\CL_MLP_PAO\\02_FGDB\\CL_MLP_PAO_v1.gdb'}}"
200,MLP SIG PAO LAYOUT OFFLINE v4,3,Layout - RCA\Líneas de Transmisión Eléctrica\Línea Eléctrica ER2 - Piuquenes,Layout - RCA\Líneas de Transmisión Eléctrica\Línea Eléctrica ER2 - Piuquenes\Faja Caminos,Faja Caminos,Layout - RCA\Líneas de Transmisión Eléctrica\Línea Eléctrica ER2 - Piuquenes\Faja Caminos,False,False,True,\\amssclgis08.ams.gmams.cl\CL_MLP_PAO\02_FGDB\CL_MLP_PAO_v1.gdb\CL_MLP_PAO_05_RCA\CL_MLP_PAO_RCA_PO,"{'dataset': 'CL_MLP_PAO_RCA_PO', 'workspace_factory': 'File Geodatabase', 'connection_info': {'database': '\\\\amssclgis08.ams.gmams.cl\\CL_MLP_PAO\\02_FGDB\\CL_MLP_PAO_v1.gdb'}}"
203,MLP SIG PAO LAYOUT OFFLINE v4,3,Layout - RCA\Aumento Producción y Transporte Agua Desalada\Estación de Bombeo N°1,Layout - RCA\Aumento Producción y Transporte Agua Desalada\Estación de Bombeo N°1\Obras Nuevas,Obras Nuevas,Layout - RCA\Aumento Producción y Transporte Agua Desalada\Estación de Bombeo N°1\Obras Nuevas,False,False,True,\\amssclgis08.ams.gmams.cl\CL_MLP_PAO\02_FGDB\CL_MLP_PAO_v1.gdb\CL_MLP_PAO_05_RCA\CL_MLP_PAO_RCA_PO,"{'dataset': 'CL_MLP_PAO_RCA_PO', 'workspace_factory': 'File Geodatabase', 'connection_info': {'database': '\\\\amssclgis08.ams.gmams.cl\\CL_MLP_PAO\\02_FGDB\\CL_MLP_PAO_v1.gdb'}}"
204,MLP SIG PAO LAYOUT OFFLINE v4,3,Layout - RCA\Aumento Producción y Transporte Agua Desalada\Estación de Bombeo N°1,Layout - RCA\Aumento Producción y Transporte Agua Desalada\Estación de Bombeo N°1\EB1,EB1,Layout - RCA\Aumento Producción y Transporte Agua Desalada\Estación de Bombeo N°1\EB1,False,False,True,\\amssclgis08.ams.gmams.cl\CL_MLP_PAO\02_FGDB\CL_MLP_PAO_v1.gdb\CL_MLP_PAO_05_RCA\CL_MLP_PAO_RCA_PO,"{'dataset': 'CL_MLP_PAO_RCA_PO', 'workspace_factory': 'File Geodatabase', 'connection_info': {'database': '\\\\amssclgis08.ams.gmams.cl\\CL_MLP_PAO\\02_FGDB\\CL_MLP_PAO_v1.gdb'}}"
206,MLP SIG PAO LAYOUT OFFLINE v4,3,Layout - RCA\Aumento Producción y Transporte Agua Desalada\Estación de Bombeo N°2,Layout - RCA\Aumento Producción y Transporte Agua Desalada\Estación de Bombeo N°2\EB2,EB2,Layout - RCA\Aumento Producción y Transporte Agua Desalada\Estación de Bombeo N°2\EB2,False,False,True,\\amssclgis08.ams.gmams.cl\CL_MLP_PAO\02_FGDB\CL_MLP_PAO_v1.gdb\CL_MLP_PAO_05_RCA\CL_MLP_PAO_RCA_PO,"{'dataset': 'CL_MLP_PAO_RCA_PO', 'workspace_factory': 'File Geodatabase', 'connection_info': {'database': '\\\\amssclgis08.ams.gmams.cl\\CL_MLP_PAO\\02_FGDB\\CL_MLP_PAO_v1.gdb'}}"
208,MLP SIG PAO LAYOUT OFFLINE v4,3,Layout - RCA\Aumento Producción y Transporte Agua Desalada\Estación de Bombeo N°3,Layout - RCA\Aumento Producción y Transporte Agua Desalada\Estación de Bombeo N°3\Obras EB3,Obras EB3,Layout - RCA\Aumento Producción y Transporte Agua Desalada\Estación de Bombeo N°3\Obras EB3,False,False,True,\\amssclgis08.ams.gmams.cl\CL_MLP_PAO\02_FGDB\CL_MLP_PAO_v1.gdb\CL_MLP_PAO_05_RCA\CL_MLP_PAO_RCA_PO,"{'dataset': 'CL_MLP_PAO_RCA_PO', 'workspace_factory': 'File Geodatabase', 'connection_info': {'database': '\\\\amssclgis08.ams.gmams.cl\\CL_MLP_PAO\\02_FGDB\\CL_MLP_PAO_v1.gdb'}}"
210,MLP SIG PAO LAYOUT OFFLINE v4,3,Layout - RCA\Aumento Producción y Transporte Agua Desalada\Planta Desaladora,Layout - RCA\Aumento Producción y Transporte Agua Desalada\Planta Desaladora\Obras Nuevas,Obras Nuevas,Layout - RCA\Aumento Producción y Transporte Agua Desalada\Planta Desaladora\Obras Nuevas,False,False,True,\\amssclgis08.ams.gmams.cl\CL_MLP_PAO\02_FGDB\CL_MLP_PAO_v1.gdb\CL_MLP_PAO_05_RCA\CL_MLP_PAO_RCA_PO,"{'dataset': 'CL_MLP_PAO_RCA_PO', 'workspace_factory': 'File Geodatabase', 'connection_info': {'database': '\\\\amssclgis08.ams.gmams.cl\\CL_MLP_PAO\\02_FGDB\\CL_MLP_PAO_v1.gdb'}}"
211,MLP SIG PAO LAYOUT OFFLINE v4,3,Layout - RCA\Aumento Producción y Transporte Agua Desalada\Planta Desaladora,Layout - RCA\Aumento Producción y Transporte Agua Desalada\Planta Desaladora\Desaladora,Desaladora,Layout - RCA\Aumento Producción y Transporte Agua Desalada\Planta Desaladora\Desaladora,False,False,True,\\amssclgis08.ams.gmams.cl\CL_MLP_PAO\02_FGDB\CL_MLP_PAO_v1.gdb\CL_MLP_PAO_05_RCA\CL_MLP_PAO_RCA_PO,"{'dataset': 'CL_MLP_PAO_RCA_PO', 'workspace_factory': 'File Geodatabase', 'connection_info': {'database': '\\\\amssclgis08.ams.gmams.cl\\CL_MLP_PAO\\02_FGDB\\CL_MLP_PAO_v1.gdb'}}"
213,MLP SIG PAO LAYOUT OFFLINE v4,3,Layout - RCA\Aumento Producción y Transporte Agua Desalada\Sentina de Agua,Layout - RCA\Aumento Producción y Transporte Agua Desalada\Sentina de Agua\Obras Nuevas,Obras Nuevas,Layout - RCA\Aumento Producción y Transporte Agua Desalada\Sentina de Agua\Obras Nuevas,False,False,True,\\amssclgis08.ams.gmams.cl\CL_MLP_PAO\02_FGDB\CL_MLP_PAO_v1.gdb\CL_MLP_PAO_05_RCA\CL_MLP_PAO_RCA_PO,"{'dataset': 'CL_MLP_PAO_RCA_PO', 'workspace_factory': 'File Geodatabase', 'connection_info': {'database': '\\\\amssclgis08.ams.gmams.cl\\CL_MLP_PAO\\02_FGDB\\CL_MLP_PAO_v1.gdb'}}"
214,MLP SIG PAO LAYOUT OFFLINE v4,3,Layout - RCA\Aumento Producción y Transporte Agua Desalada\Sentina de Agua,Layout - RCA\Aumento Producción y Transporte Agua Desalada\Sentina de Agua\Sentina de Agua,Sentina de Agua,Layout - RCA\Aumento Producción y Transporte Agua Desalada\Sentina de Agua\Sentina de Agua,False,False,True,\\amssclgis08.ams.gmams.cl\CL_MLP_PAO\02_FGDB\CL_MLP_PAO_v1.gdb\CL_MLP_PAO_05_RCA\CL_MLP_PAO_RCA_PO,"{'dataset': 'CL_MLP_PAO_RCA_PO', 'workspace_factory': 'File Geodatabase', 'connection_info': {'database': '\\\\amssclgis08.ams.gmams.cl\\CL_MLP_PAO\\02_FGDB\\CL_MLP_PAO_v1.gdb'}}"
216,MLP SIG PAO LAYOUT OFFLINE v4,3,Layout - RCA\Aumento Producción y Transporte Agua Desalada\Obras Marinas,Layout - RCA\Aumento Producción y Transporte Agua Desalada\Obras Marinas\Obras Nuevas,Obras Nuevas,Layout - RCA\Aumento Producción y Transporte Agua Desalada\Obras Marinas\Obras Nuevas,False,False,True,\\amssclgis08.ams.gmams.cl\CL_MLP_PAO\02_FGDB\CL_MLP_PAO_v1.gdb\CL_MLP_PAO_05_RCA\CL_MLP_PAO_RCA_PO,"{'dataset': 'CL_MLP_PAO_RCA_PO', 'workspace_factory': 'File Geodatabase', 'connection_info': {'database': '\\\\amssclgis08.ams.gmams.cl\\CL_MLP_PAO\\02_FGDB\\CL_MLP_PAO_v1.gdb'}}"
217,MLP SIG PAO LAYOUT OFFLINE v4,3,Layout - RCA\Aumento Producción y Transporte Agua Desalada\Obras Marinas,Layout - RCA\Aumento Producción y Transporte Agua Desalada\Obras Marinas\Obras Existentes,Obras Existentes,Layout - RCA\Aumento Producción y Transporte Agua Desalada\Obras Marinas\Obras Existentes,False,False,True,\\amssclgis08.ams.gmams.cl\CL_MLP_PAO\02_FGDB\CL_MLP_PAO_v1.gdb\CL_MLP_PAO_05_RCA\CL_MLP_PAO_RCA_PO,"{'dataset': 'CL_MLP_PAO_RCA_PO', 'workspace_factory': 'File Geodatabase', 'connection_info': {'database': '\\\\amssclgis08.ams.gmams.cl\\CL_MLP_PAO\\02_FGDB\\CL_MLP_PAO_v1.gdb'}}"
218,MLP SIG PAO LAYOUT OFFLINE v4,2,Layout - RCA\Aumento Producción y Transporte Agua Desalada,Layout - RCA\Aumento Producción y Transporte Agua Desalada\ By Pass Tubería SIAD-INCO, By Pass Tubería SIAD-INCO,Layout - RCA\Aumento Producción y Transporte Agua Desalada\ By Pass Tubería SIAD-INCO,False,False,True,\\amssclgis08.ams.gmams.cl\CL_MLP_PAO\02_FGDB\CL_MLP_PAO_v1.gdb\CL_MLP_PAO_05_RCA\CL_MLP_PAO_RCA_LI,"{'dataset': 'CL_MLP_PAO_RCA_LI', 'workspace_factory': 'File Geodatabase', 'connection_info': {'database': '\\\\amssclgis08.ams.gmams.cl\\CL_MLP_PAO\\02_FGDB\\CL_MLP_PAO_v1.gdb'}}"
221,MLP SIG PAO LAYOUT OFFLINE v4,3,Layout - RCA\Campamentos\Campamento N°2 Tipay,Layout - RCA\Campamentos\Campamento N°2 Tipay\Campamento N°2 Tipay,Campamento N°2 Tipay,Layout - RCA\Campamentos\Campamento N°2 Tipay\Campamento N°2 Tipay,False,False,True,\\amssclgis08.ams.gmams.cl\CL_MLP_PAO\02_FGDB\CL_MLP_PAO_v1.gdb\CL_MLP_PAO_05_RCA\CL_MLP_PAO_RCA_PO,"{'dataset': 'CL_MLP_PAO_RCA_PO', 'workspace_factory': 'File Geodatabase', 'connection_info': {'database': '\\\\amssclgis08.ams.gmams.cl\\CL_MLP_PAO\\02_FGDB\\CL_MLP_PAO_v1.gdb'}}"
222,MLP SIG PAO LAYOUT OFFLINE v4,3,Layout - RCA\Campamentos\Campamento N°2 Tipay,Layout - RCA\Campamentos\Campamento N°2 Tipay\Obras Campamento N°2 Tipay,Obras Campamento N°2 Tipay,Layout - RCA\Campamentos\Campamento N°2 Tipay\Obras Campamento N°2 Tipay,False,False,True,\\amssclgis08.ams.gmams.cl\CL_MLP_PAO\02_FGDB\CL_MLP_PAO_v1.gdb\CL_MLP_PAO_05_RCA\CL_MLP_PAO_RCA_PO,"{'dataset': 'CL_MLP_PAO_RCA_PO', 'workspace_factory': 'File Geodatabase', 'connection_info': {'database': '\\\\amssclgis08.ams.gmams.cl\\CL_MLP_PAO\\02_FGDB\\CL_MLP_PAO_v1.gdb'}}"
223,MLP SIG PAO LAYOUT OFFLINE v4,2,Layout - RCA\Campamentos,Layout - RCA\Campamentos\Campamento N°2 Chacay,Campamento N°2 Chacay,Layout - RCA\Campamentos\Campamento N°2 Chacay,False,False,True,\\amssclgis08.ams.gmams.cl\CL_MLP_PAO\02_FGDB\CL_MLP_PAO_v1.gdb\CL_MLP_PAO_05_RCA\CL_MLP_PAO_RCA_PO,"{'dataset': 'CL_MLP_PAO_RCA_PO', 'workspace_factory': 'File Geodatabase', 'connection_info': {'database': '\\\\amssclgis08.ams.gmams.cl\\CL_MLP_PAO\\02_FGDB\\CL_MLP_PAO_v1.gdb'}}"
224,MLP SIG PAO LAYOUT OFFLINE v4,2,Layout - RCA\Campamentos,Layout - RCA\Campamentos\Campamento N°3 Remanso,Campamento N°3 Remanso,Layout - RCA\Campamentos\Campamento N°3 Remanso,False,False,True,\\amssclgis08.ams.gmams.cl\CL_MLP_PAO\02_FGDB\CL_MLP_PAO_v1.gdb\CL_MLP_PAO_05_RCA\CL_MLP_PAO_RCA_PO,"{'dataset': 'CL_MLP_PAO_RCA_PO', 'workspace_factory': 'File Geodatabase', 'connection_info': {'database': '\\\\amssclgis08.ams.gmams.cl\\CL_MLP_PAO\\02_FGDB\\CL_MLP_PAO_v1.gdb'}}"
227,MLP SIG PAO LAYOUT OFFLINE v4,3,Layout - RCA\Depósitos de Excedentes\Accesos a Depósitos,Layout - RCA\Depósitos de Excedentes\Accesos a Depósitos\Accesos Lineales,Accesos Lineales,Layout - RCA\Depósitos de Excedentes\Accesos a Depósitos\Accesos Lineales,False,False,True,\\amssclgis08.ams.gmams.cl\CL_MLP_PAO\02_FGDB\CL_MLP_PAO_v1.gdb\CL_MLP_PAO_05_RCA\CL_MLP_PAO_RCA_LI,"{'dataset': 'CL_MLP_PAO_RCA_LI', 'workspace_factory': 'File Geodatabase', 'connection_info': {'database': '\\\\amssclgis08.ams.gmams.cl\\CL_MLP_PAO\\02_FGDB\\CL_MLP_PAO_v1.gdb'}}"
228,MLP SIG PAO LAYOUT OFFLINE v4,3,Layout - RCA\Depósitos de Excedentes\Accesos a Depósitos,Layout - RCA\Depósitos de Excedentes\Accesos a Depósitos\Accesos Areales,Accesos Areales,Layout - RCA\Depósitos de Excedentes\Accesos a Depósitos\Accesos Areales,False,False,True,\\amssclgis08.ams.gmams.cl\CL_MLP_PAO\02_FGDB\CL_MLP_PAO_v1.gdb\CL_MLP_PAO_05_RCA\CL_MLP_PAO_RCA_PO,"{'dataset': 'CL_MLP_PAO_RCA_PO', 'workspace_factory': 'File Geodatabase', 'connection_info': {'database': '\\\\amssclgis08.ams.gmams.cl\\CL_MLP_PAO\\02_FGDB\\CL_MLP_PAO_v1.gdb'}}"
229,MLP SIG PAO LAYOUT OFFLINE v4,2,Layout - RCA\Depósitos de Excedentes,Layout - RCA\Depósitos de Excedentes\Depósitos de Excedentes,Depósitos de Excedentes,Layout - RCA\Depósitos de Excedentes\Depósitos de Excedentes,False,False,True,\\amssclgis08.ams.gmams.cl\CL_MLP_PAO\02_FGDB\CL_MLP_PAO_v1.gdb\CL_MLP_PAO_05_RCA\CL_MLP_PAO_RCA_PO,"{'dataset': 'CL_MLP_PAO_RCA_PO', 'workspace_factory': 'File Geodatabase', 'connection_info': {'database': '\\\\amssclgis08.ams.gmams.cl\\CL_MLP_PAO\\02_FGDB\\CL_MLP_PAO_v1.gdb'}}"
232,MLP SIG PAO LAYOUT OFFLINE v4,3,Layout - RCA\Instalaciones de Faenas\N°1 ,Layout - RCA\Instalaciones de Faenas\N°1 \Obras IIFF,Obras IIFF,Layout - RCA\Instalaciones de Faenas\N°1 \Obras IIFF,False,False,True,\\amssclgis08.ams.gmams.cl\CL_MLP_PAO\02_FGDB\CL_MLP_PAO_v1.gdb\CL_MLP_PAO_05_RCA\CL_MLP_PAO_RCA_PO,"{'dataset': 'CL_MLP_PAO_RCA_PO', 'workspace_factory': 'File Geodatabase', 'connection_info': {'database': '\\\\amssclgis08.ams.gmams.cl\\CL_MLP_PAO\\02_FGDB\\CL_MLP_PAO_v1.gdb'}}"
233,MLP SIG PAO LAYOUT OFFLINE v4,3,Layout - RCA\Instalaciones de Faenas\N°1 ,Layout - RCA\Instalaciones de Faenas\N°1 \Área IIFF,Área IIFF,Layout - RCA\Instalaciones de Faenas\N°1 \Área IIFF,False,False,True,\\amssclgis08.ams.gmams.cl\CL_MLP_PAO\02_FGDB\CL_MLP_PAO_v1.gdb\CL_MLP_PAO_05_RCA\CL_MLP_PAO_RCA_PO,"{'dataset': 'CL_MLP_PAO_RCA_PO', 'workspace_factory': 'File Geodatabase', 'connection_info': {'database': '\\\\amssclgis08.ams.gmams.cl\\CL_MLP_PAO\\02_FGDB\\CL_MLP_PAO_v1.gdb'}}"
235,MLP SIG PAO LAYOUT OFFLINE v4,3,Layout - RCA\Instalaciones de Faenas\N°1A ,Layout - RCA\Instalaciones de Faenas\N°1A \Obras IIFF,Obras IIFF,Layout - RCA\Instalaciones de Faenas\N°1A \Obras IIFF,False,False,True,\\amssclgis08.ams.gmams.cl\CL_MLP_PAO\02_FGDB\CL_MLP_PAO_v1.gdb\CL_MLP_PAO_05_RCA\CL_MLP_PAO_RCA_PO,"{'dataset': 'CL_MLP_PAO_RCA_PO', 'workspace_factory': 'File Geodatabase', 'connection_info': {'database': '\\\\amssclgis08.ams.gmams.cl\\CL_MLP_PAO\\02_FGDB\\CL_MLP_PAO_v1.gdb'}}"
236,MLP SIG PAO LAYOUT OFFLINE v4,3,Layout - RCA\Instalaciones de Faenas\N°1A ,Layout - RCA\Instalaciones de Faenas\N°1A \Área IIFF,Área IIFF,Layout - RCA\Instalaciones de Faenas\N°1A \Área IIFF,False,False,True,\\amssclgis08.ams.gmams.cl\CL_MLP_PAO\02_FGDB\CL_MLP_PAO_v1.gdb\CL_MLP_PAO_05_RCA\CL_MLP_PAO_RCA_PO,"{'dataset': 'CL_MLP_PAO_RCA_PO', 'workspace_factory': 'File Geodatabase', 'connection_info': {'database': '\\\\amssclgis08.ams.gmams.cl\\CL_MLP_PAO\\02_FGDB\\CL_MLP_PAO_v1.gdb'}}"
238,MLP SIG PAO LAYOUT OFFLINE v4,3,Layout - RCA\Instalaciones de Faenas\N°2,Layout - RCA\Instalaciones de Faenas\N°2\Obras IIFF,Obras IIFF,Layout - RCA\Instalaciones de Faenas\N°2\Obras IIFF,False,False,True,\\amssclgis08.ams.gmams.cl\CL_MLP_PAO\02_FGDB\CL_MLP_PAO_v1.gdb\CL_MLP_PAO_05_RCA\CL_MLP_PAO_RCA_PO,"{'dataset': 'CL_MLP_PAO_RCA_PO', 'workspace_factory': 'File Geodatabase', 'connection_info': {'database': '\\\\amssclgis08.ams.gmams.cl\\CL_MLP_PAO\\02_FGDB\\CL_MLP_PAO_v1.gdb'}}"
239,MLP SIG PAO LAYOUT OFFLINE v4,3,Layout - RCA\Instalaciones de Faenas\N°2,Layout - RCA\Instalaciones de Faenas\N°2\Área IIFF,Área IIFF,Layout - RCA\Instalaciones de Faenas\N°2\Área IIFF,False,False,True,\\amssclgis08.ams.gmams.cl\CL_MLP_PAO\02_FGDB\CL_MLP_PAO_v1.gdb\CL_MLP_PAO_05_RCA\CL_MLP_PAO_RCA_PO,"{'dataset': 'CL_MLP_PAO_RCA_PO', 'workspace_factory': 'File Geodatabase', 'connection_info': {'database': '\\\\amssclgis08.ams.gmams.cl\\CL_MLP_PAO\\02_FGDB\\CL_MLP_PAO_v1.gdb'}}"
241,MLP SIG PAO LAYOUT OFFLINE v4,3,Layout - RCA\Instalaciones de Faenas\N°3,Layout - RCA\Instalaciones de Faenas\N°3\Obras IIFF,Obras IIFF,Layout - RCA\Instalaciones de Faenas\N°3\Obras IIFF,False,False,True,\\amssclgis08.ams.gmams.cl\CL_MLP_PAO\02_FGDB\CL_MLP_PAO_v1.gdb\CL_MLP_PAO_05_RCA\CL_MLP_PAO_RCA_PO,"{'dataset': 'CL_MLP_PAO_RCA_PO', 'workspace_factory': 'File Geodatabase', 'connection_info': {'database': '\\\\amssclgis08.ams.gmams.cl\\CL_MLP_PAO\\02_FGDB\\CL_MLP_PAO_v1.gdb'}}"
242,MLP SIG PAO LAYOUT OFFLINE v4,3,Layout - RCA\Instalaciones de Faenas\N°3,Layout - RCA\Instalaciones de Faenas\N°3\Área IIFF,Área IIFF,Layout - RCA\Instalaciones de Faenas\N°3\Área IIFF,False,False,True,\\amssclgis08.ams.gmams.cl\CL_MLP_PAO\02_FGDB\CL_MLP_PAO_v1.gdb\CL_MLP_PAO_05_RCA\CL_MLP_PAO_RCA_PO,"{'dataset': 'CL_MLP_PAO_RCA_PO', 'workspace_factory': 'File Geodatabase', 'connection_info': {'database': '\\\\amssclgis08.ams.gmams.cl\\CL_MLP_PAO\\02_FGDB\\CL_MLP_PAO_v1.gdb'}}"
244,MLP SIG PAO LAYOUT OFFLINE v4,3,Layout - RCA\Instalaciones de Faenas\N°4,Layout - RCA\Instalaciones de Faenas\N°4\Obras IIFF,Obras IIFF,Layout - RCA\Instalaciones de Faenas\N°4\Obras IIFF,False,False,True,\\amssclgis08.ams.gmams.cl\CL_MLP_PAO\02_FGDB\CL_MLP_PAO_v1.gdb\CL_MLP_PAO_05_RCA\CL_MLP_PAO_RCA_PO,"{'dataset': 'CL_MLP_PAO_RCA_PO', 'workspace_factory': 'File Geodatabase', 'connection_info': {'database': '\\\\amssclgis08.ams.gmams.cl\\CL_MLP_PAO\\02_FGDB\\CL_MLP_PAO_v1.gdb'}}"
245,MLP SIG PAO LAYOUT OFFLINE v4,3,Layout - RCA\Instalaciones de Faenas\N°4,Layout - RCA\Instalaciones de Faenas\N°4\Área IIFF,Área IIFF,Layout - RCA\Instalaciones de Faenas\N°4\Área IIFF,False,False,True,\\amssclgis08.ams.gmams.cl\CL_MLP_PAO\02_FGDB\CL_MLP_PAO_v1.gdb\CL_MLP_PAO_05_RCA\CL_MLP_PAO_RCA_PO,"{'dataset': 'CL_MLP_PAO_RCA_PO', 'workspace_factory': 'File Geodatabase', 'connection_info': {'database': '\\\\amssclgis08.ams.gmams.cl\\CL_MLP_PAO\\02_FGDB\\CL_MLP_PAO_v1.gdb'}}"
247,MLP SIG PAO LAYOUT OFFLINE v4,3,Layout - RCA\Instalaciones de Faenas\N°6,Layout - RCA\Instalaciones de Faenas\N°6\Obras IIFF,Obras IIFF,Layout - RCA\Instalaciones de Faenas\N°6\Obras IIFF,False,False,True,\\amssclgis08.ams.gmams.cl\CL_MLP_PAO\02_FGDB\CL_MLP_PAO_v1.gdb\CL_MLP_PAO_05_RCA\CL_MLP_PAO_RCA_PO,"{'dataset': 'CL_MLP_PAO_RCA_PO', 'workspace_factory': 'File Geodatabase', 'connection_info': {'database': '\\\\amssclgis08.ams.gmams.cl\\CL_MLP_PAO\\02_FGDB\\CL_MLP_PAO_v1.gdb'}}"
248,MLP SIG PAO LAYOUT OFFLINE v4,3,Layout - RCA\Instalaciones de Faenas\N°6,Layout - RCA\Instalaciones de Faenas\N°6\Área IIFF,Área IIFF,Layout - RCA\Instalaciones de Faenas\N°6\Área IIFF,False,False,True,\\amssclgis08.ams.gmams.cl\CL_MLP_PAO\02_FGDB\CL_MLP_PAO_v1.gdb\CL_MLP_PAO_05_RCA\CL_MLP_PAO_RCA_PO,"{'dataset': 'CL_MLP_PAO_RCA_PO', 'workspace_factory': 'File Geodatabase', 'connection_info': {'database': '\\\\amssclgis08.ams.gmams.cl\\CL_MLP_PAO\\02_FGDB\\CL_MLP_PAO_v1.gdb'}}"
250,MLP SIG PAO LAYOUT OFFLINE v4,3,Layout - RCA\Instalaciones de Faenas\N°7,Layout - RCA\Instalaciones de Faenas\N°7\Obras IIFF,Obras IIFF,Layout - RCA\Instalaciones de Faenas\N°7\Obras IIFF,False,False,True,\\amssclgis08.ams.gmams.cl\CL_MLP_PAO\02_FGDB\CL_MLP_PAO_v1.gdb\CL_MLP_PAO_05_RCA\CL_MLP_PAO_RCA_PO,"{'dataset': 'CL_MLP_PAO_RCA_PO', 'workspace_factory': 'File Geodatabase', 'connection_info': {'database': '\\\\amssclgis08.ams.gmams.cl\\CL_MLP_PAO\\02_FGDB\\CL_MLP_PAO_v1.gdb'}}"
251,MLP SIG PAO LAYOUT OFFLINE v4,3,Layout - RCA\Instalaciones de Faenas\N°7,Layout - RCA\Instalaciones de Faenas\N°7\Área IIFF,Área IIFF,Layout - RCA\Instalaciones de Faenas\N°7\Área IIFF,False,False,True,\\amssclgis08.ams.gmams.cl\CL_MLP_PAO\02_FGDB\CL_MLP_PAO_v1.gdb\CL_MLP_PAO_05_RCA\CL_MLP_PAO_RCA_PO,"{'dataset': 'CL_MLP_PAO_RCA_PO', 'workspace_factory': 'File Geodatabase', 'connection_info': {'database': '\\\\amssclgis08.ams.gmams.cl\\CL_MLP_PAO\\02_FGDB\\CL_MLP_PAO_v1.gdb'}}"
253,MLP SIG PAO LAYOUT OFFLINE v4,3,Layout - RCA\Instalaciones de Faenas\N°8,Layout - RCA\Instalaciones de Faenas\N°8\Obras IIFF,Obras IIFF,Layout - RCA\Instalaciones de Faenas\N°8\Obras IIFF,False,False,True,\\amssclgis08.ams.gmams.cl\CL_MLP_PAO\02_FGDB\CL_MLP_PAO_v1.gdb\CL_MLP_PAO_05_RCA\CL_MLP_PAO_RCA_PO,"{'dataset': 'CL_MLP_PAO_RCA_PO', 'workspace_factory': 'File Geodatabase', 'connection_info': {'database': '\\\\amssclgis08.ams.gmams.cl\\CL_MLP_PAO\\02_FGDB\\CL_MLP_PAO_v1.gdb'}}"
254,MLP SIG PAO LAYOUT OFFLINE v4,3,Layout - RCA\Instalaciones de Faenas\N°8,Layout - RCA\Instalaciones de Faenas\N°8\Área IIFF,Área IIFF,Layout - RCA\Instalaciones de Faenas\N°8\Área IIFF,False,False,True,\\amssclgis08.ams.gmams.cl\CL_MLP_PAO\02_FGDB\CL_MLP_PAO_v1.gdb\CL_MLP_PAO_05_RCA\CL_MLP_PAO_RCA_PO,"{'dataset': 'CL_MLP_PAO_RCA_PO', 'workspace_factory': 'File Geodatabase', 'connection_info': {'database': '\\\\amssclgis08.ams.gmams.cl\\CL_MLP_PAO\\02_FGDB\\CL_MLP_PAO_v1.gdb'}}"
256,MLP SIG PAO LAYOUT OFFLINE v4,3,Layout - RCA\Instalaciones de Faenas\N°9,Layout - RCA\Instalaciones de Faenas\N°9\Obras IIFF,Obras IIFF,Layout - RCA\Instalaciones de Faenas\N°9\Obras IIFF,False,False,True,\\amssclgis08.ams.gmams.cl\CL_MLP_PAO\02_FGDB\CL_MLP_PAO_v1.gdb\CL_MLP_PAO_05_RCA\CL_MLP_PAO_RCA_PO,"{'dataset': 'CL_MLP_PAO_RCA_PO', 'workspace_factory': 'File Geodatabase', 'connection_info': {'database': '\\\\amssclgis08.ams.gmams.cl\\CL_MLP_PAO\\02_FGDB\\CL_MLP_PAO_v1.gdb'}}"
257,MLP SIG PAO LAYOUT OFFLINE v4,3,Layout - RCA\Instalaciones de Faenas\N°9,Layout - RCA\Instalaciones de Faenas\N°9\Área IIFF,Área IIFF,Layout - RCA\Instalaciones de Faenas\N°9\Área IIFF,False,False,True,\\amssclgis08.ams.gmams.cl\CL_MLP_PAO\02_FGDB\CL_MLP_PAO_v1.gdb\CL_MLP_PAO_05_RCA\CL_MLP_PAO_RCA_PO,"{'dataset': 'CL_MLP_PAO_RCA_PO', 'workspace_factory': 'File Geodatabase', 'connection_info': {'database': '\\\\amssclgis08.ams.gmams.cl\\CL_MLP_PAO\\02_FGDB\\CL_MLP_PAO_v1.gdb'}}"
259,MLP SIG PAO LAYOUT OFFLINE v4,3,Layout - RCA\Instalaciones de Faenas\N°10,Layout - RCA\Instalaciones de Faenas\N°10\Obras IIFF,Obras IIFF,Layout - RCA\Instalaciones de Faenas\N°10\Obras IIFF,False,False,True,\\amssclgis08.ams.gmams.cl\CL_MLP_PAO\02_FGDB\CL_MLP_PAO_v1.gdb\CL_MLP_PAO_05_RCA\CL_MLP_PAO_RCA_PO,"{'dataset': 'CL_MLP_PAO_RCA_PO', 'workspace_factory': 'File Geodatabase', 'connection_info': {'database': '\\\\amssclgis08.ams.gmams.cl\\CL_MLP_PAO\\02_FGDB\\CL_MLP_PAO_v1.gdb'}}"
260,MLP SIG PAO LAYOUT OFFLINE v4,3,Layout - RCA\Instalaciones de Faenas\N°10,Layout - RCA\Instalaciones de Faenas\N°10\Área IIFF,Área IIFF,Layout - RCA\Instalaciones de Faenas\N°10\Área IIFF,False,False,True,\\amssclgis08.ams.gmams.cl\CL_MLP_PAO\02_FGDB\CL_MLP_PAO_v1.gdb\CL_MLP_PAO_05_RCA\CL_MLP_PAO_RCA_PO,"{'dataset': 'CL_MLP_PAO_RCA_PO', 'workspace_factory': 'File Geodatabase', 'connection_info': {'database': '\\\\amssclgis08.ams.gmams.cl\\CL_MLP_PAO\\02_FGDB\\CL_MLP_PAO_v1.gdb'}}"
262,MLP SIG PAO LAYOUT OFFLINE v4,3,Layout - RCA\Instalaciones de Faenas\N°11,Layout - RCA\Instalaciones de Faenas\N°11\Obras IIFF,Obras IIFF,Layout - RCA\Instalaciones de Faenas\N°11\Obras IIFF,False,False,True,\\amssclgis08.ams.gmams.cl\CL_MLP_PAO\02_FGDB\CL_MLP_PAO_v1.gdb\CL_MLP_PAO_05_RCA\CL_MLP_PAO_RCA_PO,"{'dataset': 'CL_MLP_PAO_RCA_PO', 'workspace_factory': 'File Geodatabase', 'connection_info': {'database': '\\\\amssclgis08.ams.gmams.cl\\CL_MLP_PAO\\02_FGDB\\CL_MLP_PAO_v1.gdb'}}"
263,MLP SIG PAO LAYOUT OFFLINE v4,3,Layout - RCA\Instalaciones de Faenas\N°11,Layout - RCA\Instalaciones de Faenas\N°11\Área IIFF,Área IIFF,Layout - RCA\Instalaciones de Faenas\N°11\Área IIFF,False,False,True,\\amssclgis08.ams.gmams.cl\CL_MLP_PAO\02_FGDB\CL_MLP_PAO_v1.gdb\CL_MLP_PAO_05_RCA\CL_MLP_PAO_RCA_PO,"{'dataset': 'CL_MLP_PAO_RCA_PO', 'workspace_factory': 'File Geodatabase', 'connection_info': {'database': '\\\\amssclgis08.ams.gmams.cl\\CL_MLP_PAO\\02_FGDB\\CL_MLP_PAO_v1.gdb'}}"
265,MLP SIG PAO LAYOUT OFFLINE v4,3,Layout - RCA\Instalaciones de Faenas\N°12,Layout - RCA\Instalaciones de Faenas\N°12\Obras IIFF,Obras IIFF,Layout - RCA\Instalaciones de Faenas\N°12\Obras IIFF,False,False,True,\\amssclgis08.ams.gmams.cl\CL_MLP_PAO\02_FGDB\CL_MLP_PAO_v1.gdb\CL_MLP_PAO_05_RCA\CL_MLP_PAO_RCA_PO,"{'dataset': 'CL_MLP_PAO_RCA_PO', 'workspace_factory': 'File Geodatabase', 'connection_info': {'database': '\\\\amssclgis08.ams.gmams.cl\\CL_MLP_PAO\\02_FGDB\\CL_MLP_PAO_v1.gdb'}}"
266,MLP SIG PAO LAYOUT OFFLINE v4,3,Layout - RCA\Instalaciones de Faenas\N°12,Layout - RCA\Instalaciones de Faenas\N°12\Área IIFF,Área IIFF,Layout - RCA\Instalaciones de Faenas\N°12\Área IIFF,False,False,True,\\amssclgis08.ams.gmams.cl\CL_MLP_PAO\02_FGDB\CL_MLP_PAO_v1.gdb\CL_MLP_PAO_05_RCA\CL_MLP_PAO_RCA_PO,"{'dataset': 'CL_MLP_PAO_RCA_PO', 'workspace_factory': 'File Geodatabase', 'connection_info': {'database': '\\\\amssclgis08.ams.gmams.cl\\CL_MLP_PAO\\02_FGDB\\CL_MLP_PAO_v1.gdb'}}"
268,MLP SIG PAO LAYOUT OFFLINE v4,3,Layout - RCA\Instalaciones de Faenas\N°13,Layout - RCA\Instalaciones de Faenas\N°13\Obras IIFF,Obras IIFF,Layout - RCA\Instalaciones de Faenas\N°13\Obras IIFF,False,False,True,\\amssclgis08.ams.gmams.cl\CL_MLP_PAO\02_FGDB\CL_MLP_PAO_v1.gdb\CL_MLP_PAO_05_RCA\CL_MLP_PAO_RCA_PO,"{'dataset': 'CL_MLP_PAO_RCA_PO', 'workspace_factory': 'File Geodatabase', 'connection_info': {'database': '\\\\amssclgis08.ams.gmams.cl\\CL_MLP_PAO\\02_FGDB\\CL_MLP_PAO_v1.gdb'}}"
269,MLP SIG PAO LAYOUT OFFLINE v4,3,Layout - RCA\Instalaciones de Faenas\N°13,Layout - RCA\Instalaciones de Faenas\N°13\Área IIFF,Área IIFF,Layout - RCA\Instalaciones de Faenas\N°13\Área IIFF,False,False,True,\\amssclgis08.ams.gmams.cl\CL_MLP_PAO\02_FGDB\CL_MLP_PAO_v1.gdb\CL_MLP_PAO_05_RCA\CL_MLP_PAO_RCA_PO,"{'dataset': 'CL_MLP_PAO_RCA_PO', 'workspace_factory': 'File Geodatabase', 'connection_info': {'database': '\\\\amssclgis08.ams.gmams.cl\\CL_MLP_PAO\\02_FGDB\\CL_MLP_PAO_v1.gdb'}}"
271,MLP SIG PAO LAYOUT OFFLINE v4,3,Layout - RCA\Instalaciones de Faenas\N°13A,Layout - RCA\Instalaciones de Faenas\N°13A\Obras IIFF,Obras IIFF,Layout - RCA\Instalaciones de Faenas\N°13A\Obras IIFF,False,False,True,\\amssclgis08.ams.gmams.cl\CL_MLP_PAO\02_FGDB\CL_MLP_PAO_v1.gdb\CL_MLP_PAO_05_RCA\CL_MLP_PAO_RCA_PO,"{'dataset': 'CL_MLP_PAO_RCA_PO', 'workspace_factory': 'File Geodatabase', 'connection_info': {'database': '\\\\amssclgis08.ams.gmams.cl\\CL_MLP_PAO\\02_FGDB\\CL_MLP_PAO_v1.gdb'}}"
272,MLP SIG PAO LAYOUT OFFLINE v4,3,Layout - RCA\Instalaciones de Faenas\N°13A,Layout - RCA\Instalaciones de Faenas\N°13A\Área IIFF,Área IIFF,Layout - RCA\Instalaciones de Faenas\N°13A\Área IIFF,False,False,True,\\amssclgis08.ams.gmams.cl\CL_MLP_PAO\02_FGDB\CL_MLP_PAO_v1.gdb\CL_MLP_PAO_05_RCA\CL_MLP_PAO_RCA_PO,"{'dataset': 'CL_MLP_PAO_RCA_PO', 'workspace_factory': 'File Geodatabase', 'connection_info': {'database': '\\\\amssclgis08.ams.gmams.cl\\CL_MLP_PAO\\02_FGDB\\CL_MLP_PAO_v1.gdb'}}"
274,MLP SIG PAO LAYOUT OFFLINE v4,3,Layout - RCA\Instalaciones de Faenas\N°14,Layout - RCA\Instalaciones de Faenas\N°14\Obras IIFF,Obras IIFF,Layout - RCA\Instalaciones de Faenas\N°14\Obras IIFF,False,False,True,\\amssclgis08.ams.gmams.cl\CL_MLP_PAO\02_FGDB\CL_MLP_PAO_v1.gdb\CL_MLP_PAO_05_RCA\CL_MLP_PAO_RCA_PO,"{'dataset': 'CL_MLP_PAO_RCA_PO', 'workspace_factory': 'File Geodatabase', 'connection_info': {'database': '\\\\amssclgis08.ams.gmams.cl\\CL_MLP_PAO\\02_FGDB\\CL_MLP_PAO_v1.gdb'}}"
275,MLP SIG PAO LAYOUT OFFLINE v4,3,Layout - RCA\Instalaciones de Faenas\N°14,Layout - RCA\Instalaciones de Faenas\N°14\Área IIFF,Área IIFF,Layout - RCA\Instalaciones de Faenas\N°14\Área IIFF,False,False,True,\\amssclgis08.ams.gmams.cl\CL_MLP_PAO\02_FGDB\CL_MLP_PAO_v1.gdb\CL_MLP_PAO_05_RCA\CL_MLP_PAO_RCA_PO,"{'dataset': 'CL_MLP_PAO_RCA_PO', 'workspace_factory': 'File Geodatabase', 'connection_info': {'database': '\\\\amssclgis08.ams.gmams.cl\\CL_MLP_PAO\\02_FGDB\\CL_MLP_PAO_v1.gdb'}}"
277,MLP SIG PAO LAYOUT OFFLINE v4,3,Layout - RCA\Instalaciones de Faenas\N°14A,Layout - RCA\Instalaciones de Faenas\N°14A\Obras IIFF,Obras IIFF,Layout - RCA\Instalaciones de Faenas\N°14A\Obras IIFF,False,False,True,\\amssclgis08.ams.gmams.cl\CL_MLP_PAO\02_FGDB\CL_MLP_PAO_v1.gdb\CL_MLP_PAO_05_RCA\CL_MLP_PAO_RCA_PO,"{'dataset': 'CL_MLP_PAO_RCA_PO', 'workspace_factory': 'File Geodatabase', 'connection_info': {'database': '\\\\amssclgis08.ams.gmams.cl\\CL_MLP_PAO\\02_FGDB\\CL_MLP_PAO_v1.gdb'}}"
278,MLP SIG PAO LAYOUT OFFLINE v4,3,Layout - RCA\Instalaciones de Faenas\N°14A,Layout - RCA\Instalaciones de Faenas\N°14A\Área IIFF,Área IIFF,Layout - RCA\Instalaciones de Faenas\N°14A\Área IIFF,False,False,True,\\amssclgis08.ams.gmams.cl\CL_MLP_PAO\02_FGDB\CL_MLP_PAO_v1.gdb\CL_MLP_PAO_05_RCA\CL_MLP_PAO_RCA_PO,"{'dataset': 'CL_MLP_PAO_RCA_PO', 'workspace_factory': 'File Geodatabase', 'connection_info': {'database': '\\\\amssclgis08.ams.gmams.cl\\CL_MLP_PAO\\02_FGDB\\CL_MLP_PAO_v1.gdb'}}"
280,MLP SIG PAO LAYOUT OFFLINE v4,3,Layout - RCA\Instalaciones de Faenas\N°14B,Layout - RCA\Instalaciones de Faenas\N°14B\Obras IIFF,Obras IIFF,Layout - RCA\Instalaciones de Faenas\N°14B\Obras IIFF,False,False,True,\\amssclgis08.ams.gmams.cl\CL_MLP_PAO\02_FGDB\CL_MLP_PAO_v1.gdb\CL_MLP_PAO_05_RCA\CL_MLP_PAO_RCA_PO,"{'dataset': 'CL_MLP_PAO_RCA_PO', 'workspace_factory': 'File Geodatabase', 'connection_info': {'database': '\\\\amssclgis08.ams.gmams.cl\\CL_MLP_PAO\\02_FGDB\\CL_MLP_PAO_v1.gdb'}}"
281,MLP SIG PAO LAYOUT OFFLINE v4,3,Layout - RCA\Instalaciones de Faenas\N°14B,Layout - RCA\Instalaciones de Faenas\N°14B\Área IIFF,Área IIFF,Layout - RCA\Instalaciones de Faenas\N°14B\Área IIFF,False,False,True,\\amssclgis08.ams.gmams.cl\CL_MLP_PAO\02_FGDB\CL_MLP_PAO_v1.gdb\CL_MLP_PAO_05_RCA\CL_MLP_PAO_RCA_PO,"{'dataset': 'CL_MLP_PAO_RCA_PO', 'workspace_factory': 'File Geodatabase', 'connection_info': {'database': '\\\\amssclgis08.ams.gmams.cl\\CL_MLP_PAO\\02_FGDB\\CL_MLP_PAO_v1.gdb'}}"
283,MLP SIG PAO LAYOUT OFFLINE v4,3,Layout - RCA\Instalaciones de Faenas\N°14C,Layout - RCA\Instalaciones de Faenas\N°14C\Obras IIFF,Obras IIFF,Layout - RCA\Instalaciones de Faenas\N°14C\Obras IIFF,False,False,True,\\amssclgis08.ams.gmams.cl\CL_MLP_PAO\02_FGDB\CL_MLP_PAO_v1.gdb\CL_MLP_PAO_05_RCA\CL_MLP_PAO_RCA_PO,"{'dataset': 'CL_MLP_PAO_RCA_PO', 'workspace_factory': 'File Geodatabase', 'connection_info': {'database': '\\\\amssclgis08.ams.gmams.cl\\CL_MLP_PAO\\02_FGDB\\CL_MLP_PAO_v1.gdb'}}"
284,MLP SIG PAO LAYOUT OFFLINE v4,3,Layout - RCA\Instalaciones de Faenas\N°14C,Layout - RCA\Instalaciones de Faenas\N°14C\Área IIFF,Área IIFF,Layout - RCA\Instalaciones de Faenas\N°14C\Área IIFF,False,False,True,\\amssclgis08.ams.gmams.cl\CL_MLP_PAO\02_FGDB\CL_MLP_PAO_v1.gdb\CL_MLP_PAO_05_RCA\CL_MLP_PAO_RCA_PO,"{'dataset': 'CL_MLP_PAO_RCA_PO', 'workspace_factory': 'File Geodatabase', 'connection_info': {'database': '\\\\amssclgis08.ams.gmams.cl\\CL_MLP_PAO\\02_FGDB\\CL_MLP_PAO_v1.gdb'}}"
286,MLP SIG PAO LAYOUT OFFLINE v4,3,Layout - RCA\Instalaciones de Faenas\N°14D,Layout - RCA\Instalaciones de Faenas\N°14D\Obras IIFF,Obras IIFF,Layout - RCA\Instalaciones de Faenas\N°14D\Obras IIFF,False,False,True,\\amssclgis08.ams.gmams.cl\CL_MLP_PAO\02_FGDB\CL_MLP_PAO_v1.gdb\CL_MLP_PAO_05_RCA\CL_MLP_PAO_RCA_PO,"{'dataset': 'CL_MLP_PAO_RCA_PO', 'workspace_factory': 'File Geodatabase', 'connection_info': {'database': '\\\\amssclgis08.ams.gmams.cl\\CL_MLP_PAO\\02_FGDB\\CL_MLP_PAO_v1.gdb'}}"
287,MLP SIG PAO LAYOUT OFFLINE v4,3,Layout - RCA\Instalaciones de Faenas\N°14D,Layout - RCA\Instalaciones de Faenas\N°14D\Área IIFF,Área IIFF,Layout - RCA\Instalaciones de Faenas\N°14D\Área IIFF,False,False,True,\\amssclgis08.ams.gmams.cl\CL_MLP_PAO\02_FGDB\CL_MLP_PAO_v1.gdb\CL_MLP_PAO_05_RCA\CL_MLP_PAO_RCA_PO,"{'dataset': 'CL_MLP_PAO_RCA_PO', 'workspace_factory': 'File Geodatabase', 'connection_info': {'database': '\\\\amssclgis08.ams.gmams.cl\\CL_MLP_PAO\\02_FGDB\\CL_MLP_PAO_v1.gdb'}}"
289,MLP SIG PAO LAYOUT OFFLINE v4,3,Layout - RCA\Instalaciones de Faenas\N°15,Layout - RCA\Instalaciones de Faenas\N°15\Obras IIFF,Obras IIFF,Layout - RCA\Instalaciones de Faenas\N°15\Obras IIFF,False,False,True,\\amssclgis08.ams.gmams.cl\CL_MLP_PAO\02_FGDB\CL_MLP_PAO_v1.gdb\CL_MLP_PAO_05_RCA\CL_MLP_PAO_RCA_PO,"{'dataset': 'CL_MLP_PAO_RCA_PO', 'workspace_factory': 'File Geodatabase', 'connection_info': {'database': '\\\\amssclgis08.ams.gmams.cl\\CL_MLP_PAO\\02_FGDB\\CL_MLP_PAO_v1.gdb'}}"
290,MLP SIG PAO LAYOUT OFFLINE v4,3,Layout - RCA\Instalaciones de Faenas\N°15,Layout - RCA\Instalaciones de Faenas\N°15\Área IIFF,Área IIFF,Layout - RCA\Instalaciones de Faenas\N°15\Área IIFF,False,False,True,\\amssclgis08.ams.gmams.cl\CL_MLP_PAO\02_FGDB\CL_MLP_PAO_v1.gdb\CL_MLP_PAO_05_RCA\CL_MLP_PAO_RCA_PO,"{'dataset': 'CL_MLP_PAO_RCA_PO', 'workspace_factory': 'File Geodatabase', 'connection_info': {'database': '\\\\amssclgis08.ams.gmams.cl\\CL_MLP_PAO\\02_FGDB\\CL_MLP_PAO_v1.gdb'}}"
292,MLP SIG PAO LAYOUT OFFLINE v4,3,Layout - RCA\Instalaciones de Faenas\N°16,Layout - RCA\Instalaciones de Faenas\N°16\Obras IIFF,Obras IIFF,Layout - RCA\Instalaciones de Faenas\N°16\Obras IIFF,False,False,True,\\amssclgis08.ams.gmams.cl\CL_MLP_PAO\02_FGDB\CL_MLP_PAO_v1.gdb\CL_MLP_PAO_05_RCA\CL_MLP_PAO_RCA_PO,"{'dataset': 'CL_MLP_PAO_RCA_PO', 'workspace_factory': 'File Geodatabase', 'connection_info': {'database': '\\\\amssclgis08.ams.gmams.cl\\CL_MLP_PAO\\02_FGDB\\CL_MLP_PAO_v1.gdb'}}"
293,MLP SIG PAO LAYOUT OFFLINE v4,3,Layout - RCA\Instalaciones de Faenas\N°16,Layout - RCA\Instalaciones de Faenas\N°16\Área IIFF,Área IIFF,Layout - RCA\Instalaciones de Faenas\N°16\Área IIFF,False,False,True,\\amssclgis08.ams.gmams.cl\CL_MLP_PAO\02_FGDB\CL_MLP_PAO_v1.gdb\CL_MLP_PAO_05_RCA\CL_MLP_PAO_RCA_PO,"{'dataset': 'CL_MLP_PAO_RCA_PO', 'workspace_factory': 'File Geodatabase', 'connection_info': {'database': '\\\\amssclgis08.ams.gmams.cl\\CL_MLP_PAO\\02_FGDB\\CL_MLP_PAO_v1.gdb'}}"
295,MLP SIG PAO LAYOUT OFFLINE v4,3,Layout - RCA\Instalaciones de Faenas\N°17,Layout - RCA\Instalaciones de Faenas\N°17\Obras IIFF,Obras IIFF,Layout - RCA\Instalaciones de Faenas\N°17\Obras IIFF,False,False,True,\\amssclgis08.ams.gmams.cl\CL_MLP_PAO\02_FGDB\CL_MLP_PAO_v1.gdb\CL_MLP_PAO_05_RCA\CL_MLP_PAO_RCA_PO,"{'dataset': 'CL_MLP_PAO_RCA_PO', 'workspace_factory': 'File Geodatabase', 'connection_info': {'database': '\\\\amssclgis08.ams.gmams.cl\\CL_MLP_PAO\\02_FGDB\\CL_MLP_PAO_v1.gdb'}}"
296,MLP SIG PAO LAYOUT OFFLINE v4,3,Layout - RCA\Instalaciones de Faenas\N°17,Layout - RCA\Instalaciones de Faenas\N°17\Área IIFF,Área IIFF,Layout - RCA\Instalaciones de Faenas\N°17\Área IIFF,False,False,True,\\amssclgis08.ams.gmams.cl\CL_MLP_PAO\02_FGDB\CL_MLP_PAO_v1.gdb\CL_MLP_PAO_05_RCA\CL_MLP_PAO_RCA_PO,"{'dataset': 'CL_MLP_PAO_RCA_PO', 'workspace_factory': 'File Geodatabase', 'connection_info': {'database': '\\\\amssclgis08.ams.gmams.cl\\CL_MLP_PAO\\02_FGDB\\CL_MLP_PAO_v1.gdb'}}"
298,MLP SIG PAO LAYOUT OFFLINE v4,2,Layout - RCA\Nuevo Sitio de disposición final de residuos no peligrosos (SDR-NP),Layout - RCA\Nuevo Sitio de disposición final de residuos no peligrosos (SDR-NP)\Camino de Acceso,Camino de Acceso,Layout - RCA\Nuevo Sitio de disposición final de residuos no peligrosos (SDR-NP)\Camino de Acceso,False,False,True,\\amssclgis08.ams.gmams.cl\CL_MLP_PAO\02_FGDB\CL_MLP_PAO_v1.gdb\CL_MLP_PAO_05_RCA\CL_MLP_PAO_RCA_LI,"{'dataset': 'CL_MLP_PAO_RCA_LI', 'workspace_factory': 'File Geodatabase', 'connection_info': {'database': '\\\\amssclgis08.ams.gmams.cl\\CL_MLP_PAO\\02_FGDB\\CL_MLP_PAO_v1.gdb'}}"
299,MLP SIG PAO LAYOUT OFFLINE v4,2,Layout - RCA\Nuevo Sitio de disposición final de residuos no peligrosos (SDR-NP),Layout - RCA\Nuevo Sitio de disposición final de residuos no peligrosos (SDR-NP)\Obras,Obras,Layout - RCA\Nuevo Sitio de disposición final de residuos no peligrosos (SDR-NP)\Obras,False,False,True,\\amssclgis08.ams.gmams.cl\CL_MLP_PAO\02_FGDB\CL_MLP_PAO_v1.gdb\CL_MLP_PAO_05_RCA\CL_MLP_PAO_RCA_PO,"{'dataset': 'CL_MLP_PAO_RCA_PO', 'workspace_factory': 'File Geodatabase', 'connection_info': {'database': '\\\\amssclgis08.ams.gmams.cl\\CL_MLP_PAO\\02_FGDB\\CL_MLP_PAO_v1.gdb'}}"
301,MLP SIG PAO LAYOUT OFFLINE v4,2,Layout - RCA\Patios de Acopio,Layout - RCA\Patios de Acopio\Accesos a Patios,Accesos a Patios,Layout - RCA\Patios de Acopio\Accesos a Patios,False,False,True,\\amssclgis08.ams.gmams.cl\CL_MLP_PAO\02_FGDB\CL_MLP_PAO_v1.gdb\CL_MLP_PAO_05_RCA\CL_MLP_PAO_RCA_PO,"{'dataset': 'CL_MLP_PAO_RCA_PO', 'workspace_factory': 'File Geodatabase', 'connection_info': {'database': '\\\\amssclgis08.ams.gmams.cl\\CL_MLP_PAO\\02_FGDB\\CL_MLP_PAO_v1.gdb'}}"
302,MLP SIG PAO LAYOUT OFFLINE v4,2,Layout - RCA\Patios de Acopio,Layout - RCA\Patios de Acopio\Patios de Acopio,Patios de Acopio,Layout - RCA\Patios de Acopio\Patios de Acopio,False,False,True,\\amssclgis08.ams.gmams.cl\CL_MLP_PAO\02_FGDB\CL_MLP_PAO_v1.gdb\CL_MLP_PAO_05_RCA\CL_MLP_PAO_RCA_PO,"{'dataset': 'CL_MLP_PAO_RCA_PO', 'workspace_factory': 'File Geodatabase', 'connection_info': {'database': '\\\\amssclgis08.ams.gmams.cl\\CL_MLP_PAO\\02_FGDB\\CL_MLP_PAO_v1.gdb'}}"
304,MLP SIG PAO LAYOUT OFFLINE v4,2,Layout - RCA\SRA-II,Layout - RCA\SRA-II\Conexiones de Drenaje,Conexiones de Drenaje,Layout - RCA\SRA-II\Conexiones de Drenaje,False,False,True,\\amssclgis08.ams.gmams.cl\CL_MLP_PAO\02_FGDB\CL_MLP_PAO_v1.gdb\CL_MLP_PAO_05_RCA\CL_MLP_PAO_RCA_LI,"{'dataset': 'CL_MLP_PAO_RCA_LI', 'workspace_factory': 'File Geodatabase', 'connection_info': {'database': '\\\\amssclgis08.ams.gmams.cl\\CL_MLP_PAO\\02_FGDB\\CL_MLP_PAO_v1.gdb'}}"
306,MLP SIG PAO LAYOUT OFFLINE v4,3,Layout - RCA\SRA-II\Accesos y Caminos,Layout - RCA\SRA-II\Accesos y Caminos\Accesos Puntuales,Accesos Puntuales,Layout - RCA\SRA-II\Accesos y Caminos\Accesos Puntuales,False,False,True,\\amssclgis08.ams.gmams.cl\CL_MLP_PAO\02_FGDB\CL_MLP_PAO_v1.gdb\CL_MLP_PAO_05_RCA\CL_MLP_PAO_RCA_PU,"{'dataset': 'CL_MLP_PAO_RCA_PU', 'workspace_factory': 'File Geodatabase', 'connection_info': {'database': '\\\\amssclgis08.ams.gmams.cl\\CL_MLP_PAO\\02_FGDB\\CL_MLP_PAO_v1.gdb'}}"
307,MLP SIG PAO LAYOUT OFFLINE v4,3,Layout - RCA\SRA-II\Accesos y Caminos,Layout - RCA\SRA-II\Accesos y Caminos\Accesos Lineales,Accesos Lineales,Layout - RCA\SRA-II\Accesos y Caminos\Accesos Lineales,False,False,True,\\amssclgis08.ams.gmams.cl\CL_MLP_PAO\02_FGDB\CL_MLP_PAO_v1.gdb\CL_MLP_PAO_05_RCA\CL_MLP_PAO_RCA_LI,"{'dataset': 'CL_MLP_PAO_RCA_LI', 'workspace_factory': 'File Geodatabase', 'connection_info': {'database': '\\\\amssclgis08.ams.gmams.cl\\CL_MLP_PAO\\02_FGDB\\CL_MLP_PAO_v1.gdb'}}"
308,MLP SIG PAO LAYOUT OFFLINE v4,2,Layout - RCA\SRA-II,Layout - RCA\SRA-II\Plataforma SRA-2,Plataforma SRA-2,Layout - RCA\SRA-II\Plataforma SRA-2,False,False,True,\\amssclgis08.ams.gmams.cl\CL_MLP_PAO\02_FGDB\CL_MLP_PAO_v1.gdb\CL_MLP_PAO_05_RCA\CL_MLP_PAO_RCA_PO,"{'dataset': 'CL_MLP_PAO_RCA_PO', 'workspace_factory': 'File Geodatabase', 'connection_info': {'database': '\\\\amssclgis08.ams.gmams.cl\\CL_MLP_PAO\\02_FGDB\\CL_MLP_PAO_v1.gdb'}}"
311,MLP SIG PAO LAYOUT OFFLINE v4,4,Layout - RCA\SRA-II\Instalaciones Permanentes\Tuberia SRA-2,Layout - RCA\SRA-II\Instalaciones Permanentes\Tuberia SRA-2\Kilometraje SRA-2,Kilometraje SRA-2,Layout - RCA\SRA-II\Instalaciones Permanentes\Tuberia SRA-2\Kilometraje SRA-2,False,False,False,\\amssclgis08.ams.gmams.cl\CL_MLP_PAO\02_FGDB\CL_MLP_PAO_v1.gdb\CL_MLP_PAO_05_RCA\CL_MLP_PAO_RCA_PU,"{'dataset': 'CL_MLP_PAO_RCA_PU', 'workspace_factory': 'File Geodatabase', 'connection_info': {'database': '\\\\amssclgis08.ams.gmams.cl\\CL_MLP_PAO\\02_FGDB\\CL_MLP_PAO_v1.gdb'}}"
312,MLP SIG PAO LAYOUT OFFLINE v4,4,Layout - RCA\SRA-II\Instalaciones Permanentes\Tuberia SRA-2,Layout - RCA\SRA-II\Instalaciones Permanentes\Tuberia SRA-2\Tubería SRA-2,Tubería SRA-2,Layout - RCA\SRA-II\Instalaciones Permanentes\Tuberia SRA-2\Tubería SRA-2,False,False,True,\\amssclgis08.ams.gmams.cl\CL_MLP_PAO\02_FGDB\CL_MLP_PAO_v1.gdb\CL_MLP_PAO_05_RCA\CL_MLP_PAO_RCA_LI,"{'dataset': 'CL_MLP_PAO_RCA_LI', 'workspace_factory': 'File Geodatabase', 'connection_info': {'database': '\\\\amssclgis08.ams.gmams.cl\\CL_MLP_PAO\\02_FGDB\\CL_MLP_PAO_v1.gdb'}}"
314,MLP SIG PAO LAYOUT OFFLINE v4,4,Layout - RCA\SRA-II\Instalaciones Permanentes\Instalaciones,Layout - RCA\SRA-II\Instalaciones Permanentes\Instalaciones\Obras Nuevas,Obras Nuevas,Layout - RCA\SRA-II\Instalaciones Permanentes\Instalaciones\Obras Nuevas,False,False,True,\\amssclgis08.ams.gmams.cl\CL_MLP_PAO\02_FGDB\CL_MLP_PAO_v1.gdb\CL_MLP_PAO_05_RCA\CL_MLP_PAO_RCA_PO,"{'dataset': 'CL_MLP_PAO_RCA_PO', 'workspace_factory': 'File Geodatabase', 'connection_info': {'database': '\\\\amssclgis08.ams.gmams.cl\\CL_MLP_PAO\\02_FGDB\\CL_MLP_PAO_v1.gdb'}}"
315,MLP SIG PAO LAYOUT OFFLINE v4,4,Layout - RCA\SRA-II\Instalaciones Permanentes\Instalaciones,Layout - RCA\SRA-II\Instalaciones Permanentes\Instalaciones\Instalaciones Existentes,Instalaciones Existentes,Layout - RCA\SRA-II\Instalaciones Permanentes\Instalaciones\Instalaciones Existentes,False,False,True,\\amssclgis08.ams.gmams.cl\CL_MLP_PAO\02_FGDB\CL_MLP_PAO_v1.gdb\CL_MLP_PAO_05_RCA\CL_MLP_PAO_RCA_PO,"{'dataset': 'CL_MLP_PAO_RCA_PO', 'workspace_factory': 'File Geodatabase', 'connection_info': {'database': '\\\\amssclgis08.ams.gmams.cl\\CL_MLP_PAO\\02_FGDB\\CL_MLP_PAO_v1.gdb'}}"
316,MLP SIG PAO LAYOUT OFFLINE v4,2,Layout - RCA\SRA-II,Layout - RCA\SRA-II\Obras Temporales,Obras Temporales,Layout - RCA\SRA-II\Obras Temporales,False,False,True,\\amssclgis08.ams.gmams.cl\CL_MLP_PAO\02_FGDB\CL_MLP_PAO_v1.gdb\CL_MLP_PAO_05_RCA\CL_MLP_PAO_RCA_PO,"{'dataset': 'CL_MLP_PAO_RCA_PO', 'workspace_factory': 'File Geodatabase', 'connection_info': {'database': '\\\\amssclgis08.ams.gmams.cl\\CL_MLP_PAO\\02_FGDB\\CL_MLP_PAO_v1.gdb'}}"
319,MLP SIG PAO LAYOUT OFFLINE v4,3,Layout - RCA\Obras Tranque El Mauro\Obras Existentes,Layout - RCA\Obras Tranque El Mauro\Obras Existentes\Línea de Agua de Drenes - Etapa 1,Línea de Agua de Drenes - Etapa 1,Layout - RCA\Obras Tranque El Mauro\Obras Existentes\Línea de Agua de Drenes - Etapa 1,False,False,True,\\amssclgis08.ams.gmams.cl\CL_MLP_PAO\02_FGDB\CL_MLP_PAO_v1.gdb\CL_MLP_PAO_05_RCA\CL_MLP_PAO_RCA_LI,"{'dataset': 'CL_MLP_PAO_RCA_LI', 'workspace_factory': 'File Geodatabase', 'connection_info': {'database': '\\\\amssclgis08.ams.gmams.cl\\CL_MLP_PAO\\02_FGDB\\CL_MLP_PAO_v1.gdb'}}"
320,MLP SIG PAO LAYOUT OFFLINE v4,3,Layout - RCA\Obras Tranque El Mauro\Obras Existentes,Layout - RCA\Obras Tranque El Mauro\Obras Existentes\Trazado INCO,Trazado INCO,Layout - RCA\Obras Tranque El Mauro\Obras Existentes\Trazado INCO,False,False,True,\\amssclgis08.ams.gmams.cl\CL_MLP_PAO\02_FGDB\CL_MLP_PAO_v1.gdb\CL_MLP_PAO_05_RCA\CL_MLP_PAO_RCA_LI,"{'dataset': 'CL_MLP_PAO_RCA_LI', 'workspace_factory': 'File Geodatabase', 'connection_info': {'database': '\\\\amssclgis08.ams.gmams.cl\\CL_MLP_PAO\\02_FGDB\\CL_MLP_PAO_v1.gdb'}}"
322,MLP SIG PAO LAYOUT OFFLINE v4,3,Layout - RCA\Obras Tranque El Mauro\Obras Nuevas,Layout - RCA\Obras Tranque El Mauro\Obras Nuevas\Obras Canal de Contorno Norte II,Obras Canal de Contorno Norte II,Layout - RCA\Obras Tranque El Mauro\Obras Nuevas\Obras Canal de Contorno Norte II,False,False,True,\\amssclgis08.ams.gmams.cl\CL_MLP_PAO\02_FGDB\CL_MLP_PAO_v1.gdb\CL_MLP_PAO_05_RCA\CL_MLP_PAO_RCA_PO,"{'dataset': 'CL_MLP_PAO_RCA_PO', 'workspace_factory': 'File Geodatabase', 'connection_info': {'database': '\\\\amssclgis08.ams.gmams.cl\\CL_MLP_PAO\\02_FGDB\\CL_MLP_PAO_v1.gdb'}}"
323,MLP SIG PAO LAYOUT OFFLINE v4,3,Layout - RCA\Obras Tranque El Mauro\Obras Nuevas,Layout - RCA\Obras Tranque El Mauro\Obras Nuevas\Obras Canal de Contorno Sur,Obras Canal de Contorno Sur,Layout - RCA\Obras Tranque El Mauro\Obras Nuevas\Obras Canal de Contorno Sur,False,False,True,\\amssclgis08.ams.gmams.cl\CL_MLP_PAO\02_FGDB\CL_MLP_PAO_v1.gdb\CL_MLP_PAO_05_RCA\CL_MLP_PAO_RCA_PO,"{'dataset': 'CL_MLP_PAO_RCA_PO', 'workspace_factory': 'File Geodatabase', 'connection_info': {'database': '\\\\amssclgis08.ams.gmams.cl\\CL_MLP_PAO\\02_FGDB\\CL_MLP_PAO_v1.gdb'}}"
325,MLP SIG PAO LAYOUT OFFLINE v4,4,Layout - RCA\Obras Tranque El Mauro\Obras Nuevas\Línea Agua de Drenes,Layout - RCA\Obras Tranque El Mauro\Obras Nuevas\Línea Agua de Drenes\Línea Agua de Drenes,Línea Agua de Drenes,Layout - RCA\Obras Tranque El Mauro\Obras Nuevas\Línea Agua de Drenes\Línea Agua de Drenes,False,False,True,\\amssclgis08.ams.gmams.cl\CL_MLP_PAO\02_FGDB\CL_MLP_PAO_v1.gdb\CL_MLP_PAO_05_RCA\CL_MLP_PAO_RCA_LI,"{'dataset': 'CL_MLP_PAO_RCA_LI', 'workspace_factory': 'File Geodatabase', 'connection_info': {'database': '\\\\amssclgis08.ams.gmams.cl\\CL_MLP_PAO\\02_FGDB\\CL_MLP_PAO_v1.gdb'}}"
326,MLP SIG PAO LAYOUT OFFLINE v4,4,Layout - RCA\Obras Tranque El Mauro\Obras Nuevas\Línea Agua de Drenes,Layout - RCA\Obras Tranque El Mauro\Obras Nuevas\Línea Agua de Drenes\Camino Instalación de fanea ByPass,Camino Instalación de fanea ByPass,Layout - RCA\Obras Tranque El Mauro\Obras Nuevas\Línea Agua de Drenes\Camino Instalación de fanea ByPass,False,False,True,\\amssclgis08.ams.gmams.cl\CL_MLP_PAO\02_FGDB\CL_MLP_PAO_v1.gdb\CL_MLP_PAO_05_RCA\CL_MLP_PAO_RCA_PO,"{'dataset': 'CL_MLP_PAO_RCA_PO', 'workspace_factory': 'File Geodatabase', 'connection_info': {'database': '\\\\amssclgis08.ams.gmams.cl\\CL_MLP_PAO\\02_FGDB\\CL_MLP_PAO_v1.gdb'}}"
327,MLP SIG PAO LAYOUT OFFLINE v4,3,Layout - RCA\Obras Tranque El Mauro\Obras Nuevas,Layout - RCA\Obras Tranque El Mauro\Obras Nuevas\Plataforma Integrada,Plataforma Integrada,Layout - RCA\Obras Tranque El Mauro\Obras Nuevas\Plataforma Integrada,False,False,True,\\amssclgis08.ams.gmams.cl\CL_MLP_PAO\02_FGDB\CL_MLP_PAO_v1.gdb\CL_MLP_PAO_05_RCA\CL_MLP_PAO_RCA_PO,"{'dataset': 'CL_MLP_PAO_RCA_PO', 'workspace_factory': 'File Geodatabase', 'connection_info': {'database': '\\\\amssclgis08.ams.gmams.cl\\CL_MLP_PAO\\02_FGDB\\CL_MLP_PAO_v1.gdb'}}"
329,MLP SIG PAO LAYOUT OFFLINE v4,4,Layout - RCA\Obras Tranque El Mauro\Obras Nuevas\Muro de Pie,Layout - RCA\Obras Tranque El Mauro\Obras Nuevas\Muro de Pie\Caminos de acceso,Caminos de acceso,Layout - RCA\Obras Tranque El Mauro\Obras Nuevas\Muro de Pie\Caminos de acceso,False,False,True,\\amssclgis08.ams.gmams.cl\CL_MLP_PAO\02_FGDB\CL_MLP_PAO_v1.gdb\CL_MLP_PAO_05_RCA\CL_MLP_PAO_RCA_PO,"{'dataset': 'CL_MLP_PAO_RCA_PO', 'workspace_factory': 'File Geodatabase', 'connection_info': {'database': '\\\\amssclgis08.ams.gmams.cl\\CL_MLP_PAO\\02_FGDB\\CL_MLP_PAO_v1.gdb'}}"
330,MLP SIG PAO LAYOUT OFFLINE v4,4,Layout - RCA\Obras Tranque El Mauro\Obras Nuevas\Muro de Pie,Layout - RCA\Obras Tranque El Mauro\Obras Nuevas\Muro de Pie\Muro de Pie,Muro de Pie,Layout - RCA\Obras Tranque El Mauro\Obras Nuevas\Muro de Pie\Muro de Pie,False,False,True,\\amssclgis08.ams.gmams.cl\CL_MLP_PAO\02_FGDB\CL_MLP_PAO_v1.gdb\CL_MLP_PAO_05_RCA\CL_MLP_PAO_RCA_PO,"{'dataset': 'CL_MLP_PAO_RCA_PO', 'workspace_factory': 'File Geodatabase', 'connection_info': {'database': '\\\\amssclgis08.ams.gmams.cl\\CL_MLP_PAO\\02_FGDB\\CL_MLP_PAO_v1.gdb'}}"
331,MLP SIG PAO LAYOUT OFFLINE v4,4,Layout - RCA\Obras Tranque El Mauro\Obras Nuevas\Muro de Pie,Layout - RCA\Obras Tranque El Mauro\Obras Nuevas\Muro de Pie\Empréstito,Empréstito,Layout - RCA\Obras Tranque El Mauro\Obras Nuevas\Muro de Pie\Empréstito,False,False,True,\\amssclgis08.ams.gmams.cl\CL_MLP_PAO\02_FGDB\CL_MLP_PAO_v1.gdb\CL_MLP_PAO_05_RCA\CL_MLP_PAO_RCA_PO,"{'dataset': 'CL_MLP_PAO_RCA_PO', 'workspace_factory': 'File Geodatabase', 'connection_info': {'database': '\\\\amssclgis08.ams.gmams.cl\\CL_MLP_PAO\\02_FGDB\\CL_MLP_PAO_v1.gdb'}}"
334,MLP SIG PAO LAYOUT OFFLINE v4,3,Layout - RCA\Nuevo Sistema de Transporte de Concentrado (STC)\Accesos,Layout - RCA\Nuevo Sistema de Transporte de Concentrado (STC)\Accesos\Accesos puntual,Accesos puntual,Layout - RCA\Nuevo Sistema de Transporte de Concentrado (STC)\Accesos\Accesos puntual,False,False,True,\\amssclgis08.ams.gmams.cl\CL_MLP_PAO\02_FGDB\CL_MLP_PAO_v1.gdb\CL_MLP_PAO_05_RCA\CL_MLP_PAO_RCA_PU,"{'dataset': 'CL_MLP_PAO_RCA_PU', 'workspace_factory': 'File Geodatabase', 'connection_info': {'database': '\\\\amssclgis08.ams.gmams.cl\\CL_MLP_PAO\\02_FGDB\\CL_MLP_PAO_v1.gdb'}}"
335,MLP SIG PAO LAYOUT OFFLINE v4,3,Layout - RCA\Nuevo Sistema de Transporte de Concentrado (STC)\Accesos,Layout - RCA\Nuevo Sistema de Transporte de Concentrado (STC)\Accesos\Caminos de Acceso lineal,Caminos de Acceso lineal,Layout - RCA\Nuevo Sistema de Transporte de Concentrado (STC)\Accesos\Caminos de Acceso lineal,False,False,True,\\amssclgis08.ams.gmams.cl\CL_MLP_PAO\02_FGDB\CL_MLP_PAO_v1.gdb\CL_MLP_PAO_05_RCA\CL_MLP_PAO_RCA_LI,"{'dataset': 'CL_MLP_PAO_RCA_LI', 'workspace_factory': 'File Geodatabase', 'connection_info': {'database': '\\\\amssclgis08.ams.gmams.cl\\CL_MLP_PAO\\02_FGDB\\CL_MLP_PAO_v1.gdb'}}"
338,MLP SIG PAO LAYOUT OFFLINE v4,4,Layout - RCA\Nuevo Sistema de Transporte de Concentrado (STC)\Lineas Eléctricas\Línea Electrica EM1,Layout - RCA\Nuevo Sistema de Transporte de Concentrado (STC)\Lineas Eléctricas\Línea Electrica EM1\Postes,Postes,Layout - RCA\Nuevo Sistema de Transporte de Concentrado (STC)\Lineas Eléctricas\Línea Electrica EM1\Postes,False,False,True,\\amssclgis08.ams.gmams.cl\CL_MLP_PAO\02_FGDB\CL_MLP_PAO_v1.gdb\CL_MLP_PAO_05_RCA\CL_MLP_PAO_RCA_PU,"{'dataset': 'CL_MLP_PAO_RCA_PU', 'workspace_factory': 'File Geodatabase', 'connection_info': {'database': '\\\\amssclgis08.ams.gmams.cl\\CL_MLP_PAO\\02_FGDB\\CL_MLP_PAO_v1.gdb'}}"
339,MLP SIG PAO LAYOUT OFFLINE v4,4,Layout - RCA\Nuevo Sistema de Transporte de Concentrado (STC)\Lineas Eléctricas\Línea Electrica EM1,Layout - RCA\Nuevo Sistema de Transporte de Concentrado (STC)\Lineas Eléctricas\Línea Electrica EM1\Líneas Electricas,Líneas Electricas,Layout - RCA\Nuevo Sistema de Transporte de Concentrado (STC)\Lineas Eléctricas\Línea Electrica EM1\Líneas Electricas,False,False,True,\\amssclgis08.ams.gmams.cl\CL_MLP_PAO\02_FGDB\CL_MLP_PAO_v1.gdb\CL_MLP_PAO_05_RCA\CL_MLP_PAO_RCA_LI,"{'dataset': 'CL_MLP_PAO_RCA_LI', 'workspace_factory': 'File Geodatabase', 'connection_info': {'database': '\\\\amssclgis08.ams.gmams.cl\\CL_MLP_PAO\\02_FGDB\\CL_MLP_PAO_v1.gdb'}}"
341,MLP SIG PAO LAYOUT OFFLINE v4,4,Layout - RCA\Nuevo Sistema de Transporte de Concentrado (STC)\Lineas Eléctricas\Línea Electrica EV1,Layout - RCA\Nuevo Sistema de Transporte de Concentrado (STC)\Lineas Eléctricas\Línea Electrica EV1\Postes,Postes,Layout - RCA\Nuevo Sistema de Transporte de Concentrado (STC)\Lineas Eléctricas\Línea Electrica EV1\Postes,False,False,True,\\amssclgis08.ams.gmams.cl\CL_MLP_PAO\02_FGDB\CL_MLP_PAO_v1.gdb\CL_MLP_PAO_05_RCA\CL_MLP_PAO_RCA_PU,"{'dataset': 'CL_MLP_PAO_RCA_PU', 'workspace_factory': 'File Geodatabase', 'connection_info': {'database': '\\\\amssclgis08.ams.gmams.cl\\CL_MLP_PAO\\02_FGDB\\CL_MLP_PAO_v1.gdb'}}"
342,MLP SIG PAO LAYOUT OFFLINE v4,4,Layout - RCA\Nuevo Sistema de Transporte de Concentrado (STC)\Lineas Eléctricas\Línea Electrica EV1,Layout - RCA\Nuevo Sistema de Transporte de Concentrado (STC)\Lineas Eléctricas\Línea Electrica EV1\Líneas Electricas,Líneas Electricas,Layout - RCA\Nuevo Sistema de Transporte de Concentrado (STC)\Lineas Eléctricas\Línea Electrica EV1\Líneas Electricas,False,False,True,\\amssclgis08.ams.gmams.cl\CL_MLP_PAO\02_FGDB\CL_MLP_PAO_v1.gdb\CL_MLP_PAO_05_RCA\CL_MLP_PAO_RCA_LI,"{'dataset': 'CL_MLP_PAO_RCA_LI', 'workspace_factory': 'File Geodatabase', 'connection_info': {'database': '\\\\amssclgis08.ams.gmams.cl\\CL_MLP_PAO\\02_FGDB\\CL_MLP_PAO_v1.gdb'}}"
343,MLP SIG PAO LAYOUT OFFLINE v4,4,Layout - RCA\Nuevo Sistema de Transporte de Concentrado (STC)\Lineas Eléctricas\Línea Electrica EV1,Layout - RCA\Nuevo Sistema de Transporte de Concentrado (STC)\Lineas Eléctricas\Línea Electrica EV1\Base Estructura,Base Estructura,Layout - RCA\Nuevo Sistema de Transporte de Concentrado (STC)\Lineas Eléctricas\Línea Electrica EV1\Base Estructura,False,False,True,\\amssclgis08.ams.gmams.cl\CL_MLP_PAO\02_FGDB\CL_MLP_PAO_v1.gdb\CL_MLP_PAO_05_RCA\CL_MLP_PAO_RCA_PO,"{'dataset': 'CL_MLP_PAO_RCA_PO', 'workspace_factory': 'File Geodatabase', 'connection_info': {'database': '\\\\amssclgis08.ams.gmams.cl\\CL_MLP_PAO\\02_FGDB\\CL_MLP_PAO_v1.gdb'}}"
345,MLP SIG PAO LAYOUT OFFLINE v4,4,Layout - RCA\Nuevo Sistema de Transporte de Concentrado (STC)\Lineas Eléctricas\Línea Electrica ED1,Layout - RCA\Nuevo Sistema de Transporte de Concentrado (STC)\Lineas Eléctricas\Línea Electrica ED1\Postes,Postes,Layout - RCA\Nuevo Sistema de Transporte de Concentrado (STC)\Lineas Eléctricas\Línea Electrica ED1\Postes,False,False,True,\\amssclgis08.ams.gmams.cl\CL_MLP_PAO\02_FGDB\CL_MLP_PAO_v1.gdb\CL_MLP_PAO_05_RCA\CL_MLP_PAO_RCA_PU,"{'dataset': 'CL_MLP_PAO_RCA_PU', 'workspace_factory': 'File Geodatabase', 'connection_info': {'database': '\\\\amssclgis08.ams.gmams.cl\\CL_MLP_PAO\\02_FGDB\\CL_MLP_PAO_v1.gdb'}}"
346,MLP SIG PAO LAYOUT OFFLINE v4,4,Layout - RCA\Nuevo Sistema de Transporte de Concentrado (STC)\Lineas Eléctricas\Línea Electrica ED1,Layout - RCA\Nuevo Sistema de Transporte de Concentrado (STC)\Lineas Eléctricas\Línea Electrica ED1\Líneas Electricas,Líneas Electricas,Layout - RCA\Nuevo Sistema de Transporte de Concentrado (STC)\Lineas Eléctricas\Línea Electrica ED1\Líneas Electricas,False,False,True,\\amssclgis08.ams.gmams.cl\CL_MLP_PAO\02_FGDB\CL_MLP_PAO_v1.gdb\CL_MLP_PAO_05_RCA\CL_MLP_PAO_RCA_LI,"{'dataset': 'CL_MLP_PAO_RCA_LI', 'workspace_factory': 'File Geodatabase', 'connection_info': {'database': '\\\\amssclgis08.ams.gmams.cl\\CL_MLP_PAO\\02_FGDB\\CL_MLP_PAO_v1.gdb'}}"
347,MLP SIG PAO LAYOUT OFFLINE v4,4,Layout - RCA\Nuevo Sistema de Transporte de Concentrado (STC)\Lineas Eléctricas\Línea Electrica ED1,Layout - RCA\Nuevo Sistema de Transporte de Concentrado (STC)\Lineas Eléctricas\Línea Electrica ED1\Base Estructura,Base Estructura,Layout - RCA\Nuevo Sistema de Transporte de Concentrado (STC)\Lineas Eléctricas\Línea Electrica ED1\Base Estructura,False,False,True,\\amssclgis08.ams.gmams.cl\CL_MLP_PAO\02_FGDB\CL_MLP_PAO_v1.gdb\CL_MLP_PAO_05_RCA\CL_MLP_PAO_RCA_PO,"{'dataset': 'CL_MLP_PAO_RCA_PO', 'workspace_factory': 'File Geodatabase', 'connection_info': {'database': '\\\\amssclgis08.ams.gmams.cl\\CL_MLP_PAO\\02_FGDB\\CL_MLP_PAO_v1.gdb'}}"
349,MLP SIG PAO LAYOUT OFFLINE v4,4,Layout - RCA\Nuevo Sistema de Transporte de Concentrado (STC)\Lineas Eléctricas\Línea Electrica EM2,Layout - RCA\Nuevo Sistema de Transporte de Concentrado (STC)\Lineas Eléctricas\Línea Electrica EM2\Postes,Postes,Layout - RCA\Nuevo Sistema de Transporte de Concentrado (STC)\Lineas Eléctricas\Línea Electrica EM2\Postes,False,False,True,\\amssclgis08.ams.gmams.cl\CL_MLP_PAO\02_FGDB\CL_MLP_PAO_v1.gdb\CL_MLP_PAO_05_RCA\CL_MLP_PAO_RCA_PU,"{'dataset': 'CL_MLP_PAO_RCA_PU', 'workspace_factory': 'File Geodatabase', 'connection_info': {'database': '\\\\amssclgis08.ams.gmams.cl\\CL_MLP_PAO\\02_FGDB\\CL_MLP_PAO_v1.gdb'}}"
350,MLP SIG PAO LAYOUT OFFLINE v4,4,Layout - RCA\Nuevo Sistema de Transporte de Concentrado (STC)\Lineas Eléctricas\Línea Electrica EM2,Layout - RCA\Nuevo Sistema de Transporte de Concentrado (STC)\Lineas Eléctricas\Línea Electrica EM2\Líneas Electricas,Líneas Electricas,Layout - RCA\Nuevo Sistema de Transporte de Concentrado (STC)\Lineas Eléctricas\Línea Electrica EM2\Líneas Electricas,False,False,True,\\amssclgis08.ams.gmams.cl\CL_MLP_PAO\02_FGDB\CL_MLP_PAO_v1.gdb\CL_MLP_PAO_05_RCA\CL_MLP_PAO_RCA_LI,"{'dataset': 'CL_MLP_PAO_RCA_LI', 'workspace_factory': 'File Geodatabase', 'connection_info': {'database': '\\\\amssclgis08.ams.gmams.cl\\CL_MLP_PAO\\02_FGDB\\CL_MLP_PAO_v1.gdb'}}"
351,MLP SIG PAO LAYOUT OFFLINE v4,4,Layout - RCA\Nuevo Sistema de Transporte de Concentrado (STC)\Lineas Eléctricas\Línea Electrica EM2,Layout - RCA\Nuevo Sistema de Transporte de Concentrado (STC)\Lineas Eléctricas\Línea Electrica EM2\Base Estructura,Base Estructura,Layout - RCA\Nuevo Sistema de Transporte de Concentrado (STC)\Lineas Eléctricas\Línea Electrica EM2\Base Estructura,False,False,True,\\amssclgis08.ams.gmams.cl\CL_MLP_PAO\02_FGDB\CL_MLP_PAO_v1.gdb\CL_MLP_PAO_05_RCA\CL_MLP_PAO_RCA_PO,"{'dataset': 'CL_MLP_PAO_RCA_PO', 'workspace_factory': 'File Geodatabase', 'connection_info': {'database': '\\\\amssclgis08.ams.gmams.cl\\CL_MLP_PAO\\02_FGDB\\CL_MLP_PAO_v1.gdb'}}"
353,MLP SIG PAO LAYOUT OFFLINE v4,4,Layout - RCA\Nuevo Sistema de Transporte de Concentrado (STC)\Lineas Eléctricas\Línea Electrica EV2,Layout - RCA\Nuevo Sistema de Transporte de Concentrado (STC)\Lineas Eléctricas\Línea Electrica EV2\Postes,Postes,Layout - RCA\Nuevo Sistema de Transporte de Concentrado (STC)\Lineas Eléctricas\Línea Electrica EV2\Postes,False,False,True,\\amssclgis08.ams.gmams.cl\CL_MLP_PAO\02_FGDB\CL_MLP_PAO_v1.gdb\CL_MLP_PAO_05_RCA\CL_MLP_PAO_RCA_PU,"{'dataset': 'CL_MLP_PAO_RCA_PU', 'workspace_factory': 'File Geodatabase', 'connection_info': {'database': '\\\\amssclgis08.ams.gmams.cl\\CL_MLP_PAO\\02_FGDB\\CL_MLP_PAO_v1.gdb'}}"
354,MLP SIG PAO LAYOUT OFFLINE v4,4,Layout - RCA\Nuevo Sistema de Transporte de Concentrado (STC)\Lineas Eléctricas\Línea Electrica EV2,Layout - RCA\Nuevo Sistema de Transporte de Concentrado (STC)\Lineas Eléctricas\Línea Electrica EV2\Líneas Electricas,Líneas Electricas,Layout - RCA\Nuevo Sistema de Transporte de Concentrado (STC)\Lineas Eléctricas\Línea Electrica EV2\Líneas Electricas,False,False,True,\\amssclgis08.ams.gmams.cl\CL_MLP_PAO\02_FGDB\CL_MLP_PAO_v1.gdb\CL_MLP_PAO_05_RCA\CL_MLP_PAO_RCA_LI,"{'dataset': 'CL_MLP_PAO_RCA_LI', 'workspace_factory': 'File Geodatabase', 'connection_info': {'database': '\\\\amssclgis08.ams.gmams.cl\\CL_MLP_PAO\\02_FGDB\\CL_MLP_PAO_v1.gdb'}}"
355,MLP SIG PAO LAYOUT OFFLINE v4,4,Layout - RCA\Nuevo Sistema de Transporte de Concentrado (STC)\Lineas Eléctricas\Línea Electrica EV2,Layout - RCA\Nuevo Sistema de Transporte de Concentrado (STC)\Lineas Eléctricas\Línea Electrica EV2\Base Estructura,Base Estructura,Layout - RCA\Nuevo Sistema de Transporte de Concentrado (STC)\Lineas Eléctricas\Línea Electrica EV2\Base Estructura,False,False,True,\\amssclgis08.ams.gmams.cl\CL_MLP_PAO\02_FGDB\CL_MLP_PAO_v1.gdb\CL_MLP_PAO_05_RCA\CL_MLP_PAO_RCA_PO,"{'dataset': 'CL_MLP_PAO_RCA_PO', 'workspace_factory': 'File Geodatabase', 'connection_info': {'database': '\\\\amssclgis08.ams.gmams.cl\\CL_MLP_PAO\\02_FGDB\\CL_MLP_PAO_v1.gdb'}}"
357,MLP SIG PAO LAYOUT OFFLINE v4,4,Layout - RCA\Nuevo Sistema de Transporte de Concentrado (STC)\Lineas Eléctricas\Línea Electrica ED2,Layout - RCA\Nuevo Sistema de Transporte de Concentrado (STC)\Lineas Eléctricas\Línea Electrica ED2\Postes,Postes,Layout - RCA\Nuevo Sistema de Transporte de Concentrado (STC)\Lineas Eléctricas\Línea Electrica ED2\Postes,False,False,True,\\amssclgis08.ams.gmams.cl\CL_MLP_PAO\02_FGDB\CL_MLP_PAO_v1.gdb\CL_MLP_PAO_05_RCA\CL_MLP_PAO_RCA_PU,"{'dataset': 'CL_MLP_PAO_RCA_PU', 'workspace_factory': 'File Geodatabase', 'connection_info': {'database': '\\\\amssclgis08.ams.gmams.cl\\CL_MLP_PAO\\02_FGDB\\CL_MLP_PAO_v1.gdb'}}"
358,MLP SIG PAO LAYOUT OFFLINE v4,4,Layout - RCA\Nuevo Sistema de Transporte de Concentrado (STC)\Lineas Eléctricas\Línea Electrica ED2,Layout - RCA\Nuevo Sistema de Transporte de Concentrado (STC)\Lineas Eléctricas\Línea Electrica ED2\Líneas Electricas,Líneas Electricas,Layout - RCA\Nuevo Sistema de Transporte de Concentrado (STC)\Lineas Eléctricas\Línea Electrica ED2\Líneas Electricas,False,False,True,\\amssclgis08.ams.gmams.cl\CL_MLP_PAO\02_FGDB\CL_MLP_PAO_v1.gdb\CL_MLP_PAO_05_RCA\CL_MLP_PAO_RCA_LI,"{'dataset': 'CL_MLP_PAO_RCA_LI', 'workspace_factory': 'File Geodatabase', 'connection_info': {'database': '\\\\amssclgis08.ams.gmams.cl\\CL_MLP_PAO\\02_FGDB\\CL_MLP_PAO_v1.gdb'}}"
360,MLP SIG PAO LAYOUT OFFLINE v4,4,Layout - RCA\Nuevo Sistema de Transporte de Concentrado (STC)\Lineas Eléctricas\Línea Electrica EM4,Layout - RCA\Nuevo Sistema de Transporte de Concentrado (STC)\Lineas Eléctricas\Línea Electrica EM4\Postes,Postes,Layout - RCA\Nuevo Sistema de Transporte de Concentrado (STC)\Lineas Eléctricas\Línea Electrica EM4\Postes,False,False,True,\\amssclgis08.ams.gmams.cl\CL_MLP_PAO\02_FGDB\CL_MLP_PAO_v1.gdb\CL_MLP_PAO_05_RCA\CL_MLP_PAO_RCA_PU,"{'dataset': 'CL_MLP_PAO_RCA_PU', 'workspace_factory': 'File Geodatabase', 'connection_info': {'database': '\\\\amssclgis08.ams.gmams.cl\\CL_MLP_PAO\\02_FGDB\\CL_MLP_PAO_v1.gdb'}}"
361,MLP SIG PAO LAYOUT OFFLINE v4,4,Layout - RCA\Nuevo Sistema de Transporte de Concentrado (STC)\Lineas Eléctricas\Línea Electrica EM4,Layout - RCA\Nuevo Sistema de Transporte de Concentrado (STC)\Lineas Eléctricas\Línea Electrica EM4\Líneas Electricas,Líneas Electricas,Layout - RCA\Nuevo Sistema de Transporte de Concentrado (STC)\Lineas Eléctricas\Línea Electrica EM4\Líneas Electricas,False,False,True,\\amssclgis08.ams.gmams.cl\CL_MLP_PAO\02_FGDB\CL_MLP_PAO_v1.gdb\CL_MLP_PAO_05_RCA\CL_MLP_PAO_RCA_LI,"{'dataset': 'CL_MLP_PAO_RCA_LI', 'workspace_factory': 'File Geodatabase', 'connection_info': {'database': '\\\\amssclgis08.ams.gmams.cl\\CL_MLP_PAO\\02_FGDB\\CL_MLP_PAO_v1.gdb'}}"
362,MLP SIG PAO LAYOUT OFFLINE v4,4,Layout - RCA\Nuevo Sistema de Transporte de Concentrado (STC)\Lineas Eléctricas\Línea Electrica EM4,Layout - RCA\Nuevo Sistema de Transporte de Concentrado (STC)\Lineas Eléctricas\Línea Electrica EM4\Base Estructura,Base Estructura,Layout - RCA\Nuevo Sistema de Transporte de Concentrado (STC)\Lineas Eléctricas\Línea Electrica EM4\Base Estructura,False,False,True,\\amssclgis08.ams.gmams.cl\CL_MLP_PAO\02_FGDB\CL_MLP_PAO_v1.gdb\CL_MLP_PAO_05_RCA\CL_MLP_PAO_RCA_PO,"{'dataset': 'CL_MLP_PAO_RCA_PO', 'workspace_factory': 'File Geodatabase', 'connection_info': {'database': '\\\\amssclgis08.ams.gmams.cl\\CL_MLP_PAO\\02_FGDB\\CL_MLP_PAO_v1.gdb'}}"
364,MLP SIG PAO LAYOUT OFFLINE v4,3,Layout - RCA\Nuevo Sistema de Transporte de Concentrado (STC)\Instalaciones Permanentes,Layout - RCA\Nuevo Sistema de Transporte de Concentrado (STC)\Instalaciones Permanentes\Campos de Protección Catódica,Campos de Protección Catódica,Layout - RCA\Nuevo Sistema de Transporte de Concentrado (STC)\Instalaciones Permanentes\Campos de Protección Catódica,False,False,True,\\amssclgis08.ams.gmams.cl\CL_MLP_PAO\02_FGDB\CL_MLP_PAO_v1.gdb\CL_MLP_PAO_05_RCA\CL_MLP_PAO_RCA_PO,"{'dataset': 'CL_MLP_PAO_RCA_PO', 'workspace_factory': 'File Geodatabase', 'connection_info': {'database': '\\\\amssclgis08.ams.gmams.cl\\CL_MLP_PAO\\02_FGDB\\CL_MLP_PAO_v1.gdb'}}"
366,MLP SIG PAO LAYOUT OFFLINE v4,4,Layout - RCA\Nuevo Sistema de Transporte de Concentrado (STC)\Instalaciones Permanentes\Trazado Nuevo Concentraducto,Layout - RCA\Nuevo Sistema de Transporte de Concentrado (STC)\Instalaciones Permanentes\Trazado Nuevo Concentraducto\Kilometraje Trazado,Kilometraje Trazado,Layout - RCA\Nuevo Sistema de Transporte de Concentrado (STC)\Instalaciones Permanentes\Trazado Nuevo Concentraducto\Kilometraje Trazado,False,False,False,\\amssclgis08.ams.gmams.cl\CL_MLP_PAO\02_FGDB\CL_MLP_PAO_v1.gdb\CL_MLP_PAO_05_RCA\CL_MLP_PAO_RCA_PU,"{'dataset': 'CL_MLP_PAO_RCA_PU', 'workspace_factory': 'File Geodatabase', 'connection_info': {'database': '\\\\amssclgis08.ams.gmams.cl\\CL_MLP_PAO\\02_FGDB\\CL_MLP_PAO_v1.gdb'}}"
367,MLP SIG PAO LAYOUT OFFLINE v4,4,Layout - RCA\Nuevo Sistema de Transporte de Concentrado (STC)\Instalaciones Permanentes\Trazado Nuevo Concentraducto,Layout - RCA\Nuevo Sistema de Transporte de Concentrado (STC)\Instalaciones Permanentes\Trazado Nuevo Concentraducto\Trazado STC ,Trazado STC ,Layout - RCA\Nuevo Sistema de Transporte de Concentrado (STC)\Instalaciones Permanentes\Trazado Nuevo Concentraducto\Trazado STC ,False,False,True,\\amssclgis08.ams.gmams.cl\CL_MLP_PAO\02_FGDB\CL_MLP_PAO_v1.gdb\CL_MLP_PAO_05_RCA\CL_MLP_PAO_RCA_LI,"{'dataset': 'CL_MLP_PAO_RCA_LI', 'workspace_factory': 'File Geodatabase', 'connection_info': {'database': '\\\\amssclgis08.ams.gmams.cl\\CL_MLP_PAO\\02_FGDB\\CL_MLP_PAO_v1.gdb'}}"
370,MLP SIG PAO LAYOUT OFFLINE v4,5,Layout - RCA\Nuevo Sistema de Transporte de Concentrado (STC)\Instalaciones Permanentes\Obras\Estación de Cabecera de Bombeo EC,Layout - RCA\Nuevo Sistema de Transporte de Concentrado (STC)\Instalaciones Permanentes\Obras\Estación de Cabecera de Bombeo EC\Obras,Obras,Layout - RCA\Nuevo Sistema de Transporte de Concentrado (STC)\Instalaciones Permanentes\Obras\Estación de Cabecera de Bombeo EC\Obras,False,False,True,\\amssclgis08.ams.gmams.cl\CL_MLP_PAO\02_FGDB\CL_MLP_PAO_v1.gdb\CL_MLP_PAO_05_RCA\CL_MLP_PAO_RCA_PO,"{'dataset': 'CL_MLP_PAO_RCA_PO', 'workspace_factory': 'File Geodatabase', 'connection_info': {'database': '\\\\amssclgis08.ams.gmams.cl\\CL_MLP_PAO\\02_FGDB\\CL_MLP_PAO_v1.gdb'}}"
371,MLP SIG PAO LAYOUT OFFLINE v4,5,Layout - RCA\Nuevo Sistema de Transporte de Concentrado (STC)\Instalaciones Permanentes\Obras\Estación de Cabecera de Bombeo EC,Layout - RCA\Nuevo Sistema de Transporte de Concentrado (STC)\Instalaciones Permanentes\Obras\Estación de Cabecera de Bombeo EC\Área EC,Área EC,Layout - RCA\Nuevo Sistema de Transporte de Concentrado (STC)\Instalaciones Permanentes\Obras\Estación de Cabecera de Bombeo EC\Área EC,False,False,True,\\amssclgis08.ams.gmams.cl\CL_MLP_PAO\02_FGDB\CL_MLP_PAO_v1.gdb\CL_MLP_PAO_05_RCA\CL_MLP_PAO_RCA_PO,"{'dataset': 'CL_MLP_PAO_RCA_PO', 'workspace_factory': 'File Geodatabase', 'connection_info': {'database': '\\\\amssclgis08.ams.gmams.cl\\CL_MLP_PAO\\02_FGDB\\CL_MLP_PAO_v1.gdb'}}"
373,MLP SIG PAO LAYOUT OFFLINE v4,5,Layout - RCA\Nuevo Sistema de Transporte de Concentrado (STC)\Instalaciones Permanentes\Obras\Estación Disipadora Terminal EDT,Layout - RCA\Nuevo Sistema de Transporte de Concentrado (STC)\Instalaciones Permanentes\Obras\Estación Disipadora Terminal EDT\Obras,Obras,Layout - RCA\Nuevo Sistema de Transporte de Concentrado (STC)\Instalaciones Permanentes\Obras\Estación Disipadora Terminal EDT\Obras,False,False,True,\\amssclgis08.ams.gmams.cl\CL_MLP_PAO\02_FGDB\CL_MLP_PAO_v1.gdb\CL_MLP_PAO_05_RCA\CL_MLP_PAO_RCA_PO,"{'dataset': 'CL_MLP_PAO_RCA_PO', 'workspace_factory': 'File Geodatabase', 'connection_info': {'database': '\\\\amssclgis08.ams.gmams.cl\\CL_MLP_PAO\\02_FGDB\\CL_MLP_PAO_v1.gdb'}}"
374,MLP SIG PAO LAYOUT OFFLINE v4,5,Layout - RCA\Nuevo Sistema de Transporte de Concentrado (STC)\Instalaciones Permanentes\Obras\Estación Disipadora Terminal EDT,Layout - RCA\Nuevo Sistema de Transporte de Concentrado (STC)\Instalaciones Permanentes\Obras\Estación Disipadora Terminal EDT\Área EDT,Área EDT,Layout - RCA\Nuevo Sistema de Transporte de Concentrado (STC)\Instalaciones Permanentes\Obras\Estación Disipadora Terminal EDT\Área EDT,False,False,True,\\amssclgis08.ams.gmams.cl\CL_MLP_PAO\02_FGDB\CL_MLP_PAO_v1.gdb\CL_MLP_PAO_05_RCA\CL_MLP_PAO_RCA_PO,"{'dataset': 'CL_MLP_PAO_RCA_PO', 'workspace_factory': 'File Geodatabase', 'connection_info': {'database': '\\\\amssclgis08.ams.gmams.cl\\CL_MLP_PAO\\02_FGDB\\CL_MLP_PAO_v1.gdb'}}"
376,MLP SIG PAO LAYOUT OFFLINE v4,5,Layout - RCA\Nuevo Sistema de Transporte de Concentrado (STC)\Instalaciones Permanentes\Obras\Estación de Válvulas EV1,Layout - RCA\Nuevo Sistema de Transporte de Concentrado (STC)\Instalaciones Permanentes\Obras\Estación de Válvulas EV1\Obras Nuevas,Obras Nuevas,Layout - RCA\Nuevo Sistema de Transporte de Concentrado (STC)\Instalaciones Permanentes\Obras\Estación de Válvulas EV1\Obras Nuevas,False,False,True,\\amssclgis08.ams.gmams.cl\CL_MLP_PAO\02_FGDB\CL_MLP_PAO_v1.gdb\CL_MLP_PAO_05_RCA\CL_MLP_PAO_RCA_PO,"{'dataset': 'CL_MLP_PAO_RCA_PO', 'workspace_factory': 'File Geodatabase', 'connection_info': {'database': '\\\\amssclgis08.ams.gmams.cl\\CL_MLP_PAO\\02_FGDB\\CL_MLP_PAO_v1.gdb'}}"
377,MLP SIG PAO LAYOUT OFFLINE v4,5,Layout - RCA\Nuevo Sistema de Transporte de Concentrado (STC)\Instalaciones Permanentes\Obras\Estación de Válvulas EV1,Layout - RCA\Nuevo Sistema de Transporte de Concentrado (STC)\Instalaciones Permanentes\Obras\Estación de Válvulas EV1\Área EV1,Área EV1,Layout - RCA\Nuevo Sistema de Transporte de Concentrado (STC)\Instalaciones Permanentes\Obras\Estación de Válvulas EV1\Área EV1,False,False,True,\\amssclgis08.ams.gmams.cl\CL_MLP_PAO\02_FGDB\CL_MLP_PAO_v1.gdb\CL_MLP_PAO_05_RCA\CL_MLP_PAO_RCA_PO,"{'dataset': 'CL_MLP_PAO_RCA_PO', 'workspace_factory': 'File Geodatabase', 'connection_info': {'database': '\\\\amssclgis08.ams.gmams.cl\\CL_MLP_PAO\\02_FGDB\\CL_MLP_PAO_v1.gdb'}}"
379,MLP SIG PAO LAYOUT OFFLINE v4,5,Layout - RCA\Nuevo Sistema de Transporte de Concentrado (STC)\Instalaciones Permanentes\Obras\Estación de Válvulas EV2,Layout - RCA\Nuevo Sistema de Transporte de Concentrado (STC)\Instalaciones Permanentes\Obras\Estación de Válvulas EV2\Obras Nuevas,Obras Nuevas,Layout - RCA\Nuevo Sistema de Transporte de Concentrado (STC)\Instalaciones Permanentes\Obras\Estación de Válvulas EV2\Obras Nuevas,False,False,True,\\amssclgis08.ams.gmams.cl\CL_MLP_PAO\02_FGDB\CL_MLP_PAO_v1.gdb\CL_MLP_PAO_05_RCA\CL_MLP_PAO_RCA_PO,"{'dataset': 'CL_MLP_PAO_RCA_PO', 'workspace_factory': 'File Geodatabase', 'connection_info': {'database': '\\\\amssclgis08.ams.gmams.cl\\CL_MLP_PAO\\02_FGDB\\CL_MLP_PAO_v1.gdb'}}"
380,MLP SIG PAO LAYOUT OFFLINE v4,5,Layout - RCA\Nuevo Sistema de Transporte de Concentrado (STC)\Instalaciones Permanentes\Obras\Estación de Válvulas EV2,Layout - RCA\Nuevo Sistema de Transporte de Concentrado (STC)\Instalaciones Permanentes\Obras\Estación de Válvulas EV2\Área EV2,Área EV2,Layout - RCA\Nuevo Sistema de Transporte de Concentrado (STC)\Instalaciones Permanentes\Obras\Estación de Válvulas EV2\Área EV2,False,False,True,\\amssclgis08.ams.gmams.cl\CL_MLP_PAO\02_FGDB\CL_MLP_PAO_v1.gdb\CL_MLP_PAO_05_RCA\CL_MLP_PAO_RCA_PO,"{'dataset': 'CL_MLP_PAO_RCA_PO', 'workspace_factory': 'File Geodatabase', 'connection_info': {'database': '\\\\amssclgis08.ams.gmams.cl\\CL_MLP_PAO\\02_FGDB\\CL_MLP_PAO_v1.gdb'}}"
382,MLP SIG PAO LAYOUT OFFLINE v4,5,Layout - RCA\Nuevo Sistema de Transporte de Concentrado (STC)\Instalaciones Permanentes\Obras\Estación de Monitoreo EM1,Layout - RCA\Nuevo Sistema de Transporte de Concentrado (STC)\Instalaciones Permanentes\Obras\Estación de Monitoreo EM1\Obras Nuevas,Obras Nuevas,Layout - RCA\Nuevo Sistema de Transporte de Concentrado (STC)\Instalaciones Permanentes\Obras\Estación de Monitoreo EM1\Obras Nuevas,False,False,True,\\amssclgis08.ams.gmams.cl\CL_MLP_PAO\02_FGDB\CL_MLP_PAO_v1.gdb\CL_MLP_PAO_05_RCA\CL_MLP_PAO_RCA_PO,"{'dataset': 'CL_MLP_PAO_RCA_PO', 'workspace_factory': 'File Geodatabase', 'connection_info': {'database': '\\\\amssclgis08.ams.gmams.cl\\CL_MLP_PAO\\02_FGDB\\CL_MLP_PAO_v1.gdb'}}"
383,MLP SIG PAO LAYOUT OFFLINE v4,5,Layout - RCA\Nuevo Sistema de Transporte de Concentrado (STC)\Instalaciones Permanentes\Obras\Estación de Monitoreo EM1,Layout - RCA\Nuevo Sistema de Transporte de Concentrado (STC)\Instalaciones Permanentes\Obras\Estación de Monitoreo EM1\Área EM1,Área EM1,Layout - RCA\Nuevo Sistema de Transporte de Concentrado (STC)\Instalaciones Permanentes\Obras\Estación de Monitoreo EM1\Área EM1,False,False,True,\\amssclgis08.ams.gmams.cl\CL_MLP_PAO\02_FGDB\CL_MLP_PAO_v1.gdb\CL_MLP_PAO_05_RCA\CL_MLP_PAO_RCA_PO,"{'dataset': 'CL_MLP_PAO_RCA_PO', 'workspace_factory': 'File Geodatabase', 'connection_info': {'database': '\\\\amssclgis08.ams.gmams.cl\\CL_MLP_PAO\\02_FGDB\\CL_MLP_PAO_v1.gdb'}}"
385,MLP SIG PAO LAYOUT OFFLINE v4,5,Layout - RCA\Nuevo Sistema de Transporte de Concentrado (STC)\Instalaciones Permanentes\Obras\Estación de Monitoreo EM2,Layout - RCA\Nuevo Sistema de Transporte de Concentrado (STC)\Instalaciones Permanentes\Obras\Estación de Monitoreo EM2\Obras Nuevas,Obras Nuevas,Layout - RCA\Nuevo Sistema de Transporte de Concentrado (STC)\Instalaciones Permanentes\Obras\Estación de Monitoreo EM2\Obras Nuevas,False,False,True,\\amssclgis08.ams.gmams.cl\CL_MLP_PAO\02_FGDB\CL_MLP_PAO_v1.gdb\CL_MLP_PAO_05_RCA\CL_MLP_PAO_RCA_PO,"{'dataset': 'CL_MLP_PAO_RCA_PO', 'workspace_factory': 'File Geodatabase', 'connection_info': {'database': '\\\\amssclgis08.ams.gmams.cl\\CL_MLP_PAO\\02_FGDB\\CL_MLP_PAO_v1.gdb'}}"
386,MLP SIG PAO LAYOUT OFFLINE v4,5,Layout - RCA\Nuevo Sistema de Transporte de Concentrado (STC)\Instalaciones Permanentes\Obras\Estación de Monitoreo EM2,Layout - RCA\Nuevo Sistema de Transporte de Concentrado (STC)\Instalaciones Permanentes\Obras\Estación de Monitoreo EM2\Área EM2,Área EM2,Layout - RCA\Nuevo Sistema de Transporte de Concentrado (STC)\Instalaciones Permanentes\Obras\Estación de Monitoreo EM2\Área EM2,False,False,True,\\amssclgis08.ams.gmams.cl\CL_MLP_PAO\02_FGDB\CL_MLP_PAO_v1.gdb\CL_MLP_PAO_05_RCA\CL_MLP_PAO_RCA_PO,"{'dataset': 'CL_MLP_PAO_RCA_PO', 'workspace_factory': 'File Geodatabase', 'connection_info': {'database': '\\\\amssclgis08.ams.gmams.cl\\CL_MLP_PAO\\02_FGDB\\CL_MLP_PAO_v1.gdb'}}"
388,MLP SIG PAO LAYOUT OFFLINE v4,5,Layout - RCA\Nuevo Sistema de Transporte de Concentrado (STC)\Instalaciones Permanentes\Obras\Estación de Monitoreo EM3,Layout - RCA\Nuevo Sistema de Transporte de Concentrado (STC)\Instalaciones Permanentes\Obras\Estación de Monitoreo EM3\Obras Nuevas,Obras Nuevas,Layout - RCA\Nuevo Sistema de Transporte de Concentrado (STC)\Instalaciones Permanentes\Obras\Estación de Monitoreo EM3\Obras Nuevas,False,False,True,\\amssclgis08.ams.gmams.cl\CL_MLP_PAO\02_FGDB\CL_MLP_PAO_v1.gdb\CL_MLP_PAO_05_RCA\CL_MLP_PAO_RCA_PO,"{'dataset': 'CL_MLP_PAO_RCA_PO', 'workspace_factory': 'File Geodatabase', 'connection_info': {'database': '\\\\amssclgis08.ams.gmams.cl\\CL_MLP_PAO\\02_FGDB\\CL_MLP_PAO_v1.gdb'}}"
389,MLP SIG PAO LAYOUT OFFLINE v4,5,Layout - RCA\Nuevo Sistema de Transporte de Concentrado (STC)\Instalaciones Permanentes\Obras\Estación de Monitoreo EM3,Layout - RCA\Nuevo Sistema de Transporte de Concentrado (STC)\Instalaciones Permanentes\Obras\Estación de Monitoreo EM3\Área EM3,Área EM3,Layout - RCA\Nuevo Sistema de Transporte de Concentrado (STC)\Instalaciones Permanentes\Obras\Estación de Monitoreo EM3\Área EM3,False,False,True,\\amssclgis08.ams.gmams.cl\CL_MLP_PAO\02_FGDB\CL_MLP_PAO_v1.gdb\CL_MLP_PAO_05_RCA\CL_MLP_PAO_RCA_PO,"{'dataset': 'CL_MLP_PAO_RCA_PO', 'workspace_factory': 'File Geodatabase', 'connection_info': {'database': '\\\\amssclgis08.ams.gmams.cl\\CL_MLP_PAO\\02_FGDB\\CL_MLP_PAO_v1.gdb'}}"
391,MLP SIG PAO LAYOUT OFFLINE v4,5,Layout - RCA\Nuevo Sistema de Transporte de Concentrado (STC)\Instalaciones Permanentes\Obras\Estación de Monitoreo EM4,Layout - RCA\Nuevo Sistema de Transporte de Concentrado (STC)\Instalaciones Permanentes\Obras\Estación de Monitoreo EM4\Obras Nuevas,Obras Nuevas,Layout - RCA\Nuevo Sistema de Transporte de Concentrado (STC)\Instalaciones Permanentes\Obras\Estación de Monitoreo EM4\Obras Nuevas,False,False,True,\\amssclgis08.ams.gmams.cl\CL_MLP_PAO\02_FGDB\CL_MLP_PAO_v1.gdb\CL_MLP_PAO_05_RCA\CL_MLP_PAO_RCA_PO,"{'dataset': 'CL_MLP_PAO_RCA_PO', 'workspace_factory': 'File Geodatabase', 'connection_info': {'database': '\\\\amssclgis08.ams.gmams.cl\\CL_MLP_PAO\\02_FGDB\\CL_MLP_PAO_v1.gdb'}}"
392,MLP SIG PAO LAYOUT OFFLINE v4,5,Layout - RCA\Nuevo Sistema de Transporte de Concentrado (STC)\Instalaciones Permanentes\Obras\Estación de Monitoreo EM4,Layout - RCA\Nuevo Sistema de Transporte de Concentrado (STC)\Instalaciones Permanentes\Obras\Estación de Monitoreo EM4\Área EM4,Área EM4,Layout - RCA\Nuevo Sistema de Transporte de Concentrado (STC)\Instalaciones Permanentes\Obras\Estación de Monitoreo EM4\Área EM4,False,False,True,\\amssclgis08.ams.gmams.cl\CL_MLP_PAO\02_FGDB\CL_MLP_PAO_v1.gdb\CL_MLP_PAO_05_RCA\CL_MLP_PAO_RCA_PO,"{'dataset': 'CL_MLP_PAO_RCA_PO', 'workspace_factory': 'File Geodatabase', 'connection_info': {'database': '\\\\amssclgis08.ams.gmams.cl\\CL_MLP_PAO\\02_FGDB\\CL_MLP_PAO_v1.gdb'}}"
394,MLP SIG PAO LAYOUT OFFLINE v4,5,Layout - RCA\Nuevo Sistema de Transporte de Concentrado (STC)\Instalaciones Permanentes\Obras\Estación de Drenaje ED1,Layout - RCA\Nuevo Sistema de Transporte de Concentrado (STC)\Instalaciones Permanentes\Obras\Estación de Drenaje ED1\Obras Nuevas,Obras Nuevas,Layout - RCA\Nuevo Sistema de Transporte de Concentrado (STC)\Instalaciones Permanentes\Obras\Estación de Drenaje ED1\Obras Nuevas,False,False,True,\\amssclgis08.ams.gmams.cl\CL_MLP_PAO\02_FGDB\CL_MLP_PAO_v1.gdb\CL_MLP_PAO_05_RCA\CL_MLP_PAO_RCA_PO,"{'dataset': 'CL_MLP_PAO_RCA_PO', 'workspace_factory': 'File Geodatabase', 'connection_info': {'database': '\\\\amssclgis08.ams.gmams.cl\\CL_MLP_PAO\\02_FGDB\\CL_MLP_PAO_v1.gdb'}}"
395,MLP SIG PAO LAYOUT OFFLINE v4,5,Layout - RCA\Nuevo Sistema de Transporte de Concentrado (STC)\Instalaciones Permanentes\Obras\Estación de Drenaje ED1,Layout - RCA\Nuevo Sistema de Transporte de Concentrado (STC)\Instalaciones Permanentes\Obras\Estación de Drenaje ED1\Área ED1,Área ED1,Layout - RCA\Nuevo Sistema de Transporte de Concentrado (STC)\Instalaciones Permanentes\Obras\Estación de Drenaje ED1\Área ED1,False,False,True,\\amssclgis08.ams.gmams.cl\CL_MLP_PAO\02_FGDB\CL_MLP_PAO_v1.gdb\CL_MLP_PAO_05_RCA\CL_MLP_PAO_RCA_PO,"{'dataset': 'CL_MLP_PAO_RCA_PO', 'workspace_factory': 'File Geodatabase', 'connection_info': {'database': '\\\\amssclgis08.ams.gmams.cl\\CL_MLP_PAO\\02_FGDB\\CL_MLP_PAO_v1.gdb'}}"
397,MLP SIG PAO LAYOUT OFFLINE v4,5,Layout - RCA\Nuevo Sistema de Transporte de Concentrado (STC)\Instalaciones Permanentes\Obras\Estación de Drenaje ED2,Layout - RCA\Nuevo Sistema de Transporte de Concentrado (STC)\Instalaciones Permanentes\Obras\Estación de Drenaje ED2\Obras Nuevas,Obras Nuevas,Layout - RCA\Nuevo Sistema de Transporte de Concentrado (STC)\Instalaciones Permanentes\Obras\Estación de Drenaje ED2\Obras Nuevas,False,False,True,\\amssclgis08.ams.gmams.cl\CL_MLP_PAO\02_FGDB\CL_MLP_PAO_v1.gdb\CL_MLP_PAO_05_RCA\CL_MLP_PAO_RCA_PO,"{'dataset': 'CL_MLP_PAO_RCA_PO', 'workspace_factory': 'File Geodatabase', 'connection_info': {'database': '\\\\amssclgis08.ams.gmams.cl\\CL_MLP_PAO\\02_FGDB\\CL_MLP_PAO_v1.gdb'}}"
398,MLP SIG PAO LAYOUT OFFLINE v4,5,Layout - RCA\Nuevo Sistema de Transporte de Concentrado (STC)\Instalaciones Permanentes\Obras\Estación de Drenaje ED2,Layout - RCA\Nuevo Sistema de Transporte de Concentrado (STC)\Instalaciones Permanentes\Obras\Estación de Drenaje ED2\Área ED2,Área ED2,Layout - RCA\Nuevo Sistema de Transporte de Concentrado (STC)\Instalaciones Permanentes\Obras\Estación de Drenaje ED2\Área ED2,False,False,True,\\amssclgis08.ams.gmams.cl\CL_MLP_PAO\02_FGDB\CL_MLP_PAO_v1.gdb\CL_MLP_PAO_05_RCA\CL_MLP_PAO_RCA_PO,"{'dataset': 'CL_MLP_PAO_RCA_PO', 'workspace_factory': 'File Geodatabase', 'connection_info': {'database': '\\\\amssclgis08.ams.gmams.cl\\CL_MLP_PAO\\02_FGDB\\CL_MLP_PAO_v1.gdb'}}"
399,MLP SIG PAO LAYOUT OFFLINE v4,2,Layout - RCA\Nuevo Sistema de Transporte de Concentrado (STC),Layout - RCA\Nuevo Sistema de Transporte de Concentrado (STC)\Superficie Adicional,Superficie Adicional,Layout - RCA\Nuevo Sistema de Transporte de Concentrado (STC)\Superficie Adicional,False,False,True,\\amssclgis08.ams.gmams.cl\CL_MLP_PAO\02_FGDB\CL_MLP_PAO_v1.gdb\CL_MLP_PAO_05_RCA\CL_MLP_PAO_RCA_PO,"{'dataset': 'CL_MLP_PAO_RCA_PO', 'workspace_factory': 'File Geodatabase', 'connection_info': {'database': '\\\\amssclgis08.ams.gmams.cl\\CL_MLP_PAO\\02_FGDB\\CL_MLP_PAO_v1.gdb'}}"
401,MLP SIG PAO LAYOUT OFFLINE v4,2,Layout - RCA\Obras Transversales,Layout - RCA\Obras Transversales\Obras Lineales,Obras Lineales,Layout - RCA\Obras Transversales\Obras Lineales,False,False,True,\\amssclgis08.ams.gmams.cl\CL_MLP_PAO\02_FGDB\CL_MLP_PAO_v1.gdb\CL_MLP_PAO_05_RCA\CL_MLP_PAO_RCA_LI,"{'dataset': 'CL_MLP_PAO_RCA_LI', 'workspace_factory': 'File Geodatabase', 'connection_info': {'database': '\\\\amssclgis08.ams.gmams.cl\\CL_MLP_PAO\\02_FGDB\\CL_MLP_PAO_v1.gdb'}}"
402,MLP SIG PAO LAYOUT OFFLINE v4,2,Layout - RCA\Obras Transversales,Layout - RCA\Obras Transversales\Obras Areales,Obras Areales,Layout - RCA\Obras Transversales\Obras Areales,False,False,True,\\amssclgis08.ams.gmams.cl\CL_MLP_PAO\02_FGDB\CL_MLP_PAO_v1.gdb\CL_MLP_PAO_05_RCA\CL_MLP_PAO_RCA_PO,"{'dataset': 'CL_MLP_PAO_RCA_PO', 'workspace_factory': 'File Geodatabase', 'connection_info': {'database': '\\\\amssclgis08.ams.gmams.cl\\CL_MLP_PAO\\02_FGDB\\CL_MLP_PAO_v1.gdb'}}"
403,MLP SIG PAO LAYOUT OFFLINE v4,1,Layout - RCA,Layout - RCA\Lavado de Camiones,Lavado de Camiones,Layout - RCA\Lavado de Camiones,False,False,True,\\amssclgis08.ams.gmams.cl\CL_MLP_PAO\02_FGDB\CL_MLP_PAO_v1.gdb\CL_MLP_PAO_05_RCA\CL_MLP_PAO_RCA_PO,"{'dataset': 'CL_MLP_PAO_RCA_PO', 'workspace_factory': 'File Geodatabase', 'connection_info': {'database': '\\\\amssclgis08.ams.gmams.cl\\CL_MLP_PAO\\02_FGDB\\CL_MLP_PAO_v1.gdb'}}"
405,MLP SIG PAO LAYOUT OFFLINE v4,2,Layout - RCA\Caso Base RCA,Layout - RCA\Caso Base RCA\Camino de Acceso,Camino de Acceso,Layout - RCA\Caso Base RCA\Camino de Acceso,False,False,True,\\amssclgis08.ams.gmams.cl\CL_MLP_PAO\02_FGDB\CL_MLP_PAO_v1.gdb\CL_MLP_PAO_05_RCA\CL_MLP_PAO_RCA_CB_LI,"{'dataset': 'CL_MLP_PAO_RCA_CB_LI', 'workspace_factory': 'File Geodatabase', 'connection_info': {'database': '\\\\amssclgis08.ams.gmams.cl\\CL_MLP_PAO\\02_FGDB\\CL_MLP_PAO_v1.gdb'}}"
406,MLP SIG PAO LAYOUT OFFLINE v4,2,Layout - RCA\Caso Base RCA,Layout - RCA\Caso Base RCA\Tuberia Existente,Tuberia Existente,Layout - RCA\Caso Base RCA\Tuberia Existente,False,False,True,\\amssclgis08.ams.gmams.cl\CL_MLP_PAO\02_FGDB\CL_MLP_PAO_v1.gdb\CL_MLP_PAO_05_RCA\CL_MLP_PAO_RCA_CB_LI,"{'dataset': 'CL_MLP_PAO_RCA_CB_LI', 'workspace_factory': 'File Geodatabase', 'connection_info': {'database': '\\\\amssclgis08.ams.gmams.cl\\CL_MLP_PAO\\02_FGDB\\CL_MLP_PAO_v1.gdb'}}"
407,MLP SIG PAO LAYOUT OFFLINE v4,2,Layout - RCA\Caso Base RCA,Layout - RCA\Caso Base RCA\Área Evaluada RCA 15/2012,Área Evaluada RCA 15/2012,Layout - RCA\Caso Base RCA\Área Evaluada RCA 15/2012,False,False,True,\\amssclgis08.ams.gmams.cl\CL_MLP_PAO\02_FGDB\CL_MLP_PAO_v1.gdb\CL_MLP_PAO_05_RCA\CL_MLP_PAO_RCA_CB_PO,"{'dataset': 'CL_MLP_PAO_RCA_CB_PO', 'workspace_factory': 'File Geodatabase', 'connection_info': {'database': '\\\\amssclgis08.ams.gmams.cl\\CL_MLP_PAO\\02_FGDB\\CL_MLP_PAO_v1.gdb'}}"
408,MLP SIG PAO LAYOUT OFFLINE v4,2,Layout - RCA\Caso Base RCA,Layout - RCA\Caso Base RCA\Camino Industrial Mauro,Camino Industrial Mauro,Layout - RCA\Caso Base RCA\Camino Industrial Mauro,False,False,True,\\amssclgis08.ams.gmams.cl\CL_MLP_PAO\02_FGDB\CL_MLP_PAO_v1.gdb\CL_MLP_PAO_05_RCA\CL_MLP_PAO_RCA_CB_LI,"{'dataset': 'CL_MLP_PAO_RCA_CB_LI', 'workspace_factory': 'File Geodatabase', 'connection_info': {'database': '\\\\amssclgis08.ams.gmams.cl\\CL_MLP_PAO\\02_FGDB\\CL_MLP_PAO_v1.gdb'}}"
410,MLP SIG PAO LAYOUT OFFLINE v4,3,Layout - RCA\Caso Base RCA\Obras Desaladora ,Layout - RCA\Caso Base RCA\Obras Desaladora \Obras Marinas,Obras Marinas,Layout - RCA\Caso Base RCA\Obras Desaladora \Obras Marinas,False,False,True,\\amssclgis08.ams.gmams.cl\CL_MLP_PAO\02_FGDB\CL_MLP_PAO_v1.gdb\CL_MLP_PAO_05_RCA\CL_MLP_PAO_RCA_CB_PO,"{'dataset': 'CL_MLP_PAO_RCA_CB_PO', 'workspace_factory': 'File Geodatabase', 'connection_info': {'database': '\\\\amssclgis08.ams.gmams.cl\\CL_MLP_PAO\\02_FGDB\\CL_MLP_PAO_v1.gdb'}}"
411,MLP SIG PAO LAYOUT OFFLINE v4,2,Layout - RCA\Caso Base RCA,Layout - RCA\Caso Base RCA\Plataforma STR,Plataforma STR,Layout - RCA\Caso Base RCA\Plataforma STR,False,False,True,\\amssclgis08.ams.gmams.cl\CL_MLP_PAO\02_FGDB\CL_MLP_PAO_v1.gdb\CL_MLP_PAO_05_RCA\CL_MLP_PAO_RCA_CB_PO,"{'dataset': 'CL_MLP_PAO_RCA_CB_PO', 'workspace_factory': 'File Geodatabase', 'connection_info': {'database': '\\\\amssclgis08.ams.gmams.cl\\CL_MLP_PAO\\02_FGDB\\CL_MLP_PAO_v1.gdb'}}"
412,MLP SIG PAO LAYOUT OFFLINE v4,2,Layout - RCA\Caso Base RCA,Layout - RCA\Caso Base RCA\Área Aprobada Tranque Quillayes,Área Aprobada Tranque Quillayes,Layout - RCA\Caso Base RCA\Área Aprobada Tranque Quillayes,False,False,True,\\amssclgis08.ams.gmams.cl\CL_MLP_PAO\02_FGDB\CL_MLP_PAO_v1.gdb\CL_MLP_PAO_05_RCA\CL_MLP_PAO_RCA_CB_PO,"{'dataset': 'CL_MLP_PAO_RCA_CB_PO', 'workspace_factory': 'File Geodatabase', 'connection_info': {'database': '\\\\amssclgis08.ams.gmams.cl\\CL_MLP_PAO\\02_FGDB\\CL_MLP_PAO_v1.gdb'}}"
413,MLP SIG PAO LAYOUT OFFLINE v4,2,Layout - RCA\Caso Base RCA,Layout - RCA\Caso Base RCA\Area Evaluada Tranque El Mauro,Area Evaluada Tranque El Mauro,Layout - RCA\Caso Base RCA\Area Evaluada Tranque El Mauro,False,False,True,\\amssclgis08.ams.gmams.cl\CL_MLP_PAO\02_FGDB\CL_MLP_PAO_v1.gdb\CL_MLP_PAO_05_RCA\CL_MLP_PAO_RCA_CB_PO,"{'dataset': 'CL_MLP_PAO_RCA_CB_PO', 'workspace_factory': 'File Geodatabase', 'connection_info': {'database': '\\\\amssclgis08.ams.gmams.cl\\CL_MLP_PAO\\02_FGDB\\CL_MLP_PAO_v1.gdb'}}"
414,MLP SIG PAO LAYOUT OFFLINE v4,2,Layout - RCA\Caso Base RCA,Layout - RCA\Caso Base RCA\Área de Proyecto SIAD INCO,Área de Proyecto SIAD INCO,Layout - RCA\Caso Base RCA\Área de Proyecto SIAD INCO,False,False,True,\\amssclgis08.ams.gmams.cl\CL_MLP_PAO\02_FGDB\CL_MLP_PAO_v1.gdb\CL_MLP_PAO_05_RCA\CL_MLP_PAO_RCA_CB_PO,"{'dataset': 'CL_MLP_PAO_RCA_CB_PO', 'workspace_factory': 'File Geodatabase', 'connection_info': {'database': '\\\\amssclgis08.ams.gmams.cl\\CL_MLP_PAO\\02_FGDB\\CL_MLP_PAO_v1.gdb'}}"
416,MLP SIG PAO LAYOUT OFFLINE v4,2,Layout - RCA\Referencia RCA,Layout - RCA\Referencia RCA\PAO_RCA_PU,PAO_RCA_PU,Layout - RCA\Referencia RCA\PAO_RCA_PU,False,False,True,\\amssclgis08.ams.gmams.cl\CL_MLP_PAO\02_FGDB\CL_MLP_PAO_v1.gdb\CL_MLP_PAO_05_RCA\CL_MLP_PAO_RCA_PU,"{'dataset': 'CL_MLP_PAO_RCA_PU', 'workspace_factory': 'File Geodatabase', 'connection_info': {'database': '\\\\amssclgis08.ams.gmams.cl\\CL_MLP_PAO\\02_FGDB\\CL_MLP_PAO_v1.gdb'}}"
417,MLP SIG PAO LAYOUT OFFLINE v4,2,Layout - RCA\Referencia RCA,Layout - RCA\Referencia RCA\PAO_RCA_LI,PAO_RCA_LI,Layout - RCA\Referencia RCA\PAO_RCA_LI,False,False,True,\\amssclgis08.ams.gmams.cl\CL_MLP_PAO\02_FGDB\CL_MLP_PAO_v1.gdb\CL_MLP_PAO_05_RCA\CL_MLP_PAO_RCA_LI,"{'dataset': 'CL_MLP_PAO_RCA_LI', 'workspace_factory': 'File Geodatabase', 'connection_info': {'database': '\\\\amssclgis08.ams.gmams.cl\\CL_MLP_PAO\\02_FGDB\\CL_MLP_PAO_v1.gdb'}}"
418,MLP SIG PAO LAYOUT OFFLINE v4,2,Layout - RCA\Referencia RCA,Layout - RCA\Referencia RCA\PAO_RCA_PO,PAO_RCA_PO,Layout - RCA\Referencia RCA\PAO_RCA_PO,False,False,True,\\amssclgis08.ams.gmams.cl\CL_MLP_PAO\02_FGDB\CL_MLP_PAO_v1.gdb\CL_MLP_PAO_05_RCA\CL_MLP_PAO_RCA_PO,"{'dataset': 'CL_MLP_PAO_RCA_PO', 'workspace_factory': 'File Geodatabase', 'connection_info': {'database': '\\\\amssclgis08.ams.gmams.cl\\CL_MLP_PAO\\02_FGDB\\CL_MLP_PAO_v1.gdb'}}"
420,MLP SIG PAO LAYOUT OFFLINE v4,1,Caso Base,Caso Base\Camino de Acceso,Camino de Acceso,Caso Base\Camino de Acceso,False,False,True,\\amssclgis08.ams.gmams.cl\CL_MLP_PAO\02_FGDB\CL_MLP_PAO_v1.gdb\CL_MLP_PAO_03_ADENDA_2\CL_MLP_PAO_ADENDA2_CB_LI,"{'dataset': 'CL_MLP_PAO_ADENDA2_CB_LI', 'workspace_factory': 'File Geodatabase', 'connection_info': {'database': '\\\\amssclgis08.ams.gmams.cl\\CL_MLP_PAO\\02_FGDB\\CL_MLP_PAO_v1.gdb'}}"
421,MLP SIG PAO LAYOUT OFFLINE v4,1,Caso Base,Caso Base\Tuberia Existente,Tuberia Existente,Caso Base\Tuberia Existente,False,False,True,\\amssclgis08.ams.gmams.cl\CL_MLP_PAO\02_FGDB\CL_MLP_PAO_v1.gdb\CL_MLP_PAO_03_ADENDA_2\CL_MLP_PAO_ADENDA2_CB_LI,"{'dataset': 'CL_MLP_PAO_ADENDA2_CB_LI', 'workspace_factory': 'File Geodatabase', 'connection_info': {'database': '\\\\amssclgis08.ams.gmams.cl\\CL_MLP_PAO\\02_FGDB\\CL_MLP_PAO_v1.gdb'}}"
422,MLP SIG PAO LAYOUT OFFLINE v4,1,Caso Base,Caso Base\Área Evaluada RCA 15/2012,Área Evaluada RCA 15/2012,Caso Base\Área Evaluada RCA 15/2012,False,False,True,\\amssclgis08.ams.gmams.cl\CL_MLP_PAO\02_FGDB\CL_MLP_PAO_v1.gdb\CL_MLP_PAO_03_ADENDA_2\CL_MLP_PAO_ADENDA2_CB_PO,"{'dataset': 'CL_MLP_PAO_ADENDA2_CB_PO', 'workspace_factory': 'File Geodatabase', 'connection_info': {'database': '\\\\amssclgis08.ams.gmams.cl\\CL_MLP_PAO\\02_FGDB\\CL_MLP_PAO_v1.gdb'}}"
423,MLP SIG PAO LAYOUT OFFLINE v4,1,Caso Base,Caso Base\Camino Industrial Mauro,Camino Industrial Mauro,Caso Base\Camino Industrial Mauro,False,False,True,\\amssclgis08.ams.gmams.cl\CL_MLP_PAO\02_FGDB\CL_MLP_PAO_v1.gdb\CL_MLP_PAO_03_ADENDA_2\CL_MLP_PAO_ADENDA2_CB_LI,"{'dataset': 'CL_MLP_PAO_ADENDA2_CB_LI', 'workspace_factory': 'File Geodatabase', 'connection_info': {'database': '\\\\amssclgis08.ams.gmams.cl\\CL_MLP_PAO\\02_FGDB\\CL_MLP_PAO_v1.gdb'}}"
425,MLP SIG PAO LAYOUT OFFLINE v4,2,Caso Base\Obras Desaladora ,Caso Base\Obras Desaladora \Obras Marinas,Obras Marinas,Caso Base\Obras Desaladora \Obras Marinas,False,False,True,\\amssclgis08.ams.gmams.cl\CL_MLP_PAO\02_FGDB\CL_MLP_PAO_v1.gdb\CL_MLP_PAO_03_ADENDA_2\CL_MLP_PAO_ADENDA2_CB_PO,"{'dataset': 'CL_MLP_PAO_ADENDA2_CB_PO', 'workspace_factory': 'File Geodatabase', 'connection_info': {'database': '\\\\amssclgis08.ams.gmams.cl\\CL_MLP_PAO\\02_FGDB\\CL_MLP_PAO_v1.gdb'}}"
426,MLP SIG PAO LAYOUT OFFLINE v4,1,Caso Base,Caso Base\Plataforma STR,Plataforma STR,Caso Base\Plataforma STR,False,False,True,\\amssclgis08.ams.gmams.cl\CL_MLP_PAO\02_FGDB\CL_MLP_PAO_v1.gdb\CL_MLP_PAO_03_ADENDA_2\CL_MLP_PAO_ADENDA2_CB_PO,"{'dataset': 'CL_MLP_PAO_ADENDA2_CB_PO', 'workspace_factory': 'File Geodatabase', 'connection_info': {'database': '\\\\amssclgis08.ams.gmams.cl\\CL_MLP_PAO\\02_FGDB\\CL_MLP_PAO_v1.gdb'}}"
427,MLP SIG PAO LAYOUT OFFLINE v4,1,Caso Base,Caso Base\Área Aprobada Tranque Quillayes,Área Aprobada Tranque Quillayes,Caso Base\Área Aprobada Tranque Quillayes,False,False,True,\\amssclgis08.ams.gmams.cl\CL_MLP_PAO\02_FGDB\CL_MLP_PAO_v1.gdb\CL_MLP_PAO_03_ADENDA_2\CL_MLP_PAO_ADENDA2_CB_PO,"{'dataset': 'CL_MLP_PAO_ADENDA2_CB_PO', 'workspace_factory': 'File Geodatabase', 'connection_info': {'database': '\\\\amssclgis08.ams.gmams.cl\\CL_MLP_PAO\\02_FGDB\\CL_MLP_PAO_v1.gdb'}}"
428,MLP SIG PAO LAYOUT OFFLINE v4,1,Caso Base,Caso Base\Area Evaluada Tranque El Mauro,Area Evaluada Tranque El Mauro,Caso Base\Area Evaluada Tranque El Mauro,False,False,True,\\amssclgis08.ams.gmams.cl\CL_MLP_PAO\02_FGDB\CL_MLP_PAO_v1.gdb\CL_MLP_PAO_03_ADENDA_2\CL_MLP_PAO_ADENDA2_CB_PO,"{'dataset': 'CL_MLP_PAO_ADENDA2_CB_PO', 'workspace_factory': 'File Geodatabase', 'connection_info': {'database': '\\\\amssclgis08.ams.gmams.cl\\CL_MLP_PAO\\02_FGDB\\CL_MLP_PAO_v1.gdb'}}"
429,MLP SIG PAO LAYOUT OFFLINE v4,1,Caso Base,Caso Base\Área de Proyecto SIAD INCO,Área de Proyecto SIAD INCO,Caso Base\Área de Proyecto SIAD INCO,False,False,True,\\amssclgis08.ams.gmams.cl\CL_MLP_PAO\02_FGDB\CL_MLP_PAO_v1.gdb\CL_MLP_PAO_03_ADENDA_2\CL_MLP_PAO_ADENDA2_CB_PO,"{'dataset': 'CL_MLP_PAO_ADENDA2_CB_PO', 'workspace_factory': 'File Geodatabase', 'connection_info': {'database': '\\\\amssclgis08.ams.gmams.cl\\CL_MLP_PAO\\02_FGDB\\CL_MLP_PAO_v1.gdb'}}"
434,MLP SIG PAO LAYOUT OFFLINE v4,4,Proyectos Pelambres\INCO\OIAs INCO\OIAs INCO ACTUAL,Proyectos Pelambres\INCO\OIAs INCO\OIAs INCO ACTUAL\Puntos Kilometricos INCO Actual (Miles),Puntos Kilometricos INCO Actual (Miles),Proyectos Pelambres\INCO\OIAs INCO\OIAs INCO ACTUAL\Puntos Kilometricos INCO Actual (Miles),False,False,True,\\amssclgis08.ams.gmams.cl\CL_MLP_PAO\02_FGDB\CL_MLP_PAO_v1.gdb\CL_MLP_PAO_08_OTROS_PROYECTOS\CL_MLP_PAO_OIAs_INCO_Actual_CL_SIAD_PK_PU,"{'dataset': 'CL_MLP_PAO_OIAs_INCO_Actual_CL_SIAD_PK_PU', 'workspace_factory': 'File Geodatabase', 'connection_info': {'database': '\\\\amssclgis08.ams.gmams.cl\\CL_MLP_PAO\\02_FGDB\\CL_MLP_PAO_v1.gdb'}}"
435,MLP SIG PAO LAYOUT OFFLINE v4,4,Proyectos Pelambres\INCO\OIAs INCO\OIAs INCO ACTUAL,Proyectos Pelambres\INCO\OIAs INCO\OIAs INCO ACTUAL\Puntos Kilometricos INCO Actual (Centenas),Puntos Kilometricos INCO Actual (Centenas),Proyectos Pelambres\INCO\OIAs INCO\OIAs INCO ACTUAL\Puntos Kilometricos INCO Actual (Centenas),False,False,True,\\amssclgis08.ams.gmams.cl\CL_MLP_PAO\02_FGDB\CL_MLP_PAO_v1.gdb\CL_MLP_PAO_08_OTROS_PROYECTOS\CL_MLP_PAO_OIAs_INCO_Actual_CL_SIAD_PK_PU,"{'dataset': 'CL_MLP_PAO_OIAs_INCO_Actual_CL_SIAD_PK_PU', 'workspace_factory': 'File Geodatabase', 'connection_info': {'database': '\\\\amssclgis08.ams.gmams.cl\\CL_MLP_PAO\\02_FGDB\\CL_MLP_PAO_v1.gdb'}}"
436,MLP SIG PAO LAYOUT OFFLINE v4,4,Proyectos Pelambres\INCO\OIAs INCO\OIAs INCO ACTUAL,Proyectos Pelambres\INCO\OIAs INCO\OIAs INCO ACTUAL\OIAs INCO Actual (Punto),OIAs INCO Actual (Punto),Proyectos Pelambres\INCO\OIAs INCO\OIAs INCO ACTUAL\OIAs INCO Actual (Punto),False,False,True,\\amssclgis08.ams.gmams.cl\CL_MLP_PAO\02_FGDB\CL_MLP_PAO_v1.gdb\CL_MLP_PAO_08_OTROS_PROYECTOS\CL_MLP_PAO_OIAs_INCO_Actual_CL_OIA_PU,"{'dataset': 'CL_MLP_PAO_OIAs_INCO_Actual_CL_OIA_PU', 'workspace_factory': 'File Geodatabase', 'connection_info': {'database': '\\\\amssclgis08.ams.gmams.cl\\CL_MLP_PAO\\02_FGDB\\CL_MLP_PAO_v1.gdb'}}"
437,MLP SIG PAO LAYOUT OFFLINE v4,4,Proyectos Pelambres\INCO\OIAs INCO\OIAs INCO ACTUAL,Proyectos Pelambres\INCO\OIAs INCO\OIAs INCO ACTUAL\OIAs INCO Actual (Líneas),OIAs INCO Actual (Líneas),Proyectos Pelambres\INCO\OIAs INCO\OIAs INCO ACTUAL\OIAs INCO Actual (Líneas),False,False,True,\\amssclgis08.ams.gmams.cl\CL_MLP_PAO\02_FGDB\CL_MLP_PAO_v1.gdb\CL_MLP_PAO_08_OTROS_PROYECTOS\CL_MLP_PAO_OIAs_INCO_Actual_CL_OIA_LI,"{'dataset': 'CL_MLP_PAO_OIAs_INCO_Actual_CL_OIA_LI', 'workspace_factory': 'File Geodatabase', 'connection_info': {'database': '\\\\amssclgis08.ams.gmams.cl\\CL_MLP_PAO\\02_FGDB\\CL_MLP_PAO_v1.gdb'}}"
438,MLP SIG PAO LAYOUT OFFLINE v4,4,Proyectos Pelambres\INCO\OIAs INCO\OIAs INCO ACTUAL,Proyectos Pelambres\INCO\OIAs INCO\OIAs INCO ACTUAL\OIAs INCO Actual (Áreas),OIAs INCO Actual (Áreas),Proyectos Pelambres\INCO\OIAs INCO\OIAs INCO ACTUAL\OIAs INCO Actual (Áreas),False,False,True,\\amssclgis08.ams.gmams.cl\CL_MLP_PAO\02_FGDB\CL_MLP_PAO_v1.gdb\CL_MLP_PAO_08_OTROS_PROYECTOS\CL_MLP_PAO_OIAs_INCO_Actual_CL_OIA_PO,"{'dataset': 'CL_MLP_PAO_OIAs_INCO_Actual_CL_OIA_PO', 'workspace_factory': 'File Geodatabase', 'connection_info': {'database': '\\\\amssclgis08.ams.gmams.cl\\CL_MLP_PAO\\02_FGDB\\CL_MLP_PAO_v1.gdb'}}"
440,MLP SIG PAO LAYOUT OFFLINE v4,4,Proyectos Pelambres\INCO\OIAs INCO\OIAs INCO EIA APROBADO (MLP 18/08/2017 - V0) ,Proyectos Pelambres\INCO\OIAs INCO\OIAs INCO EIA APROBADO (MLP 18/08/2017 - V0) \OIAs INCO EIA Aprobado (Puntos),OIAs INCO EIA Aprobado (Puntos),Proyectos Pelambres\INCO\OIAs INCO\OIAs INCO EIA APROBADO (MLP 18/08/2017 - V0) \OIAs INCO EIA Aprobado (Puntos),False,False,True,\\amssclgis08.ams.gmams.cl\CL_MLP_PAO\02_FGDB\CL_MLP_PAO_v1.gdb\CL_MLP_PAO_08_OTROS_PROYECTOS\CL_MLP_PAO_OIAs_INCO_EIA_APROBADO_Obras_Puntuales_PU,"{'dataset': 'CL_MLP_PAO_OIAs_INCO_EIA_APROBADO_Obras_Puntuales_PU', 'workspace_factory': 'File Geodatabase', 'connection_info': {'database': '\\\\amssclgis08.ams.gmams.cl\\CL_MLP_PAO\\02_FGDB\\CL_MLP_PAO_v1.gdb'}}"
441,MLP SIG PAO LAYOUT OFFLINE v4,4,Proyectos Pelambres\INCO\OIAs INCO\OIAs INCO EIA APROBADO (MLP 18/08/2017 - V0) ,Proyectos Pelambres\INCO\OIAs INCO\OIAs INCO EIA APROBADO (MLP 18/08/2017 - V0) \OIAs INCO EIA Aprobado (Líneas),OIAs INCO EIA Aprobado (Líneas),Proyectos Pelambres\INCO\OIAs INCO\OIAs INCO EIA APROBADO (MLP 18/08/2017 - V0) \OIAs INCO EIA Aprobado (Líneas),False,False,True,\\amssclgis08.ams.gmams.cl\CL_MLP_PAO\02_FGDB\CL_MLP_PAO_v1.gdb\CL_MLP_PAO_08_OTROS_PROYECTOS\CL_MLP_PAO_OIAs_INCO_EIA_APROBADO_Obras_Lineales_LI,"{'dataset': 'CL_MLP_PAO_OIAs_INCO_EIA_APROBADO_Obras_Lineales_LI', 'workspace_factory': 'File Geodatabase', 'connection_info': {'database': '\\\\amssclgis08.ams.gmams.cl\\CL_MLP_PAO\\02_FGDB\\CL_MLP_PAO_v1.gdb'}}"
442,MLP SIG PAO LAYOUT OFFLINE v4,4,Proyectos Pelambres\INCO\OIAs INCO\OIAs INCO EIA APROBADO (MLP 18/08/2017 - V0) ,Proyectos Pelambres\INCO\OIAs INCO\OIAs INCO EIA APROBADO (MLP 18/08/2017 - V0) \OIAs INCO EIA Aprobado (Áreas),OIAs INCO EIA Aprobado (Áreas),Proyectos Pelambres\INCO\OIAs INCO\OIAs INCO EIA APROBADO (MLP 18/08/2017 - V0) \OIAs INCO EIA Aprobado (Áreas),False,False,True,\\amssclgis08.ams.gmams.cl\CL_MLP_PAO\02_FGDB\CL_MLP_PAO_v1.gdb\CL_MLP_PAO_08_OTROS_PROYECTOS\CL_MLP_PAO_OIAs_INCO_EIA_APROBADO_Obras_Areales_PO,"{'dataset': 'CL_MLP_PAO_OIAs_INCO_EIA_APROBADO_Obras_Areales_PO', 'workspace_factory': 'File Geodatabase', 'connection_info': {'database': '\\\\amssclgis08.ams.gmams.cl\\CL_MLP_PAO\\02_FGDB\\CL_MLP_PAO_v1.gdb'}}"
443,MLP SIG PAO LAYOUT OFFLINE v4,4,Proyectos Pelambres\INCO\OIAs INCO\OIAs INCO EIA APROBADO (MLP 18/08/2017 - V0) ,Proyectos Pelambres\INCO\OIAs INCO\OIAs INCO EIA APROBADO (MLP 18/08/2017 - V0) \Área de Intervención INCO EIA Aprobado,Área de Intervención INCO EIA Aprobado,Proyectos Pelambres\INCO\OIAs INCO\OIAs INCO EIA APROBADO (MLP 18/08/2017 - V0) \Área de Intervención INCO EIA Aprobado,False,False,True,\\amssclgis08.ams.gmams.cl\CL_MLP_PAO\02_FGDB\CL_MLP_PAO_v1.gdb\CL_MLP_PAO_08_OTROS_PROYECTOS\CL_MLP_PAO_OIAs_INCO_EIA_APROBADO_Área_de_Intervención_PO,"{'dataset': 'CL_MLP_PAO_OIAs_INCO_EIA_APROBADO_Área_de_Intervención_PO', 'workspace_factory': 'File Geodatabase', 'connection_info': {'database': '\\\\amssclgis08.ams.gmams.cl\\CL_MLP_PAO\\02_FGDB\\CL_MLP_PAO_v1.gdb'}}"
445,MLP SIG PAO LAYOUT OFFLINE v4,4,Proyectos Pelambres\INCO\OIAs INCO\Arqueología INCO ,Proyectos Pelambres\INCO\OIAs INCO\Arqueología INCO \Arqueología INCO (Puntos),Arqueología INCO (Puntos),Proyectos Pelambres\INCO\OIAs INCO\Arqueología INCO \Arqueología INCO (Puntos),False,False,True,\\amssclgis08.ams.gmams.cl\CL_MLP_PAO\02_FGDB\CL_MLP_PAO_v1.gdb\CL_MLP_PAO_08_OTROS_PROYECTOS\CL_MLP_PAO_FFAP_CL_INCO_SitArq_PU,"{'dataset': 'CL_MLP_PAO_FFAP_CL_INCO_SitArq_PU', 'workspace_factory': 'File Geodatabase', 'connection_info': {'database': '\\\\amssclgis08.ams.gmams.cl\\CL_MLP_PAO\\02_FGDB\\CL_MLP_PAO_v1.gdb'}}"
446,MLP SIG PAO LAYOUT OFFLINE v4,4,Proyectos Pelambres\INCO\OIAs INCO\Arqueología INCO ,Proyectos Pelambres\INCO\OIAs INCO\Arqueología INCO \Arqueología INCO (Áreas),Arqueología INCO (Áreas),Proyectos Pelambres\INCO\OIAs INCO\Arqueología INCO \Arqueología INCO (Áreas),False,False,True,\\amssclgis08.ams.gmams.cl\CL_MLP_PAO\02_FGDB\CL_MLP_PAO_v1.gdb\CL_MLP_PAO_08_OTROS_PROYECTOS\CL_MLP_PAO_FFAP_CL_INCO_SitArq_PO,"{'dataset': 'CL_MLP_PAO_FFAP_CL_INCO_SitArq_PO', 'workspace_factory': 'File Geodatabase', 'connection_info': {'database': '\\\\amssclgis08.ams.gmams.cl\\CL_MLP_PAO\\02_FGDB\\CL_MLP_PAO_v1.gdb'}}"
447,MLP SIG PAO LAYOUT OFFLINE v4,2,Proyectos Pelambres\INCO,Proyectos Pelambres\INCO\Caracterización Suelo,Caracterización Suelo,Proyectos Pelambres\INCO\Caracterización Suelo,False,False,True,\\amssclgis08.ams.gmams.cl\CL_MLP_PAO\02_FGDB\CL_MLP_PAO_v1.gdb\CL_MLP_PAO_08_OTROS_PROYECTOS\CL_MLP_PAO_INCO_CARACTERIZACION_SUELO_PO,"{'dataset': 'CL_MLP_PAO_INCO_CARACTERIZACION_SUELO_PO', 'workspace_factory': 'File Geodatabase', 'connection_info': {'database': '\\\\amssclgis08.ams.gmams.cl\\CL_MLP_PAO\\02_FGDB\\CL_MLP_PAO_v1.gdb'}}"
449,MLP SIG PAO LAYOUT OFFLINE v4,3,Proyectos Pelambres\INCO\As Built INCO (Julio 2022),Proyectos Pelambres\INCO\As Built INCO (Julio 2022)\Curvas de Nivel,Curvas de Nivel,Proyectos Pelambres\INCO\As Built INCO (Julio 2022)\Curvas de Nivel,False,False,True,\\amssclgis08.ams.gmams.cl\CL_MLP_PAO\02_FGDB\CL_MLP_PAO_v1.gdb\CL_MLP_PAO_08_OTROS_PROYECTOS\CL_MLP_PAO_INCO_ASBUILT_072022_Curvas_Nivel_LI,"{'dataset': 'CL_MLP_PAO_INCO_ASBUILT_072022_Curvas_Nivel_LI', 'workspace_factory': 'File Geodatabase', 'connection_info': {'database': '\\\\amssclgis08.ams.gmams.cl\\CL_MLP_PAO\\02_FGDB\\CL_MLP_PAO_v1.gdb'}}"
450,MLP SIG PAO LAYOUT OFFLINE v4,3,Proyectos Pelambres\INCO\As Built INCO (Julio 2022),Proyectos Pelambres\INCO\As Built INCO (Julio 2022)\Área intervención INCO,Área intervención INCO,Proyectos Pelambres\INCO\As Built INCO (Julio 2022)\Área intervención INCO,False,False,True,\\amssclgis08.ams.gmams.cl\CL_MLP_PAO\02_FGDB\CL_MLP_PAO_v1.gdb\CL_MLP_PAO_08_OTROS_PROYECTOS\CL_MLP_PAO_INCO_ASBUILT_072022_Area_Intervención_PO,"{'dataset': 'CL_MLP_PAO_INCO_ASBUILT_072022_Area_Intervención_PO', 'workspace_factory': 'File Geodatabase', 'connection_info': {'database': '\\\\amssclgis08.ams.gmams.cl\\CL_MLP_PAO\\02_FGDB\\CL_MLP_PAO_v1.gdb'}}"
453,MLP SIG PAO LAYOUT OFFLINE v4,3,Proyectos Pelambres\EVU\OIAs EVU,Proyectos Pelambres\EVU\OIAs EVU\Obras lineales EVU,Obras lineales EVU,Proyectos Pelambres\EVU\OIAs EVU\Obras lineales EVU,False,False,True,\\amssclgis08.ams.gmams.cl\CL_MLP_PAO\02_FGDB\CL_MLP_PAO_v1.gdb\CL_MLP_PAO_08_OTROS_PROYECTOS\CL_MLP_PAO_EVU_Obras_lineales_LI,"{'dataset': 'CL_MLP_PAO_EVU_Obras_lineales_LI', 'workspace_factory': 'File Geodatabase', 'connection_info': {'database': '\\\\amssclgis08.ams.gmams.cl\\CL_MLP_PAO\\02_FGDB\\CL_MLP_PAO_v1.gdb'}}"
454,MLP SIG PAO LAYOUT OFFLINE v4,3,Proyectos Pelambres\EVU\OIAs EVU,Proyectos Pelambres\EVU\OIAs EVU\Obras areales EVU,Obras areales EVU,Proyectos Pelambres\EVU\OIAs EVU\Obras areales EVU,False,False,True,\\amssclgis08.ams.gmams.cl\CL_MLP_PAO\02_FGDB\CL_MLP_PAO_v1.gdb\CL_MLP_PAO_08_OTROS_PROYECTOS\CL_MLP_PAO_EVU_Obras_areales_PO,"{'dataset': 'CL_MLP_PAO_EVU_Obras_areales_PO', 'workspace_factory': 'File Geodatabase', 'connection_info': {'database': '\\\\amssclgis08.ams.gmams.cl\\CL_MLP_PAO\\02_FGDB\\CL_MLP_PAO_v1.gdb'}}"
457,MLP SIG PAO LAYOUT OFFLINE v4,4,Proyectos Pelambres\EVU\Arqueología EVU\Tracks de prospección,Proyectos Pelambres\EVU\Arqueología EVU\Tracks de prospección\Tracks de prospección 2,Tracks de prospección 2,Proyectos Pelambres\EVU\Arqueología EVU\Tracks de prospección\Tracks de prospección 2,False,False,True,\\amssclgis08.ams.gmams.cl\CL_MLP_PAO\02_FGDB\CL_MLP_PAO_v1.gdb\CL_MLP_PAO_08_OTROS_PROYECTOS\CL_MLP_PAO_EVU_ARQUEOLOGÍA_TRACKS_PROSPECCION_2_LI,"{'dataset': 'CL_MLP_PAO_EVU_ARQUEOLOGÍA_TRACKS_PROSPECCION_2_LI', 'workspace_factory': 'File Geodatabase', 'connection_info': {'database': '\\\\amssclgis08.ams.gmams.cl\\CL_MLP_PAO\\02_FGDB\\CL_MLP_PAO_v1.gdb'}}"
458,MLP SIG PAO LAYOUT OFFLINE v4,4,Proyectos Pelambres\EVU\Arqueología EVU\Tracks de prospección,Proyectos Pelambres\EVU\Arqueología EVU\Tracks de prospección\Tracks de prospección 1,Tracks de prospección 1,Proyectos Pelambres\EVU\Arqueología EVU\Tracks de prospección\Tracks de prospección 1,False,False,True,\\amssclgis08.ams.gmams.cl\CL_MLP_PAO\02_FGDB\CL_MLP_PAO_v1.gdb\CL_MLP_PAO_08_OTROS_PROYECTOS\CL_MLP_PAO_EVU_ARQUEOLOGÍA_TRACKS_PROSPECCION_1_LI,"{'dataset': 'CL_MLP_PAO_EVU_ARQUEOLOGÍA_TRACKS_PROSPECCION_1_LI', 'workspace_factory': 'File Geodatabase', 'connection_info': {'database': '\\\\amssclgis08.ams.gmams.cl\\CL_MLP_PAO\\02_FGDB\\CL_MLP_PAO_v1.gdb'}}"
460,MLP SIG PAO LAYOUT OFFLINE v4,3,Proyectos Pelambres\EVU\Segmentación EVU,Proyectos Pelambres\EVU\Segmentación EVU\Registros Flora ECC INF06 RevP,Registros Flora ECC INF06 RevP,Proyectos Pelambres\EVU\Segmentación EVU\Registros Flora ECC INF06 RevP,False,False,True,\\amssclgis08.ams.gmams.cl\CL_MLP_PAO\02_FGDB\CL_MLP_PAO_v1.gdb\CL_MLP_PAO_08_OTROS_PROYECTOS\CL_MLP_PAO_EVU_SEG_MLP612_Registros_Flora_ECC_INF06_RevP_PU,"{'dataset': 'CL_MLP_PAO_EVU_SEG_MLP612_Registros_Flora_ECC_INF06_RevP_PU', 'workspace_factory': 'File Geodatabase', 'connection_info': {'database': '\\\\amssclgis08.ams.gmams.cl\\CL_MLP_PAO\\02_FGDB\\CL_MLP_PAO_v1.gdb'}}"
461,MLP SIG PAO LAYOUT OFFLINE v4,3,Proyectos Pelambres\EVU\Segmentación EVU,Proyectos Pelambres\EVU\Segmentación EVU\Puntos COT INF06 RevP,Puntos COT INF06 RevP,Proyectos Pelambres\EVU\Segmentación EVU\Puntos COT INF06 RevP,False,False,True,\\amssclgis08.ams.gmams.cl\CL_MLP_PAO\02_FGDB\CL_MLP_PAO_v1.gdb\CL_MLP_PAO_08_OTROS_PROYECTOS\CL_MLP_PAO_EVU_SEG_MLP612_Puntos_COT_INF06_RevP_PU,"{'dataset': 'CL_MLP_PAO_EVU_SEG_MLP612_Puntos_COT_INF06_RevP_PU', 'workspace_factory': 'File Geodatabase', 'connection_info': {'database': '\\\\amssclgis08.ams.gmams.cl\\CL_MLP_PAO\\02_FGDB\\CL_MLP_PAO_v1.gdb'}}"
462,MLP SIG PAO LAYOUT OFFLINE v4,3,Proyectos Pelambres\EVU\Segmentación EVU,Proyectos Pelambres\EVU\Segmentación EVU\Puntos Flora INF06 RevP,Puntos Flora INF06 RevP,Proyectos Pelambres\EVU\Segmentación EVU\Puntos Flora INF06 RevP,False,False,True,\\amssclgis08.ams.gmams.cl\CL_MLP_PAO\02_FGDB\CL_MLP_PAO_v1.gdb\CL_MLP_PAO_08_OTROS_PROYECTOS\CL_MLP_PAO_EVU_SEG_MLP612_Puntos_Flora_INF06_RevP_PU,"{'dataset': 'CL_MLP_PAO_EVU_SEG_MLP612_Puntos_Flora_INF06_RevP_PU', 'workspace_factory': 'File Geodatabase', 'connection_info': {'database': '\\\\amssclgis08.ams.gmams.cl\\CL_MLP_PAO\\02_FGDB\\CL_MLP_PAO_v1.gdb'}}"
463,MLP SIG PAO LAYOUT OFFLINE v4,3,Proyectos Pelambres\EVU\Segmentación EVU,Proyectos Pelambres\EVU\Segmentación EVU\Registros Flora COD ECC INF06 RevP,Registros Flora COD ECC INF06 RevP,Proyectos Pelambres\EVU\Segmentación EVU\Registros Flora COD ECC INF06 RevP,False,False,True,\\amssclgis08.ams.gmams.cl\CL_MLP_PAO\02_FGDB\CL_MLP_PAO_v1.gdb\CL_MLP_PAO_08_OTROS_PROYECTOS\CL_MLP_PAO_EVU_SEG_MLP612_Registros_Flora_COD_ECC_INF06_RevP_PU,"{'dataset': 'CL_MLP_PAO_EVU_SEG_MLP612_Registros_Flora_COD_ECC_INF06_RevP_PU', 'workspace_factory': 'File Geodatabase', 'connection_info': {'database': '\\\\amssclgis08.ams.gmams.cl\\CL_MLP_PAO\\02_FGDB\\CL_MLP_PAO_v1.gdb'}}"
464,MLP SIG PAO LAYOUT OFFLINE v4,3,Proyectos Pelambres\EVU\Segmentación EVU,Proyectos Pelambres\EVU\Segmentación EVU\Area de Influencia INF06 RevP,Area de Influencia INF06 RevP,Proyectos Pelambres\EVU\Segmentación EVU\Area de Influencia INF06 RevP,False,False,True,\\amssclgis08.ams.gmams.cl\CL_MLP_PAO\02_FGDB\CL_MLP_PAO_v1.gdb\CL_MLP_PAO_08_OTROS_PROYECTOS\CL_MLP_PAO_EVU_SEG_MLP612_Area_de_Influencia_INF06_RevP_PO,"{'dataset': 'CL_MLP_PAO_EVU_SEG_MLP612_Area_de_Influencia_INF06_RevP_PO', 'workspace_factory': 'File Geodatabase', 'connection_info': {'database': '\\\\amssclgis08.ams.gmams.cl\\CL_MLP_PAO\\02_FGDB\\CL_MLP_PAO_v1.gdb'}}"
465,MLP SIG PAO LAYOUT OFFLINE v4,3,Proyectos Pelambres\EVU\Segmentación EVU,Proyectos Pelambres\EVU\Segmentación EVU\Segmentacion INF06 RevP,Segmentacion INF06 RevP,Proyectos Pelambres\EVU\Segmentación EVU\Segmentacion INF06 RevP,False,False,True,\\amssclgis08.ams.gmams.cl\CL_MLP_PAO\02_FGDB\CL_MLP_PAO_v1.gdb\CL_MLP_PAO_08_OTROS_PROYECTOS\CL_MLP_PAO_EVU_SEG_MLP612_Segmentacion_INF06_RevP_PO,"{'dataset': 'CL_MLP_PAO_EVU_SEG_MLP612_Segmentacion_INF06_RevP_PO', 'workspace_factory': 'File Geodatabase', 'connection_info': {'database': '\\\\amssclgis08.ams.gmams.cl\\CL_MLP_PAO\\02_FGDB\\CL_MLP_PAO_v1.gdb'}}"
467,MLP SIG PAO LAYOUT OFFLINE v4,2,Proyectos Pelambres\S/E CENTELLA,Proyectos Pelambres\S/E CENTELLA\Obras puntuales S/E Centella,Obras puntuales S/E Centella,Proyectos Pelambres\S/E CENTELLA\Obras puntuales S/E Centella,False,False,True,\\amssclgis08.ams.gmams.cl\CL_MLP_PAO\02_FGDB\CL_MLP_PAO_v1.gdb\CL_MLP_PAO_08_OTROS_PROYECTOS\CL_MLP_PAO_OIAS_OBRAS_SE_CENTELLA_PU,"{'dataset': 'CL_MLP_PAO_OIAS_OBRAS_SE_CENTELLA_PU', 'workspace_factory': 'File Geodatabase', 'connection_info': {'database': '\\\\amssclgis08.ams.gmams.cl\\CL_MLP_PAO\\02_FGDB\\CL_MLP_PAO_v1.gdb'}}"
468,MLP SIG PAO LAYOUT OFFLINE v4,2,Proyectos Pelambres\S/E CENTELLA,Proyectos Pelambres\S/E CENTELLA\Obras lineales S/E Centella,Obras lineales S/E Centella,Proyectos Pelambres\S/E CENTELLA\Obras lineales S/E Centella,False,False,True,\\amssclgis08.ams.gmams.cl\CL_MLP_PAO\02_FGDB\CL_MLP_PAO_v1.gdb\CL_MLP_PAO_08_OTROS_PROYECTOS\CL_MLP_PAO_OIAS_OBRAS_SE_CENTELLA_LI,"{'dataset': 'CL_MLP_PAO_OIAS_OBRAS_SE_CENTELLA_LI', 'workspace_factory': 'File Geodatabase', 'connection_info': {'database': '\\\\amssclgis08.ams.gmams.cl\\CL_MLP_PAO\\02_FGDB\\CL_MLP_PAO_v1.gdb'}}"
469,MLP SIG PAO LAYOUT OFFLINE v4,2,Proyectos Pelambres\S/E CENTELLA,Proyectos Pelambres\S/E CENTELLA\Obras areales S/E Centella,Obras areales S/E Centella,Proyectos Pelambres\S/E CENTELLA\Obras areales S/E Centella,False,False,True,\\amssclgis08.ams.gmams.cl\CL_MLP_PAO\02_FGDB\CL_MLP_PAO_v1.gdb\CL_MLP_PAO_08_OTROS_PROYECTOS\CL_LP_PAO_OIAS_OBRAS_SE_CENTELLA_PO,"{'dataset': 'CL_LP_PAO_OIAS_OBRAS_SE_CENTELLA_PO', 'workspace_factory': 'File Geodatabase', 'connection_info': {'database': '\\\\amssclgis08.ams.gmams.cl\\CL_MLP_PAO\\02_FGDB\\CL_MLP_PAO_v1.gdb'}}"
471,MLP SIG PAO LAYOUT OFFLINE v4,2,Proyectos Pelambres\HIDROCICLONES,Proyectos Pelambres\HIDROCICLONES\01 Plataforma Estación de Bombeo Relaves (PEI),01 Plataforma Estación de Bombeo Relaves (PEI),Proyectos Pelambres\HIDROCICLONES\01 Plataforma Estación de Bombeo Relaves (PEI),False,False,True,\\amssclgis08.ams.gmams.cl\CL_MLP_PAO\03_MAPX\offline\MLP_SIG_PAO_LAYOUT_OFFLINE_v4\01 Plataforma Estación de Bombeo Relaves (PEI).vtpk,
472,MLP SIG PAO LAYOUT OFFLINE v4,2,Proyectos Pelambres\HIDROCICLONES,Proyectos Pelambres\HIDROCICLONES\02 Plataforma Hidrociclones(PH),02 Plataforma Hidrociclones(PH),Proyectos Pelambres\HIDROCICLONES\02 Plataforma Hidrociclones(PH),False,False,True,\\amssclgis08.ams.gmams.cl\CL_MLP_PAO\03_MAPX\offline\MLP_SIG_PAO_LAYOUT_OFFLINE_v4\02 Plataforma Hidrociclones(PH).vtpk,
473,MLP SIG PAO LAYOUT OFFLINE v4,2,Proyectos Pelambres\HIDROCICLONES,Proyectos Pelambres\HIDROCICLONES\03 Plataforma TK Agua (PTKAGUA),03 Plataforma TK Agua (PTKAGUA),Proyectos Pelambres\HIDROCICLONES\03 Plataforma TK Agua (PTKAGUA),False,False,True,\\amssclgis08.ams.gmams.cl\CL_MLP_PAO\03_MAPX\offline\MLP_SIG_PAO_LAYOUT_OFFLINE_v4\03 Plataforma TK Agua (PTKAGUA).vtpk,
474,MLP SIG PAO LAYOUT OFFLINE v4,2,Proyectos Pelambres\HIDROCICLONES,Proyectos Pelambres\HIDROCICLONES\04 PIPING (Puente pipe rack),04 PIPING (Puente pipe rack),Proyectos Pelambres\HIDROCICLONES\04 PIPING (Puente pipe rack),False,False,True,\\amssclgis08.ams.gmams.cl\CL_MLP_PAO\03_MAPX\offline\MLP_SIG_PAO_LAYOUT_OFFLINE_v4\04 PIPING (Puente pipe rack).vtpk,
475,MLP SIG PAO LAYOUT OFFLINE v4,2,Proyectos Pelambres\HIDROCICLONES,Proyectos Pelambres\HIDROCICLONES\05 CAMINOS EXISTENTES,05 CAMINOS EXISTENTES,Proyectos Pelambres\HIDROCICLONES\05 CAMINOS EXISTENTES,False,False,True,\\amssclgis08.ams.gmams.cl\CL_MLP_PAO\03_MAPX\offline\MLP_SIG_PAO_LAYOUT_OFFLINE_v4\05 CAMINOS EXISTENTES.vtpk,
476,MLP SIG PAO LAYOUT OFFLINE v4,2,Proyectos Pelambres\HIDROCICLONES,Proyectos Pelambres\HIDROCICLONES\06 ESTACION EXISTENTE,06 ESTACION EXISTENTE,Proyectos Pelambres\HIDROCICLONES\06 ESTACION EXISTENTE,False,False,True,\\amssclgis08.ams.gmams.cl\CL_MLP_PAO\03_MAPX\offline\MLP_SIG_PAO_LAYOUT_OFFLINE_v4\06 ESTACION EXISTENTE.vtpk,
479,MLP SIG PAO LAYOUT OFFLINE v4,3,Proyectos Pelambres\SPTF\Cambio lineas drenes Quillayes,Proyectos Pelambres\SPTF\Cambio lineas drenes Quillayes\Cambio lineas drenes Quillayes,Cambio lineas drenes Quillayes,Proyectos Pelambres\SPTF\Cambio lineas drenes Quillayes\Cambio lineas drenes Quillayes,False,False,True,\\amssclgis08.ams.gmams.cl\CL_MLP_PAO\02_FGDB\CL_MLP_PAO_v1.gdb\CL_MLP_PAO_08_OTROS_PROYECTOS\CL_MLP_PAO_SPTF_LI,"{'dataset': 'CL_MLP_PAO_SPTF_LI', 'workspace_factory': 'File Geodatabase', 'connection_info': {'database': '\\\\amssclgis08.ams.gmams.cl\\CL_MLP_PAO\\02_FGDB\\CL_MLP_PAO_v1.gdb'}}"
481,MLP SIG PAO LAYOUT OFFLINE v4,3,Proyectos Pelambres\SPTF\Recambio Tuberia STR36p,Proyectos Pelambres\SPTF\Recambio Tuberia STR36p\Recambio Tuberia STR36p_PU,Recambio Tuberia STR36p_PU,Proyectos Pelambres\SPTF\Recambio Tuberia STR36p\Recambio Tuberia STR36p_PU,False,False,True,\\amssclgis08.ams.gmams.cl\CL_MLP_PAO\02_FGDB\CL_MLP_PAO_v1.gdb\CL_MLP_PAO_08_OTROS_PROYECTOS\CL_MLP_PAO_SPTF_PU,"{'dataset': 'CL_MLP_PAO_SPTF_PU', 'workspace_factory': 'File Geodatabase', 'connection_info': {'database': '\\\\amssclgis08.ams.gmams.cl\\CL_MLP_PAO\\02_FGDB\\CL_MLP_PAO_v1.gdb'}}"
482,MLP SIG PAO LAYOUT OFFLINE v4,3,Proyectos Pelambres\SPTF\Recambio Tuberia STR36p,Proyectos Pelambres\SPTF\Recambio Tuberia STR36p\Recambio Tuberia STR36p_LI,Recambio Tuberia STR36p_LI,Proyectos Pelambres\SPTF\Recambio Tuberia STR36p\Recambio Tuberia STR36p_LI,False,False,True,\\amssclgis08.ams.gmams.cl\CL_MLP_PAO\02_FGDB\CL_MLP_PAO_v1.gdb\CL_MLP_PAO_08_OTROS_PROYECTOS\CL_MLP_PAO_SPTF_LI,"{'dataset': 'CL_MLP_PAO_SPTF_LI', 'workspace_factory': 'File Geodatabase', 'connection_info': {'database': '\\\\amssclgis08.ams.gmams.cl\\CL_MLP_PAO\\02_FGDB\\CL_MLP_PAO_v1.gdb'}}"
483,MLP SIG PAO LAYOUT OFFLINE v4,3,Proyectos Pelambres\SPTF\Recambio Tuberia STR36p,Proyectos Pelambres\SPTF\Recambio Tuberia STR36p\Recambio Tuberia STR36p_AR,Recambio Tuberia STR36p_AR,Proyectos Pelambres\SPTF\Recambio Tuberia STR36p\Recambio Tuberia STR36p_AR,False,False,True,\\amssclgis08.ams.gmams.cl\CL_MLP_PAO\02_FGDB\CL_MLP_PAO_v1.gdb\CL_MLP_PAO_08_OTROS_PROYECTOS\CL_MLP_PAO_SPTF_PO,"{'dataset': 'CL_MLP_PAO_SPTF_PO', 'workspace_factory': 'File Geodatabase', 'connection_info': {'database': '\\\\amssclgis08.ams.gmams.cl\\CL_MLP_PAO\\02_FGDB\\CL_MLP_PAO_v1.gdb'}}"
485,MLP SIG PAO LAYOUT OFFLINE v4,3,Proyectos Pelambres\SPTF\EBB10 Proyectado,Proyectos Pelambres\SPTF\EBB10 Proyectado\EBB10 Proyectado_PU,EBB10 Proyectado_PU,Proyectos Pelambres\SPTF\EBB10 Proyectado\EBB10 Proyectado_PU,False,False,True,\\amssclgis08.ams.gmams.cl\CL_MLP_PAO\02_FGDB\CL_MLP_PAO_v1.gdb\CL_MLP_PAO_08_OTROS_PROYECTOS\CL_MLP_PAO_SPTF_PU,"{'dataset': 'CL_MLP_PAO_SPTF_PU', 'workspace_factory': 'File Geodatabase', 'connection_info': {'database': '\\\\amssclgis08.ams.gmams.cl\\CL_MLP_PAO\\02_FGDB\\CL_MLP_PAO_v1.gdb'}}"
486,MLP SIG PAO LAYOUT OFFLINE v4,3,Proyectos Pelambres\SPTF\EBB10 Proyectado,Proyectos Pelambres\SPTF\EBB10 Proyectado\EBB10 Proyectado_LI,EBB10 Proyectado_LI,Proyectos Pelambres\SPTF\EBB10 Proyectado\EBB10 Proyectado_LI,False,False,True,\\amssclgis08.ams.gmams.cl\CL_MLP_PAO\02_FGDB\CL_MLP_PAO_v1.gdb\CL_MLP_PAO_08_OTROS_PROYECTOS\CL_MLP_PAO_SPTF_LI,"{'dataset': 'CL_MLP_PAO_SPTF_LI', 'workspace_factory': 'File Geodatabase', 'connection_info': {'database': '\\\\amssclgis08.ams.gmams.cl\\CL_MLP_PAO\\02_FGDB\\CL_MLP_PAO_v1.gdb'}}"
488,MLP SIG PAO LAYOUT OFFLINE v4,3,Proyectos Pelambres\SPTF\Canal contorno norte,Proyectos Pelambres\SPTF\Canal contorno norte\Canal contorno norte,Canal contorno norte,Proyectos Pelambres\SPTF\Canal contorno norte\Canal contorno norte,False,False,True,\\amssclgis08.ams.gmams.cl\CL_MLP_PAO\02_FGDB\CL_MLP_PAO_v1.gdb\CL_MLP_PAO_08_OTROS_PROYECTOS\CL_MLP_PAO_SPTF_LI,"{'dataset': 'CL_MLP_PAO_SPTF_LI', 'workspace_factory': 'File Geodatabase', 'connection_info': {'database': '\\\\amssclgis08.ams.gmams.cl\\CL_MLP_PAO\\02_FGDB\\CL_MLP_PAO_v1.gdb'}}"
494,MLP SIG PAO LAYOUT OFFLINE v4,5,Líneas Base\Arqueología y Paleontología\Arqueología\Elementos Patrimoniales\Elementos patrimoniales validados,Líneas Base\Arqueología y Paleontología\Arqueología\Elementos Patrimoniales\Elementos patrimoniales validados\Elementos patrimoniales validados (puntos),Elementos patrimoniales validados (puntos),Líneas Base\Arqueología y Paleontología\Arqueología\Elementos Patrimoniales\Elementos patrimoniales validados\Elementos patrimoniales validados (puntos),False,False,True,\\amssclgis08.ams.gmams.cl\CL_MLP_PAO\02_FGDB\CL_MLP_PAO_v1.gdb\CL_MLP_PAO_01_EIA\CL_MLP_PAO_EIA_Elementos_patrimoniales_validados_PU,"{'dataset': 'CL_MLP_PAO_EIA_Elementos_patrimoniales_validados_PU', 'workspace_factory': 'File Geodatabase', 'connection_info': {'database': '\\\\amssclgis08.ams.gmams.cl\\CL_MLP_PAO\\02_FGDB\\CL_MLP_PAO_v1.gdb'}}"
495,MLP SIG PAO LAYOUT OFFLINE v4,5,Líneas Base\Arqueología y Paleontología\Arqueología\Elementos Patrimoniales\Elementos patrimoniales validados,Líneas Base\Arqueología y Paleontología\Arqueología\Elementos Patrimoniales\Elementos patrimoniales validados\Elementos patrimoniales validados (lineas),Elementos patrimoniales validados (lineas),Líneas Base\Arqueología y Paleontología\Arqueología\Elementos Patrimoniales\Elementos patrimoniales validados\Elementos patrimoniales validados (lineas),False,False,True,\\amssclgis08.ams.gmams.cl\CL_MLP_PAO\02_FGDB\CL_MLP_PAO_v1.gdb\CL_MLP_PAO_01_EIA\CL_MLP_PAO_EIA_Elementos_patrimoniales_validados_LI,"{'dataset': 'CL_MLP_PAO_EIA_Elementos_patrimoniales_validados_LI', 'workspace_factory': 'File Geodatabase', 'connection_info': {'database': '\\\\amssclgis08.ams.gmams.cl\\CL_MLP_PAO\\02_FGDB\\CL_MLP_PAO_v1.gdb'}}"
496,MLP SIG PAO LAYOUT OFFLINE v4,5,Líneas Base\Arqueología y Paleontología\Arqueología\Elementos Patrimoniales\Elementos patrimoniales validados,Líneas Base\Arqueología y Paleontología\Arqueología\Elementos Patrimoniales\Elementos patrimoniales validados\Elementos patrimoniales validados (áreas),Elementos patrimoniales validados (áreas),Líneas Base\Arqueología y Paleontología\Arqueología\Elementos Patrimoniales\Elementos patrimoniales validados\Elementos patrimoniales validados (áreas),False,False,True,\\amssclgis08.ams.gmams.cl\CL_MLP_PAO\02_FGDB\CL_MLP_PAO_v1.gdb\CL_MLP_PAO_01_EIA\CL_MLP_PAO_EIA_Elementos_patrimoniales_validados_PO,"{'dataset': 'CL_MLP_PAO_EIA_Elementos_patrimoniales_validados_PO', 'workspace_factory': 'File Geodatabase', 'connection_info': {'database': '\\\\amssclgis08.ams.gmams.cl\\CL_MLP_PAO\\02_FGDB\\CL_MLP_PAO_v1.gdb'}}"
498,MLP SIG PAO LAYOUT OFFLINE v4,5,Líneas Base\Arqueología y Paleontología\Arqueología\Elementos Patrimoniales\Elementos patrimoniales relevados por PAO,Líneas Base\Arqueología y Paleontología\Arqueología\Elementos Patrimoniales\Elementos patrimoniales relevados por PAO\Elementos patrimoniales relevados por PAO (puntos),Elementos patrimoniales relevados por PAO (puntos),Líneas Base\Arqueología y Paleontología\Arqueología\Elementos Patrimoniales\Elementos patrimoniales relevados por PAO\Elementos patrimoniales relevados por PAO (puntos),False,False,True,\\amssclgis08.ams.gmams.cl\CL_MLP_PAO\02_FGDB\CL_MLP_PAO_v1.gdb\CL_MLP_PAO_01_EIA\CL_MLP_PAO_EIA_Elementos_patrimoniales_relevados_PAO_PU,"{'dataset': 'CL_MLP_PAO_EIA_Elementos_patrimoniales_relevados_PAO_PU', 'workspace_factory': 'File Geodatabase', 'connection_info': {'database': '\\\\amssclgis08.ams.gmams.cl\\CL_MLP_PAO\\02_FGDB\\CL_MLP_PAO_v1.gdb'}}"
499,MLP SIG PAO LAYOUT OFFLINE v4,5,Líneas Base\Arqueología y Paleontología\Arqueología\Elementos Patrimoniales\Elementos patrimoniales relevados por PAO,Líneas Base\Arqueología y Paleontología\Arqueología\Elementos Patrimoniales\Elementos patrimoniales relevados por PAO\Elementos patrimoniales relevados por PAO (áreas),Elementos patrimoniales relevados por PAO (áreas),Líneas Base\Arqueología y Paleontología\Arqueología\Elementos Patrimoniales\Elementos patrimoniales relevados por PAO\Elementos patrimoniales relevados por PAO (áreas),False,False,True,\\amssclgis08.ams.gmams.cl\CL_MLP_PAO\02_FGDB\CL_MLP_PAO_v1.gdb\CL_MLP_PAO_01_EIA\CL_MLP_PAO_EIA_Elementos_patrimoniales_relevados_PAO_PO,"{'dataset': 'CL_MLP_PAO_EIA_Elementos_patrimoniales_relevados_PAO_PO', 'workspace_factory': 'File Geodatabase', 'connection_info': {'database': '\\\\amssclgis08.ams.gmams.cl\\CL_MLP_PAO\\02_FGDB\\CL_MLP_PAO_v1.gdb'}}"
500,MLP SIG PAO LAYOUT OFFLINE v4,3,Líneas Base\Arqueología y Paleontología\Arqueología,Líneas Base\Arqueología y Paleontología\Arqueología\Área de Influencia Arqueología,Área de Influencia Arqueología,Líneas Base\Arqueología y Paleontología\Arqueología\Área de Influencia Arqueología,False,False,True,\\amssclgis08.ams.gmams.cl\CL_MLP_PAO\02_FGDB\CL_MLP_PAO_v1.gdb\CL_MLP_PAO_01_EIA\CL_MLP_PAO_EIA_AREA_INFLUENCIA_ARQUEOLOGÍA_PO,"{'dataset': 'CL_MLP_PAO_EIA_AREA_INFLUENCIA_ARQUEOLOGÍA_PO', 'workspace_factory': 'File Geodatabase', 'connection_info': {'database': '\\\\amssclgis08.ams.gmams.cl\\CL_MLP_PAO\\02_FGDB\\CL_MLP_PAO_v1.gdb'}}"
503,MLP SIG PAO LAYOUT OFFLINE v4,5,"Líneas Base\Arqueología y Paleontología\Arqueología\Cobertura de prospección\Cobertura prospectada (sup. Total :779,57 ha)","Líneas Base\Arqueología y Paleontología\Arqueología\Cobertura de prospección\Cobertura prospectada (sup. Total :779,57 ha)\Cobertura WSP",Cobertura WSP,"Líneas Base\Arqueología y Paleontología\Arqueología\Cobertura de prospección\Cobertura prospectada (sup. Total :779,57 ha)\Cobertura WSP",False,False,True,\\amssclgis08.ams.gmams.cl\CL_MLP_PAO\02_FGDB\CL_MLP_PAO_v1.gdb\CL_MLP_PAO_01_EIA\CL_MLP_PAO_EIA_Cobertura_WSP_PO,"{'dataset': 'CL_MLP_PAO_EIA_Cobertura_WSP_PO', 'workspace_factory': 'File Geodatabase', 'connection_info': {'database': '\\\\amssclgis08.ams.gmams.cl\\CL_MLP_PAO\\02_FGDB\\CL_MLP_PAO_v1.gdb'}}"
504,MLP SIG PAO LAYOUT OFFLINE v4,5,"Líneas Base\Arqueología y Paleontología\Arqueología\Cobertura de prospección\Cobertura prospectada (sup. Total :779,57 ha)","Líneas Base\Arqueología y Paleontología\Arqueología\Cobertura de prospección\Cobertura prospectada (sup. Total :779,57 ha)\Cobertura INCO",Cobertura INCO,"Líneas Base\Arqueología y Paleontología\Arqueología\Cobertura de prospección\Cobertura prospectada (sup. Total :779,57 ha)\Cobertura INCO",False,False,True,\\amssclgis08.ams.gmams.cl\CL_MLP_PAO\02_FGDB\CL_MLP_PAO_v1.gdb\CL_MLP_PAO_01_EIA\CL_MLP_PAO_EIA_Cobertura_INCO_PO,"{'dataset': 'CL_MLP_PAO_EIA_Cobertura_INCO_PO', 'workspace_factory': 'File Geodatabase', 'connection_info': {'database': '\\\\amssclgis08.ams.gmams.cl\\CL_MLP_PAO\\02_FGDB\\CL_MLP_PAO_v1.gdb'}}"
505,MLP SIG PAO LAYOUT OFFLINE v4,5,"Líneas Base\Arqueología y Paleontología\Arqueología\Cobertura de prospección\Cobertura prospectada (sup. Total :779,57 ha)","Líneas Base\Arqueología y Paleontología\Arqueología\Cobertura de prospección\Cobertura prospectada (sup. Total :779,57 ha)\Cobertura MLP0050",Cobertura MLP0050,"Líneas Base\Arqueología y Paleontología\Arqueología\Cobertura de prospección\Cobertura prospectada (sup. Total :779,57 ha)\Cobertura MLP0050",False,False,True,\\amssclgis08.ams.gmams.cl\CL_MLP_PAO\02_FGDB\CL_MLP_PAO_v1.gdb\CL_MLP_PAO_01_EIA\CL_MLP_PAO_EIA_Cobertura_MLP0050_PO,"{'dataset': 'CL_MLP_PAO_EIA_Cobertura_MLP0050_PO', 'workspace_factory': 'File Geodatabase', 'connection_info': {'database': '\\\\amssclgis08.ams.gmams.cl\\CL_MLP_PAO\\02_FGDB\\CL_MLP_PAO_v1.gdb'}}"
506,MLP SIG PAO LAYOUT OFFLINE v4,4,Líneas Base\Arqueología y Paleontología\Arqueología\Cobertura de prospección,"Líneas Base\Arqueología y Paleontología\Arqueología\Cobertura de prospección\Cobertura no prospectable  (58,77 ha)","Cobertura no prospectable  (58,77 ha)","Líneas Base\Arqueología y Paleontología\Arqueología\Cobertura de prospección\Cobertura no prospectable  (58,77 ha)",False,False,True,\\amssclgis08.ams.gmams.cl\CL_MLP_PAO\02_FGDB\CL_MLP_PAO_v1.gdb\CL_MLP_PAO_01_EIA\CL_MLP_PAO_EIA_Cobertura_no_prospectable_PO,"{'dataset': 'CL_MLP_PAO_EIA_Cobertura_no_prospectable_PO', 'workspace_factory': 'File Geodatabase', 'connection_info': {'database': '\\\\amssclgis08.ams.gmams.cl\\CL_MLP_PAO\\02_FGDB\\CL_MLP_PAO_v1.gdb'}}"
507,MLP SIG PAO LAYOUT OFFLINE v4,4,Líneas Base\Arqueología y Paleontología\Arqueología\Cobertura de prospección,"Líneas Base\Arqueología y Paleontología\Arqueología\Cobertura de prospección\Cobertura no prospectada (4,63 ha)","Cobertura no prospectada (4,63 ha)","Líneas Base\Arqueología y Paleontología\Arqueología\Cobertura de prospección\Cobertura no prospectada (4,63 ha)",False,False,True,\\amssclgis08.ams.gmams.cl\CL_MLP_PAO\02_FGDB\CL_MLP_PAO_v1.gdb\CL_MLP_PAO_01_EIA\CL_MLP_PAO_EIA_Cobertura_no_prospectada_PO,"{'dataset': 'CL_MLP_PAO_EIA_Cobertura_no_prospectada_PO', 'workspace_factory': 'File Geodatabase', 'connection_info': {'database': '\\\\amssclgis08.ams.gmams.cl\\CL_MLP_PAO\\02_FGDB\\CL_MLP_PAO_v1.gdb'}}"
509,MLP SIG PAO LAYOUT OFFLINE v4,5,Líneas Base\Arqueología y Paleontología\Arqueología\Cobertura de prospección\Track de prospección,Líneas Base\Arqueología y Paleontología\Arqueología\Cobertura de prospección\Track de prospección\Track MLP,Track MLP,Líneas Base\Arqueología y Paleontología\Arqueología\Cobertura de prospección\Track de prospección\Track MLP,False,False,True,\\amssclgis08.ams.gmams.cl\CL_MLP_PAO\02_FGDB\CL_MLP_PAO_v1.gdb\CL_MLP_PAO_01_EIA\CL_MLP_PAO_EIA_Track_MLP,"{'dataset': 'CL_MLP_PAO_EIA_Track_MLP', 'workspace_factory': 'File Geodatabase', 'connection_info': {'database': '\\\\amssclgis08.ams.gmams.cl\\CL_MLP_PAO\\02_FGDB\\CL_MLP_PAO_v1.gdb'}}"
510,MLP SIG PAO LAYOUT OFFLINE v4,5,Líneas Base\Arqueología y Paleontología\Arqueología\Cobertura de prospección\Track de prospección,Líneas Base\Arqueología y Paleontología\Arqueología\Cobertura de prospección\Track de prospección\Track INCO,Track INCO,Líneas Base\Arqueología y Paleontología\Arqueología\Cobertura de prospección\Track de prospección\Track INCO,False,False,True,\\amssclgis08.ams.gmams.cl\CL_MLP_PAO\02_FGDB\CL_MLP_PAO_v1.gdb\CL_MLP_PAO_01_EIA\CL_MLP_PAO_EIA_Track_INCO,"{'dataset': 'CL_MLP_PAO_EIA_Track_INCO', 'workspace_factory': 'File Geodatabase', 'connection_info': {'database': '\\\\amssclgis08.ams.gmams.cl\\CL_MLP_PAO\\02_FGDB\\CL_MLP_PAO_v1.gdb'}}"
511,MLP SIG PAO LAYOUT OFFLINE v4,5,Líneas Base\Arqueología y Paleontología\Arqueología\Cobertura de prospección\Track de prospección,Líneas Base\Arqueología y Paleontología\Arqueología\Cobertura de prospección\Track de prospección\Track WSP,Track WSP,Líneas Base\Arqueología y Paleontología\Arqueología\Cobertura de prospección\Track de prospección\Track WSP,False,False,True,\\amssclgis08.ams.gmams.cl\CL_MLP_PAO\02_FGDB\CL_MLP_PAO_v1.gdb\CL_MLP_PAO_01_EIA\CL_MLP_PAO_EIA_Track_WSP,"{'dataset': 'CL_MLP_PAO_EIA_Track_WSP', 'workspace_factory': 'File Geodatabase', 'connection_info': {'database': '\\\\amssclgis08.ams.gmams.cl\\CL_MLP_PAO\\02_FGDB\\CL_MLP_PAO_v1.gdb'}}"
512,MLP SIG PAO LAYOUT OFFLINE v4,5,Líneas Base\Arqueología y Paleontología\Arqueología\Cobertura de prospección\Track de prospección,Líneas Base\Arqueología y Paleontología\Arqueología\Cobertura de prospección\Track de prospección\Track Ampliación ER1 en Mauro,Track Ampliación ER1 en Mauro,Líneas Base\Arqueología y Paleontología\Arqueología\Cobertura de prospección\Track de prospección\Track Ampliación ER1 en Mauro,False,False,True,\\amssclgis08.ams.gmams.cl\CL_MLP_PAO\02_FGDB\CL_MLP_PAO_v1.gdb\CL_MLP_PAO_01_EIA\CL_MLP_PAO_EIA_Ampliacion_ER1_en_Mauro_LI,"{'dataset': 'CL_MLP_PAO_EIA_Ampliacion_ER1_en_Mauro_LI', 'workspace_factory': 'File Geodatabase', 'connection_info': {'database': '\\\\amssclgis08.ams.gmams.cl\\CL_MLP_PAO\\02_FGDB\\CL_MLP_PAO_v1.gdb'}}"
513,MLP SIG PAO LAYOUT OFFLINE v4,5,Líneas Base\Arqueología y Paleontología\Arqueología\Cobertura de prospección\Track de prospección,Líneas Base\Arqueología y Paleontología\Arqueología\Cobertura de prospección\Track de prospección\Track Área Derivación Fibra Óptica OPGW,Track Área Derivación Fibra Óptica OPGW,Líneas Base\Arqueología y Paleontología\Arqueología\Cobertura de prospección\Track de prospección\Track Área Derivación Fibra Óptica OPGW,False,False,True,\\amssclgis08.ams.gmams.cl\CL_MLP_PAO\02_FGDB\CL_MLP_PAO_v1.gdb\CL_MLP_PAO_01_EIA\CL_MLP_PAO_EIA_Area_Derivación_Fibra_Optica_OPGW_LI,"{'dataset': 'CL_MLP_PAO_EIA_Area_Derivación_Fibra_Optica_OPGW_LI', 'workspace_factory': 'File Geodatabase', 'connection_info': {'database': '\\\\amssclgis08.ams.gmams.cl\\CL_MLP_PAO\\02_FGDB\\CL_MLP_PAO_v1.gdb'}}"
514,MLP SIG PAO LAYOUT OFFLINE v4,5,Líneas Base\Arqueología y Paleontología\Arqueología\Cobertura de prospección\Track de prospección,Líneas Base\Arqueología y Paleontología\Arqueología\Cobertura de prospección\Track de prospección\Track Inspección Chacay,Track Inspección Chacay,Líneas Base\Arqueología y Paleontología\Arqueología\Cobertura de prospección\Track de prospección\Track Inspección Chacay,False,False,True,\\amssclgis08.ams.gmams.cl\CL_MLP_PAO\02_FGDB\CL_MLP_PAO_v1.gdb\CL_MLP_PAO_01_EIA\CL_MLP_PAO_EIA_Inspección_PAO_Chacay_LI,"{'dataset': 'CL_MLP_PAO_EIA_Inspección_PAO_Chacay_LI', 'workspace_factory': 'File Geodatabase', 'connection_info': {'database': '\\\\amssclgis08.ams.gmams.cl\\CL_MLP_PAO\\02_FGDB\\CL_MLP_PAO_v1.gdb'}}"
515,MLP SIG PAO LAYOUT OFFLINE v4,5,Líneas Base\Arqueología y Paleontología\Arqueología\Cobertura de prospección\Track de prospección,Líneas Base\Arqueología y Paleontología\Arqueología\Cobertura de prospección\Track de prospección\Track Prospección Botaderos (puntos),Track Prospección Botaderos (puntos),Líneas Base\Arqueología y Paleontología\Arqueología\Cobertura de prospección\Track de prospección\Track Prospección Botaderos (puntos),False,False,True,\\amssclgis08.ams.gmams.cl\CL_MLP_PAO\02_FGDB\CL_MLP_PAO_v1.gdb\CL_MLP_PAO_01_EIA\CL_MLP_PAO_EIA_Prospección_botaderos_PU,"{'dataset': 'CL_MLP_PAO_EIA_Prospección_botaderos_PU', 'workspace_factory': 'File Geodatabase', 'connection_info': {'database': '\\\\amssclgis08.ams.gmams.cl\\CL_MLP_PAO\\02_FGDB\\CL_MLP_PAO_v1.gdb'}}"
516,MLP SIG PAO LAYOUT OFFLINE v4,5,Líneas Base\Arqueología y Paleontología\Arqueología\Cobertura de prospección\Track de prospección,Líneas Base\Arqueología y Paleontología\Arqueología\Cobertura de prospección\Track de prospección\Track Prospección Botaderos (lineas),Track Prospección Botaderos (lineas),Líneas Base\Arqueología y Paleontología\Arqueología\Cobertura de prospección\Track de prospección\Track Prospección Botaderos (lineas),False,False,True,\\amssclgis08.ams.gmams.cl\CL_MLP_PAO\02_FGDB\CL_MLP_PAO_v1.gdb\CL_MLP_PAO_01_EIA\CL_MLP_PAO_EIA_Prospección_botaderos_LI,"{'dataset': 'CL_MLP_PAO_EIA_Prospección_botaderos_LI', 'workspace_factory': 'File Geodatabase', 'connection_info': {'database': '\\\\amssclgis08.ams.gmams.cl\\CL_MLP_PAO\\02_FGDB\\CL_MLP_PAO_v1.gdb'}}"
518,MLP SIG PAO LAYOUT OFFLINE v4,4,Líneas Base\Arqueología y Paleontología\Arqueología\RINA Prospecciones Arqueológicas,Líneas Base\Arqueología y Paleontología\Arqueología\RINA Prospecciones Arqueológicas\Singularidades,Singularidades,Líneas Base\Arqueología y Paleontología\Arqueología\RINA Prospecciones Arqueológicas\Singularidades,False,False,True,\\amssclgis08.ams.gmams.cl\CL_MLP_PAO\02_FGDB\CL_MLP_PAO_v1.gdb\CL_MLP_PAO_01_EIA\CL_MLP_PAO_EIA_RINA_Singularidades_PU,"{'dataset': 'CL_MLP_PAO_EIA_RINA_Singularidades_PU', 'workspace_factory': 'File Geodatabase', 'connection_info': {'database': '\\\\amssclgis08.ams.gmams.cl\\CL_MLP_PAO\\02_FGDB\\CL_MLP_PAO_v1.gdb'}}"
519,MLP SIG PAO LAYOUT OFFLINE v4,4,Líneas Base\Arqueología y Paleontología\Arqueología\RINA Prospecciones Arqueológicas,Líneas Base\Arqueología y Paleontología\Arqueología\RINA Prospecciones Arqueológicas\Mediciones_Radargramas,Mediciones_Radargramas,Líneas Base\Arqueología y Paleontología\Arqueología\RINA Prospecciones Arqueológicas\Mediciones_Radargramas,False,False,True,\\amssclgis08.ams.gmams.cl\CL_MLP_PAO\02_FGDB\CL_MLP_PAO_v1.gdb\CL_MLP_PAO_01_EIA\CL_MLP_PAO_EIA_RINA_Mediciones_Radargramas_LI,"{'dataset': 'CL_MLP_PAO_EIA_RINA_Mediciones_Radargramas_LI', 'workspace_factory': 'File Geodatabase', 'connection_info': {'database': '\\\\amssclgis08.ams.gmams.cl\\CL_MLP_PAO\\02_FGDB\\CL_MLP_PAO_v1.gdb'}}"
520,MLP SIG PAO LAYOUT OFFLINE v4,4,Líneas Base\Arqueología y Paleontología\Arqueología\RINA Prospecciones Arqueológicas,Líneas Base\Arqueología y Paleontología\Arqueología\RINA Prospecciones Arqueológicas\Sectores,Sectores,Líneas Base\Arqueología y Paleontología\Arqueología\RINA Prospecciones Arqueológicas\Sectores,False,False,True,\\amssclgis08.ams.gmams.cl\CL_MLP_PAO\02_FGDB\CL_MLP_PAO_v1.gdb\CL_MLP_PAO_01_EIA\CL_MLP_PAO_EIA_RINA_Sectores_PO,"{'dataset': 'CL_MLP_PAO_EIA_RINA_Sectores_PO', 'workspace_factory': 'File Geodatabase', 'connection_info': {'database': '\\\\amssclgis08.ams.gmams.cl\\CL_MLP_PAO\\02_FGDB\\CL_MLP_PAO_v1.gdb'}}"
521,MLP SIG PAO LAYOUT OFFLINE v4,3,Líneas Base\Arqueología y Paleontología\Arqueología,Líneas Base\Arqueología y Paleontología\Arqueología\Línea Base  WSP Arqueología (Nuevo Hallazgo),Línea Base  WSP Arqueología (Nuevo Hallazgo),Líneas Base\Arqueología y Paleontología\Arqueología\Línea Base  WSP Arqueología (Nuevo Hallazgo),False,False,True,\\amssclgis08.ams.gmams.cl\CL_MLP_PAO\02_FGDB\CL_MLP_PAO_v1.gdb\CL_MLP_PAO_01_EIA\CL_MLP_PAO_LB_WSP_Arqueologia_Nuevo_Hallazgo_PU,"{'dataset': 'CL_MLP_PAO_LB_WSP_Arqueologia_Nuevo_Hallazgo_PU', 'workspace_factory': 'File Geodatabase', 'connection_info': {'database': '\\\\amssclgis08.ams.gmams.cl\\CL_MLP_PAO\\02_FGDB\\CL_MLP_PAO_v1.gdb'}}"
523,MLP SIG PAO LAYOUT OFFLINE v4,4,Líneas Base\Arqueología y Paleontología\Arqueología\Prospecciones Arqueológica por áreas Complementarias PAO,Líneas Base\Arqueología y Paleontología\Arqueología\Prospecciones Arqueológica por áreas Complementarias PAO\Prospecciones Arqueológica por áreas Complementarias (puntos) ,Prospecciones Arqueológica por áreas Complementarias (puntos) ,Líneas Base\Arqueología y Paleontología\Arqueología\Prospecciones Arqueológica por áreas Complementarias PAO\Prospecciones Arqueológica por áreas Complementarias (puntos) ,False,False,True,\\amssclgis08.ams.gmams.cl\CL_MLP_PAO\02_FGDB\CL_MLP_PAO_v1.gdb\CL_MLP_PAO_01_EIA\CL_MLP_PAO_EIA_Prospecciones_Complementarias_PAO_PU,"{'dataset': 'CL_MLP_PAO_EIA_Prospecciones_Complementarias_PAO_PU', 'workspace_factory': 'File Geodatabase', 'connection_info': {'database': '\\\\amssclgis08.ams.gmams.cl\\CL_MLP_PAO\\02_FGDB\\CL_MLP_PAO_v1.gdb'}}"
524,MLP SIG PAO LAYOUT OFFLINE v4,4,Líneas Base\Arqueología y Paleontología\Arqueología\Prospecciones Arqueológica por áreas Complementarias PAO,Líneas Base\Arqueología y Paleontología\Arqueología\Prospecciones Arqueológica por áreas Complementarias PAO\Prospecciones Arqueológica por áreas Complementarias (lineas),Prospecciones Arqueológica por áreas Complementarias (lineas),Líneas Base\Arqueología y Paleontología\Arqueología\Prospecciones Arqueológica por áreas Complementarias PAO\Prospecciones Arqueológica por áreas Complementarias (lineas),False,False,True,\\amssclgis08.ams.gmams.cl\CL_MLP_PAO\02_FGDB\CL_MLP_PAO_v1.gdb\CL_MLP_PAO_01_EIA\CL_MLP_PAO_EIA_Prospecciones_Complementarias_PAO_LI,"{'dataset': 'CL_MLP_PAO_EIA_Prospecciones_Complementarias_PAO_LI', 'workspace_factory': 'File Geodatabase', 'connection_info': {'database': '\\\\amssclgis08.ams.gmams.cl\\CL_MLP_PAO\\02_FGDB\\CL_MLP_PAO_v1.gdb'}}"
525,MLP SIG PAO LAYOUT OFFLINE v4,4,Líneas Base\Arqueología y Paleontología\Arqueología\Prospecciones Arqueológica por áreas Complementarias PAO,Líneas Base\Arqueología y Paleontología\Arqueología\Prospecciones Arqueológica por áreas Complementarias PAO\Prospecciones Arqueológica por áreas Complementarias (áreas),Prospecciones Arqueológica por áreas Complementarias (áreas),Líneas Base\Arqueología y Paleontología\Arqueología\Prospecciones Arqueológica por áreas Complementarias PAO\Prospecciones Arqueológica por áreas Complementarias (áreas),False,False,True,\\amssclgis08.ams.gmams.cl\CL_MLP_PAO\02_FGDB\CL_MLP_PAO_v1.gdb\CL_MLP_PAO_01_EIA\CL_MLP_PAO_EIA_Prospecciones_Complementarias_PAO_PO,"{'dataset': 'CL_MLP_PAO_EIA_Prospecciones_Complementarias_PAO_PO', 'workspace_factory': 'File Geodatabase', 'connection_info': {'database': '\\\\amssclgis08.ams.gmams.cl\\CL_MLP_PAO\\02_FGDB\\CL_MLP_PAO_v1.gdb'}}"
527,MLP SIG PAO LAYOUT OFFLINE v4,3,Líneas Base\Arqueología y Paleontología\Paleontología,Líneas Base\Arqueología y Paleontología\Paleontología\Puntos de muestreo,Puntos de muestreo,Líneas Base\Arqueología y Paleontología\Paleontología\Puntos de muestreo,False,False,True,\\amssclgis08.ams.gmams.cl\CL_MLP_PAO\02_FGDB\CL_MLP_PAO_v1.gdb\CL_MLP_PAO_01_EIA\CL_MLP_PAO_EIA_PUNTOS_MUESTREO_PU,"{'dataset': 'CL_MLP_PAO_EIA_PUNTOS_MUESTREO_PU', 'workspace_factory': 'File Geodatabase', 'connection_info': {'database': '\\\\amssclgis08.ams.gmams.cl\\CL_MLP_PAO\\02_FGDB\\CL_MLP_PAO_v1.gdb'}}"
528,MLP SIG PAO LAYOUT OFFLINE v4,3,Líneas Base\Arqueología y Paleontología\Paleontología,Líneas Base\Arqueología y Paleontología\Paleontología\Área de influencia Peleontología,Área de influencia Peleontología,Líneas Base\Arqueología y Paleontología\Paleontología\Área de influencia Peleontología,False,False,True,\\amssclgis08.ams.gmams.cl\CL_MLP_PAO\02_FGDB\CL_MLP_PAO_v1.gdb\CL_MLP_PAO_01_EIA\CL_MLP_PAO_EIA_AI_PATRIMONIO_PALEONTOLOGICO_PO,"{'dataset': 'CL_MLP_PAO_EIA_AI_PATRIMONIO_PALEONTOLOGICO_PO', 'workspace_factory': 'File Geodatabase', 'connection_info': {'database': '\\\\amssclgis08.ams.gmams.cl\\CL_MLP_PAO\\02_FGDB\\CL_MLP_PAO_v1.gdb'}}"
530,MLP SIG PAO LAYOUT OFFLINE v4,2,Líneas Base\Medio Biótico,Líneas Base\Medio Biótico\Hongos y Líquenes Puntos,Hongos y Líquenes Puntos,Líneas Base\Medio Biótico\Hongos y Líquenes Puntos,False,False,True,\\amssclgis08.ams.gmams.cl\CL_MLP_PAO\02_FGDB\CL_MLP_PAO_v1.gdb\CL_MLP_PAO_01_EIA\CL_MLP_PAO_EIA_MLP594_Puntos_HL_Finales_Rev0_PU,"{'dataset': 'CL_MLP_PAO_EIA_MLP594_Puntos_HL_Finales_Rev0_PU', 'workspace_factory': 'File Geodatabase', 'connection_info': {'database': '\\\\amssclgis08.ams.gmams.cl\\CL_MLP_PAO\\02_FGDB\\CL_MLP_PAO_v1.gdb'}}"
532,MLP SIG PAO LAYOUT OFFLINE v4,3,Líneas Base\Medio Biótico\Fauna,Líneas Base\Medio Biótico\Fauna\Registros Fauna,Registros Fauna,Líneas Base\Medio Biótico\Fauna\Registros Fauna,False,False,True,\\amssclgis08.ams.gmams.cl\CL_MLP_PAO\02_FGDB\CL_MLP_PAO_v1.gdb\CL_MLP_PAO_01_EIA\CL_MLP_PAO_EIA_MLP594_BD_Registros_Fauna_PU,"{'dataset': 'CL_MLP_PAO_EIA_MLP594_BD_Registros_Fauna_PU', 'workspace_factory': 'File Geodatabase', 'connection_info': {'database': '\\\\amssclgis08.ams.gmams.cl\\CL_MLP_PAO\\02_FGDB\\CL_MLP_PAO_v1.gdb'}}"
533,MLP SIG PAO LAYOUT OFFLINE v4,3,Líneas Base\Medio Biótico\Fauna,Líneas Base\Medio Biótico\Fauna\Fauna Baja Movilidad,Fauna Baja Movilidad,Líneas Base\Medio Biótico\Fauna\Fauna Baja Movilidad,False,False,True,\\amssclgis08.ams.gmams.cl\CL_MLP_PAO\02_FGDB\CL_MLP_PAO_v1.gdb\CL_MLP_PAO_01_EIA\CL_MLP_PAO_EIA_MLP594_Fauna_baja_movilidad_Rev0_PU,"{'dataset': 'CL_MLP_PAO_EIA_MLP594_Fauna_baja_movilidad_Rev0_PU', 'workspace_factory': 'File Geodatabase', 'connection_info': {'database': '\\\\amssclgis08.ams.gmams.cl\\CL_MLP_PAO\\02_FGDB\\CL_MLP_PAO_v1.gdb'}}"
534,MLP SIG PAO LAYOUT OFFLINE v4,3,Líneas Base\Medio Biótico\Fauna,Líneas Base\Medio Biótico\Fauna\Fauna Metodologías,Fauna Metodologías,Líneas Base\Medio Biótico\Fauna\Fauna Metodologías,False,False,True,\\amssclgis08.ams.gmams.cl\CL_MLP_PAO\02_FGDB\CL_MLP_PAO_v1.gdb\CL_MLP_PAO_01_EIA\CL_MLP_PAO_EIA_MLP594_Fauna_Metodologias_Rev0_PU,"{'dataset': 'CL_MLP_PAO_EIA_MLP594_Fauna_Metodologias_Rev0_PU', 'workspace_factory': 'File Geodatabase', 'connection_info': {'database': '\\\\amssclgis08.ams.gmams.cl\\CL_MLP_PAO\\02_FGDB\\CL_MLP_PAO_v1.gdb'}}"
535,MLP SIG PAO LAYOUT OFFLINE v4,3,Líneas Base\Medio Biótico\Fauna,Líneas Base\Medio Biótico\Fauna\Fauna Sp Singulares,Fauna Sp Singulares,Líneas Base\Medio Biótico\Fauna\Fauna Sp Singulares,False,False,True,\\amssclgis08.ams.gmams.cl\CL_MLP_PAO\02_FGDB\CL_MLP_PAO_v1.gdb\CL_MLP_PAO_01_EIA\CL_MLP_PAO_EIA_MLP594_Fauna_Sp_Singulares_Rev0_PU,"{'dataset': 'CL_MLP_PAO_EIA_MLP594_Fauna_Sp_Singulares_Rev0_PU', 'workspace_factory': 'File Geodatabase', 'connection_info': {'database': '\\\\amssclgis08.ams.gmams.cl\\CL_MLP_PAO\\02_FGDB\\CL_MLP_PAO_v1.gdb'}}"
536,MLP SIG PAO LAYOUT OFFLINE v4,3,Líneas Base\Medio Biótico\Fauna,Líneas Base\Medio Biótico\Fauna\Ambiente Fauna,Ambiente Fauna,Líneas Base\Medio Biótico\Fauna\Ambiente Fauna,False,False,True,\\amssclgis08.ams.gmams.cl\CL_MLP_PAO\02_FGDB\CL_MLP_PAO_v1.gdb\CL_MLP_PAO_01_EIA\CL_MLP_PAO_EIA_MLP594_Amb_Fauna_Rev0_PO,"{'dataset': 'CL_MLP_PAO_EIA_MLP594_Amb_Fauna_Rev0_PO', 'workspace_factory': 'File Geodatabase', 'connection_info': {'database': '\\\\amssclgis08.ams.gmams.cl\\CL_MLP_PAO\\02_FGDB\\CL_MLP_PAO_v1.gdb'}}"
538,MLP SIG PAO LAYOUT OFFLINE v4,3,Líneas Base\Medio Biótico\Flora y Vegetación,Líneas Base\Medio Biótico\Flora y Vegetación\Registros Flora,Registros Flora,Líneas Base\Medio Biótico\Flora y Vegetación\Registros Flora,False,False,True,\\amssclgis08.ams.gmams.cl\CL_MLP_PAO\02_FGDB\CL_MLP_PAO_v1.gdb\CL_MLP_PAO_01_EIA\CL_MLP_PAO_EIA_MLP594_BD_Registros_Flora_PU,"{'dataset': 'CL_MLP_PAO_EIA_MLP594_BD_Registros_Flora_PU', 'workspace_factory': 'File Geodatabase', 'connection_info': {'database': '\\\\amssclgis08.ams.gmams.cl\\CL_MLP_PAO\\02_FGDB\\CL_MLP_PAO_v1.gdb'}}"
539,MLP SIG PAO LAYOUT OFFLINE v4,3,Líneas Base\Medio Biótico\Flora y Vegetación,Líneas Base\Medio Biótico\Flora y Vegetación\Puntos de Vegetación,Puntos de Vegetación,Líneas Base\Medio Biótico\Flora y Vegetación\Puntos de Vegetación,False,False,True,\\amssclgis08.ams.gmams.cl\CL_MLP_PAO\02_FGDB\CL_MLP_PAO_v1.gdb\CL_MLP_PAO_01_EIA\CL_MLP_PAO_EIA_MLP594_Puntos_de_vegetacion_Rev0_PU,"{'dataset': 'CL_MLP_PAO_EIA_MLP594_Puntos_de_vegetacion_Rev0_PU', 'workspace_factory': 'File Geodatabase', 'connection_info': {'database': '\\\\amssclgis08.ams.gmams.cl\\CL_MLP_PAO\\02_FGDB\\CL_MLP_PAO_v1.gdb'}}"
540,MLP SIG PAO LAYOUT OFFLINE v4,3,Líneas Base\Medio Biótico\Flora y Vegetación,Líneas Base\Medio Biótico\Flora y Vegetación\Puntos Flora,Puntos Flora,Líneas Base\Medio Biótico\Flora y Vegetación\Puntos Flora,False,False,True,\\amssclgis08.ams.gmams.cl\CL_MLP_PAO\02_FGDB\CL_MLP_PAO_v1.gdb\CL_MLP_PAO_01_EIA\CL_MLP_PAO_EIA_MLP594_Puntos_Flora_Rev0_PU,"{'dataset': 'CL_MLP_PAO_EIA_MLP594_Puntos_Flora_Rev0_PU', 'workspace_factory': 'File Geodatabase', 'connection_info': {'database': '\\\\amssclgis08.ams.gmams.cl\\CL_MLP_PAO\\02_FGDB\\CL_MLP_PAO_v1.gdb'}}"
541,MLP SIG PAO LAYOUT OFFLINE v4,3,Líneas Base\Medio Biótico\Flora y Vegetación,Líneas Base\Medio Biótico\Flora y Vegetación\Puntos Sp CC,Puntos Sp CC,Líneas Base\Medio Biótico\Flora y Vegetación\Puntos Sp CC,False,False,True,\\amssclgis08.ams.gmams.cl\CL_MLP_PAO\02_FGDB\CL_MLP_PAO_v1.gdb\CL_MLP_PAO_01_EIA\CL_MLP_PAO_EIA_MLP594_Puntos_Sp_CC_Rev0_PU,"{'dataset': 'CL_MLP_PAO_EIA_MLP594_Puntos_Sp_CC_Rev0_PU', 'workspace_factory': 'File Geodatabase', 'connection_info': {'database': '\\\\amssclgis08.ams.gmams.cl\\CL_MLP_PAO\\02_FGDB\\CL_MLP_PAO_v1.gdb'}}"
542,MLP SIG PAO LAYOUT OFFLINE v4,3,Líneas Base\Medio Biótico\Flora y Vegetación,Líneas Base\Medio Biótico\Flora y Vegetación\Segmentación,Segmentación,Líneas Base\Medio Biótico\Flora y Vegetación\Segmentación,False,False,True,\\amssclgis08.ams.gmams.cl\CL_MLP_PAO\02_FGDB\CL_MLP_PAO_v1.gdb\CL_MLP_PAO_01_EIA\CL_MLP_PAO_EIA_MLP594_Segmentación_Rev0_PO,"{'dataset': 'CL_MLP_PAO_EIA_MLP594_Segmentación_Rev0_PO', 'workspace_factory': 'File Geodatabase', 'connection_info': {'database': '\\\\amssclgis08.ams.gmams.cl\\CL_MLP_PAO\\02_FGDB\\CL_MLP_PAO_v1.gdb'}}"
545,MLP SIG PAO LAYOUT OFFLINE v4,2,Servidumbres y Terreno\Contratos Propiedad Superficial,Servidumbres y Terreno\Contratos Propiedad Superficial\Servidumbre Superficial,Servidumbre Superficial,Servidumbres y Terreno\Contratos Propiedad Superficial\Servidumbre Superficial,False,False,True,\\amssclgis08.ams.gmams.cl\CL_MLP_PAO\02_FGDB\CL_MLP_PAO_v1.gdb\CL_MLP_PAO_09_PREDIOS_SERVIDUMBRES\CL_MLP_PAO_CONTR_TERR_SUP_V1_SERVIDUMBRE_PROP_MIN,"{'dataset': 'CL_MLP_PAO_CONTR_TERR_SUP_V1_SERVIDUMBRE_PROP_MIN', 'workspace_factory': 'File Geodatabase', 'connection_info': {'database': '\\\\amssclgis08.ams.gmams.cl\\CL_MLP_PAO\\02_FGDB\\CL_MLP_PAO_v1.gdb'}}"
546,MLP SIG PAO LAYOUT OFFLINE v4,2,Servidumbres y Terreno\Contratos Propiedad Superficial,Servidumbres y Terreno\Contratos Propiedad Superficial\Arrendamiento,Arrendamiento,Servidumbres y Terreno\Contratos Propiedad Superficial\Arrendamiento,False,False,True,\\amssclgis08.ams.gmams.cl\CL_MLP_PAO\02_FGDB\CL_MLP_PAO_v1.gdb\CL_MLP_PAO_09_PREDIOS_SERVIDUMBRES\CL_MLP_PAO_CONTR_TERR_SUP_V2_ARRENDAMIENTO_PROP_MIN,"{'dataset': 'CL_MLP_PAO_CONTR_TERR_SUP_V2_ARRENDAMIENTO_PROP_MIN', 'workspace_factory': 'File Geodatabase', 'connection_info': {'database': '\\\\amssclgis08.ams.gmams.cl\\CL_MLP_PAO\\02_FGDB\\CL_MLP_PAO_v1.gdb'}}"
547,MLP SIG PAO LAYOUT OFFLINE v4,2,Servidumbres y Terreno\Contratos Propiedad Superficial,Servidumbres y Terreno\Contratos Propiedad Superficial\Usufructo,Usufructo,Servidumbres y Terreno\Contratos Propiedad Superficial\Usufructo,False,False,True,\\amssclgis08.ams.gmams.cl\CL_MLP_PAO\02_FGDB\CL_MLP_PAO_v1.gdb\CL_MLP_PAO_09_PREDIOS_SERVIDUMBRES\CL_MLP_PAO_CONTR_TERR_SUP_V3_USUFRUCTO_PROP_MIN,"{'dataset': 'CL_MLP_PAO_CONTR_TERR_SUP_V3_USUFRUCTO_PROP_MIN', 'workspace_factory': 'File Geodatabase', 'connection_info': {'database': '\\\\amssclgis08.ams.gmams.cl\\CL_MLP_PAO\\02_FGDB\\CL_MLP_PAO_v1.gdb'}}"
548,MLP SIG PAO LAYOUT OFFLINE v4,2,Servidumbres y Terreno\Contratos Propiedad Superficial,Servidumbres y Terreno\Contratos Propiedad Superficial\Concesion Maritima,Concesion Maritima,Servidumbres y Terreno\Contratos Propiedad Superficial\Concesion Maritima,False,False,True,\\amssclgis08.ams.gmams.cl\CL_MLP_PAO\02_FGDB\CL_MLP_PAO_v1.gdb\CL_MLP_PAO_09_PREDIOS_SERVIDUMBRES\CL_MLP_PAO_CONTR_TERR_SUP_V4_CONCESION_MARITIMA_PROP_MIN,"{'dataset': 'CL_MLP_PAO_CONTR_TERR_SUP_V4_CONCESION_MARITIMA_PROP_MIN', 'workspace_factory': 'File Geodatabase', 'connection_info': {'database': '\\\\amssclgis08.ams.gmams.cl\\CL_MLP_PAO\\02_FGDB\\CL_MLP_PAO_v1.gdb'}}"
549,MLP SIG PAO LAYOUT OFFLINE v4,2,Servidumbres y Terreno\Contratos Propiedad Superficial,Servidumbres y Terreno\Contratos Propiedad Superficial\Otros Contratos y Convenios,Otros Contratos y Convenios,Servidumbres y Terreno\Contratos Propiedad Superficial\Otros Contratos y Convenios,False,False,True,\\amssclgis08.ams.gmams.cl\CL_MLP_PAO\02_FGDB\CL_MLP_PAO_v1.gdb\CL_MLP_PAO_09_PREDIOS_SERVIDUMBRES\CL_MLP_PAO_CONTR_TERR_SUP_V5_OTROS_PROP_MIN,"{'dataset': 'CL_MLP_PAO_CONTR_TERR_SUP_V5_OTROS_PROP_MIN', 'workspace_factory': 'File Geodatabase', 'connection_info': {'database': '\\\\amssclgis08.ams.gmams.cl\\CL_MLP_PAO\\02_FGDB\\CL_MLP_PAO_v1.gdb'}}"
551,MLP SIG PAO LAYOUT OFFLINE v4,2,Servidumbres y Terreno\Propiedad Superficial,Servidumbres y Terreno\Propiedad Superficial\Predios Propios,Predios Propios,Servidumbres y Terreno\Propiedad Superficial\Predios Propios,False,False,True,\\amssclgis08.ams.gmams.cl\CL_MLP_PAO\02_FGDB\CL_MLP_PAO_v1.gdb\CL_MLP_PAO_09_PREDIOS_SERVIDUMBRES\CL_MLP_PAO_CONTR_TERR_SUP_V1_PROPIO_PROP_MIN,"{'dataset': 'CL_MLP_PAO_CONTR_TERR_SUP_V1_PROPIO_PROP_MIN', 'workspace_factory': 'File Geodatabase', 'connection_info': {'database': '\\\\amssclgis08.ams.gmams.cl\\CL_MLP_PAO\\02_FGDB\\CL_MLP_PAO_v1.gdb'}}"
552,MLP SIG PAO LAYOUT OFFLINE v4,2,Servidumbres y Terreno\Propiedad Superficial,Servidumbres y Terreno\Propiedad Superficial\Predios Terceros,Predios Terceros,Servidumbres y Terreno\Propiedad Superficial\Predios Terceros,False,False,True,\\amssclgis08.ams.gmams.cl\CL_MLP_PAO\02_FGDB\CL_MLP_PAO_v1.gdb\CL_MLP_PAO_09_PREDIOS_SERVIDUMBRES\CL_MLP_PAO_CONTR_TERR_SUP_V2_TERCERO_PROP_MIN,"{'dataset': 'CL_MLP_PAO_CONTR_TERR_SUP_V2_TERCERO_PROP_MIN', 'workspace_factory': 'File Geodatabase', 'connection_info': {'database': '\\\\amssclgis08.ams.gmams.cl\\CL_MLP_PAO\\02_FGDB\\CL_MLP_PAO_v1.gdb'}}"
555,MLP SIG PAO LAYOUT OFFLINE v4,2,Monitoreo Social Territorial\Monitoreo Servidumbre,Monitoreo Social Territorial\Monitoreo Servidumbre\Semáforo Servidumbre,Semáforo Servidumbre,Monitoreo Social Territorial\Monitoreo Servidumbre\Semáforo Servidumbre,False,False,True,\\amssclgis08.ams.gmams.cl\CL_MLP_PAO\02_FGDB\CL_MLP_PAO_v1.gdb\CL_MLP_PAO_14_GESTION_SOCIOAMBIENTAL\CL_MLP_PAO_Serv_Monitoreo_SocioAmbiental,"{'dataset': 'CL_MLP_PAO_Serv_Monitoreo_SocioAmbiental', 'workspace_factory': 'File Geodatabase', 'connection_info': {'database': '\\\\amssclgis08.ams.gmams.cl\\CL_MLP_PAO\\02_FGDB\\CL_MLP_PAO_v1.gdb'}}"
556,MLP SIG PAO LAYOUT OFFLINE v4,2,Monitoreo Social Territorial\Monitoreo Servidumbre,Monitoreo Social Territorial\Monitoreo Servidumbre\Límite Predial,Límite Predial,Monitoreo Social Territorial\Monitoreo Servidumbre\Límite Predial,False,False,True,\\amssclgis08.ams.gmams.cl\CL_MLP_PAO\02_FGDB\CL_MLP_PAO_v1.gdb\CL_MLP_PAO_14_GESTION_SOCIOAMBIENTAL\CL_MLP_PAO_Areas_Monitoreo_SocioAmbiental,"{'dataset': 'CL_MLP_PAO_Areas_Monitoreo_SocioAmbiental', 'workspace_factory': 'File Geodatabase', 'connection_info': {'database': '\\\\amssclgis08.ams.gmams.cl\\CL_MLP_PAO\\02_FGDB\\CL_MLP_PAO_v1.gdb'}}"
557,MLP SIG PAO LAYOUT OFFLINE v4,1,Monitoreo Social Territorial,Monitoreo Social Territorial\Monitoreo Predios,Monitoreo Predios,Monitoreo Social Territorial\Monitoreo Predios,False,False,False,\\amssclgis08.ams.gmams.cl\CL_MLP_PAO\02_FGDB\CL_MLP_PAO_v1.gdb\CL_MLP_PAO_14_GESTION_SOCIOAMBIENTAL\CL_MLP_PAO_Areas_Monitoreo_SocioAmbiental,"{'dataset': 'CL_MLP_PAO_Areas_Monitoreo_SocioAmbiental', 'workspace_factory': 'File Geodatabase', 'connection_info': {'database': '\\\\amssclgis08.ams.gmams.cl\\CL_MLP_PAO\\02_FGDB\\CL_MLP_PAO_v1.gdb'}}"
559,MLP SIG PAO LAYOUT OFFLINE v4,1,Trazas Tranque Mauro,Trazas Tranque Mauro\Trazas Tranque - Lineas,Trazas Tranque - Lineas,Trazas Tranque Mauro\Trazas Tranque - Lineas,False,False,True,\\amssclgis08.ams.gmams.cl\CL_MLP_PAO\02_FGDB\CL_MLP_PAO_v1.gdb\CL_MLP_PAO_06_COMPLEMENTOS\CL_MLP_PAO_AUX_23092020_Traza_LI,"{'dataset': 'CL_MLP_PAO_AUX_23092020_Traza_LI', 'workspace_factory': 'File Geodatabase', 'connection_info': {'database': '\\\\amssclgis08.ams.gmams.cl\\CL_MLP_PAO\\02_FGDB\\CL_MLP_PAO_v1.gdb'}}"
560,MLP SIG PAO LAYOUT OFFLINE v4,1,Trazas Tranque Mauro,Trazas Tranque Mauro\Trazas Tranque - Polígono,Trazas Tranque - Polígono,Trazas Tranque Mauro\Trazas Tranque - Polígono,False,False,True,\\amssclgis08.ams.gmams.cl\CL_MLP_PAO\02_FGDB\CL_MLP_PAO_v1.gdb\CL_MLP_PAO_06_COMPLEMENTOS\CL_MLP_PAO_AUX_23092020_Traza_PO,"{'dataset': 'CL_MLP_PAO_AUX_23092020_Traza_PO', 'workspace_factory': 'File Geodatabase', 'connection_info': {'database': '\\\\amssclgis08.ams.gmams.cl\\CL_MLP_PAO\\02_FGDB\\CL_MLP_PAO_v1.gdb'}}"
563,MLP SIG PAO LAYOUT OFFLINE v4,2,Mapa Base\Mapa Base,Mapa Base\Mapa Base\World Imagery Chacay,World Imagery Chacay,Mapa Base\Mapa Base\World Imagery Chacay,False,False,True,\\amssclgis08.ams.gmams.cl\CL_MLP_PAO\05_Imagenes\Chacay\World Imagery_E1FFA2B8-51CA-4F12-A432-338992660951.tpkx,"{'dataset': 'World Imagery_E1FFA2B8-51CA-4F12-A432-338992660951.tpkx', 'workspace_factory': 'Raster', 'connection_info': {'database': '\\\\amssclgis08.ams.gmams.cl\\CL_MLP_PAO\\05_Imagenes\\Chacay'}}"
564,MLP SIG PAO LAYOUT OFFLINE v4,2,Mapa Base\Mapa Base,Mapa Base\Mapa Base\World Imagery PAO,World Imagery PAO,Mapa Base\Mapa Base\World Imagery PAO,False,False,True,\\amssclgis08.ams.gmams.cl\CL_MLP_PAO\05_Imagenes\PAO\World Imagery_2F52623B-2A29-4B2E-9822-446EC8DC599F.tpkx,"{'dataset': 'World Imagery_2F52623B-2A29-4B2E-9822-446EC8DC599F.tpkx', 'workspace_factory': 'Raster', 'connection_info': {'database': '\\\\amssclgis08.ams.gmams.cl\\CL_MLP_PAO\\05_Imagenes\\PAO'}}"
