mosaic_row_index,source_field,source_value,mosaic_path,mosaic_file_name,mosaic_stem,mosaic_key,mosaic_file_key,mosaic_stem_key
0,Name,CL_MLP_PAO_IF_Ortho_26_01_07_ED2,cl_mlp_pao_if_ortho_26_01_07_ed2,cl_mlp_pao_if_ortho_26_01_07_ed2,cl_mlp_pao_if_ortho_26_01_07_ed2,cl_mlp_pao_if_ortho_26_01_07_ed2,cl_mlp_pao_if_ortho_26_01_07_ed2,cl_mlp_pao_if_ortho_26_01_07_ed2
1,Name,Ov_i9A2_L01_R0000FE03_C0000D54F,ov_i9a2_l01_r0000fe03_c0000d54f,ov_i9a2_l01_r0000fe03_c0000d54f,ov_i9a2_l01_r0000fe03_c0000d54f,ov_i9a2_l01_r0000fe03_c0000d54f,ov_i9a2_l01_r0000fe03_c0000d54f,ov_i9a2_l01_r0000fe03_c0000d54f
2,Name,Ov_i9A2_L01_R0000FE03_C0000D550,ov_i9a2_l01_r0000fe03_c0000d550,ov_i9a2_l01_r0000fe03_c0000d550,ov_i9a2_l01_r0000fe03_c0000d550,ov_i9a2_l01_r0000fe03_c0000d550,ov_i9a2_l01_r0000fe03_c0000d550,ov_i9a2_l01_r0000fe03_c0000d550
3,Name,Ov_i9A2_L01_R0000FE03_C0000D551,ov_i9a2_l01_r0000fe03_c0000d551,ov_i9a2_l01_r0000fe03_c0000d551,ov_i9a2_l01_r0000fe03_c0000d551,ov_i9a2_l01_r0000fe03_c0000d551,ov_i9a2_l01_r0000fe03_c0000d551,ov_i9a2_l01_r0000fe03_c0000d551
4,Name,Ov_i9A2_L01_R0000FE03_C0000D556,ov_i9a2_l01_r0000fe03_c0000d556,ov_i9a2_l01_r0000fe03_c0000d556,ov_i9a2_l01_r0000fe03_c0000d556,ov_i9a2_l01_r0000fe03_c0000d556,ov_i9a2_l01_r0000fe03_c0000d556,ov_i9a2_l01_r0000fe03_c0000d556
5,Name,Ov_i9A2_L01_R0000FE03_C0000D557,ov_i9a2_l01_r0000fe03_c0000d557,ov_i9a2_l01_r0000fe03_c0000d557,ov_i9a2_l01_r0000fe03_c0000d557,ov_i9a2_l01_r0000fe03_c0000d557,ov_i9a2_l01_r0000fe03_c0000d557,ov_i9a2_l01_r0000fe03_c0000d557
6,Name,Ov_i9A2_L01_R0000FE03_C0000D558,ov_i9a2_l01_r0000fe03_c0000d558,ov_i9a2_l01_r0000fe03_c0000d558,ov_i9a2_l01_r0000fe03_c0000d558,ov_i9a2_l01_r0000fe03_c0000d558,ov_i9a2_l01_r0000fe03_c0000d558,ov_i9a2_l01_r0000fe03_c0000d558
7,Name,Ov_i9A2_L01_R0000FE04_C0000D54F,ov_i9a2_l01_r0000fe04_c0000d54f,ov_i9a2_l01_r0000fe04_c0000d54f,ov_i9a2_l01_r0000fe04_c0000d54f,ov_i9a2_l01_r0000fe04_c0000d54f,ov_i9a2_l01_r0000fe04_c0000d54f,ov_i9a2_l01_r0000fe04_c0000d54f
8,Name,Ov_i9A2_L01_R0000FE04_C0000D550,ov_i9a2_l01_r0000fe04_c0000d550,ov_i9a2_l01_r0000fe04_c0000d550,ov_i9a2_l01_r0000fe04_c0000d550,ov_i9a2_l01_r0000fe04_c0000d550,ov_i9a2_l01_r0000fe04_c0000d550,ov_i9a2_l01_r0000fe04_c0000d550
9,Name,Ov_i9A2_L01_R0000FE04_C0000D551,ov_i9a2_l01_r0000fe04_c0000d551,ov_i9a2_l01_r0000fe04_c0000d551,ov_i9a2_l01_r0000fe04_c0000d551,ov_i9a2_l01_r0000fe04_c0000d551,ov_i9a2_l01_r0000fe04_c0000d551,ov_i9a2_l01_r0000fe04_c0000d551
10,Name,Ov_i9A2_L01_R0000FE04_C0000D552,ov_i9a2_l01_r0000fe04_c0000d552,ov_i9a2_l01_r0000fe04_c0000d552,ov_i9a2_l01_r0000fe04_c0000d552,ov_i9a2_l01_r0000fe04_c0000d552,ov_i9a2_l01_r0000fe04_c0000d552,ov_i9a2_l01_r0000fe04_c0000d552
11,Name,Ov_i9A2_L01_R0000FE04_C0000D553,ov_i9a2_l01_r0000fe04_c0000d553,ov_i9a2_l01_r0000fe04_c0000d553,ov_i9a2_l01_r0000fe04_c0000d553,ov_i9a2_l01_r0000fe04_c0000d553,ov_i9a2_l01_r0000fe04_c0000d553,ov_i9a2_l01_r0000fe04_c0000d553
12,Name,Ov_i9A2_L01_R0000FE04_C0000D554,ov_i9a2_l01_r0000fe04_c0000d554,ov_i9a2_l01_r0000fe04_c0000d554,ov_i9a2_l01_r0000fe04_c0000d554,ov_i9a2_l01_r0000fe04_c0000d554,ov_i9a2_l01_r0000fe04_c0000d554,ov_i9a2_l01_r0000fe04_c0000d554
13,Name,Ov_i9A2_L01_R0000FE04_C0000D555,ov_i9a2_l01_r0000fe04_c0000d555,ov_i9a2_l01_r0000fe04_c0000d555,ov_i9a2_l01_r0000fe04_c0000d555,ov_i9a2_l01_r0000fe04_c0000d555,ov_i9a2_l01_r0000fe04_c0000d555,ov_i9a2_l01_r0000fe04_c0000d555
14,Name,Ov_i9A2_L01_R0000FE04_C0000D556,ov_i9a2_l01_r0000fe04_c0000d556,ov_i9a2_l01_r0000fe04_c0000d556,ov_i9a2_l01_r0000fe04_c0000d556,ov_i9a2_l01_r0000fe04_c0000d556,ov_i9a2_l01_r0000fe04_c0000d556,ov_i9a2_l01_r0000fe04_c0000d556
15,Name,Ov_i9A2_L01_R0000FE04_C0000D557,ov_i9a2_l01_r0000fe04_c0000d557,ov_i9a2_l01_r0000fe04_c0000d557,ov_i9a2_l01_r0000fe04_c0000d557,ov_i9a2_l01_r0000fe04_c0000d557,ov_i9a2_l01_r0000fe04_c0000d557,ov_i9a2_l01_r0000fe04_c0000d557
16,Name,Ov_i9A2_L01_R0000FE04_C0000D558,ov_i9a2_l01_r0000fe04_c0000d558,ov_i9a2_l01_r0000fe04_c0000d558,ov_i9a2_l01_r0000fe04_c0000d558,ov_i9a2_l01_r0000fe04_c0000d558,ov_i9a2_l01_r0000fe04_c0000d558,ov_i9a2_l01_r0000fe04_c0000d558
17,Name,Ov_i9A2_L01_R0000FE04_C0000D55D,ov_i9a2_l01_r0000fe04_c0000d55d,ov_i9a2_l01_r0000fe04_c0000d55d,ov_i9a2_l01_r0000fe04_c0000d55d,ov_i9a2_l01_r0000fe04_c0000d55d,ov_i9a2_l01_r0000fe04_c0000d55d,ov_i9a2_l01_r0000fe04_c0000d55d
18,Name,Ov_i9A2_L01_R0000FE04_C0000D55E,ov_i9a2_l01_r0000fe04_c0000d55e,ov_i9a2_l01_r0000fe04_c0000d55e,ov_i9a2_l01_r0000fe04_c0000d55e,ov_i9a2_l01_r0000fe04_c0000d55e,ov_i9a2_l01_r0000fe04_c0000d55e,ov_i9a2_l01_r0000fe04_c0000d55e
19,Name,Ov_i9A2_L01_R0000FE05_C0000D54F,ov_i9a2_l01_r0000fe05_c0000d54f,ov_i9a2_l01_r0000fe05_c0000d54f,ov_i9a2_l01_r0000fe05_c0000d54f,ov_i9a2_l01_r0000fe05_c0000d54f,ov_i9a2_l01_r0000fe05_c0000d54f,ov_i9a2_l01_r0000fe05_c0000d54f
20,Name,Ov_i9A2_L01_R0000FE05_C0000D550,ov_i9a2_l01_r0000fe05_c0000d550,ov_i9a2_l01_r0000fe05_c0000d550,ov_i9a2_l01_r0000fe05_c0000d550,ov_i9a2_l01_r0000fe05_c0000d550,ov_i9a2_l01_r0000fe05_c0000d550,ov_i9a2_l01_r0000fe05_c0000d550
21,Name,Ov_i9A2_L01_R0000FE05_C0000D551,ov_i9a2_l01_r0000fe05_c0000d551,ov_i9a2_l01_r0000fe05_c0000d551,ov_i9a2_l01_r0000fe05_c0000d551,ov_i9a2_l01_r0000fe05_c0000d551,ov_i9a2_l01_r0000fe05_c0000d551,ov_i9a2_l01_r0000fe05_c0000d551
22,Name,Ov_i9A2_L01_R0000FE05_C0000D552,ov_i9a2_l01_r0000fe05_c0000d552,ov_i9a2_l01_r0000fe05_c0000d552,ov_i9a2_l01_r0000fe05_c0000d552,ov_i9a2_l01_r0000fe05_c0000d552,ov_i9a2_l01_r0000fe05_c0000d552,ov_i9a2_l01_r0000fe05_c0000d552
23,Name,Ov_i9A2_L01_R0000FE05_C0000D553,ov_i9a2_l01_r0000fe05_c0000d553,ov_i9a2_l01_r0000fe05_c0000d553,ov_i9a2_l01_r0000fe05_c0000d553,ov_i9a2_l01_r0000fe05_c0000d553,ov_i9a2_l01_r0000fe05_c0000d553,ov_i9a2_l01_r0000fe05_c0000d553
24,Name,Ov_i9A2_L01_R0000FE05_C0000D554,ov_i9a2_l01_r0000fe05_c0000d554,ov_i9a2_l01_r0000fe05_c0000d554,ov_i9a2_l01_r0000fe05_c0000d554,ov_i9a2_l01_r0000fe05_c0000d554,ov_i9a2_l01_r0000fe05_c0000d554,ov_i9a2_l01_r0000fe05_c0000d554
25,Name,Ov_i9A2_L01_R0000FE05_C0000D555,ov_i9a2_l01_r0000fe05_c0000d555,ov_i9a2_l01_r0000fe05_c0000d555,ov_i9a2_l01_r0000fe05_c0000d555,ov_i9a2_l01_r0000fe05_c0000d555,ov_i9a2_l01_r0000fe05_c0000d555,ov_i9a2_l01_r0000fe05_c0000d555
26,Name,Ov_i9A2_L01_R0000FE05_C0000D556,ov_i9a2_l01_r0000fe05_c0000d556,ov_i9a2_l01_r0000fe05_c0000d556,ov_i9a2_l01_r0000fe05_c0000d556,ov_i9a2_l01_r0000fe05_c0000d556,ov_i9a2_l01_r0000fe05_c0000d556,ov_i9a2_l01_r0000fe05_c0000d556
27,Name,Ov_i9A2_L01_R0000FE05_C0000D558,ov_i9a2_l01_r0000fe05_c0000d558,ov_i9a2_l01_r0000fe05_c0000d558,ov_i9a2_l01_r0000fe05_c0000d558,ov_i9a2_l01_r0000fe05_c0000d558,ov_i9a2_l01_r0000fe05_c0000d558,ov_i9a2_l01_r0000fe05_c0000d558
28,Name,Ov_i9A2_L01_R0000FE05_C0000D559,ov_i9a2_l01_r0000fe05_c0000d559,ov_i9a2_l01_r0000fe05_c0000d559,ov_i9a2_l01_r0000fe05_c0000d559,ov_i9a2_l01_r0000fe05_c0000d559,ov_i9a2_l01_r0000fe05_c0000d559,ov_i9a2_l01_r0000fe05_c0000d559
29,Name,Ov_i9A2_L01_R0000FE05_C0000D55C,ov_i9a2_l01_r0000fe05_c0000d55c,ov_i9a2_l01_r0000fe05_c0000d55c,ov_i9a2_l01_r0000fe05_c0000d55c,ov_i9a2_l01_r0000fe05_c0000d55c,ov_i9a2_l01_r0000fe05_c0000d55c,ov_i9a2_l01_r0000fe05_c0000d55c
30,Name,Ov_i9A2_L01_R0000FE05_C0000D55D,ov_i9a2_l01_r0000fe05_c0000d55d,ov_i9a2_l01_r0000fe05_c0000d55d,ov_i9a2_l01_r0000fe05_c0000d55d,ov_i9a2_l01_r0000fe05_c0000d55d,ov_i9a2_l01_r0000fe05_c0000d55d,ov_i9a2_l01_r0000fe05_c0000d55d
31,Name,Ov_i9A2_L01_R0000FE05_C0000D55E,ov_i9a2_l01_r0000fe05_c0000d55e,ov_i9a2_l01_r0000fe05_c0000d55e,ov_i9a2_l01_r0000fe05_c0000d55e,ov_i9a2_l01_r0000fe05_c0000d55e,ov_i9a2_l01_r0000fe05_c0000d55e,ov_i9a2_l01_r0000fe05_c0000d55e
32,Name,Ov_i9A2_L01_R0000FE06_C0000D54F,ov_i9a2_l01_r0000fe06_c0000d54f,ov_i9a2_l01_r0000fe06_c0000d54f,ov_i9a2_l01_r0000fe06_c0000d54f,ov_i9a2_l01_r0000fe06_c0000d54f,ov_i9a2_l01_r0000fe06_c0000d54f,ov_i9a2_l01_r0000fe06_c0000d54f
33,Name,Ov_i9A2_L01_R0000FE06_C0000D550,ov_i9a2_l01_r0000fe06_c0000d550,ov_i9a2_l01_r0000fe06_c0000d550,ov_i9a2_l01_r0000fe06_c0000d550,ov_i9a2_l01_r0000fe06_c0000d550,ov_i9a2_l01_r0000fe06_c0000d550,ov_i9a2_l01_r0000fe06_c0000d550
34,Name,Ov_i9A2_L01_R0000FE06_C0000D551,ov_i9a2_l01_r0000fe06_c0000d551,ov_i9a2_l01_r0000fe06_c0000d551,ov_i9a2_l01_r0000fe06_c0000d551,ov_i9a2_l01_r0000fe06_c0000d551,ov_i9a2_l01_r0000fe06_c0000d551,ov_i9a2_l01_r0000fe06_c0000d551
35,Name,Ov_i9A2_L01_R0000FE06_C0000D552,ov_i9a2_l01_r0000fe06_c0000d552,ov_i9a2_l01_r0000fe06_c0000d552,ov_i9a2_l01_r0000fe06_c0000d552,ov_i9a2_l01_r0000fe06_c0000d552,ov_i9a2_l01_r0000fe06_c0000d552,ov_i9a2_l01_r0000fe06_c0000d552
36,Name,Ov_i9A2_L01_R0000FE06_C0000D553,ov_i9a2_l01_r0000fe06_c0000d553,ov_i9a2_l01_r0000fe06_c0000d553,ov_i9a2_l01_r0000fe06_c0000d553,ov_i9a2_l01_r0000fe06_c0000d553,ov_i9a2_l01_r0000fe06_c0000d553,ov_i9a2_l01_r0000fe06_c0000d553
37,Name,Ov_i9A2_L01_R0000FE06_C0000D554,ov_i9a2_l01_r0000fe06_c0000d554,ov_i9a2_l01_r0000fe06_c0000d554,ov_i9a2_l01_r0000fe06_c0000d554,ov_i9a2_l01_r0000fe06_c0000d554,ov_i9a2_l01_r0000fe06_c0000d554,ov_i9a2_l01_r0000fe06_c0000d554
38,Name,Ov_i9A2_L01_R0000FE06_C0000D558,ov_i9a2_l01_r0000fe06_c0000d558,ov_i9a2_l01_r0000fe06_c0000d558,ov_i9a2_l01_r0000fe06_c0000d558,ov_i9a2_l01_r0000fe06_c0000d558,ov_i9a2_l01_r0000fe06_c0000d558,ov_i9a2_l01_r0000fe06_c0000d558
39,Name,Ov_i9A2_L01_R0000FE06_C0000D559,ov_i9a2_l01_r0000fe06_c0000d559,ov_i9a2_l01_r0000fe06_c0000d559,ov_i9a2_l01_r0000fe06_c0000d559,ov_i9a2_l01_r0000fe06_c0000d559,ov_i9a2_l01_r0000fe06_c0000d559,ov_i9a2_l01_r0000fe06_c0000d559
40,Name,Ov_i9A2_L01_R0000FE06_C0000D55A,ov_i9a2_l01_r0000fe06_c0000d55a,ov_i9a2_l01_r0000fe06_c0000d55a,ov_i9a2_l01_r0000fe06_c0000d55a,ov_i9a2_l01_r0000fe06_c0000d55a,ov_i9a2_l01_r0000fe06_c0000d55a,ov_i9a2_l01_r0000fe06_c0000d55a
41,Name,Ov_i9A2_L01_R0000FE06_C0000D55B,ov_i9a2_l01_r0000fe06_c0000d55b,ov_i9a2_l01_r0000fe06_c0000d55b,ov_i9a2_l01_r0000fe06_c0000d55b,ov_i9a2_l01_r0000fe06_c0000d55b,ov_i9a2_l01_r0000fe06_c0000d55b,ov_i9a2_l01_r0000fe06_c0000d55b
42,Name,Ov_i9A2_L01_R0000FE06_C0000D55C,ov_i9a2_l01_r0000fe06_c0000d55c,ov_i9a2_l01_r0000fe06_c0000d55c,ov_i9a2_l01_r0000fe06_c0000d55c,ov_i9a2_l01_r0000fe06_c0000d55c,ov_i9a2_l01_r0000fe06_c0000d55c,ov_i9a2_l01_r0000fe06_c0000d55c
43,Name,Ov_i9A2_L01_R0000FE06_C0000D55D,ov_i9a2_l01_r0000fe06_c0000d55d,ov_i9a2_l01_r0000fe06_c0000d55d,ov_i9a2_l01_r0000fe06_c0000d55d,ov_i9a2_l01_r0000fe06_c0000d55d,ov_i9a2_l01_r0000fe06_c0000d55d,ov_i9a2_l01_r0000fe06_c0000d55d
44,Name,Ov_i9A2_L01_R0000FE06_C0000D55E,ov_i9a2_l01_r0000fe06_c0000d55e,ov_i9a2_l01_r0000fe06_c0000d55e,ov_i9a2_l01_r0000fe06_c0000d55e,ov_i9a2_l01_r0000fe06_c0000d55e,ov_i9a2_l01_r0000fe06_c0000d55e,ov_i9a2_l01_r0000fe06_c0000d55e
45,Name,Ov_i9A2_L01_R0000FE06_C0000D55F,ov_i9a2_l01_r0000fe06_c0000d55f,ov_i9a2_l01_r0000fe06_c0000d55f,ov_i9a2_l01_r0000fe06_c0000d55f,ov_i9a2_l01_r0000fe06_c0000d55f,ov_i9a2_l01_r0000fe06_c0000d55f,ov_i9a2_l01_r0000fe06_c0000d55f
46,Name,Ov_i9A2_L01_R0000FE07_C0000D552,ov_i9a2_l01_r0000fe07_c0000d552,ov_i9a2_l01_r0000fe07_c0000d552,ov_i9a2_l01_r0000fe07_c0000d552,ov_i9a2_l01_r0000fe07_c0000d552,ov_i9a2_l01_r0000fe07_c0000d552,ov_i9a2_l01_r0000fe07_c0000d552
47,Name,Ov_i9A2_L01_R0000FE07_C0000D553,ov_i9a2_l01_r0000fe07_c0000d553,ov_i9a2_l01_r0000fe07_c0000d553,ov_i9a2_l01_r0000fe07_c0000d553,ov_i9a2_l01_r0000fe07_c0000d553,ov_i9a2_l01_r0000fe07_c0000d553,ov_i9a2_l01_r0000fe07_c0000d553
48,Name,Ov_i9A2_L01_R0000FE07_C0000D554,ov_i9a2_l01_r0000fe07_c0000d554,ov_i9a2_l01_r0000fe07_c0000d554,ov_i9a2_l01_r0000fe07_c0000d554,ov_i9a2_l01_r0000fe07_c0000d554,ov_i9a2_l01_r0000fe07_c0000d554,ov_i9a2_l01_r0000fe07_c0000d554
49,Name,Ov_i9A2_L01_R0000FE07_C0000D559,ov_i9a2_l01_r0000fe07_c0000d559,ov_i9a2_l01_r0000fe07_c0000d559,ov_i9a2_l01_r0000fe07_c0000d559,ov_i9a2_l01_r0000fe07_c0000d559,ov_i9a2_l01_r0000fe07_c0000d559,ov_i9a2_l01_r0000fe07_c0000d559
50,Name,Ov_i9A2_L01_R0000FE07_C0000D55A,ov_i9a2_l01_r0000fe07_c0000d55a,ov_i9a2_l01_r0000fe07_c0000d55a,ov_i9a2_l01_r0000fe07_c0000d55a,ov_i9a2_l01_r0000fe07_c0000d55a,ov_i9a2_l01_r0000fe07_c0000d55a,ov_i9a2_l01_r0000fe07_c0000d55a
51,Name,Ov_i9A2_L01_R0000FE07_C0000D55B,ov_i9a2_l01_r0000fe07_c0000d55b,ov_i9a2_l01_r0000fe07_c0000d55b,ov_i9a2_l01_r0000fe07_c0000d55b,ov_i9a2_l01_r0000fe07_c0000d55b,ov_i9a2_l01_r0000fe07_c0000d55b,ov_i9a2_l01_r0000fe07_c0000d55b
52,Name,Ov_i9A2_L01_R0000FE07_C0000D55C,ov_i9a2_l01_r0000fe07_c0000d55c,ov_i9a2_l01_r0000fe07_c0000d55c,ov_i9a2_l01_r0000fe07_c0000d55c,ov_i9a2_l01_r0000fe07_c0000d55c,ov_i9a2_l01_r0000fe07_c0000d55c,ov_i9a2_l01_r0000fe07_c0000d55c
53,Name,Ov_i9A2_L01_R0000FE07_C0000D55D,ov_i9a2_l01_r0000fe07_c0000d55d,ov_i9a2_l01_r0000fe07_c0000d55d,ov_i9a2_l01_r0000fe07_c0000d55d,ov_i9a2_l01_r0000fe07_c0000d55d,ov_i9a2_l01_r0000fe07_c0000d55d,ov_i9a2_l01_r0000fe07_c0000d55d
54,Name,Ov_i9A2_L01_R0000FE08_C0000D554,ov_i9a2_l01_r0000fe08_c0000d554,ov_i9a2_l01_r0000fe08_c0000d554,ov_i9a2_l01_r0000fe08_c0000d554,ov_i9a2_l01_r0000fe08_c0000d554,ov_i9a2_l01_r0000fe08_c0000d554,ov_i9a2_l01_r0000fe08_c0000d554
55,Name,Ov_i9A2_L01_R0000FE08_C0000D555,ov_i9a2_l01_r0000fe08_c0000d555,ov_i9a2_l01_r0000fe08_c0000d555,ov_i9a2_l01_r0000fe08_c0000d555,ov_i9a2_l01_r0000fe08_c0000d555,ov_i9a2_l01_r0000fe08_c0000d555,ov_i9a2_l01_r0000fe08_c0000d555
56,Name,Ov_i9A2_L01_R0000FE08_C0000D559,ov_i9a2_l01_r0000fe08_c0000d559,ov_i9a2_l01_r0000fe08_c0000d559,ov_i9a2_l01_r0000fe08_c0000d559,ov_i9a2_l01_r0000fe08_c0000d559,ov_i9a2_l01_r0000fe08_c0000d559,ov_i9a2_l01_r0000fe08_c0000d559
57,Name,Ov_i9A2_L01_R0000FE08_C0000D55A,ov_i9a2_l01_r0000fe08_c0000d55a,ov_i9a2_l01_r0000fe08_c0000d55a,ov_i9a2_l01_r0000fe08_c0000d55a,ov_i9a2_l01_r0000fe08_c0000d55a,ov_i9a2_l01_r0000fe08_c0000d55a,ov_i9a2_l01_r0000fe08_c0000d55a
58,Name,Ov_i9A2_L01_R0000FE08_C0000D55B,ov_i9a2_l01_r0000fe08_c0000d55b,ov_i9a2_l01_r0000fe08_c0000d55b,ov_i9a2_l01_r0000fe08_c0000d55b,ov_i9a2_l01_r0000fe08_c0000d55b,ov_i9a2_l01_r0000fe08_c0000d55b,ov_i9a2_l01_r0000fe08_c0000d55b
59,Name,Ov_i9A2_L01_R0000FE08_C0000D55C,ov_i9a2_l01_r0000fe08_c0000d55c,ov_i9a2_l01_r0000fe08_c0000d55c,ov_i9a2_l01_r0000fe08_c0000d55c,ov_i9a2_l01_r0000fe08_c0000d55c,ov_i9a2_l01_r0000fe08_c0000d55c,ov_i9a2_l01_r0000fe08_c0000d55c
60,Name,Ov_i9A2_L01_R0000FE08_C0000D55D,ov_i9a2_l01_r0000fe08_c0000d55d,ov_i9a2_l01_r0000fe08_c0000d55d,ov_i9a2_l01_r0000fe08_c0000d55d,ov_i9a2_l01_r0000fe08_c0000d55d,ov_i9a2_l01_r0000fe08_c0000d55d,ov_i9a2_l01_r0000fe08_c0000d55d
61,Name,Ov_i9A2_L01_R0000FEA8_C0000D716,ov_i9a2_l01_r0000fea8_c0000d716,ov_i9a2_l01_r0000fea8_c0000d716,ov_i9a2_l01_r0000fea8_c0000d716,ov_i9a2_l01_r0000fea8_c0000d716,ov_i9a2_l01_r0000fea8_c0000d716,ov_i9a2_l01_r0000fea8_c0000d716
62,Name,Ov_i9A2_L01_R0000FEA7_C0000D716,ov_i9a2_l01_r0000fea7_c0000d716,ov_i9a2_l01_r0000fea7_c0000d716,ov_i9a2_l01_r0000fea7_c0000d716,ov_i9a2_l01_r0000fea7_c0000d716,ov_i9a2_l01_r0000fea7_c0000d716,ov_i9a2_l01_r0000fea7_c0000d716
63,Name,Ov_i9A2_L01_R0000FEA8_C0000D715,ov_i9a2_l01_r0000fea8_c0000d715,ov_i9a2_l01_r0000fea8_c0000d715,ov_i9a2_l01_r0000fea8_c0000d715,ov_i9a2_l01_r0000fea8_c0000d715,ov_i9a2_l01_r0000fea8_c0000d715,ov_i9a2_l01_r0000fea8_c0000d715
64,Name,Ov_i9A2_L01_R0000FEA7_C0000D715,ov_i9a2_l01_r0000fea7_c0000d715,ov_i9a2_l01_r0000fea7_c0000d715,ov_i9a2_l01_r0000fea7_c0000d715,ov_i9a2_l01_r0000fea7_c0000d715,ov_i9a2_l01_r0000fea7_c0000d715,ov_i9a2_l01_r0000fea7_c0000d715
65,Name,Ov_i9A2_L01_R0000FEA6_C0000D715,ov_i9a2_l01_r0000fea6_c0000d715,ov_i9a2_l01_r0000fea6_c0000d715,ov_i9a2_l01_r0000fea6_c0000d715,ov_i9a2_l01_r0000fea6_c0000d715,ov_i9a2_l01_r0000fea6_c0000d715,ov_i9a2_l01_r0000fea6_c0000d715
66,Name,Ov_i9A2_L01_R0000FE09_C0000D586,ov_i9a2_l01_r0000fe09_c0000d586,ov_i9a2_l01_r0000fe09_c0000d586,ov_i9a2_l01_r0000fe09_c0000d586,ov_i9a2_l01_r0000fe09_c0000d586,ov_i9a2_l01_r0000fe09_c0000d586,ov_i9a2_l01_r0000fe09_c0000d586
67,Name,Ov_i9A2_L01_R0000FE09_C0000D587,ov_i9a2_l01_r0000fe09_c0000d587,ov_i9a2_l01_r0000fe09_c0000d587,ov_i9a2_l01_r0000fe09_c0000d587,ov_i9a2_l01_r0000fe09_c0000d587,ov_i9a2_l01_r0000fe09_c0000d587,ov_i9a2_l01_r0000fe09_c0000d587
68,Name,Ov_i9A2_L01_R0000FE0A_C0000D584,ov_i9a2_l01_r0000fe0a_c0000d584,ov_i9a2_l01_r0000fe0a_c0000d584,ov_i9a2_l01_r0000fe0a_c0000d584,ov_i9a2_l01_r0000fe0a_c0000d584,ov_i9a2_l01_r0000fe0a_c0000d584,ov_i9a2_l01_r0000fe0a_c0000d584
69,Name,Ov_i9A2_L01_R0000FE0A_C0000D585,ov_i9a2_l01_r0000fe0a_c0000d585,ov_i9a2_l01_r0000fe0a_c0000d585,ov_i9a2_l01_r0000fe0a_c0000d585,ov_i9a2_l01_r0000fe0a_c0000d585,ov_i9a2_l01_r0000fe0a_c0000d585,ov_i9a2_l01_r0000fe0a_c0000d585
70,Name,Ov_i9A2_L01_R0000FE0A_C0000D586,ov_i9a2_l01_r0000fe0a_c0000d586,ov_i9a2_l01_r0000fe0a_c0000d586,ov_i9a2_l01_r0000fe0a_c0000d586,ov_i9a2_l01_r0000fe0a_c0000d586,ov_i9a2_l01_r0000fe0a_c0000d586,ov_i9a2_l01_r0000fe0a_c0000d586
71,Name,Ov_i9A2_L01_R0000FE0A_C0000D587,ov_i9a2_l01_r0000fe0a_c0000d587,ov_i9a2_l01_r0000fe0a_c0000d587,ov_i9a2_l01_r0000fe0a_c0000d587,ov_i9a2_l01_r0000fe0a_c0000d587,ov_i9a2_l01_r0000fe0a_c0000d587,ov_i9a2_l01_r0000fe0a_c0000d587
72,Name,Ov_i9A2_L01_R0000FE0A_C0000D588,ov_i9a2_l01_r0000fe0a_c0000d588,ov_i9a2_l01_r0000fe0a_c0000d588,ov_i9a2_l01_r0000fe0a_c0000d588,ov_i9a2_l01_r0000fe0a_c0000d588,ov_i9a2_l01_r0000fe0a_c0000d588,ov_i9a2_l01_r0000fe0a_c0000d588
73,Name,Ov_i9A2_L01_R0000FE0B_C0000D581,ov_i9a2_l01_r0000fe0b_c0000d581,ov_i9a2_l01_r0000fe0b_c0000d581,ov_i9a2_l01_r0000fe0b_c0000d581,ov_i9a2_l01_r0000fe0b_c0000d581,ov_i9a2_l01_r0000fe0b_c0000d581,ov_i9a2_l01_r0000fe0b_c0000d581
74,Name,Ov_i9A2_L01_R0000FE0B_C0000D582,ov_i9a2_l01_r0000fe0b_c0000d582,ov_i9a2_l01_r0000fe0b_c0000d582,ov_i9a2_l01_r0000fe0b_c0000d582,ov_i9a2_l01_r0000fe0b_c0000d582,ov_i9a2_l01_r0000fe0b_c0000d582,ov_i9a2_l01_r0000fe0b_c0000d582
75,Name,Ov_i9A2_L01_R0000FE0B_C0000D583,ov_i9a2_l01_r0000fe0b_c0000d583,ov_i9a2_l01_r0000fe0b_c0000d583,ov_i9a2_l01_r0000fe0b_c0000d583,ov_i9a2_l01_r0000fe0b_c0000d583,ov_i9a2_l01_r0000fe0b_c0000d583,ov_i9a2_l01_r0000fe0b_c0000d583
76,Name,Ov_i9A2_L01_R0000FE0B_C0000D584,ov_i9a2_l01_r0000fe0b_c0000d584,ov_i9a2_l01_r0000fe0b_c0000d584,ov_i9a2_l01_r0000fe0b_c0000d584,ov_i9a2_l01_r0000fe0b_c0000d584,ov_i9a2_l01_r0000fe0b_c0000d584,ov_i9a2_l01_r0000fe0b_c0000d584
77,Name,Ov_i9A2_L01_R0000FE0B_C0000D585,ov_i9a2_l01_r0000fe0b_c0000d585,ov_i9a2_l01_r0000fe0b_c0000d585,ov_i9a2_l01_r0000fe0b_c0000d585,ov_i9a2_l01_r0000fe0b_c0000d585,ov_i9a2_l01_r0000fe0b_c0000d585,ov_i9a2_l01_r0000fe0b_c0000d585
78,Name,Ov_i9A2_L01_R0000FE0B_C0000D586,ov_i9a2_l01_r0000fe0b_c0000d586,ov_i9a2_l01_r0000fe0b_c0000d586,ov_i9a2_l01_r0000fe0b_c0000d586,ov_i9a2_l01_r0000fe0b_c0000d586,ov_i9a2_l01_r0000fe0b_c0000d586,ov_i9a2_l01_r0000fe0b_c0000d586
79,Name,Ov_i9A2_L01_R0000FE0B_C0000D587,ov_i9a2_l01_r0000fe0b_c0000d587,ov_i9a2_l01_r0000fe0b_c0000d587,ov_i9a2_l01_r0000fe0b_c0000d587,ov_i9a2_l01_r0000fe0b_c0000d587,ov_i9a2_l01_r0000fe0b_c0000d587,ov_i9a2_l01_r0000fe0b_c0000d587
80,Name,Ov_i9A2_L01_R0000FE0B_C0000D588,ov_i9a2_l01_r0000fe0b_c0000d588,ov_i9a2_l01_r0000fe0b_c0000d588,ov_i9a2_l01_r0000fe0b_c0000d588,ov_i9a2_l01_r0000fe0b_c0000d588,ov_i9a2_l01_r0000fe0b_c0000d588,ov_i9a2_l01_r0000fe0b_c0000d588
81,Name,Ov_i9A2_L01_R0000FE0B_C0000D589,ov_i9a2_l01_r0000fe0b_c0000d589,ov_i9a2_l01_r0000fe0b_c0000d589,ov_i9a2_l01_r0000fe0b_c0000d589,ov_i9a2_l01_r0000fe0b_c0000d589,ov_i9a2_l01_r0000fe0b_c0000d589,ov_i9a2_l01_r0000fe0b_c0000d589
82,Name,Ov_i9A2_L01_R0000FE0C_C0000D581,ov_i9a2_l01_r0000fe0c_c0000d581,ov_i9a2_l01_r0000fe0c_c0000d581,ov_i9a2_l01_r0000fe0c_c0000d581,ov_i9a2_l01_r0000fe0c_c0000d581,ov_i9a2_l01_r0000fe0c_c0000d581,ov_i9a2_l01_r0000fe0c_c0000d581
83,Name,Ov_i9A2_L01_R0000FE0C_C0000D582,ov_i9a2_l01_r0000fe0c_c0000d582,ov_i9a2_l01_r0000fe0c_c0000d582,ov_i9a2_l01_r0000fe0c_c0000d582,ov_i9a2_l01_r0000fe0c_c0000d582,ov_i9a2_l01_r0000fe0c_c0000d582,ov_i9a2_l01_r0000fe0c_c0000d582
84,Name,Ov_i9A2_L01_R0000FE0C_C0000D583,ov_i9a2_l01_r0000fe0c_c0000d583,ov_i9a2_l01_r0000fe0c_c0000d583,ov_i9a2_l01_r0000fe0c_c0000d583,ov_i9a2_l01_r0000fe0c_c0000d583,ov_i9a2_l01_r0000fe0c_c0000d583,ov_i9a2_l01_r0000fe0c_c0000d583
85,Name,Ov_i9A2_L01_R0000FE0C_C0000D584,ov_i9a2_l01_r0000fe0c_c0000d584,ov_i9a2_l01_r0000fe0c_c0000d584,ov_i9a2_l01_r0000fe0c_c0000d584,ov_i9a2_l01_r0000fe0c_c0000d584,ov_i9a2_l01_r0000fe0c_c0000d584,ov_i9a2_l01_r0000fe0c_c0000d584
86,Name,Ov_i9A2_L01_R0000FE0C_C0000D585,ov_i9a2_l01_r0000fe0c_c0000d585,ov_i9a2_l01_r0000fe0c_c0000d585,ov_i9a2_l01_r0000fe0c_c0000d585,ov_i9a2_l01_r0000fe0c_c0000d585,ov_i9a2_l01_r0000fe0c_c0000d585,ov_i9a2_l01_r0000fe0c_c0000d585
87,Name,Ov_i9A2_L01_R0000FE0C_C0000D586,ov_i9a2_l01_r0000fe0c_c0000d586,ov_i9a2_l01_r0000fe0c_c0000d586,ov_i9a2_l01_r0000fe0c_c0000d586,ov_i9a2_l01_r0000fe0c_c0000d586,ov_i9a2_l01_r0000fe0c_c0000d586,ov_i9a2_l01_r0000fe0c_c0000d586
88,Name,Ov_i9A2_L01_R0000FE0C_C0000D587,ov_i9a2_l01_r0000fe0c_c0000d587,ov_i9a2_l01_r0000fe0c_c0000d587,ov_i9a2_l01_r0000fe0c_c0000d587,ov_i9a2_l01_r0000fe0c_c0000d587,ov_i9a2_l01_r0000fe0c_c0000d587,ov_i9a2_l01_r0000fe0c_c0000d587
89,Name,Ov_i9A2_L01_R0000FE0C_C0000D588,ov_i9a2_l01_r0000fe0c_c0000d588,ov_i9a2_l01_r0000fe0c_c0000d588,ov_i9a2_l01_r0000fe0c_c0000d588,ov_i9a2_l01_r0000fe0c_c0000d588,ov_i9a2_l01_r0000fe0c_c0000d588,ov_i9a2_l01_r0000fe0c_c0000d588
90,Name,Ov_i9A2_L01_R0000FE0C_C0000D589,ov_i9a2_l01_r0000fe0c_c0000d589,ov_i9a2_l01_r0000fe0c_c0000d589,ov_i9a2_l01_r0000fe0c_c0000d589,ov_i9a2_l01_r0000fe0c_c0000d589,ov_i9a2_l01_r0000fe0c_c0000d589,ov_i9a2_l01_r0000fe0c_c0000d589
91,Name,Ov_i9A2_L01_R0000FE0C_C0000D58A,ov_i9a2_l01_r0000fe0c_c0000d58a,ov_i9a2_l01_r0000fe0c_c0000d58a,ov_i9a2_l01_r0000fe0c_c0000d58a,ov_i9a2_l01_r0000fe0c_c0000d58a,ov_i9a2_l01_r0000fe0c_c0000d58a,ov_i9a2_l01_r0000fe0c_c0000d58a
92,Name,Ov_i9A2_L01_R0000FE0D_C0000D581,ov_i9a2_l01_r0000fe0d_c0000d581,ov_i9a2_l01_r0000fe0d_c0000d581,ov_i9a2_l01_r0000fe0d_c0000d581,ov_i9a2_l01_r0000fe0d_c0000d581,ov_i9a2_l01_r0000fe0d_c0000d581,ov_i9a2_l01_r0000fe0d_c0000d581
93,Name,Ov_i9A2_L01_R0000FE0D_C0000D582,ov_i9a2_l01_r0000fe0d_c0000d582,ov_i9a2_l01_r0000fe0d_c0000d582,ov_i9a2_l01_r0000fe0d_c0000d582,ov_i9a2_l01_r0000fe0d_c0000d582,ov_i9a2_l01_r0000fe0d_c0000d582,ov_i9a2_l01_r0000fe0d_c0000d582
94,Name,Ov_i9A2_L01_R0000FE0D_C0000D583,ov_i9a2_l01_r0000fe0d_c0000d583,ov_i9a2_l01_r0000fe0d_c0000d583,ov_i9a2_l01_r0000fe0d_c0000d583,ov_i9a2_l01_r0000fe0d_c0000d583,ov_i9a2_l01_r0000fe0d_c0000d583,ov_i9a2_l01_r0000fe0d_c0000d583
95,Name,Ov_i9A2_L01_R0000FE0D_C0000D584,ov_i9a2_l01_r0000fe0d_c0000d584,ov_i9a2_l01_r0000fe0d_c0000d584,ov_i9a2_l01_r0000fe0d_c0000d584,ov_i9a2_l01_r0000fe0d_c0000d584,ov_i9a2_l01_r0000fe0d_c0000d584,ov_i9a2_l01_r0000fe0d_c0000d584
96,Name,Ov_i9A2_L01_R0000FE0D_C0000D585,ov_i9a2_l01_r0000fe0d_c0000d585,ov_i9a2_l01_r0000fe0d_c0000d585,ov_i9a2_l01_r0000fe0d_c0000d585,ov_i9a2_l01_r0000fe0d_c0000d585,ov_i9a2_l01_r0000fe0d_c0000d585,ov_i9a2_l01_r0000fe0d_c0000d585
97,Name,Ov_i9A2_L01_R0000FE0D_C0000D586,ov_i9a2_l01_r0000fe0d_c0000d586,ov_i9a2_l01_r0000fe0d_c0000d586,ov_i9a2_l01_r0000fe0d_c0000d586,ov_i9a2_l01_r0000fe0d_c0000d586,ov_i9a2_l01_r0000fe0d_c0000d586,ov_i9a2_l01_r0000fe0d_c0000d586
98,Name,Ov_i9A2_L01_R0000FE0D_C0000D587,ov_i9a2_l01_r0000fe0d_c0000d587,ov_i9a2_l01_r0000fe0d_c0000d587,ov_i9a2_l01_r0000fe0d_c0000d587,ov_i9a2_l01_r0000fe0d_c0000d587,ov_i9a2_l01_r0000fe0d_c0000d587,ov_i9a2_l01_r0000fe0d_c0000d587
99,Name,Ov_i9A2_L01_R0000FE0D_C0000D588,ov_i9a2_l01_r0000fe0d_c0000d588,ov_i9a2_l01_r0000fe0d_c0000d588,ov_i9a2_l01_r0000fe0d_c0000d588,ov_i9a2_l01_r0000fe0d_c0000d588,ov_i9a2_l01_r0000fe0d_c0000d588,ov_i9a2_l01_r0000fe0d_c0000d588
100,Name,Ov_i9A2_L01_R0000FE0D_C0000D589,ov_i9a2_l01_r0000fe0d_c0000d589,ov_i9a2_l01_r0000fe0d_c0000d589,ov_i9a2_l01_r0000fe0d_c0000d589,ov_i9a2_l01_r0000fe0d_c0000d589,ov_i9a2_l01_r0000fe0d_c0000d589,ov_i9a2_l01_r0000fe0d_c0000d589
101,Name,Ov_i9A2_L01_R0000FE0E_C0000D582,ov_i9a2_l01_r0000fe0e_c0000d582,ov_i9a2_l01_r0000fe0e_c0000d582,ov_i9a2_l01_r0000fe0e_c0000d582,ov_i9a2_l01_r0000fe0e_c0000d582,ov_i9a2_l01_r0000fe0e_c0000d582,ov_i9a2_l01_r0000fe0e_c0000d582
102,Name,Ov_i9A2_L01_R0000FE0E_C0000D583,ov_i9a2_l01_r0000fe0e_c0000d583,ov_i9a2_l01_r0000fe0e_c0000d583,ov_i9a2_l01_r0000fe0e_c0000d583,ov_i9a2_l01_r0000fe0e_c0000d583,ov_i9a2_l01_r0000fe0e_c0000d583,ov_i9a2_l01_r0000fe0e_c0000d583
103,Name,Ov_i9A2_L01_R0000FE0E_C0000D584,ov_i9a2_l01_r0000fe0e_c0000d584,ov_i9a2_l01_r0000fe0e_c0000d584,ov_i9a2_l01_r0000fe0e_c0000d584,ov_i9a2_l01_r0000fe0e_c0000d584,ov_i9a2_l01_r0000fe0e_c0000d584,ov_i9a2_l01_r0000fe0e_c0000d584
104,Name,Ov_i9A2_L01_R0000FE0E_C0000D585,ov_i9a2_l01_r0000fe0e_c0000d585,ov_i9a2_l01_r0000fe0e_c0000d585,ov_i9a2_l01_r0000fe0e_c0000d585,ov_i9a2_l01_r0000fe0e_c0000d585,ov_i9a2_l01_r0000fe0e_c0000d585,ov_i9a2_l01_r0000fe0e_c0000d585
105,Name,Ov_i9A2_L01_R0000FE0E_C0000D586,ov_i9a2_l01_r0000fe0e_c0000d586,ov_i9a2_l01_r0000fe0e_c0000d586,ov_i9a2_l01_r0000fe0e_c0000d586,ov_i9a2_l01_r0000fe0e_c0000d586,ov_i9a2_l01_r0000fe0e_c0000d586,ov_i9a2_l01_r0000fe0e_c0000d586
106,Name,Ov_i9A2_L01_R0000FE0E_C0000D587,ov_i9a2_l01_r0000fe0e_c0000d587,ov_i9a2_l01_r0000fe0e_c0000d587,ov_i9a2_l01_r0000fe0e_c0000d587,ov_i9a2_l01_r0000fe0e_c0000d587,ov_i9a2_l01_r0000fe0e_c0000d587,ov_i9a2_l01_r0000fe0e_c0000d587
107,Name,Ov_i9A2_L01_R0000FE0E_C0000D588,ov_i9a2_l01_r0000fe0e_c0000d588,ov_i9a2_l01_r0000fe0e_c0000d588,ov_i9a2_l01_r0000fe0e_c0000d588,ov_i9a2_l01_r0000fe0e_c0000d588,ov_i9a2_l01_r0000fe0e_c0000d588,ov_i9a2_l01_r0000fe0e_c0000d588
108,Name,Ov_i9A2_L01_R0000FE0F_C0000D583,ov_i9a2_l01_r0000fe0f_c0000d583,ov_i9a2_l01_r0000fe0f_c0000d583,ov_i9a2_l01_r0000fe0f_c0000d583,ov_i9a2_l01_r0000fe0f_c0000d583,ov_i9a2_l01_r0000fe0f_c0000d583,ov_i9a2_l01_r0000fe0f_c0000d583
109,Name,Ov_i9A2_L01_R0000FE0F_C0000D584,ov_i9a2_l01_r0000fe0f_c0000d584,ov_i9a2_l01_r0000fe0f_c0000d584,ov_i9a2_l01_r0000fe0f_c0000d584,ov_i9a2_l01_r0000fe0f_c0000d584,ov_i9a2_l01_r0000fe0f_c0000d584,ov_i9a2_l01_r0000fe0f_c0000d584
110,Name,Ov_i9A2_L01_R0000FE0F_C0000D585,ov_i9a2_l01_r0000fe0f_c0000d585,ov_i9a2_l01_r0000fe0f_c0000d585,ov_i9a2_l01_r0000fe0f_c0000d585,ov_i9a2_l01_r0000fe0f_c0000d585,ov_i9a2_l01_r0000fe0f_c0000d585,ov_i9a2_l01_r0000fe0f_c0000d585
111,Name,Ov_i9A2_L01_R0000FE0F_C0000D586,ov_i9a2_l01_r0000fe0f_c0000d586,ov_i9a2_l01_r0000fe0f_c0000d586,ov_i9a2_l01_r0000fe0f_c0000d586,ov_i9a2_l01_r0000fe0f_c0000d586,ov_i9a2_l01_r0000fe0f_c0000d586,ov_i9a2_l01_r0000fe0f_c0000d586
112,Name,Ov_i9A2_L01_R0000FE0F_C0000D587,ov_i9a2_l01_r0000fe0f_c0000d587,ov_i9a2_l01_r0000fe0f_c0000d587,ov_i9a2_l01_r0000fe0f_c0000d587,ov_i9a2_l01_r0000fe0f_c0000d587,ov_i9a2_l01_r0000fe0f_c0000d587,ov_i9a2_l01_r0000fe0f_c0000d587
113,Name,Ov_i9A2_L01_R0000FE0F_C0000D588,ov_i9a2_l01_r0000fe0f_c0000d588,ov_i9a2_l01_r0000fe0f_c0000d588,ov_i9a2_l01_r0000fe0f_c0000d588,ov_i9a2_l01_r0000fe0f_c0000d588,ov_i9a2_l01_r0000fe0f_c0000d588,ov_i9a2_l01_r0000fe0f_c0000d588
114,Name,Ov_i9A2_L01_R0000FE10_C0000D584,ov_i9a2_l01_r0000fe10_c0000d584,ov_i9a2_l01_r0000fe10_c0000d584,ov_i9a2_l01_r0000fe10_c0000d584,ov_i9a2_l01_r0000fe10_c0000d584,ov_i9a2_l01_r0000fe10_c0000d584,ov_i9a2_l01_r0000fe10_c0000d584
115,Name,Ov_i9A2_L01_R0000FE10_C0000D585,ov_i9a2_l01_r0000fe10_c0000d585,ov_i9a2_l01_r0000fe10_c0000d585,ov_i9a2_l01_r0000fe10_c0000d585,ov_i9a2_l01_r0000fe10_c0000d585,ov_i9a2_l01_r0000fe10_c0000d585,ov_i9a2_l01_r0000fe10_c0000d585
116,Name,Ov_i9A2_L01_R0000FE10_C0000D586,ov_i9a2_l01_r0000fe10_c0000d586,ov_i9a2_l01_r0000fe10_c0000d586,ov_i9a2_l01_r0000fe10_c0000d586,ov_i9a2_l01_r0000fe10_c0000d586,ov_i9a2_l01_r0000fe10_c0000d586,ov_i9a2_l01_r0000fe10_c0000d586
117,Name,Ov_i9A2_L01_R0000FE10_C0000D587,ov_i9a2_l01_r0000fe10_c0000d587,ov_i9a2_l01_r0000fe10_c0000d587,ov_i9a2_l01_r0000fe10_c0000d587,ov_i9a2_l01_r0000fe10_c0000d587,ov_i9a2_l01_r0000fe10_c0000d587,ov_i9a2_l01_r0000fe10_c0000d587
118,Name,Ov_i9A2_L01_R0000FE09_C0000D565,ov_i9a2_l01_r0000fe09_c0000d565,ov_i9a2_l01_r0000fe09_c0000d565,ov_i9a2_l01_r0000fe09_c0000d565,ov_i9a2_l01_r0000fe09_c0000d565,ov_i9a2_l01_r0000fe09_c0000d565,ov_i9a2_l01_r0000fe09_c0000d565
119,Name,Ov_i9A2_L01_R0000FE0A_C0000D564,ov_i9a2_l01_r0000fe0a_c0000d564,ov_i9a2_l01_r0000fe0a_c0000d564,ov_i9a2_l01_r0000fe0a_c0000d564,ov_i9a2_l01_r0000fe0a_c0000d564,ov_i9a2_l01_r0000fe0a_c0000d564,ov_i9a2_l01_r0000fe0a_c0000d564
120,Name,Ov_i9A2_L01_R0000FE0A_C0000D565,ov_i9a2_l01_r0000fe0a_c0000d565,ov_i9a2_l01_r0000fe0a_c0000d565,ov_i9a2_l01_r0000fe0a_c0000d565,ov_i9a2_l01_r0000fe0a_c0000d565,ov_i9a2_l01_r0000fe0a_c0000d565,ov_i9a2_l01_r0000fe0a_c0000d565
121,Name,Ov_i9A2_L01_R0000FE08_C0000D561,ov_i9a2_l01_r0000fe08_c0000d561,ov_i9a2_l01_r0000fe08_c0000d561,ov_i9a2_l01_r0000fe08_c0000d561,ov_i9a2_l01_r0000fe08_c0000d561,ov_i9a2_l01_r0000fe08_c0000d561,ov_i9a2_l01_r0000fe08_c0000d561
122,Name,Ov_i9A2_L01_R0000FE09_C0000D561,ov_i9a2_l01_r0000fe09_c0000d561,ov_i9a2_l01_r0000fe09_c0000d561,ov_i9a2_l01_r0000fe09_c0000d561,ov_i9a2_l01_r0000fe09_c0000d561,ov_i9a2_l01_r0000fe09_c0000d561,ov_i9a2_l01_r0000fe09_c0000d561
123,Name,Ov_i9A2_L01_R0000FE08_C0000D562,ov_i9a2_l01_r0000fe08_c0000d562,ov_i9a2_l01_r0000fe08_c0000d562,ov_i9a2_l01_r0000fe08_c0000d562,ov_i9a2_l01_r0000fe08_c0000d562,ov_i9a2_l01_r0000fe08_c0000d562,ov_i9a2_l01_r0000fe08_c0000d562
124,Name,Ov_i9A2_L01_R0000FE09_C0000D562,ov_i9a2_l01_r0000fe09_c0000d562,ov_i9a2_l01_r0000fe09_c0000d562,ov_i9a2_l01_r0000fe09_c0000d562,ov_i9a2_l01_r0000fe09_c0000d562,ov_i9a2_l01_r0000fe09_c0000d562,ov_i9a2_l01_r0000fe09_c0000d562
125,Name,Ov_i9A2_L01_R0000FE09_C0000D563,ov_i9a2_l01_r0000fe09_c0000d563,ov_i9a2_l01_r0000fe09_c0000d563,ov_i9a2_l01_r0000fe09_c0000d563,ov_i9a2_l01_r0000fe09_c0000d563,ov_i9a2_l01_r0000fe09_c0000d563,ov_i9a2_l01_r0000fe09_c0000d563
126,Name,Ov_i9A2_L01_R0000FE0A_C0000D563,ov_i9a2_l01_r0000fe0a_c0000d563,ov_i9a2_l01_r0000fe0a_c0000d563,ov_i9a2_l01_r0000fe0a_c0000d563,ov_i9a2_l01_r0000fe0a_c0000d563,ov_i9a2_l01_r0000fe0a_c0000d563,ov_i9a2_l01_r0000fe0a_c0000d563
127,Name,Ov_i9A2_L01_R0000FE09_C0000D564,ov_i9a2_l01_r0000fe09_c0000d564,ov_i9a2_l01_r0000fe09_c0000d564,ov_i9a2_l01_r0000fe09_c0000d564,ov_i9a2_l01_r0000fe09_c0000d564,ov_i9a2_l01_r0000fe09_c0000d564,ov_i9a2_l01_r0000fe09_c0000d564
128,Name,Ov_i9A2_L01_R0000FE07_C0000D55E,ov_i9a2_l01_r0000fe07_c0000d55e,ov_i9a2_l01_r0000fe07_c0000d55e,ov_i9a2_l01_r0000fe07_c0000d55e,ov_i9a2_l01_r0000fe07_c0000d55e,ov_i9a2_l01_r0000fe07_c0000d55e,ov_i9a2_l01_r0000fe07_c0000d55e
129,Name,Ov_i9A2_L01_R0000FE08_C0000D55E,ov_i9a2_l01_r0000fe08_c0000d55e,ov_i9a2_l01_r0000fe08_c0000d55e,ov_i9a2_l01_r0000fe08_c0000d55e,ov_i9a2_l01_r0000fe08_c0000d55e,ov_i9a2_l01_r0000fe08_c0000d55e,ov_i9a2_l01_r0000fe08_c0000d55e
130,Name,Ov_i9A2_L01_R0000FE07_C0000D55F,ov_i9a2_l01_r0000fe07_c0000d55f,ov_i9a2_l01_r0000fe07_c0000d55f,ov_i9a2_l01_r0000fe07_c0000d55f,ov_i9a2_l01_r0000fe07_c0000d55f,ov_i9a2_l01_r0000fe07_c0000d55f,ov_i9a2_l01_r0000fe07_c0000d55f
131,Name,Ov_i9A2_L01_R0000FE08_C0000D55F,ov_i9a2_l01_r0000fe08_c0000d55f,ov_i9a2_l01_r0000fe08_c0000d55f,ov_i9a2_l01_r0000fe08_c0000d55f,ov_i9a2_l01_r0000fe08_c0000d55f,ov_i9a2_l01_r0000fe08_c0000d55f,ov_i9a2_l01_r0000fe08_c0000d55f
132,Name,Ov_i9A2_L01_R0000FE08_C0000D563,ov_i9a2_l01_r0000fe08_c0000d563,ov_i9a2_l01_r0000fe08_c0000d563,ov_i9a2_l01_r0000fe08_c0000d563,ov_i9a2_l01_r0000fe08_c0000d563,ov_i9a2_l01_r0000fe08_c0000d563,ov_i9a2_l01_r0000fe08_c0000d563
133,Name,Ov_i9A2_L01_R0000FE07_C0000D560,ov_i9a2_l01_r0000fe07_c0000d560,ov_i9a2_l01_r0000fe07_c0000d560,ov_i9a2_l01_r0000fe07_c0000d560,ov_i9a2_l01_r0000fe07_c0000d560,ov_i9a2_l01_r0000fe07_c0000d560,ov_i9a2_l01_r0000fe07_c0000d560
134,Name,Ov_i9A2_L01_R0000FE08_C0000D560,ov_i9a2_l01_r0000fe08_c0000d560,ov_i9a2_l01_r0000fe08_c0000d560,ov_i9a2_l01_r0000fe08_c0000d560,ov_i9a2_l01_r0000fe08_c0000d560,ov_i9a2_l01_r0000fe08_c0000d560,ov_i9a2_l01_r0000fe08_c0000d560
135,Name,Ov_i9A2_L01_R0000FE07_C0000D565,ov_i9a2_l01_r0000fe07_c0000d565,ov_i9a2_l01_r0000fe07_c0000d565,ov_i9a2_l01_r0000fe07_c0000d565,ov_i9a2_l01_r0000fe07_c0000d565,ov_i9a2_l01_r0000fe07_c0000d565,ov_i9a2_l01_r0000fe07_c0000d565
136,Name,Ov_i9A2_L01_R0000FE06_C0000D565,ov_i9a2_l01_r0000fe06_c0000d565,ov_i9a2_l01_r0000fe06_c0000d565,ov_i9a2_l01_r0000fe06_c0000d565,ov_i9a2_l01_r0000fe06_c0000d565,ov_i9a2_l01_r0000fe06_c0000d565,ov_i9a2_l01_r0000fe06_c0000d565
137,Name,Ov_i9A2_L01_R0000FE06_C0000D566,ov_i9a2_l01_r0000fe06_c0000d566,ov_i9a2_l01_r0000fe06_c0000d566,ov_i9a2_l01_r0000fe06_c0000d566,ov_i9a2_l01_r0000fe06_c0000d566,ov_i9a2_l01_r0000fe06_c0000d566,ov_i9a2_l01_r0000fe06_c0000d566
138,Name,Ov_i9A2_L01_R0000FE06_C0000D563,ov_i9a2_l01_r0000fe06_c0000d563,ov_i9a2_l01_r0000fe06_c0000d563,ov_i9a2_l01_r0000fe06_c0000d563,ov_i9a2_l01_r0000fe06_c0000d563,ov_i9a2_l01_r0000fe06_c0000d563,ov_i9a2_l01_r0000fe06_c0000d563
139,Name,Ov_i9A2_L01_R0000FE06_C0000D564,ov_i9a2_l01_r0000fe06_c0000d564,ov_i9a2_l01_r0000fe06_c0000d564,ov_i9a2_l01_r0000fe06_c0000d564,ov_i9a2_l01_r0000fe06_c0000d564,ov_i9a2_l01_r0000fe06_c0000d564,ov_i9a2_l01_r0000fe06_c0000d564
140,Name,Ov_i9A2_L01_R0000FE01_C0000D564,ov_i9a2_l01_r0000fe01_c0000d564,ov_i9a2_l01_r0000fe01_c0000d564,ov_i9a2_l01_r0000fe01_c0000d564,ov_i9a2_l01_r0000fe01_c0000d564,ov_i9a2_l01_r0000fe01_c0000d564,ov_i9a2_l01_r0000fe01_c0000d564
141,Name,Ov_i9A2_L01_R0000FE02_C0000D563,ov_i9a2_l01_r0000fe02_c0000d563,ov_i9a2_l01_r0000fe02_c0000d563,ov_i9a2_l01_r0000fe02_c0000d563,ov_i9a2_l01_r0000fe02_c0000d563,ov_i9a2_l01_r0000fe02_c0000d563,ov_i9a2_l01_r0000fe02_c0000d563
142,Name,Ov_i9A2_L01_R0000FE02_C0000D564,ov_i9a2_l01_r0000fe02_c0000d564,ov_i9a2_l01_r0000fe02_c0000d564,ov_i9a2_l01_r0000fe02_c0000d564,ov_i9a2_l01_r0000fe02_c0000d564,ov_i9a2_l01_r0000fe02_c0000d564,ov_i9a2_l01_r0000fe02_c0000d564
143,Name,Ov_i9A2_L01_R0000FE02_C0000D565,ov_i9a2_l01_r0000fe02_c0000d565,ov_i9a2_l01_r0000fe02_c0000d565,ov_i9a2_l01_r0000fe02_c0000d565,ov_i9a2_l01_r0000fe02_c0000d565,ov_i9a2_l01_r0000fe02_c0000d565,ov_i9a2_l01_r0000fe02_c0000d565
144,Name,Ov_i9A2_L01_R0000FE03_C0000D562,ov_i9a2_l01_r0000fe03_c0000d562,ov_i9a2_l01_r0000fe03_c0000d562,ov_i9a2_l01_r0000fe03_c0000d562,ov_i9a2_l01_r0000fe03_c0000d562,ov_i9a2_l01_r0000fe03_c0000d562,ov_i9a2_l01_r0000fe03_c0000d562
145,Name,Ov_i9A2_L01_R0000FE03_C0000D563,ov_i9a2_l01_r0000fe03_c0000d563,ov_i9a2_l01_r0000fe03_c0000d563,ov_i9a2_l01_r0000fe03_c0000d563,ov_i9a2_l01_r0000fe03_c0000d563,ov_i9a2_l01_r0000fe03_c0000d563,ov_i9a2_l01_r0000fe03_c0000d563
146,Name,Ov_i9A2_L01_R0000FE03_C0000D565,ov_i9a2_l01_r0000fe03_c0000d565,ov_i9a2_l01_r0000fe03_c0000d565,ov_i9a2_l01_r0000fe03_c0000d565,ov_i9a2_l01_r0000fe03_c0000d565,ov_i9a2_l01_r0000fe03_c0000d565,ov_i9a2_l01_r0000fe03_c0000d565
147,Name,Ov_i9A2_L01_R0000FE03_C0000D566,ov_i9a2_l01_r0000fe03_c0000d566,ov_i9a2_l01_r0000fe03_c0000d566,ov_i9a2_l01_r0000fe03_c0000d566,ov_i9a2_l01_r0000fe03_c0000d566,ov_i9a2_l01_r0000fe03_c0000d566,ov_i9a2_l01_r0000fe03_c0000d566
148,Name,Ov_i9A2_L01_R0000FE04_C0000D562,ov_i9a2_l01_r0000fe04_c0000d562,ov_i9a2_l01_r0000fe04_c0000d562,ov_i9a2_l01_r0000fe04_c0000d562,ov_i9a2_l01_r0000fe04_c0000d562,ov_i9a2_l01_r0000fe04_c0000d562,ov_i9a2_l01_r0000fe04_c0000d562
149,Name,Ov_i9A2_L01_R0000FE04_C0000D565,ov_i9a2_l01_r0000fe04_c0000d565,ov_i9a2_l01_r0000fe04_c0000d565,ov_i9a2_l01_r0000fe04_c0000d565,ov_i9a2_l01_r0000fe04_c0000d565,ov_i9a2_l01_r0000fe04_c0000d565,ov_i9a2_l01_r0000fe04_c0000d565
150,Name,Ov_i9A2_L01_R0000FE04_C0000D566,ov_i9a2_l01_r0000fe04_c0000d566,ov_i9a2_l01_r0000fe04_c0000d566,ov_i9a2_l01_r0000fe04_c0000d566,ov_i9a2_l01_r0000fe04_c0000d566,ov_i9a2_l01_r0000fe04_c0000d566,ov_i9a2_l01_r0000fe04_c0000d566
151,Name,Ov_i9A2_L01_R0000FE05_C0000D566,ov_i9a2_l01_r0000fe05_c0000d566,ov_i9a2_l01_r0000fe05_c0000d566,ov_i9a2_l01_r0000fe05_c0000d566,ov_i9a2_l01_r0000fe05_c0000d566,ov_i9a2_l01_r0000fe05_c0000d566,ov_i9a2_l01_r0000fe05_c0000d566
152,Name,Ov_i9A2_L01_R0000FE05_C0000D562,ov_i9a2_l01_r0000fe05_c0000d562,ov_i9a2_l01_r0000fe05_c0000d562,ov_i9a2_l01_r0000fe05_c0000d562,ov_i9a2_l01_r0000fe05_c0000d562,ov_i9a2_l01_r0000fe05_c0000d562,ov_i9a2_l01_r0000fe05_c0000d562
153,Name,Ov_i9A2_L01_R0000FE05_C0000D563,ov_i9a2_l01_r0000fe05_c0000d563,ov_i9a2_l01_r0000fe05_c0000d563,ov_i9a2_l01_r0000fe05_c0000d563,ov_i9a2_l01_r0000fe05_c0000d563,ov_i9a2_l01_r0000fe05_c0000d563,ov_i9a2_l01_r0000fe05_c0000d563
154,Name,Ov_i9A2_L01_R0000FE02_C0000D57E,ov_i9a2_l01_r0000fe02_c0000d57e,ov_i9a2_l01_r0000fe02_c0000d57e,ov_i9a2_l01_r0000fe02_c0000d57e,ov_i9a2_l01_r0000fe02_c0000d57e,ov_i9a2_l01_r0000fe02_c0000d57e,ov_i9a2_l01_r0000fe02_c0000d57e
155,Name,Ov_i9A2_L01_R0000FE02_C0000D57F,ov_i9a2_l01_r0000fe02_c0000d57f,ov_i9a2_l01_r0000fe02_c0000d57f,ov_i9a2_l01_r0000fe02_c0000d57f,ov_i9a2_l01_r0000fe02_c0000d57f,ov_i9a2_l01_r0000fe02_c0000d57f,ov_i9a2_l01_r0000fe02_c0000d57f
156,Name,Ov_i9A2_L01_R0000FDFF_C0000D580,ov_i9a2_l01_r0000fdff_c0000d580,ov_i9a2_l01_r0000fdff_c0000d580,ov_i9a2_l01_r0000fdff_c0000d580,ov_i9a2_l01_r0000fdff_c0000d580,ov_i9a2_l01_r0000fdff_c0000d580,ov_i9a2_l01_r0000fdff_c0000d580
157,Name,Ov_i9A2_L01_R0000FE00_C0000D57F,ov_i9a2_l01_r0000fe00_c0000d57f,ov_i9a2_l01_r0000fe00_c0000d57f,ov_i9a2_l01_r0000fe00_c0000d57f,ov_i9a2_l01_r0000fe00_c0000d57f,ov_i9a2_l01_r0000fe00_c0000d57f,ov_i9a2_l01_r0000fe00_c0000d57f
158,Name,Ov_i9A2_L01_R0000FE00_C0000D580,ov_i9a2_l01_r0000fe00_c0000d580,ov_i9a2_l01_r0000fe00_c0000d580,ov_i9a2_l01_r0000fe00_c0000d580,ov_i9a2_l01_r0000fe00_c0000d580,ov_i9a2_l01_r0000fe00_c0000d580,ov_i9a2_l01_r0000fe00_c0000d580
159,Name,Ov_i9A2_L01_R0000FE00_C0000D581,ov_i9a2_l01_r0000fe00_c0000d581,ov_i9a2_l01_r0000fe00_c0000d581,ov_i9a2_l01_r0000fe00_c0000d581,ov_i9a2_l01_r0000fe00_c0000d581,ov_i9a2_l01_r0000fe00_c0000d581,ov_i9a2_l01_r0000fe00_c0000d581
160,Name,Ov_i9A2_L01_R0000FE01_C0000D57F,ov_i9a2_l01_r0000fe01_c0000d57f,ov_i9a2_l01_r0000fe01_c0000d57f,ov_i9a2_l01_r0000fe01_c0000d57f,ov_i9a2_l01_r0000fe01_c0000d57f,ov_i9a2_l01_r0000fe01_c0000d57f,ov_i9a2_l01_r0000fe01_c0000d57f
161,Name,Ov_i9A2_L01_R0000FE01_C0000D580,ov_i9a2_l01_r0000fe01_c0000d580,ov_i9a2_l01_r0000fe01_c0000d580,ov_i9a2_l01_r0000fe01_c0000d580,ov_i9a2_l01_r0000fe01_c0000d580,ov_i9a2_l01_r0000fe01_c0000d580,ov_i9a2_l01_r0000fe01_c0000d580
162,Name,Ov_i9A2_L01_R0000FE01_C0000D581,ov_i9a2_l01_r0000fe01_c0000d581,ov_i9a2_l01_r0000fe01_c0000d581,ov_i9a2_l01_r0000fe01_c0000d581,ov_i9a2_l01_r0000fe01_c0000d581,ov_i9a2_l01_r0000fe01_c0000d581,ov_i9a2_l01_r0000fe01_c0000d581
163,Name,Ov_i9A2_L01_R0000FDFF_C0000D53D,ov_i9a2_l01_r0000fdff_c0000d53d,ov_i9a2_l01_r0000fdff_c0000d53d,ov_i9a2_l01_r0000fdff_c0000d53d,ov_i9a2_l01_r0000fdff_c0000d53d,ov_i9a2_l01_r0000fdff_c0000d53d,ov_i9a2_l01_r0000fdff_c0000d53d
164,Name,Ov_i9A2_L01_R0000FDFF_C0000D53E,ov_i9a2_l01_r0000fdff_c0000d53e,ov_i9a2_l01_r0000fdff_c0000d53e,ov_i9a2_l01_r0000fdff_c0000d53e,ov_i9a2_l01_r0000fdff_c0000d53e,ov_i9a2_l01_r0000fdff_c0000d53e,ov_i9a2_l01_r0000fdff_c0000d53e
165,Name,Ov_i9A2_L01_R0000FE00_C0000D53E,ov_i9a2_l01_r0000fe00_c0000d53e,ov_i9a2_l01_r0000fe00_c0000d53e,ov_i9a2_l01_r0000fe00_c0000d53e,ov_i9a2_l01_r0000fe00_c0000d53e,ov_i9a2_l01_r0000fe00_c0000d53e,ov_i9a2_l01_r0000fe00_c0000d53e
166,Name,Ov_i9A2_L01_R0000FDFE_C0000D582,ov_i9a2_l01_r0000fdfe_c0000d582,ov_i9a2_l01_r0000fdfe_c0000d582,ov_i9a2_l01_r0000fdfe_c0000d582,ov_i9a2_l01_r0000fdfe_c0000d582,ov_i9a2_l01_r0000fdfe_c0000d582,ov_i9a2_l01_r0000fdfe_c0000d582
167,Name,Ov_i9A2_L01_R0000FDFF_C0000D582,ov_i9a2_l01_r0000fdff_c0000d582,ov_i9a2_l01_r0000fdff_c0000d582,ov_i9a2_l01_r0000fdff_c0000d582,ov_i9a2_l01_r0000fdff_c0000d582,ov_i9a2_l01_r0000fdff_c0000d582,ov_i9a2_l01_r0000fdff_c0000d582
168,Name,Ov_i9A2_L01_R0000FDFF_C0000D583,ov_i9a2_l01_r0000fdff_c0000d583,ov_i9a2_l01_r0000fdff_c0000d583,ov_i9a2_l01_r0000fdff_c0000d583,ov_i9a2_l01_r0000fdff_c0000d583,ov_i9a2_l01_r0000fdff_c0000d583,ov_i9a2_l01_r0000fdff_c0000d583
169,Name,Ov_i9A2_L01_R0000FE00_C0000D583,ov_i9a2_l01_r0000fe00_c0000d583,ov_i9a2_l01_r0000fe00_c0000d583,ov_i9a2_l01_r0000fe00_c0000d583,ov_i9a2_l01_r0000fe00_c0000d583,ov_i9a2_l01_r0000fe00_c0000d583,ov_i9a2_l01_r0000fe00_c0000d583
170,Name,Ov_i9A2_L01_R0000FDFE_C0000D53C,ov_i9a2_l01_r0000fdfe_c0000d53c,ov_i9a2_l01_r0000fdfe_c0000d53c,ov_i9a2_l01_r0000fdfe_c0000d53c,ov_i9a2_l01_r0000fdfe_c0000d53c,ov_i9a2_l01_r0000fdfe_c0000d53c,ov_i9a2_l01_r0000fdfe_c0000d53c
171,Name,Ov_i9A2_L01_R0000FDFE_C0000D53D,ov_i9a2_l01_r0000fdfe_c0000d53d,ov_i9a2_l01_r0000fdfe_c0000d53d,ov_i9a2_l01_r0000fdfe_c0000d53d,ov_i9a2_l01_r0000fdfe_c0000d53d,ov_i9a2_l01_r0000fdfe_c0000d53d,ov_i9a2_l01_r0000fdfe_c0000d53d
172,Name,Ov_i9A2_L01_R0000FDFC_C0000D53A,ov_i9a2_l01_r0000fdfc_c0000d53a,ov_i9a2_l01_r0000fdfc_c0000d53a,ov_i9a2_l01_r0000fdfc_c0000d53a,ov_i9a2_l01_r0000fdfc_c0000d53a,ov_i9a2_l01_r0000fdfc_c0000d53a,ov_i9a2_l01_r0000fdfc_c0000d53a
173,Name,Ov_i9A2_L01_R0000FDFC_C0000D53B,ov_i9a2_l01_r0000fdfc_c0000d53b,ov_i9a2_l01_r0000fdfc_c0000d53b,ov_i9a2_l01_r0000fdfc_c0000d53b,ov_i9a2_l01_r0000fdfc_c0000d53b,ov_i9a2_l01_r0000fdfc_c0000d53b,ov_i9a2_l01_r0000fdfc_c0000d53b
174,Name,Ov_i9A2_L01_R0000FDFD_C0000D53B,ov_i9a2_l01_r0000fdfd_c0000d53b,ov_i9a2_l01_r0000fdfd_c0000d53b,ov_i9a2_l01_r0000fdfd_c0000d53b,ov_i9a2_l01_r0000fdfd_c0000d53b,ov_i9a2_l01_r0000fdfd_c0000d53b,ov_i9a2_l01_r0000fdfd_c0000d53b
175,Name,Ov_i9A2_L01_R0000FDFD_C0000D53C,ov_i9a2_l01_r0000fdfd_c0000d53c,ov_i9a2_l01_r0000fdfd_c0000d53c,ov_i9a2_l01_r0000fdfd_c0000d53c,ov_i9a2_l01_r0000fdfd_c0000d53c,ov_i9a2_l01_r0000fdfd_c0000d53c,ov_i9a2_l01_r0000fdfd_c0000d53c
176,Name,Ov_i9A2_L01_R0000FDF8_C0000D53C,ov_i9a2_l01_r0000fdf8_c0000d53c,ov_i9a2_l01_r0000fdf8_c0000d53c,ov_i9a2_l01_r0000fdf8_c0000d53c,ov_i9a2_l01_r0000fdf8_c0000d53c,ov_i9a2_l01_r0000fdf8_c0000d53c,ov_i9a2_l01_r0000fdf8_c0000d53c
177,Name,Ov_i9A2_L01_R0000FDF8_C0000D53D,ov_i9a2_l01_r0000fdf8_c0000d53d,ov_i9a2_l01_r0000fdf8_c0000d53d,ov_i9a2_l01_r0000fdf8_c0000d53d,ov_i9a2_l01_r0000fdf8_c0000d53d,ov_i9a2_l01_r0000fdf8_c0000d53d,ov_i9a2_l01_r0000fdf8_c0000d53d
178,Name,Ov_i9A2_L01_R0000FDF9_C0000D53D,ov_i9a2_l01_r0000fdf9_c0000d53d,ov_i9a2_l01_r0000fdf9_c0000d53d,ov_i9a2_l01_r0000fdf9_c0000d53d,ov_i9a2_l01_r0000fdf9_c0000d53d,ov_i9a2_l01_r0000fdf9_c0000d53d,ov_i9a2_l01_r0000fdf9_c0000d53d
179,Name,Ov_i9A2_L01_R0000FDFA_C0000D53D,ov_i9a2_l01_r0000fdfa_c0000d53d,ov_i9a2_l01_r0000fdfa_c0000d53d,ov_i9a2_l01_r0000fdfa_c0000d53d,ov_i9a2_l01_r0000fdfa_c0000d53d,ov_i9a2_l01_r0000fdfa_c0000d53d,ov_i9a2_l01_r0000fdfa_c0000d53d
180,Name,Ov_i9A2_L01_R0000FDFA_C0000D53E,ov_i9a2_l01_r0000fdfa_c0000d53e,ov_i9a2_l01_r0000fdfa_c0000d53e,ov_i9a2_l01_r0000fdfa_c0000d53e,ov_i9a2_l01_r0000fdfa_c0000d53e,ov_i9a2_l01_r0000fdfa_c0000d53e,ov_i9a2_l01_r0000fdfa_c0000d53e
181,Name,Ov_i9A2_L01_R0000FDFB_C0000D53D,ov_i9a2_l01_r0000fdfb_c0000d53d,ov_i9a2_l01_r0000fdfb_c0000d53d,ov_i9a2_l01_r0000fdfb_c0000d53d,ov_i9a2_l01_r0000fdfb_c0000d53d,ov_i9a2_l01_r0000fdfb_c0000d53d,ov_i9a2_l01_r0000fdfb_c0000d53d
182,Name,Ov_i9A2_L01_R0000FDFB_C0000D53E,ov_i9a2_l01_r0000fdfb_c0000d53e,ov_i9a2_l01_r0000fdfb_c0000d53e,ov_i9a2_l01_r0000fdfb_c0000d53e,ov_i9a2_l01_r0000fdfb_c0000d53e,ov_i9a2_l01_r0000fdfb_c0000d53e,ov_i9a2_l01_r0000fdfb_c0000d53e
183,Name,Ov_i9A2_L01_R0000FDFC_C0000D53E,ov_i9a2_l01_r0000fdfc_c0000d53e,ov_i9a2_l01_r0000fdfc_c0000d53e,ov_i9a2_l01_r0000fdfc_c0000d53e,ov_i9a2_l01_r0000fdfc_c0000d53e,ov_i9a2_l01_r0000fdfc_c0000d53e,ov_i9a2_l01_r0000fdfc_c0000d53e
184,Name,Ov_i9A2_L01_R0000FDF6_C0000D535,ov_i9a2_l01_r0000fdf6_c0000d535,ov_i9a2_l01_r0000fdf6_c0000d535,ov_i9a2_l01_r0000fdf6_c0000d535,ov_i9a2_l01_r0000fdf6_c0000d535,ov_i9a2_l01_r0000fdf6_c0000d535,ov_i9a2_l01_r0000fdf6_c0000d535
185,Name,Ov_i9A2_L01_R0000FDF7_C0000D535,ov_i9a2_l01_r0000fdf7_c0000d535,ov_i9a2_l01_r0000fdf7_c0000d535,ov_i9a2_l01_r0000fdf7_c0000d535,ov_i9a2_l01_r0000fdf7_c0000d535,ov_i9a2_l01_r0000fdf7_c0000d535,ov_i9a2_l01_r0000fdf7_c0000d535
186,Name,Ov_i9A2_L01_R0000FDF7_C0000D536,ov_i9a2_l01_r0000fdf7_c0000d536,ov_i9a2_l01_r0000fdf7_c0000d536,ov_i9a2_l01_r0000fdf7_c0000d536,ov_i9a2_l01_r0000fdf7_c0000d536,ov_i9a2_l01_r0000fdf7_c0000d536,ov_i9a2_l01_r0000fdf7_c0000d536
187,Name,Ov_i9A2_L01_R0000FDF7_C0000D537,ov_i9a2_l01_r0000fdf7_c0000d537,ov_i9a2_l01_r0000fdf7_c0000d537,ov_i9a2_l01_r0000fdf7_c0000d537,ov_i9a2_l01_r0000fdf7_c0000d537,ov_i9a2_l01_r0000fdf7_c0000d537,ov_i9a2_l01_r0000fdf7_c0000d537
188,Name,Ov_i9A2_L01_R0000FDF8_C0000D537,ov_i9a2_l01_r0000fdf8_c0000d537,ov_i9a2_l01_r0000fdf8_c0000d537,ov_i9a2_l01_r0000fdf8_c0000d537,ov_i9a2_l01_r0000fdf8_c0000d537,ov_i9a2_l01_r0000fdf8_c0000d537,ov_i9a2_l01_r0000fdf8_c0000d537
189,Name,Ov_i9A2_L01_R0000FDF8_C0000D538,ov_i9a2_l01_r0000fdf8_c0000d538,ov_i9a2_l01_r0000fdf8_c0000d538,ov_i9a2_l01_r0000fdf8_c0000d538,ov_i9a2_l01_r0000fdf8_c0000d538,ov_i9a2_l01_r0000fdf8_c0000d538,ov_i9a2_l01_r0000fdf8_c0000d538
190,Name,Ov_i9A2_L01_R0000FDF9_C0000D538,ov_i9a2_l01_r0000fdf9_c0000d538,ov_i9a2_l01_r0000fdf9_c0000d538,ov_i9a2_l01_r0000fdf9_c0000d538,ov_i9a2_l01_r0000fdf9_c0000d538,ov_i9a2_l01_r0000fdf9_c0000d538,ov_i9a2_l01_r0000fdf9_c0000d538
191,Name,Ov_i9A2_L01_R0000FDF9_C0000D539,ov_i9a2_l01_r0000fdf9_c0000d539,ov_i9a2_l01_r0000fdf9_c0000d539,ov_i9a2_l01_r0000fdf9_c0000d539,ov_i9a2_l01_r0000fdf9_c0000d539,ov_i9a2_l01_r0000fdf9_c0000d539,ov_i9a2_l01_r0000fdf9_c0000d539
192,Name,Ov_i9A2_L01_R0000FDFA_C0000D539,ov_i9a2_l01_r0000fdfa_c0000d539,ov_i9a2_l01_r0000fdfa_c0000d539,ov_i9a2_l01_r0000fdfa_c0000d539,ov_i9a2_l01_r0000fdfa_c0000d539,ov_i9a2_l01_r0000fdfa_c0000d539,ov_i9a2_l01_r0000fdfa_c0000d539
193,Name,Ov_i9A2_L01_R0000FDFB_C0000D53A,ov_i9a2_l01_r0000fdfb_c0000d53a,ov_i9a2_l01_r0000fdfb_c0000d53a,ov_i9a2_l01_r0000fdfb_c0000d53a,ov_i9a2_l01_r0000fdfb_c0000d53a,ov_i9a2_l01_r0000fdfb_c0000d53a,ov_i9a2_l01_r0000fdfb_c0000d53a
194,Name,Ov_i9A2_L01_R0000FDF4_C0000D51F,ov_i9a2_l01_r0000fdf4_c0000d51f,ov_i9a2_l01_r0000fdf4_c0000d51f,ov_i9a2_l01_r0000fdf4_c0000d51f,ov_i9a2_l01_r0000fdf4_c0000d51f,ov_i9a2_l01_r0000fdf4_c0000d51f,ov_i9a2_l01_r0000fdf4_c0000d51f
195,Name,Ov_i9A2_L01_R0000FDF4_C0000D520,ov_i9a2_l01_r0000fdf4_c0000d520,ov_i9a2_l01_r0000fdf4_c0000d520,ov_i9a2_l01_r0000fdf4_c0000d520,ov_i9a2_l01_r0000fdf4_c0000d520,ov_i9a2_l01_r0000fdf4_c0000d520,ov_i9a2_l01_r0000fdf4_c0000d520
196,Name,Ov_i9A2_L01_R0000FDF4_C0000D521,ov_i9a2_l01_r0000fdf4_c0000d521,ov_i9a2_l01_r0000fdf4_c0000d521,ov_i9a2_l01_r0000fdf4_c0000d521,ov_i9a2_l01_r0000fdf4_c0000d521,ov_i9a2_l01_r0000fdf4_c0000d521,ov_i9a2_l01_r0000fdf4_c0000d521
197,Name,Ov_i9A2_L01_R0000FDF4_C0000D522,ov_i9a2_l01_r0000fdf4_c0000d522,ov_i9a2_l01_r0000fdf4_c0000d522,ov_i9a2_l01_r0000fdf4_c0000d522,ov_i9a2_l01_r0000fdf4_c0000d522,ov_i9a2_l01_r0000fdf4_c0000d522,ov_i9a2_l01_r0000fdf4_c0000d522
198,Name,Ov_i9A2_L01_R0000FDF4_C0000D523,ov_i9a2_l01_r0000fdf4_c0000d523,ov_i9a2_l01_r0000fdf4_c0000d523,ov_i9a2_l01_r0000fdf4_c0000d523,ov_i9a2_l01_r0000fdf4_c0000d523,ov_i9a2_l01_r0000fdf4_c0000d523,ov_i9a2_l01_r0000fdf4_c0000d523
199,Name,Ov_i9A2_L01_R0000FDF5_C0000D51A,ov_i9a2_l01_r0000fdf5_c0000d51a,ov_i9a2_l01_r0000fdf5_c0000d51a,ov_i9a2_l01_r0000fdf5_c0000d51a,ov_i9a2_l01_r0000fdf5_c0000d51a,ov_i9a2_l01_r0000fdf5_c0000d51a,ov_i9a2_l01_r0000fdf5_c0000d51a
200,Name,Ov_i9A2_L01_R0000FDF5_C0000D51B,ov_i9a2_l01_r0000fdf5_c0000d51b,ov_i9a2_l01_r0000fdf5_c0000d51b,ov_i9a2_l01_r0000fdf5_c0000d51b,ov_i9a2_l01_r0000fdf5_c0000d51b,ov_i9a2_l01_r0000fdf5_c0000d51b,ov_i9a2_l01_r0000fdf5_c0000d51b
201,Name,Ov_i9A2_L01_R0000FDF5_C0000D51C,ov_i9a2_l01_r0000fdf5_c0000d51c,ov_i9a2_l01_r0000fdf5_c0000d51c,ov_i9a2_l01_r0000fdf5_c0000d51c,ov_i9a2_l01_r0000fdf5_c0000d51c,ov_i9a2_l01_r0000fdf5_c0000d51c,ov_i9a2_l01_r0000fdf5_c0000d51c
202,Name,Ov_i9A2_L01_R0000FDF5_C0000D51D,ov_i9a2_l01_r0000fdf5_c0000d51d,ov_i9a2_l01_r0000fdf5_c0000d51d,ov_i9a2_l01_r0000fdf5_c0000d51d,ov_i9a2_l01_r0000fdf5_c0000d51d,ov_i9a2_l01_r0000fdf5_c0000d51d,ov_i9a2_l01_r0000fdf5_c0000d51d
203,Name,Ov_i9A2_L01_R0000FDF5_C0000D51E,ov_i9a2_l01_r0000fdf5_c0000d51e,ov_i9a2_l01_r0000fdf5_c0000d51e,ov_i9a2_l01_r0000fdf5_c0000d51e,ov_i9a2_l01_r0000fdf5_c0000d51e,ov_i9a2_l01_r0000fdf5_c0000d51e,ov_i9a2_l01_r0000fdf5_c0000d51e
204,Name,Ov_i9A2_L01_R0000FDF5_C0000D51F,ov_i9a2_l01_r0000fdf5_c0000d51f,ov_i9a2_l01_r0000fdf5_c0000d51f,ov_i9a2_l01_r0000fdf5_c0000d51f,ov_i9a2_l01_r0000fdf5_c0000d51f,ov_i9a2_l01_r0000fdf5_c0000d51f,ov_i9a2_l01_r0000fdf5_c0000d51f
205,Name,Ov_i9A2_L01_R0000FDF5_C0000D520,ov_i9a2_l01_r0000fdf5_c0000d520,ov_i9a2_l01_r0000fdf5_c0000d520,ov_i9a2_l01_r0000fdf5_c0000d520,ov_i9a2_l01_r0000fdf5_c0000d520,ov_i9a2_l01_r0000fdf5_c0000d520,ov_i9a2_l01_r0000fdf5_c0000d520
206,Name,Ov_i9A2_L01_R0000FDF5_C0000D521,ov_i9a2_l01_r0000fdf5_c0000d521,ov_i9a2_l01_r0000fdf5_c0000d521,ov_i9a2_l01_r0000fdf5_c0000d521,ov_i9a2_l01_r0000fdf5_c0000d521,ov_i9a2_l01_r0000fdf5_c0000d521,ov_i9a2_l01_r0000fdf5_c0000d521
207,Name,Ov_i9A2_L01_R0000FDF5_C0000D522,ov_i9a2_l01_r0000fdf5_c0000d522,ov_i9a2_l01_r0000fdf5_c0000d522,ov_i9a2_l01_r0000fdf5_c0000d522,ov_i9a2_l01_r0000fdf5_c0000d522,ov_i9a2_l01_r0000fdf5_c0000d522,ov_i9a2_l01_r0000fdf5_c0000d522
208,Name,Ov_i9A2_L01_R0000FDF5_C0000D523,ov_i9a2_l01_r0000fdf5_c0000d523,ov_i9a2_l01_r0000fdf5_c0000d523,ov_i9a2_l01_r0000fdf5_c0000d523,ov_i9a2_l01_r0000fdf5_c0000d523,ov_i9a2_l01_r0000fdf5_c0000d523,ov_i9a2_l01_r0000fdf5_c0000d523
209,Name,Ov_i9A2_L01_R0000FDF5_C0000D524,ov_i9a2_l01_r0000fdf5_c0000d524,ov_i9a2_l01_r0000fdf5_c0000d524,ov_i9a2_l01_r0000fdf5_c0000d524,ov_i9a2_l01_r0000fdf5_c0000d524,ov_i9a2_l01_r0000fdf5_c0000d524,ov_i9a2_l01_r0000fdf5_c0000d524
210,Name,Ov_i9A2_L01_R0000FDF5_C0000D525,ov_i9a2_l01_r0000fdf5_c0000d525,ov_i9a2_l01_r0000fdf5_c0000d525,ov_i9a2_l01_r0000fdf5_c0000d525,ov_i9a2_l01_r0000fdf5_c0000d525,ov_i9a2_l01_r0000fdf5_c0000d525,ov_i9a2_l01_r0000fdf5_c0000d525
211,Name,Ov_i9A2_L01_R0000FDF6_C0000D515,ov_i9a2_l01_r0000fdf6_c0000d515,ov_i9a2_l01_r0000fdf6_c0000d515,ov_i9a2_l01_r0000fdf6_c0000d515,ov_i9a2_l01_r0000fdf6_c0000d515,ov_i9a2_l01_r0000fdf6_c0000d515,ov_i9a2_l01_r0000fdf6_c0000d515
212,Name,Ov_i9A2_L01_R0000FDF6_C0000D516,ov_i9a2_l01_r0000fdf6_c0000d516,ov_i9a2_l01_r0000fdf6_c0000d516,ov_i9a2_l01_r0000fdf6_c0000d516,ov_i9a2_l01_r0000fdf6_c0000d516,ov_i9a2_l01_r0000fdf6_c0000d516,ov_i9a2_l01_r0000fdf6_c0000d516
213,Name,Ov_i9A2_L01_R0000FDF6_C0000D517,ov_i9a2_l01_r0000fdf6_c0000d517,ov_i9a2_l01_r0000fdf6_c0000d517,ov_i9a2_l01_r0000fdf6_c0000d517,ov_i9a2_l01_r0000fdf6_c0000d517,ov_i9a2_l01_r0000fdf6_c0000d517,ov_i9a2_l01_r0000fdf6_c0000d517
214,Name,Ov_i9A2_L01_R0000FDF6_C0000D518,ov_i9a2_l01_r0000fdf6_c0000d518,ov_i9a2_l01_r0000fdf6_c0000d518,ov_i9a2_l01_r0000fdf6_c0000d518,ov_i9a2_l01_r0000fdf6_c0000d518,ov_i9a2_l01_r0000fdf6_c0000d518,ov_i9a2_l01_r0000fdf6_c0000d518
215,Name,Ov_i9A2_L01_R0000FDF6_C0000D519,ov_i9a2_l01_r0000fdf6_c0000d519,ov_i9a2_l01_r0000fdf6_c0000d519,ov_i9a2_l01_r0000fdf6_c0000d519,ov_i9a2_l01_r0000fdf6_c0000d519,ov_i9a2_l01_r0000fdf6_c0000d519,ov_i9a2_l01_r0000fdf6_c0000d519
216,Name,Ov_i9A2_L01_R0000FDF6_C0000D51A,ov_i9a2_l01_r0000fdf6_c0000d51a,ov_i9a2_l01_r0000fdf6_c0000d51a,ov_i9a2_l01_r0000fdf6_c0000d51a,ov_i9a2_l01_r0000fdf6_c0000d51a,ov_i9a2_l01_r0000fdf6_c0000d51a,ov_i9a2_l01_r0000fdf6_c0000d51a
217,Name,Ov_i9A2_L01_R0000FDF6_C0000D51B,ov_i9a2_l01_r0000fdf6_c0000d51b,ov_i9a2_l01_r0000fdf6_c0000d51b,ov_i9a2_l01_r0000fdf6_c0000d51b,ov_i9a2_l01_r0000fdf6_c0000d51b,ov_i9a2_l01_r0000fdf6_c0000d51b,ov_i9a2_l01_r0000fdf6_c0000d51b
218,Name,Ov_i9A2_L01_R0000FDF6_C0000D51C,ov_i9a2_l01_r0000fdf6_c0000d51c,ov_i9a2_l01_r0000fdf6_c0000d51c,ov_i9a2_l01_r0000fdf6_c0000d51c,ov_i9a2_l01_r0000fdf6_c0000d51c,ov_i9a2_l01_r0000fdf6_c0000d51c,ov_i9a2_l01_r0000fdf6_c0000d51c
219,Name,Ov_i9A2_L01_R0000FDF6_C0000D51D,ov_i9a2_l01_r0000fdf6_c0000d51d,ov_i9a2_l01_r0000fdf6_c0000d51d,ov_i9a2_l01_r0000fdf6_c0000d51d,ov_i9a2_l01_r0000fdf6_c0000d51d,ov_i9a2_l01_r0000fdf6_c0000d51d,ov_i9a2_l01_r0000fdf6_c0000d51d
220,Name,Ov_i9A2_L01_R0000FDF6_C0000D51E,ov_i9a2_l01_r0000fdf6_c0000d51e,ov_i9a2_l01_r0000fdf6_c0000d51e,ov_i9a2_l01_r0000fdf6_c0000d51e,ov_i9a2_l01_r0000fdf6_c0000d51e,ov_i9a2_l01_r0000fdf6_c0000d51e,ov_i9a2_l01_r0000fdf6_c0000d51e
221,Name,Ov_i9A2_L01_R0000FDF6_C0000D51F,ov_i9a2_l01_r0000fdf6_c0000d51f,ov_i9a2_l01_r0000fdf6_c0000d51f,ov_i9a2_l01_r0000fdf6_c0000d51f,ov_i9a2_l01_r0000fdf6_c0000d51f,ov_i9a2_l01_r0000fdf6_c0000d51f,ov_i9a2_l01_r0000fdf6_c0000d51f
222,Name,Ov_i9A2_L01_R0000FDF6_C0000D520,ov_i9a2_l01_r0000fdf6_c0000d520,ov_i9a2_l01_r0000fdf6_c0000d520,ov_i9a2_l01_r0000fdf6_c0000d520,ov_i9a2_l01_r0000fdf6_c0000d520,ov_i9a2_l01_r0000fdf6_c0000d520,ov_i9a2_l01_r0000fdf6_c0000d520
223,Name,Ov_i9A2_L01_R0000FDF6_C0000D521,ov_i9a2_l01_r0000fdf6_c0000d521,ov_i9a2_l01_r0000fdf6_c0000d521,ov_i9a2_l01_r0000fdf6_c0000d521,ov_i9a2_l01_r0000fdf6_c0000d521,ov_i9a2_l01_r0000fdf6_c0000d521,ov_i9a2_l01_r0000fdf6_c0000d521
224,Name,Ov_i9A2_L01_R0000FDF6_C0000D522,ov_i9a2_l01_r0000fdf6_c0000d522,ov_i9a2_l01_r0000fdf6_c0000d522,ov_i9a2_l01_r0000fdf6_c0000d522,ov_i9a2_l01_r0000fdf6_c0000d522,ov_i9a2_l01_r0000fdf6_c0000d522,ov_i9a2_l01_r0000fdf6_c0000d522
225,Name,Ov_i9A2_L01_R0000FDF6_C0000D523,ov_i9a2_l01_r0000fdf6_c0000d523,ov_i9a2_l01_r0000fdf6_c0000d523,ov_i9a2_l01_r0000fdf6_c0000d523,ov_i9a2_l01_r0000fdf6_c0000d523,ov_i9a2_l01_r0000fdf6_c0000d523,ov_i9a2_l01_r0000fdf6_c0000d523
226,Name,Ov_i9A2_L01_R0000FDF6_C0000D524,ov_i9a2_l01_r0000fdf6_c0000d524,ov_i9a2_l01_r0000fdf6_c0000d524,ov_i9a2_l01_r0000fdf6_c0000d524,ov_i9a2_l01_r0000fdf6_c0000d524,ov_i9a2_l01_r0000fdf6_c0000d524,ov_i9a2_l01_r0000fdf6_c0000d524
227,Name,Ov_i9A2_L01_R0000FDF6_C0000D525,ov_i9a2_l01_r0000fdf6_c0000d525,ov_i9a2_l01_r0000fdf6_c0000d525,ov_i9a2_l01_r0000fdf6_c0000d525,ov_i9a2_l01_r0000fdf6_c0000d525,ov_i9a2_l01_r0000fdf6_c0000d525,ov_i9a2_l01_r0000fdf6_c0000d525
228,Name,Ov_i9A2_L01_R0000FDF6_C0000D526,ov_i9a2_l01_r0000fdf6_c0000d526,ov_i9a2_l01_r0000fdf6_c0000d526,ov_i9a2_l01_r0000fdf6_c0000d526,ov_i9a2_l01_r0000fdf6_c0000d526,ov_i9a2_l01_r0000fdf6_c0000d526,ov_i9a2_l01_r0000fdf6_c0000d526
229,Name,Ov_i9A2_L01_R0000FDF6_C0000D530,ov_i9a2_l01_r0000fdf6_c0000d530,ov_i9a2_l01_r0000fdf6_c0000d530,ov_i9a2_l01_r0000fdf6_c0000d530,ov_i9a2_l01_r0000fdf6_c0000d530,ov_i9a2_l01_r0000fdf6_c0000d530,ov_i9a2_l01_r0000fdf6_c0000d530
230,Name,Ov_i9A2_L01_R0000FDF6_C0000D531,ov_i9a2_l01_r0000fdf6_c0000d531,ov_i9a2_l01_r0000fdf6_c0000d531,ov_i9a2_l01_r0000fdf6_c0000d531,ov_i9a2_l01_r0000fdf6_c0000d531,ov_i9a2_l01_r0000fdf6_c0000d531,ov_i9a2_l01_r0000fdf6_c0000d531
231,Name,Ov_i9A2_L01_R0000FDF6_C0000D532,ov_i9a2_l01_r0000fdf6_c0000d532,ov_i9a2_l01_r0000fdf6_c0000d532,ov_i9a2_l01_r0000fdf6_c0000d532,ov_i9a2_l01_r0000fdf6_c0000d532,ov_i9a2_l01_r0000fdf6_c0000d532,ov_i9a2_l01_r0000fdf6_c0000d532
232,Name,Ov_i9A2_L01_R0000FDF6_C0000D533,ov_i9a2_l01_r0000fdf6_c0000d533,ov_i9a2_l01_r0000fdf6_c0000d533,ov_i9a2_l01_r0000fdf6_c0000d533,ov_i9a2_l01_r0000fdf6_c0000d533,ov_i9a2_l01_r0000fdf6_c0000d533,ov_i9a2_l01_r0000fdf6_c0000d533
233,Name,Ov_i9A2_L01_R0000FDF6_C0000D534,ov_i9a2_l01_r0000fdf6_c0000d534,ov_i9a2_l01_r0000fdf6_c0000d534,ov_i9a2_l01_r0000fdf6_c0000d534,ov_i9a2_l01_r0000fdf6_c0000d534,ov_i9a2_l01_r0000fdf6_c0000d534,ov_i9a2_l01_r0000fdf6_c0000d534
234,Name,Ov_i9A2_L01_R0000FDF7_C0000D512,ov_i9a2_l01_r0000fdf7_c0000d512,ov_i9a2_l01_r0000fdf7_c0000d512,ov_i9a2_l01_r0000fdf7_c0000d512,ov_i9a2_l01_r0000fdf7_c0000d512,ov_i9a2_l01_r0000fdf7_c0000d512,ov_i9a2_l01_r0000fdf7_c0000d512
235,Name,Ov_i9A2_L01_R0000FDF7_C0000D513,ov_i9a2_l01_r0000fdf7_c0000d513,ov_i9a2_l01_r0000fdf7_c0000d513,ov_i9a2_l01_r0000fdf7_c0000d513,ov_i9a2_l01_r0000fdf7_c0000d513,ov_i9a2_l01_r0000fdf7_c0000d513,ov_i9a2_l01_r0000fdf7_c0000d513
236,Name,Ov_i9A2_L01_R0000FDF7_C0000D514,ov_i9a2_l01_r0000fdf7_c0000d514,ov_i9a2_l01_r0000fdf7_c0000d514,ov_i9a2_l01_r0000fdf7_c0000d514,ov_i9a2_l01_r0000fdf7_c0000d514,ov_i9a2_l01_r0000fdf7_c0000d514,ov_i9a2_l01_r0000fdf7_c0000d514
237,Name,Ov_i9A2_L01_R0000FDF7_C0000D515,ov_i9a2_l01_r0000fdf7_c0000d515,ov_i9a2_l01_r0000fdf7_c0000d515,ov_i9a2_l01_r0000fdf7_c0000d515,ov_i9a2_l01_r0000fdf7_c0000d515,ov_i9a2_l01_r0000fdf7_c0000d515,ov_i9a2_l01_r0000fdf7_c0000d515
238,Name,Ov_i9A2_L01_R0000FDF7_C0000D516,ov_i9a2_l01_r0000fdf7_c0000d516,ov_i9a2_l01_r0000fdf7_c0000d516,ov_i9a2_l01_r0000fdf7_c0000d516,ov_i9a2_l01_r0000fdf7_c0000d516,ov_i9a2_l01_r0000fdf7_c0000d516,ov_i9a2_l01_r0000fdf7_c0000d516
239,Name,Ov_i9A2_L01_R0000FDF7_C0000D517,ov_i9a2_l01_r0000fdf7_c0000d517,ov_i9a2_l01_r0000fdf7_c0000d517,ov_i9a2_l01_r0000fdf7_c0000d517,ov_i9a2_l01_r0000fdf7_c0000d517,ov_i9a2_l01_r0000fdf7_c0000d517,ov_i9a2_l01_r0000fdf7_c0000d517
240,Name,Ov_i9A2_L01_R0000FDF7_C0000D518,ov_i9a2_l01_r0000fdf7_c0000d518,ov_i9a2_l01_r0000fdf7_c0000d518,ov_i9a2_l01_r0000fdf7_c0000d518,ov_i9a2_l01_r0000fdf7_c0000d518,ov_i9a2_l01_r0000fdf7_c0000d518,ov_i9a2_l01_r0000fdf7_c0000d518
241,Name,Ov_i9A2_L01_R0000FDF7_C0000D519,ov_i9a2_l01_r0000fdf7_c0000d519,ov_i9a2_l01_r0000fdf7_c0000d519,ov_i9a2_l01_r0000fdf7_c0000d519,ov_i9a2_l01_r0000fdf7_c0000d519,ov_i9a2_l01_r0000fdf7_c0000d519,ov_i9a2_l01_r0000fdf7_c0000d519
242,Name,Ov_i9A2_L01_R0000FDF7_C0000D51A,ov_i9a2_l01_r0000fdf7_c0000d51a,ov_i9a2_l01_r0000fdf7_c0000d51a,ov_i9a2_l01_r0000fdf7_c0000d51a,ov_i9a2_l01_r0000fdf7_c0000d51a,ov_i9a2_l01_r0000fdf7_c0000d51a,ov_i9a2_l01_r0000fdf7_c0000d51a
243,Name,Ov_i9A2_L01_R0000FDF7_C0000D51B,ov_i9a2_l01_r0000fdf7_c0000d51b,ov_i9a2_l01_r0000fdf7_c0000d51b,ov_i9a2_l01_r0000fdf7_c0000d51b,ov_i9a2_l01_r0000fdf7_c0000d51b,ov_i9a2_l01_r0000fdf7_c0000d51b,ov_i9a2_l01_r0000fdf7_c0000d51b
244,Name,Ov_i9A2_L01_R0000FDF7_C0000D51C,ov_i9a2_l01_r0000fdf7_c0000d51c,ov_i9a2_l01_r0000fdf7_c0000d51c,ov_i9a2_l01_r0000fdf7_c0000d51c,ov_i9a2_l01_r0000fdf7_c0000d51c,ov_i9a2_l01_r0000fdf7_c0000d51c,ov_i9a2_l01_r0000fdf7_c0000d51c
245,Name,Ov_i9A2_L01_R0000FDF7_C0000D51D,ov_i9a2_l01_r0000fdf7_c0000d51d,ov_i9a2_l01_r0000fdf7_c0000d51d,ov_i9a2_l01_r0000fdf7_c0000d51d,ov_i9a2_l01_r0000fdf7_c0000d51d,ov_i9a2_l01_r0000fdf7_c0000d51d,ov_i9a2_l01_r0000fdf7_c0000d51d
246,Name,Ov_i9A2_L01_R0000FDF7_C0000D525,ov_i9a2_l01_r0000fdf7_c0000d525,ov_i9a2_l01_r0000fdf7_c0000d525,ov_i9a2_l01_r0000fdf7_c0000d525,ov_i9a2_l01_r0000fdf7_c0000d525,ov_i9a2_l01_r0000fdf7_c0000d525,ov_i9a2_l01_r0000fdf7_c0000d525
247,Name,Ov_i9A2_L01_R0000FDF7_C0000D526,ov_i9a2_l01_r0000fdf7_c0000d526,ov_i9a2_l01_r0000fdf7_c0000d526,ov_i9a2_l01_r0000fdf7_c0000d526,ov_i9a2_l01_r0000fdf7_c0000d526,ov_i9a2_l01_r0000fdf7_c0000d526,ov_i9a2_l01_r0000fdf7_c0000d526
248,Name,Ov_i9A2_L01_R0000FDF7_C0000D527,ov_i9a2_l01_r0000fdf7_c0000d527,ov_i9a2_l01_r0000fdf7_c0000d527,ov_i9a2_l01_r0000fdf7_c0000d527,ov_i9a2_l01_r0000fdf7_c0000d527,ov_i9a2_l01_r0000fdf7_c0000d527,ov_i9a2_l01_r0000fdf7_c0000d527
249,Name,Ov_i9A2_L01_R0000FDF7_C0000D528,ov_i9a2_l01_r0000fdf7_c0000d528,ov_i9a2_l01_r0000fdf7_c0000d528,ov_i9a2_l01_r0000fdf7_c0000d528,ov_i9a2_l01_r0000fdf7_c0000d528,ov_i9a2_l01_r0000fdf7_c0000d528,ov_i9a2_l01_r0000fdf7_c0000d528
250,Name,Ov_i9A2_L01_R0000FDF7_C0000D529,ov_i9a2_l01_r0000fdf7_c0000d529,ov_i9a2_l01_r0000fdf7_c0000d529,ov_i9a2_l01_r0000fdf7_c0000d529,ov_i9a2_l01_r0000fdf7_c0000d529,ov_i9a2_l01_r0000fdf7_c0000d529,ov_i9a2_l01_r0000fdf7_c0000d529
251,Name,Ov_i9A2_L01_R0000FDF7_C0000D52A,ov_i9a2_l01_r0000fdf7_c0000d52a,ov_i9a2_l01_r0000fdf7_c0000d52a,ov_i9a2_l01_r0000fdf7_c0000d52a,ov_i9a2_l01_r0000fdf7_c0000d52a,ov_i9a2_l01_r0000fdf7_c0000d52a,ov_i9a2_l01_r0000fdf7_c0000d52a
252,Name,Ov_i9A2_L01_R0000FDF7_C0000D52B,ov_i9a2_l01_r0000fdf7_c0000d52b,ov_i9a2_l01_r0000fdf7_c0000d52b,ov_i9a2_l01_r0000fdf7_c0000d52b,ov_i9a2_l01_r0000fdf7_c0000d52b,ov_i9a2_l01_r0000fdf7_c0000d52b,ov_i9a2_l01_r0000fdf7_c0000d52b
253,Name,Ov_i9A2_L01_R0000FDF7_C0000D52C,ov_i9a2_l01_r0000fdf7_c0000d52c,ov_i9a2_l01_r0000fdf7_c0000d52c,ov_i9a2_l01_r0000fdf7_c0000d52c,ov_i9a2_l01_r0000fdf7_c0000d52c,ov_i9a2_l01_r0000fdf7_c0000d52c,ov_i9a2_l01_r0000fdf7_c0000d52c
254,Name,Ov_i9A2_L01_R0000FDF7_C0000D52D,ov_i9a2_l01_r0000fdf7_c0000d52d,ov_i9a2_l01_r0000fdf7_c0000d52d,ov_i9a2_l01_r0000fdf7_c0000d52d,ov_i9a2_l01_r0000fdf7_c0000d52d,ov_i9a2_l01_r0000fdf7_c0000d52d,ov_i9a2_l01_r0000fdf7_c0000d52d
255,Name,Ov_i9A2_L01_R0000FDF7_C0000D52E,ov_i9a2_l01_r0000fdf7_c0000d52e,ov_i9a2_l01_r0000fdf7_c0000d52e,ov_i9a2_l01_r0000fdf7_c0000d52e,ov_i9a2_l01_r0000fdf7_c0000d52e,ov_i9a2_l01_r0000fdf7_c0000d52e,ov_i9a2_l01_r0000fdf7_c0000d52e
256,Name,Ov_i9A2_L01_R0000FDF7_C0000D52F,ov_i9a2_l01_r0000fdf7_c0000d52f,ov_i9a2_l01_r0000fdf7_c0000d52f,ov_i9a2_l01_r0000fdf7_c0000d52f,ov_i9a2_l01_r0000fdf7_c0000d52f,ov_i9a2_l01_r0000fdf7_c0000d52f,ov_i9a2_l01_r0000fdf7_c0000d52f
257,Name,Ov_i9A2_L01_R0000FDF7_C0000D530,ov_i9a2_l01_r0000fdf7_c0000d530,ov_i9a2_l01_r0000fdf7_c0000d530,ov_i9a2_l01_r0000fdf7_c0000d530,ov_i9a2_l01_r0000fdf7_c0000d530,ov_i9a2_l01_r0000fdf7_c0000d530,ov_i9a2_l01_r0000fdf7_c0000d530
258,Name,Ov_i9A2_L01_R0000FDF8_C0000D514,ov_i9a2_l01_r0000fdf8_c0000d514,ov_i9a2_l01_r0000fdf8_c0000d514,ov_i9a2_l01_r0000fdf8_c0000d514,ov_i9a2_l01_r0000fdf8_c0000d514,ov_i9a2_l01_r0000fdf8_c0000d514,ov_i9a2_l01_r0000fdf8_c0000d514
259,Name,Ov_i9A2_L01_R0000FDF8_C0000D515,ov_i9a2_l01_r0000fdf8_c0000d515,ov_i9a2_l01_r0000fdf8_c0000d515,ov_i9a2_l01_r0000fdf8_c0000d515,ov_i9a2_l01_r0000fdf8_c0000d515,ov_i9a2_l01_r0000fdf8_c0000d515,ov_i9a2_l01_r0000fdf8_c0000d515
260,Name,Ov_i9A2_L01_R0000FDF8_C0000D516,ov_i9a2_l01_r0000fdf8_c0000d516,ov_i9a2_l01_r0000fdf8_c0000d516,ov_i9a2_l01_r0000fdf8_c0000d516,ov_i9a2_l01_r0000fdf8_c0000d516,ov_i9a2_l01_r0000fdf8_c0000d516,ov_i9a2_l01_r0000fdf8_c0000d516
261,Name,Ov_i9A2_L01_R0000FDF8_C0000D517,ov_i9a2_l01_r0000fdf8_c0000d517,ov_i9a2_l01_r0000fdf8_c0000d517,ov_i9a2_l01_r0000fdf8_c0000d517,ov_i9a2_l01_r0000fdf8_c0000d517,ov_i9a2_l01_r0000fdf8_c0000d517,ov_i9a2_l01_r0000fdf8_c0000d517
262,Name,Ov_i9A2_L01_R0000FDF6_C0000D539,ov_i9a2_l01_r0000fdf6_c0000d539,ov_i9a2_l01_r0000fdf6_c0000d539,ov_i9a2_l01_r0000fdf6_c0000d539,ov_i9a2_l01_r0000fdf6_c0000d539,ov_i9a2_l01_r0000fdf6_c0000d539,ov_i9a2_l01_r0000fdf6_c0000d539
263,Name,Ov_i9A2_L01_R0000FDF7_C0000D539,ov_i9a2_l01_r0000fdf7_c0000d539,ov_i9a2_l01_r0000fdf7_c0000d539,ov_i9a2_l01_r0000fdf7_c0000d539,ov_i9a2_l01_r0000fdf7_c0000d539,ov_i9a2_l01_r0000fdf7_c0000d539,ov_i9a2_l01_r0000fdf7_c0000d539
264,Name,Ov_i9A2_L01_R0000FDF7_C0000D53A,ov_i9a2_l01_r0000fdf7_c0000d53a,ov_i9a2_l01_r0000fdf7_c0000d53a,ov_i9a2_l01_r0000fdf7_c0000d53a,ov_i9a2_l01_r0000fdf7_c0000d53a,ov_i9a2_l01_r0000fdf7_c0000d53a,ov_i9a2_l01_r0000fdf7_c0000d53a
265,Name,Ov_i9A2_L01_R0000FDF4_C0000D50E,ov_i9a2_l01_r0000fdf4_c0000d50e,ov_i9a2_l01_r0000fdf4_c0000d50e,ov_i9a2_l01_r0000fdf4_c0000d50e,ov_i9a2_l01_r0000fdf4_c0000d50e,ov_i9a2_l01_r0000fdf4_c0000d50e,ov_i9a2_l01_r0000fdf4_c0000d50e
266,Name,Ov_i9A2_L01_R0000FDF4_C0000D50F,ov_i9a2_l01_r0000fdf4_c0000d50f,ov_i9a2_l01_r0000fdf4_c0000d50f,ov_i9a2_l01_r0000fdf4_c0000d50f,ov_i9a2_l01_r0000fdf4_c0000d50f,ov_i9a2_l01_r0000fdf4_c0000d50f,ov_i9a2_l01_r0000fdf4_c0000d50f
267,Name,Ov_i9A2_L01_R0000FDF4_C0000D510,ov_i9a2_l01_r0000fdf4_c0000d510,ov_i9a2_l01_r0000fdf4_c0000d510,ov_i9a2_l01_r0000fdf4_c0000d510,ov_i9a2_l01_r0000fdf4_c0000d510,ov_i9a2_l01_r0000fdf4_c0000d510,ov_i9a2_l01_r0000fdf4_c0000d510
268,Name,Ov_i9A2_L01_R0000FDF5_C0000D50D,ov_i9a2_l01_r0000fdf5_c0000d50d,ov_i9a2_l01_r0000fdf5_c0000d50d,ov_i9a2_l01_r0000fdf5_c0000d50d,ov_i9a2_l01_r0000fdf5_c0000d50d,ov_i9a2_l01_r0000fdf5_c0000d50d,ov_i9a2_l01_r0000fdf5_c0000d50d
269,Name,Ov_i9A2_L01_R0000FDF5_C0000D50E,ov_i9a2_l01_r0000fdf5_c0000d50e,ov_i9a2_l01_r0000fdf5_c0000d50e,ov_i9a2_l01_r0000fdf5_c0000d50e,ov_i9a2_l01_r0000fdf5_c0000d50e,ov_i9a2_l01_r0000fdf5_c0000d50e,ov_i9a2_l01_r0000fdf5_c0000d50e
270,Name,Ov_i9A2_L01_R0000FDF5_C0000D50F,ov_i9a2_l01_r0000fdf5_c0000d50f,ov_i9a2_l01_r0000fdf5_c0000d50f,ov_i9a2_l01_r0000fdf5_c0000d50f,ov_i9a2_l01_r0000fdf5_c0000d50f,ov_i9a2_l01_r0000fdf5_c0000d50f,ov_i9a2_l01_r0000fdf5_c0000d50f
271,Name,Ov_i9A2_L01_R0000FDF5_C0000D510,ov_i9a2_l01_r0000fdf5_c0000d510,ov_i9a2_l01_r0000fdf5_c0000d510,ov_i9a2_l01_r0000fdf5_c0000d510,ov_i9a2_l01_r0000fdf5_c0000d510,ov_i9a2_l01_r0000fdf5_c0000d510,ov_i9a2_l01_r0000fdf5_c0000d510
272,Name,Ov_i9A2_L01_R0000FDF6_C0000D50C,ov_i9a2_l01_r0000fdf6_c0000d50c,ov_i9a2_l01_r0000fdf6_c0000d50c,ov_i9a2_l01_r0000fdf6_c0000d50c,ov_i9a2_l01_r0000fdf6_c0000d50c,ov_i9a2_l01_r0000fdf6_c0000d50c,ov_i9a2_l01_r0000fdf6_c0000d50c
273,Name,Ov_i9A2_L01_R0000FDF6_C0000D50D,ov_i9a2_l01_r0000fdf6_c0000d50d,ov_i9a2_l01_r0000fdf6_c0000d50d,ov_i9a2_l01_r0000fdf6_c0000d50d,ov_i9a2_l01_r0000fdf6_c0000d50d,ov_i9a2_l01_r0000fdf6_c0000d50d,ov_i9a2_l01_r0000fdf6_c0000d50d
274,Name,Ov_i9A2_L01_R0000FDF6_C0000D50E,ov_i9a2_l01_r0000fdf6_c0000d50e,ov_i9a2_l01_r0000fdf6_c0000d50e,ov_i9a2_l01_r0000fdf6_c0000d50e,ov_i9a2_l01_r0000fdf6_c0000d50e,ov_i9a2_l01_r0000fdf6_c0000d50e,ov_i9a2_l01_r0000fdf6_c0000d50e
275,Name,Ov_i9A2_L01_R0000FDF6_C0000D50F,ov_i9a2_l01_r0000fdf6_c0000d50f,ov_i9a2_l01_r0000fdf6_c0000d50f,ov_i9a2_l01_r0000fdf6_c0000d50f,ov_i9a2_l01_r0000fdf6_c0000d50f,ov_i9a2_l01_r0000fdf6_c0000d50f,ov_i9a2_l01_r0000fdf6_c0000d50f
276,Name,Ov_i9A2_L01_R0000FDF6_C0000D510,ov_i9a2_l01_r0000fdf6_c0000d510,ov_i9a2_l01_r0000fdf6_c0000d510,ov_i9a2_l01_r0000fdf6_c0000d510,ov_i9a2_l01_r0000fdf6_c0000d510,ov_i9a2_l01_r0000fdf6_c0000d510,ov_i9a2_l01_r0000fdf6_c0000d510
277,Name,Ov_i9A2_L01_R0000FDF6_C0000D511,ov_i9a2_l01_r0000fdf6_c0000d511,ov_i9a2_l01_r0000fdf6_c0000d511,ov_i9a2_l01_r0000fdf6_c0000d511,ov_i9a2_l01_r0000fdf6_c0000d511,ov_i9a2_l01_r0000fdf6_c0000d511,ov_i9a2_l01_r0000fdf6_c0000d511
278,Name,Ov_i9A2_L01_R0000FDF7_C0000D511,ov_i9a2_l01_r0000fdf7_c0000d511,ov_i9a2_l01_r0000fdf7_c0000d511,ov_i9a2_l01_r0000fdf7_c0000d511,ov_i9a2_l01_r0000fdf7_c0000d511,ov_i9a2_l01_r0000fdf7_c0000d511,ov_i9a2_l01_r0000fdf7_c0000d511
279,Name,Ov_i9A2_L01_R0000FDF7_C0000D508,ov_i9a2_l01_r0000fdf7_c0000d508,ov_i9a2_l01_r0000fdf7_c0000d508,ov_i9a2_l01_r0000fdf7_c0000d508,ov_i9a2_l01_r0000fdf7_c0000d508,ov_i9a2_l01_r0000fdf7_c0000d508,ov_i9a2_l01_r0000fdf7_c0000d508
280,Name,Ov_i9A2_L01_R0000FDF5_C0000D507,ov_i9a2_l01_r0000fdf5_c0000d507,ov_i9a2_l01_r0000fdf5_c0000d507,ov_i9a2_l01_r0000fdf5_c0000d507,ov_i9a2_l01_r0000fdf5_c0000d507,ov_i9a2_l01_r0000fdf5_c0000d507,ov_i9a2_l01_r0000fdf5_c0000d507
281,Name,Ov_i9A2_L01_R0000FDF5_C0000D509,ov_i9a2_l01_r0000fdf5_c0000d509,ov_i9a2_l01_r0000fdf5_c0000d509,ov_i9a2_l01_r0000fdf5_c0000d509,ov_i9a2_l01_r0000fdf5_c0000d509,ov_i9a2_l01_r0000fdf5_c0000d509,ov_i9a2_l01_r0000fdf5_c0000d509
282,Name,Ov_i9A2_L01_R0000FDF5_C0000D50A,ov_i9a2_l01_r0000fdf5_c0000d50a,ov_i9a2_l01_r0000fdf5_c0000d50a,ov_i9a2_l01_r0000fdf5_c0000d50a,ov_i9a2_l01_r0000fdf5_c0000d50a,ov_i9a2_l01_r0000fdf5_c0000d50a,ov_i9a2_l01_r0000fdf5_c0000d50a
283,Name,Ov_i9A2_L01_R0000FDF5_C0000D50B,ov_i9a2_l01_r0000fdf5_c0000d50b,ov_i9a2_l01_r0000fdf5_c0000d50b,ov_i9a2_l01_r0000fdf5_c0000d50b,ov_i9a2_l01_r0000fdf5_c0000d50b,ov_i9a2_l01_r0000fdf5_c0000d50b,ov_i9a2_l01_r0000fdf5_c0000d50b
284,Name,Ov_i9A2_L01_R0000FDF2_C0000D521,ov_i9a2_l01_r0000fdf2_c0000d521,ov_i9a2_l01_r0000fdf2_c0000d521,ov_i9a2_l01_r0000fdf2_c0000d521,ov_i9a2_l01_r0000fdf2_c0000d521,ov_i9a2_l01_r0000fdf2_c0000d521,ov_i9a2_l01_r0000fdf2_c0000d521
285,Name,Ov_i9A2_L01_R0000FDF2_C0000D522,ov_i9a2_l01_r0000fdf2_c0000d522,ov_i9a2_l01_r0000fdf2_c0000d522,ov_i9a2_l01_r0000fdf2_c0000d522,ov_i9a2_l01_r0000fdf2_c0000d522,ov_i9a2_l01_r0000fdf2_c0000d522,ov_i9a2_l01_r0000fdf2_c0000d522
286,Name,Ov_i9A2_L01_R0000FDF3_C0000D512,ov_i9a2_l01_r0000fdf3_c0000d512,ov_i9a2_l01_r0000fdf3_c0000d512,ov_i9a2_l01_r0000fdf3_c0000d512,ov_i9a2_l01_r0000fdf3_c0000d512,ov_i9a2_l01_r0000fdf3_c0000d512,ov_i9a2_l01_r0000fdf3_c0000d512
287,Name,Ov_i9A2_L01_R0000FDF3_C0000D513,ov_i9a2_l01_r0000fdf3_c0000d513,ov_i9a2_l01_r0000fdf3_c0000d513,ov_i9a2_l01_r0000fdf3_c0000d513,ov_i9a2_l01_r0000fdf3_c0000d513,ov_i9a2_l01_r0000fdf3_c0000d513,ov_i9a2_l01_r0000fdf3_c0000d513
288,Name,Ov_i9A2_L01_R0000FDF3_C0000D514,ov_i9a2_l01_r0000fdf3_c0000d514,ov_i9a2_l01_r0000fdf3_c0000d514,ov_i9a2_l01_r0000fdf3_c0000d514,ov_i9a2_l01_r0000fdf3_c0000d514,ov_i9a2_l01_r0000fdf3_c0000d514,ov_i9a2_l01_r0000fdf3_c0000d514
289,Name,Ov_i9A2_L01_R0000FDF3_C0000D515,ov_i9a2_l01_r0000fdf3_c0000d515,ov_i9a2_l01_r0000fdf3_c0000d515,ov_i9a2_l01_r0000fdf3_c0000d515,ov_i9a2_l01_r0000fdf3_c0000d515,ov_i9a2_l01_r0000fdf3_c0000d515,ov_i9a2_l01_r0000fdf3_c0000d515
290,Name,Ov_i9A2_L01_R0000FDF3_C0000D516,ov_i9a2_l01_r0000fdf3_c0000d516,ov_i9a2_l01_r0000fdf3_c0000d516,ov_i9a2_l01_r0000fdf3_c0000d516,ov_i9a2_l01_r0000fdf3_c0000d516,ov_i9a2_l01_r0000fdf3_c0000d516,ov_i9a2_l01_r0000fdf3_c0000d516
291,Name,Ov_i9A2_L01_R0000FDF3_C0000D517,ov_i9a2_l01_r0000fdf3_c0000d517,ov_i9a2_l01_r0000fdf3_c0000d517,ov_i9a2_l01_r0000fdf3_c0000d517,ov_i9a2_l01_r0000fdf3_c0000d517,ov_i9a2_l01_r0000fdf3_c0000d517,ov_i9a2_l01_r0000fdf3_c0000d517
292,Name,Ov_i9A2_L01_R0000FDF3_C0000D518,ov_i9a2_l01_r0000fdf3_c0000d518,ov_i9a2_l01_r0000fdf3_c0000d518,ov_i9a2_l01_r0000fdf3_c0000d518,ov_i9a2_l01_r0000fdf3_c0000d518,ov_i9a2_l01_r0000fdf3_c0000d518,ov_i9a2_l01_r0000fdf3_c0000d518
293,Name,Ov_i9A2_L01_R0000FDF3_C0000D519,ov_i9a2_l01_r0000fdf3_c0000d519,ov_i9a2_l01_r0000fdf3_c0000d519,ov_i9a2_l01_r0000fdf3_c0000d519,ov_i9a2_l01_r0000fdf3_c0000d519,ov_i9a2_l01_r0000fdf3_c0000d519,ov_i9a2_l01_r0000fdf3_c0000d519
294,Name,Ov_i9A2_L01_R0000FDF3_C0000D51C,ov_i9a2_l01_r0000fdf3_c0000d51c,ov_i9a2_l01_r0000fdf3_c0000d51c,ov_i9a2_l01_r0000fdf3_c0000d51c,ov_i9a2_l01_r0000fdf3_c0000d51c,ov_i9a2_l01_r0000fdf3_c0000d51c,ov_i9a2_l01_r0000fdf3_c0000d51c
295,Name,Ov_i9A2_L01_R0000FDF3_C0000D51D,ov_i9a2_l01_r0000fdf3_c0000d51d,ov_i9a2_l01_r0000fdf3_c0000d51d,ov_i9a2_l01_r0000fdf3_c0000d51d,ov_i9a2_l01_r0000fdf3_c0000d51d,ov_i9a2_l01_r0000fdf3_c0000d51d,ov_i9a2_l01_r0000fdf3_c0000d51d
296,Name,Ov_i9A2_L01_R0000FDF3_C0000D51E,ov_i9a2_l01_r0000fdf3_c0000d51e,ov_i9a2_l01_r0000fdf3_c0000d51e,ov_i9a2_l01_r0000fdf3_c0000d51e,ov_i9a2_l01_r0000fdf3_c0000d51e,ov_i9a2_l01_r0000fdf3_c0000d51e,ov_i9a2_l01_r0000fdf3_c0000d51e
297,Name,Ov_i9A2_L01_R0000FDF3_C0000D51F,ov_i9a2_l01_r0000fdf3_c0000d51f,ov_i9a2_l01_r0000fdf3_c0000d51f,ov_i9a2_l01_r0000fdf3_c0000d51f,ov_i9a2_l01_r0000fdf3_c0000d51f,ov_i9a2_l01_r0000fdf3_c0000d51f,ov_i9a2_l01_r0000fdf3_c0000d51f
298,Name,Ov_i9A2_L01_R0000FDF3_C0000D520,ov_i9a2_l01_r0000fdf3_c0000d520,ov_i9a2_l01_r0000fdf3_c0000d520,ov_i9a2_l01_r0000fdf3_c0000d520,ov_i9a2_l01_r0000fdf3_c0000d520,ov_i9a2_l01_r0000fdf3_c0000d520,ov_i9a2_l01_r0000fdf3_c0000d520
299,Name,Ov_i9A2_L01_R0000FDF3_C0000D521,ov_i9a2_l01_r0000fdf3_c0000d521,ov_i9a2_l01_r0000fdf3_c0000d521,ov_i9a2_l01_r0000fdf3_c0000d521,ov_i9a2_l01_r0000fdf3_c0000d521,ov_i9a2_l01_r0000fdf3_c0000d521,ov_i9a2_l01_r0000fdf3_c0000d521
300,Name,Ov_i9A2_L01_R0000FDF3_C0000D522,ov_i9a2_l01_r0000fdf3_c0000d522,ov_i9a2_l01_r0000fdf3_c0000d522,ov_i9a2_l01_r0000fdf3_c0000d522,ov_i9a2_l01_r0000fdf3_c0000d522,ov_i9a2_l01_r0000fdf3_c0000d522,ov_i9a2_l01_r0000fdf3_c0000d522
301,Name,Ov_i9A2_L01_R0000FDF3_C0000D523,ov_i9a2_l01_r0000fdf3_c0000d523,ov_i9a2_l01_r0000fdf3_c0000d523,ov_i9a2_l01_r0000fdf3_c0000d523,ov_i9a2_l01_r0000fdf3_c0000d523,ov_i9a2_l01_r0000fdf3_c0000d523,ov_i9a2_l01_r0000fdf3_c0000d523
302,Name,Ov_i9A2_L01_R0000FDF4_C0000D512,ov_i9a2_l01_r0000fdf4_c0000d512,ov_i9a2_l01_r0000fdf4_c0000d512,ov_i9a2_l01_r0000fdf4_c0000d512,ov_i9a2_l01_r0000fdf4_c0000d512,ov_i9a2_l01_r0000fdf4_c0000d512,ov_i9a2_l01_r0000fdf4_c0000d512
303,Name,Ov_i9A2_L01_R0000FDF4_C0000D513,ov_i9a2_l01_r0000fdf4_c0000d513,ov_i9a2_l01_r0000fdf4_c0000d513,ov_i9a2_l01_r0000fdf4_c0000d513,ov_i9a2_l01_r0000fdf4_c0000d513,ov_i9a2_l01_r0000fdf4_c0000d513,ov_i9a2_l01_r0000fdf4_c0000d513
304,Name,Ov_i9A2_L01_R0000FDF4_C0000D514,ov_i9a2_l01_r0000fdf4_c0000d514,ov_i9a2_l01_r0000fdf4_c0000d514,ov_i9a2_l01_r0000fdf4_c0000d514,ov_i9a2_l01_r0000fdf4_c0000d514,ov_i9a2_l01_r0000fdf4_c0000d514,ov_i9a2_l01_r0000fdf4_c0000d514
305,Name,Ov_i9A2_L01_R0000FDF4_C0000D515,ov_i9a2_l01_r0000fdf4_c0000d515,ov_i9a2_l01_r0000fdf4_c0000d515,ov_i9a2_l01_r0000fdf4_c0000d515,ov_i9a2_l01_r0000fdf4_c0000d515,ov_i9a2_l01_r0000fdf4_c0000d515,ov_i9a2_l01_r0000fdf4_c0000d515
306,Name,Ov_i9A2_L01_R0000FDF4_C0000D516,ov_i9a2_l01_r0000fdf4_c0000d516,ov_i9a2_l01_r0000fdf4_c0000d516,ov_i9a2_l01_r0000fdf4_c0000d516,ov_i9a2_l01_r0000fdf4_c0000d516,ov_i9a2_l01_r0000fdf4_c0000d516,ov_i9a2_l01_r0000fdf4_c0000d516
307,Name,Ov_i9A2_L01_R0000FDF4_C0000D517,ov_i9a2_l01_r0000fdf4_c0000d517,ov_i9a2_l01_r0000fdf4_c0000d517,ov_i9a2_l01_r0000fdf4_c0000d517,ov_i9a2_l01_r0000fdf4_c0000d517,ov_i9a2_l01_r0000fdf4_c0000d517,ov_i9a2_l01_r0000fdf4_c0000d517
308,Name,Ov_i9A2_L01_R0000FDF4_C0000D518,ov_i9a2_l01_r0000fdf4_c0000d518,ov_i9a2_l01_r0000fdf4_c0000d518,ov_i9a2_l01_r0000fdf4_c0000d518,ov_i9a2_l01_r0000fdf4_c0000d518,ov_i9a2_l01_r0000fdf4_c0000d518,ov_i9a2_l01_r0000fdf4_c0000d518
309,Name,Ov_i9A2_L01_R0000FDF4_C0000D519,ov_i9a2_l01_r0000fdf4_c0000d519,ov_i9a2_l01_r0000fdf4_c0000d519,ov_i9a2_l01_r0000fdf4_c0000d519,ov_i9a2_l01_r0000fdf4_c0000d519,ov_i9a2_l01_r0000fdf4_c0000d519,ov_i9a2_l01_r0000fdf4_c0000d519
310,Name,Ov_i9A2_L01_R0000FDF4_C0000D51A,ov_i9a2_l01_r0000fdf4_c0000d51a,ov_i9a2_l01_r0000fdf4_c0000d51a,ov_i9a2_l01_r0000fdf4_c0000d51a,ov_i9a2_l01_r0000fdf4_c0000d51a,ov_i9a2_l01_r0000fdf4_c0000d51a,ov_i9a2_l01_r0000fdf4_c0000d51a
311,Name,Ov_i9A2_L01_R0000FDF4_C0000D51B,ov_i9a2_l01_r0000fdf4_c0000d51b,ov_i9a2_l01_r0000fdf4_c0000d51b,ov_i9a2_l01_r0000fdf4_c0000d51b,ov_i9a2_l01_r0000fdf4_c0000d51b,ov_i9a2_l01_r0000fdf4_c0000d51b,ov_i9a2_l01_r0000fdf4_c0000d51b
312,Name,Ov_i9A2_L01_R0000FDF4_C0000D51C,ov_i9a2_l01_r0000fdf4_c0000d51c,ov_i9a2_l01_r0000fdf4_c0000d51c,ov_i9a2_l01_r0000fdf4_c0000d51c,ov_i9a2_l01_r0000fdf4_c0000d51c,ov_i9a2_l01_r0000fdf4_c0000d51c,ov_i9a2_l01_r0000fdf4_c0000d51c
313,Name,Ov_i9A2_L01_R0000FDF4_C0000D51D,ov_i9a2_l01_r0000fdf4_c0000d51d,ov_i9a2_l01_r0000fdf4_c0000d51d,ov_i9a2_l01_r0000fdf4_c0000d51d,ov_i9a2_l01_r0000fdf4_c0000d51d,ov_i9a2_l01_r0000fdf4_c0000d51d,ov_i9a2_l01_r0000fdf4_c0000d51d
314,Name,Ov_i9A2_L01_R0000FDF5_C0000D512,ov_i9a2_l01_r0000fdf5_c0000d512,ov_i9a2_l01_r0000fdf5_c0000d512,ov_i9a2_l01_r0000fdf5_c0000d512,ov_i9a2_l01_r0000fdf5_c0000d512,ov_i9a2_l01_r0000fdf5_c0000d512,ov_i9a2_l01_r0000fdf5_c0000d512
315,Name,Ov_i9A2_L01_R0000FDF5_C0000D516,ov_i9a2_l01_r0000fdf5_c0000d516,ov_i9a2_l01_r0000fdf5_c0000d516,ov_i9a2_l01_r0000fdf5_c0000d516,ov_i9a2_l01_r0000fdf5_c0000d516,ov_i9a2_l01_r0000fdf5_c0000d516,ov_i9a2_l01_r0000fdf5_c0000d516
316,Name,Ov_i9A2_L01_R0000FDF5_C0000D517,ov_i9a2_l01_r0000fdf5_c0000d517,ov_i9a2_l01_r0000fdf5_c0000d517,ov_i9a2_l01_r0000fdf5_c0000d517,ov_i9a2_l01_r0000fdf5_c0000d517,ov_i9a2_l01_r0000fdf5_c0000d517,ov_i9a2_l01_r0000fdf5_c0000d517
317,Name,Ov_i9A2_L01_R0000FDF5_C0000D518,ov_i9a2_l01_r0000fdf5_c0000d518,ov_i9a2_l01_r0000fdf5_c0000d518,ov_i9a2_l01_r0000fdf5_c0000d518,ov_i9a2_l01_r0000fdf5_c0000d518,ov_i9a2_l01_r0000fdf5_c0000d518,ov_i9a2_l01_r0000fdf5_c0000d518
318,Name,Ov_i9A2_L01_R0000FDF3_C0000D535,ov_i9a2_l01_r0000fdf3_c0000d535,ov_i9a2_l01_r0000fdf3_c0000d535,ov_i9a2_l01_r0000fdf3_c0000d535,ov_i9a2_l01_r0000fdf3_c0000d535,ov_i9a2_l01_r0000fdf3_c0000d535,ov_i9a2_l01_r0000fdf3_c0000d535
319,Name,Ov_i9A2_L01_R0000FDF3_C0000D536,ov_i9a2_l01_r0000fdf3_c0000d536,ov_i9a2_l01_r0000fdf3_c0000d536,ov_i9a2_l01_r0000fdf3_c0000d536,ov_i9a2_l01_r0000fdf3_c0000d536,ov_i9a2_l01_r0000fdf3_c0000d536,ov_i9a2_l01_r0000fdf3_c0000d536
320,Name,Ov_i9A2_L01_R0000FDF3_C0000D537,ov_i9a2_l01_r0000fdf3_c0000d537,ov_i9a2_l01_r0000fdf3_c0000d537,ov_i9a2_l01_r0000fdf3_c0000d537,ov_i9a2_l01_r0000fdf3_c0000d537,ov_i9a2_l01_r0000fdf3_c0000d537,ov_i9a2_l01_r0000fdf3_c0000d537
321,Name,Ov_i9A2_L01_R0000FDF3_C0000D538,ov_i9a2_l01_r0000fdf3_c0000d538,ov_i9a2_l01_r0000fdf3_c0000d538,ov_i9a2_l01_r0000fdf3_c0000d538,ov_i9a2_l01_r0000fdf3_c0000d538,ov_i9a2_l01_r0000fdf3_c0000d538,ov_i9a2_l01_r0000fdf3_c0000d538
322,Name,Ov_i9A2_L01_R0000FDF4_C0000D538,ov_i9a2_l01_r0000fdf4_c0000d538,ov_i9a2_l01_r0000fdf4_c0000d538,ov_i9a2_l01_r0000fdf4_c0000d538,ov_i9a2_l01_r0000fdf4_c0000d538,ov_i9a2_l01_r0000fdf4_c0000d538,ov_i9a2_l01_r0000fdf4_c0000d538
323,Name,Ov_i9A2_L01_R0000FDF5_C0000D538,ov_i9a2_l01_r0000fdf5_c0000d538,ov_i9a2_l01_r0000fdf5_c0000d538,ov_i9a2_l01_r0000fdf5_c0000d538,ov_i9a2_l01_r0000fdf5_c0000d538,ov_i9a2_l01_r0000fdf5_c0000d538,ov_i9a2_l01_r0000fdf5_c0000d538
324,Name,Ov_i9A2_L01_R0000FDF3_C0000D510,ov_i9a2_l01_r0000fdf3_c0000d510,ov_i9a2_l01_r0000fdf3_c0000d510,ov_i9a2_l01_r0000fdf3_c0000d510,ov_i9a2_l01_r0000fdf3_c0000d510,ov_i9a2_l01_r0000fdf3_c0000d510,ov_i9a2_l01_r0000fdf3_c0000d510
325,Name,Ov_i9A2_L01_R0000FDF3_C0000D511,ov_i9a2_l01_r0000fdf3_c0000d511,ov_i9a2_l01_r0000fdf3_c0000d511,ov_i9a2_l01_r0000fdf3_c0000d511,ov_i9a2_l01_r0000fdf3_c0000d511,ov_i9a2_l01_r0000fdf3_c0000d511,ov_i9a2_l01_r0000fdf3_c0000d511
326,Name,Ov_i9A2_L01_R0000FDF4_C0000D511,ov_i9a2_l01_r0000fdf4_c0000d511,ov_i9a2_l01_r0000fdf4_c0000d511,ov_i9a2_l01_r0000fdf4_c0000d511,ov_i9a2_l01_r0000fdf4_c0000d511,ov_i9a2_l01_r0000fdf4_c0000d511,ov_i9a2_l01_r0000fdf4_c0000d511
327,Name,Ov_i9A2_L01_R0000FDF5_C0000D511,ov_i9a2_l01_r0000fdf5_c0000d511,ov_i9a2_l01_r0000fdf5_c0000d511,ov_i9a2_l01_r0000fdf5_c0000d511,ov_i9a2_l01_r0000fdf5_c0000d511,ov_i9a2_l01_r0000fdf5_c0000d511,ov_i9a2_l01_r0000fdf5_c0000d511
328,Name,Ov_i9A2_L01_R0000FDF3_C0000D50D,ov_i9a2_l01_r0000fdf3_c0000d50d,ov_i9a2_l01_r0000fdf3_c0000d50d,ov_i9a2_l01_r0000fdf3_c0000d50d,ov_i9a2_l01_r0000fdf3_c0000d50d,ov_i9a2_l01_r0000fdf3_c0000d50d,ov_i9a2_l01_r0000fdf3_c0000d50d
329,Name,Ov_i9A2_L01_R0000FDF4_C0000D50C,ov_i9a2_l01_r0000fdf4_c0000d50c,ov_i9a2_l01_r0000fdf4_c0000d50c,ov_i9a2_l01_r0000fdf4_c0000d50c,ov_i9a2_l01_r0000fdf4_c0000d50c,ov_i9a2_l01_r0000fdf4_c0000d50c,ov_i9a2_l01_r0000fdf4_c0000d50c
330,Name,Ov_i9A2_L01_R0000FDF4_C0000D50D,ov_i9a2_l01_r0000fdf4_c0000d50d,ov_i9a2_l01_r0000fdf4_c0000d50d,ov_i9a2_l01_r0000fdf4_c0000d50d,ov_i9a2_l01_r0000fdf4_c0000d50d,ov_i9a2_l01_r0000fdf4_c0000d50d,ov_i9a2_l01_r0000fdf4_c0000d50d
331,Name,Ov_i9A2_L01_R0000FDF1_C0000D52C,ov_i9a2_l01_r0000fdf1_c0000d52c,ov_i9a2_l01_r0000fdf1_c0000d52c,ov_i9a2_l01_r0000fdf1_c0000d52c,ov_i9a2_l01_r0000fdf1_c0000d52c,ov_i9a2_l01_r0000fdf1_c0000d52c,ov_i9a2_l01_r0000fdf1_c0000d52c
332,Name,Ov_i9A2_L01_R0000FDF1_C0000D52D,ov_i9a2_l01_r0000fdf1_c0000d52d,ov_i9a2_l01_r0000fdf1_c0000d52d,ov_i9a2_l01_r0000fdf1_c0000d52d,ov_i9a2_l01_r0000fdf1_c0000d52d,ov_i9a2_l01_r0000fdf1_c0000d52d,ov_i9a2_l01_r0000fdf1_c0000d52d
333,Name,Ov_i9A2_L01_R0000FDF1_C0000D52E,ov_i9a2_l01_r0000fdf1_c0000d52e,ov_i9a2_l01_r0000fdf1_c0000d52e,ov_i9a2_l01_r0000fdf1_c0000d52e,ov_i9a2_l01_r0000fdf1_c0000d52e,ov_i9a2_l01_r0000fdf1_c0000d52e,ov_i9a2_l01_r0000fdf1_c0000d52e
334,Name,Ov_i9A2_L01_R0000FDF1_C0000D52F,ov_i9a2_l01_r0000fdf1_c0000d52f,ov_i9a2_l01_r0000fdf1_c0000d52f,ov_i9a2_l01_r0000fdf1_c0000d52f,ov_i9a2_l01_r0000fdf1_c0000d52f,ov_i9a2_l01_r0000fdf1_c0000d52f,ov_i9a2_l01_r0000fdf1_c0000d52f
335,Name,Ov_i9A2_L01_R0000FDF2_C0000D52F,ov_i9a2_l01_r0000fdf2_c0000d52f,ov_i9a2_l01_r0000fdf2_c0000d52f,ov_i9a2_l01_r0000fdf2_c0000d52f,ov_i9a2_l01_r0000fdf2_c0000d52f,ov_i9a2_l01_r0000fdf2_c0000d52f,ov_i9a2_l01_r0000fdf2_c0000d52f
336,Name,Ov_i9A2_L01_R0000FDF2_C0000D532,ov_i9a2_l01_r0000fdf2_c0000d532,ov_i9a2_l01_r0000fdf2_c0000d532,ov_i9a2_l01_r0000fdf2_c0000d532,ov_i9a2_l01_r0000fdf2_c0000d532,ov_i9a2_l01_r0000fdf2_c0000d532,ov_i9a2_l01_r0000fdf2_c0000d532
337,Name,Ov_i9A2_L01_R0000FDF2_C0000D533,ov_i9a2_l01_r0000fdf2_c0000d533,ov_i9a2_l01_r0000fdf2_c0000d533,ov_i9a2_l01_r0000fdf2_c0000d533,ov_i9a2_l01_r0000fdf2_c0000d533,ov_i9a2_l01_r0000fdf2_c0000d533,ov_i9a2_l01_r0000fdf2_c0000d533
338,Name,Ov_i9A2_L01_R0000FDF3_C0000D52F,ov_i9a2_l01_r0000fdf3_c0000d52f,ov_i9a2_l01_r0000fdf3_c0000d52f,ov_i9a2_l01_r0000fdf3_c0000d52f,ov_i9a2_l01_r0000fdf3_c0000d52f,ov_i9a2_l01_r0000fdf3_c0000d52f,ov_i9a2_l01_r0000fdf3_c0000d52f
339,Name,Ov_i9A2_L01_R0000FDF3_C0000D533,ov_i9a2_l01_r0000fdf3_c0000d533,ov_i9a2_l01_r0000fdf3_c0000d533,ov_i9a2_l01_r0000fdf3_c0000d533,ov_i9a2_l01_r0000fdf3_c0000d533,ov_i9a2_l01_r0000fdf3_c0000d533,ov_i9a2_l01_r0000fdf3_c0000d533
340,Name,Ov_i9A2_L01_R0000FDF4_C0000D52F,ov_i9a2_l01_r0000fdf4_c0000d52f,ov_i9a2_l01_r0000fdf4_c0000d52f,ov_i9a2_l01_r0000fdf4_c0000d52f,ov_i9a2_l01_r0000fdf4_c0000d52f,ov_i9a2_l01_r0000fdf4_c0000d52f,ov_i9a2_l01_r0000fdf4_c0000d52f
341,Name,Ov_i9A2_L01_R0000FDF4_C0000D530,ov_i9a2_l01_r0000fdf4_c0000d530,ov_i9a2_l01_r0000fdf4_c0000d530,ov_i9a2_l01_r0000fdf4_c0000d530,ov_i9a2_l01_r0000fdf4_c0000d530,ov_i9a2_l01_r0000fdf4_c0000d530,ov_i9a2_l01_r0000fdf4_c0000d530
342,Name,Ov_i9A2_L01_R0000FDF4_C0000D531,ov_i9a2_l01_r0000fdf4_c0000d531,ov_i9a2_l01_r0000fdf4_c0000d531,ov_i9a2_l01_r0000fdf4_c0000d531,ov_i9a2_l01_r0000fdf4_c0000d531,ov_i9a2_l01_r0000fdf4_c0000d531,ov_i9a2_l01_r0000fdf4_c0000d531
343,Name,Ov_i9A2_L01_R0000FDF4_C0000D532,ov_i9a2_l01_r0000fdf4_c0000d532,ov_i9a2_l01_r0000fdf4_c0000d532,ov_i9a2_l01_r0000fdf4_c0000d532,ov_i9a2_l01_r0000fdf4_c0000d532,ov_i9a2_l01_r0000fdf4_c0000d532,ov_i9a2_l01_r0000fdf4_c0000d532
344,Name,Ov_i9A2_L01_R0000FDF4_C0000D533,ov_i9a2_l01_r0000fdf4_c0000d533,ov_i9a2_l01_r0000fdf4_c0000d533,ov_i9a2_l01_r0000fdf4_c0000d533,ov_i9a2_l01_r0000fdf4_c0000d533,ov_i9a2_l01_r0000fdf4_c0000d533,ov_i9a2_l01_r0000fdf4_c0000d533
345,Name,Ov_i9A2_L01_R0000FDF3_C0000D524,ov_i9a2_l01_r0000fdf3_c0000d524,ov_i9a2_l01_r0000fdf3_c0000d524,ov_i9a2_l01_r0000fdf3_c0000d524,ov_i9a2_l01_r0000fdf3_c0000d524,ov_i9a2_l01_r0000fdf3_c0000d524,ov_i9a2_l01_r0000fdf3_c0000d524
346,Name,Ov_i9A2_L01_R0000FDF4_C0000D524,ov_i9a2_l01_r0000fdf4_c0000d524,ov_i9a2_l01_r0000fdf4_c0000d524,ov_i9a2_l01_r0000fdf4_c0000d524,ov_i9a2_l01_r0000fdf4_c0000d524,ov_i9a2_l01_r0000fdf4_c0000d524,ov_i9a2_l01_r0000fdf4_c0000d524
347,Name,Ov_i9A2_L01_R0000FDF4_C0000D525,ov_i9a2_l01_r0000fdf4_c0000d525,ov_i9a2_l01_r0000fdf4_c0000d525,ov_i9a2_l01_r0000fdf4_c0000d525,ov_i9a2_l01_r0000fdf4_c0000d525,ov_i9a2_l01_r0000fdf4_c0000d525,ov_i9a2_l01_r0000fdf4_c0000d525
348,Name,Ov_i9A2_L01_R0000FDF4_C0000D526,ov_i9a2_l01_r0000fdf4_c0000d526,ov_i9a2_l01_r0000fdf4_c0000d526,ov_i9a2_l01_r0000fdf4_c0000d526,ov_i9a2_l01_r0000fdf4_c0000d526,ov_i9a2_l01_r0000fdf4_c0000d526,ov_i9a2_l01_r0000fdf4_c0000d526
349,Name,Ov_i9A2_L01_R0000FDF3_C0000D52B,ov_i9a2_l01_r0000fdf3_c0000d52b,ov_i9a2_l01_r0000fdf3_c0000d52b,ov_i9a2_l01_r0000fdf3_c0000d52b,ov_i9a2_l01_r0000fdf3_c0000d52b,ov_i9a2_l01_r0000fdf3_c0000d52b,ov_i9a2_l01_r0000fdf3_c0000d52b
350,Name,Ov_i9A2_L01_R0000FDF4_C0000D52A,ov_i9a2_l01_r0000fdf4_c0000d52a,ov_i9a2_l01_r0000fdf4_c0000d52a,ov_i9a2_l01_r0000fdf4_c0000d52a,ov_i9a2_l01_r0000fdf4_c0000d52a,ov_i9a2_l01_r0000fdf4_c0000d52a,ov_i9a2_l01_r0000fdf4_c0000d52a
351,Name,Ov_i9A2_L01_R0000FDF4_C0000D52B,ov_i9a2_l01_r0000fdf4_c0000d52b,ov_i9a2_l01_r0000fdf4_c0000d52b,ov_i9a2_l01_r0000fdf4_c0000d52b,ov_i9a2_l01_r0000fdf4_c0000d52b,ov_i9a2_l01_r0000fdf4_c0000d52b,ov_i9a2_l01_r0000fdf4_c0000d52b
352,Name,Ov_i9A2_L01_R0000FDF3_C0000D50E,ov_i9a2_l01_r0000fdf3_c0000d50e,ov_i9a2_l01_r0000fdf3_c0000d50e,ov_i9a2_l01_r0000fdf3_c0000d50e,ov_i9a2_l01_r0000fdf3_c0000d50e,ov_i9a2_l01_r0000fdf3_c0000d50e,ov_i9a2_l01_r0000fdf3_c0000d50e
353,Name,Ov_i9A2_L01_R0000FDF3_C0000D50F,ov_i9a2_l01_r0000fdf3_c0000d50f,ov_i9a2_l01_r0000fdf3_c0000d50f,ov_i9a2_l01_r0000fdf3_c0000d50f,ov_i9a2_l01_r0000fdf3_c0000d50f,ov_i9a2_l01_r0000fdf3_c0000d50f,ov_i9a2_l01_r0000fdf3_c0000d50f
354,Name,Ov_i9A2_L01_R0000FDE2_C0000D57B,ov_i9a2_l01_r0000fde2_c0000d57b,ov_i9a2_l01_r0000fde2_c0000d57b,ov_i9a2_l01_r0000fde2_c0000d57b,ov_i9a2_l01_r0000fde2_c0000d57b,ov_i9a2_l01_r0000fde2_c0000d57b,ov_i9a2_l01_r0000fde2_c0000d57b
355,Name,Ov_i9A2_L01_R0000FDE3_C0000D57A,ov_i9a2_l01_r0000fde3_c0000d57a,ov_i9a2_l01_r0000fde3_c0000d57a,ov_i9a2_l01_r0000fde3_c0000d57a,ov_i9a2_l01_r0000fde3_c0000d57a,ov_i9a2_l01_r0000fde3_c0000d57a,ov_i9a2_l01_r0000fde3_c0000d57a
356,Name,Ov_i9A2_L01_R0000FDE3_C0000D57B,ov_i9a2_l01_r0000fde3_c0000d57b,ov_i9a2_l01_r0000fde3_c0000d57b,ov_i9a2_l01_r0000fde3_c0000d57b,ov_i9a2_l01_r0000fde3_c0000d57b,ov_i9a2_l01_r0000fde3_c0000d57b,ov_i9a2_l01_r0000fde3_c0000d57b
357,Name,Ov_i9A2_L01_R0000FDE3_C0000D57C,ov_i9a2_l01_r0000fde3_c0000d57c,ov_i9a2_l01_r0000fde3_c0000d57c,ov_i9a2_l01_r0000fde3_c0000d57c,ov_i9a2_l01_r0000fde3_c0000d57c,ov_i9a2_l01_r0000fde3_c0000d57c,ov_i9a2_l01_r0000fde3_c0000d57c
358,Name,Ov_i9A2_L01_R0000FDE3_C0000D57D,ov_i9a2_l01_r0000fde3_c0000d57d,ov_i9a2_l01_r0000fde3_c0000d57d,ov_i9a2_l01_r0000fde3_c0000d57d,ov_i9a2_l01_r0000fde3_c0000d57d,ov_i9a2_l01_r0000fde3_c0000d57d,ov_i9a2_l01_r0000fde3_c0000d57d
359,Name,Ov_i9A2_L01_R0000FDE4_C0000D57B,ov_i9a2_l01_r0000fde4_c0000d57b,ov_i9a2_l01_r0000fde4_c0000d57b,ov_i9a2_l01_r0000fde4_c0000d57b,ov_i9a2_l01_r0000fde4_c0000d57b,ov_i9a2_l01_r0000fde4_c0000d57b,ov_i9a2_l01_r0000fde4_c0000d57b
360,Name,Ov_i9A2_L01_R0000FDE4_C0000D57C,ov_i9a2_l01_r0000fde4_c0000d57c,ov_i9a2_l01_r0000fde4_c0000d57c,ov_i9a2_l01_r0000fde4_c0000d57c,ov_i9a2_l01_r0000fde4_c0000d57c,ov_i9a2_l01_r0000fde4_c0000d57c,ov_i9a2_l01_r0000fde4_c0000d57c
361,Name,Ov_i9A2_L01_R0000FDE4_C0000D57D,ov_i9a2_l01_r0000fde4_c0000d57d,ov_i9a2_l01_r0000fde4_c0000d57d,ov_i9a2_l01_r0000fde4_c0000d57d,ov_i9a2_l01_r0000fde4_c0000d57d,ov_i9a2_l01_r0000fde4_c0000d57d,ov_i9a2_l01_r0000fde4_c0000d57d
362,Name,Ov_i9A2_L01_R0000FDE4_C0000D57E,ov_i9a2_l01_r0000fde4_c0000d57e,ov_i9a2_l01_r0000fde4_c0000d57e,ov_i9a2_l01_r0000fde4_c0000d57e,ov_i9a2_l01_r0000fde4_c0000d57e,ov_i9a2_l01_r0000fde4_c0000d57e,ov_i9a2_l01_r0000fde4_c0000d57e
363,Name,Ov_i9A2_L01_R0000FDE5_C0000D57D,ov_i9a2_l01_r0000fde5_c0000d57d,ov_i9a2_l01_r0000fde5_c0000d57d,ov_i9a2_l01_r0000fde5_c0000d57d,ov_i9a2_l01_r0000fde5_c0000d57d,ov_i9a2_l01_r0000fde5_c0000d57d,ov_i9a2_l01_r0000fde5_c0000d57d
364,Name,Ov_i9A2_L01_R0000FDE5_C0000D57E,ov_i9a2_l01_r0000fde5_c0000d57e,ov_i9a2_l01_r0000fde5_c0000d57e,ov_i9a2_l01_r0000fde5_c0000d57e,ov_i9a2_l01_r0000fde5_c0000d57e,ov_i9a2_l01_r0000fde5_c0000d57e,ov_i9a2_l01_r0000fde5_c0000d57e
365,Name,Ov_i9A2_L01_R0000FDDE_C0000D582,ov_i9a2_l01_r0000fdde_c0000d582,ov_i9a2_l01_r0000fdde_c0000d582,ov_i9a2_l01_r0000fdde_c0000d582,ov_i9a2_l01_r0000fdde_c0000d582,ov_i9a2_l01_r0000fdde_c0000d582,ov_i9a2_l01_r0000fdde_c0000d582
366,Name,Ov_i9A2_L01_R0000FDDE_C0000D583,ov_i9a2_l01_r0000fdde_c0000d583,ov_i9a2_l01_r0000fdde_c0000d583,ov_i9a2_l01_r0000fdde_c0000d583,ov_i9a2_l01_r0000fdde_c0000d583,ov_i9a2_l01_r0000fdde_c0000d583,ov_i9a2_l01_r0000fdde_c0000d583
367,Name,Ov_i9A2_L01_R0000FDDF_C0000D581,ov_i9a2_l01_r0000fddf_c0000d581,ov_i9a2_l01_r0000fddf_c0000d581,ov_i9a2_l01_r0000fddf_c0000d581,ov_i9a2_l01_r0000fddf_c0000d581,ov_i9a2_l01_r0000fddf_c0000d581,ov_i9a2_l01_r0000fddf_c0000d581
368,Name,Ov_i9A2_L01_R0000FDDF_C0000D582,ov_i9a2_l01_r0000fddf_c0000d582,ov_i9a2_l01_r0000fddf_c0000d582,ov_i9a2_l01_r0000fddf_c0000d582,ov_i9a2_l01_r0000fddf_c0000d582,ov_i9a2_l01_r0000fddf_c0000d582,ov_i9a2_l01_r0000fddf_c0000d582
369,Name,Ov_i9A2_L01_R0000FDDF_C0000D583,ov_i9a2_l01_r0000fddf_c0000d583,ov_i9a2_l01_r0000fddf_c0000d583,ov_i9a2_l01_r0000fddf_c0000d583,ov_i9a2_l01_r0000fddf_c0000d583,ov_i9a2_l01_r0000fddf_c0000d583,ov_i9a2_l01_r0000fddf_c0000d583
370,Name,Ov_i9A2_L01_R0000FDE0_C0000D581,ov_i9a2_l01_r0000fde0_c0000d581,ov_i9a2_l01_r0000fde0_c0000d581,ov_i9a2_l01_r0000fde0_c0000d581,ov_i9a2_l01_r0000fde0_c0000d581,ov_i9a2_l01_r0000fde0_c0000d581,ov_i9a2_l01_r0000fde0_c0000d581
371,Name,Ov_i9A2_L01_R0000FDE0_C0000D582,ov_i9a2_l01_r0000fde0_c0000d582,ov_i9a2_l01_r0000fde0_c0000d582,ov_i9a2_l01_r0000fde0_c0000d582,ov_i9a2_l01_r0000fde0_c0000d582,ov_i9a2_l01_r0000fde0_c0000d582,ov_i9a2_l01_r0000fde0_c0000d582
372,Name,Ov_i9A2_L01_R0000FDE1_C0000D581,ov_i9a2_l01_r0000fde1_c0000d581,ov_i9a2_l01_r0000fde1_c0000d581,ov_i9a2_l01_r0000fde1_c0000d581,ov_i9a2_l01_r0000fde1_c0000d581,ov_i9a2_l01_r0000fde1_c0000d581,ov_i9a2_l01_r0000fde1_c0000d581
373,Name,Ov_i9A2_L01_R0000FDE2_C0000D57F,ov_i9a2_l01_r0000fde2_c0000d57f,ov_i9a2_l01_r0000fde2_c0000d57f,ov_i9a2_l01_r0000fde2_c0000d57f,ov_i9a2_l01_r0000fde2_c0000d57f,ov_i9a2_l01_r0000fde2_c0000d57f,ov_i9a2_l01_r0000fde2_c0000d57f
374,Name,Ov_i9A2_L01_R0000FDE2_C0000D580,ov_i9a2_l01_r0000fde2_c0000d580,ov_i9a2_l01_r0000fde2_c0000d580,ov_i9a2_l01_r0000fde2_c0000d580,ov_i9a2_l01_r0000fde2_c0000d580,ov_i9a2_l01_r0000fde2_c0000d580,ov_i9a2_l01_r0000fde2_c0000d580
375,Name,Ov_i9A2_L01_R0000FDE3_C0000D57F,ov_i9a2_l01_r0000fde3_c0000d57f,ov_i9a2_l01_r0000fde3_c0000d57f,ov_i9a2_l01_r0000fde3_c0000d57f,ov_i9a2_l01_r0000fde3_c0000d57f,ov_i9a2_l01_r0000fde3_c0000d57f,ov_i9a2_l01_r0000fde3_c0000d57f
376,Name,Ov_i9A2_L01_R0000FDCE_C0000D57D,ov_i9a2_l01_r0000fdce_c0000d57d,ov_i9a2_l01_r0000fdce_c0000d57d,ov_i9a2_l01_r0000fdce_c0000d57d,ov_i9a2_l01_r0000fdce_c0000d57d,ov_i9a2_l01_r0000fdce_c0000d57d,ov_i9a2_l01_r0000fdce_c0000d57d
377,Name,Ov_i9A2_L01_R0000FDCE_C0000D57E,ov_i9a2_l01_r0000fdce_c0000d57e,ov_i9a2_l01_r0000fdce_c0000d57e,ov_i9a2_l01_r0000fdce_c0000d57e,ov_i9a2_l01_r0000fdce_c0000d57e,ov_i9a2_l01_r0000fdce_c0000d57e,ov_i9a2_l01_r0000fdce_c0000d57e
378,Name,Ov_i9A2_L01_R0000FDCF_C0000D57C,ov_i9a2_l01_r0000fdcf_c0000d57c,ov_i9a2_l01_r0000fdcf_c0000d57c,ov_i9a2_l01_r0000fdcf_c0000d57c,ov_i9a2_l01_r0000fdcf_c0000d57c,ov_i9a2_l01_r0000fdcf_c0000d57c,ov_i9a2_l01_r0000fdcf_c0000d57c
379,Name,Ov_i9A2_L01_R0000FDCF_C0000D57D,ov_i9a2_l01_r0000fdcf_c0000d57d,ov_i9a2_l01_r0000fdcf_c0000d57d,ov_i9a2_l01_r0000fdcf_c0000d57d,ov_i9a2_l01_r0000fdcf_c0000d57d,ov_i9a2_l01_r0000fdcf_c0000d57d,ov_i9a2_l01_r0000fdcf_c0000d57d
380,Name,Ov_i9A2_L01_R0000FDD0_C0000D57C,ov_i9a2_l01_r0000fdd0_c0000d57c,ov_i9a2_l01_r0000fdd0_c0000d57c,ov_i9a2_l01_r0000fdd0_c0000d57c,ov_i9a2_l01_r0000fdd0_c0000d57c,ov_i9a2_l01_r0000fdd0_c0000d57c,ov_i9a2_l01_r0000fdd0_c0000d57c
381,Name,Ov_i9A2_L01_R0000FDCD_C0000D57B,ov_i9a2_l01_r0000fdcd_c0000d57b,ov_i9a2_l01_r0000fdcd_c0000d57b,ov_i9a2_l01_r0000fdcd_c0000d57b,ov_i9a2_l01_r0000fdcd_c0000d57b,ov_i9a2_l01_r0000fdcd_c0000d57b,ov_i9a2_l01_r0000fdcd_c0000d57b
382,Name,Ov_i9A2_L01_R0000FDCE_C0000D57A,ov_i9a2_l01_r0000fdce_c0000d57a,ov_i9a2_l01_r0000fdce_c0000d57a,ov_i9a2_l01_r0000fdce_c0000d57a,ov_i9a2_l01_r0000fdce_c0000d57a,ov_i9a2_l01_r0000fdce_c0000d57a,ov_i9a2_l01_r0000fdce_c0000d57a
383,Name,Ov_i9A2_L01_R0000FDCE_C0000D57B,ov_i9a2_l01_r0000fdce_c0000d57b,ov_i9a2_l01_r0000fdce_c0000d57b,ov_i9a2_l01_r0000fdce_c0000d57b,ov_i9a2_l01_r0000fdce_c0000d57b,ov_i9a2_l01_r0000fdce_c0000d57b,ov_i9a2_l01_r0000fdce_c0000d57b
384,Name,Ov_i9A2_L01_R0000FDCD_C0000D57C,ov_i9a2_l01_r0000fdcd_c0000d57c,ov_i9a2_l01_r0000fdcd_c0000d57c,ov_i9a2_l01_r0000fdcd_c0000d57c,ov_i9a2_l01_r0000fdcd_c0000d57c,ov_i9a2_l01_r0000fdcd_c0000d57c,ov_i9a2_l01_r0000fdcd_c0000d57c
385,Name,Ov_i9A2_L01_R0000FDCD_C0000D57E,ov_i9a2_l01_r0000fdcd_c0000d57e,ov_i9a2_l01_r0000fdcd_c0000d57e,ov_i9a2_l01_r0000fdcd_c0000d57e,ov_i9a2_l01_r0000fdcd_c0000d57e,ov_i9a2_l01_r0000fdcd_c0000d57e,ov_i9a2_l01_r0000fdcd_c0000d57e
386,Name,Ov_i9A2_L01_R0000FDCD_C0000D57D,ov_i9a2_l01_r0000fdcd_c0000d57d,ov_i9a2_l01_r0000fdcd_c0000d57d,ov_i9a2_l01_r0000fdcd_c0000d57d,ov_i9a2_l01_r0000fdcd_c0000d57d,ov_i9a2_l01_r0000fdcd_c0000d57d,ov_i9a2_l01_r0000fdcd_c0000d57d
387,Name,Ov_i9A2_L01_R0000FDF8_C0000D513,ov_i9a2_l01_r0000fdf8_c0000d513,ov_i9a2_l01_r0000fdf8_c0000d513,ov_i9a2_l01_r0000fdf8_c0000d513,ov_i9a2_l01_r0000fdf8_c0000d513,ov_i9a2_l01_r0000fdf8_c0000d513,ov_i9a2_l01_r0000fdf8_c0000d513
388,Name,Ov_i9A2_L01_R0000FDF2_C0000D511,ov_i9a2_l01_r0000fdf2_c0000d511,ov_i9a2_l01_r0000fdf2_c0000d511,ov_i9a2_l01_r0000fdf2_c0000d511,ov_i9a2_l01_r0000fdf2_c0000d511,ov_i9a2_l01_r0000fdf2_c0000d511,ov_i9a2_l01_r0000fdf2_c0000d511
389,Name,Ov_i9A2_L01_R0000FDF2_C0000D512,ov_i9a2_l01_r0000fdf2_c0000d512,ov_i9a2_l01_r0000fdf2_c0000d512,ov_i9a2_l01_r0000fdf2_c0000d512,ov_i9a2_l01_r0000fdf2_c0000d512,ov_i9a2_l01_r0000fdf2_c0000d512,ov_i9a2_l01_r0000fdf2_c0000d512
390,Name,Ov_i9A2_L01_R0000FDF2_C0000D513,ov_i9a2_l01_r0000fdf2_c0000d513,ov_i9a2_l01_r0000fdf2_c0000d513,ov_i9a2_l01_r0000fdf2_c0000d513,ov_i9a2_l01_r0000fdf2_c0000d513,ov_i9a2_l01_r0000fdf2_c0000d513,ov_i9a2_l01_r0000fdf2_c0000d513
391,Name,Ov_i9A2_L01_R0000FDF2_C0000D514,ov_i9a2_l01_r0000fdf2_c0000d514,ov_i9a2_l01_r0000fdf2_c0000d514,ov_i9a2_l01_r0000fdf2_c0000d514,ov_i9a2_l01_r0000fdf2_c0000d514,ov_i9a2_l01_r0000fdf2_c0000d514,ov_i9a2_l01_r0000fdf2_c0000d514
392,Name,Ov_i9A2_L01_R0000FDF2_C0000D515,ov_i9a2_l01_r0000fdf2_c0000d515,ov_i9a2_l01_r0000fdf2_c0000d515,ov_i9a2_l01_r0000fdf2_c0000d515,ov_i9a2_l01_r0000fdf2_c0000d515,ov_i9a2_l01_r0000fdf2_c0000d515,ov_i9a2_l01_r0000fdf2_c0000d515
393,Name,Ov_i9A2_L01_R0000FDF2_C0000D516,ov_i9a2_l01_r0000fdf2_c0000d516,ov_i9a2_l01_r0000fdf2_c0000d516,ov_i9a2_l01_r0000fdf2_c0000d516,ov_i9a2_l01_r0000fdf2_c0000d516,ov_i9a2_l01_r0000fdf2_c0000d516,ov_i9a2_l01_r0000fdf2_c0000d516
394,Name,Ov_i9A2_L01_R0000FDF2_C0000D517,ov_i9a2_l01_r0000fdf2_c0000d517,ov_i9a2_l01_r0000fdf2_c0000d517,ov_i9a2_l01_r0000fdf2_c0000d517,ov_i9a2_l01_r0000fdf2_c0000d517,ov_i9a2_l01_r0000fdf2_c0000d517,ov_i9a2_l01_r0000fdf2_c0000d517
395,Name,Ov_i9A2_L01_R0000FDF2_C0000D518,ov_i9a2_l01_r0000fdf2_c0000d518,ov_i9a2_l01_r0000fdf2_c0000d518,ov_i9a2_l01_r0000fdf2_c0000d518,ov_i9a2_l01_r0000fdf2_c0000d518,ov_i9a2_l01_r0000fdf2_c0000d518,ov_i9a2_l01_r0000fdf2_c0000d518
396,Name,Ov_i9A2_L01_R0000FDF2_C0000D519,ov_i9a2_l01_r0000fdf2_c0000d519,ov_i9a2_l01_r0000fdf2_c0000d519,ov_i9a2_l01_r0000fdf2_c0000d519,ov_i9a2_l01_r0000fdf2_c0000d519,ov_i9a2_l01_r0000fdf2_c0000d519,ov_i9a2_l01_r0000fdf2_c0000d519
397,Name,Ov_i9A2_L01_R0000FDF2_C0000D51A,ov_i9a2_l01_r0000fdf2_c0000d51a,ov_i9a2_l01_r0000fdf2_c0000d51a,ov_i9a2_l01_r0000fdf2_c0000d51a,ov_i9a2_l01_r0000fdf2_c0000d51a,ov_i9a2_l01_r0000fdf2_c0000d51a,ov_i9a2_l01_r0000fdf2_c0000d51a
398,Name,Ov_i9A2_L01_R0000FDF2_C0000D51B,ov_i9a2_l01_r0000fdf2_c0000d51b,ov_i9a2_l01_r0000fdf2_c0000d51b,ov_i9a2_l01_r0000fdf2_c0000d51b,ov_i9a2_l01_r0000fdf2_c0000d51b,ov_i9a2_l01_r0000fdf2_c0000d51b,ov_i9a2_l01_r0000fdf2_c0000d51b
399,Name,Ov_i9A2_L01_R0000FDF2_C0000D51C,ov_i9a2_l01_r0000fdf2_c0000d51c,ov_i9a2_l01_r0000fdf2_c0000d51c,ov_i9a2_l01_r0000fdf2_c0000d51c,ov_i9a2_l01_r0000fdf2_c0000d51c,ov_i9a2_l01_r0000fdf2_c0000d51c,ov_i9a2_l01_r0000fdf2_c0000d51c
400,Name,Ov_i9A2_L01_R0000FDF2_C0000D51D,ov_i9a2_l01_r0000fdf2_c0000d51d,ov_i9a2_l01_r0000fdf2_c0000d51d,ov_i9a2_l01_r0000fdf2_c0000d51d,ov_i9a2_l01_r0000fdf2_c0000d51d,ov_i9a2_l01_r0000fdf2_c0000d51d,ov_i9a2_l01_r0000fdf2_c0000d51d
401,Name,Ov_i9A2_L01_R0000FDF2_C0000D51E,ov_i9a2_l01_r0000fdf2_c0000d51e,ov_i9a2_l01_r0000fdf2_c0000d51e,ov_i9a2_l01_r0000fdf2_c0000d51e,ov_i9a2_l01_r0000fdf2_c0000d51e,ov_i9a2_l01_r0000fdf2_c0000d51e,ov_i9a2_l01_r0000fdf2_c0000d51e
402,Name,Ov_i9A2_L01_R0000FDF2_C0000D51F,ov_i9a2_l01_r0000fdf2_c0000d51f,ov_i9a2_l01_r0000fdf2_c0000d51f,ov_i9a2_l01_r0000fdf2_c0000d51f,ov_i9a2_l01_r0000fdf2_c0000d51f,ov_i9a2_l01_r0000fdf2_c0000d51f,ov_i9a2_l01_r0000fdf2_c0000d51f
403,Name,Ov_i9A2_L01_R0000FDF2_C0000D520,ov_i9a2_l01_r0000fdf2_c0000d520,ov_i9a2_l01_r0000fdf2_c0000d520,ov_i9a2_l01_r0000fdf2_c0000d520,ov_i9a2_l01_r0000fdf2_c0000d520,ov_i9a2_l01_r0000fdf2_c0000d520,ov_i9a2_l01_r0000fdf2_c0000d520
404,Name,Ov_i9A2_L01_R0000FDF2_C0000D523,ov_i9a2_l01_r0000fdf2_c0000d523,ov_i9a2_l01_r0000fdf2_c0000d523,ov_i9a2_l01_r0000fdf2_c0000d523,ov_i9a2_l01_r0000fdf2_c0000d523,ov_i9a2_l01_r0000fdf2_c0000d523,ov_i9a2_l01_r0000fdf2_c0000d523
405,Name,Ov_i9A2_L01_R0000FDF2_C0000D524,ov_i9a2_l01_r0000fdf2_c0000d524,ov_i9a2_l01_r0000fdf2_c0000d524,ov_i9a2_l01_r0000fdf2_c0000d524,ov_i9a2_l01_r0000fdf2_c0000d524,ov_i9a2_l01_r0000fdf2_c0000d524,ov_i9a2_l01_r0000fdf2_c0000d524
406,Name,Ov_i9A2_L01_R0000FE03_C0000D548,ov_i9a2_l01_r0000fe03_c0000d548,ov_i9a2_l01_r0000fe03_c0000d548,ov_i9a2_l01_r0000fe03_c0000d548,ov_i9a2_l01_r0000fe03_c0000d548,ov_i9a2_l01_r0000fe03_c0000d548,ov_i9a2_l01_r0000fe03_c0000d548
407,Name,Ov_i9A2_L01_R0000FE03_C0000D549,ov_i9a2_l01_r0000fe03_c0000d549,ov_i9a2_l01_r0000fe03_c0000d549,ov_i9a2_l01_r0000fe03_c0000d549,ov_i9a2_l01_r0000fe03_c0000d549,ov_i9a2_l01_r0000fe03_c0000d549,ov_i9a2_l01_r0000fe03_c0000d549
408,Name,Ov_i9A2_L01_R0000FE03_C0000D54A,ov_i9a2_l01_r0000fe03_c0000d54a,ov_i9a2_l01_r0000fe03_c0000d54a,ov_i9a2_l01_r0000fe03_c0000d54a,ov_i9a2_l01_r0000fe03_c0000d54a,ov_i9a2_l01_r0000fe03_c0000d54a,ov_i9a2_l01_r0000fe03_c0000d54a
409,Name,Ov_i9A2_L01_R0000FE03_C0000D54B,ov_i9a2_l01_r0000fe03_c0000d54b,ov_i9a2_l01_r0000fe03_c0000d54b,ov_i9a2_l01_r0000fe03_c0000d54b,ov_i9a2_l01_r0000fe03_c0000d54b,ov_i9a2_l01_r0000fe03_c0000d54b,ov_i9a2_l01_r0000fe03_c0000d54b
410,Name,Ov_i9A2_L01_R0000FE03_C0000D54C,ov_i9a2_l01_r0000fe03_c0000d54c,ov_i9a2_l01_r0000fe03_c0000d54c,ov_i9a2_l01_r0000fe03_c0000d54c,ov_i9a2_l01_r0000fe03_c0000d54c,ov_i9a2_l01_r0000fe03_c0000d54c,ov_i9a2_l01_r0000fe03_c0000d54c
411,Name,Ov_i9A2_L01_R0000FE03_C0000D54D,ov_i9a2_l01_r0000fe03_c0000d54d,ov_i9a2_l01_r0000fe03_c0000d54d,ov_i9a2_l01_r0000fe03_c0000d54d,ov_i9a2_l01_r0000fe03_c0000d54d,ov_i9a2_l01_r0000fe03_c0000d54d,ov_i9a2_l01_r0000fe03_c0000d54d
412,Name,Ov_i9A2_L01_R0000FE03_C0000D54E,ov_i9a2_l01_r0000fe03_c0000d54e,ov_i9a2_l01_r0000fe03_c0000d54e,ov_i9a2_l01_r0000fe03_c0000d54e,ov_i9a2_l01_r0000fe03_c0000d54e,ov_i9a2_l01_r0000fe03_c0000d54e,ov_i9a2_l01_r0000fe03_c0000d54e
413,Name,Ov_i9A2_L01_R0000FE04_C0000D548,ov_i9a2_l01_r0000fe04_c0000d548,ov_i9a2_l01_r0000fe04_c0000d548,ov_i9a2_l01_r0000fe04_c0000d548,ov_i9a2_l01_r0000fe04_c0000d548,ov_i9a2_l01_r0000fe04_c0000d548,ov_i9a2_l01_r0000fe04_c0000d548
414,Name,Ov_i9A2_L01_R0000FE04_C0000D549,ov_i9a2_l01_r0000fe04_c0000d549,ov_i9a2_l01_r0000fe04_c0000d549,ov_i9a2_l01_r0000fe04_c0000d549,ov_i9a2_l01_r0000fe04_c0000d549,ov_i9a2_l01_r0000fe04_c0000d549,ov_i9a2_l01_r0000fe04_c0000d549
415,Name,Ov_i9A2_L01_R0000FE04_C0000D54A,ov_i9a2_l01_r0000fe04_c0000d54a,ov_i9a2_l01_r0000fe04_c0000d54a,ov_i9a2_l01_r0000fe04_c0000d54a,ov_i9a2_l01_r0000fe04_c0000d54a,ov_i9a2_l01_r0000fe04_c0000d54a,ov_i9a2_l01_r0000fe04_c0000d54a
416,Name,Ov_i9A2_L01_R0000FE04_C0000D54B,ov_i9a2_l01_r0000fe04_c0000d54b,ov_i9a2_l01_r0000fe04_c0000d54b,ov_i9a2_l01_r0000fe04_c0000d54b,ov_i9a2_l01_r0000fe04_c0000d54b,ov_i9a2_l01_r0000fe04_c0000d54b,ov_i9a2_l01_r0000fe04_c0000d54b
417,Name,Ov_i9A2_L01_R0000FE04_C0000D54C,ov_i9a2_l01_r0000fe04_c0000d54c,ov_i9a2_l01_r0000fe04_c0000d54c,ov_i9a2_l01_r0000fe04_c0000d54c,ov_i9a2_l01_r0000fe04_c0000d54c,ov_i9a2_l01_r0000fe04_c0000d54c,ov_i9a2_l01_r0000fe04_c0000d54c
418,Name,Ov_i9A2_L01_R0000FE04_C0000D54D,ov_i9a2_l01_r0000fe04_c0000d54d,ov_i9a2_l01_r0000fe04_c0000d54d,ov_i9a2_l01_r0000fe04_c0000d54d,ov_i9a2_l01_r0000fe04_c0000d54d,ov_i9a2_l01_r0000fe04_c0000d54d,ov_i9a2_l01_r0000fe04_c0000d54d
419,Name,Ov_i9A2_L01_R0000FE04_C0000D54E,ov_i9a2_l01_r0000fe04_c0000d54e,ov_i9a2_l01_r0000fe04_c0000d54e,ov_i9a2_l01_r0000fe04_c0000d54e,ov_i9a2_l01_r0000fe04_c0000d54e,ov_i9a2_l01_r0000fe04_c0000d54e,ov_i9a2_l01_r0000fe04_c0000d54e
420,Name,Ov_i9A2_L01_R0000FE04_C0000D559,ov_i9a2_l01_r0000fe04_c0000d559,ov_i9a2_l01_r0000fe04_c0000d559,ov_i9a2_l01_r0000fe04_c0000d559,ov_i9a2_l01_r0000fe04_c0000d559,ov_i9a2_l01_r0000fe04_c0000d559,ov_i9a2_l01_r0000fe04_c0000d559
421,Name,Ov_i9A2_L01_R0000FE05_C0000D548,ov_i9a2_l01_r0000fe05_c0000d548,ov_i9a2_l01_r0000fe05_c0000d548,ov_i9a2_l01_r0000fe05_c0000d548,ov_i9a2_l01_r0000fe05_c0000d548,ov_i9a2_l01_r0000fe05_c0000d548,ov_i9a2_l01_r0000fe05_c0000d548
422,Name,Ov_i9A2_L01_R0000FE05_C0000D549,ov_i9a2_l01_r0000fe05_c0000d549,ov_i9a2_l01_r0000fe05_c0000d549,ov_i9a2_l01_r0000fe05_c0000d549,ov_i9a2_l01_r0000fe05_c0000d549,ov_i9a2_l01_r0000fe05_c0000d549,ov_i9a2_l01_r0000fe05_c0000d549
423,Name,Ov_i9A2_L01_R0000FE05_C0000D54A,ov_i9a2_l01_r0000fe05_c0000d54a,ov_i9a2_l01_r0000fe05_c0000d54a,ov_i9a2_l01_r0000fe05_c0000d54a,ov_i9a2_l01_r0000fe05_c0000d54a,ov_i9a2_l01_r0000fe05_c0000d54a,ov_i9a2_l01_r0000fe05_c0000d54a
424,Name,Ov_i9A2_L01_R0000FE05_C0000D54B,ov_i9a2_l01_r0000fe05_c0000d54b,ov_i9a2_l01_r0000fe05_c0000d54b,ov_i9a2_l01_r0000fe05_c0000d54b,ov_i9a2_l01_r0000fe05_c0000d54b,ov_i9a2_l01_r0000fe05_c0000d54b,ov_i9a2_l01_r0000fe05_c0000d54b
425,Name,Ov_i9A2_L01_R0000FE05_C0000D54C,ov_i9a2_l01_r0000fe05_c0000d54c,ov_i9a2_l01_r0000fe05_c0000d54c,ov_i9a2_l01_r0000fe05_c0000d54c,ov_i9a2_l01_r0000fe05_c0000d54c,ov_i9a2_l01_r0000fe05_c0000d54c,ov_i9a2_l01_r0000fe05_c0000d54c
426,Name,Ov_i9A2_L01_R0000FE05_C0000D54D,ov_i9a2_l01_r0000fe05_c0000d54d,ov_i9a2_l01_r0000fe05_c0000d54d,ov_i9a2_l01_r0000fe05_c0000d54d,ov_i9a2_l01_r0000fe05_c0000d54d,ov_i9a2_l01_r0000fe05_c0000d54d,ov_i9a2_l01_r0000fe05_c0000d54d
427,Name,Ov_i9A2_L01_R0000FE05_C0000D54E,ov_i9a2_l01_r0000fe05_c0000d54e,ov_i9a2_l01_r0000fe05_c0000d54e,ov_i9a2_l01_r0000fe05_c0000d54e,ov_i9a2_l01_r0000fe05_c0000d54e,ov_i9a2_l01_r0000fe05_c0000d54e,ov_i9a2_l01_r0000fe05_c0000d54e
428,Name,Ov_i9A2_L01_R0000FE05_C0000D557,ov_i9a2_l01_r0000fe05_c0000d557,ov_i9a2_l01_r0000fe05_c0000d557,ov_i9a2_l01_r0000fe05_c0000d557,ov_i9a2_l01_r0000fe05_c0000d557,ov_i9a2_l01_r0000fe05_c0000d557,ov_i9a2_l01_r0000fe05_c0000d557
429,Name,Ov_i9A2_L01_R0000FE06_C0000D549,ov_i9a2_l01_r0000fe06_c0000d549,ov_i9a2_l01_r0000fe06_c0000d549,ov_i9a2_l01_r0000fe06_c0000d549,ov_i9a2_l01_r0000fe06_c0000d549,ov_i9a2_l01_r0000fe06_c0000d549,ov_i9a2_l01_r0000fe06_c0000d549
430,Name,Ov_i9A2_L01_R0000FE06_C0000D54A,ov_i9a2_l01_r0000fe06_c0000d54a,ov_i9a2_l01_r0000fe06_c0000d54a,ov_i9a2_l01_r0000fe06_c0000d54a,ov_i9a2_l01_r0000fe06_c0000d54a,ov_i9a2_l01_r0000fe06_c0000d54a,ov_i9a2_l01_r0000fe06_c0000d54a
431,Name,Ov_i9A2_L01_R0000FE06_C0000D54B,ov_i9a2_l01_r0000fe06_c0000d54b,ov_i9a2_l01_r0000fe06_c0000d54b,ov_i9a2_l01_r0000fe06_c0000d54b,ov_i9a2_l01_r0000fe06_c0000d54b,ov_i9a2_l01_r0000fe06_c0000d54b,ov_i9a2_l01_r0000fe06_c0000d54b
432,Name,Ov_i9A2_L01_R0000FE06_C0000D54C,ov_i9a2_l01_r0000fe06_c0000d54c,ov_i9a2_l01_r0000fe06_c0000d54c,ov_i9a2_l01_r0000fe06_c0000d54c,ov_i9a2_l01_r0000fe06_c0000d54c,ov_i9a2_l01_r0000fe06_c0000d54c,ov_i9a2_l01_r0000fe06_c0000d54c
433,Name,Ov_i9A2_L01_R0000FE06_C0000D54D,ov_i9a2_l01_r0000fe06_c0000d54d,ov_i9a2_l01_r0000fe06_c0000d54d,ov_i9a2_l01_r0000fe06_c0000d54d,ov_i9a2_l01_r0000fe06_c0000d54d,ov_i9a2_l01_r0000fe06_c0000d54d,ov_i9a2_l01_r0000fe06_c0000d54d
434,Name,Ov_i9A2_L01_R0000FE06_C0000D54E,ov_i9a2_l01_r0000fe06_c0000d54e,ov_i9a2_l01_r0000fe06_c0000d54e,ov_i9a2_l01_r0000fe06_c0000d54e,ov_i9a2_l01_r0000fe06_c0000d54e,ov_i9a2_l01_r0000fe06_c0000d54e,ov_i9a2_l01_r0000fe06_c0000d54e
435,Name,Ov_i9A2_L01_R0000FE06_C0000D555,ov_i9a2_l01_r0000fe06_c0000d555,ov_i9a2_l01_r0000fe06_c0000d555,ov_i9a2_l01_r0000fe06_c0000d555,ov_i9a2_l01_r0000fe06_c0000d555,ov_i9a2_l01_r0000fe06_c0000d555,ov_i9a2_l01_r0000fe06_c0000d555
436,Name,Ov_i9A2_L01_R0000FE06_C0000D556,ov_i9a2_l01_r0000fe06_c0000d556,ov_i9a2_l01_r0000fe06_c0000d556,ov_i9a2_l01_r0000fe06_c0000d556,ov_i9a2_l01_r0000fe06_c0000d556,ov_i9a2_l01_r0000fe06_c0000d556,ov_i9a2_l01_r0000fe06_c0000d556
437,Name,Ov_i9A2_L01_R0000FE06_C0000D557,ov_i9a2_l01_r0000fe06_c0000d557,ov_i9a2_l01_r0000fe06_c0000d557,ov_i9a2_l01_r0000fe06_c0000d557,ov_i9a2_l01_r0000fe06_c0000d557,ov_i9a2_l01_r0000fe06_c0000d557,ov_i9a2_l01_r0000fe06_c0000d557
438,Name,Ov_i9A2_L01_R0000FE07_C0000D555,ov_i9a2_l01_r0000fe07_c0000d555,ov_i9a2_l01_r0000fe07_c0000d555,ov_i9a2_l01_r0000fe07_c0000d555,ov_i9a2_l01_r0000fe07_c0000d555,ov_i9a2_l01_r0000fe07_c0000d555,ov_i9a2_l01_r0000fe07_c0000d555
439,Name,Ov_i9A2_L01_R0000FE07_C0000D556,ov_i9a2_l01_r0000fe07_c0000d556,ov_i9a2_l01_r0000fe07_c0000d556,ov_i9a2_l01_r0000fe07_c0000d556,ov_i9a2_l01_r0000fe07_c0000d556,ov_i9a2_l01_r0000fe07_c0000d556,ov_i9a2_l01_r0000fe07_c0000d556
440,Name,Ov_i9A2_L01_R0000FE07_C0000D557,ov_i9a2_l01_r0000fe07_c0000d557,ov_i9a2_l01_r0000fe07_c0000d557,ov_i9a2_l01_r0000fe07_c0000d557,ov_i9a2_l01_r0000fe07_c0000d557,ov_i9a2_l01_r0000fe07_c0000d557,ov_i9a2_l01_r0000fe07_c0000d557
441,Name,Ov_i9A2_L01_R0000FE07_C0000D558,ov_i9a2_l01_r0000fe07_c0000d558,ov_i9a2_l01_r0000fe07_c0000d558,ov_i9a2_l01_r0000fe07_c0000d558,ov_i9a2_l01_r0000fe07_c0000d558,ov_i9a2_l01_r0000fe07_c0000d558,ov_i9a2_l01_r0000fe07_c0000d558
442,Name,Ov_i9A2_L01_R0000FE08_C0000D556,ov_i9a2_l01_r0000fe08_c0000d556,ov_i9a2_l01_r0000fe08_c0000d556,ov_i9a2_l01_r0000fe08_c0000d556,ov_i9a2_l01_r0000fe08_c0000d556,ov_i9a2_l01_r0000fe08_c0000d556,ov_i9a2_l01_r0000fe08_c0000d556
443,Name,Ov_i9A2_L01_R0000FE08_C0000D557,ov_i9a2_l01_r0000fe08_c0000d557,ov_i9a2_l01_r0000fe08_c0000d557,ov_i9a2_l01_r0000fe08_c0000d557,ov_i9a2_l01_r0000fe08_c0000d557,ov_i9a2_l01_r0000fe08_c0000d557,ov_i9a2_l01_r0000fe08_c0000d557
444,Name,Ov_i9A2_L01_R0000FE08_C0000D558,ov_i9a2_l01_r0000fe08_c0000d558,ov_i9a2_l01_r0000fe08_c0000d558,ov_i9a2_l01_r0000fe08_c0000d558,ov_i9a2_l01_r0000fe08_c0000d558,ov_i9a2_l01_r0000fe08_c0000d558,ov_i9a2_l01_r0000fe08_c0000d558
445,Name,Ov_i9A2_L01_R0000FE09_C0000D555,ov_i9a2_l01_r0000fe09_c0000d555,ov_i9a2_l01_r0000fe09_c0000d555,ov_i9a2_l01_r0000fe09_c0000d555,ov_i9a2_l01_r0000fe09_c0000d555,ov_i9a2_l01_r0000fe09_c0000d555,ov_i9a2_l01_r0000fe09_c0000d555
446,Name,Ov_i9A2_L01_R0000FE09_C0000D556,ov_i9a2_l01_r0000fe09_c0000d556,ov_i9a2_l01_r0000fe09_c0000d556,ov_i9a2_l01_r0000fe09_c0000d556,ov_i9a2_l01_r0000fe09_c0000d556,ov_i9a2_l01_r0000fe09_c0000d556,ov_i9a2_l01_r0000fe09_c0000d556
447,Name,Ov_i9A2_L01_R0000FE09_C0000D557,ov_i9a2_l01_r0000fe09_c0000d557,ov_i9a2_l01_r0000fe09_c0000d557,ov_i9a2_l01_r0000fe09_c0000d557,ov_i9a2_l01_r0000fe09_c0000d557,ov_i9a2_l01_r0000fe09_c0000d557,ov_i9a2_l01_r0000fe09_c0000d557
448,Name,Ov_i9A2_L01_R0000FE09_C0000D558,ov_i9a2_l01_r0000fe09_c0000d558,ov_i9a2_l01_r0000fe09_c0000d558,ov_i9a2_l01_r0000fe09_c0000d558,ov_i9a2_l01_r0000fe09_c0000d558,ov_i9a2_l01_r0000fe09_c0000d558,ov_i9a2_l01_r0000fe09_c0000d558
449,Name,Ov_i9A2_L01_R0000FE09_C0000D559,ov_i9a2_l01_r0000fe09_c0000d559,ov_i9a2_l01_r0000fe09_c0000d559,ov_i9a2_l01_r0000fe09_c0000d559,ov_i9a2_l01_r0000fe09_c0000d559,ov_i9a2_l01_r0000fe09_c0000d559,ov_i9a2_l01_r0000fe09_c0000d559
450,Name,Ov_i9A2_L01_R0000FE09_C0000D55A,ov_i9a2_l01_r0000fe09_c0000d55a,ov_i9a2_l01_r0000fe09_c0000d55a,ov_i9a2_l01_r0000fe09_c0000d55a,ov_i9a2_l01_r0000fe09_c0000d55a,ov_i9a2_l01_r0000fe09_c0000d55a,ov_i9a2_l01_r0000fe09_c0000d55a
451,Name,Ov_i9A2_L01_R0000FE09_C0000D55B,ov_i9a2_l01_r0000fe09_c0000d55b,ov_i9a2_l01_r0000fe09_c0000d55b,ov_i9a2_l01_r0000fe09_c0000d55b,ov_i9a2_l01_r0000fe09_c0000d55b,ov_i9a2_l01_r0000fe09_c0000d55b,ov_i9a2_l01_r0000fe09_c0000d55b
452,Name,Ov_i9A2_L01_R0000FE09_C0000D55C,ov_i9a2_l01_r0000fe09_c0000d55c,ov_i9a2_l01_r0000fe09_c0000d55c,ov_i9a2_l01_r0000fe09_c0000d55c,ov_i9a2_l01_r0000fe09_c0000d55c,ov_i9a2_l01_r0000fe09_c0000d55c,ov_i9a2_l01_r0000fe09_c0000d55c
453,Name,Ov_i9A2_L01_R0000FE0A_C0000D556,ov_i9a2_l01_r0000fe0a_c0000d556,ov_i9a2_l01_r0000fe0a_c0000d556,ov_i9a2_l01_r0000fe0a_c0000d556,ov_i9a2_l01_r0000fe0a_c0000d556,ov_i9a2_l01_r0000fe0a_c0000d556,ov_i9a2_l01_r0000fe0a_c0000d556
454,Name,Ov_i9A2_L01_R0000FE0A_C0000D557,ov_i9a2_l01_r0000fe0a_c0000d557,ov_i9a2_l01_r0000fe0a_c0000d557,ov_i9a2_l01_r0000fe0a_c0000d557,ov_i9a2_l01_r0000fe0a_c0000d557,ov_i9a2_l01_r0000fe0a_c0000d557,ov_i9a2_l01_r0000fe0a_c0000d557
455,Name,Ov_i9A2_L01_R0000FE0A_C0000D558,ov_i9a2_l01_r0000fe0a_c0000d558,ov_i9a2_l01_r0000fe0a_c0000d558,ov_i9a2_l01_r0000fe0a_c0000d558,ov_i9a2_l01_r0000fe0a_c0000d558,ov_i9a2_l01_r0000fe0a_c0000d558,ov_i9a2_l01_r0000fe0a_c0000d558
456,Name,Ov_i9A2_L01_R0000FE0A_C0000D559,ov_i9a2_l01_r0000fe0a_c0000d559,ov_i9a2_l01_r0000fe0a_c0000d559,ov_i9a2_l01_r0000fe0a_c0000d559,ov_i9a2_l01_r0000fe0a_c0000d559,ov_i9a2_l01_r0000fe0a_c0000d559,ov_i9a2_l01_r0000fe0a_c0000d559
457,Name,Ov_i9A2_L01_R0000FE0A_C0000D55A,ov_i9a2_l01_r0000fe0a_c0000d55a,ov_i9a2_l01_r0000fe0a_c0000d55a,ov_i9a2_l01_r0000fe0a_c0000d55a,ov_i9a2_l01_r0000fe0a_c0000d55a,ov_i9a2_l01_r0000fe0a_c0000d55a,ov_i9a2_l01_r0000fe0a_c0000d55a
458,Name,Ov_i9A2_L01_R0000FE0A_C0000D55B,ov_i9a2_l01_r0000fe0a_c0000d55b,ov_i9a2_l01_r0000fe0a_c0000d55b,ov_i9a2_l01_r0000fe0a_c0000d55b,ov_i9a2_l01_r0000fe0a_c0000d55b,ov_i9a2_l01_r0000fe0a_c0000d55b,ov_i9a2_l01_r0000fe0a_c0000d55b
459,Name,Ov_i9A2_L01_R0000FE0A_C0000D58A,ov_i9a2_l01_r0000fe0a_c0000d58a,ov_i9a2_l01_r0000fe0a_c0000d58a,ov_i9a2_l01_r0000fe0a_c0000d58a,ov_i9a2_l01_r0000fe0a_c0000d58a,ov_i9a2_l01_r0000fe0a_c0000d58a,ov_i9a2_l01_r0000fe0a_c0000d58a
460,Name,Ov_i9A2_L01_R0000FE0B_C0000D58A,ov_i9a2_l01_r0000fe0b_c0000d58a,ov_i9a2_l01_r0000fe0b_c0000d58a,ov_i9a2_l01_r0000fe0b_c0000d58a,ov_i9a2_l01_r0000fe0b_c0000d58a,ov_i9a2_l01_r0000fe0b_c0000d58a,ov_i9a2_l01_r0000fe0b_c0000d58a
461,Name,Ov_i9A2_L01_R0000FE0D_C0000D58A,ov_i9a2_l01_r0000fe0d_c0000d58a,ov_i9a2_l01_r0000fe0d_c0000d58a,ov_i9a2_l01_r0000fe0d_c0000d58a,ov_i9a2_l01_r0000fe0d_c0000d58a,ov_i9a2_l01_r0000fe0d_c0000d58a,ov_i9a2_l01_r0000fe0d_c0000d58a
462,Name,Ov_i9A2_L01_R0000FE0E_C0000D58A,ov_i9a2_l01_r0000fe0e_c0000d58a,ov_i9a2_l01_r0000fe0e_c0000d58a,ov_i9a2_l01_r0000fe0e_c0000d58a,ov_i9a2_l01_r0000fe0e_c0000d58a,ov_i9a2_l01_r0000fe0e_c0000d58a,ov_i9a2_l01_r0000fe0e_c0000d58a
463,Name,Ov_i9A2_L01_R0000FE0F_C0000D58A,ov_i9a2_l01_r0000fe0f_c0000d58a,ov_i9a2_l01_r0000fe0f_c0000d58a,ov_i9a2_l01_r0000fe0f_c0000d58a,ov_i9a2_l01_r0000fe0f_c0000d58a,ov_i9a2_l01_r0000fe0f_c0000d58a,ov_i9a2_l01_r0000fe0f_c0000d58a
464,Name,Ov_i9A2_L01_R0000FE10_C0000D58A,ov_i9a2_l01_r0000fe10_c0000d58a,ov_i9a2_l01_r0000fe10_c0000d58a,ov_i9a2_l01_r0000fe10_c0000d58a,ov_i9a2_l01_r0000fe10_c0000d58a,ov_i9a2_l01_r0000fe10_c0000d58a,ov_i9a2_l01_r0000fe10_c0000d58a
465,Name,Ov_i9A2_L01_R0000FDF7_C0000D531,ov_i9a2_l01_r0000fdf7_c0000d531,ov_i9a2_l01_r0000fdf7_c0000d531,ov_i9a2_l01_r0000fdf7_c0000d531,ov_i9a2_l01_r0000fdf7_c0000d531,ov_i9a2_l01_r0000fdf7_c0000d531,ov_i9a2_l01_r0000fdf7_c0000d531
466,Name,Ov_i9A2_L01_R0000FE02_C0000D562,ov_i9a2_l01_r0000fe02_c0000d562,ov_i9a2_l01_r0000fe02_c0000d562,ov_i9a2_l01_r0000fe02_c0000d562,ov_i9a2_l01_r0000fe02_c0000d562,ov_i9a2_l01_r0000fe02_c0000d562,ov_i9a2_l01_r0000fe02_c0000d562
467,Name,Ov_i9A2_L01_R0000FDDD_C0000D583,ov_i9a2_l01_r0000fddd_c0000d583,ov_i9a2_l01_r0000fddd_c0000d583,ov_i9a2_l01_r0000fddd_c0000d583,ov_i9a2_l01_r0000fddd_c0000d583,ov_i9a2_l01_r0000fddd_c0000d583,ov_i9a2_l01_r0000fddd_c0000d583
468,Name,Ov_i9A2_L01_R0000FDE0_C0000D583,ov_i9a2_l01_r0000fde0_c0000d583,ov_i9a2_l01_r0000fde0_c0000d583,ov_i9a2_l01_r0000fde0_c0000d583,ov_i9a2_l01_r0000fde0_c0000d583,ov_i9a2_l01_r0000fde0_c0000d583,ov_i9a2_l01_r0000fde0_c0000d583
469,Name,Ov_i9A2_L01_R0000FDE1_C0000D580,ov_i9a2_l01_r0000fde1_c0000d580,ov_i9a2_l01_r0000fde1_c0000d580,ov_i9a2_l01_r0000fde1_c0000d580,ov_i9a2_l01_r0000fde1_c0000d580,ov_i9a2_l01_r0000fde1_c0000d580,ov_i9a2_l01_r0000fde1_c0000d580
470,Name,Ov_i9A2_L01_R0000FDE1_C0000D583,ov_i9a2_l01_r0000fde1_c0000d583,ov_i9a2_l01_r0000fde1_c0000d583,ov_i9a2_l01_r0000fde1_c0000d583,ov_i9a2_l01_r0000fde1_c0000d583,ov_i9a2_l01_r0000fde1_c0000d583,ov_i9a2_l01_r0000fde1_c0000d583
471,Name,Ov_i9A2_L01_R0000FDE2_C0000D583,ov_i9a2_l01_r0000fde2_c0000d583,ov_i9a2_l01_r0000fde2_c0000d583,ov_i9a2_l01_r0000fde2_c0000d583,ov_i9a2_l01_r0000fde2_c0000d583,ov_i9a2_l01_r0000fde2_c0000d583,ov_i9a2_l01_r0000fde2_c0000d583
472,Name,Ov_i9A2_L01_R0000FDE3_C0000D583,ov_i9a2_l01_r0000fde3_c0000d583,ov_i9a2_l01_r0000fde3_c0000d583,ov_i9a2_l01_r0000fde3_c0000d583,ov_i9a2_l01_r0000fde3_c0000d583,ov_i9a2_l01_r0000fde3_c0000d583,ov_i9a2_l01_r0000fde3_c0000d583
473,Name,Ov_i9A2_L01_R0000FDE4_C0000D583,ov_i9a2_l01_r0000fde4_c0000d583,ov_i9a2_l01_r0000fde4_c0000d583,ov_i9a2_l01_r0000fde4_c0000d583,ov_i9a2_l01_r0000fde4_c0000d583,ov_i9a2_l01_r0000fde4_c0000d583,ov_i9a2_l01_r0000fde4_c0000d583
474,Name,Ov_i9A2_L01_R0000FDE5_C0000D583,ov_i9a2_l01_r0000fde5_c0000d583,ov_i9a2_l01_r0000fde5_c0000d583,ov_i9a2_l01_r0000fde5_c0000d583,ov_i9a2_l01_r0000fde5_c0000d583,ov_i9a2_l01_r0000fde5_c0000d583,ov_i9a2_l01_r0000fde5_c0000d583
475,Name,Ov_i9A2_L01_R0000FDF1_C0000D530,ov_i9a2_l01_r0000fdf1_c0000d530,ov_i9a2_l01_r0000fdf1_c0000d530,ov_i9a2_l01_r0000fdf1_c0000d530,ov_i9a2_l01_r0000fdf1_c0000d530,ov_i9a2_l01_r0000fdf1_c0000d530,ov_i9a2_l01_r0000fdf1_c0000d530
476,Name,Ov_i9A2_L01_R0000FDF1_C0000D531,ov_i9a2_l01_r0000fdf1_c0000d531,ov_i9a2_l01_r0000fdf1_c0000d531,ov_i9a2_l01_r0000fdf1_c0000d531,ov_i9a2_l01_r0000fdf1_c0000d531,ov_i9a2_l01_r0000fdf1_c0000d531,ov_i9a2_l01_r0000fdf1_c0000d531
477,Name,Ov_i9A2_L01_R0000FDF1_C0000D532,ov_i9a2_l01_r0000fdf1_c0000d532,ov_i9a2_l01_r0000fdf1_c0000d532,ov_i9a2_l01_r0000fdf1_c0000d532,ov_i9a2_l01_r0000fdf1_c0000d532,ov_i9a2_l01_r0000fdf1_c0000d532,ov_i9a2_l01_r0000fdf1_c0000d532
478,Name,Ov_i9A2_L01_R0000FDF1_C0000D533,ov_i9a2_l01_r0000fdf1_c0000d533,ov_i9a2_l01_r0000fdf1_c0000d533,ov_i9a2_l01_r0000fdf1_c0000d533,ov_i9a2_l01_r0000fdf1_c0000d533,ov_i9a2_l01_r0000fdf1_c0000d533,ov_i9a2_l01_r0000fdf1_c0000d533
479,Name,Ov_i9A2_L01_R0000FDF2_C0000D534,ov_i9a2_l01_r0000fdf2_c0000d534,ov_i9a2_l01_r0000fdf2_c0000d534,ov_i9a2_l01_r0000fdf2_c0000d534,ov_i9a2_l01_r0000fdf2_c0000d534,ov_i9a2_l01_r0000fdf2_c0000d534,ov_i9a2_l01_r0000fdf2_c0000d534
480,Name,Ov_i9A2_L01_R0000FDF2_C0000D535,ov_i9a2_l01_r0000fdf2_c0000d535,ov_i9a2_l01_r0000fdf2_c0000d535,ov_i9a2_l01_r0000fdf2_c0000d535,ov_i9a2_l01_r0000fdf2_c0000d535,ov_i9a2_l01_r0000fdf2_c0000d535,ov_i9a2_l01_r0000fdf2_c0000d535
481,Name,Ov_i9A2_L01_R0000FDF2_C0000D536,ov_i9a2_l01_r0000fdf2_c0000d536,ov_i9a2_l01_r0000fdf2_c0000d536,ov_i9a2_l01_r0000fdf2_c0000d536,ov_i9a2_l01_r0000fdf2_c0000d536,ov_i9a2_l01_r0000fdf2_c0000d536,ov_i9a2_l01_r0000fdf2_c0000d536
482,Name,Ov_i9A2_L01_R0000FDF2_C0000D537,ov_i9a2_l01_r0000fdf2_c0000d537,ov_i9a2_l01_r0000fdf2_c0000d537,ov_i9a2_l01_r0000fdf2_c0000d537,ov_i9a2_l01_r0000fdf2_c0000d537,ov_i9a2_l01_r0000fdf2_c0000d537,ov_i9a2_l01_r0000fdf2_c0000d537
483,Name,Ov_i9A2_L01_R0000FDF2_C0000D538,ov_i9a2_l01_r0000fdf2_c0000d538,ov_i9a2_l01_r0000fdf2_c0000d538,ov_i9a2_l01_r0000fdf2_c0000d538,ov_i9a2_l01_r0000fdf2_c0000d538,ov_i9a2_l01_r0000fdf2_c0000d538,ov_i9a2_l01_r0000fdf2_c0000d538
484,Name,Ov_i9A2_L01_R0000FDF2_C0000D539,ov_i9a2_l01_r0000fdf2_c0000d539,ov_i9a2_l01_r0000fdf2_c0000d539,ov_i9a2_l01_r0000fdf2_c0000d539,ov_i9a2_l01_r0000fdf2_c0000d539,ov_i9a2_l01_r0000fdf2_c0000d539,ov_i9a2_l01_r0000fdf2_c0000d539
485,Name,Ov_i9A2_L01_R0000FDF2_C0000D53A,ov_i9a2_l01_r0000fdf2_c0000d53a,ov_i9a2_l01_r0000fdf2_c0000d53a,ov_i9a2_l01_r0000fdf2_c0000d53a,ov_i9a2_l01_r0000fdf2_c0000d53a,ov_i9a2_l01_r0000fdf2_c0000d53a,ov_i9a2_l01_r0000fdf2_c0000d53a
486,Name,Ov_i9A2_L01_R0000FDF2_C0000D53B,ov_i9a2_l01_r0000fdf2_c0000d53b,ov_i9a2_l01_r0000fdf2_c0000d53b,ov_i9a2_l01_r0000fdf2_c0000d53b,ov_i9a2_l01_r0000fdf2_c0000d53b,ov_i9a2_l01_r0000fdf2_c0000d53b,ov_i9a2_l01_r0000fdf2_c0000d53b
487,Name,Ov_i9A2_L01_R0000FDF2_C0000D53C,ov_i9a2_l01_r0000fdf2_c0000d53c,ov_i9a2_l01_r0000fdf2_c0000d53c,ov_i9a2_l01_r0000fdf2_c0000d53c,ov_i9a2_l01_r0000fdf2_c0000d53c,ov_i9a2_l01_r0000fdf2_c0000d53c,ov_i9a2_l01_r0000fdf2_c0000d53c
488,Name,Ov_i9A2_L01_R0000FDF2_C0000D53D,ov_i9a2_l01_r0000fdf2_c0000d53d,ov_i9a2_l01_r0000fdf2_c0000d53d,ov_i9a2_l01_r0000fdf2_c0000d53d,ov_i9a2_l01_r0000fdf2_c0000d53d,ov_i9a2_l01_r0000fdf2_c0000d53d,ov_i9a2_l01_r0000fdf2_c0000d53d
489,Name,Ov_i9A2_L01_R0000FDF2_C0000D53E,ov_i9a2_l01_r0000fdf2_c0000d53e,ov_i9a2_l01_r0000fdf2_c0000d53e,ov_i9a2_l01_r0000fdf2_c0000d53e,ov_i9a2_l01_r0000fdf2_c0000d53e,ov_i9a2_l01_r0000fdf2_c0000d53e,ov_i9a2_l01_r0000fdf2_c0000d53e
490,Name,Ov_i9A2_L01_R0000FDF3_C0000D532,ov_i9a2_l01_r0000fdf3_c0000d532,ov_i9a2_l01_r0000fdf3_c0000d532,ov_i9a2_l01_r0000fdf3_c0000d532,ov_i9a2_l01_r0000fdf3_c0000d532,ov_i9a2_l01_r0000fdf3_c0000d532,ov_i9a2_l01_r0000fdf3_c0000d532
491,Name,Ov_i9A2_L01_R0000FDF1_C0000D535,ov_i9a2_l01_r0000fdf1_c0000d535,ov_i9a2_l01_r0000fdf1_c0000d535,ov_i9a2_l01_r0000fdf1_c0000d535,ov_i9a2_l01_r0000fdf1_c0000d535,ov_i9a2_l01_r0000fdf1_c0000d535,ov_i9a2_l01_r0000fdf1_c0000d535
492,Name,Ov_i9A2_L01_R0000FDF1_C0000D536,ov_i9a2_l01_r0000fdf1_c0000d536,ov_i9a2_l01_r0000fdf1_c0000d536,ov_i9a2_l01_r0000fdf1_c0000d536,ov_i9a2_l01_r0000fdf1_c0000d536,ov_i9a2_l01_r0000fdf1_c0000d536,ov_i9a2_l01_r0000fdf1_c0000d536
493,Name,Ov_i9A2_L01_R0000FDF1_C0000D537,ov_i9a2_l01_r0000fdf1_c0000d537,ov_i9a2_l01_r0000fdf1_c0000d537,ov_i9a2_l01_r0000fdf1_c0000d537,ov_i9a2_l01_r0000fdf1_c0000d537,ov_i9a2_l01_r0000fdf1_c0000d537,ov_i9a2_l01_r0000fdf1_c0000d537
494,Name,Ov_i9A2_L01_R0000FDF1_C0000D538,ov_i9a2_l01_r0000fdf1_c0000d538,ov_i9a2_l01_r0000fdf1_c0000d538,ov_i9a2_l01_r0000fdf1_c0000d538,ov_i9a2_l01_r0000fdf1_c0000d538,ov_i9a2_l01_r0000fdf1_c0000d538,ov_i9a2_l01_r0000fdf1_c0000d538
495,Name,Ov_i9A2_L01_R0000FDF1_C0000D539,ov_i9a2_l01_r0000fdf1_c0000d539,ov_i9a2_l01_r0000fdf1_c0000d539,ov_i9a2_l01_r0000fdf1_c0000d539,ov_i9a2_l01_r0000fdf1_c0000d539,ov_i9a2_l01_r0000fdf1_c0000d539,ov_i9a2_l01_r0000fdf1_c0000d539
496,Name,Ov_i9A2_L01_R0000FDF1_C0000D53A,ov_i9a2_l01_r0000fdf1_c0000d53a,ov_i9a2_l01_r0000fdf1_c0000d53a,ov_i9a2_l01_r0000fdf1_c0000d53a,ov_i9a2_l01_r0000fdf1_c0000d53a,ov_i9a2_l01_r0000fdf1_c0000d53a,ov_i9a2_l01_r0000fdf1_c0000d53a
497,Name,Ov_i9A2_L01_R0000FDF1_C0000D53B,ov_i9a2_l01_r0000fdf1_c0000d53b,ov_i9a2_l01_r0000fdf1_c0000d53b,ov_i9a2_l01_r0000fdf1_c0000d53b,ov_i9a2_l01_r0000fdf1_c0000d53b,ov_i9a2_l01_r0000fdf1_c0000d53b,ov_i9a2_l01_r0000fdf1_c0000d53b
498,Name,Ov_i9A2_L01_R0000FDF1_C0000D53C,ov_i9a2_l01_r0000fdf1_c0000d53c,ov_i9a2_l01_r0000fdf1_c0000d53c,ov_i9a2_l01_r0000fdf1_c0000d53c,ov_i9a2_l01_r0000fdf1_c0000d53c,ov_i9a2_l01_r0000fdf1_c0000d53c,ov_i9a2_l01_r0000fdf1_c0000d53c
499,Name,Ov_i9A2_L01_R0000FDF1_C0000D53D,ov_i9a2_l01_r0000fdf1_c0000d53d,ov_i9a2_l01_r0000fdf1_c0000d53d,ov_i9a2_l01_r0000fdf1_c0000d53d,ov_i9a2_l01_r0000fdf1_c0000d53d,ov_i9a2_l01_r0000fdf1_c0000d53d,ov_i9a2_l01_r0000fdf1_c0000d53d
500,Name,Ov_i9A2_L01_R0000FDF1_C0000D53E,ov_i9a2_l01_r0000fdf1_c0000d53e,ov_i9a2_l01_r0000fdf1_c0000d53e,ov_i9a2_l01_r0000fdf1_c0000d53e,ov_i9a2_l01_r0000fdf1_c0000d53e,ov_i9a2_l01_r0000fdf1_c0000d53e,ov_i9a2_l01_r0000fdf1_c0000d53e
501,Name,Ov_i9A2_L01_R0000FDF1_C0000D53F,ov_i9a2_l01_r0000fdf1_c0000d53f,ov_i9a2_l01_r0000fdf1_c0000d53f,ov_i9a2_l01_r0000fdf1_c0000d53f,ov_i9a2_l01_r0000fdf1_c0000d53f,ov_i9a2_l01_r0000fdf1_c0000d53f,ov_i9a2_l01_r0000fdf1_c0000d53f
502,Name,Ov_i9A2_L01_R0000FDF1_C0000D540,ov_i9a2_l01_r0000fdf1_c0000d540,ov_i9a2_l01_r0000fdf1_c0000d540,ov_i9a2_l01_r0000fdf1_c0000d540,ov_i9a2_l01_r0000fdf1_c0000d540,ov_i9a2_l01_r0000fdf1_c0000d540,ov_i9a2_l01_r0000fdf1_c0000d540
503,Name,Ov_i9A2_L01_R0000FDF3_C0000D540,ov_i9a2_l01_r0000fdf3_c0000d540,ov_i9a2_l01_r0000fdf3_c0000d540,ov_i9a2_l01_r0000fdf3_c0000d540,ov_i9a2_l01_r0000fdf3_c0000d540,ov_i9a2_l01_r0000fdf3_c0000d540,ov_i9a2_l01_r0000fdf3_c0000d540
504,Name,Ov_i9A2_L01_R0000FDF4_C0000D540,ov_i9a2_l01_r0000fdf4_c0000d540,ov_i9a2_l01_r0000fdf4_c0000d540,ov_i9a2_l01_r0000fdf4_c0000d540,ov_i9a2_l01_r0000fdf4_c0000d540,ov_i9a2_l01_r0000fdf4_c0000d540,ov_i9a2_l01_r0000fdf4_c0000d540
505,Name,Ov_i9A2_L01_R0000FDF5_C0000D540,ov_i9a2_l01_r0000fdf5_c0000d540,ov_i9a2_l01_r0000fdf5_c0000d540,ov_i9a2_l01_r0000fdf5_c0000d540,ov_i9a2_l01_r0000fdf5_c0000d540,ov_i9a2_l01_r0000fdf5_c0000d540,ov_i9a2_l01_r0000fdf5_c0000d540
506,Name,Ov_i9A2_L01_R0000FDF6_C0000D540,ov_i9a2_l01_r0000fdf6_c0000d540,ov_i9a2_l01_r0000fdf6_c0000d540,ov_i9a2_l01_r0000fdf6_c0000d540,ov_i9a2_l01_r0000fdf6_c0000d540,ov_i9a2_l01_r0000fdf6_c0000d540,ov_i9a2_l01_r0000fdf6_c0000d540
507,Name,Ov_i9A2_L01_R0000FDF7_C0000D540,ov_i9a2_l01_r0000fdf7_c0000d540,ov_i9a2_l01_r0000fdf7_c0000d540,ov_i9a2_l01_r0000fdf7_c0000d540,ov_i9a2_l01_r0000fdf7_c0000d540,ov_i9a2_l01_r0000fdf7_c0000d540,ov_i9a2_l01_r0000fdf7_c0000d540
508,Name,Ov_i9A2_L01_R0000FDF8_C0000D540,ov_i9a2_l01_r0000fdf8_c0000d540,ov_i9a2_l01_r0000fdf8_c0000d540,ov_i9a2_l01_r0000fdf8_c0000d540,ov_i9a2_l01_r0000fdf8_c0000d540,ov_i9a2_l01_r0000fdf8_c0000d540,ov_i9a2_l01_r0000fdf8_c0000d540
509,Name,Ov_i9A2_L01_R0000FDF9_C0000D540,ov_i9a2_l01_r0000fdf9_c0000d540,ov_i9a2_l01_r0000fdf9_c0000d540,ov_i9a2_l01_r0000fdf9_c0000d540,ov_i9a2_l01_r0000fdf9_c0000d540,ov_i9a2_l01_r0000fdf9_c0000d540,ov_i9a2_l01_r0000fdf9_c0000d540
510,Name,Ov_i9A2_L01_R0000FDFA_C0000D540,ov_i9a2_l01_r0000fdfa_c0000d540,ov_i9a2_l01_r0000fdfa_c0000d540,ov_i9a2_l01_r0000fdfa_c0000d540,ov_i9a2_l01_r0000fdfa_c0000d540,ov_i9a2_l01_r0000fdfa_c0000d540,ov_i9a2_l01_r0000fdfa_c0000d540
511,Name,Ov_i9A2_L01_R0000FDFB_C0000D540,ov_i9a2_l01_r0000fdfb_c0000d540,ov_i9a2_l01_r0000fdfb_c0000d540,ov_i9a2_l01_r0000fdfb_c0000d540,ov_i9a2_l01_r0000fdfb_c0000d540,ov_i9a2_l01_r0000fdfb_c0000d540,ov_i9a2_l01_r0000fdfb_c0000d540
512,Name,Ov_i9A2_L01_R0000FDFC_C0000D540,ov_i9a2_l01_r0000fdfc_c0000d540,ov_i9a2_l01_r0000fdfc_c0000d540,ov_i9a2_l01_r0000fdfc_c0000d540,ov_i9a2_l01_r0000fdfc_c0000d540,ov_i9a2_l01_r0000fdfc_c0000d540,ov_i9a2_l01_r0000fdfc_c0000d540
513,Name,Ov_i9A2_L01_R0000FDFD_C0000D540,ov_i9a2_l01_r0000fdfd_c0000d540,ov_i9a2_l01_r0000fdfd_c0000d540,ov_i9a2_l01_r0000fdfd_c0000d540,ov_i9a2_l01_r0000fdfd_c0000d540,ov_i9a2_l01_r0000fdfd_c0000d540,ov_i9a2_l01_r0000fdfd_c0000d540
514,Name,Ov_i9A2_L01_R0000FDFE_C0000D540,ov_i9a2_l01_r0000fdfe_c0000d540,ov_i9a2_l01_r0000fdfe_c0000d540,ov_i9a2_l01_r0000fdfe_c0000d540,ov_i9a2_l01_r0000fdfe_c0000d540,ov_i9a2_l01_r0000fdfe_c0000d540,ov_i9a2_l01_r0000fdfe_c0000d540
515,Name,Ov_i9A2_L01_R0000FDFB_C0000D539,ov_i9a2_l01_r0000fdfb_c0000d539,ov_i9a2_l01_r0000fdfb_c0000d539,ov_i9a2_l01_r0000fdfb_c0000d539,ov_i9a2_l01_r0000fdfb_c0000d539,ov_i9a2_l01_r0000fdfb_c0000d539,ov_i9a2_l01_r0000fdfb_c0000d539
516,Name,Ov_i9A2_L01_R0000FDF1_C0000D525,ov_i9a2_l01_r0000fdf1_c0000d525,ov_i9a2_l01_r0000fdf1_c0000d525,ov_i9a2_l01_r0000fdf1_c0000d525,ov_i9a2_l01_r0000fdf1_c0000d525,ov_i9a2_l01_r0000fdf1_c0000d525,ov_i9a2_l01_r0000fdf1_c0000d525
517,Name,Ov_i9A2_L01_R0000FDF1_C0000D526,ov_i9a2_l01_r0000fdf1_c0000d526,ov_i9a2_l01_r0000fdf1_c0000d526,ov_i9a2_l01_r0000fdf1_c0000d526,ov_i9a2_l01_r0000fdf1_c0000d526,ov_i9a2_l01_r0000fdf1_c0000d526,ov_i9a2_l01_r0000fdf1_c0000d526
518,Name,Ov_i9A2_L01_R0000FDF1_C0000D527,ov_i9a2_l01_r0000fdf1_c0000d527,ov_i9a2_l01_r0000fdf1_c0000d527,ov_i9a2_l01_r0000fdf1_c0000d527,ov_i9a2_l01_r0000fdf1_c0000d527,ov_i9a2_l01_r0000fdf1_c0000d527,ov_i9a2_l01_r0000fdf1_c0000d527
519,Name,Ov_i9A2_L01_R0000FDF1_C0000D528,ov_i9a2_l01_r0000fdf1_c0000d528,ov_i9a2_l01_r0000fdf1_c0000d528,ov_i9a2_l01_r0000fdf1_c0000d528,ov_i9a2_l01_r0000fdf1_c0000d528,ov_i9a2_l01_r0000fdf1_c0000d528,ov_i9a2_l01_r0000fdf1_c0000d528
520,Name,Ov_i9A2_L01_R0000FDF1_C0000D529,ov_i9a2_l01_r0000fdf1_c0000d529,ov_i9a2_l01_r0000fdf1_c0000d529,ov_i9a2_l01_r0000fdf1_c0000d529,ov_i9a2_l01_r0000fdf1_c0000d529,ov_i9a2_l01_r0000fdf1_c0000d529,ov_i9a2_l01_r0000fdf1_c0000d529
521,Name,Ov_i9A2_L01_R0000FDF1_C0000D52A,ov_i9a2_l01_r0000fdf1_c0000d52a,ov_i9a2_l01_r0000fdf1_c0000d52a,ov_i9a2_l01_r0000fdf1_c0000d52a,ov_i9a2_l01_r0000fdf1_c0000d52a,ov_i9a2_l01_r0000fdf1_c0000d52a,ov_i9a2_l01_r0000fdf1_c0000d52a
522,Name,Ov_i9A2_L01_R0000FDF1_C0000D52B,ov_i9a2_l01_r0000fdf1_c0000d52b,ov_i9a2_l01_r0000fdf1_c0000d52b,ov_i9a2_l01_r0000fdf1_c0000d52b,ov_i9a2_l01_r0000fdf1_c0000d52b,ov_i9a2_l01_r0000fdf1_c0000d52b,ov_i9a2_l01_r0000fdf1_c0000d52b
523,Name,Ov_i9A2_L01_R0000FE09_C0000D55D,ov_i9a2_l01_r0000fe09_c0000d55d,ov_i9a2_l01_r0000fe09_c0000d55d,ov_i9a2_l01_r0000fe09_c0000d55d,ov_i9a2_l01_r0000fe09_c0000d55d,ov_i9a2_l01_r0000fe09_c0000d55d,ov_i9a2_l01_r0000fe09_c0000d55d
524,Name,Ov_i9A2_L01_R0000FE09_C0000D55E,ov_i9a2_l01_r0000fe09_c0000d55e,ov_i9a2_l01_r0000fe09_c0000d55e,ov_i9a2_l01_r0000fe09_c0000d55e,ov_i9a2_l01_r0000fe09_c0000d55e,ov_i9a2_l01_r0000fe09_c0000d55e,ov_i9a2_l01_r0000fe09_c0000d55e
525,Name,Ov_i9A2_L01_R0000FE09_C0000D55F,ov_i9a2_l01_r0000fe09_c0000d55f,ov_i9a2_l01_r0000fe09_c0000d55f,ov_i9a2_l01_r0000fe09_c0000d55f,ov_i9a2_l01_r0000fe09_c0000d55f,ov_i9a2_l01_r0000fe09_c0000d55f,ov_i9a2_l01_r0000fe09_c0000d55f
526,Name,Ov_i9A2_L01_R0000FE0A_C0000D560,ov_i9a2_l01_r0000fe0a_c0000d560,ov_i9a2_l01_r0000fe0a_c0000d560,ov_i9a2_l01_r0000fe0a_c0000d560,ov_i9a2_l01_r0000fe0a_c0000d560,ov_i9a2_l01_r0000fe0a_c0000d560,ov_i9a2_l01_r0000fe0a_c0000d560
527,Name,Ov_i9A2_L01_R0000FE0A_C0000D561,ov_i9a2_l01_r0000fe0a_c0000d561,ov_i9a2_l01_r0000fe0a_c0000d561,ov_i9a2_l01_r0000fe0a_c0000d561,ov_i9a2_l01_r0000fe0a_c0000d561,ov_i9a2_l01_r0000fe0a_c0000d561,ov_i9a2_l01_r0000fe0a_c0000d561
528,Name,Ov_i9A2_L01_R0000FDCC_C0000D57B,ov_i9a2_l01_r0000fdcc_c0000d57b,ov_i9a2_l01_r0000fdcc_c0000d57b,ov_i9a2_l01_r0000fdcc_c0000d57b,ov_i9a2_l01_r0000fdcc_c0000d57b,ov_i9a2_l01_r0000fdcc_c0000d57b,ov_i9a2_l01_r0000fdcc_c0000d57b
529,Name,Ov_i9A2_L01_R0000FDCC_C0000D57C,ov_i9a2_l01_r0000fdcc_c0000d57c,ov_i9a2_l01_r0000fdcc_c0000d57c,ov_i9a2_l01_r0000fdcc_c0000d57c,ov_i9a2_l01_r0000fdcc_c0000d57c,ov_i9a2_l01_r0000fdcc_c0000d57c,ov_i9a2_l01_r0000fdcc_c0000d57c
530,Name,Ov_i9A2_L01_R0000FDCC_C0000D57D,ov_i9a2_l01_r0000fdcc_c0000d57d,ov_i9a2_l01_r0000fdcc_c0000d57d,ov_i9a2_l01_r0000fdcc_c0000d57d,ov_i9a2_l01_r0000fdcc_c0000d57d,ov_i9a2_l01_r0000fdcc_c0000d57d,ov_i9a2_l01_r0000fdcc_c0000d57d
531,Name,Ov_i9A2_L01_R0000FDDC_C0000D581,ov_i9a2_l01_r0000fddc_c0000d581,ov_i9a2_l01_r0000fddc_c0000d581,ov_i9a2_l01_r0000fddc_c0000d581,ov_i9a2_l01_r0000fddc_c0000d581,ov_i9a2_l01_r0000fddc_c0000d581,ov_i9a2_l01_r0000fddc_c0000d581
532,Name,Ov_i9A2_L01_R0000FDDC_C0000D582,ov_i9a2_l01_r0000fddc_c0000d582,ov_i9a2_l01_r0000fddc_c0000d582,ov_i9a2_l01_r0000fddc_c0000d582,ov_i9a2_l01_r0000fddc_c0000d582,ov_i9a2_l01_r0000fddc_c0000d582,ov_i9a2_l01_r0000fddc_c0000d582
533,Name,Ov_i9A2_L01_R0000FDDC_C0000D583,ov_i9a2_l01_r0000fddc_c0000d583,ov_i9a2_l01_r0000fddc_c0000d583,ov_i9a2_l01_r0000fddc_c0000d583,ov_i9a2_l01_r0000fddc_c0000d583,ov_i9a2_l01_r0000fddc_c0000d583,ov_i9a2_l01_r0000fddc_c0000d583
534,Name,Ov_i9A2_L01_R0000FDCD_C0000D57F,ov_i9a2_l01_r0000fdcd_c0000d57f,ov_i9a2_l01_r0000fdcd_c0000d57f,ov_i9a2_l01_r0000fdcd_c0000d57f,ov_i9a2_l01_r0000fdcd_c0000d57f,ov_i9a2_l01_r0000fdcd_c0000d57f,ov_i9a2_l01_r0000fdcd_c0000d57f
535,Name,Ov_i9A2_L01_R0000FDCE_C0000D57F,ov_i9a2_l01_r0000fdce_c0000d57f,ov_i9a2_l01_r0000fdce_c0000d57f,ov_i9a2_l01_r0000fdce_c0000d57f,ov_i9a2_l01_r0000fdce_c0000d57f,ov_i9a2_l01_r0000fdce_c0000d57f,ov_i9a2_l01_r0000fdce_c0000d57f
536,Name,Ov_i9A2_L01_R0000FDCF_C0000D57F,ov_i9a2_l01_r0000fdcf_c0000d57f,ov_i9a2_l01_r0000fdcf_c0000d57f,ov_i9a2_l01_r0000fdcf_c0000d57f,ov_i9a2_l01_r0000fdcf_c0000d57f,ov_i9a2_l01_r0000fdcf_c0000d57f,ov_i9a2_l01_r0000fdcf_c0000d57f
537,Name,Ov_i9A2_L01_R0000FDD0_C0000D57F,ov_i9a2_l01_r0000fdd0_c0000d57f,ov_i9a2_l01_r0000fdd0_c0000d57f,ov_i9a2_l01_r0000fdd0_c0000d57f,ov_i9a2_l01_r0000fdd0_c0000d57f,ov_i9a2_l01_r0000fdd0_c0000d57f,ov_i9a2_l01_r0000fdd0_c0000d57f
538,Name,Ov_i9A2_L01_R0000FE04_C0000D587,ov_i9a2_l01_r0000fe04_c0000d587,ov_i9a2_l01_r0000fe04_c0000d587,ov_i9a2_l01_r0000fe04_c0000d587,ov_i9a2_l01_r0000fe04_c0000d587,ov_i9a2_l01_r0000fe04_c0000d587,ov_i9a2_l01_r0000fe04_c0000d587
539,Name,Ov_i9A2_L01_R0000FE05_C0000D587,ov_i9a2_l01_r0000fe05_c0000d587,ov_i9a2_l01_r0000fe05_c0000d587,ov_i9a2_l01_r0000fe05_c0000d587,ov_i9a2_l01_r0000fe05_c0000d587,ov_i9a2_l01_r0000fe05_c0000d587,ov_i9a2_l01_r0000fe05_c0000d587
540,Name,Ov_i9A2_L01_R0000FE06_C0000D587,ov_i9a2_l01_r0000fe06_c0000d587,ov_i9a2_l01_r0000fe06_c0000d587,ov_i9a2_l01_r0000fe06_c0000d587,ov_i9a2_l01_r0000fe06_c0000d587,ov_i9a2_l01_r0000fe06_c0000d587,ov_i9a2_l01_r0000fe06_c0000d587
541,Name,Ov_i9A2_L01_R0000FE07_C0000D587,ov_i9a2_l01_r0000fe07_c0000d587,ov_i9a2_l01_r0000fe07_c0000d587,ov_i9a2_l01_r0000fe07_c0000d587,ov_i9a2_l01_r0000fe07_c0000d587,ov_i9a2_l01_r0000fe07_c0000d587,ov_i9a2_l01_r0000fe07_c0000d587
542,Name,Ov_i9A2_L01_R0000FE08_C0000D587,ov_i9a2_l01_r0000fe08_c0000d587,ov_i9a2_l01_r0000fe08_c0000d587,ov_i9a2_l01_r0000fe08_c0000d587,ov_i9a2_l01_r0000fe08_c0000d587,ov_i9a2_l01_r0000fe08_c0000d587,ov_i9a2_l01_r0000fe08_c0000d587
543,Name,Ov_i9A2_L01_R0000FE09_C0000D588,ov_i9a2_l01_r0000fe09_c0000d588,ov_i9a2_l01_r0000fe09_c0000d588,ov_i9a2_l01_r0000fe09_c0000d588,ov_i9a2_l01_r0000fe09_c0000d588,ov_i9a2_l01_r0000fe09_c0000d588,ov_i9a2_l01_r0000fe09_c0000d588
544,Name,Ov_i9A2_L01_R0000FE09_C0000D589,ov_i9a2_l01_r0000fe09_c0000d589,ov_i9a2_l01_r0000fe09_c0000d589,ov_i9a2_l01_r0000fe09_c0000d589,ov_i9a2_l01_r0000fe09_c0000d589,ov_i9a2_l01_r0000fe09_c0000d589,ov_i9a2_l01_r0000fe09_c0000d589
545,Name,Ov_i9A2_L01_R0000FDFE_C0000D587,ov_i9a2_l01_r0000fdfe_c0000d587,ov_i9a2_l01_r0000fdfe_c0000d587,ov_i9a2_l01_r0000fdfe_c0000d587,ov_i9a2_l01_r0000fdfe_c0000d587,ov_i9a2_l01_r0000fdfe_c0000d587,ov_i9a2_l01_r0000fdfe_c0000d587
546,Name,Ov_i9A2_L01_R0000FDFF_C0000D587,ov_i9a2_l01_r0000fdff_c0000d587,ov_i9a2_l01_r0000fdff_c0000d587,ov_i9a2_l01_r0000fdff_c0000d587,ov_i9a2_l01_r0000fdff_c0000d587,ov_i9a2_l01_r0000fdff_c0000d587,ov_i9a2_l01_r0000fdff_c0000d587
547,Name,Ov_i9A2_L01_R0000FE00_C0000D587,ov_i9a2_l01_r0000fe00_c0000d587,ov_i9a2_l01_r0000fe00_c0000d587,ov_i9a2_l01_r0000fe00_c0000d587,ov_i9a2_l01_r0000fe00_c0000d587,ov_i9a2_l01_r0000fe00_c0000d587,ov_i9a2_l01_r0000fe00_c0000d587
548,Name,Ov_i9A2_L01_R0000FDFE_C0000D548,ov_i9a2_l01_r0000fdfe_c0000d548,ov_i9a2_l01_r0000fdfe_c0000d548,ov_i9a2_l01_r0000fdfe_c0000d548,ov_i9a2_l01_r0000fdfe_c0000d548,ov_i9a2_l01_r0000fdfe_c0000d548,ov_i9a2_l01_r0000fdfe_c0000d548
549,Name,Ov_i9A2_L01_R0000FE07_C0000D546,ov_i9a2_l01_r0000fe07_c0000d546,ov_i9a2_l01_r0000fe07_c0000d546,ov_i9a2_l01_r0000fe07_c0000d546,ov_i9a2_l01_r0000fe07_c0000d546,ov_i9a2_l01_r0000fe07_c0000d546,ov_i9a2_l01_r0000fe07_c0000d546
550,Name,Ov_i9A2_L01_R0000FE07_C0000D547,ov_i9a2_l01_r0000fe07_c0000d547,ov_i9a2_l01_r0000fe07_c0000d547,ov_i9a2_l01_r0000fe07_c0000d547,ov_i9a2_l01_r0000fe07_c0000d547,ov_i9a2_l01_r0000fe07_c0000d547,ov_i9a2_l01_r0000fe07_c0000d547
551,Name,Ov_i9A2_L01_R0000FDFF_C0000D548,ov_i9a2_l01_r0000fdff_c0000d548,ov_i9a2_l01_r0000fdff_c0000d548,ov_i9a2_l01_r0000fdff_c0000d548,ov_i9a2_l01_r0000fdff_c0000d548,ov_i9a2_l01_r0000fdff_c0000d548,ov_i9a2_l01_r0000fdff_c0000d548
552,Name,Ov_i9A2_L01_R0000FE00_C0000D548,ov_i9a2_l01_r0000fe00_c0000d548,ov_i9a2_l01_r0000fe00_c0000d548,ov_i9a2_l01_r0000fe00_c0000d548,ov_i9a2_l01_r0000fe00_c0000d548,ov_i9a2_l01_r0000fe00_c0000d548,ov_i9a2_l01_r0000fe00_c0000d548
553,Name,Ov_i9A2_L01_R0000FDDC_C0000D57F,ov_i9a2_l01_r0000fddc_c0000d57f,ov_i9a2_l01_r0000fddc_c0000d57f,ov_i9a2_l01_r0000fddc_c0000d57f,ov_i9a2_l01_r0000fddc_c0000d57f,ov_i9a2_l01_r0000fddc_c0000d57f,ov_i9a2_l01_r0000fddc_c0000d57f
554,Name,Ov_i9A2_L01_R0000FE0B_C0000D560,ov_i9a2_l01_r0000fe0b_c0000d560,ov_i9a2_l01_r0000fe0b_c0000d560,ov_i9a2_l01_r0000fe0b_c0000d560,ov_i9a2_l01_r0000fe0b_c0000d560,ov_i9a2_l01_r0000fe0b_c0000d560,ov_i9a2_l01_r0000fe0b_c0000d560
555,Name,Ov_i9A2_L01_R0000FE0B_C0000D561,ov_i9a2_l01_r0000fe0b_c0000d561,ov_i9a2_l01_r0000fe0b_c0000d561,ov_i9a2_l01_r0000fe0b_c0000d561,ov_i9a2_l01_r0000fe0b_c0000d561,ov_i9a2_l01_r0000fe0b_c0000d561,ov_i9a2_l01_r0000fe0b_c0000d561
556,Name,Ov_i9A2_L01_R0000FE0C_C0000D560,ov_i9a2_l01_r0000fe0c_c0000d560,ov_i9a2_l01_r0000fe0c_c0000d560,ov_i9a2_l01_r0000fe0c_c0000d560,ov_i9a2_l01_r0000fe0c_c0000d560,ov_i9a2_l01_r0000fe0c_c0000d560,ov_i9a2_l01_r0000fe0c_c0000d560
557,Name,Ov_i9A2_L01_R0000FE0D_C0000D552,ov_i9a2_l01_r0000fe0d_c0000d552,ov_i9a2_l01_r0000fe0d_c0000d552,ov_i9a2_l01_r0000fe0d_c0000d552,ov_i9a2_l01_r0000fe0d_c0000d552,ov_i9a2_l01_r0000fe0d_c0000d552,ov_i9a2_l01_r0000fe0d_c0000d552
558,Name,Ov_i9A2_L01_R0000FE0D_C0000D554,ov_i9a2_l01_r0000fe0d_c0000d554,ov_i9a2_l01_r0000fe0d_c0000d554,ov_i9a2_l01_r0000fe0d_c0000d554,ov_i9a2_l01_r0000fe0d_c0000d554,ov_i9a2_l01_r0000fe0d_c0000d554,ov_i9a2_l01_r0000fe0d_c0000d554
559,Name,Ov_i9A2_L01_R0000FDCC_C0000D57E,ov_i9a2_l01_r0000fdcc_c0000d57e,ov_i9a2_l01_r0000fdcc_c0000d57e,ov_i9a2_l01_r0000fdcc_c0000d57e,ov_i9a2_l01_r0000fdcc_c0000d57e,ov_i9a2_l01_r0000fdcc_c0000d57e,ov_i9a2_l01_r0000fdcc_c0000d57e
560,Name,Ov_i9A2_L01_R0000FDCC_C0000D57F,ov_i9a2_l01_r0000fdcc_c0000d57f,ov_i9a2_l01_r0000fdcc_c0000d57f,ov_i9a2_l01_r0000fdcc_c0000d57f,ov_i9a2_l01_r0000fdcc_c0000d57f,ov_i9a2_l01_r0000fdcc_c0000d57f,ov_i9a2_l01_r0000fdcc_c0000d57f
561,Name,Ov_i9A2_L01_R0000FDCC_C0000D57A,ov_i9a2_l01_r0000fdcc_c0000d57a,ov_i9a2_l01_r0000fdcc_c0000d57a,ov_i9a2_l01_r0000fdcc_c0000d57a,ov_i9a2_l01_r0000fdcc_c0000d57a,ov_i9a2_l01_r0000fdcc_c0000d57a,ov_i9a2_l01_r0000fdcc_c0000d57a
562,Name,Ov_i9A2_L01_R0000FEA6_C0000D716,ov_i9a2_l01_r0000fea6_c0000d716,ov_i9a2_l01_r0000fea6_c0000d716,ov_i9a2_l01_r0000fea6_c0000d716,ov_i9a2_l01_r0000fea6_c0000d716,ov_i9a2_l01_r0000fea6_c0000d716,ov_i9a2_l01_r0000fea6_c0000d716
563,Name,Ov_i9A2_L01_R0000FE09_C0000D58A,ov_i9a2_l01_r0000fe09_c0000d58a,ov_i9a2_l01_r0000fe09_c0000d58a,ov_i9a2_l01_r0000fe09_c0000d58a,ov_i9a2_l01_r0000fe09_c0000d58a,ov_i9a2_l01_r0000fe09_c0000d58a,ov_i9a2_l01_r0000fe09_c0000d58a
564,Name,Ov_i9A2_L01_R0000FE09_C0000D560,ov_i9a2_l01_r0000fe09_c0000d560,ov_i9a2_l01_r0000fe09_c0000d560,ov_i9a2_l01_r0000fe09_c0000d560,ov_i9a2_l01_r0000fe09_c0000d560,ov_i9a2_l01_r0000fe09_c0000d560,ov_i9a2_l01_r0000fe09_c0000d560
565,Name,Ov_i9A2_L01_R0000FDF7_C0000D507,ov_i9a2_l01_r0000fdf7_c0000d507,ov_i9a2_l01_r0000fdf7_c0000d507,ov_i9a2_l01_r0000fdf7_c0000d507,ov_i9a2_l01_r0000fdf7_c0000d507,ov_i9a2_l01_r0000fdf7_c0000d507,ov_i9a2_l01_r0000fdf7_c0000d507
566,Name,Ov_i9A2_L01_R0000FEA6_C0000D714,ov_i9a2_l01_r0000fea6_c0000d714,ov_i9a2_l01_r0000fea6_c0000d714,ov_i9a2_l01_r0000fea6_c0000d714,ov_i9a2_l01_r0000fea6_c0000d714,ov_i9a2_l01_r0000fea6_c0000d714,ov_i9a2_l01_r0000fea6_c0000d714
567,Name,CL_MLP_PAO_IF_Ortho_26_04_11_Camino_Alternativo_Salamanca,cl_mlp_pao_if_ortho_26_04_11_camino_alternativo_salamanca,cl_mlp_pao_if_ortho_26_04_11_camino_alternativo_salamanca,cl_mlp_pao_if_ortho_26_04_11_camino_alternativo_salamanca,cl_mlp_pao_if_ortho_26_04_11_camino_alternativo_salamanca,cl_mlp_pao_if_ortho_26_04_11_camino_alternativo_salamanca,cl_mlp_pao_if_ortho_26_04_11_camino_alternativo_salamanca
568,Name,CL_MLP_PAO_IF_Ortho_26_04_16_Camino_Alternativo_Salamanca,cl_mlp_pao_if_ortho_26_04_16_camino_alternativo_salamanca,cl_mlp_pao_if_ortho_26_04_16_camino_alternativo_salamanca,cl_mlp_pao_if_ortho_26_04_16_camino_alternativo_salamanca,cl_mlp_pao_if_ortho_26_04_16_camino_alternativo_salamanca,cl_mlp_pao_if_ortho_26_04_16_camino_alternativo_salamanca,cl_mlp_pao_if_ortho_26_04_16_camino_alternativo_salamanca
569,Name,CL_MLP_PAO_IF_Ortho_26_04_02_Camino_Alternativo_Salamanca,cl_mlp_pao_if_ortho_26_04_02_camino_alternativo_salamanca,cl_mlp_pao_if_ortho_26_04_02_camino_alternativo_salamanca,cl_mlp_pao_if_ortho_26_04_02_camino_alternativo_salamanca,cl_mlp_pao_if_ortho_26_04_02_camino_alternativo_salamanca,cl_mlp_pao_if_ortho_26_04_02_camino_alternativo_salamanca,cl_mlp_pao_if_ortho_26_04_02_camino_alternativo_salamanca
570,Name,CL_MLP_PAO_IF_Ortho_26_03_21_Camino_Alternativo_Salamanca,cl_mlp_pao_if_ortho_26_03_21_camino_alternativo_salamanca,cl_mlp_pao_if_ortho_26_03_21_camino_alternativo_salamanca,cl_mlp_pao_if_ortho_26_03_21_camino_alternativo_salamanca,cl_mlp_pao_if_ortho_26_03_21_camino_alternativo_salamanca,cl_mlp_pao_if_ortho_26_03_21_camino_alternativo_salamanca,cl_mlp_pao_if_ortho_26_03_21_camino_alternativo_salamanca
571,Name,CL_MLP_PAO_IF_Ortho_26_05_03_Camino_Alternativo_Salamanca,cl_mlp_pao_if_ortho_26_05_03_camino_alternativo_salamanca,cl_mlp_pao_if_ortho_26_05_03_camino_alternativo_salamanca,cl_mlp_pao_if_ortho_26_05_03_camino_alternativo_salamanca,cl_mlp_pao_if_ortho_26_05_03_camino_alternativo_salamanca,cl_mlp_pao_if_ortho_26_05_03_camino_alternativo_salamanca,cl_mlp_pao_if_ortho_26_05_03_camino_alternativo_salamanca
572,Name,CL_MLP_PAO_IF_Ortho_26_03_28_IIFF9-PA13,cl_mlp_pao_if_ortho_26_03_28_iiff9-pa13,cl_mlp_pao_if_ortho_26_03_28_iiff9-pa13,cl_mlp_pao_if_ortho_26_03_28_iiff9-pa13,cl_mlp_pao_if_ortho_26_03_28_iiff9-pa13,cl_mlp_pao_if_ortho_26_03_28_iiff9-pa13,cl_mlp_pao_if_ortho_26_03_28_iiff9-pa13
573,Name,CL_MLP_PAO_IF_Ortho_26_05_06_Camino_Alternativo_Salamanca,cl_mlp_pao_if_ortho_26_05_06_camino_alternativo_salamanca,cl_mlp_pao_if_ortho_26_05_06_camino_alternativo_salamanca,cl_mlp_pao_if_ortho_26_05_06_camino_alternativo_salamanca,cl_mlp_pao_if_ortho_26_05_06_camino_alternativo_salamanca,cl_mlp_pao_if_ortho_26_05_06_camino_alternativo_salamanca,cl_mlp_pao_if_ortho_26_05_06_camino_alternativo_salamanca
574,Name,CL_MLP_PAO_IF_Ortho_26_05_03_EDT,cl_mlp_pao_if_ortho_26_05_03_edt,cl_mlp_pao_if_ortho_26_05_03_edt,cl_mlp_pao_if_ortho_26_05_03_edt,cl_mlp_pao_if_ortho_26_05_03_edt,cl_mlp_pao_if_ortho_26_05_03_edt,cl_mlp_pao_if_ortho_26_05_03_edt
575,Name,CL_MLP_PAO_IF_Ortho_26_03_30_EDT,cl_mlp_pao_if_ortho_26_03_30_edt,cl_mlp_pao_if_ortho_26_03_30_edt,cl_mlp_pao_if_ortho_26_03_30_edt,cl_mlp_pao_if_ortho_26_03_30_edt,cl_mlp_pao_if_ortho_26_03_30_edt,cl_mlp_pao_if_ortho_26_03_30_edt
576,Name,CL_MLP_PAO_IF_Ortho_26_01_20_Linea-33-kV-NorteElMauro-Area3,cl_mlp_pao_if_ortho_26_01_20_linea-33-kv-norteelmauro-area3,cl_mlp_pao_if_ortho_26_01_20_linea-33-kv-norteelmauro-area3,cl_mlp_pao_if_ortho_26_01_20_linea-33-kv-norteelmauro-area3,cl_mlp_pao_if_ortho_26_01_20_linea-33-kv-norteelmauro-area3,cl_mlp_pao_if_ortho_26_01_20_linea-33-kv-norteelmauro-area3,cl_mlp_pao_if_ortho_26_01_20_linea-33-kv-norteelmauro-area3
577,Name,CL_MLP_PAO_IF_Ortho_26_04_26_EDT,cl_mlp_pao_if_ortho_26_04_26_edt,cl_mlp_pao_if_ortho_26_04_26_edt,cl_mlp_pao_if_ortho_26_04_26_edt,cl_mlp_pao_if_ortho_26_04_26_edt,cl_mlp_pao_if_ortho_26_04_26_edt,cl_mlp_pao_if_ortho_26_04_26_edt
578,Name,CL_MLP_PAO_IF_Ortho_26_05_09_EDT,cl_mlp_pao_if_ortho_26_05_09_edt,cl_mlp_pao_if_ortho_26_05_09_edt,cl_mlp_pao_if_ortho_26_05_09_edt,cl_mlp_pao_if_ortho_26_05_09_edt,cl_mlp_pao_if_ortho_26_05_09_edt,cl_mlp_pao_if_ortho_26_05_09_edt
579,Name,CL_MLP_PAO_IF_Ortho_26_02_24_Linea-33-kV-NorteElMauro-Area3,cl_mlp_pao_if_ortho_26_02_24_linea-33-kv-norteelmauro-area3,cl_mlp_pao_if_ortho_26_02_24_linea-33-kv-norteelmauro-area3,cl_mlp_pao_if_ortho_26_02_24_linea-33-kv-norteelmauro-area3,cl_mlp_pao_if_ortho_26_02_24_linea-33-kv-norteelmauro-area3,cl_mlp_pao_if_ortho_26_02_24_linea-33-kv-norteelmauro-area3,cl_mlp_pao_if_ortho_26_02_24_linea-33-kv-norteelmauro-area3
580,Name,CL_MLP_PAO_IF_Ortho_26_04_11_EDT,cl_mlp_pao_if_ortho_26_04_11_edt,cl_mlp_pao_if_ortho_26_04_11_edt,cl_mlp_pao_if_ortho_26_04_11_edt,cl_mlp_pao_if_ortho_26_04_11_edt,cl_mlp_pao_if_ortho_26_04_11_edt,cl_mlp_pao_if_ortho_26_04_11_edt
581,Name,Ov_i9A2_L02_R000054C1_C00004756,ov_i9a2_l02_r000054c1_c00004756,ov_i9a2_l02_r000054c1_c00004756,ov_i9a2_l02_r000054c1_c00004756,ov_i9a2_l02_r000054c1_c00004756,ov_i9a2_l02_r000054c1_c00004756,ov_i9a2_l02_r000054c1_c00004756
582,Name,Ov_i9A2_L02_R000054C2_C00004756,ov_i9a2_l02_r000054c2_c00004756,ov_i9a2_l02_r000054c2_c00004756,ov_i9a2_l02_r000054c2_c00004756,ov_i9a2_l02_r000054c2_c00004756,ov_i9a2_l02_r000054c2_c00004756,ov_i9a2_l02_r000054c2_c00004756
583,Name,Ov_i9A2_L02_R000054C3_C00004755,ov_i9a2_l02_r000054c3_c00004755,ov_i9a2_l02_r000054c3_c00004755,ov_i9a2_l02_r000054c3_c00004755,ov_i9a2_l02_r000054c3_c00004755,ov_i9a2_l02_r000054c3_c00004755,ov_i9a2_l02_r000054c3_c00004755
584,Name,Ov_i9A2_L02_R000054C4_C00004755,ov_i9a2_l02_r000054c4_c00004755,ov_i9a2_l02_r000054c4_c00004755,ov_i9a2_l02_r000054c4_c00004755,ov_i9a2_l02_r000054c4_c00004755,ov_i9a2_l02_r000054c4_c00004755,ov_i9a2_l02_r000054c4_c00004755
585,Name,Ov_i9A2_L02_R000054C2_C00004755,ov_i9a2_l02_r000054c2_c00004755,ov_i9a2_l02_r000054c2_c00004755,ov_i9a2_l02_r000054c2_c00004755,ov_i9a2_l02_r000054c2_c00004755,ov_i9a2_l02_r000054c2_c00004755,ov_i9a2_l02_r000054c2_c00004755
586,Name,Ov_i9A2_L02_R000054C2_C00004757,ov_i9a2_l02_r000054c2_c00004757,ov_i9a2_l02_r000054c2_c00004757,ov_i9a2_l02_r000054c2_c00004757,ov_i9a2_l02_r000054c2_c00004757,ov_i9a2_l02_r000054c2_c00004757,ov_i9a2_l02_r000054c2_c00004757
587,Name,Ov_i9A2_L02_R000054C1_C00004757,ov_i9a2_l02_r000054c1_c00004757,ov_i9a2_l02_r000054c1_c00004757,ov_i9a2_l02_r000054c1_c00004757,ov_i9a2_l02_r000054c1_c00004757,ov_i9a2_l02_r000054c1_c00004757,ov_i9a2_l02_r000054c1_c00004757
588,Name,Ov_i9A2_L02_R000054AC_C00004722,ov_i9a2_l02_r000054ac_c00004722,ov_i9a2_l02_r000054ac_c00004722,ov_i9a2_l02_r000054ac_c00004722,ov_i9a2_l02_r000054ac_c00004722,ov_i9a2_l02_r000054ac_c00004722,ov_i9a2_l02_r000054ac_c00004722
589,Name,Ov_i9A2_L02_R000054AC_C00004723,ov_i9a2_l02_r000054ac_c00004723,ov_i9a2_l02_r000054ac_c00004723,ov_i9a2_l02_r000054ac_c00004723,ov_i9a2_l02_r000054ac_c00004723,ov_i9a2_l02_r000054ac_c00004723,ov_i9a2_l02_r000054ac_c00004723
590,Name,Ov_i9A2_L02_R000054AC_C0000471D,ov_i9a2_l02_r000054ac_c0000471d,ov_i9a2_l02_r000054ac_c0000471d,ov_i9a2_l02_r000054ac_c0000471d,ov_i9a2_l02_r000054ac_c0000471d,ov_i9a2_l02_r000054ac_c0000471d,ov_i9a2_l02_r000054ac_c0000471d
591,Name,Ov_i9A2_L02_R000054AA_C00004720,ov_i9a2_l02_r000054aa_c00004720,ov_i9a2_l02_r000054aa_c00004720,ov_i9a2_l02_r000054aa_c00004720,ov_i9a2_l02_r000054aa_c00004720,ov_i9a2_l02_r000054aa_c00004720,ov_i9a2_l02_r000054aa_c00004720
592,Name,Ov_i9A2_L02_R000054AA_C00004721,ov_i9a2_l02_r000054aa_c00004721,ov_i9a2_l02_r000054aa_c00004721,ov_i9a2_l02_r000054aa_c00004721,ov_i9a2_l02_r000054aa_c00004721,ov_i9a2_l02_r000054aa_c00004721,ov_i9a2_l02_r000054aa_c00004721
593,Name,Ov_i9A2_L02_R000054AB_C00004720,ov_i9a2_l02_r000054ab_c00004720,ov_i9a2_l02_r000054ab_c00004720,ov_i9a2_l02_r000054ab_c00004720,ov_i9a2_l02_r000054ab_c00004720,ov_i9a2_l02_r000054ab_c00004720,ov_i9a2_l02_r000054ab_c00004720
594,Name,Ov_i9A2_L02_R000054AA_C00004723,ov_i9a2_l02_r000054aa_c00004723,ov_i9a2_l02_r000054aa_c00004723,ov_i9a2_l02_r000054aa_c00004723,ov_i9a2_l02_r000054aa_c00004723,ov_i9a2_l02_r000054aa_c00004723,ov_i9a2_l02_r000054aa_c00004723
595,Name,Ov_i9A2_L02_R000054AA_C00004722,ov_i9a2_l02_r000054aa_c00004722,ov_i9a2_l02_r000054aa_c00004722,ov_i9a2_l02_r000054aa_c00004722,ov_i9a2_l02_r000054aa_c00004722,ov_i9a2_l02_r000054aa_c00004722,ov_i9a2_l02_r000054aa_c00004722
596,Name,Ov_i9A2_L02_R000054A7_C00004701,ov_i9a2_l02_r000054a7_c00004701,ov_i9a2_l02_r000054a7_c00004701,ov_i9a2_l02_r000054a7_c00004701,ov_i9a2_l02_r000054a7_c00004701,ov_i9a2_l02_r000054a7_c00004701,ov_i9a2_l02_r000054a7_c00004701
597,Name,Ov_i9A2_L02_R000054A7_C00004702,ov_i9a2_l02_r000054a7_c00004702,ov_i9a2_l02_r000054a7_c00004702,ov_i9a2_l02_r000054a7_c00004702,ov_i9a2_l02_r000054a7_c00004702,ov_i9a2_l02_r000054a7_c00004702,ov_i9a2_l02_r000054a7_c00004702
598,Name,CL_MLP_PAO_IF_Ortho_26_04_01_Pozos_PRP,cl_mlp_pao_if_ortho_26_04_01_pozos_prp,cl_mlp_pao_if_ortho_26_04_01_pozos_prp,cl_mlp_pao_if_ortho_26_04_01_pozos_prp,cl_mlp_pao_if_ortho_26_04_01_pozos_prp,cl_mlp_pao_if_ortho_26_04_01_pozos_prp,cl_mlp_pao_if_ortho_26_04_01_pozos_prp
599,Name,CL_MLP_PAO_IF_Ortho_26_04_22_EB3,cl_mlp_pao_if_ortho_26_04_22_eb3,cl_mlp_pao_if_ortho_26_04_22_eb3,cl_mlp_pao_if_ortho_26_04_22_eb3,cl_mlp_pao_if_ortho_26_04_22_eb3,cl_mlp_pao_if_ortho_26_04_22_eb3,cl_mlp_pao_if_ortho_26_04_22_eb3
601,Name,CL_MLP_PAO_IF_Ortho_26_03_26_Pozos_PRP,cl_mlp_pao_if_ortho_26_03_26_pozos_prp,cl_mlp_pao_if_ortho_26_03_26_pozos_prp,cl_mlp_pao_if_ortho_26_03_26_pozos_prp,cl_mlp_pao_if_ortho_26_03_26_pozos_prp,cl_mlp_pao_if_ortho_26_03_26_pozos_prp,cl_mlp_pao_if_ortho_26_03_26_pozos_prp
602,Name,CL_MLP_PAO_IF_Ortho_26_04_17_EB3,cl_mlp_pao_if_ortho_26_04_17_eb3,cl_mlp_pao_if_ortho_26_04_17_eb3,cl_mlp_pao_if_ortho_26_04_17_eb3,cl_mlp_pao_if_ortho_26_04_17_eb3,cl_mlp_pao_if_ortho_26_04_17_eb3,cl_mlp_pao_if_ortho_26_04_17_eb3
604,Name,CL_MLP_PAO_IF_Ortho_26_03_27_Estacion_Cabecera,cl_mlp_pao_if_ortho_26_03_27_estacion_cabecera,cl_mlp_pao_if_ortho_26_03_27_estacion_cabecera,cl_mlp_pao_if_ortho_26_03_27_estacion_cabecera,cl_mlp_pao_if_ortho_26_03_27_estacion_cabecera,cl_mlp_pao_if_ortho_26_03_27_estacion_cabecera,cl_mlp_pao_if_ortho_26_03_27_estacion_cabecera
605,Name,CL_MLP_PAO_IF_Ortho_26_02_26_EB3,cl_mlp_pao_if_ortho_26_02_26_eb3,cl_mlp_pao_if_ortho_26_02_26_eb3,cl_mlp_pao_if_ortho_26_02_26_eb3,cl_mlp_pao_if_ortho_26_02_26_eb3,cl_mlp_pao_if_ortho_26_02_26_eb3,cl_mlp_pao_if_ortho_26_02_26_eb3
606,Name,CL_MLP_PAO_IF_Ortho_26_05_09_Estacion_Cabecera,cl_mlp_pao_if_ortho_26_05_09_estacion_cabecera,cl_mlp_pao_if_ortho_26_05_09_estacion_cabecera,cl_mlp_pao_if_ortho_26_05_09_estacion_cabecera,cl_mlp_pao_if_ortho_26_05_09_estacion_cabecera,cl_mlp_pao_if_ortho_26_05_09_estacion_cabecera,cl_mlp_pao_if_ortho_26_05_09_estacion_cabecera
607,Name,CL_MLP_PAO_IF_Ortho_26_04_09_EB3,cl_mlp_pao_if_ortho_26_04_09_eb3,cl_mlp_pao_if_ortho_26_04_09_eb3,cl_mlp_pao_if_ortho_26_04_09_eb3,cl_mlp_pao_if_ortho_26_04_09_eb3,cl_mlp_pao_if_ortho_26_04_09_eb3,cl_mlp_pao_if_ortho_26_04_09_eb3
608,Name,CL_MLP_PAO_IF_Ortho_26_04_16_Pozos_PRP,cl_mlp_pao_if_ortho_26_04_16_pozos_prp,cl_mlp_pao_if_ortho_26_04_16_pozos_prp,cl_mlp_pao_if_ortho_26_04_16_pozos_prp,cl_mlp_pao_if_ortho_26_04_16_pozos_prp,cl_mlp_pao_if_ortho_26_04_16_pozos_prp,cl_mlp_pao_if_ortho_26_04_16_pozos_prp
609,Name,CL_MLP_PAO_IF_Ortho_26_04_25_Pozos_PRP,cl_mlp_pao_if_ortho_26_04_25_pozos_prp,cl_mlp_pao_if_ortho_26_04_25_pozos_prp,cl_mlp_pao_if_ortho_26_04_25_pozos_prp,cl_mlp_pao_if_ortho_26_04_25_pozos_prp,cl_mlp_pao_if_ortho_26_04_25_pozos_prp,cl_mlp_pao_if_ortho_26_04_25_pozos_prp
611,Name,CL_MLP_PAO_IF_Ortho_26_05_08_Pozos_PRP,cl_mlp_pao_if_ortho_26_05_08_pozos_prp,cl_mlp_pao_if_ortho_26_05_08_pozos_prp,cl_mlp_pao_if_ortho_26_05_08_pozos_prp,cl_mlp_pao_if_ortho_26_05_08_pozos_prp,cl_mlp_pao_if_ortho_26_05_08_pozos_prp,cl_mlp_pao_if_ortho_26_05_08_pozos_prp
612,Name,CL_MLP_PAO_IF_Ortho_26_03_12_EB3,cl_mlp_pao_if_ortho_26_03_12_eb3,cl_mlp_pao_if_ortho_26_03_12_eb3,cl_mlp_pao_if_ortho_26_03_12_eb3,cl_mlp_pao_if_ortho_26_03_12_eb3,cl_mlp_pao_if_ortho_26_03_12_eb3,cl_mlp_pao_if_ortho_26_03_12_eb3
613,Name,CL_MLP_PAO_IF_Ortho_26_03_27_EB3,cl_mlp_pao_if_ortho_26_03_27_eb3,cl_mlp_pao_if_ortho_26_03_27_eb3,cl_mlp_pao_if_ortho_26_03_27_eb3,cl_mlp_pao_if_ortho_26_03_27_eb3,cl_mlp_pao_if_ortho_26_03_27_eb3,cl_mlp_pao_if_ortho_26_03_27_eb3
614,Name,CL_MLP_PAO_IF_Ortho_26_03_20_EB3,cl_mlp_pao_if_ortho_26_03_20_eb3,cl_mlp_pao_if_ortho_26_03_20_eb3,cl_mlp_pao_if_ortho_26_03_20_eb3,cl_mlp_pao_if_ortho_26_03_20_eb3,cl_mlp_pao_if_ortho_26_03_20_eb3,cl_mlp_pao_if_ortho_26_03_20_eb3
615,Name,CL_MLP_PAO_IF_Ortho_26_03_04_Linea-33-kV-NorteElMauro-Area3,cl_mlp_pao_if_ortho_26_03_04_linea-33-kv-norteelmauro-area3,cl_mlp_pao_if_ortho_26_03_04_linea-33-kv-norteelmauro-area3,cl_mlp_pao_if_ortho_26_03_04_linea-33-kv-norteelmauro-area3,cl_mlp_pao_if_ortho_26_03_04_linea-33-kv-norteelmauro-area3,cl_mlp_pao_if_ortho_26_03_04_linea-33-kv-norteelmauro-area3,cl_mlp_pao_if_ortho_26_03_04_linea-33-kv-norteelmauro-area3
616,Name,CL_MLP_PAO_IF_Ortho_26_03_04_EBD,cl_mlp_pao_if_ortho_26_03_04_ebd,cl_mlp_pao_if_ortho_26_03_04_ebd,cl_mlp_pao_if_ortho_26_03_04_ebd,cl_mlp_pao_if_ortho_26_03_04_ebd,cl_mlp_pao_if_ortho_26_03_04_ebd,cl_mlp_pao_if_ortho_26_03_04_ebd
617,Name,CL_MLP_PAO_IF_Ortho_26_02_21_IIFF9-PA13,cl_mlp_pao_if_ortho_26_02_21_iiff9-pa13,cl_mlp_pao_if_ortho_26_02_21_iiff9-pa13,cl_mlp_pao_if_ortho_26_02_21_iiff9-pa13,cl_mlp_pao_if_ortho_26_02_21_iiff9-pa13,cl_mlp_pao_if_ortho_26_02_21_iiff9-pa13,cl_mlp_pao_if_ortho_26_02_21_iiff9-pa13
618,Name,CL_MLP_PAO_IF_Ortho_26_02_11_EB2,cl_mlp_pao_if_ortho_26_02_11_eb2,cl_mlp_pao_if_ortho_26_02_11_eb2,cl_mlp_pao_if_ortho_26_02_11_eb2,cl_mlp_pao_if_ortho_26_02_11_eb2,cl_mlp_pao_if_ortho_26_02_11_eb2,cl_mlp_pao_if_ortho_26_02_11_eb2
619,Name,CL_MLP_PAO_IF_Ortho_26_03_07_EB3,cl_mlp_pao_if_ortho_26_03_07_eb3,cl_mlp_pao_if_ortho_26_03_07_eb3,cl_mlp_pao_if_ortho_26_03_07_eb3,cl_mlp_pao_if_ortho_26_03_07_eb3,cl_mlp_pao_if_ortho_26_03_07_eb3,cl_mlp_pao_if_ortho_26_03_07_eb3
620,Name,CL_MLP_PAO_IF_Ortho_26_05_02_EM2_S2,cl_mlp_pao_if_ortho_26_05_02_em2_s2,cl_mlp_pao_if_ortho_26_05_02_em2_s2,cl_mlp_pao_if_ortho_26_05_02_em2_s2,cl_mlp_pao_if_ortho_26_05_02_em2_s2,cl_mlp_pao_if_ortho_26_05_02_em2_s2,cl_mlp_pao_if_ortho_26_05_02_em2_s2
621,Name,CL_MLP_PAO_IF_Ortho_26_02_04_IIFF9-PA13,cl_mlp_pao_if_ortho_26_02_04_iiff9-pa13,cl_mlp_pao_if_ortho_26_02_04_iiff9-pa13,cl_mlp_pao_if_ortho_26_02_04_iiff9-pa13,cl_mlp_pao_if_ortho_26_02_04_iiff9-pa13,cl_mlp_pao_if_ortho_26_02_04_iiff9-pa13,cl_mlp_pao_if_ortho_26_02_04_iiff9-pa13
622,Name,CL_MLP_PAO_IF_Ortho_26_05_07_EM2_S2,cl_mlp_pao_if_ortho_26_05_07_em2_s2,cl_mlp_pao_if_ortho_26_05_07_em2_s2,cl_mlp_pao_if_ortho_26_05_07_em2_s2,cl_mlp_pao_if_ortho_26_05_07_em2_s2,cl_mlp_pao_if_ortho_26_05_07_em2_s2,cl_mlp_pao_if_ortho_26_05_07_em2_s2
623,Name,CL_MLP_PAO_IF_Ortho_26_03_04_IIFF9-PA13,cl_mlp_pao_if_ortho_26_03_04_iiff9-pa13,cl_mlp_pao_if_ortho_26_03_04_iiff9-pa13,cl_mlp_pao_if_ortho_26_03_04_iiff9-pa13,cl_mlp_pao_if_ortho_26_03_04_iiff9-pa13,cl_mlp_pao_if_ortho_26_03_04_iiff9-pa13,cl_mlp_pao_if_ortho_26_03_04_iiff9-pa13
624,Name,CL_MLP_PAO_IF_Ortho_26_04_11_EM2_S2,cl_mlp_pao_if_ortho_26_04_11_em2_s2,cl_mlp_pao_if_ortho_26_04_11_em2_s2,cl_mlp_pao_if_ortho_26_04_11_em2_s2,cl_mlp_pao_if_ortho_26_04_11_em2_s2,cl_mlp_pao_if_ortho_26_04_11_em2_s2,cl_mlp_pao_if_ortho_26_04_11_em2_s2
625,Name,CL_MLP_PAO_IF_Ortho_26_01_21_IIFF9-PA13,cl_mlp_pao_if_ortho_26_01_21_iiff9-pa13,cl_mlp_pao_if_ortho_26_01_21_iiff9-pa13,cl_mlp_pao_if_ortho_26_01_21_iiff9-pa13,cl_mlp_pao_if_ortho_26_01_21_iiff9-pa13,cl_mlp_pao_if_ortho_26_01_21_iiff9-pa13,cl_mlp_pao_if_ortho_26_01_21_iiff9-pa13
626,Name,CL_MLP_PAO_IF_Ortho_26_04_03_Estacion_Cabecera,cl_mlp_pao_if_ortho_26_04_03_estacion_cabecera,cl_mlp_pao_if_ortho_26_04_03_estacion_cabecera,cl_mlp_pao_if_ortho_26_04_03_estacion_cabecera,cl_mlp_pao_if_ortho_26_04_03_estacion_cabecera,cl_mlp_pao_if_ortho_26_04_03_estacion_cabecera,cl_mlp_pao_if_ortho_26_04_03_estacion_cabecera
627,Name,CL_MLP_PAO_IF_Ortho_26_02_05_ED2,cl_mlp_pao_if_ortho_26_02_05_ed2,cl_mlp_pao_if_ortho_26_02_05_ed2,cl_mlp_pao_if_ortho_26_02_05_ed2,cl_mlp_pao_if_ortho_26_02_05_ed2,cl_mlp_pao_if_ortho_26_02_05_ed2,cl_mlp_pao_if_ortho_26_02_05_ed2
628,Name,CL_MLP_PAO_IF_Ortho_26_05_02_EV2,cl_mlp_pao_if_ortho_26_05_02_ev2,cl_mlp_pao_if_ortho_26_05_02_ev2,cl_mlp_pao_if_ortho_26_05_02_ev2,cl_mlp_pao_if_ortho_26_05_02_ev2,cl_mlp_pao_if_ortho_26_05_02_ev2,cl_mlp_pao_if_ortho_26_05_02_ev2
629,Name,CL_MLP_PAO_IF_Ortho_26_02_12_ED2,cl_mlp_pao_if_ortho_26_02_12_ed2,cl_mlp_pao_if_ortho_26_02_12_ed2,cl_mlp_pao_if_ortho_26_02_12_ed2,cl_mlp_pao_if_ortho_26_02_12_ed2,cl_mlp_pao_if_ortho_26_02_12_ed2,cl_mlp_pao_if_ortho_26_02_12_ed2
630,Name,CL_MLP_PAO_IF_Ortho_26_05_01_EM1,cl_mlp_pao_if_ortho_26_05_01_em1,cl_mlp_pao_if_ortho_26_05_01_em1,cl_mlp_pao_if_ortho_26_05_01_em1,cl_mlp_pao_if_ortho_26_05_01_em1,cl_mlp_pao_if_ortho_26_05_01_em1,cl_mlp_pao_if_ortho_26_05_01_em1
631,Name,CL_MLP_PAO_IF_Ortho_26_04_15_EM2_S2,cl_mlp_pao_if_ortho_26_04_15_em2_s2,cl_mlp_pao_if_ortho_26_04_15_em2_s2,cl_mlp_pao_if_ortho_26_04_15_em2_s2,cl_mlp_pao_if_ortho_26_04_15_em2_s2,cl_mlp_pao_if_ortho_26_04_15_em2_s2,cl_mlp_pao_if_ortho_26_04_15_em2_s2
632,Name,CL_MLP_PAO_IF_Ortho_26_03_13_EM1,cl_mlp_pao_if_ortho_26_03_13_em1,cl_mlp_pao_if_ortho_26_03_13_em1,cl_mlp_pao_if_ortho_26_03_13_em1,cl_mlp_pao_if_ortho_26_03_13_em1,cl_mlp_pao_if_ortho_26_03_13_em1,cl_mlp_pao_if_ortho_26_03_13_em1
633,Name,CL_MLP_PAO_IF_Ortho_26_01_16_EM1,cl_mlp_pao_if_ortho_26_01_16_em1,cl_mlp_pao_if_ortho_26_01_16_em1,cl_mlp_pao_if_ortho_26_01_16_em1,cl_mlp_pao_if_ortho_26_01_16_em1,cl_mlp_pao_if_ortho_26_01_16_em1,cl_mlp_pao_if_ortho_26_01_16_em1
634,Name,CL_MLP_PAO_IF_Ortho_26_01_31_EV2_1,cl_mlp_pao_if_ortho_26_01_31_ev2_1,cl_mlp_pao_if_ortho_26_01_31_ev2_1,cl_mlp_pao_if_ortho_26_01_31_ev2_1,cl_mlp_pao_if_ortho_26_01_31_ev2_1,cl_mlp_pao_if_ortho_26_01_31_ev2_1,cl_mlp_pao_if_ortho_26_01_31_ev2_1
635,Name,CL_MLP_PAO_IF_Ortho_26_02_06_EM1,cl_mlp_pao_if_ortho_26_02_06_em1,cl_mlp_pao_if_ortho_26_02_06_em1,cl_mlp_pao_if_ortho_26_02_06_em1,cl_mlp_pao_if_ortho_26_02_06_em1,cl_mlp_pao_if_ortho_26_02_06_em1,cl_mlp_pao_if_ortho_26_02_06_em1
636,Name,CL_MLP_PAO_IF_Ortho_26_05_03_ED2,cl_mlp_pao_if_ortho_26_05_03_ed2,cl_mlp_pao_if_ortho_26_05_03_ed2,cl_mlp_pao_if_ortho_26_05_03_ed2,cl_mlp_pao_if_ortho_26_05_03_ed2,cl_mlp_pao_if_ortho_26_05_03_ed2,cl_mlp_pao_if_ortho_26_05_03_ed2
637,Name,CL_MLP_PAO_IF_Ortho_26_03_13_EV2,cl_mlp_pao_if_ortho_26_03_13_ev2,cl_mlp_pao_if_ortho_26_03_13_ev2,cl_mlp_pao_if_ortho_26_03_13_ev2,cl_mlp_pao_if_ortho_26_03_13_ev2,cl_mlp_pao_if_ortho_26_03_13_ev2,cl_mlp_pao_if_ortho_26_03_13_ev2
638,Name,CL_MLP_PAO_IF_Ortho_26_04_16_ED2,cl_mlp_pao_if_ortho_26_04_16_ed2,cl_mlp_pao_if_ortho_26_04_16_ed2,cl_mlp_pao_if_ortho_26_04_16_ed2,cl_mlp_pao_if_ortho_26_04_16_ed2,cl_mlp_pao_if_ortho_26_04_16_ed2,cl_mlp_pao_if_ortho_26_04_16_ed2
639,Name,CL_MLP_PAO_IF_Ortho_26_03_14_IIFF9-PA13,cl_mlp_pao_if_ortho_26_03_14_iiff9-pa13,cl_mlp_pao_if_ortho_26_03_14_iiff9-pa13,cl_mlp_pao_if_ortho_26_03_14_iiff9-pa13,cl_mlp_pao_if_ortho_26_03_14_iiff9-pa13,cl_mlp_pao_if_ortho_26_03_14_iiff9-pa13,cl_mlp_pao_if_ortho_26_03_14_iiff9-pa13
640,Name,CL_MLP_PAO_IF_Ortho_26_03_15_ED2,cl_mlp_pao_if_ortho_26_03_15_ed2,cl_mlp_pao_if_ortho_26_03_15_ed2,cl_mlp_pao_if_ortho_26_03_15_ed2,cl_mlp_pao_if_ortho_26_03_15_ed2,cl_mlp_pao_if_ortho_26_03_15_ed2,cl_mlp_pao_if_ortho_26_03_15_ed2
641,Name,CL_MLP_PAO_IF_Ortho_26_03_02_ED2,cl_mlp_pao_if_ortho_26_03_02_ed2,cl_mlp_pao_if_ortho_26_03_02_ed2,cl_mlp_pao_if_ortho_26_03_02_ed2,cl_mlp_pao_if_ortho_26_03_02_ed2,cl_mlp_pao_if_ortho_26_03_02_ed2,cl_mlp_pao_if_ortho_26_03_02_ed2
642,Name,CL_MLP_PAO_IF_Ortho_26_04_09_EM1,cl_mlp_pao_if_ortho_26_04_09_em1,cl_mlp_pao_if_ortho_26_04_09_em1,cl_mlp_pao_if_ortho_26_04_09_em1,cl_mlp_pao_if_ortho_26_04_09_em1,cl_mlp_pao_if_ortho_26_04_09_em1,cl_mlp_pao_if_ortho_26_04_09_em1
643,Name,CL_MLP_PAO_IF_Ortho_26_05_07_ED2,cl_mlp_pao_if_ortho_26_05_07_ed2,cl_mlp_pao_if_ortho_26_05_07_ed2,cl_mlp_pao_if_ortho_26_05_07_ed2,cl_mlp_pao_if_ortho_26_05_07_ed2,cl_mlp_pao_if_ortho_26_05_07_ed2,cl_mlp_pao_if_ortho_26_05_07_ed2
644,Name,CL_MLP_PAO_IF_Ortho_26_02_11_EV2,cl_mlp_pao_if_ortho_26_02_11_ev2,cl_mlp_pao_if_ortho_26_02_11_ev2,cl_mlp_pao_if_ortho_26_02_11_ev2,cl_mlp_pao_if_ortho_26_02_11_ev2,cl_mlp_pao_if_ortho_26_02_11_ev2,cl_mlp_pao_if_ortho_26_02_11_ev2
645,Name,CL_MLP_PAO_IF_Ortho_26_02_21_ED2,cl_mlp_pao_if_ortho_26_02_21_ed2,cl_mlp_pao_if_ortho_26_02_21_ed2,cl_mlp_pao_if_ortho_26_02_21_ed2,cl_mlp_pao_if_ortho_26_02_21_ed2,cl_mlp_pao_if_ortho_26_02_21_ed2,cl_mlp_pao_if_ortho_26_02_21_ed2
646,Name,CL_MLP_PAO_IF_Ortho_26_02_20_EM1,cl_mlp_pao_if_ortho_26_02_20_em1,cl_mlp_pao_if_ortho_26_02_20_em1,cl_mlp_pao_if_ortho_26_02_20_em1,cl_mlp_pao_if_ortho_26_02_20_em1,cl_mlp_pao_if_ortho_26_02_20_em1,cl_mlp_pao_if_ortho_26_02_20_em1
647,Name,CL_MLP_PAO_IF_Ortho_26_04_12_EV2,cl_mlp_pao_if_ortho_26_04_12_ev2,cl_mlp_pao_if_ortho_26_04_12_ev2,cl_mlp_pao_if_ortho_26_04_12_ev2,cl_mlp_pao_if_ortho_26_04_12_ev2,cl_mlp_pao_if_ortho_26_04_12_ev2,cl_mlp_pao_if_ortho_26_04_12_ev2
648,Name,CL_MLP_PAO_IF_Ortho_26_04_18_Estacion_Cabecera,cl_mlp_pao_if_ortho_26_04_18_estacion_cabecera,cl_mlp_pao_if_ortho_26_04_18_estacion_cabecera,cl_mlp_pao_if_ortho_26_04_18_estacion_cabecera,cl_mlp_pao_if_ortho_26_04_18_estacion_cabecera,cl_mlp_pao_if_ortho_26_04_18_estacion_cabecera,cl_mlp_pao_if_ortho_26_04_18_estacion_cabecera
649,Name,CL_MLP_PAO_IF_Ortho_26_05_09_EV2,cl_mlp_pao_if_ortho_26_05_09_ev2,cl_mlp_pao_if_ortho_26_05_09_ev2,cl_mlp_pao_if_ortho_26_05_09_ev2,cl_mlp_pao_if_ortho_26_05_09_ev2,cl_mlp_pao_if_ortho_26_05_09_ev2,cl_mlp_pao_if_ortho_26_05_09_ev2
650,Name,CL_MLP_PAO_IF_Ortho_26_04_01_EM2_2,cl_mlp_pao_if_ortho_26_04_01_em2_2,cl_mlp_pao_if_ortho_26_04_01_em2_2,cl_mlp_pao_if_ortho_26_04_01_em2_2,cl_mlp_pao_if_ortho_26_04_01_em2_2,cl_mlp_pao_if_ortho_26_04_01_em2_2,cl_mlp_pao_if_ortho_26_04_01_em2_2
651,Name,CL_MLP_PAO_IF_Ortho_26_04_01_EM2,cl_mlp_pao_if_ortho_26_04_01_em2,cl_mlp_pao_if_ortho_26_04_01_em2,cl_mlp_pao_if_ortho_26_04_01_em2,cl_mlp_pao_if_ortho_26_04_01_em2,cl_mlp_pao_if_ortho_26_04_01_em2,cl_mlp_pao_if_ortho_26_04_01_em2
652,Name,CL_MLP_PAO_IF_Ortho_26_04_19_EV2,cl_mlp_pao_if_ortho_26_04_19_ev2,cl_mlp_pao_if_ortho_26_04_19_ev2,cl_mlp_pao_if_ortho_26_04_19_ev2,cl_mlp_pao_if_ortho_26_04_19_ev2,cl_mlp_pao_if_ortho_26_04_19_ev2,cl_mlp_pao_if_ortho_26_04_19_ev2
653,Name,CL_MLP_PAO_IF_Ortho_26_02_12_IIFF9-PA13_1,cl_mlp_pao_if_ortho_26_02_12_iiff9-pa13_1,cl_mlp_pao_if_ortho_26_02_12_iiff9-pa13_1,cl_mlp_pao_if_ortho_26_02_12_iiff9-pa13_1,cl_mlp_pao_if_ortho_26_02_12_iiff9-pa13_1,cl_mlp_pao_if_ortho_26_02_12_iiff9-pa13_1,cl_mlp_pao_if_ortho_26_02_12_iiff9-pa13_1
654,Name,CL_MLP_PAO_IF_Ortho_26_03_19_ED2,cl_mlp_pao_if_ortho_26_03_19_ed2,cl_mlp_pao_if_ortho_26_03_19_ed2,cl_mlp_pao_if_ortho_26_03_19_ed2,cl_mlp_pao_if_ortho_26_03_19_ed2,cl_mlp_pao_if_ortho_26_03_19_ed2,cl_mlp_pao_if_ortho_26_03_19_ed2
655,Name,CL_MLP_PAO_IF_Ortho_26_02_11_EM1_1,cl_mlp_pao_if_ortho_26_02_11_em1_1,cl_mlp_pao_if_ortho_26_02_11_em1_1,cl_mlp_pao_if_ortho_26_02_11_em1_1,cl_mlp_pao_if_ortho_26_02_11_em1_1,cl_mlp_pao_if_ortho_26_02_11_em1_1,cl_mlp_pao_if_ortho_26_02_11_em1_1
656,Name,CL_MLP_PAO_IF_Ortho_26_01_20_EV1,cl_mlp_pao_if_ortho_26_01_20_ev1,cl_mlp_pao_if_ortho_26_01_20_ev1,cl_mlp_pao_if_ortho_26_01_20_ev1,cl_mlp_pao_if_ortho_26_01_20_ev1,cl_mlp_pao_if_ortho_26_01_20_ev1,cl_mlp_pao_if_ortho_26_01_20_ev1
657,Name,CL_MLP_PAO_IF_Ortho_26_04_09_ED2,cl_mlp_pao_if_ortho_26_04_09_ed2,cl_mlp_pao_if_ortho_26_04_09_ed2,cl_mlp_pao_if_ortho_26_04_09_ed2,cl_mlp_pao_if_ortho_26_04_09_ed2,cl_mlp_pao_if_ortho_26_04_09_ed2,cl_mlp_pao_if_ortho_26_04_09_ed2
658,Name,CL_MLP_PAO_IF_Ortho_26_01_04_EV2,cl_mlp_pao_if_ortho_26_01_04_ev2,cl_mlp_pao_if_ortho_26_01_04_ev2,cl_mlp_pao_if_ortho_26_01_04_ev2,cl_mlp_pao_if_ortho_26_01_04_ev2,cl_mlp_pao_if_ortho_26_01_04_ev2,cl_mlp_pao_if_ortho_26_01_04_ev2
659,Name,CL_MLP_PAO_IF_Ortho_26_02_04_Linea-33-kV-NorteElMauro-Area3,cl_mlp_pao_if_ortho_26_02_04_linea-33-kv-norteelmauro-area3,cl_mlp_pao_if_ortho_26_02_04_linea-33-kv-norteelmauro-area3,cl_mlp_pao_if_ortho_26_02_04_linea-33-kv-norteelmauro-area3,cl_mlp_pao_if_ortho_26_02_04_linea-33-kv-norteelmauro-area3,cl_mlp_pao_if_ortho_26_02_04_linea-33-kv-norteelmauro-area3,cl_mlp_pao_if_ortho_26_02_04_linea-33-kv-norteelmauro-area3
660,Name,CL_MLP_PAO_IF_Ortho_26_01_10_ED2,cl_mlp_pao_if_ortho_26_01_10_ed2,cl_mlp_pao_if_ortho_26_01_10_ed2,cl_mlp_pao_if_ortho_26_01_10_ed2,cl_mlp_pao_if_ortho_26_01_10_ed2,cl_mlp_pao_if_ortho_26_01_10_ed2,cl_mlp_pao_if_ortho_26_01_10_ed2
661,Name,CL_MLP_PAO_IF_Ortho_26_04_02_ED2,cl_mlp_pao_if_ortho_26_04_02_ed2,cl_mlp_pao_if_ortho_26_04_02_ed2,cl_mlp_pao_if_ortho_26_04_02_ed2,cl_mlp_pao_if_ortho_26_04_02_ed2,cl_mlp_pao_if_ortho_26_04_02_ed2,cl_mlp_pao_if_ortho_26_04_02_ed2
662,Name,CL_MLP_PAO_IF_Ortho_26_01_31_EB2_1,cl_mlp_pao_if_ortho_26_01_31_eb2_1,cl_mlp_pao_if_ortho_26_01_31_eb2_1,cl_mlp_pao_if_ortho_26_01_31_eb2_1,cl_mlp_pao_if_ortho_26_01_31_eb2_1,cl_mlp_pao_if_ortho_26_01_31_eb2_1,cl_mlp_pao_if_ortho_26_01_31_eb2_1
663,Name,CL_MLP_PAO_IF_Ortho_26_03_29_EBR,cl_mlp_pao_if_ortho_26_03_29_ebr,cl_mlp_pao_if_ortho_26_03_29_ebr,cl_mlp_pao_if_ortho_26_03_29_ebr,cl_mlp_pao_if_ortho_26_03_29_ebr,cl_mlp_pao_if_ortho_26_03_29_ebr,cl_mlp_pao_if_ortho_26_03_29_ebr
664,Name,CL_MLP_PAO_IF_Ortho_26_04_04_EBR,cl_mlp_pao_if_ortho_26_04_04_ebr,cl_mlp_pao_if_ortho_26_04_04_ebr,cl_mlp_pao_if_ortho_26_04_04_ebr,cl_mlp_pao_if_ortho_26_04_04_ebr,cl_mlp_pao_if_ortho_26_04_04_ebr,cl_mlp_pao_if_ortho_26_04_04_ebr
665,Name,CL_MLP_PAO_IF_Ortho_26_04_05_EB3,cl_mlp_pao_if_ortho_26_04_05_eb3,cl_mlp_pao_if_ortho_26_04_05_eb3,cl_mlp_pao_if_ortho_26_04_05_eb3,cl_mlp_pao_if_ortho_26_04_05_eb3,cl_mlp_pao_if_ortho_26_04_05_eb3,cl_mlp_pao_if_ortho_26_04_05_eb3
666,Name,CL_MLP_PAO_IF_Ortho_26_04_18_EBR,cl_mlp_pao_if_ortho_26_04_18_ebr,cl_mlp_pao_if_ortho_26_04_18_ebr,cl_mlp_pao_if_ortho_26_04_18_ebr,cl_mlp_pao_if_ortho_26_04_18_ebr,cl_mlp_pao_if_ortho_26_04_18_ebr,cl_mlp_pao_if_ortho_26_04_18_ebr
667,Name,CL_MLP_PAO_IF_Ortho_26_03_26_ED2,cl_mlp_pao_if_ortho_26_03_26_ed2,cl_mlp_pao_if_ortho_26_03_26_ed2,cl_mlp_pao_if_ortho_26_03_26_ed2,cl_mlp_pao_if_ortho_26_03_26_ed2,cl_mlp_pao_if_ortho_26_03_26_ed2,cl_mlp_pao_if_ortho_26_03_26_ed2
668,Name,CL_MLP_PAO_IF_Ortho_26_05_01_Pozos_PRP,cl_mlp_pao_if_ortho_26_05_01_pozos_prp,cl_mlp_pao_if_ortho_26_05_01_pozos_prp,cl_mlp_pao_if_ortho_26_05_01_pozos_prp,cl_mlp_pao_if_ortho_26_05_01_pozos_prp,cl_mlp_pao_if_ortho_26_05_01_pozos_prp,cl_mlp_pao_if_ortho_26_05_01_pozos_prp
669,Name,CL_MLP_PAO_IF_Ortho_26_04_10_Estacion_Cabecera,cl_mlp_pao_if_ortho_26_04_10_estacion_cabecera,cl_mlp_pao_if_ortho_26_04_10_estacion_cabecera,cl_mlp_pao_if_ortho_26_04_10_estacion_cabecera,cl_mlp_pao_if_ortho_26_04_10_estacion_cabecera,cl_mlp_pao_if_ortho_26_04_10_estacion_cabecera,cl_mlp_pao_if_ortho_26_04_10_estacion_cabecera
670,Name,CL_MLP_PAO_IF_Ortho_26_02_20_EV2,cl_mlp_pao_if_ortho_26_02_20_ev2,cl_mlp_pao_if_ortho_26_02_20_ev2,cl_mlp_pao_if_ortho_26_02_20_ev2,cl_mlp_pao_if_ortho_26_02_20_ev2,cl_mlp_pao_if_ortho_26_02_20_ev2,cl_mlp_pao_if_ortho_26_02_20_ev2
671,Name,CL_MLP_PAO_IF_Ortho_26_04_10_Pozos_PRP,cl_mlp_pao_if_ortho_26_04_10_pozos_prp,cl_mlp_pao_if_ortho_26_04_10_pozos_prp,cl_mlp_pao_if_ortho_26_04_10_pozos_prp,cl_mlp_pao_if_ortho_26_04_10_pozos_prp,cl_mlp_pao_if_ortho_26_04_10_pozos_prp,cl_mlp_pao_if_ortho_26_04_10_pozos_prp
672,Name,CL_MLP_PAO_IF_Ortho_26_02_05_EV2,cl_mlp_pao_if_ortho_26_02_05_ev2,cl_mlp_pao_if_ortho_26_02_05_ev2,cl_mlp_pao_if_ortho_26_02_05_ev2,cl_mlp_pao_if_ortho_26_02_05_ev2,cl_mlp_pao_if_ortho_26_02_05_ev2,cl_mlp_pao_if_ortho_26_02_05_ev2
673,Name,CL_MLP_PAO_IF_Ortho_26_03_15_Linea-33-kV-NorteElMauro-Area3_1,cl_mlp_pao_if_ortho_26_03_15_linea-33-kv-norteelmauro-area3_1,cl_mlp_pao_if_ortho_26_03_15_linea-33-kv-norteelmauro-area3_1,cl_mlp_pao_if_ortho_26_03_15_linea-33-kv-norteelmauro-area3_1,cl_mlp_pao_if_ortho_26_03_15_linea-33-kv-norteelmauro-area3_1,cl_mlp_pao_if_ortho_26_03_15_linea-33-kv-norteelmauro-area3_1,cl_mlp_pao_if_ortho_26_03_15_linea-33-kv-norteelmauro-area3_1
674,Name,CL_MLP_PAO_IF_Ortho_26_03_26_Camino_Alternativo_Salamanca,cl_mlp_pao_if_ortho_26_03_26_camino_alternativo_salamanca,cl_mlp_pao_if_ortho_26_03_26_camino_alternativo_salamanca,cl_mlp_pao_if_ortho_26_03_26_camino_alternativo_salamanca,cl_mlp_pao_if_ortho_26_03_26_camino_alternativo_salamanca,cl_mlp_pao_if_ortho_26_03_26_camino_alternativo_salamanca,cl_mlp_pao_if_ortho_26_03_26_camino_alternativo_salamanca
675,Name,CL_MLP_PAO_IF_Ortho_26_01_31_Linea-33-kV-NorteElMauro-Area3_1,cl_mlp_pao_if_ortho_26_01_31_linea-33-kv-norteelmauro-area3_1,cl_mlp_pao_if_ortho_26_01_31_linea-33-kv-norteelmauro-area3_1,cl_mlp_pao_if_ortho_26_01_31_linea-33-kv-norteelmauro-area3_1,cl_mlp_pao_if_ortho_26_01_31_linea-33-kv-norteelmauro-area3_1,cl_mlp_pao_if_ortho_26_01_31_linea-33-kv-norteelmauro-area3_1,cl_mlp_pao_if_ortho_26_01_31_linea-33-kv-norteelmauro-area3_1
676,Name,CL_MLP_PAO_IF_Ortho_26_05_09_EM1,cl_mlp_pao_if_ortho_26_05_09_em1,cl_mlp_pao_if_ortho_26_05_09_em1,cl_mlp_pao_if_ortho_26_05_09_em1,cl_mlp_pao_if_ortho_26_05_09_em1,cl_mlp_pao_if_ortho_26_05_09_em1,cl_mlp_pao_if_ortho_26_05_09_em1
677,Name,CL_MLP_PAO_IF_Ortho_26_03_21_EV2,cl_mlp_pao_if_ortho_26_03_21_ev2,cl_mlp_pao_if_ortho_26_03_21_ev2,cl_mlp_pao_if_ortho_26_03_21_ev2,cl_mlp_pao_if_ortho_26_03_21_ev2,cl_mlp_pao_if_ortho_26_03_21_ev2,cl_mlp_pao_if_ortho_26_03_21_ev2
678,Name,CL_MLP_PAO_IF_Ortho_26_01_07_Patio-19B-y-Armado,cl_mlp_pao_if_ortho_26_01_07_patio-19b-y-armado,cl_mlp_pao_if_ortho_26_01_07_patio-19b-y-armado,cl_mlp_pao_if_ortho_26_01_07_patio-19b-y-armado,cl_mlp_pao_if_ortho_26_01_07_patio-19b-y-armado,cl_mlp_pao_if_ortho_26_01_07_patio-19b-y-armado,cl_mlp_pao_if_ortho_26_01_07_patio-19b-y-armado
679,Name,CL_MLP_PAO_IF_Ortho_26_02_21_Patio-19B-y-Armado,cl_mlp_pao_if_ortho_26_02_21_patio-19b-y-armado,cl_mlp_pao_if_ortho_26_02_21_patio-19b-y-armado,cl_mlp_pao_if_ortho_26_02_21_patio-19b-y-armado,cl_mlp_pao_if_ortho_26_02_21_patio-19b-y-armado,cl_mlp_pao_if_ortho_26_02_21_patio-19b-y-armado,cl_mlp_pao_if_ortho_26_02_21_patio-19b-y-armado
680,Name,CL_MLP_PAO_IF_Ortho_26_02_28_Patio-19B-y-Armado,cl_mlp_pao_if_ortho_26_02_28_patio-19b-y-armado,cl_mlp_pao_if_ortho_26_02_28_patio-19b-y-armado,cl_mlp_pao_if_ortho_26_02_28_patio-19b-y-armado,cl_mlp_pao_if_ortho_26_02_28_patio-19b-y-armado,cl_mlp_pao_if_ortho_26_02_28_patio-19b-y-armado,cl_mlp_pao_if_ortho_26_02_28_patio-19b-y-armado
681,Name,CL_MLP_PAO_IF_Ortho_26_01_22_Patio-19B-y-Armado,cl_mlp_pao_if_ortho_26_01_22_patio-19b-y-armado,cl_mlp_pao_if_ortho_26_01_22_patio-19b-y-armado,cl_mlp_pao_if_ortho_26_01_22_patio-19b-y-armado,cl_mlp_pao_if_ortho_26_01_22_patio-19b-y-armado,cl_mlp_pao_if_ortho_26_01_22_patio-19b-y-armado,cl_mlp_pao_if_ortho_26_01_22_patio-19b-y-armado
682,Name,CL_MLP_PAO_IF_Ortho_26_04_18_Helipuerto,cl_mlp_pao_if_ortho_26_04_18_helipuerto,cl_mlp_pao_if_ortho_26_04_18_helipuerto,cl_mlp_pao_if_ortho_26_04_18_helipuerto,cl_mlp_pao_if_ortho_26_04_18_helipuerto,cl_mlp_pao_if_ortho_26_04_18_helipuerto,cl_mlp_pao_if_ortho_26_04_18_helipuerto
684,Name,CL_MLP_PAO_IF_Ortho_26_03_20_Estacion_Drenes_El_Mauro,cl_mlp_pao_if_ortho_26_03_20_estacion_drenes_el_mauro,cl_mlp_pao_if_ortho_26_03_20_estacion_drenes_el_mauro,cl_mlp_pao_if_ortho_26_03_20_estacion_drenes_el_mauro,cl_mlp_pao_if_ortho_26_03_20_estacion_drenes_el_mauro,cl_mlp_pao_if_ortho_26_03_20_estacion_drenes_el_mauro,cl_mlp_pao_if_ortho_26_03_20_estacion_drenes_el_mauro
685,Name,CL_MLP_PAO_IF_Ortho_26_02_14_Subestacion-El-Mauro,cl_mlp_pao_if_ortho_26_02_14_subestacion-el-mauro,cl_mlp_pao_if_ortho_26_02_14_subestacion-el-mauro,cl_mlp_pao_if_ortho_26_02_14_subestacion-el-mauro,cl_mlp_pao_if_ortho_26_02_14_subestacion-el-mauro,cl_mlp_pao_if_ortho_26_02_14_subestacion-el-mauro,cl_mlp_pao_if_ortho_26_02_14_subestacion-el-mauro
686,Name,CL_MLP_PAO_IF_Ortho_26_03_18_EM2_S2,cl_mlp_pao_if_ortho_26_03_18_em2_s2,cl_mlp_pao_if_ortho_26_03_18_em2_s2,cl_mlp_pao_if_ortho_26_03_18_em2_s2,cl_mlp_pao_if_ortho_26_03_18_em2_s2,cl_mlp_pao_if_ortho_26_03_18_em2_s2,cl_mlp_pao_if_ortho_26_03_18_em2_s2
687,Name,CL_MLP_PAO_IF_Ortho_26_02_26_TORRE_E85_A_E_125,cl_mlp_pao_if_ortho_26_02_26_torre_e85_a_e_125,cl_mlp_pao_if_ortho_26_02_26_torre_e85_a_e_125,cl_mlp_pao_if_ortho_26_02_26_torre_e85_a_e_125,cl_mlp_pao_if_ortho_26_02_26_torre_e85_a_e_125,cl_mlp_pao_if_ortho_26_02_26_torre_e85_a_e_125,cl_mlp_pao_if_ortho_26_02_26_torre_e85_a_e_125
688,Name,CL_MLP_PAO_IF_Ortho_26_04_02_EM3,cl_mlp_pao_if_ortho_26_04_02_em3,cl_mlp_pao_if_ortho_26_04_02_em3,cl_mlp_pao_if_ortho_26_04_02_em3,cl_mlp_pao_if_ortho_26_04_02_em3,cl_mlp_pao_if_ortho_26_04_02_em3,cl_mlp_pao_if_ortho_26_04_02_em3
689,Name,CL_MLP_PAO_IF_Ortho_26_03_20_EM1,cl_mlp_pao_if_ortho_26_03_20_em1,cl_mlp_pao_if_ortho_26_03_20_em1,cl_mlp_pao_if_ortho_26_03_20_em1,cl_mlp_pao_if_ortho_26_03_20_em1,cl_mlp_pao_if_ortho_26_03_20_em1,cl_mlp_pao_if_ortho_26_03_20_em1
690,Name,CL_MLP_PAO_IF_Ortho_26_02_19_ED1_IIFF7_DME8,cl_mlp_pao_if_ortho_26_02_19_ed1_iiff7_dme8,cl_mlp_pao_if_ortho_26_02_19_ed1_iiff7_dme8,cl_mlp_pao_if_ortho_26_02_19_ed1_iiff7_dme8,cl_mlp_pao_if_ortho_26_02_19_ed1_iiff7_dme8,cl_mlp_pao_if_ortho_26_02_19_ed1_iiff7_dme8,cl_mlp_pao_if_ortho_26_02_19_ed1_iiff7_dme8
691,Name,CL_MLP_PAO_IF_Ortho_26_02_21_EV1,cl_mlp_pao_if_ortho_26_02_21_ev1,cl_mlp_pao_if_ortho_26_02_21_ev1,cl_mlp_pao_if_ortho_26_02_21_ev1,cl_mlp_pao_if_ortho_26_02_21_ev1,cl_mlp_pao_if_ortho_26_02_21_ev1,cl_mlp_pao_if_ortho_26_02_21_ev1
692,Name,CL_MLP_PAO_IF_Ortho_26_03_26_EM3,cl_mlp_pao_if_ortho_26_03_26_em3,cl_mlp_pao_if_ortho_26_03_26_em3,cl_mlp_pao_if_ortho_26_03_26_em3,cl_mlp_pao_if_ortho_26_03_26_em3,cl_mlp_pao_if_ortho_26_03_26_em3,cl_mlp_pao_if_ortho_26_03_26_em3
693,Name,CL_MLP_PAO_IF_Ortho_26_03_07_EV2,cl_mlp_pao_if_ortho_26_03_07_ev2,cl_mlp_pao_if_ortho_26_03_07_ev2,cl_mlp_pao_if_ortho_26_03_07_ev2,cl_mlp_pao_if_ortho_26_03_07_ev2,cl_mlp_pao_if_ortho_26_03_07_ev2,cl_mlp_pao_if_ortho_26_03_07_ev2
694,Name,CL_MLP_PAO_IF_Ortho_26_04_18_EM1,cl_mlp_pao_if_ortho_26_04_18_em1,cl_mlp_pao_if_ortho_26_04_18_em1,cl_mlp_pao_if_ortho_26_04_18_em1,cl_mlp_pao_if_ortho_26_04_18_em1,cl_mlp_pao_if_ortho_26_04_18_em1,cl_mlp_pao_if_ortho_26_04_18_em1
695,Name,CL_MLP_PAO_IF_Ortho_26_05_02_ED1,cl_mlp_pao_if_ortho_26_05_02_ed1,cl_mlp_pao_if_ortho_26_05_02_ed1,cl_mlp_pao_if_ortho_26_05_02_ed1,cl_mlp_pao_if_ortho_26_05_02_ed1,cl_mlp_pao_if_ortho_26_05_02_ed1,cl_mlp_pao_if_ortho_26_05_02_ed1
696,Name,CL_MLP_PAO_IF_Ortho_26_01_10_ED1-IIFF7-DME8,cl_mlp_pao_if_ortho_26_01_10_ed1-iiff7-dme8,cl_mlp_pao_if_ortho_26_01_10_ed1-iiff7-dme8,cl_mlp_pao_if_ortho_26_01_10_ed1-iiff7-dme8,cl_mlp_pao_if_ortho_26_01_10_ed1-iiff7-dme8,cl_mlp_pao_if_ortho_26_01_10_ed1-iiff7-dme8,cl_mlp_pao_if_ortho_26_01_10_ed1-iiff7-dme8
697,Name,CL_MLP_PAO_IF_Ortho_26_04_03_EM1,cl_mlp_pao_if_ortho_26_04_03_em1,cl_mlp_pao_if_ortho_26_04_03_em1,cl_mlp_pao_if_ortho_26_04_03_em1,cl_mlp_pao_if_ortho_26_04_03_em1,cl_mlp_pao_if_ortho_26_04_03_em1,cl_mlp_pao_if_ortho_26_04_03_em1
698,Name,CL_MLP_PAO_IF_Ortho_26_02_04_ED1-IIFF7-DME8,cl_mlp_pao_if_ortho_26_02_04_ed1-iiff7-dme8,cl_mlp_pao_if_ortho_26_02_04_ed1-iiff7-dme8,cl_mlp_pao_if_ortho_26_02_04_ed1-iiff7-dme8,cl_mlp_pao_if_ortho_26_02_04_ed1-iiff7-dme8,cl_mlp_pao_if_ortho_26_02_04_ed1-iiff7-dme8,cl_mlp_pao_if_ortho_26_02_04_ed1-iiff7-dme8
699,Name,CL_MLP_PAO_IF_Ortho_26_03_29_EM1,cl_mlp_pao_if_ortho_26_03_29_em1,cl_mlp_pao_if_ortho_26_03_29_em1,cl_mlp_pao_if_ortho_26_03_29_em1,cl_mlp_pao_if_ortho_26_03_29_em1,cl_mlp_pao_if_ortho_26_03_29_em1,cl_mlp_pao_if_ortho_26_03_29_em1
700,Name,CL_MLP_PAO_IF_Ortho_26_04_18_ED1,cl_mlp_pao_if_ortho_26_04_18_ed1,cl_mlp_pao_if_ortho_26_04_18_ed1,cl_mlp_pao_if_ortho_26_04_18_ed1,cl_mlp_pao_if_ortho_26_04_18_ed1,cl_mlp_pao_if_ortho_26_04_18_ed1,cl_mlp_pao_if_ortho_26_04_18_ed1
701,Name,CL_MLP_PAO_IF_Ortho_26_03_06_EM1,cl_mlp_pao_if_ortho_26_03_06_em1,cl_mlp_pao_if_ortho_26_03_06_em1,cl_mlp_pao_if_ortho_26_03_06_em1,cl_mlp_pao_if_ortho_26_03_06_em1,cl_mlp_pao_if_ortho_26_03_06_em1,cl_mlp_pao_if_ortho_26_03_06_em1
702,Name,CL_MLP_PAO_IF_Ortho_26_04_25_EM1,cl_mlp_pao_if_ortho_26_04_25_em1,cl_mlp_pao_if_ortho_26_04_25_em1,cl_mlp_pao_if_ortho_26_04_25_em1,cl_mlp_pao_if_ortho_26_04_25_em1,cl_mlp_pao_if_ortho_26_04_25_em1,cl_mlp_pao_if_ortho_26_04_25_em1
703,Name,CL_MLP_PAO_IF_Ortho_26_03_11_EV1,cl_mlp_pao_if_ortho_26_03_11_ev1,cl_mlp_pao_if_ortho_26_03_11_ev1,cl_mlp_pao_if_ortho_26_03_11_ev1,cl_mlp_pao_if_ortho_26_03_11_ev1,cl_mlp_pao_if_ortho_26_03_11_ev1,cl_mlp_pao_if_ortho_26_03_11_ev1
704,Name,CL_MLP_PAO_IF_Ortho_26_03_14_ED1-IIFF7-DME8,cl_mlp_pao_if_ortho_26_03_14_ed1-iiff7-dme8,cl_mlp_pao_if_ortho_26_03_14_ed1-iiff7-dme8,cl_mlp_pao_if_ortho_26_03_14_ed1-iiff7-dme8,cl_mlp_pao_if_ortho_26_03_14_ed1-iiff7-dme8,cl_mlp_pao_if_ortho_26_03_14_ed1-iiff7-dme8,cl_mlp_pao_if_ortho_26_03_14_ed1-iiff7-dme8
705,Name,CL_MLP_PAO_IF_Ortho_26_01_21_ED1-IIFF7-DME8,cl_mlp_pao_if_ortho_26_01_21_ed1-iiff7-dme8,cl_mlp_pao_if_ortho_26_01_21_ed1-iiff7-dme8,cl_mlp_pao_if_ortho_26_01_21_ed1-iiff7-dme8,cl_mlp_pao_if_ortho_26_01_21_ed1-iiff7-dme8,cl_mlp_pao_if_ortho_26_01_21_ed1-iiff7-dme8,cl_mlp_pao_if_ortho_26_01_21_ed1-iiff7-dme8
706,Name,Ov_i9A2_L03_R00001C4E_C000017B5,ov_i9a2_l03_r00001c4e_c000017b5,ov_i9a2_l03_r00001c4e_c000017b5,ov_i9a2_l03_r00001c4e_c000017b5,ov_i9a2_l03_r00001c4e_c000017b5,ov_i9a2_l03_r00001c4e_c000017b5,ov_i9a2_l03_r00001c4e_c000017b5
707,Name,Ov_i9A2_L03_R00001C4F_C000017B5,ov_i9a2_l03_r00001c4f_c000017b5,ov_i9a2_l03_r00001c4f_c000017b5,ov_i9a2_l03_r00001c4f_c000017b5,ov_i9a2_l03_r00001c4f_c000017b5,ov_i9a2_l03_r00001c4f_c000017b5,ov_i9a2_l03_r00001c4f_c000017b5
708,Name,Ov_i9A2_L03_R00001C4B_C000017E5,ov_i9a2_l03_r00001c4b_c000017e5,ov_i9a2_l03_r00001c4b_c000017e5,ov_i9a2_l03_r00001c4b_c000017e5,ov_i9a2_l03_r00001c4b_c000017e5,ov_i9a2_l03_r00001c4b_c000017e5,ov_i9a2_l03_r00001c4b_c000017e5
709,Name,Ov_i9A2_L03_R00001C4B_C000017E6,ov_i9a2_l03_r00001c4b_c000017e6,ov_i9a2_l03_r00001c4b_c000017e6,ov_i9a2_l03_r00001c4b_c000017e6,ov_i9a2_l03_r00001c4b_c000017e6,ov_i9a2_l03_r00001c4b_c000017e6,ov_i9a2_l03_r00001c4b_c000017e6
710,Name,Ov_i9A2_L03_R00001C40_C00001785,ov_i9a2_l03_r00001c40_c00001785,ov_i9a2_l03_r00001c40_c00001785,ov_i9a2_l03_r00001c40_c00001785,ov_i9a2_l03_r00001c40_c00001785,ov_i9a2_l03_r00001c40_c00001785,ov_i9a2_l03_r00001c40_c00001785
711,Name,Ov_i9A2_L03_R00001C39_C000017A9,ov_i9a2_l03_r00001c39_c000017a9,ov_i9a2_l03_r00001c39_c000017a9,ov_i9a2_l03_r00001c39_c000017a9,ov_i9a2_l03_r00001c39_c000017a9,ov_i9a2_l03_r00001c39_c000017a9,ov_i9a2_l03_r00001c39_c000017a9
712,Name,Ov_i9A2_L03_R00001C3A_C000017A9,ov_i9a2_l03_r00001c3a_c000017a9,ov_i9a2_l03_r00001c3a_c000017a9,ov_i9a2_l03_r00001c3a_c000017a9,ov_i9a2_l03_r00001c3a_c000017a9,ov_i9a2_l03_r00001c3a_c000017a9,ov_i9a2_l03_r00001c3a_c000017a9
713,Name,Ov_i9A2_L03_R00001C3F_C000017C1,ov_i9a2_l03_r00001c3f_c000017c1,ov_i9a2_l03_r00001c3f_c000017c1,ov_i9a2_l03_r00001c3f_c000017c1,ov_i9a2_l03_r00001c3f_c000017c1,ov_i9a2_l03_r00001c3f_c000017c1,ov_i9a2_l03_r00001c3f_c000017c1
714,Name,Ov_i9A2_L03_R00001C40_C000017C4,ov_i9a2_l03_r00001c40_c000017c4,ov_i9a2_l03_r00001c40_c000017c4,ov_i9a2_l03_r00001c40_c000017c4,ov_i9a2_l03_r00001c40_c000017c4,ov_i9a2_l03_r00001c40_c000017c4,ov_i9a2_l03_r00001c40_c000017c4
715,Name,Ov_i9A2_L03_R00001C37_C000017AB,ov_i9a2_l03_r00001c37_c000017ab,ov_i9a2_l03_r00001c37_c000017ab,ov_i9a2_l03_r00001c37_c000017ab,ov_i9a2_l03_r00001c37_c000017ab,ov_i9a2_l03_r00001c37_c000017ab,ov_i9a2_l03_r00001c37_c000017ab
716,Name,Ov_i9A2_L03_R00001C39_C000017B4,ov_i9a2_l03_r00001c39_c000017b4,ov_i9a2_l03_r00001c39_c000017b4,ov_i9a2_l03_r00001c39_c000017b4,ov_i9a2_l03_r00001c39_c000017b4,ov_i9a2_l03_r00001c39_c000017b4,ov_i9a2_l03_r00001c39_c000017b4
717,Name,Ov_i9A2_L03_R00001C38_C000017B6,ov_i9a2_l03_r00001c38_c000017b6,ov_i9a2_l03_r00001c38_c000017b6,ov_i9a2_l03_r00001c38_c000017b6,ov_i9a2_l03_r00001c38_c000017b6,ov_i9a2_l03_r00001c38_c000017b6,ov_i9a2_l03_r00001c38_c000017b6
718,Name,Ov_i9A2_L03_R00001C46_C000017E2,ov_i9a2_l03_r00001c46_c000017e2,ov_i9a2_l03_r00001c46_c000017e2,ov_i9a2_l03_r00001c46_c000017e2,ov_i9a2_l03_r00001c46_c000017e2,ov_i9a2_l03_r00001c46_c000017e2,ov_i9a2_l03_r00001c46_c000017e2
719,Name,CL_MLP_PAO_IF_Ortho_26_04_15_EV1,cl_mlp_pao_if_ortho_26_04_15_ev1,cl_mlp_pao_if_ortho_26_04_15_ev1,cl_mlp_pao_if_ortho_26_04_15_ev1,cl_mlp_pao_if_ortho_26_04_15_ev1,cl_mlp_pao_if_ortho_26_04_15_ev1,cl_mlp_pao_if_ortho_26_04_15_ev1
720,Name,CL_MLP_PAO_IF_Ortho_26_02_05_EV1,cl_mlp_pao_if_ortho_26_02_05_ev1,cl_mlp_pao_if_ortho_26_02_05_ev1,cl_mlp_pao_if_ortho_26_02_05_ev1,cl_mlp_pao_if_ortho_26_02_05_ev1,cl_mlp_pao_if_ortho_26_02_05_ev1,cl_mlp_pao_if_ortho_26_02_05_ev1
721,Name,CL_MLP_PAO_IF_Ortho_26_03_07_ED1-IIFF7-DME8,cl_mlp_pao_if_ortho_26_03_07_ed1-iiff7-dme8,cl_mlp_pao_if_ortho_26_03_07_ed1-iiff7-dme8,cl_mlp_pao_if_ortho_26_03_07_ed1-iiff7-dme8,cl_mlp_pao_if_ortho_26_03_07_ed1-iiff7-dme8,cl_mlp_pao_if_ortho_26_03_07_ed1-iiff7-dme8,cl_mlp_pao_if_ortho_26_03_07_ed1-iiff7-dme8
722,Name,CL_MLP_PAO_IF_Ortho_26_02_10_ED1-IIFF7-DME8,cl_mlp_pao_if_ortho_26_02_10_ed1-iiff7-dme8,cl_mlp_pao_if_ortho_26_02_10_ed1-iiff7-dme8,cl_mlp_pao_if_ortho_26_02_10_ed1-iiff7-dme8,cl_mlp_pao_if_ortho_26_02_10_ed1-iiff7-dme8,cl_mlp_pao_if_ortho_26_02_10_ed1-iiff7-dme8,cl_mlp_pao_if_ortho_26_02_10_ed1-iiff7-dme8
723,Name,CL_MLP_PAO_IF_Ortho_26_05_01_EV1,cl_mlp_pao_if_ortho_26_05_01_ev1,cl_mlp_pao_if_ortho_26_05_01_ev1,cl_mlp_pao_if_ortho_26_05_01_ev1,cl_mlp_pao_if_ortho_26_05_01_ev1,cl_mlp_pao_if_ortho_26_05_01_ev1,cl_mlp_pao_if_ortho_26_05_01_ev1
724,Name,CL_MLP_PAO_IF_Ortho_26_04_08_EV1,cl_mlp_pao_if_ortho_26_04_08_ev1,cl_mlp_pao_if_ortho_26_04_08_ev1,cl_mlp_pao_if_ortho_26_04_08_ev1,cl_mlp_pao_if_ortho_26_04_08_ev1,cl_mlp_pao_if_ortho_26_04_08_ev1,cl_mlp_pao_if_ortho_26_04_08_ev1
725,Name,CL_MLP_PAO_IF_Ortho_26_01_11_EM1,cl_mlp_pao_if_ortho_26_01_11_em1,cl_mlp_pao_if_ortho_26_01_11_em1,cl_mlp_pao_if_ortho_26_01_11_em1,cl_mlp_pao_if_ortho_26_01_11_em1,cl_mlp_pao_if_ortho_26_01_11_em1,cl_mlp_pao_if_ortho_26_01_11_em1
726,Name,CL_MLP_PAO_IF_Ortho_26_04_05_EV1,cl_mlp_pao_if_ortho_26_04_05_ev1,cl_mlp_pao_if_ortho_26_04_05_ev1,cl_mlp_pao_if_ortho_26_04_05_ev1,cl_mlp_pao_if_ortho_26_04_05_ev1,cl_mlp_pao_if_ortho_26_04_05_ev1,cl_mlp_pao_if_ortho_26_04_05_ev1
727,Name,CL_MLP_PAO_IF_Ortho_26_03_27_EV1,cl_mlp_pao_if_ortho_26_03_27_ev1,cl_mlp_pao_if_ortho_26_03_27_ev1,cl_mlp_pao_if_ortho_26_03_27_ev1,cl_mlp_pao_if_ortho_26_03_27_ev1,cl_mlp_pao_if_ortho_26_03_27_ev1,cl_mlp_pao_if_ortho_26_03_27_ev1
728,Name,CL_MLP_PAO_IF_Ortho_26_05_03_EM3,cl_mlp_pao_if_ortho_26_05_03_em3,cl_mlp_pao_if_ortho_26_05_03_em3,cl_mlp_pao_if_ortho_26_05_03_em3,cl_mlp_pao_if_ortho_26_05_03_em3,cl_mlp_pao_if_ortho_26_05_03_em3,cl_mlp_pao_if_ortho_26_05_03_em3
729,Name,CL_MLP_PAO_IF_Ortho_26_04_13_ED1-IIFF7-DME8,cl_mlp_pao_if_ortho_26_04_13_ed1-iiff7-dme8,cl_mlp_pao_if_ortho_26_04_13_ed1-iiff7-dme8,cl_mlp_pao_if_ortho_26_04_13_ed1-iiff7-dme8,cl_mlp_pao_if_ortho_26_04_13_ed1-iiff7-dme8,cl_mlp_pao_if_ortho_26_04_13_ed1-iiff7-dme8,cl_mlp_pao_if_ortho_26_04_13_ed1-iiff7-dme8
730,Name,CL_MLP_PAO_IF_Ortho_26_04_11_EM3,cl_mlp_pao_if_ortho_26_04_11_em3,cl_mlp_pao_if_ortho_26_04_11_em3,cl_mlp_pao_if_ortho_26_04_11_em3,cl_mlp_pao_if_ortho_26_04_11_em3,cl_mlp_pao_if_ortho_26_04_11_em3,cl_mlp_pao_if_ortho_26_04_11_em3
731,Name,CL_MLP_PAO_IF_Ortho_26_03_18_EV1,cl_mlp_pao_if_ortho_26_03_18_ev1,cl_mlp_pao_if_ortho_26_03_18_ev1,cl_mlp_pao_if_ortho_26_03_18_ev1,cl_mlp_pao_if_ortho_26_03_18_ev1,cl_mlp_pao_if_ortho_26_03_18_ev1,cl_mlp_pao_if_ortho_26_03_18_ev1
732,Name,CL_MLP_PAO_IF_Ortho_26_02_25_EV1,cl_mlp_pao_if_ortho_26_02_25_ev1,cl_mlp_pao_if_ortho_26_02_25_ev1,cl_mlp_pao_if_ortho_26_02_25_ev1,cl_mlp_pao_if_ortho_26_02_25_ev1,cl_mlp_pao_if_ortho_26_02_25_ev1,cl_mlp_pao_if_ortho_26_02_25_ev1
733,Name,CL_MLP_PAO_IF_Ortho_26_02_26_EV1,cl_mlp_pao_if_ortho_26_02_26_ev1,cl_mlp_pao_if_ortho_26_02_26_ev1,cl_mlp_pao_if_ortho_26_02_26_ev1,cl_mlp_pao_if_ortho_26_02_26_ev1,cl_mlp_pao_if_ortho_26_02_26_ev1,cl_mlp_pao_if_ortho_26_02_26_ev1
734,Name,CL_MLP_PAO_IF_Ortho_26_05_07_EM3,cl_mlp_pao_if_ortho_26_05_07_em3,cl_mlp_pao_if_ortho_26_05_07_em3,cl_mlp_pao_if_ortho_26_05_07_em3,cl_mlp_pao_if_ortho_26_05_07_em3,cl_mlp_pao_if_ortho_26_05_07_em3,cl_mlp_pao_if_ortho_26_05_07_em3
735,Name,CL_MLP_PAO_IF_Ortho_26_02_11_EV1_1,cl_mlp_pao_if_ortho_26_02_11_ev1_1,cl_mlp_pao_if_ortho_26_02_11_ev1_1,cl_mlp_pao_if_ortho_26_02_11_ev1_1,cl_mlp_pao_if_ortho_26_02_11_ev1_1,cl_mlp_pao_if_ortho_26_02_11_ev1_1,cl_mlp_pao_if_ortho_26_02_11_ev1_1
736,Name,CL_MLP_PAO_IF_Ortho_26_02_11_TORRE_E85_A_E_125,cl_mlp_pao_if_ortho_26_02_11_torre_e85_a_e_125,cl_mlp_pao_if_ortho_26_02_11_torre_e85_a_e_125,cl_mlp_pao_if_ortho_26_02_11_torre_e85_a_e_125,cl_mlp_pao_if_ortho_26_02_11_torre_e85_a_e_125,cl_mlp_pao_if_ortho_26_02_11_torre_e85_a_e_125,cl_mlp_pao_if_ortho_26_02_11_torre_e85_a_e_125
737,Name,CL_MLP_PAO_IF_Ortho_26_05_09_EV1,cl_mlp_pao_if_ortho_26_05_09_ev1,cl_mlp_pao_if_ortho_26_05_09_ev1,cl_mlp_pao_if_ortho_26_05_09_ev1,cl_mlp_pao_if_ortho_26_05_09_ev1,cl_mlp_pao_if_ortho_26_05_09_ev1,cl_mlp_pao_if_ortho_26_05_09_ev1
738,Name,CL_MLP_PAO_IF_Ortho_26_04_16_EM3,cl_mlp_pao_if_ortho_26_04_16_em3,cl_mlp_pao_if_ortho_26_04_16_em3,cl_mlp_pao_if_ortho_26_04_16_em3,cl_mlp_pao_if_ortho_26_04_16_em3,cl_mlp_pao_if_ortho_26_04_16_em3,cl_mlp_pao_if_ortho_26_04_16_em3
739,Name,CL_MLP_PAO_IF_Ortho_26_01_03_DME5A-DME17-a-NSTC-78p9,cl_mlp_pao_if_ortho_26_01_03_dme5a-dme17-a-nstc-78p9,cl_mlp_pao_if_ortho_26_01_03_dme5a-dme17-a-nstc-78p9,cl_mlp_pao_if_ortho_26_01_03_dme5a-dme17-a-nstc-78p9,cl_mlp_pao_if_ortho_26_01_03_dme5a-dme17-a-nstc-78p9,cl_mlp_pao_if_ortho_26_01_03_dme5a-dme17-a-nstc-78p9,cl_mlp_pao_if_ortho_26_01_03_dme5a-dme17-a-nstc-78p9
740,Name,CL_MLP_PAO_IF_Ortho_26_03_27_Helipuerto,cl_mlp_pao_if_ortho_26_03_27_helipuerto,cl_mlp_pao_if_ortho_26_03_27_helipuerto,cl_mlp_pao_if_ortho_26_03_27_helipuerto,cl_mlp_pao_if_ortho_26_03_27_helipuerto,cl_mlp_pao_if_ortho_26_03_27_helipuerto,cl_mlp_pao_if_ortho_26_03_27_helipuerto
741,Name,CL_MLP_PAO_IF_Ortho_26_04_05_Helipuerto,cl_mlp_pao_if_ortho_26_04_05_helipuerto,cl_mlp_pao_if_ortho_26_04_05_helipuerto,cl_mlp_pao_if_ortho_26_04_05_helipuerto,cl_mlp_pao_if_ortho_26_04_05_helipuerto,cl_mlp_pao_if_ortho_26_04_05_helipuerto,cl_mlp_pao_if_ortho_26_04_05_helipuerto
742,Name,CL_MLP_PAO_IF_Ortho_26_03_05_EV1,cl_mlp_pao_if_ortho_26_03_05_ev1,cl_mlp_pao_if_ortho_26_03_05_ev1,cl_mlp_pao_if_ortho_26_03_05_ev1,cl_mlp_pao_if_ortho_26_03_05_ev1,cl_mlp_pao_if_ortho_26_03_05_ev1,cl_mlp_pao_if_ortho_26_03_05_ev1
743,Name,CL_MLP_PAO_IF_Ortho_26_04_10_Helipuerto,cl_mlp_pao_if_ortho_26_04_10_helipuerto,cl_mlp_pao_if_ortho_26_04_10_helipuerto,cl_mlp_pao_if_ortho_26_04_10_helipuerto,cl_mlp_pao_if_ortho_26_04_10_helipuerto,cl_mlp_pao_if_ortho_26_04_10_helipuerto,cl_mlp_pao_if_ortho_26_04_10_helipuerto
744,Name,CL_MLP_PAO_IF_Ortho_26_03_13_EM4,cl_mlp_pao_if_ortho_26_03_13_em4,cl_mlp_pao_if_ortho_26_03_13_em4,cl_mlp_pao_if_ortho_26_03_13_em4,cl_mlp_pao_if_ortho_26_03_13_em4,cl_mlp_pao_if_ortho_26_03_13_em4,cl_mlp_pao_if_ortho_26_03_13_em4
745,Name,CL_MLP_PAO_IF_Ortho_26_01_09_TORRE_E85_A_E_125,cl_mlp_pao_if_ortho_26_01_09_torre_e85_a_e_125,cl_mlp_pao_if_ortho_26_01_09_torre_e85_a_e_125,cl_mlp_pao_if_ortho_26_01_09_torre_e85_a_e_125,cl_mlp_pao_if_ortho_26_01_09_torre_e85_a_e_125,cl_mlp_pao_if_ortho_26_01_09_torre_e85_a_e_125,cl_mlp_pao_if_ortho_26_01_09_torre_e85_a_e_125
746,Name,CL_MLP_PAO_IF_Ortho_26_03_05_ED2,cl_mlp_pao_if_ortho_26_03_05_ed2,cl_mlp_pao_if_ortho_26_03_05_ed2,cl_mlp_pao_if_ortho_26_03_05_ed2,cl_mlp_pao_if_ortho_26_03_05_ed2,cl_mlp_pao_if_ortho_26_03_05_ed2,cl_mlp_pao_if_ortho_26_03_05_ed2
747,Name,CL_MLP_PAO_IF_Ortho_26_03_12_TORRE_E85_A_E125,cl_mlp_pao_if_ortho_26_03_12_torre_e85_a_e125,cl_mlp_pao_if_ortho_26_03_12_torre_e85_a_e125,cl_mlp_pao_if_ortho_26_03_12_torre_e85_a_e125,cl_mlp_pao_if_ortho_26_03_12_torre_e85_a_e125,cl_mlp_pao_if_ortho_26_03_12_torre_e85_a_e125,cl_mlp_pao_if_ortho_26_03_12_torre_e85_a_e125
748,Name,CL_MLP_PAO_IF_Ortho_26_02_25_EM4,cl_mlp_pao_if_ortho_26_02_25_em4,cl_mlp_pao_if_ortho_26_02_25_em4,cl_mlp_pao_if_ortho_26_02_25_em4,cl_mlp_pao_if_ortho_26_02_25_em4,cl_mlp_pao_if_ortho_26_02_25_em4,cl_mlp_pao_if_ortho_26_02_25_em4
749,Name,CL_MLP_PAO_IF_Ortho_26_02_19_TORRES_E12_-_E30_PV4,cl_mlp_pao_if_ortho_26_02_19_torres_e12_-_e30_pv4,cl_mlp_pao_if_ortho_26_02_19_torres_e12_-_e30_pv4,cl_mlp_pao_if_ortho_26_02_19_torres_e12_-_e30_pv4,cl_mlp_pao_if_ortho_26_02_19_torres_e12_-_e30_pv4,cl_mlp_pao_if_ortho_26_02_19_torres_e12_-_e30_pv4,cl_mlp_pao_if_ortho_26_02_19_torres_e12_-_e30_pv4
750,Name,CL_MLP_PAO_IF_Ortho_26_02_07_TORRE_E85_A_E_125,cl_mlp_pao_if_ortho_26_02_07_torre_e85_a_e_125,cl_mlp_pao_if_ortho_26_02_07_torre_e85_a_e_125,cl_mlp_pao_if_ortho_26_02_07_torre_e85_a_e_125,cl_mlp_pao_if_ortho_26_02_07_torre_e85_a_e_125,cl_mlp_pao_if_ortho_26_02_07_torre_e85_a_e_125,cl_mlp_pao_if_ortho_26_02_07_torre_e85_a_e_125
751,Name,CL_MLP_PAO_IF_Ortho_26_03_21_Hidrociclones,cl_mlp_pao_if_ortho_26_03_21_hidrociclones,cl_mlp_pao_if_ortho_26_03_21_hidrociclones,cl_mlp_pao_if_ortho_26_03_21_hidrociclones,cl_mlp_pao_if_ortho_26_03_21_hidrociclones,cl_mlp_pao_if_ortho_26_03_21_hidrociclones,cl_mlp_pao_if_ortho_26_03_21_hidrociclones
752,Name,CL_MLP_PAO_IF_Ortho_26_02_11_TORRES_E12_-_E30_PV4,cl_mlp_pao_if_ortho_26_02_11_torres_e12_-_e30_pv4,cl_mlp_pao_if_ortho_26_02_11_torres_e12_-_e30_pv4,cl_mlp_pao_if_ortho_26_02_11_torres_e12_-_e30_pv4,cl_mlp_pao_if_ortho_26_02_11_torres_e12_-_e30_pv4,cl_mlp_pao_if_ortho_26_02_11_torres_e12_-_e30_pv4,cl_mlp_pao_if_ortho_26_02_11_torres_e12_-_e30_pv4
753,Name,CL_MLP_PAO_IF_Ortho_26_02_01_TORRES_E12_-_E30_PV4,cl_mlp_pao_if_ortho_26_02_01_torres_e12_-_e30_pv4,cl_mlp_pao_if_ortho_26_02_01_torres_e12_-_e30_pv4,cl_mlp_pao_if_ortho_26_02_01_torres_e12_-_e30_pv4,cl_mlp_pao_if_ortho_26_02_01_torres_e12_-_e30_pv4,cl_mlp_pao_if_ortho_26_02_01_torres_e12_-_e30_pv4,cl_mlp_pao_if_ortho_26_02_01_torres_e12_-_e30_pv4
754,Name,CL_MLP_PAO_IF_Ortho_26_04_10_EBD,cl_mlp_pao_if_ortho_26_04_10_ebd,cl_mlp_pao_if_ortho_26_04_10_ebd,cl_mlp_pao_if_ortho_26_04_10_ebd,cl_mlp_pao_if_ortho_26_04_10_ebd,cl_mlp_pao_if_ortho_26_04_10_ebd,cl_mlp_pao_if_ortho_26_04_10_ebd
755,Name,CL_MLP_PAO_IF_Ortho_26_02_03_TORRES_E12_-_E30_PV4,cl_mlp_pao_if_ortho_26_02_03_torres_e12_-_e30_pv4,cl_mlp_pao_if_ortho_26_02_03_torres_e12_-_e30_pv4,cl_mlp_pao_if_ortho_26_02_03_torres_e12_-_e30_pv4,cl_mlp_pao_if_ortho_26_02_03_torres_e12_-_e30_pv4,cl_mlp_pao_if_ortho_26_02_03_torres_e12_-_e30_pv4,cl_mlp_pao_if_ortho_26_02_03_torres_e12_-_e30_pv4
756,Name,CL_MLP_PAO_IF_Ortho_26_03_19_EM4,cl_mlp_pao_if_ortho_26_03_19_em4,cl_mlp_pao_if_ortho_26_03_19_em4,cl_mlp_pao_if_ortho_26_03_19_em4,cl_mlp_pao_if_ortho_26_03_19_em4,cl_mlp_pao_if_ortho_26_03_19_em4,cl_mlp_pao_if_ortho_26_03_19_em4
757,Name,CL_MLP_PAO_IF_Ortho_26_03_16_Patio-19B-y-Armado,cl_mlp_pao_if_ortho_26_03_16_patio-19b-y-armado,cl_mlp_pao_if_ortho_26_03_16_patio-19b-y-armado,cl_mlp_pao_if_ortho_26_03_16_patio-19b-y-armado,cl_mlp_pao_if_ortho_26_03_16_patio-19b-y-armado,cl_mlp_pao_if_ortho_26_03_16_patio-19b-y-armado,cl_mlp_pao_if_ortho_26_03_16_patio-19b-y-armado
758,Name,CL_MLP_PAO_IF_Ortho_26_02_12_Patio-19B-y-Armado,cl_mlp_pao_if_ortho_26_02_12_patio-19b-y-armado,cl_mlp_pao_if_ortho_26_02_12_patio-19b-y-armado,cl_mlp_pao_if_ortho_26_02_12_patio-19b-y-armado,cl_mlp_pao_if_ortho_26_02_12_patio-19b-y-armado,cl_mlp_pao_if_ortho_26_02_12_patio-19b-y-armado,cl_mlp_pao_if_ortho_26_02_12_patio-19b-y-armado
759,Name,CL_MLP_PAO_IF_Ortho_26_04_16_EBD,cl_mlp_pao_if_ortho_26_04_16_ebd,cl_mlp_pao_if_ortho_26_04_16_ebd,cl_mlp_pao_if_ortho_26_04_16_ebd,cl_mlp_pao_if_ortho_26_04_16_ebd,cl_mlp_pao_if_ortho_26_04_16_ebd,cl_mlp_pao_if_ortho_26_04_16_ebd
760,Name,CL_MLP_PAO_IF_Ortho_26_02_06_Patio-19B-y-Armado,cl_mlp_pao_if_ortho_26_02_06_patio-19b-y-armado,cl_mlp_pao_if_ortho_26_02_06_patio-19b-y-armado,cl_mlp_pao_if_ortho_26_02_06_patio-19b-y-armado,cl_mlp_pao_if_ortho_26_02_06_patio-19b-y-armado,cl_mlp_pao_if_ortho_26_02_06_patio-19b-y-armado,cl_mlp_pao_if_ortho_26_02_06_patio-19b-y-armado
761,Name,CL_MLP_PAO_IF_Ortho_26_03_27_TORRE_E85_A_E_125,cl_mlp_pao_if_ortho_26_03_27_torre_e85_a_e_125,cl_mlp_pao_if_ortho_26_03_27_torre_e85_a_e_125,cl_mlp_pao_if_ortho_26_03_27_torre_e85_a_e_125,cl_mlp_pao_if_ortho_26_03_27_torre_e85_a_e_125,cl_mlp_pao_if_ortho_26_03_27_torre_e85_a_e_125,cl_mlp_pao_if_ortho_26_03_27_torre_e85_a_e_125
762,Name,CL_MLP_PAO_IF_Ortho_26_03_26_EBD,cl_mlp_pao_if_ortho_26_03_26_ebd,cl_mlp_pao_if_ortho_26_03_26_ebd,cl_mlp_pao_if_ortho_26_03_26_ebd,cl_mlp_pao_if_ortho_26_03_26_ebd,cl_mlp_pao_if_ortho_26_03_26_ebd,cl_mlp_pao_if_ortho_26_03_26_ebd
763,Name,CL_MLP_PAO_IF_Ortho_26_02_20_TORRES_E84_A_E127,cl_mlp_pao_if_ortho_26_02_20_torres_e84_a_e127,cl_mlp_pao_if_ortho_26_02_20_torres_e84_a_e127,cl_mlp_pao_if_ortho_26_02_20_torres_e84_a_e127,cl_mlp_pao_if_ortho_26_02_20_torres_e84_a_e127,cl_mlp_pao_if_ortho_26_02_20_torres_e84_a_e127,cl_mlp_pao_if_ortho_26_02_20_torres_e84_a_e127
764,Name,CL_MLP_PAO_IF_Ortho_26_02_26_Subestacion-El-Mauro,cl_mlp_pao_if_ortho_26_02_26_subestacion-el-mauro,cl_mlp_pao_if_ortho_26_02_26_subestacion-el-mauro,cl_mlp_pao_if_ortho_26_02_26_subestacion-el-mauro,cl_mlp_pao_if_ortho_26_02_26_subestacion-el-mauro,cl_mlp_pao_if_ortho_26_02_26_subestacion-el-mauro,cl_mlp_pao_if_ortho_26_02_26_subestacion-el-mauro
765,Name,CL_MLP_PAO_IF_Ortho_26_01_14_Subestacion-El-Mauro,cl_mlp_pao_if_ortho_26_01_14_subestacion-el-mauro,cl_mlp_pao_if_ortho_26_01_14_subestacion-el-mauro,cl_mlp_pao_if_ortho_26_01_14_subestacion-el-mauro,cl_mlp_pao_if_ortho_26_01_14_subestacion-el-mauro,cl_mlp_pao_if_ortho_26_01_14_subestacion-el-mauro,cl_mlp_pao_if_ortho_26_01_14_subestacion-el-mauro
766,Name,CL_MLP_PAO_IF_Ortho_26_03_07_Patio-19B-y-Armado,cl_mlp_pao_if_ortho_26_03_07_patio-19b-y-armado,cl_mlp_pao_if_ortho_26_03_07_patio-19b-y-armado,cl_mlp_pao_if_ortho_26_03_07_patio-19b-y-armado,cl_mlp_pao_if_ortho_26_03_07_patio-19b-y-armado,cl_mlp_pao_if_ortho_26_03_07_patio-19b-y-armado,cl_mlp_pao_if_ortho_26_03_07_patio-19b-y-armado
767,Name,CL_MLP_PAO_IF_Ortho_26_04_25_EBD,cl_mlp_pao_if_ortho_26_04_25_ebd,cl_mlp_pao_if_ortho_26_04_25_ebd,cl_mlp_pao_if_ortho_26_04_25_ebd,cl_mlp_pao_if_ortho_26_04_25_ebd,cl_mlp_pao_if_ortho_26_04_25_ebd,cl_mlp_pao_if_ortho_26_04_25_ebd
769,Name,CL_MLP_PAO_IF_Ortho_26_05_08_EBD,cl_mlp_pao_if_ortho_26_05_08_ebd,cl_mlp_pao_if_ortho_26_05_08_ebd,cl_mlp_pao_if_ortho_26_05_08_ebd,cl_mlp_pao_if_ortho_26_05_08_ebd,cl_mlp_pao_if_ortho_26_05_08_ebd,cl_mlp_pao_if_ortho_26_05_08_ebd
770,Name,CL_MLP_PAO_IF_Ortho_26_03_20_Patio-19B-y-Armado,cl_mlp_pao_if_ortho_26_03_20_patio-19b-y-armado,cl_mlp_pao_if_ortho_26_03_20_patio-19b-y-armado,cl_mlp_pao_if_ortho_26_03_20_patio-19b-y-armado,cl_mlp_pao_if_ortho_26_03_20_patio-19b-y-armado,cl_mlp_pao_if_ortho_26_03_20_patio-19b-y-armado,cl_mlp_pao_if_ortho_26_03_20_patio-19b-y-armado
771,Name,CL_MLP_PAO_IF_Ortho_26_04_09_Subestacion-El-Mauro,cl_mlp_pao_if_ortho_26_04_09_subestacion-el-mauro,cl_mlp_pao_if_ortho_26_04_09_subestacion-el-mauro,cl_mlp_pao_if_ortho_26_04_09_subestacion-el-mauro,cl_mlp_pao_if_ortho_26_04_09_subestacion-el-mauro,cl_mlp_pao_if_ortho_26_04_09_subestacion-el-mauro,cl_mlp_pao_if_ortho_26_04_09_subestacion-el-mauro
772,Name,CL_MLP_PAO_IF_Ortho_26_04_04_MonteAranda-NSTC-Km-84p2-a-82p3,cl_mlp_pao_if_ortho_26_04_04_montearanda-nstc-km-84p2-a-82p3,cl_mlp_pao_if_ortho_26_04_04_montearanda-nstc-km-84p2-a-82p3,cl_mlp_pao_if_ortho_26_04_04_montearanda-nstc-km-84p2-a-82p3,cl_mlp_pao_if_ortho_26_04_04_montearanda-nstc-km-84p2-a-82p3,cl_mlp_pao_if_ortho_26_04_04_montearanda-nstc-km-84p2-a-82p3,cl_mlp_pao_if_ortho_26_04_04_montearanda-nstc-km-84p2-a-82p3
773,Name,CL_MLP_PAO_IF_Ortho_26_05_03_EBD,cl_mlp_pao_if_ortho_26_05_03_ebd,cl_mlp_pao_if_ortho_26_05_03_ebd,cl_mlp_pao_if_ortho_26_05_03_ebd,cl_mlp_pao_if_ortho_26_05_03_ebd,cl_mlp_pao_if_ortho_26_05_03_ebd,cl_mlp_pao_if_ortho_26_05_03_ebd
774,Name,CL_MLP_PAO_IF_Ortho_26_04_17_TORRE_E85_A_E_125,cl_mlp_pao_if_ortho_26_04_17_torre_e85_a_e_125,cl_mlp_pao_if_ortho_26_04_17_torre_e85_a_e_125,cl_mlp_pao_if_ortho_26_04_17_torre_e85_a_e_125,cl_mlp_pao_if_ortho_26_04_17_torre_e85_a_e_125,cl_mlp_pao_if_ortho_26_04_17_torre_e85_a_e_125,cl_mlp_pao_if_ortho_26_04_17_torre_e85_a_e_125
775,Name,CL_MLP_PAO_IF_Ortho_26_01_07_TORRES_E12_-_E30_PV4,cl_mlp_pao_if_ortho_26_01_07_torres_e12_-_e30_pv4,cl_mlp_pao_if_ortho_26_01_07_torres_e12_-_e30_pv4,cl_mlp_pao_if_ortho_26_01_07_torres_e12_-_e30_pv4,cl_mlp_pao_if_ortho_26_01_07_torres_e12_-_e30_pv4,cl_mlp_pao_if_ortho_26_01_07_torres_e12_-_e30_pv4,cl_mlp_pao_if_ortho_26_01_07_torres_e12_-_e30_pv4
776,Name,CL_MLP_PAO_IF_Ortho_26_05_08_Acceso_a_pozos,cl_mlp_pao_if_ortho_26_05_08_acceso_a_pozos,cl_mlp_pao_if_ortho_26_05_08_acceso_a_pozos,cl_mlp_pao_if_ortho_26_05_08_acceso_a_pozos,cl_mlp_pao_if_ortho_26_05_08_acceso_a_pozos,cl_mlp_pao_if_ortho_26_05_08_acceso_a_pozos,cl_mlp_pao_if_ortho_26_05_08_acceso_a_pozos
777,Name,CL_MLP_PAO_IF_Ortho_26_04_11_Pozos_PRP,cl_mlp_pao_if_ortho_26_04_11_pozos_prp,cl_mlp_pao_if_ortho_26_04_11_pozos_prp,cl_mlp_pao_if_ortho_26_04_11_pozos_prp,cl_mlp_pao_if_ortho_26_04_11_pozos_prp,cl_mlp_pao_if_ortho_26_04_11_pozos_prp,cl_mlp_pao_if_ortho_26_04_11_pozos_prp
778,Name,CL_MLP_PAO_IF_Ortho_26_03_12_Subestacion-El-Mauro,cl_mlp_pao_if_ortho_26_03_12_subestacion-el-mauro,cl_mlp_pao_if_ortho_26_03_12_subestacion-el-mauro,cl_mlp_pao_if_ortho_26_03_12_subestacion-el-mauro,cl_mlp_pao_if_ortho_26_03_12_subestacion-el-mauro,cl_mlp_pao_if_ortho_26_03_12_subestacion-el-mauro,cl_mlp_pao_if_ortho_26_03_12_subestacion-el-mauro
779,Name,CL_MLP_PAO_IF_Ortho_26_02_06_Subestacion-El-Mauro,cl_mlp_pao_if_ortho_26_02_06_subestacion-el-mauro,cl_mlp_pao_if_ortho_26_02_06_subestacion-el-mauro,cl_mlp_pao_if_ortho_26_02_06_subestacion-el-mauro,cl_mlp_pao_if_ortho_26_02_06_subestacion-el-mauro,cl_mlp_pao_if_ortho_26_02_06_subestacion-el-mauro,cl_mlp_pao_if_ortho_26_02_06_subestacion-el-mauro
780,Name,CL_MLP_PAO_IF_Ortho_26_02_21_Subestacion-El-Mauro,cl_mlp_pao_if_ortho_26_02_21_subestacion-el-mauro,cl_mlp_pao_if_ortho_26_02_21_subestacion-el-mauro,cl_mlp_pao_if_ortho_26_02_21_subestacion-el-mauro,cl_mlp_pao_if_ortho_26_02_21_subestacion-el-mauro,cl_mlp_pao_if_ortho_26_02_21_subestacion-el-mauro,cl_mlp_pao_if_ortho_26_02_21_subestacion-el-mauro
781,Name,CL_MLP_PAO_IF_Ortho_26_04_02_TORRE_E85_A_E_125,cl_mlp_pao_if_ortho_26_04_02_torre_e85_a_e_125,cl_mlp_pao_if_ortho_26_04_02_torre_e85_a_e_125,cl_mlp_pao_if_ortho_26_04_02_torre_e85_a_e_125,cl_mlp_pao_if_ortho_26_04_02_torre_e85_a_e_125,cl_mlp_pao_if_ortho_26_04_02_torre_e85_a_e_125,cl_mlp_pao_if_ortho_26_04_02_torre_e85_a_e_125
782,Name,CL_MLP_PAO_IF_Ortho_26_03_27_Subestacion-El-Mauro,cl_mlp_pao_if_ortho_26_03_27_subestacion-el-mauro,cl_mlp_pao_if_ortho_26_03_27_subestacion-el-mauro,cl_mlp_pao_if_ortho_26_03_27_subestacion-el-mauro,cl_mlp_pao_if_ortho_26_03_27_subestacion-el-mauro,cl_mlp_pao_if_ortho_26_03_27_subestacion-el-mauro,cl_mlp_pao_if_ortho_26_03_27_subestacion-el-mauro
783,Name,CL_MLP_PAO_IF_Ortho_26_03_22_MonteAranda-NSTC-Km-84p2-a-82p3,cl_mlp_pao_if_ortho_26_03_22_montearanda-nstc-km-84p2-a-82p3,cl_mlp_pao_if_ortho_26_03_22_montearanda-nstc-km-84p2-a-82p3,cl_mlp_pao_if_ortho_26_03_22_montearanda-nstc-km-84p2-a-82p3,cl_mlp_pao_if_ortho_26_03_22_montearanda-nstc-km-84p2-a-82p3,cl_mlp_pao_if_ortho_26_03_22_montearanda-nstc-km-84p2-a-82p3,cl_mlp_pao_if_ortho_26_03_22_montearanda-nstc-km-84p2-a-82p3
784,Name,CL_MLP_PAO_IF_Ortho_26_03_06_EM4,cl_mlp_pao_if_ortho_26_03_06_em4,cl_mlp_pao_if_ortho_26_03_06_em4,cl_mlp_pao_if_ortho_26_03_06_em4,cl_mlp_pao_if_ortho_26_03_06_em4,cl_mlp_pao_if_ortho_26_03_06_em4,cl_mlp_pao_if_ortho_26_03_06_em4
785,Name,CL_MLP_PAO_IF_Ortho_26_03_08_TORRES_E85_A_E125,cl_mlp_pao_if_ortho_26_03_08_torres_e85_a_e125,cl_mlp_pao_if_ortho_26_03_08_torres_e85_a_e125,cl_mlp_pao_if_ortho_26_03_08_torres_e85_a_e125,cl_mlp_pao_if_ortho_26_03_08_torres_e85_a_e125,cl_mlp_pao_if_ortho_26_03_08_torres_e85_a_e125,cl_mlp_pao_if_ortho_26_03_08_torres_e85_a_e125
786,Name,CL_MLP_PAO_IF_Ortho_26_04_17_Estacion_Intermedia,cl_mlp_pao_if_ortho_26_04_17_estacion_intermedia,cl_mlp_pao_if_ortho_26_04_17_estacion_intermedia,cl_mlp_pao_if_ortho_26_04_17_estacion_intermedia,cl_mlp_pao_if_ortho_26_04_17_estacion_intermedia,cl_mlp_pao_if_ortho_26_04_17_estacion_intermedia,cl_mlp_pao_if_ortho_26_04_17_estacion_intermedia
788,Name,CL_MLP_PAO_IF_Ortho_26_03_21_TORRE_E85_A_E_125,cl_mlp_pao_if_ortho_26_03_21_torre_e85_a_e_125,cl_mlp_pao_if_ortho_26_03_21_torre_e85_a_e_125,cl_mlp_pao_if_ortho_26_03_21_torre_e85_a_e_125,cl_mlp_pao_if_ortho_26_03_21_torre_e85_a_e_125,cl_mlp_pao_if_ortho_26_03_21_torre_e85_a_e_125,cl_mlp_pao_if_ortho_26_03_21_torre_e85_a_e_125
789,Name,CL_MLP_PAO_IF_Ortho_26_04_29_TORRE_E85_A_E_125,cl_mlp_pao_if_ortho_26_04_29_torre_e85_a_e_125,cl_mlp_pao_if_ortho_26_04_29_torre_e85_a_e_125,cl_mlp_pao_if_ortho_26_04_29_torre_e85_a_e_125,cl_mlp_pao_if_ortho_26_04_29_torre_e85_a_e_125,cl_mlp_pao_if_ortho_26_04_29_torre_e85_a_e_125,cl_mlp_pao_if_ortho_26_04_29_torre_e85_a_e_125
790,Name,CL_MLP_PAO_IF_Ortho_26_04_12_TORRE_E85_A_E_125,cl_mlp_pao_if_ortho_26_04_12_torre_e85_a_e_125,cl_mlp_pao_if_ortho_26_04_12_torre_e85_a_e_125,cl_mlp_pao_if_ortho_26_04_12_torre_e85_a_e_125,cl_mlp_pao_if_ortho_26_04_12_torre_e85_a_e_125,cl_mlp_pao_if_ortho_26_04_12_torre_e85_a_e_125,cl_mlp_pao_if_ortho_26_04_12_torre_e85_a_e_125
791,Name,CL_MLP_PAO_IF_Ortho_26_04_25_TORRE_E85_A_E_125,cl_mlp_pao_if_ortho_26_04_25_torre_e85_a_e_125,cl_mlp_pao_if_ortho_26_04_25_torre_e85_a_e_125,cl_mlp_pao_if_ortho_26_04_25_torre_e85_a_e_125,cl_mlp_pao_if_ortho_26_04_25_torre_e85_a_e_125,cl_mlp_pao_if_ortho_26_04_25_torre_e85_a_e_125,cl_mlp_pao_if_ortho_26_04_25_torre_e85_a_e_125
792,Name,CL_MLP_PAO_IF_Ortho_26_03_20_Subestacion-El-Mauro,cl_mlp_pao_if_ortho_26_03_20_subestacion-el-mauro,cl_mlp_pao_if_ortho_26_03_20_subestacion-el-mauro,cl_mlp_pao_if_ortho_26_03_20_subestacion-el-mauro,cl_mlp_pao_if_ortho_26_03_20_subestacion-el-mauro,cl_mlp_pao_if_ortho_26_03_20_subestacion-el-mauro,cl_mlp_pao_if_ortho_26_03_20_subestacion-el-mauro
793,Name,CL_MLP_PAO_IF_Ortho_26_01_14_Linea-33-kV-NorteElMauro-Area6,cl_mlp_pao_if_ortho_26_01_14_linea-33-kv-norteelmauro-area6,cl_mlp_pao_if_ortho_26_01_14_linea-33-kv-norteelmauro-area6,cl_mlp_pao_if_ortho_26_01_14_linea-33-kv-norteelmauro-area6,cl_mlp_pao_if_ortho_26_01_14_linea-33-kv-norteelmauro-area6,cl_mlp_pao_if_ortho_26_01_14_linea-33-kv-norteelmauro-area6,cl_mlp_pao_if_ortho_26_01_14_linea-33-kv-norteelmauro-area6
794,Name,CL_MLP_PAO_IF_Ortho_26_01_14_Linea-33-kV-NorteElMauro-Area7,cl_mlp_pao_if_ortho_26_01_14_linea-33-kv-norteelmauro-area7,cl_mlp_pao_if_ortho_26_01_14_linea-33-kv-norteelmauro-area7,cl_mlp_pao_if_ortho_26_01_14_linea-33-kv-norteelmauro-area7,cl_mlp_pao_if_ortho_26_01_14_linea-33-kv-norteelmauro-area7,cl_mlp_pao_if_ortho_26_01_14_linea-33-kv-norteelmauro-area7,cl_mlp_pao_if_ortho_26_01_14_linea-33-kv-norteelmauro-area7
795,Name,CL_MLP_PAO_IF_Ortho_26_04_05_Subestacion-El-Mauro,cl_mlp_pao_if_ortho_26_04_05_subestacion-el-mauro,cl_mlp_pao_if_ortho_26_04_05_subestacion-el-mauro,cl_mlp_pao_if_ortho_26_04_05_subestacion-el-mauro,cl_mlp_pao_if_ortho_26_04_05_subestacion-el-mauro,cl_mlp_pao_if_ortho_26_04_05_subestacion-el-mauro,cl_mlp_pao_if_ortho_26_04_05_subestacion-el-mauro
796,Name,CL_MLP_PAO_IF_Ortho_26_02_12_EM4,cl_mlp_pao_if_ortho_26_02_12_em4,cl_mlp_pao_if_ortho_26_02_12_em4,cl_mlp_pao_if_ortho_26_02_12_em4,cl_mlp_pao_if_ortho_26_02_12_em4,cl_mlp_pao_if_ortho_26_02_12_em4,cl_mlp_pao_if_ortho_26_02_12_em4
797,Name,CL_MLP_PAO_IF_Ortho_26_01_30_Plataforma_Integrada_El_Mauro,cl_mlp_pao_if_ortho_26_01_30_plataforma_integrada_el_mauro,cl_mlp_pao_if_ortho_26_01_30_plataforma_integrada_el_mauro,cl_mlp_pao_if_ortho_26_01_30_plataforma_integrada_el_mauro,cl_mlp_pao_if_ortho_26_01_30_plataforma_integrada_el_mauro,cl_mlp_pao_if_ortho_26_01_30_plataforma_integrada_el_mauro,cl_mlp_pao_if_ortho_26_01_30_plataforma_integrada_el_mauro
798,Name,CL_MLP_PAO_IF_Ortho_26_01_31_Plataforma_Integrada_El_Mauro,cl_mlp_pao_if_ortho_26_01_31_plataforma_integrada_el_mauro,cl_mlp_pao_if_ortho_26_01_31_plataforma_integrada_el_mauro,cl_mlp_pao_if_ortho_26_01_31_plataforma_integrada_el_mauro,cl_mlp_pao_if_ortho_26_01_31_plataforma_integrada_el_mauro,cl_mlp_pao_if_ortho_26_01_31_plataforma_integrada_el_mauro,cl_mlp_pao_if_ortho_26_01_31_plataforma_integrada_el_mauro
799,Name,CL_MLP_PAO_IF_Ortho_26_01_16_Plataforma_Integrada_El_Mauro,cl_mlp_pao_if_ortho_26_01_16_plataforma_integrada_el_mauro,cl_mlp_pao_if_ortho_26_01_16_plataforma_integrada_el_mauro,cl_mlp_pao_if_ortho_26_01_16_plataforma_integrada_el_mauro,cl_mlp_pao_if_ortho_26_01_16_plataforma_integrada_el_mauro,cl_mlp_pao_if_ortho_26_01_16_plataforma_integrada_el_mauro,cl_mlp_pao_if_ortho_26_01_16_plataforma_integrada_el_mauro
800,Name,CL_MLP_PAO_IF_Ortho_26_01_10_MonteAranda-NSTC-Km-84p2-a-82p3,cl_mlp_pao_if_ortho_26_01_10_montearanda-nstc-km-84p2-a-82p3,cl_mlp_pao_if_ortho_26_01_10_montearanda-nstc-km-84p2-a-82p3,cl_mlp_pao_if_ortho_26_01_10_montearanda-nstc-km-84p2-a-82p3,cl_mlp_pao_if_ortho_26_01_10_montearanda-nstc-km-84p2-a-82p3,cl_mlp_pao_if_ortho_26_01_10_montearanda-nstc-km-84p2-a-82p3,cl_mlp_pao_if_ortho_26_01_10_montearanda-nstc-km-84p2-a-82p3
801,Name,CL_MLP_PAO_IF_Ortho_26_01_17_MonteAranda-NSTC-Km-84p2-a-82p3,cl_mlp_pao_if_ortho_26_01_17_montearanda-nstc-km-84p2-a-82p3,cl_mlp_pao_if_ortho_26_01_17_montearanda-nstc-km-84p2-a-82p3,cl_mlp_pao_if_ortho_26_01_17_montearanda-nstc-km-84p2-a-82p3,cl_mlp_pao_if_ortho_26_01_17_montearanda-nstc-km-84p2-a-82p3,cl_mlp_pao_if_ortho_26_01_17_montearanda-nstc-km-84p2-a-82p3,cl_mlp_pao_if_ortho_26_01_17_montearanda-nstc-km-84p2-a-82p3
802,Name,CL_MLP_PAO_IF_Ortho_26_01_21_InstalacionesTipay,cl_mlp_pao_if_ortho_26_01_21_instalacionestipay,cl_mlp_pao_if_ortho_26_01_21_instalacionestipay,cl_mlp_pao_if_ortho_26_01_21_instalacionestipay,cl_mlp_pao_if_ortho_26_01_21_instalacionestipay,cl_mlp_pao_if_ortho_26_01_21_instalacionestipay,cl_mlp_pao_if_ortho_26_01_21_instalacionestipay
803,Name,CL_MLP_PAO_IF_Ortho_26_01_21_DME9-PA12-IIFF8,cl_mlp_pao_if_ortho_26_01_21_dme9-pa12-iiff8,cl_mlp_pao_if_ortho_26_01_21_dme9-pa12-iiff8,cl_mlp_pao_if_ortho_26_01_21_dme9-pa12-iiff8,cl_mlp_pao_if_ortho_26_01_21_dme9-pa12-iiff8,cl_mlp_pao_if_ortho_26_01_21_dme9-pa12-iiff8,cl_mlp_pao_if_ortho_26_01_21_dme9-pa12-iiff8
804,Name,CL_MLP_PAO_IF_Ortho_26_02_04_DME9_PA12_IIFF8,cl_mlp_pao_if_ortho_26_02_04_dme9_pa12_iiff8,cl_mlp_pao_if_ortho_26_02_04_dme9_pa12_iiff8,cl_mlp_pao_if_ortho_26_02_04_dme9_pa12_iiff8,cl_mlp_pao_if_ortho_26_02_04_dme9_pa12_iiff8,cl_mlp_pao_if_ortho_26_02_04_dme9_pa12_iiff8,cl_mlp_pao_if_ortho_26_02_04_dme9_pa12_iiff8
805,Name,CL_MLP_PAO_IF_Ortho_26_02_05_33-kV-NSTC-Km-74p7-a-75p5,cl_mlp_pao_if_ortho_26_02_05_33-kv-nstc-km-74p7-a-75p5,cl_mlp_pao_if_ortho_26_02_05_33-kv-nstc-km-74p7-a-75p5,cl_mlp_pao_if_ortho_26_02_05_33-kv-nstc-km-74p7-a-75p5,cl_mlp_pao_if_ortho_26_02_05_33-kv-nstc-km-74p7-a-75p5,cl_mlp_pao_if_ortho_26_02_05_33-kv-nstc-km-74p7-a-75p5,cl_mlp_pao_if_ortho_26_02_05_33-kv-nstc-km-74p7-a-75p5
806,Name,CL_MLP_PAO_IF_Ortho_26_01_31_MonteAranda-NSTC-Km-84p2-a-82p3,cl_mlp_pao_if_ortho_26_01_31_montearanda-nstc-km-84p2-a-82p3,cl_mlp_pao_if_ortho_26_01_31_montearanda-nstc-km-84p2-a-82p3,cl_mlp_pao_if_ortho_26_01_31_montearanda-nstc-km-84p2-a-82p3,cl_mlp_pao_if_ortho_26_01_31_montearanda-nstc-km-84p2-a-82p3,cl_mlp_pao_if_ortho_26_01_31_montearanda-nstc-km-84p2-a-82p3,cl_mlp_pao_if_ortho_26_01_31_montearanda-nstc-km-84p2-a-82p3
807,Name,CL_MLP_PAO_IF_Ortho_26_02_09_EM4,cl_mlp_pao_if_ortho_26_02_09_em4,cl_mlp_pao_if_ortho_26_02_09_em4,cl_mlp_pao_if_ortho_26_02_09_em4,cl_mlp_pao_if_ortho_26_02_09_em4,cl_mlp_pao_if_ortho_26_02_09_em4,cl_mlp_pao_if_ortho_26_02_09_em4
808,Name,CL_MLP_PAO_IF_Ortho_26_02_07_MonteAranda-NSTC-Km-84p2-a-82p3,cl_mlp_pao_if_ortho_26_02_07_montearanda-nstc-km-84p2-a-82p3,cl_mlp_pao_if_ortho_26_02_07_montearanda-nstc-km-84p2-a-82p3,cl_mlp_pao_if_ortho_26_02_07_montearanda-nstc-km-84p2-a-82p3,cl_mlp_pao_if_ortho_26_02_07_montearanda-nstc-km-84p2-a-82p3,cl_mlp_pao_if_ortho_26_02_07_montearanda-nstc-km-84p2-a-82p3,cl_mlp_pao_if_ortho_26_02_07_montearanda-nstc-km-84p2-a-82p3
809,Name,CL_MLP_PAO_IF_Ortho_26_02_11_MonteAranda-NSTC-Km-84p2-a-82p3,cl_mlp_pao_if_ortho_26_02_11_montearanda-nstc-km-84p2-a-82p3,cl_mlp_pao_if_ortho_26_02_11_montearanda-nstc-km-84p2-a-82p3,cl_mlp_pao_if_ortho_26_02_11_montearanda-nstc-km-84p2-a-82p3,cl_mlp_pao_if_ortho_26_02_11_montearanda-nstc-km-84p2-a-82p3,cl_mlp_pao_if_ortho_26_02_11_montearanda-nstc-km-84p2-a-82p3,cl_mlp_pao_if_ortho_26_02_11_montearanda-nstc-km-84p2-a-82p3
810,Name,CL_MLP_PAO_IF_Ortho_26_02_13_DME9_PA12_IIFF8_1,cl_mlp_pao_if_ortho_26_02_13_dme9_pa12_iiff8_1,cl_mlp_pao_if_ortho_26_02_13_dme9_pa12_iiff8_1,cl_mlp_pao_if_ortho_26_02_13_dme9_pa12_iiff8_1,cl_mlp_pao_if_ortho_26_02_13_dme9_pa12_iiff8_1,cl_mlp_pao_if_ortho_26_02_13_dme9_pa12_iiff8_1,cl_mlp_pao_if_ortho_26_02_13_dme9_pa12_iiff8_1
811,Name,CL_MLP_PAO_IF_Ortho_26_02_26_EM2,cl_mlp_pao_if_ortho_26_02_26_em2,cl_mlp_pao_if_ortho_26_02_26_em2,cl_mlp_pao_if_ortho_26_02_26_em2,cl_mlp_pao_if_ortho_26_02_26_em2,cl_mlp_pao_if_ortho_26_02_26_em2,cl_mlp_pao_if_ortho_26_02_26_em2
812,Name,CL_MLP_PAO_IF_Ortho_26_02_18_DME9-PA12-IIFF8,cl_mlp_pao_if_ortho_26_02_18_dme9-pa12-iiff8,cl_mlp_pao_if_ortho_26_02_18_dme9-pa12-iiff8,cl_mlp_pao_if_ortho_26_02_18_dme9-pa12-iiff8,cl_mlp_pao_if_ortho_26_02_18_dme9-pa12-iiff8,cl_mlp_pao_if_ortho_26_02_18_dme9-pa12-iiff8,cl_mlp_pao_if_ortho_26_02_18_dme9-pa12-iiff8
813,Name,CL_MLP_PAO_IF_Ortho_26_02_19_MonteAranda-NSTC-Km-84p2-a-82p3,cl_mlp_pao_if_ortho_26_02_19_montearanda-nstc-km-84p2-a-82p3,cl_mlp_pao_if_ortho_26_02_19_montearanda-nstc-km-84p2-a-82p3,cl_mlp_pao_if_ortho_26_02_19_montearanda-nstc-km-84p2-a-82p3,cl_mlp_pao_if_ortho_26_02_19_montearanda-nstc-km-84p2-a-82p3,cl_mlp_pao_if_ortho_26_02_19_montearanda-nstc-km-84p2-a-82p3,cl_mlp_pao_if_ortho_26_02_19_montearanda-nstc-km-84p2-a-82p3
814,Name,CL_MLP_PAO_IF_Ortho_26_02_25_MonteAranda-NSTC-Km-84p2-a-82p3,cl_mlp_pao_if_ortho_26_02_25_montearanda-nstc-km-84p2-a-82p3,cl_mlp_pao_if_ortho_26_02_25_montearanda-nstc-km-84p2-a-82p3,cl_mlp_pao_if_ortho_26_02_25_montearanda-nstc-km-84p2-a-82p3,cl_mlp_pao_if_ortho_26_02_25_montearanda-nstc-km-84p2-a-82p3,cl_mlp_pao_if_ortho_26_02_25_montearanda-nstc-km-84p2-a-82p3,cl_mlp_pao_if_ortho_26_02_25_montearanda-nstc-km-84p2-a-82p3
815,Name,CL_MLP_PAO_IF_Ortho_26_02_20_EM4,cl_mlp_pao_if_ortho_26_02_20_em4,cl_mlp_pao_if_ortho_26_02_20_em4,cl_mlp_pao_if_ortho_26_02_20_em4,cl_mlp_pao_if_ortho_26_02_20_em4,cl_mlp_pao_if_ortho_26_02_20_em4,cl_mlp_pao_if_ortho_26_02_20_em4
816,Name,CL_MLP_PAO_IF_Ortho_26_03_04_DME9-PA12-IIFF8,cl_mlp_pao_if_ortho_26_03_04_dme9-pa12-iiff8,cl_mlp_pao_if_ortho_26_03_04_dme9-pa12-iiff8,cl_mlp_pao_if_ortho_26_03_04_dme9-pa12-iiff8,cl_mlp_pao_if_ortho_26_03_04_dme9-pa12-iiff8,cl_mlp_pao_if_ortho_26_03_04_dme9-pa12-iiff8,cl_mlp_pao_if_ortho_26_03_04_dme9-pa12-iiff8
817,Name,CL_MLP_PAO_IF_Ortho_26_03_14_EM2,cl_mlp_pao_if_ortho_26_03_14_em2,cl_mlp_pao_if_ortho_26_03_14_em2,cl_mlp_pao_if_ortho_26_03_14_em2,cl_mlp_pao_if_ortho_26_03_14_em2,cl_mlp_pao_if_ortho_26_03_14_em2,cl_mlp_pao_if_ortho_26_03_14_em2
818,Name,CL_MLP_PAO_IF_Ortho_26_03_06_TORRES_E48_A_E84_PV4,cl_mlp_pao_if_ortho_26_03_06_torres_e48_a_e84_pv4,cl_mlp_pao_if_ortho_26_03_06_torres_e48_a_e84_pv4,cl_mlp_pao_if_ortho_26_03_06_torres_e48_a_e84_pv4,cl_mlp_pao_if_ortho_26_03_06_torres_e48_a_e84_pv4,cl_mlp_pao_if_ortho_26_03_06_torres_e48_a_e84_pv4,cl_mlp_pao_if_ortho_26_03_06_torres_e48_a_e84_pv4
819,Name,CL_MLP_PAO_IF_Ortho_26_03_07_Subestacion-El-Mauro,cl_mlp_pao_if_ortho_26_03_07_subestacion-el-mauro,cl_mlp_pao_if_ortho_26_03_07_subestacion-el-mauro,cl_mlp_pao_if_ortho_26_03_07_subestacion-el-mauro,cl_mlp_pao_if_ortho_26_03_07_subestacion-el-mauro,cl_mlp_pao_if_ortho_26_03_07_subestacion-el-mauro,cl_mlp_pao_if_ortho_26_03_07_subestacion-el-mauro
820,Name,CL_MLP_PAO_IF_Ortho_26_03_11_TORRES_E035_E048,cl_mlp_pao_if_ortho_26_03_11_torres_e035_e048,cl_mlp_pao_if_ortho_26_03_11_torres_e035_e048,cl_mlp_pao_if_ortho_26_03_11_torres_e035_e048,cl_mlp_pao_if_ortho_26_03_11_torres_e035_e048,cl_mlp_pao_if_ortho_26_03_11_torres_e035_e048,cl_mlp_pao_if_ortho_26_03_11_torres_e035_e048
821,Name,CL_MLP_PAO_IF_Ortho_26_03_08_MonteAranda-NSTC-Km-84p2-a-82p3,cl_mlp_pao_if_ortho_26_03_08_montearanda-nstc-km-84p2-a-82p3,cl_mlp_pao_if_ortho_26_03_08_montearanda-nstc-km-84p2-a-82p3,cl_mlp_pao_if_ortho_26_03_08_montearanda-nstc-km-84p2-a-82p3,cl_mlp_pao_if_ortho_26_03_08_montearanda-nstc-km-84p2-a-82p3,cl_mlp_pao_if_ortho_26_03_08_montearanda-nstc-km-84p2-a-82p3,cl_mlp_pao_if_ortho_26_03_08_montearanda-nstc-km-84p2-a-82p3
822,Name,CL_MLP_PAO_IF_Ortho_26_03_13_MonteAranda-NSTC-Km-84p2-a-82p3,cl_mlp_pao_if_ortho_26_03_13_montearanda-nstc-km-84p2-a-82p3,cl_mlp_pao_if_ortho_26_03_13_montearanda-nstc-km-84p2-a-82p3,cl_mlp_pao_if_ortho_26_03_13_montearanda-nstc-km-84p2-a-82p3,cl_mlp_pao_if_ortho_26_03_13_montearanda-nstc-km-84p2-a-82p3,cl_mlp_pao_if_ortho_26_03_13_montearanda-nstc-km-84p2-a-82p3,cl_mlp_pao_if_ortho_26_03_13_montearanda-nstc-km-84p2-a-82p3
823,Name,CL_MLP_PAO_IF_Ortho_26_03_18_EM2,cl_mlp_pao_if_ortho_26_03_18_em2,cl_mlp_pao_if_ortho_26_03_18_em2,cl_mlp_pao_if_ortho_26_03_18_em2,cl_mlp_pao_if_ortho_26_03_18_em2,cl_mlp_pao_if_ortho_26_03_18_em2,cl_mlp_pao_if_ortho_26_03_18_em2
824,Name,CL_MLP_PAO_IF_Ortho_26_03_21_TORRES_E35_A_E48,cl_mlp_pao_if_ortho_26_03_21_torres_e35_a_e48,cl_mlp_pao_if_ortho_26_03_21_torres_e35_a_e48,cl_mlp_pao_if_ortho_26_03_21_torres_e35_a_e48,cl_mlp_pao_if_ortho_26_03_21_torres_e35_a_e48,cl_mlp_pao_if_ortho_26_03_21_torres_e35_a_e48,cl_mlp_pao_if_ortho_26_03_21_torres_e35_a_e48
825,Name,CL_MLP_PAO_IF_Ortho_26_03_26_Patio-19B-y-Armado,cl_mlp_pao_if_ortho_26_03_26_patio-19b-y-armado,cl_mlp_pao_if_ortho_26_03_26_patio-19b-y-armado,cl_mlp_pao_if_ortho_26_03_26_patio-19b-y-armado,cl_mlp_pao_if_ortho_26_03_26_patio-19b-y-armado,cl_mlp_pao_if_ortho_26_03_26_patio-19b-y-armado,cl_mlp_pao_if_ortho_26_03_26_patio-19b-y-armado
826,Name,CL_MLP_PAO_IF_Ortho_26_03_28_TORRES_E35_A_E48,cl_mlp_pao_if_ortho_26_03_28_torres_e35_a_e48,cl_mlp_pao_if_ortho_26_03_28_torres_e35_a_e48,cl_mlp_pao_if_ortho_26_03_28_torres_e35_a_e48,cl_mlp_pao_if_ortho_26_03_28_torres_e35_a_e48,cl_mlp_pao_if_ortho_26_03_28_torres_e35_a_e48,cl_mlp_pao_if_ortho_26_03_28_torres_e35_a_e48
827,Name,CL_MLP_PAO_IF_Ortho_26_03_21_TORRES_E48_A_E84_PV4,cl_mlp_pao_if_ortho_26_03_21_torres_e48_a_e84_pv4,cl_mlp_pao_if_ortho_26_03_21_torres_e48_a_e84_pv4,cl_mlp_pao_if_ortho_26_03_21_torres_e48_a_e84_pv4,cl_mlp_pao_if_ortho_26_03_21_torres_e48_a_e84_pv4,cl_mlp_pao_if_ortho_26_03_21_torres_e48_a_e84_pv4,cl_mlp_pao_if_ortho_26_03_21_torres_e48_a_e84_pv4
828,Name,CL_MLP_PAO_IF_Ortho_26_03_26_TORRES_E48_A_E84_PV4,cl_mlp_pao_if_ortho_26_03_26_torres_e48_a_e84_pv4,cl_mlp_pao_if_ortho_26_03_26_torres_e48_a_e84_pv4,cl_mlp_pao_if_ortho_26_03_26_torres_e48_a_e84_pv4,cl_mlp_pao_if_ortho_26_03_26_torres_e48_a_e84_pv4,cl_mlp_pao_if_ortho_26_03_26_torres_e48_a_e84_pv4,cl_mlp_pao_if_ortho_26_03_26_torres_e48_a_e84_pv4
829,Name,CL_MLP_PAO_IF_Ortho_26_03_27_Estacion_Intermedia,cl_mlp_pao_if_ortho_26_03_27_estacion_intermedia,cl_mlp_pao_if_ortho_26_03_27_estacion_intermedia,cl_mlp_pao_if_ortho_26_03_27_estacion_intermedia,cl_mlp_pao_if_ortho_26_03_27_estacion_intermedia,cl_mlp_pao_if_ortho_26_03_27_estacion_intermedia,cl_mlp_pao_if_ortho_26_03_27_estacion_intermedia
830,Name,CL_MLP_PAO_IF_Ortho_25_12_19_Plataforma_Integrada_El_Mauro,cl_mlp_pao_if_ortho_25_12_19_plataforma_integrada_el_mauro,cl_mlp_pao_if_ortho_25_12_19_plataforma_integrada_el_mauro,cl_mlp_pao_if_ortho_25_12_19_plataforma_integrada_el_mauro,cl_mlp_pao_if_ortho_25_12_19_plataforma_integrada_el_mauro,cl_mlp_pao_if_ortho_25_12_19_plataforma_integrada_el_mauro,cl_mlp_pao_if_ortho_25_12_19_plataforma_integrada_el_mauro
831,Name,CL_MLP_PAO_IF_Ortho_25_12_26_Plataforma_Integrada_El_Mauro,cl_mlp_pao_if_ortho_25_12_26_plataforma_integrada_el_mauro,cl_mlp_pao_if_ortho_25_12_26_plataforma_integrada_el_mauro,cl_mlp_pao_if_ortho_25_12_26_plataforma_integrada_el_mauro,cl_mlp_pao_if_ortho_25_12_26_plataforma_integrada_el_mauro,cl_mlp_pao_if_ortho_25_12_26_plataforma_integrada_el_mauro,cl_mlp_pao_if_ortho_25_12_26_plataforma_integrada_el_mauro
832,Name,CL_MLP_PAO_IF_Ortho_26_01_02_Plataforma_Integrada_El_Mauro,cl_mlp_pao_if_ortho_26_01_02_plataforma_integrada_el_mauro,cl_mlp_pao_if_ortho_26_01_02_plataforma_integrada_el_mauro,cl_mlp_pao_if_ortho_26_01_02_plataforma_integrada_el_mauro,cl_mlp_pao_if_ortho_26_01_02_plataforma_integrada_el_mauro,cl_mlp_pao_if_ortho_26_01_02_plataforma_integrada_el_mauro,cl_mlp_pao_if_ortho_26_01_02_plataforma_integrada_el_mauro
833,Name,CL_MLP_PAO_IF_Ortho_26_01_08_TORRES_E31_A_E48_PV4,cl_mlp_pao_if_ortho_26_01_08_torres_e31_a_e48_pv4,cl_mlp_pao_if_ortho_26_01_08_torres_e31_a_e48_pv4,cl_mlp_pao_if_ortho_26_01_08_torres_e31_a_e48_pv4,cl_mlp_pao_if_ortho_26_01_08_torres_e31_a_e48_pv4,cl_mlp_pao_if_ortho_26_01_08_torres_e31_a_e48_pv4,cl_mlp_pao_if_ortho_26_01_08_torres_e31_a_e48_pv4
834,Name,CL_MLP_PAO_IF_Ortho_26_01_09_Plataforma_Integrada_El_Mauro,cl_mlp_pao_if_ortho_26_01_09_plataforma_integrada_el_mauro,cl_mlp_pao_if_ortho_26_01_09_plataforma_integrada_el_mauro,cl_mlp_pao_if_ortho_26_01_09_plataforma_integrada_el_mauro,cl_mlp_pao_if_ortho_26_01_09_plataforma_integrada_el_mauro,cl_mlp_pao_if_ortho_26_01_09_plataforma_integrada_el_mauro,cl_mlp_pao_if_ortho_26_01_09_plataforma_integrada_el_mauro
835,Name,CL_MLP_PAO_IF_Ortho_26_02_06_TORRE_E48_A_E84_PV4,cl_mlp_pao_if_ortho_26_02_06_torre_e48_a_e84_pv4,cl_mlp_pao_if_ortho_26_02_06_torre_e48_a_e84_pv4,cl_mlp_pao_if_ortho_26_02_06_torre_e48_a_e84_pv4,cl_mlp_pao_if_ortho_26_02_06_torre_e48_a_e84_pv4,cl_mlp_pao_if_ortho_26_02_06_torre_e48_a_e84_pv4,cl_mlp_pao_if_ortho_26_02_06_torre_e48_a_e84_pv4
836,Name,CL_MLP_PAO_IF_Ortho_26_02_07_Plataforma_Integrada_El_Mauro,cl_mlp_pao_if_ortho_26_02_07_plataforma_integrada_el_mauro,cl_mlp_pao_if_ortho_26_02_07_plataforma_integrada_el_mauro,cl_mlp_pao_if_ortho_26_02_07_plataforma_integrada_el_mauro,cl_mlp_pao_if_ortho_26_02_07_plataforma_integrada_el_mauro,cl_mlp_pao_if_ortho_26_02_07_plataforma_integrada_el_mauro,cl_mlp_pao_if_ortho_26_02_07_plataforma_integrada_el_mauro
837,Name,CL_MLP_PAO_IF_Ortho_26_02_09_EM4_PR2,cl_mlp_pao_if_ortho_26_02_09_em4_pr2,cl_mlp_pao_if_ortho_26_02_09_em4_pr2,cl_mlp_pao_if_ortho_26_02_09_em4_pr2,cl_mlp_pao_if_ortho_26_02_09_em4_pr2,cl_mlp_pao_if_ortho_26_02_09_em4_pr2,cl_mlp_pao_if_ortho_26_02_09_em4_pr2
838,Name,CL_MLP_PAO_IF_Ortho_26_02_13_Plataforma_Integrada_El_Mauro,cl_mlp_pao_if_ortho_26_02_13_plataforma_integrada_el_mauro,cl_mlp_pao_if_ortho_26_02_13_plataforma_integrada_el_mauro,cl_mlp_pao_if_ortho_26_02_13_plataforma_integrada_el_mauro,cl_mlp_pao_if_ortho_26_02_13_plataforma_integrada_el_mauro,cl_mlp_pao_if_ortho_26_02_13_plataforma_integrada_el_mauro,cl_mlp_pao_if_ortho_26_02_13_plataforma_integrada_el_mauro
839,Name,CL_MLP_PAO_IF_Ortho_26_02_14_TORRES_E31_A_E48_PV4,cl_mlp_pao_if_ortho_26_02_14_torres_e31_a_e48_pv4,cl_mlp_pao_if_ortho_26_02_14_torres_e31_a_e48_pv4,cl_mlp_pao_if_ortho_26_02_14_torres_e31_a_e48_pv4,cl_mlp_pao_if_ortho_26_02_14_torres_e31_a_e48_pv4,cl_mlp_pao_if_ortho_26_02_14_torres_e31_a_e48_pv4,cl_mlp_pao_if_ortho_26_02_14_torres_e31_a_e48_pv4
840,Name,CL_MLP_PAO_IF_Ortho_26_02_18_TORRES_E48_A_E84_PV4,cl_mlp_pao_if_ortho_26_02_18_torres_e48_a_e84_pv4,cl_mlp_pao_if_ortho_26_02_18_torres_e48_a_e84_pv4,cl_mlp_pao_if_ortho_26_02_18_torres_e48_a_e84_pv4,cl_mlp_pao_if_ortho_26_02_18_torres_e48_a_e84_pv4,cl_mlp_pao_if_ortho_26_02_18_torres_e48_a_e84_pv4,cl_mlp_pao_if_ortho_26_02_18_torres_e48_a_e84_pv4
841,Name,CL_MLP_PAO_IF_Ortho_26_02_20_EM4_PR2,cl_mlp_pao_if_ortho_26_02_20_em4_pr2,cl_mlp_pao_if_ortho_26_02_20_em4_pr2,cl_mlp_pao_if_ortho_26_02_20_em4_pr2,cl_mlp_pao_if_ortho_26_02_20_em4_pr2,cl_mlp_pao_if_ortho_26_02_20_em4_pr2,cl_mlp_pao_if_ortho_26_02_20_em4_pr2
842,Name,CL_MLP_PAO_IF_Ortho_26_02_20_Plataforma_Integrada_El_Mauro,cl_mlp_pao_if_ortho_26_02_20_plataforma_integrada_el_mauro,cl_mlp_pao_if_ortho_26_02_20_plataforma_integrada_el_mauro,cl_mlp_pao_if_ortho_26_02_20_plataforma_integrada_el_mauro,cl_mlp_pao_if_ortho_26_02_20_plataforma_integrada_el_mauro,cl_mlp_pao_if_ortho_26_02_20_plataforma_integrada_el_mauro,cl_mlp_pao_if_ortho_26_02_20_plataforma_integrada_el_mauro
843,Name,CL_MLP_PAO_IF_Ortho_26_02_22_TORRES_E31_A_E48_PV4,cl_mlp_pao_if_ortho_26_02_22_torres_e31_a_e48_pv4,cl_mlp_pao_if_ortho_26_02_22_torres_e31_a_e48_pv4,cl_mlp_pao_if_ortho_26_02_22_torres_e31_a_e48_pv4,cl_mlp_pao_if_ortho_26_02_22_torres_e31_a_e48_pv4,cl_mlp_pao_if_ortho_26_02_22_torres_e31_a_e48_pv4,cl_mlp_pao_if_ortho_26_02_22_torres_e31_a_e48_pv4
844,Name,CL_MLP_PAO_IF_Ortho_26_02_27_Plataforma_Integrada_El_Mauro,cl_mlp_pao_if_ortho_26_02_27_plataforma_integrada_el_mauro,cl_mlp_pao_if_ortho_26_02_27_plataforma_integrada_el_mauro,cl_mlp_pao_if_ortho_26_02_27_plataforma_integrada_el_mauro,cl_mlp_pao_if_ortho_26_02_27_plataforma_integrada_el_mauro,cl_mlp_pao_if_ortho_26_02_27_plataforma_integrada_el_mauro,cl_mlp_pao_if_ortho_26_02_27_plataforma_integrada_el_mauro
845,Name,CL_MLP_PAO_IF_Ortho_26_02_28_TORRES_E35_A_E48,cl_mlp_pao_if_ortho_26_02_28_torres_e35_a_e48,cl_mlp_pao_if_ortho_26_02_28_torres_e35_a_e48,cl_mlp_pao_if_ortho_26_02_28_torres_e35_a_e48,cl_mlp_pao_if_ortho_26_02_28_torres_e35_a_e48,cl_mlp_pao_if_ortho_26_02_28_torres_e35_a_e48,cl_mlp_pao_if_ortho_26_02_28_torres_e35_a_e48
846,Name,CL_MLP_PAO_IF_Ortho_26_03_01_Subestacion-El-Mauro_A_E35,cl_mlp_pao_if_ortho_26_03_01_subestacion-el-mauro_a_e35,cl_mlp_pao_if_ortho_26_03_01_subestacion-el-mauro_a_e35,cl_mlp_pao_if_ortho_26_03_01_subestacion-el-mauro_a_e35,cl_mlp_pao_if_ortho_26_03_01_subestacion-el-mauro_a_e35,cl_mlp_pao_if_ortho_26_03_01_subestacion-el-mauro_a_e35,cl_mlp_pao_if_ortho_26_03_01_subestacion-el-mauro_a_e35
847,Name,CL_MLP_PAO_IF_Ortho_26_01_07_TORRE_E48_A_E84_PV4,cl_mlp_pao_if_ortho_26_01_07_torre_e48_a_e84_pv4,cl_mlp_pao_if_ortho_26_01_07_torre_e48_a_e84_pv4,cl_mlp_pao_if_ortho_26_01_07_torre_e48_a_e84_pv4,cl_mlp_pao_if_ortho_26_01_07_torre_e48_a_e84_pv4,cl_mlp_pao_if_ortho_26_01_07_torre_e48_a_e84_pv4,cl_mlp_pao_if_ortho_26_01_07_torre_e48_a_e84_pv4
848,Name,CL_MLP_PAO_IF_Ortho_26_03_29_Acceso_a_pozos,cl_mlp_pao_if_ortho_26_03_29_acceso_a_pozos,cl_mlp_pao_if_ortho_26_03_29_acceso_a_pozos,cl_mlp_pao_if_ortho_26_03_29_acceso_a_pozos,cl_mlp_pao_if_ortho_26_03_29_acceso_a_pozos,cl_mlp_pao_if_ortho_26_03_29_acceso_a_pozos,cl_mlp_pao_if_ortho_26_03_29_acceso_a_pozos
849,Name,CL_MLP_PAO_IF_Ortho_26_03_29_EM4,cl_mlp_pao_if_ortho_26_03_29_em4,cl_mlp_pao_if_ortho_26_03_29_em4,cl_mlp_pao_if_ortho_26_03_29_em4,cl_mlp_pao_if_ortho_26_03_29_em4,cl_mlp_pao_if_ortho_26_03_29_em4,cl_mlp_pao_if_ortho_26_03_29_em4
850,Name,CL_MLP_PAO_IF_Ortho_26_04_02_EM4,cl_mlp_pao_if_ortho_26_04_02_em4,cl_mlp_pao_if_ortho_26_04_02_em4,cl_mlp_pao_if_ortho_26_04_02_em4,cl_mlp_pao_if_ortho_26_04_02_em4,cl_mlp_pao_if_ortho_26_04_02_em4,cl_mlp_pao_if_ortho_26_04_02_em4
851,Name,CL_MLP_PAO_IF_Ortho_26_04_02_Pozos_PRP,cl_mlp_pao_if_ortho_26_04_02_pozos_prp,cl_mlp_pao_if_ortho_26_04_02_pozos_prp,cl_mlp_pao_if_ortho_26_04_02_pozos_prp,cl_mlp_pao_if_ortho_26_04_02_pozos_prp,cl_mlp_pao_if_ortho_26_04_02_pozos_prp,cl_mlp_pao_if_ortho_26_04_02_pozos_prp
852,Name,CL_MLP_PAO_IF_Ortho_26_04_02_TORRES_E35_A_E48,cl_mlp_pao_if_ortho_26_04_02_torres_e35_a_e48,cl_mlp_pao_if_ortho_26_04_02_torres_e35_a_e48,cl_mlp_pao_if_ortho_26_04_02_torres_e35_a_e48,cl_mlp_pao_if_ortho_26_04_02_torres_e35_a_e48,cl_mlp_pao_if_ortho_26_04_02_torres_e35_a_e48,cl_mlp_pao_if_ortho_26_04_02_torres_e35_a_e48
853,Name,CL_MLP_PAO_IF_Ortho_26_03_11_TORRES_E48_A_E84_PV4,cl_mlp_pao_if_ortho_26_03_11_torres_e48_a_e84_pv4,cl_mlp_pao_if_ortho_26_03_11_torres_e48_a_e84_pv4,cl_mlp_pao_if_ortho_26_03_11_torres_e48_a_e84_pv4,cl_mlp_pao_if_ortho_26_03_11_torres_e48_a_e84_pv4,cl_mlp_pao_if_ortho_26_03_11_torres_e48_a_e84_pv4,cl_mlp_pao_if_ortho_26_03_11_torres_e48_a_e84_pv4
854,Name,CL_MLP_PAO_IF_Ortho_26_03_08_Subestacion-El-Mauro_A_E35,cl_mlp_pao_if_ortho_26_03_08_subestacion-el-mauro_a_e35,cl_mlp_pao_if_ortho_26_03_08_subestacion-el-mauro_a_e35,cl_mlp_pao_if_ortho_26_03_08_subestacion-el-mauro_a_e35,cl_mlp_pao_if_ortho_26_03_08_subestacion-el-mauro_a_e35,cl_mlp_pao_if_ortho_26_03_08_subestacion-el-mauro_a_e35,cl_mlp_pao_if_ortho_26_03_08_subestacion-el-mauro_a_e35
855,Name,CL_MLP_PAO_IF_Ortho_26_03_06_Plataforma_Integrada_El_Mauro,cl_mlp_pao_if_ortho_26_03_06_plataforma_integrada_el_mauro,cl_mlp_pao_if_ortho_26_03_06_plataforma_integrada_el_mauro,cl_mlp_pao_if_ortho_26_03_06_plataforma_integrada_el_mauro,cl_mlp_pao_if_ortho_26_03_06_plataforma_integrada_el_mauro,cl_mlp_pao_if_ortho_26_03_06_plataforma_integrada_el_mauro,cl_mlp_pao_if_ortho_26_03_06_plataforma_integrada_el_mauro
856,Name,CL_MLP_PAO_IF_Ortho_26_03_13_Plataforma_Integrada_El_Mauro,cl_mlp_pao_if_ortho_26_03_13_plataforma_integrada_el_mauro,cl_mlp_pao_if_ortho_26_03_13_plataforma_integrada_el_mauro,cl_mlp_pao_if_ortho_26_03_13_plataforma_integrada_el_mauro,cl_mlp_pao_if_ortho_26_03_13_plataforma_integrada_el_mauro,cl_mlp_pao_if_ortho_26_03_13_plataforma_integrada_el_mauro,cl_mlp_pao_if_ortho_26_03_13_plataforma_integrada_el_mauro
857,Name,CL_MLP_PAO_IF_Ortho_26_03_19_Plataforma_Integrada_El_Mauro,cl_mlp_pao_if_ortho_26_03_19_plataforma_integrada_el_mauro,cl_mlp_pao_if_ortho_26_03_19_plataforma_integrada_el_mauro,cl_mlp_pao_if_ortho_26_03_19_plataforma_integrada_el_mauro,cl_mlp_pao_if_ortho_26_03_19_plataforma_integrada_el_mauro,cl_mlp_pao_if_ortho_26_03_19_plataforma_integrada_el_mauro,cl_mlp_pao_if_ortho_26_03_19_plataforma_integrada_el_mauro
858,Name,CL_MLP_PAO_IF_Ortho_26_03_26_Plataforma_Integrada_El_Mauro,cl_mlp_pao_if_ortho_26_03_26_plataforma_integrada_el_mauro,cl_mlp_pao_if_ortho_26_03_26_plataforma_integrada_el_mauro,cl_mlp_pao_if_ortho_26_03_26_plataforma_integrada_el_mauro,cl_mlp_pao_if_ortho_26_03_26_plataforma_integrada_el_mauro,cl_mlp_pao_if_ortho_26_03_26_plataforma_integrada_el_mauro,cl_mlp_pao_if_ortho_26_03_26_plataforma_integrada_el_mauro
859,Name,CL_MLP_PAO_IF_Ortho_26_04_02_Plataforma_Integrada_El_Mauro,cl_mlp_pao_if_ortho_26_04_02_plataforma_integrada_el_mauro,cl_mlp_pao_if_ortho_26_04_02_plataforma_integrada_el_mauro,cl_mlp_pao_if_ortho_26_04_02_plataforma_integrada_el_mauro,cl_mlp_pao_if_ortho_26_04_02_plataforma_integrada_el_mauro,cl_mlp_pao_if_ortho_26_04_02_plataforma_integrada_el_mauro,cl_mlp_pao_if_ortho_26_04_02_plataforma_integrada_el_mauro
860,Name,CL_MLP_PAO_IF_Ortho_26_04_04_Estacion_Intermedia,cl_mlp_pao_if_ortho_26_04_04_estacion_intermedia,cl_mlp_pao_if_ortho_26_04_04_estacion_intermedia,cl_mlp_pao_if_ortho_26_04_04_estacion_intermedia,cl_mlp_pao_if_ortho_26_04_04_estacion_intermedia,cl_mlp_pao_if_ortho_26_04_04_estacion_intermedia,cl_mlp_pao_if_ortho_26_04_04_estacion_intermedia
861,Name,CL_MLP_PAO_IF_Ortho_26_04_05_Patio-19B-y-Armado,cl_mlp_pao_if_ortho_26_04_05_patio-19b-y-armado,cl_mlp_pao_if_ortho_26_04_05_patio-19b-y-armado,cl_mlp_pao_if_ortho_26_04_05_patio-19b-y-armado,cl_mlp_pao_if_ortho_26_04_05_patio-19b-y-armado,cl_mlp_pao_if_ortho_26_04_05_patio-19b-y-armado,cl_mlp_pao_if_ortho_26_04_05_patio-19b-y-armado
862,Name,CL_MLP_PAO_IF_Ortho_26_04_05_Subestacion-El-Mauro_A_E35,cl_mlp_pao_if_ortho_26_04_05_subestacion-el-mauro_a_e35,cl_mlp_pao_if_ortho_26_04_05_subestacion-el-mauro_a_e35,cl_mlp_pao_if_ortho_26_04_05_subestacion-el-mauro_a_e35,cl_mlp_pao_if_ortho_26_04_05_subestacion-el-mauro_a_e35,cl_mlp_pao_if_ortho_26_04_05_subestacion-el-mauro_a_e35,cl_mlp_pao_if_ortho_26_04_05_subestacion-el-mauro_a_e35
863,Name,CL_MLP_PAO_IF_Ortho_26_04_08_TORRES_E35_A_E48,cl_mlp_pao_if_ortho_26_04_08_torres_e35_a_e48,cl_mlp_pao_if_ortho_26_04_08_torres_e35_a_e48,cl_mlp_pao_if_ortho_26_04_08_torres_e35_a_e48,cl_mlp_pao_if_ortho_26_04_08_torres_e35_a_e48,cl_mlp_pao_if_ortho_26_04_08_torres_e35_a_e48,cl_mlp_pao_if_ortho_26_04_08_torres_e35_a_e48
864,Name,CL_MLP_PAO_IF_Ortho_26_04_09_Estacion_Intermedia,cl_mlp_pao_if_ortho_26_04_09_estacion_intermedia,cl_mlp_pao_if_ortho_26_04_09_estacion_intermedia,cl_mlp_pao_if_ortho_26_04_09_estacion_intermedia,cl_mlp_pao_if_ortho_26_04_09_estacion_intermedia,cl_mlp_pao_if_ortho_26_04_09_estacion_intermedia,cl_mlp_pao_if_ortho_26_04_09_estacion_intermedia
865,Name,CL_MLP_PAO_IF_Ortho_26_04_09_Plataforma_Integrada_El_Mauro,cl_mlp_pao_if_ortho_26_04_09_plataforma_integrada_el_mauro,cl_mlp_pao_if_ortho_26_04_09_plataforma_integrada_el_mauro,cl_mlp_pao_if_ortho_26_04_09_plataforma_integrada_el_mauro,cl_mlp_pao_if_ortho_26_04_09_plataforma_integrada_el_mauro,cl_mlp_pao_if_ortho_26_04_09_plataforma_integrada_el_mauro,cl_mlp_pao_if_ortho_26_04_09_plataforma_integrada_el_mauro
866,Name,CL_MLP_PAO_IF_Ortho_26_04_09_Subestacion-El-Mauro_A_E35,cl_mlp_pao_if_ortho_26_04_09_subestacion-el-mauro_a_e35,cl_mlp_pao_if_ortho_26_04_09_subestacion-el-mauro_a_e35,cl_mlp_pao_if_ortho_26_04_09_subestacion-el-mauro_a_e35,cl_mlp_pao_if_ortho_26_04_09_subestacion-el-mauro_a_e35,cl_mlp_pao_if_ortho_26_04_09_subestacion-el-mauro_a_e35,cl_mlp_pao_if_ortho_26_04_09_subestacion-el-mauro_a_e35
867,Name,CL_MLP_PAO_IF_Ortho_26_04_10_Patio-19B-y-Armado,cl_mlp_pao_if_ortho_26_04_10_patio-19b-y-armado,cl_mlp_pao_if_ortho_26_04_10_patio-19b-y-armado,cl_mlp_pao_if_ortho_26_04_10_patio-19b-y-armado,cl_mlp_pao_if_ortho_26_04_10_patio-19b-y-armado,cl_mlp_pao_if_ortho_26_04_10_patio-19b-y-armado,cl_mlp_pao_if_ortho_26_04_10_patio-19b-y-armado
868,Name,CL_MLP_PAO_IF_Ortho_26_04_13_EM4,cl_mlp_pao_if_ortho_26_04_13_em4,cl_mlp_pao_if_ortho_26_04_13_em4,cl_mlp_pao_if_ortho_26_04_13_em4,cl_mlp_pao_if_ortho_26_04_13_em4,cl_mlp_pao_if_ortho_26_04_13_em4,cl_mlp_pao_if_ortho_26_04_13_em4
869,Name,CL_MLP_PAO_IF_Ortho_26_04_10_TORRES_E48_A_E84_PV4,cl_mlp_pao_if_ortho_26_04_10_torres_e48_a_e84_pv4,cl_mlp_pao_if_ortho_26_04_10_torres_e48_a_e84_pv4,cl_mlp_pao_if_ortho_26_04_10_torres_e48_a_e84_pv4,cl_mlp_pao_if_ortho_26_04_10_torres_e48_a_e84_pv4,cl_mlp_pao_if_ortho_26_04_10_torres_e48_a_e84_pv4,cl_mlp_pao_if_ortho_26_04_10_torres_e48_a_e84_pv4
870,Name,CL_MLP_PAO_IF_Ortho_26_04_11_MonteAranda-NSTC-Km-84p2-a-82p3,cl_mlp_pao_if_ortho_26_04_11_montearanda-nstc-km-84p2-a-82p3,cl_mlp_pao_if_ortho_26_04_11_montearanda-nstc-km-84p2-a-82p3,cl_mlp_pao_if_ortho_26_04_11_montearanda-nstc-km-84p2-a-82p3,cl_mlp_pao_if_ortho_26_04_11_montearanda-nstc-km-84p2-a-82p3,cl_mlp_pao_if_ortho_26_04_11_montearanda-nstc-km-84p2-a-82p3,cl_mlp_pao_if_ortho_26_04_11_montearanda-nstc-km-84p2-a-82p3
871,Name,CL_MLP_PAO_IF_Ortho_26_04_30_TORRES_E35_A_E48,cl_mlp_pao_if_ortho_26_04_30_torres_e35_a_e48,cl_mlp_pao_if_ortho_26_04_30_torres_e35_a_e48,cl_mlp_pao_if_ortho_26_04_30_torres_e35_a_e48,cl_mlp_pao_if_ortho_26_04_30_torres_e35_a_e48,cl_mlp_pao_if_ortho_26_04_30_torres_e35_a_e48,cl_mlp_pao_if_ortho_26_04_30_torres_e35_a_e48
872,Name,CL_MLP_PAO_IF_Ortho_26_05_02_EM2,cl_mlp_pao_if_ortho_26_05_02_em2,cl_mlp_pao_if_ortho_26_05_02_em2,cl_mlp_pao_if_ortho_26_05_02_em2,cl_mlp_pao_if_ortho_26_05_02_em2,cl_mlp_pao_if_ortho_26_05_02_em2,cl_mlp_pao_if_ortho_26_05_02_em2
873,Name,CL_MLP_PAO_IF_Ortho_26_04_30_EM4,cl_mlp_pao_if_ortho_26_04_30_em4,cl_mlp_pao_if_ortho_26_04_30_em4,cl_mlp_pao_if_ortho_26_04_30_em4,cl_mlp_pao_if_ortho_26_04_30_em4,cl_mlp_pao_if_ortho_26_04_30_em4,cl_mlp_pao_if_ortho_26_04_30_em4
874,Name,CL_MLP_PAO_IF_Ortho_26_05_08_EM4,cl_mlp_pao_if_ortho_26_05_08_em4,cl_mlp_pao_if_ortho_26_05_08_em4,cl_mlp_pao_if_ortho_26_05_08_em4,cl_mlp_pao_if_ortho_26_05_08_em4,cl_mlp_pao_if_ortho_26_05_08_em4,cl_mlp_pao_if_ortho_26_05_08_em4
875,Name,CL_MLP_PAO_IF_Ortho_26_05_01_Acceso_a_pozos,cl_mlp_pao_if_ortho_26_05_01_acceso_a_pozos,cl_mlp_pao_if_ortho_26_05_01_acceso_a_pozos,cl_mlp_pao_if_ortho_26_05_01_acceso_a_pozos,cl_mlp_pao_if_ortho_26_05_01_acceso_a_pozos,cl_mlp_pao_if_ortho_26_05_01_acceso_a_pozos,cl_mlp_pao_if_ortho_26_05_01_acceso_a_pozos
876,Name,CL_MLP_PAO_IF_Ortho_26_05_02_Subestacion-El-Mauro_A_E35,cl_mlp_pao_if_ortho_26_05_02_subestacion-el-mauro_a_e35,cl_mlp_pao_if_ortho_26_05_02_subestacion-el-mauro_a_e35,cl_mlp_pao_if_ortho_26_05_02_subestacion-el-mauro_a_e35,cl_mlp_pao_if_ortho_26_05_02_subestacion-el-mauro_a_e35,cl_mlp_pao_if_ortho_26_05_02_subestacion-el-mauro_a_e35,cl_mlp_pao_if_ortho_26_05_02_subestacion-el-mauro_a_e35
877,Name,CL_MLP_PAO_IF_Ortho_26_05_06_TORRES_E35_A_E48,cl_mlp_pao_if_ortho_26_05_06_torres_e35_a_e48,cl_mlp_pao_if_ortho_26_05_06_torres_e35_a_e48,cl_mlp_pao_if_ortho_26_05_06_torres_e35_a_e48,cl_mlp_pao_if_ortho_26_05_06_torres_e35_a_e48,cl_mlp_pao_if_ortho_26_05_06_torres_e35_a_e48,cl_mlp_pao_if_ortho_26_05_06_torres_e35_a_e48
878,Name,CL_MLP_PAO_IF_Ortho_26_05_07_Estacion_Intermedia,cl_mlp_pao_if_ortho_26_05_07_estacion_intermedia,cl_mlp_pao_if_ortho_26_05_07_estacion_intermedia,cl_mlp_pao_if_ortho_26_05_07_estacion_intermedia,cl_mlp_pao_if_ortho_26_05_07_estacion_intermedia,cl_mlp_pao_if_ortho_26_05_07_estacion_intermedia,cl_mlp_pao_if_ortho_26_05_07_estacion_intermedia
879,Name,CL_MLP_PAO_IF_Ortho_26_05_02_TORRES_E48_A_E84_PV4,cl_mlp_pao_if_ortho_26_05_02_torres_e48_a_e84_pv4,cl_mlp_pao_if_ortho_26_05_02_torres_e48_a_e84_pv4,cl_mlp_pao_if_ortho_26_05_02_torres_e48_a_e84_pv4,cl_mlp_pao_if_ortho_26_05_02_torres_e48_a_e84_pv4,cl_mlp_pao_if_ortho_26_05_02_torres_e48_a_e84_pv4,cl_mlp_pao_if_ortho_26_05_02_torres_e48_a_e84_pv4
880,Name,CL_MLP_PAO_IF_Ortho_26_05_03_MonteAranda-NSTC-Km-84p2-a-82p3,cl_mlp_pao_if_ortho_26_05_03_montearanda-nstc-km-84p2-a-82p3,cl_mlp_pao_if_ortho_26_05_03_montearanda-nstc-km-84p2-a-82p3,cl_mlp_pao_if_ortho_26_05_03_montearanda-nstc-km-84p2-a-82p3,cl_mlp_pao_if_ortho_26_05_03_montearanda-nstc-km-84p2-a-82p3,cl_mlp_pao_if_ortho_26_05_03_montearanda-nstc-km-84p2-a-82p3,cl_mlp_pao_if_ortho_26_05_03_montearanda-nstc-km-84p2-a-82p3
881,Name,CL_MLP_PAO_IF_Ortho_26_05_08_Subestacion-El-Mauro_A_E35,cl_mlp_pao_if_ortho_26_05_08_subestacion-el-mauro_a_e35,cl_mlp_pao_if_ortho_26_05_08_subestacion-el-mauro_a_e35,cl_mlp_pao_if_ortho_26_05_08_subestacion-el-mauro_a_e35,cl_mlp_pao_if_ortho_26_05_08_subestacion-el-mauro_a_e35,cl_mlp_pao_if_ortho_26_05_08_subestacion-el-mauro_a_e35,cl_mlp_pao_if_ortho_26_05_08_subestacion-el-mauro_a_e35
882,Name,CL_MLP_PAO_IF_Ortho_26_01_14_Linea-33-kV-NorteElMauro-Area1,cl_mlp_pao_if_ortho_26_01_14_linea-33-kv-norteelmauro-area1,cl_mlp_pao_if_ortho_26_01_14_linea-33-kv-norteelmauro-area1,cl_mlp_pao_if_ortho_26_01_14_linea-33-kv-norteelmauro-area1,cl_mlp_pao_if_ortho_26_01_14_linea-33-kv-norteelmauro-area1,cl_mlp_pao_if_ortho_26_01_14_linea-33-kv-norteelmauro-area1,cl_mlp_pao_if_ortho_26_01_14_linea-33-kv-norteelmauro-area1
883,Name,CL_MLP_PAO_IF_Ortho_26_01_16_Linea-33-kV-NorteElMauro-Area3,cl_mlp_pao_if_ortho_26_01_16_linea-33-kv-norteelmauro-area3,cl_mlp_pao_if_ortho_26_01_16_linea-33-kv-norteelmauro-area3,cl_mlp_pao_if_ortho_26_01_16_linea-33-kv-norteelmauro-area3,cl_mlp_pao_if_ortho_26_01_16_linea-33-kv-norteelmauro-area3,cl_mlp_pao_if_ortho_26_01_16_linea-33-kv-norteelmauro-area3,cl_mlp_pao_if_ortho_26_01_16_linea-33-kv-norteelmauro-area3
884,Name,CL_MLP_PAO_IF_Ortho_26_03_08_TORRES_E35_A_E48,cl_mlp_pao_if_ortho_26_03_08_torres_e35_a_e48,cl_mlp_pao_if_ortho_26_03_08_torres_e35_a_e48,cl_mlp_pao_if_ortho_26_03_08_torres_e35_a_e48,cl_mlp_pao_if_ortho_26_03_08_torres_e35_a_e48,cl_mlp_pao_if_ortho_26_03_08_torres_e35_a_e48,cl_mlp_pao_if_ortho_26_03_08_torres_e35_a_e48
885,Name,CL_MLP_PAO_IF_Ortho_26_03_14_Subestacion-El-Mauro_A_E35_,cl_mlp_pao_if_ortho_26_03_14_subestacion-el-mauro_a_e35_,cl_mlp_pao_if_ortho_26_03_14_subestacion-el-mauro_a_e35_,cl_mlp_pao_if_ortho_26_03_14_subestacion-el-mauro_a_e35_,cl_mlp_pao_if_ortho_26_03_14_subestacion-el-mauro_a_e35_,cl_mlp_pao_if_ortho_26_03_14_subestacion-el-mauro_a_e35_,cl_mlp_pao_if_ortho_26_03_14_subestacion-el-mauro_a_e35_
886,Name,CL_MLP_PAO_IF_Ortho_26_03_27_MonteAranda-NSTC-Km-84p2-a-82p3,cl_mlp_pao_if_ortho_26_03_27_montearanda-nstc-km-84p2-a-82p3,cl_mlp_pao_if_ortho_26_03_27_montearanda-nstc-km-84p2-a-82p3,cl_mlp_pao_if_ortho_26_03_27_montearanda-nstc-km-84p2-a-82p3,cl_mlp_pao_if_ortho_26_03_27_montearanda-nstc-km-84p2-a-82p3,cl_mlp_pao_if_ortho_26_03_27_montearanda-nstc-km-84p2-a-82p3,cl_mlp_pao_if_ortho_26_03_27_montearanda-nstc-km-84p2-a-82p3
887,Name,CL_MLP_PAO_IF_Ortho_26_03_28_EM2,cl_mlp_pao_if_ortho_26_03_28_em2,cl_mlp_pao_if_ortho_26_03_28_em2,cl_mlp_pao_if_ortho_26_03_28_em2,cl_mlp_pao_if_ortho_26_03_28_em2,cl_mlp_pao_if_ortho_26_03_28_em2,cl_mlp_pao_if_ortho_26_03_28_em2
888,Name,CL_MLP_PAO_IF_Ortho_26_03_29_Subestacion-El-Mauro_A_E35_,cl_mlp_pao_if_ortho_26_03_29_subestacion-el-mauro_a_e35_,cl_mlp_pao_if_ortho_26_03_29_subestacion-el-mauro_a_e35_,cl_mlp_pao_if_ortho_26_03_29_subestacion-el-mauro_a_e35_,cl_mlp_pao_if_ortho_26_03_29_subestacion-el-mauro_a_e35_,cl_mlp_pao_if_ortho_26_03_29_subestacion-el-mauro_a_e35_,cl_mlp_pao_if_ortho_26_03_29_subestacion-el-mauro_a_e35_
889,Name,CL_MLP_PAO_IF_Ortho_26_04_02_TORRES_E48_A_E84_PV4,cl_mlp_pao_if_ortho_26_04_02_torres_e48_a_e84_pv4,cl_mlp_pao_if_ortho_26_04_02_torres_e48_a_e84_pv4,cl_mlp_pao_if_ortho_26_04_02_torres_e48_a_e84_pv4,cl_mlp_pao_if_ortho_26_04_02_torres_e48_a_e84_pv4,cl_mlp_pao_if_ortho_26_04_02_torres_e48_a_e84_pv4,cl_mlp_pao_if_ortho_26_04_02_torres_e48_a_e84_pv4
890,Name,CL_MLP_PAO_IF_Ortho_26_04_16_Acceso_a_pozos,cl_mlp_pao_if_ortho_26_04_16_acceso_a_pozos,cl_mlp_pao_if_ortho_26_04_16_acceso_a_pozos,cl_mlp_pao_if_ortho_26_04_16_acceso_a_pozos,cl_mlp_pao_if_ortho_26_04_16_acceso_a_pozos,cl_mlp_pao_if_ortho_26_04_16_acceso_a_pozos,cl_mlp_pao_if_ortho_26_04_16_acceso_a_pozos
891,Name,CL_MLP_PAO_IF_Ortho_26_04_15_EM2,cl_mlp_pao_if_ortho_26_04_15_em2,cl_mlp_pao_if_ortho_26_04_15_em2,cl_mlp_pao_if_ortho_26_04_15_em2,cl_mlp_pao_if_ortho_26_04_15_em2,cl_mlp_pao_if_ortho_26_04_15_em2,cl_mlp_pao_if_ortho_26_04_15_em2
892,Name,CL_MLP_PAO_IF_Ortho_26_04_16_EM4,cl_mlp_pao_if_ortho_26_04_16_em4,cl_mlp_pao_if_ortho_26_04_16_em4,cl_mlp_pao_if_ortho_26_04_16_em4,cl_mlp_pao_if_ortho_26_04_16_em4,cl_mlp_pao_if_ortho_26_04_16_em4,cl_mlp_pao_if_ortho_26_04_16_em4
893,Name,CL_MLP_PAO_IF_Ortho_26_04_18_MonteAranda-NSTC-Km-84p2-a-82p3,cl_mlp_pao_if_ortho_26_04_18_montearanda-nstc-km-84p2-a-82p3,cl_mlp_pao_if_ortho_26_04_18_montearanda-nstc-km-84p2-a-82p3,cl_mlp_pao_if_ortho_26_04_18_montearanda-nstc-km-84p2-a-82p3,cl_mlp_pao_if_ortho_26_04_18_montearanda-nstc-km-84p2-a-82p3,cl_mlp_pao_if_ortho_26_04_18_montearanda-nstc-km-84p2-a-82p3,cl_mlp_pao_if_ortho_26_04_18_montearanda-nstc-km-84p2-a-82p3
894,Name,CL_MLP_PAO_IF_Ortho_26_04_23_TORRES_E35_A_E48,cl_mlp_pao_if_ortho_26_04_23_torres_e35_a_e48,cl_mlp_pao_if_ortho_26_04_23_torres_e35_a_e48,cl_mlp_pao_if_ortho_26_04_23_torres_e35_a_e48,cl_mlp_pao_if_ortho_26_04_23_torres_e35_a_e48,cl_mlp_pao_if_ortho_26_04_23_torres_e35_a_e48,cl_mlp_pao_if_ortho_26_04_23_torres_e35_a_e48
896,Name,CL_MLP_PAO_IF_Ortho_26_04_24_Patio-19B-y-Armado,cl_mlp_pao_if_ortho_26_04_24_patio-19b-y-armado,cl_mlp_pao_if_ortho_26_04_24_patio-19b-y-armado,cl_mlp_pao_if_ortho_26_04_24_patio-19b-y-armado,cl_mlp_pao_if_ortho_26_04_24_patio-19b-y-armado,cl_mlp_pao_if_ortho_26_04_24_patio-19b-y-armado,cl_mlp_pao_if_ortho_26_04_24_patio-19b-y-armado
898,Name,CL_MLP_PAO_IF_Ortho_26_04_22_Estacion_Intermedia,cl_mlp_pao_if_ortho_26_04_22_estacion_intermedia,cl_mlp_pao_if_ortho_26_04_22_estacion_intermedia,cl_mlp_pao_if_ortho_26_04_22_estacion_intermedia,cl_mlp_pao_if_ortho_26_04_22_estacion_intermedia,cl_mlp_pao_if_ortho_26_04_22_estacion_intermedia,cl_mlp_pao_if_ortho_26_04_22_estacion_intermedia
900,Name,CL_MLP_PAO_IF_Ortho_26_04_15_TORRES_E35_A_E48,cl_mlp_pao_if_ortho_26_04_15_torres_e35_a_e48,cl_mlp_pao_if_ortho_26_04_15_torres_e35_a_e48,cl_mlp_pao_if_ortho_26_04_15_torres_e35_a_e48,cl_mlp_pao_if_ortho_26_04_15_torres_e35_a_e48,cl_mlp_pao_if_ortho_26_04_15_torres_e35_a_e48,cl_mlp_pao_if_ortho_26_04_15_torres_e35_a_e48
901,Name,CL_MLP_PAO_IF_Ortho_26_04_01_EBD,cl_mlp_pao_if_ortho_26_04_01_ebd,cl_mlp_pao_if_ortho_26_04_01_ebd,cl_mlp_pao_if_ortho_26_04_01_ebd,cl_mlp_pao_if_ortho_26_04_01_ebd,cl_mlp_pao_if_ortho_26_04_01_ebd,cl_mlp_pao_if_ortho_26_04_01_ebd
902,Name,CL_MLP_PAO_IF_Ortho_26_04_22_Subestacion-El-Mauro,cl_mlp_pao_if_ortho_26_04_22_subestacion-el-mauro,cl_mlp_pao_if_ortho_26_04_22_subestacion-el-mauro,cl_mlp_pao_if_ortho_26_04_22_subestacion-el-mauro,cl_mlp_pao_if_ortho_26_04_22_subestacion-el-mauro,cl_mlp_pao_if_ortho_26_04_22_subestacion-el-mauro,cl_mlp_pao_if_ortho_26_04_22_subestacion-el-mauro
904,Name,CL_MLP_PAO_IF_Ortho_26_04_17_Subestacion-El-Mauro,cl_mlp_pao_if_ortho_26_04_17_subestacion-el-mauro,cl_mlp_pao_if_ortho_26_04_17_subestacion-el-mauro,cl_mlp_pao_if_ortho_26_04_17_subestacion-el-mauro,cl_mlp_pao_if_ortho_26_04_17_subestacion-el-mauro,cl_mlp_pao_if_ortho_26_04_17_subestacion-el-mauro,cl_mlp_pao_if_ortho_26_04_17_subestacion-el-mauro
906,Name,CL_MLP_PAO_IF_Ortho_26_04_18_Patio-19B-y-Armado,cl_mlp_pao_if_ortho_26_04_18_patio-19b-y-armado,cl_mlp_pao_if_ortho_26_04_18_patio-19b-y-armado,cl_mlp_pao_if_ortho_26_04_18_patio-19b-y-armado,cl_mlp_pao_if_ortho_26_04_18_patio-19b-y-armado,cl_mlp_pao_if_ortho_26_04_18_patio-19b-y-armado,cl_mlp_pao_if_ortho_26_04_18_patio-19b-y-armado
908,Name,CL_MLP_PAO_IF_Ortho_26_04_16_TORRES_E48_A_E84_PV4,cl_mlp_pao_if_ortho_26_04_16_torres_e48_a_e84_pv4,cl_mlp_pao_if_ortho_26_04_16_torres_e48_a_e84_pv4,cl_mlp_pao_if_ortho_26_04_16_torres_e48_a_e84_pv4,cl_mlp_pao_if_ortho_26_04_16_torres_e48_a_e84_pv4,cl_mlp_pao_if_ortho_26_04_16_torres_e48_a_e84_pv4,cl_mlp_pao_if_ortho_26_04_16_torres_e48_a_e84_pv4
909,Name,Ov_i9A2_L03_R0000096C_C000007F6,ov_i9a2_l03_r0000096c_c000007f6,ov_i9a2_l03_r0000096c_c000007f6,ov_i9a2_l03_r0000096c_c000007f6,ov_i9a2_l03_r0000096c_c000007f6,ov_i9a2_l03_r0000096c_c000007f6,ov_i9a2_l03_r0000096c_c000007f6
910,Name,Ov_i9A2_L03_R0000096D_C000007F6,ov_i9a2_l03_r0000096d_c000007f6,ov_i9a2_l03_r0000096d_c000007f6,ov_i9a2_l03_r0000096d_c000007f6,ov_i9a2_l03_r0000096d_c000007f6,ov_i9a2_l03_r0000096d_c000007f6,ov_i9a2_l03_r0000096d_c000007f6
911,Name,Ov_i9A2_L04_R00000967_C000007E5,ov_i9a2_l04_r00000967_c000007e5,ov_i9a2_l04_r00000967_c000007e5,ov_i9a2_l04_r00000967_c000007e5,ov_i9a2_l04_r00000967_c000007e5,ov_i9a2_l04_r00000967_c000007e5,ov_i9a2_l04_r00000967_c000007e5
912,Name,Ov_i9A2_L04_R00000968_C000007E6,ov_i9a2_l04_r00000968_c000007e6,ov_i9a2_l04_r00000968_c000007e6,ov_i9a2_l04_r00000968_c000007e6,ov_i9a2_l04_r00000968_c000007e6,ov_i9a2_l04_r00000968_c000007e6,ov_i9a2_l04_r00000968_c000007e6
913,Name,Ov_i9A2_L04_R00000968_C000007E7,ov_i9a2_l04_r00000968_c000007e7,ov_i9a2_l04_r00000968_c000007e7,ov_i9a2_l04_r00000968_c000007e7,ov_i9a2_l04_r00000968_c000007e7,ov_i9a2_l04_r00000968_c000007e7,ov_i9a2_l04_r00000968_c000007e7
914,Name,Ov_i9A2_L04_R00000968_C000007E4,ov_i9a2_l04_r00000968_c000007e4,ov_i9a2_l04_r00000968_c000007e4,ov_i9a2_l04_r00000968_c000007e4,ov_i9a2_l04_r00000968_c000007e4,ov_i9a2_l04_r00000968_c000007e4,ov_i9a2_l04_r00000968_c000007e4
915,Name,Ov_i9A2_L04_R00000969_C000007E9,ov_i9a2_l04_r00000969_c000007e9,ov_i9a2_l04_r00000969_c000007e9,ov_i9a2_l04_r00000969_c000007e9,ov_i9a2_l04_r00000969_c000007e9,ov_i9a2_l04_r00000969_c000007e9,ov_i9a2_l04_r00000969_c000007e9
916,Name,Ov_i9A2_L04_R0000096A_C000007ED,ov_i9a2_l04_r0000096a_c000007ed,ov_i9a2_l04_r0000096a_c000007ed,ov_i9a2_l04_r0000096a_c000007ed,ov_i9a2_l04_r0000096a_c000007ed,ov_i9a2_l04_r0000096a_c000007ed,ov_i9a2_l04_r0000096a_c000007ed
917,Name,Ov_i9A2_L04_R0000096B_C000007EC,ov_i9a2_l04_r0000096b_c000007ec,ov_i9a2_l04_r0000096b_c000007ec,ov_i9a2_l04_r0000096b_c000007ec,ov_i9a2_l04_r0000096b_c000007ec,ov_i9a2_l04_r0000096b_c000007ec,ov_i9a2_l04_r0000096b_c000007ec
918,Name,Ov_i9A2_L04_R0000096B_C000007ED,ov_i9a2_l04_r0000096b_c000007ed,ov_i9a2_l04_r0000096b_c000007ed,ov_i9a2_l04_r0000096b_c000007ed,ov_i9a2_l04_r0000096b_c000007ed,ov_i9a2_l04_r0000096b_c000007ed,ov_i9a2_l04_r0000096b_c000007ed
919,Name,Ov_i9A2_L04_R0000096B_C000007F5,ov_i9a2_l04_r0000096b_c000007f5,ov_i9a2_l04_r0000096b_c000007f5,ov_i9a2_l04_r0000096b_c000007f5,ov_i9a2_l04_r0000096b_c000007f5,ov_i9a2_l04_r0000096b_c000007f5,ov_i9a2_l04_r0000096b_c000007f5
920,Name,Ov_i9A2_L04_R0000096C_C000007F6,ov_i9a2_l04_r0000096c_c000007f6,ov_i9a2_l04_r0000096c_c000007f6,ov_i9a2_l04_r0000096c_c000007f6,ov_i9a2_l04_r0000096c_c000007f6,ov_i9a2_l04_r0000096c_c000007f6,ov_i9a2_l04_r0000096c_c000007f6
921,Name,Ov_i9A2_L04_R0000096D_C000007F6,ov_i9a2_l04_r0000096d_c000007f6,ov_i9a2_l04_r0000096d_c000007f6,ov_i9a2_l04_r0000096d_c000007f6,ov_i9a2_l04_r0000096d_c000007f6,ov_i9a2_l04_r0000096d_c000007f6,ov_i9a2_l04_r0000096d_c000007f6
922,Name,Ov_i9A2_L04_R00000966_C000007E8,ov_i9a2_l04_r00000966_c000007e8,ov_i9a2_l04_r00000966_c000007e8,ov_i9a2_l04_r00000966_c000007e8,ov_i9a2_l04_r00000966_c000007e8,ov_i9a2_l04_r00000966_c000007e8,ov_i9a2_l04_r00000966_c000007e8
923,Name,Ov_i9A2_L04_R0000096A_C000007EE,ov_i9a2_l04_r0000096a_c000007ee,ov_i9a2_l04_r0000096a_c000007ee,ov_i9a2_l04_r0000096a_c000007ee,ov_i9a2_l04_r0000096a_c000007ee,ov_i9a2_l04_r0000096a_c000007ee,ov_i9a2_l04_r0000096a_c000007ee
924,Name,Ov_i9A2_L04_R0000096A_C000007EF,ov_i9a2_l04_r0000096a_c000007ef,ov_i9a2_l04_r0000096a_c000007ef,ov_i9a2_l04_r0000096a_c000007ef,ov_i9a2_l04_r0000096a_c000007ef,ov_i9a2_l04_r0000096a_c000007ef,ov_i9a2_l04_r0000096a_c000007ef
925,Name,Ov_i9A2_L04_R00000324_C000002A7,ov_i9a2_l04_r00000324_c000002a7,ov_i9a2_l04_r00000324_c000002a7,ov_i9a2_l04_r00000324_c000002a7,ov_i9a2_l04_r00000324_c000002a7,ov_i9a2_l04_r00000324_c000002a7,ov_i9a2_l04_r00000324_c000002a7
0,ProductName,1779,1779,1779,1779,1779,1779,1779
567,ProductName,8881,8881,8881,8881,8881,8881,8881
568,ProductName,15186,15186,15186,15186,15186,15186,15186
569,ProductName,6636,6636,6636,6636,6636,6636,6636
570,ProductName,19310,19310,19310,19310,19310,19310,19310
571,ProductName,16382,16382,16382,16382,16382,16382,16382
572,ProductName,4971,4971,4971,4971,4971,4971,4971
573,ProductName,15584,15584,15584,15584,15584,15584,15584
574,ProductName,15761,15761,15761,15761,15761,15761,15761
575,ProductName,6739,6739,6739,6739,6739,6739,6739
576,ProductName,18142,18142,18142,18142,18142,18142,18142
577,ProductName,15182,15182,15182,15182,15182,15182,15182
578,ProductName,15762,15762,15762,15762,15762,15762,15762
579,ProductName,4506,4506,4506,4506,4506,4506,4506
580,ProductName,9000,9000,9000,9000,9000,9000,9000
598,ProductName,6635,6635,6635,6635,6635,6635,6635
599,ProductName,15195,15195,15195,15195,15195,15195,15195
600,ProductName,15214,15214,15214,15214,15214,15214,15214
601,ProductName,4675,4675,4675,4675,4675,4675,4675
602,ProductName,15190,15190,15190,15190,15190,15190,15190
603,ProductName,15209,15209,15209,15209,15209,15209,15209
604,ProductName,5290,5290,5290,5290,5290,5290,5290
605,ProductName,3922,3922,3922,3922,3922,3922,3922
606,ProductName,15405,15405,15405,15405,15405,15405,15405
607,ProductName,8654,8654,8654,8654,8654,8654,8654
608,ProductName,15189,15189,15189,15189,15189,15189,15189
609,ProductName,15201,15201,15201,15201,15201,15201,15201
610,ProductName,15220,15220,15220,15220,15220,15220,15220
611,ProductName,15586,15586,15586,15586,15586,15586,15586
612,ProductName,4309,4309,4309,4309,4309,4309,4309
613,ProductName,5113,5113,5113,5113,5113,5113,5113
614,ProductName,5031,5031,5031,5031,5031,5031,5031
615,ProductName,4151,4151,4151,4151,4151,4151,4151
616,ProductName,4152,4152,4152,4152,4152,4152,4152
617,ProductName,3345,3345,3345,3345,3345,3345,3345
618,ProductName,2889,2889,2889,2889,2889,2889,2889
619,ProductName,4155,4155,4155,4155,4155,4155,4155
620,ProductName,15407,15407,15407,15407,15407,15407,15407
621,ProductName,2289,2289,2289,2289,2289,2289,2289
622,ProductName,15581,15581,15581,15581,15581,15581,15581
623,ProductName,3998,3998,3998,3998,3998,3998,3998
624,ProductName,8199,8199,8199,8199,8199,8199,8199
625,ProductName,18143,18143,18143,18143,18143,18143,18143
626,ProductName,6426,6426,6426,6426,6426,6426,6426
627,ProductName,2291,2291,2291,2291,2291,2291,2291
628,ProductName,15759,15759,15759,15759,15759,15759,15759
629,ProductName,2803,2803,2803,2803,2803,2803,2803
630,ProductName,15403,15403,15403,15403,15403,15403,15403
631,ProductName,15171,15171,15171,15171,15171,15171,15171
632,ProductName,3996,3996,3996,3996,3996,3996,3996
633,ProductName,1778,1778,1778,1778,1778,1778,1778
634,ProductName,18726,18726,18726,18726,18726,18726,18726
635,ProductName,2287,2287,2287,2287,2287,2287,2287
636,ProductName,15408,15408,15408,15408,15408,15408,15408
637,ProductName,18731,18731,18731,18731,18731,18731,18731
638,ProductName,15173,15173,15173,15173,15173,15173,15173
639,ProductName,4077,4077,4077,4077,4077,4077,4077
640,ProductName,4078,4078,4078,4078,4078,4078,4078
641,ProductName,3669,3669,3669,3669,3669,3669,3669
642,ProductName,8195,8195,8195,8195,8195,8195,8195
643,ProductName,15580,15580,15580,15580,15580,15580,15580
644,ProductName,2890,2890,2890,2890,2890,2890,2890
645,ProductName,3343,3343,3343,3343,3343,3343,3343
646,ProductName,3268,3268,3268,3268,3268,3268,3268
647,ProductName,8998,8998,8998,8998,8998,8998,8998
648,ProductName,15168,15168,15168,15168,15168,15168,15168
649,ProductName,15760,15760,15760,15760,15760,15760,15760
650,ProductName,6429,6429,6429,6429,6429,6429,6429
651,ProductName,15175,15175,15175,15175,15175,15175,15175
652,ProductName,15180,15180,15180,15180,15180,15180,15180
653,ProductName,3192,3192,3192,3192,3192,3192,3192
654,ProductName,4569,4569,4569,4569,4569,4569,4569
655,ProductName,3194,3194,3194,3194,3194,3194,3194
656,ProductName,1782,1782,1782,1782,1782,1782,1782
657,ProductName,8198,8198,8198,8198,8198,8198,8198
658,ProductName,18135,18135,18135,18135,18135,18135,18135
659,ProductName,2374,2374,2374,2374,2374,2374,2374
660,ProductName,1780,1780,1780,1780,1780,1780,1780
661,ProductName,6430,6430,6430,6430,6430,6430,6430
662,ProductName,3196,3196,3196,3196,3196,3196,3196
663,ProductName,8426,8426,8426,8426,8426,8426,8426
664,ProductName,8428,8428,8428,8428,8428,8428,8428
665,ProductName,8539,8539,8539,8539,8539,8539,8539
666,ProductName,8884,8884,8884,8884,8884,8884,8884
667,ProductName,4570,4570,4570,4570,4570,4570,4570
668,ProductName,15583,15583,15583,15583,15583,15583,15583
669,ProductName,8196,8196,8196,8196,8196,8196,8196
670,ProductName,3420,3420,3420,3420,3420,3420,3420
671,ProductName,8880,8880,8880,8880,8880,8880,8880
672,ProductName,2447,2447,2447,2447,2447,2447,2447
673,ProductName,4378,4378,4378,4378,4378,4378,4378
674,ProductName,5034,5034,5034,5034,5034,5034,5034
675,ProductName,3195,3195,3195,3195,3195,3195,3195
676,ProductName,15404,15404,15404,15404,15404,15404,15404
677,ProductName,5527,5527,5527,5527,5527,5527,5527
678,ProductName,18136,18136,18136,18136,18136,18136,18136
679,ProductName,4503,4503,4503,4503,4503,4503,4503
680,ProductName,3747,3747,3747,3747,3747,3747,3747
681,ProductName,18725,18725,18725,18725,18725,18725,18725
682,ProductName,15193,15193,15193,15193,15193,15193,15193
683,ProductName,15212,15212,15212,15212,15212,15212,15212
684,ProductName,19309,19309,19309,19309,19309,19309,19309
685,ProductName,18728,18728,18728,18728,18728,18728,18728
686,ProductName,5291,5291,5291,5291,5291,5291,5291
687,ProductName,6322,6322,6322,6322,6322,6322,6322
688,ProductName,6530,6530,6530,6530,6530,6530,6530
689,ProductName,5289,5289,5289,5289,5289,5289,5289
690,ProductName,3272,3272,3272,3272,3272,3272,3272
691,ProductName,3344,3344,3344,3344,3344,3344,3344
692,ProductName,5292,5292,5292,5292,5292,5292,5292
693,ProductName,18729,18729,18729,18729,18729,18729,18729
694,ProductName,15167,15167,15167,15167,15167,15167,15167
695,ProductName,15406,15406,15406,15406,15406,15406,15406
696,ProductName,4502,4502,4502,4502,4502,4502,4502
697,ProductName,6425,6425,6425,6425,6425,6425,6425
698,ProductName,2800,2800,2800,2800,2800,2800,2800
699,ProductName,6424,6424,6424,6424,6424,6424,6424
700,ProductName,15178,15178,15178,15178,15178,15178,15178
701,ProductName,3995,3995,3995,3995,3995,3995,3995
702,ProductName,15169,15169,15169,15169,15169,15169,15169
703,ProductName,4074,4074,4074,4074,4074,4074,4074
704,ProductName,4075,4075,4075,4075,4075,4075,4075
705,ProductName,1784,1784,1784,1784,1784,1784,1784
719,ProductName,15172,15172,15172,15172,15172,15172,15172
720,ProductName,2292,2292,2292,2292,2292,2292,2292
721,ProductName,4073,4073,4073,4073,4073,4073,4073
722,ProductName,18727,18727,18727,18727,18727,18727,18727
723,ProductName,16203,16203,16203,16203,16203,16203,16203
724,ProductName,8197,8197,8197,8197,8197,8197,8197
725,ProductName,1777,1777,1777,1777,1777,1777,1777
726,ProductName,6532,6532,6532,6532,6532,6532,6532
727,ProductName,4969,4969,4969,4969,4969,4969,4969
728,ProductName,15409,15409,15409,15409,15409,15409,15409
729,ProductName,8311,8311,8311,8311,8311,8311,8311
730,ProductName,8310,8310,8310,8310,8310,8310,8310
731,ProductName,4568,4568,4568,4568,4568,4568,4568
732,ProductName,3346,3346,3346,3346,3346,3346,3346
733,ProductName,3347,3347,3347,3347,3347,3347,3347
734,ProductName,16205,16205,16205,16205,16205,16205,16205
735,ProductName,3191,3191,3191,3191,3191,3191,3191
736,ProductName,6320,6320,6320,6320,6320,6320,6320
737,ProductName,15582,15582,15582,15582,15582,15582,15582
738,ProductName,15174,15174,15174,15174,15174,15174,15174
739,ProductName,1751,1751,1751,1751,1751,1751,1751
740,ProductName,5114,5114,5114,5114,5114,5114,5114
741,ProductName,8540,8540,8540,8540,8540,8540,8540
742,ProductName,4000,4000,4000,4000,4000,4000,4000
743,ProductName,8769,8769,8769,8769,8769,8769,8769
744,ProductName,4311,4311,4311,4311,4311,4311,4311
745,ProductName,6318,6318,6318,6318,6318,6318,6318
746,ProductName,3999,3999,3999,3999,3999,3999,3999
747,ProductName,4441,4441,4441,4441,4441,4441,4441
748,ProductName,4507,4507,4507,4507,4507,4507,4507
749,ProductName,6105,6105,6105,6105,6105,6105,6105
750,ProductName,6319,6319,6319,6319,6319,6319,6319
751,ProductName,8424,8424,8424,8424,8424,8424,8424
752,ProductName,6100,6100,6100,6100,6100,6100,6100
753,ProductName,5993,5993,5993,5993,5993,5993,5993
754,ProductName,8768,8768,8768,8768,8768,8768,8768
755,ProductName,5994,5994,5994,5994,5994,5994,5994
756,ProductName,5030,5030,5030,5030,5030,5030,5030
757,ProductName,4379,4379,4379,4379,4379,4379,4379
758,ProductName,2883,2883,2883,2883,2883,2883,2883
759,ProductName,15187,15187,15187,15187,15187,15187,15187
760,ProductName,2375,2375,2375,2375,2375,2375,2375
761,ProductName,5204,5204,5204,5204,5204,5204,5204
762,ProductName,5035,5035,5035,5035,5035,5035,5035
763,ProductName,6321,6321,6321,6321,6321,6321,6321
764,ProductName,3745,3745,3745,3745,3745,3745,3745
765,ProductName,18140,18140,18140,18140,18140,18140,18140
766,ProductName,4156,4156,4156,4156,4156,4156,4156
767,ProductName,15200,15200,15200,15200,15200,15200,15200
768,ProductName,15219,15219,15219,15219,15219,15219,15219
769,ProductName,15585,15585,15585,15585,15585,15585,15585
770,ProductName,5396,5396,5396,5396,5396,5396,5396
771,ProductName,8766,8766,8766,8766,8766,8766,8766
772,ProductName,19316,19316,19316,19316,19316,19316,19316
773,ProductName,16383,16383,16383,16383,16383,16383,16383
774,ProductName,15177,15177,15177,15177,15177,15177,15177
775,ProductName,5885,5885,5885,5885,5885,5885,5885
776,ProductName,16386,16386,16386,16386,16386,16386,16386
777,ProductName,8882,8882,8882,8882,8882,8882,8882
778,ProductName,4310,4310,4310,4310,4310,4310,4310
779,ProductName,2376,2376,2376,2376,2376,2376,2376
780,ProductName,4504,4504,4504,4504,4504,4504,4504
781,ProductName,19314,19314,19314,19314,19314,19314,19314
782,ProductName,5115,5115,5115,5115,5115,5115,5115
783,ProductName,5202,5202,5202,5202,5202,5202,5202
784,ProductName,4153,4153,4153,4153,4153,4153,4153
785,ProductName,4377,4377,4377,4377,4377,4377,4377
786,ProductName,15191,15191,15191,15191,15191,15191,15191
787,ProductName,15210,15210,15210,15210,15210,15210,15210
788,ProductName,5399,5399,5399,5399,5399,5399,5399
789,ProductName,16563,16563,16563,16563,16563,16563,16563
790,ProductName,8999,8999,8999,8999,8999,8999,8999
791,ProductName,15181,15181,15181,15181,15181,15181,15181
792,ProductName,5397,5397,5397,5397,5397,5397,5397
793,ProductName,18138,18138,18138,18138,18138,18138,18138
794,ProductName,18139,18139,18139,18139,18139,18139,18139
795,ProductName,8542,8542,8542,8542,8542,8542,8542
796,ProductName,2882,2882,2882,2882,2882,2882,2882
797,ProductName,5991,5991,5991,5991,5991,5991,5991
798,ProductName,5992,5992,5992,5992,5992,5992,5992
799,ProductName,5990,5990,5990,5990,5990,5990,5990
800,ProductName,1755,1755,1755,1755,1755,1755,1755
801,ProductName,1756,1756,1756,1756,1756,1756,1756
802,ProductName,1758,1758,1758,1758,1758,1758,1758
803,ProductName,1783,1783,1783,1783,1783,1783,1783
804,ProductName,2288,2288,2288,2288,2288,2288,2288
805,ProductName,2290,2290,2290,2290,2290,2290,2290
806,ProductName,2446,2446,2446,2446,2446,2446,2446
807,ProductName,2880,2880,2880,2880,2880,2880,2880
808,ProductName,2887,2887,2887,2887,2887,2887,2887
809,ProductName,2891,2891,2891,2891,2891,2891,2891
810,ProductName,3193,3193,3193,3193,3193,3193,3193
811,ProductName,3269,3269,3269,3269,3269,3269,3269
812,ProductName,3271,3271,3271,3271,3271,3271,3271
813,ProductName,3419,3419,3419,3419,3419,3419,3419
814,ProductName,3422,3422,3422,3422,3422,3422,3422
815,ProductName,3673,3673,3673,3673,3673,3673,3673
816,ProductName,3997,3997,3997,3997,3997,3997,3997
817,ProductName,4076,4076,4076,4076,4076,4076,4076
818,ProductName,4154,4154,4154,4154,4154,4154,4154
819,ProductName,4157,4157,4157,4157,4157,4157,4157
820,ProductName,4308,4308,4308,4308,4308,4308,4308
821,ProductName,4381,4381,4381,4381,4381,4381,4381
822,ProductName,4443,4443,4443,4443,4443,4443,4443
823,ProductName,4567,4567,4567,4567,4567,4567,4567
824,ProductName,5033,5033,5033,5033,5033,5033,5033
825,ProductName,5111,5111,5111,5111,5111,5111,5111
826,ProductName,5200,5200,5200,5200,5200,5200,5200
827,ProductName,5201,5201,5201,5201,5201,5201,5201
828,ProductName,5203,5203,5203,5203,5203,5203,5203
829,ProductName,5293,5293,5293,5293,5293,5293,5293
830,ProductName,5882,5882,5882,5882,5882,5882,5882
831,ProductName,5883,5883,5883,5883,5883,5883,5883
832,ProductName,5884,5884,5884,5884,5884,5884,5884
833,ProductName,5886,5886,5886,5886,5886,5886,5886
834,ProductName,5887,5887,5887,5887,5887,5887,5887
835,ProductName,5995,5995,5995,5995,5995,5995,5995
836,ProductName,5996,5996,5996,5996,5996,5996,5996
837,ProductName,6099,6099,6099,6099,6099,6099,6099
838,ProductName,6101,6101,6101,6101,6101,6101,6101
839,ProductName,6102,6102,6102,6102,6102,6102,6102
840,ProductName,6104,6104,6104,6104,6104,6104,6104
841,ProductName,6208,6208,6208,6208,6208,6208,6208
842,ProductName,6209,6209,6209,6209,6209,6209,6209
843,ProductName,6210,6210,6210,6210,6210,6210,6210
844,ProductName,6211,6211,6211,6211,6211,6211,6211
845,ProductName,6212,6212,6212,6212,6212,6212,6212
846,ProductName,6214,6214,6214,6214,6214,6214,6214
847,ProductName,6317,6317,6317,6317,6317,6317,6317
848,ProductName,6533,6533,6533,6533,6533,6533,6533
849,ProductName,6534,6534,6534,6534,6534,6534,6534
850,ProductName,6637,6637,6637,6637,6637,6637,6637
851,ProductName,6638,6638,6638,6638,6638,6638,6638
852,ProductName,6639,6639,6639,6639,6639,6639,6639
853,ProductName,7396,7396,7396,7396,7396,7396,7396
854,ProductName,7397,7397,7397,7397,7397,7397,7397
855,ProductName,8312,8312,8312,8312,8312,8312,8312
856,ProductName,8313,8313,8313,8313,8313,8313,8313
857,ProductName,8314,8314,8314,8314,8314,8314,8314
858,ProductName,8425,8425,8425,8425,8425,8425,8425
859,ProductName,8427,8427,8427,8427,8427,8427,8427
860,ProductName,8538,8538,8538,8538,8538,8538,8538
861,ProductName,8541,8541,8541,8541,8541,8541,8541
862,ProductName,8652,8652,8652,8652,8652,8652,8652
863,ProductName,8653,8653,8653,8653,8653,8653,8653
864,ProductName,8655,8655,8655,8655,8655,8655,8655
865,ProductName,8656,8656,8656,8656,8656,8656,8656
866,ProductName,8767,8767,8767,8767,8767,8767,8767
867,ProductName,8770,8770,8770,8770,8770,8770,8770
868,ProductName,8883,8883,8883,8883,8883,8883,8883
869,ProductName,8996,8996,8996,8996,8996,8996,8996
870,ProductName,8997,8997,8997,8997,8997,8997,8997
871,ProductName,15587,15587,15587,15587,15587,15587,15587
872,ProductName,16204,16204,16204,16204,16204,16204,16204
873,ProductName,16206,16206,16206,16206,16206,16206,16206
874,ProductName,16379,16379,16379,16379,16379,16379,16379
875,ProductName,16380,16380,16380,16380,16380,16380,16380
876,ProductName,16381,16381,16381,16381,16381,16381,16381
877,ProductName,16384,16384,16384,16384,16384,16384,16384
878,ProductName,16385,16385,16385,16385,16385,16385,16385
879,ProductName,16564,16564,16564,16564,16564,16564,16564
880,ProductName,16565,16565,16565,16565,16565,16565,16565
881,ProductName,16750,16750,16750,16750,16750,16750,16750
882,ProductName,18137,18137,18137,18137,18137,18137,18137
883,ProductName,18141,18141,18141,18141,18141,18141,18141
884,ProductName,18730,18730,18730,18730,18730,18730,18730
885,ProductName,19308,19308,19308,19308,19308,19308,19308
886,ProductName,19311,19311,19311,19311,19311,19311,19311
887,ProductName,19312,19312,19312,19312,19312,19312,19312
888,ProductName,19313,19313,19313,19313,19313,19313,19313
889,ProductName,19315,19315,19315,19315,19315,19315,19315
890,ProductName,15185,15185,15185,15185,15185,15185,15185
891,ProductName,15170,15170,15170,15170,15170,15170,15170
892,ProductName,15188,15188,15188,15188,15188,15188,15188
893,ProductName,15179,15179,15179,15179,15179,15179,15179
894,ProductName,15198,15198,15198,15198,15198,15198,15198
895,ProductName,15217,15217,15217,15217,15217,15217,15217
896,ProductName,15199,15199,15199,15199,15199,15199,15199
897,ProductName,15218,15218,15218,15218,15218,15218,15218
898,ProductName,15196,15196,15196,15196,15196,15196,15196
899,ProductName,15215,15215,15215,15215,15215,15215,15215
900,ProductName,15184,15184,15184,15184,15184,15184,15184
901,ProductName,15183,15183,15183,15183,15183,15183,15183
902,ProductName,15197,15197,15197,15197,15197,15197,15197
903,ProductName,15216,15216,15216,15216,15216,15216,15216
904,ProductName,15192,15192,15192,15192,15192,15192,15192
905,ProductName,15211,15211,15211,15211,15211,15211,15211
906,ProductName,15194,15194,15194,15194,15194,15194,15194
907,ProductName,15213,15213,15213,15213,15213,15213,15213
908,ProductName,15176,15176,15176,15176,15176,15176,15176
0,UriHash,4A2FED73E54965D21906DD86740DDC98,4a2fed73e54965d21906dd86740ddc98,4a2fed73e54965d21906dd86740ddc98,4a2fed73e54965d21906dd86740ddc98,4a2fed73e54965d21906dd86740ddc98,4a2fed73e54965d21906dd86740ddc98,4a2fed73e54965d21906dd86740ddc98
1,UriHash,60DFAD4690689EABB3F321D6FED9E064,60dfad4690689eabb3f321d6fed9e064,60dfad4690689eabb3f321d6fed9e064,60dfad4690689eabb3f321d6fed9e064,60dfad4690689eabb3f321d6fed9e064,60dfad4690689eabb3f321d6fed9e064,60dfad4690689eabb3f321d6fed9e064
2,UriHash,32FAC07904FD6AA4D00EEED5B7BEF35B,32fac07904fd6aa4d00eeed5b7bef35b,32fac07904fd6aa4d00eeed5b7bef35b,32fac07904fd6aa4d00eeed5b7bef35b,32fac07904fd6aa4d00eeed5b7bef35b,32fac07904fd6aa4d00eeed5b7bef35b,32fac07904fd6aa4d00eeed5b7bef35b
3,UriHash,8B63EF70BB71DE6724AA55F8FDCC84AB,8b63ef70bb71de6724aa55f8fdcc84ab,8b63ef70bb71de6724aa55f8fdcc84ab,8b63ef70bb71de6724aa55f8fdcc84ab,8b63ef70bb71de6724aa55f8fdcc84ab,8b63ef70bb71de6724aa55f8fdcc84ab,8b63ef70bb71de6724aa55f8fdcc84ab
4,UriHash,F64570F95E3C63AE76D491B76D971909,f64570f95e3c63ae76d491b76d971909,f64570f95e3c63ae76d491b76d971909,f64570f95e3c63ae76d491b76d971909,f64570f95e3c63ae76d491b76d971909,f64570f95e3c63ae76d491b76d971909,f64570f95e3c63ae76d491b76d971909
5,UriHash,F2BBC04FE67B368B4B86856BAF49FE2A,f2bbc04fe67b368b4b86856baf49fe2a,f2bbc04fe67b368b4b86856baf49fe2a,f2bbc04fe67b368b4b86856baf49fe2a,f2bbc04fe67b368b4b86856baf49fe2a,f2bbc04fe67b368b4b86856baf49fe2a,f2bbc04fe67b368b4b86856baf49fe2a
6,UriHash,02FF2106A182AEE997AD54C0B0B86A5F,02ff2106a182aee997ad54c0b0b86a5f,02ff2106a182aee997ad54c0b0b86a5f,02ff2106a182aee997ad54c0b0b86a5f,02ff2106a182aee997ad54c0b0b86a5f,02ff2106a182aee997ad54c0b0b86a5f,02ff2106a182aee997ad54c0b0b86a5f
7,UriHash,0F1E87576058DAD4F850582742A410D7,0f1e87576058dad4f850582742a410d7,0f1e87576058dad4f850582742a410d7,0f1e87576058dad4f850582742a410d7,0f1e87576058dad4f850582742a410d7,0f1e87576058dad4f850582742a410d7,0f1e87576058dad4f850582742a410d7
8,UriHash,8C6A02713D8E47FBC199E1DDA64B132B,8c6a02713d8e47fbc199e1dda64b132b,8c6a02713d8e47fbc199e1dda64b132b,8c6a02713d8e47fbc199e1dda64b132b,8c6a02713d8e47fbc199e1dda64b132b,8c6a02713d8e47fbc199e1dda64b132b,8c6a02713d8e47fbc199e1dda64b132b
9,UriHash,C10610FC81FBE7EA35FB6FD0792ECA99,c10610fc81fbe7ea35fb6fd0792eca99,c10610fc81fbe7ea35fb6fd0792eca99,c10610fc81fbe7ea35fb6fd0792eca99,c10610fc81fbe7ea35fb6fd0792eca99,c10610fc81fbe7ea35fb6fd0792eca99,c10610fc81fbe7ea35fb6fd0792eca99
10,UriHash,2F86C43542A4D6D1687D879593B56381,2f86c43542a4d6d1687d879593b56381,2f86c43542a4d6d1687d879593b56381,2f86c43542a4d6d1687d879593b56381,2f86c43542a4d6d1687d879593b56381,2f86c43542a4d6d1687d879593b56381,2f86c43542a4d6d1687d879593b56381
11,UriHash,77ABA6190FC340766CA6761C35A70D01,77aba6190fc340766ca6761c35a70d01,77aba6190fc340766ca6761c35a70d01,77aba6190fc340766ca6761c35a70d01,77aba6190fc340766ca6761c35a70d01,77aba6190fc340766ca6761c35a70d01,77aba6190fc340766ca6761c35a70d01
12,UriHash,9D654067BC25646A8113139C20C55C05,9d654067bc25646a8113139c20c55c05,9d654067bc25646a8113139c20c55c05,9d654067bc25646a8113139c20c55c05,9d654067bc25646a8113139c20c55c05,9d654067bc25646a8113139c20c55c05,9d654067bc25646a8113139c20c55c05
13,UriHash,1CA93D45B346539B369574D40FF2FB17,1ca93d45b346539b369574d40ff2fb17,1ca93d45b346539b369574d40ff2fb17,1ca93d45b346539b369574d40ff2fb17,1ca93d45b346539b369574d40ff2fb17,1ca93d45b346539b369574d40ff2fb17,1ca93d45b346539b369574d40ff2fb17
14,UriHash,AF19A12A1AD26AFF03FDDDDD5834C7F8,af19a12a1ad26aff03fddddd5834c7f8,af19a12a1ad26aff03fddddd5834c7f8,af19a12a1ad26aff03fddddd5834c7f8,af19a12a1ad26aff03fddddd5834c7f8,af19a12a1ad26aff03fddddd5834c7f8,af19a12a1ad26aff03fddddd5834c7f8
15,UriHash,D010D2A9DD74DAE8FBEFA20EED973ABD,d010d2a9dd74dae8fbefa20eed973abd,d010d2a9dd74dae8fbefa20eed973abd,d010d2a9dd74dae8fbefa20eed973abd,d010d2a9dd74dae8fbefa20eed973abd,d010d2a9dd74dae8fbefa20eed973abd,d010d2a9dd74dae8fbefa20eed973abd
16,UriHash,590BDE42627744948CEFEF6335B19E8D,590bde42627744948cefef6335b19e8d,590bde42627744948cefef6335b19e8d,590bde42627744948cefef6335b19e8d,590bde42627744948cefef6335b19e8d,590bde42627744948cefef6335b19e8d,590bde42627744948cefef6335b19e8d
17,UriHash,01A2F92B21EEB53E511EEBEAB88C96BA,01a2f92b21eeb53e511eebeab88c96ba,01a2f92b21eeb53e511eebeab88c96ba,01a2f92b21eeb53e511eebeab88c96ba,01a2f92b21eeb53e511eebeab88c96ba,01a2f92b21eeb53e511eebeab88c96ba,01a2f92b21eeb53e511eebeab88c96ba
18,UriHash,E6C152BA3A9DFC04E1AAF68FD50D21EC,e6c152ba3a9dfc04e1aaf68fd50d21ec,e6c152ba3a9dfc04e1aaf68fd50d21ec,e6c152ba3a9dfc04e1aaf68fd50d21ec,e6c152ba3a9dfc04e1aaf68fd50d21ec,e6c152ba3a9dfc04e1aaf68fd50d21ec,e6c152ba3a9dfc04e1aaf68fd50d21ec
19,UriHash,D7CD213FA8EA81D67A003FDB83F5284D,d7cd213fa8ea81d67a003fdb83f5284d,d7cd213fa8ea81d67a003fdb83f5284d,d7cd213fa8ea81d67a003fdb83f5284d,d7cd213fa8ea81d67a003fdb83f5284d,d7cd213fa8ea81d67a003fdb83f5284d,d7cd213fa8ea81d67a003fdb83f5284d
20,UriHash,FF5223AE2F2508320127A52CF00DDD9B,ff5223ae2f2508320127a52cf00ddd9b,ff5223ae2f2508320127a52cf00ddd9b,ff5223ae2f2508320127a52cf00ddd9b,ff5223ae2f2508320127a52cf00ddd9b,ff5223ae2f2508320127a52cf00ddd9b,ff5223ae2f2508320127a52cf00ddd9b
21,UriHash,57BCF21D01895D2F5D75AAC394EA79AA,57bcf21d01895d2f5d75aac394ea79aa,57bcf21d01895d2f5d75aac394ea79aa,57bcf21d01895d2f5d75aac394ea79aa,57bcf21d01895d2f5d75aac394ea79aa,57bcf21d01895d2f5d75aac394ea79aa,57bcf21d01895d2f5d75aac394ea79aa
22,UriHash,E7E42DCED2B192FCF2EA7E183DD987ED,e7e42dced2b192fcf2ea7e183dd987ed,e7e42dced2b192fcf2ea7e183dd987ed,e7e42dced2b192fcf2ea7e183dd987ed,e7e42dced2b192fcf2ea7e183dd987ed,e7e42dced2b192fcf2ea7e183dd987ed,e7e42dced2b192fcf2ea7e183dd987ed
23,UriHash,AB926B14F8A13B96F69B125A129A0D20,ab926b14f8a13b96f69b125a129a0d20,ab926b14f8a13b96f69b125a129a0d20,ab926b14f8a13b96f69b125a129a0d20,ab926b14f8a13b96f69b125a129a0d20,ab926b14f8a13b96f69b125a129a0d20,ab926b14f8a13b96f69b125a129a0d20
24,UriHash,5B9587173982E22248F3BB39AF9C34FB,5b9587173982e22248f3bb39af9c34fb,5b9587173982e22248f3bb39af9c34fb,5b9587173982e22248f3bb39af9c34fb,5b9587173982e22248f3bb39af9c34fb,5b9587173982e22248f3bb39af9c34fb,5b9587173982e22248f3bb39af9c34fb
25,UriHash,F135026B3A20318FD870A933076A6527,f135026b3a20318fd870a933076a6527,f135026b3a20318fd870a933076a6527,f135026b3a20318fd870a933076a6527,f135026b3a20318fd870a933076a6527,f135026b3a20318fd870a933076a6527,f135026b3a20318fd870a933076a6527
26,UriHash,AE10CCADA4DCDD203962AE4389CA34F5,ae10ccada4dcdd203962ae4389ca34f5,ae10ccada4dcdd203962ae4389ca34f5,ae10ccada4dcdd203962ae4389ca34f5,ae10ccada4dcdd203962ae4389ca34f5,ae10ccada4dcdd203962ae4389ca34f5,ae10ccada4dcdd203962ae4389ca34f5
27,UriHash,FFA23070CD6A6903B79CB3FBCD392F74,ffa23070cd6a6903b79cb3fbcd392f74,ffa23070cd6a6903b79cb3fbcd392f74,ffa23070cd6a6903b79cb3fbcd392f74,ffa23070cd6a6903b79cb3fbcd392f74,ffa23070cd6a6903b79cb3fbcd392f74,ffa23070cd6a6903b79cb3fbcd392f74
28,UriHash,A86E92771EB7740AB9F4AD9996F0B784,a86e92771eb7740ab9f4ad9996f0b784,a86e92771eb7740ab9f4ad9996f0b784,a86e92771eb7740ab9f4ad9996f0b784,a86e92771eb7740ab9f4ad9996f0b784,a86e92771eb7740ab9f4ad9996f0b784,a86e92771eb7740ab9f4ad9996f0b784
29,UriHash,C1C639B47425B3423A10B5D3027D0BB3,c1c639b47425b3423a10b5d3027d0bb3,c1c639b47425b3423a10b5d3027d0bb3,c1c639b47425b3423a10b5d3027d0bb3,c1c639b47425b3423a10b5d3027d0bb3,c1c639b47425b3423a10b5d3027d0bb3,c1c639b47425b3423a10b5d3027d0bb3
30,UriHash,F98AFE267995694F2E970E7B243005DE,f98afe267995694f2e970e7b243005de,f98afe267995694f2e970e7b243005de,f98afe267995694f2e970e7b243005de,f98afe267995694f2e970e7b243005de,f98afe267995694f2e970e7b243005de,f98afe267995694f2e970e7b243005de
31,UriHash,0B9C8D9E289BD47E94EF9985084FE407,0b9c8d9e289bd47e94ef9985084fe407,0b9c8d9e289bd47e94ef9985084fe407,0b9c8d9e289bd47e94ef9985084fe407,0b9c8d9e289bd47e94ef9985084fe407,0b9c8d9e289bd47e94ef9985084fe407,0b9c8d9e289bd47e94ef9985084fe407
32,UriHash,D62546CD618A9282F54F4947AFC0CB51,d62546cd618a9282f54f4947afc0cb51,d62546cd618a9282f54f4947afc0cb51,d62546cd618a9282f54f4947afc0cb51,d62546cd618a9282f54f4947afc0cb51,d62546cd618a9282f54f4947afc0cb51,d62546cd618a9282f54f4947afc0cb51
33,UriHash,CA130B34C00E6B72620CDC97A8D484C9,ca130b34c00e6b72620cdc97a8d484c9,ca130b34c00e6b72620cdc97a8d484c9,ca130b34c00e6b72620cdc97a8d484c9,ca130b34c00e6b72620cdc97a8d484c9,ca130b34c00e6b72620cdc97a8d484c9,ca130b34c00e6b72620cdc97a8d484c9
34,UriHash,1F935C2D2C12DDF75A6478EEF32E87CC,1f935c2d2c12ddf75a6478eef32e87cc,1f935c2d2c12ddf75a6478eef32e87cc,1f935c2d2c12ddf75a6478eef32e87cc,1f935c2d2c12ddf75a6478eef32e87cc,1f935c2d2c12ddf75a6478eef32e87cc,1f935c2d2c12ddf75a6478eef32e87cc
35,UriHash,62E32B70E1F11A3E6C45CBC9C2B93C8A,62e32b70e1f11a3e6c45cbc9c2b93c8a,62e32b70e1f11a3e6c45cbc9c2b93c8a,62e32b70e1f11a3e6c45cbc9c2b93c8a,62e32b70e1f11a3e6c45cbc9c2b93c8a,62e32b70e1f11a3e6c45cbc9c2b93c8a,62e32b70e1f11a3e6c45cbc9c2b93c8a
36,UriHash,679FEE65BD5E82DA9A3C31BE3939671B,679fee65bd5e82da9a3c31be3939671b,679fee65bd5e82da9a3c31be3939671b,679fee65bd5e82da9a3c31be3939671b,679fee65bd5e82da9a3c31be3939671b,679fee65bd5e82da9a3c31be3939671b,679fee65bd5e82da9a3c31be3939671b
37,UriHash,736EB9260A3BF83197ED38B2C3CE92EE,736eb9260a3bf83197ed38b2c3ce92ee,736eb9260a3bf83197ed38b2c3ce92ee,736eb9260a3bf83197ed38b2c3ce92ee,736eb9260a3bf83197ed38b2c3ce92ee,736eb9260a3bf83197ed38b2c3ce92ee,736eb9260a3bf83197ed38b2c3ce92ee
38,UriHash,653D40B049B4E457C5D6C5923D2C0163,653d40b049b4e457c5d6c5923d2c0163,653d40b049b4e457c5d6c5923d2c0163,653d40b049b4e457c5d6c5923d2c0163,653d40b049b4e457c5d6c5923d2c0163,653d40b049b4e457c5d6c5923d2c0163,653d40b049b4e457c5d6c5923d2c0163
39,UriHash,7121A7F672F0E5458B09E1E449BA4B78,7121a7f672f0e5458b09e1e449ba4b78,7121a7f672f0e5458b09e1e449ba4b78,7121a7f672f0e5458b09e1e449ba4b78,7121a7f672f0e5458b09e1e449ba4b78,7121a7f672f0e5458b09e1e449ba4b78,7121a7f672f0e5458b09e1e449ba4b78
40,UriHash,97F1BFA59E9F6664FB64DB3FD5A1C4CF,97f1bfa59e9f6664fb64db3fd5a1c4cf,97f1bfa59e9f6664fb64db3fd5a1c4cf,97f1bfa59e9f6664fb64db3fd5a1c4cf,97f1bfa59e9f6664fb64db3fd5a1c4cf,97f1bfa59e9f6664fb64db3fd5a1c4cf,97f1bfa59e9f6664fb64db3fd5a1c4cf
41,UriHash,A5F8539873932CDCCDC0816C626B9B44,a5f8539873932cdccdc0816c626b9b44,a5f8539873932cdccdc0816c626b9b44,a5f8539873932cdccdc0816c626b9b44,a5f8539873932cdccdc0816c626b9b44,a5f8539873932cdccdc0816c626b9b44,a5f8539873932cdccdc0816c626b9b44
42,UriHash,2A321E71DB987FC6B67958C9BCF1DB09,2a321e71db987fc6b67958c9bcf1db09,2a321e71db987fc6b67958c9bcf1db09,2a321e71db987fc6b67958c9bcf1db09,2a321e71db987fc6b67958c9bcf1db09,2a321e71db987fc6b67958c9bcf1db09,2a321e71db987fc6b67958c9bcf1db09
43,UriHash,5596CAD176384C54422980C552122962,5596cad176384c54422980c552122962,5596cad176384c54422980c552122962,5596cad176384c54422980c552122962,5596cad176384c54422980c552122962,5596cad176384c54422980c552122962,5596cad176384c54422980c552122962
44,UriHash,04171EA74E0562ABF53330BE453487E0,04171ea74e0562abf53330be453487e0,04171ea74e0562abf53330be453487e0,04171ea74e0562abf53330be453487e0,04171ea74e0562abf53330be453487e0,04171ea74e0562abf53330be453487e0,04171ea74e0562abf53330be453487e0
45,UriHash,37C543B7F6E00FFD10D01B88854AB568,37c543b7f6e00ffd10d01b88854ab568,37c543b7f6e00ffd10d01b88854ab568,37c543b7f6e00ffd10d01b88854ab568,37c543b7f6e00ffd10d01b88854ab568,37c543b7f6e00ffd10d01b88854ab568,37c543b7f6e00ffd10d01b88854ab568
46,UriHash,71EFDAF6BC280027812A991B108B13E7,71efdaf6bc280027812a991b108b13e7,71efdaf6bc280027812a991b108b13e7,71efdaf6bc280027812a991b108b13e7,71efdaf6bc280027812a991b108b13e7,71efdaf6bc280027812a991b108b13e7,71efdaf6bc280027812a991b108b13e7
47,UriHash,21949BAF3CF8F090367C9E6505A7C23A,21949baf3cf8f090367c9e6505a7c23a,21949baf3cf8f090367c9e6505a7c23a,21949baf3cf8f090367c9e6505a7c23a,21949baf3cf8f090367c9e6505a7c23a,21949baf3cf8f090367c9e6505a7c23a,21949baf3cf8f090367c9e6505a7c23a
48,UriHash,19C78A6F43A66C8CCB7CA51FB2CD7803,19c78a6f43a66c8ccb7ca51fb2cd7803,19c78a6f43a66c8ccb7ca51fb2cd7803,19c78a6f43a66c8ccb7ca51fb2cd7803,19c78a6f43a66c8ccb7ca51fb2cd7803,19c78a6f43a66c8ccb7ca51fb2cd7803,19c78a6f43a66c8ccb7ca51fb2cd7803
49,UriHash,D18113D3C5C8A374BEF483131C303D9F,d18113d3c5c8a374bef483131c303d9f,d18113d3c5c8a374bef483131c303d9f,d18113d3c5c8a374bef483131c303d9f,d18113d3c5c8a374bef483131c303d9f,d18113d3c5c8a374bef483131c303d9f,d18113d3c5c8a374bef483131c303d9f
50,UriHash,7B3CC0C84C605173C1C8B60D3A3373F6,7b3cc0c84c605173c1c8b60d3a3373f6,7b3cc0c84c605173c1c8b60d3a3373f6,7b3cc0c84c605173c1c8b60d3a3373f6,7b3cc0c84c605173c1c8b60d3a3373f6,7b3cc0c84c605173c1c8b60d3a3373f6,7b3cc0c84c605173c1c8b60d3a3373f6
51,UriHash,34F5F72FD43713386B835A12C88E1FD5,34f5f72fd43713386b835a12c88e1fd5,34f5f72fd43713386b835a12c88e1fd5,34f5f72fd43713386b835a12c88e1fd5,34f5f72fd43713386b835a12c88e1fd5,34f5f72fd43713386b835a12c88e1fd5,34f5f72fd43713386b835a12c88e1fd5
52,UriHash,99B19B4E2CB4A020745EC44808E7A958,99b19b4e2cb4a020745ec44808e7a958,99b19b4e2cb4a020745ec44808e7a958,99b19b4e2cb4a020745ec44808e7a958,99b19b4e2cb4a020745ec44808e7a958,99b19b4e2cb4a020745ec44808e7a958,99b19b4e2cb4a020745ec44808e7a958
53,UriHash,AFED87A95957B622D7501758AEF56F69,afed87a95957b622d7501758aef56f69,afed87a95957b622d7501758aef56f69,afed87a95957b622d7501758aef56f69,afed87a95957b622d7501758aef56f69,afed87a95957b622d7501758aef56f69,afed87a95957b622d7501758aef56f69
54,UriHash,C6EFC9B6968A323EDBF72979FD06C504,c6efc9b6968a323edbf72979fd06c504,c6efc9b6968a323edbf72979fd06c504,c6efc9b6968a323edbf72979fd06c504,c6efc9b6968a323edbf72979fd06c504,c6efc9b6968a323edbf72979fd06c504,c6efc9b6968a323edbf72979fd06c504
55,UriHash,3866DDB476722CB20F22E179C84D5CB2,3866ddb476722cb20f22e179c84d5cb2,3866ddb476722cb20f22e179c84d5cb2,3866ddb476722cb20f22e179c84d5cb2,3866ddb476722cb20f22e179c84d5cb2,3866ddb476722cb20f22e179c84d5cb2,3866ddb476722cb20f22e179c84d5cb2
56,UriHash,3B48A3BC670A4CE0CCD07593AB4FABE4,3b48a3bc670a4ce0ccd07593ab4fabe4,3b48a3bc670a4ce0ccd07593ab4fabe4,3b48a3bc670a4ce0ccd07593ab4fabe4,3b48a3bc670a4ce0ccd07593ab4fabe4,3b48a3bc670a4ce0ccd07593ab4fabe4,3b48a3bc670a4ce0ccd07593ab4fabe4
57,UriHash,E08CE8F7CE925B5BAD962A2CFC0533AD,e08ce8f7ce925b5bad962a2cfc0533ad,e08ce8f7ce925b5bad962a2cfc0533ad,e08ce8f7ce925b5bad962a2cfc0533ad,e08ce8f7ce925b5bad962a2cfc0533ad,e08ce8f7ce925b5bad962a2cfc0533ad,e08ce8f7ce925b5bad962a2cfc0533ad
58,UriHash,EE044B3B309FA1162680B328FA67F2C5,ee044b3b309fa1162680b328fa67f2c5,ee044b3b309fa1162680b328fa67f2c5,ee044b3b309fa1162680b328fa67f2c5,ee044b3b309fa1162680b328fa67f2c5,ee044b3b309fa1162680b328fa67f2c5,ee044b3b309fa1162680b328fa67f2c5
59,UriHash,E8F46EDEBFD6EAC9018135ED7B2F71B1,e8f46edebfd6eac9018135ed7b2f71b1,e8f46edebfd6eac9018135ed7b2f71b1,e8f46edebfd6eac9018135ed7b2f71b1,e8f46edebfd6eac9018135ed7b2f71b1,e8f46edebfd6eac9018135ed7b2f71b1,e8f46edebfd6eac9018135ed7b2f71b1
60,UriHash,4186770A7F7EFC16DA66A0ED08051CAA,4186770a7f7efc16da66a0ed08051caa,4186770a7f7efc16da66a0ed08051caa,4186770a7f7efc16da66a0ed08051caa,4186770a7f7efc16da66a0ed08051caa,4186770a7f7efc16da66a0ed08051caa,4186770a7f7efc16da66a0ed08051caa
61,UriHash,CC1864C3DB0D1A5B16B9A405022B6637,cc1864c3db0d1a5b16b9a405022b6637,cc1864c3db0d1a5b16b9a405022b6637,cc1864c3db0d1a5b16b9a405022b6637,cc1864c3db0d1a5b16b9a405022b6637,cc1864c3db0d1a5b16b9a405022b6637,cc1864c3db0d1a5b16b9a405022b6637
62,UriHash,125F38E14487D24CCC3576D92AE5A64B,125f38e14487d24ccc3576d92ae5a64b,125f38e14487d24ccc3576d92ae5a64b,125f38e14487d24ccc3576d92ae5a64b,125f38e14487d24ccc3576d92ae5a64b,125f38e14487d24ccc3576d92ae5a64b,125f38e14487d24ccc3576d92ae5a64b
63,UriHash,CE3CFCAA65A73DBC9F98FEF03A5DF84A,ce3cfcaa65a73dbc9f98fef03a5df84a,ce3cfcaa65a73dbc9f98fef03a5df84a,ce3cfcaa65a73dbc9f98fef03a5df84a,ce3cfcaa65a73dbc9f98fef03a5df84a,ce3cfcaa65a73dbc9f98fef03a5df84a,ce3cfcaa65a73dbc9f98fef03a5df84a
64,UriHash,42AD4661B3C27C3E2295F29BF3578AC8,42ad4661b3c27c3e2295f29bf3578ac8,42ad4661b3c27c3e2295f29bf3578ac8,42ad4661b3c27c3e2295f29bf3578ac8,42ad4661b3c27c3e2295f29bf3578ac8,42ad4661b3c27c3e2295f29bf3578ac8,42ad4661b3c27c3e2295f29bf3578ac8
65,UriHash,D3E89247CAED8163D3C29979FFFDFD38,d3e89247caed8163d3c29979fffdfd38,d3e89247caed8163d3c29979fffdfd38,d3e89247caed8163d3c29979fffdfd38,d3e89247caed8163d3c29979fffdfd38,d3e89247caed8163d3c29979fffdfd38,d3e89247caed8163d3c29979fffdfd38
66,UriHash,8164AB165C0B99E76BFE6EC55555AB70,8164ab165c0b99e76bfe6ec55555ab70,8164ab165c0b99e76bfe6ec55555ab70,8164ab165c0b99e76bfe6ec55555ab70,8164ab165c0b99e76bfe6ec55555ab70,8164ab165c0b99e76bfe6ec55555ab70,8164ab165c0b99e76bfe6ec55555ab70
67,UriHash,5D57B8873C933A5372B541FFD6FEEDC2,5d57b8873c933a5372b541ffd6feedc2,5d57b8873c933a5372b541ffd6feedc2,5d57b8873c933a5372b541ffd6feedc2,5d57b8873c933a5372b541ffd6feedc2,5d57b8873c933a5372b541ffd6feedc2,5d57b8873c933a5372b541ffd6feedc2
68,UriHash,994DE98464F8633E6BDF0B5E53903D70,994de98464f8633e6bdf0b5e53903d70,994de98464f8633e6bdf0b5e53903d70,994de98464f8633e6bdf0b5e53903d70,994de98464f8633e6bdf0b5e53903d70,994de98464f8633e6bdf0b5e53903d70,994de98464f8633e6bdf0b5e53903d70
69,UriHash,D77297821079C2B78F971DBCC8E1A174,d77297821079c2b78f971dbcc8e1a174,d77297821079c2b78f971dbcc8e1a174,d77297821079c2b78f971dbcc8e1a174,d77297821079c2b78f971dbcc8e1a174,d77297821079c2b78f971dbcc8e1a174,d77297821079c2b78f971dbcc8e1a174
70,UriHash,DA61FDB3DB12F8622691F0F58DC76B10,da61fdb3db12f8622691f0f58dc76b10,da61fdb3db12f8622691f0f58dc76b10,da61fdb3db12f8622691f0f58dc76b10,da61fdb3db12f8622691f0f58dc76b10,da61fdb3db12f8622691f0f58dc76b10,da61fdb3db12f8622691f0f58dc76b10
71,UriHash,695596DCC9EB8ED35E1519932B9CC467,695596dcc9eb8ed35e1519932b9cc467,695596dcc9eb8ed35e1519932b9cc467,695596dcc9eb8ed35e1519932b9cc467,695596dcc9eb8ed35e1519932b9cc467,695596dcc9eb8ed35e1519932b9cc467,695596dcc9eb8ed35e1519932b9cc467
72,UriHash,E046BFBEFC3D3F96B54B90B029B0F188,e046bfbefc3d3f96b54b90b029b0f188,e046bfbefc3d3f96b54b90b029b0f188,e046bfbefc3d3f96b54b90b029b0f188,e046bfbefc3d3f96b54b90b029b0f188,e046bfbefc3d3f96b54b90b029b0f188,e046bfbefc3d3f96b54b90b029b0f188
73,UriHash,E256C473A2902C3C4A4F51D82EBC6F73,e256c473a2902c3c4a4f51d82ebc6f73,e256c473a2902c3c4a4f51d82ebc6f73,e256c473a2902c3c4a4f51d82ebc6f73,e256c473a2902c3c4a4f51d82ebc6f73,e256c473a2902c3c4a4f51d82ebc6f73,e256c473a2902c3c4a4f51d82ebc6f73
74,UriHash,9D8D374AA80E3C1E278089760DBD03D3,9d8d374aa80e3c1e278089760dbd03d3,9d8d374aa80e3c1e278089760dbd03d3,9d8d374aa80e3c1e278089760dbd03d3,9d8d374aa80e3c1e278089760dbd03d3,9d8d374aa80e3c1e278089760dbd03d3,9d8d374aa80e3c1e278089760dbd03d3
75,UriHash,CF9A7DA39037D93B86D8E7C2B5908387,cf9a7da39037d93b86d8e7c2b5908387,cf9a7da39037d93b86d8e7c2b5908387,cf9a7da39037d93b86d8e7c2b5908387,cf9a7da39037d93b86d8e7c2b5908387,cf9a7da39037d93b86d8e7c2b5908387,cf9a7da39037d93b86d8e7c2b5908387
76,UriHash,9957CA520BE23ACD6FAAD9E70DA64752,9957ca520be23acd6faad9e70da64752,9957ca520be23acd6faad9e70da64752,9957ca520be23acd6faad9e70da64752,9957ca520be23acd6faad9e70da64752,9957ca520be23acd6faad9e70da64752,9957ca520be23acd6faad9e70da64752
77,UriHash,973E1AB4451ED22CDC3F5BBC66CC077A,973e1ab4451ed22cdc3f5bbc66cc077a,973e1ab4451ed22cdc3f5bbc66cc077a,973e1ab4451ed22cdc3f5bbc66cc077a,973e1ab4451ed22cdc3f5bbc66cc077a,973e1ab4451ed22cdc3f5bbc66cc077a,973e1ab4451ed22cdc3f5bbc66cc077a
78,UriHash,32D242A0E39020469EB58EF47FB05DFC,32d242a0e39020469eb58ef47fb05dfc,32d242a0e39020469eb58ef47fb05dfc,32d242a0e39020469eb58ef47fb05dfc,32d242a0e39020469eb58ef47fb05dfc,32d242a0e39020469eb58ef47fb05dfc,32d242a0e39020469eb58ef47fb05dfc
79,UriHash,6D01E72C2CFF10E0E6ECD2532F7291FF,6d01e72c2cff10e0e6ecd2532f7291ff,6d01e72c2cff10e0e6ecd2532f7291ff,6d01e72c2cff10e0e6ecd2532f7291ff,6d01e72c2cff10e0e6ecd2532f7291ff,6d01e72c2cff10e0e6ecd2532f7291ff,6d01e72c2cff10e0e6ecd2532f7291ff
80,UriHash,D89ABEC142A2EE4BE802E5C6F1543317,d89abec142a2ee4be802e5c6f1543317,d89abec142a2ee4be802e5c6f1543317,d89abec142a2ee4be802e5c6f1543317,d89abec142a2ee4be802e5c6f1543317,d89abec142a2ee4be802e5c6f1543317,d89abec142a2ee4be802e5c6f1543317
81,UriHash,2C0A6B72492232BE42C02F3691FFF863,2c0a6b72492232be42c02f3691fff863,2c0a6b72492232be42c02f3691fff863,2c0a6b72492232be42c02f3691fff863,2c0a6b72492232be42c02f3691fff863,2c0a6b72492232be42c02f3691fff863,2c0a6b72492232be42c02f3691fff863
82,UriHash,36BA4BC64F6BCC20EB6BBD098E252D3A,36ba4bc64f6bcc20eb6bbd098e252d3a,36ba4bc64f6bcc20eb6bbd098e252d3a,36ba4bc64f6bcc20eb6bbd098e252d3a,36ba4bc64f6bcc20eb6bbd098e252d3a,36ba4bc64f6bcc20eb6bbd098e252d3a,36ba4bc64f6bcc20eb6bbd098e252d3a
83,UriHash,DA99A143B766DCF3A3A835268B6169B0,da99a143b766dcf3a3a835268b6169b0,da99a143b766dcf3a3a835268b6169b0,da99a143b766dcf3a3a835268b6169b0,da99a143b766dcf3a3a835268b6169b0,da99a143b766dcf3a3a835268b6169b0,da99a143b766dcf3a3a835268b6169b0
84,UriHash,CA8281A41A5F76B8C601733E76F0988A,ca8281a41a5f76b8c601733e76f0988a,ca8281a41a5f76b8c601733e76f0988a,ca8281a41a5f76b8c601733e76f0988a,ca8281a41a5f76b8c601733e76f0988a,ca8281a41a5f76b8c601733e76f0988a,ca8281a41a5f76b8c601733e76f0988a
85,UriHash,52E9DF77423C44BB9D162ABC698B7B76,52e9df77423c44bb9d162abc698b7b76,52e9df77423c44bb9d162abc698b7b76,52e9df77423c44bb9d162abc698b7b76,52e9df77423c44bb9d162abc698b7b76,52e9df77423c44bb9d162abc698b7b76,52e9df77423c44bb9d162abc698b7b76
86,UriHash,8A4EDF2C7EE7B7ACB95E32B1F932D445,8a4edf2c7ee7b7acb95e32b1f932d445,8a4edf2c7ee7b7acb95e32b1f932d445,8a4edf2c7ee7b7acb95e32b1f932d445,8a4edf2c7ee7b7acb95e32b1f932d445,8a4edf2c7ee7b7acb95e32b1f932d445,8a4edf2c7ee7b7acb95e32b1f932d445
87,UriHash,9A34AE1FFCE62F4B7BC44775DF717D03,9a34ae1ffce62f4b7bc44775df717d03,9a34ae1ffce62f4b7bc44775df717d03,9a34ae1ffce62f4b7bc44775df717d03,9a34ae1ffce62f4b7bc44775df717d03,9a34ae1ffce62f4b7bc44775df717d03,9a34ae1ffce62f4b7bc44775df717d03
88,UriHash,EB02471B156261DF053757B232A0B088,eb02471b156261df053757b232a0b088,eb02471b156261df053757b232a0b088,eb02471b156261df053757b232a0b088,eb02471b156261df053757b232a0b088,eb02471b156261df053757b232a0b088,eb02471b156261df053757b232a0b088
89,UriHash,A1BB7A7AD6B77969E16844810E964D42,a1bb7a7ad6b77969e16844810e964d42,a1bb7a7ad6b77969e16844810e964d42,a1bb7a7ad6b77969e16844810e964d42,a1bb7a7ad6b77969e16844810e964d42,a1bb7a7ad6b77969e16844810e964d42,a1bb7a7ad6b77969e16844810e964d42
90,UriHash,5102833AF30CBE6D8B8028B1966400EC,5102833af30cbe6d8b8028b1966400ec,5102833af30cbe6d8b8028b1966400ec,5102833af30cbe6d8b8028b1966400ec,5102833af30cbe6d8b8028b1966400ec,5102833af30cbe6d8b8028b1966400ec,5102833af30cbe6d8b8028b1966400ec
91,UriHash,D13E0F9E99AF0B74CA82DDFB6F5BB3B8,d13e0f9e99af0b74ca82ddfb6f5bb3b8,d13e0f9e99af0b74ca82ddfb6f5bb3b8,d13e0f9e99af0b74ca82ddfb6f5bb3b8,d13e0f9e99af0b74ca82ddfb6f5bb3b8,d13e0f9e99af0b74ca82ddfb6f5bb3b8,d13e0f9e99af0b74ca82ddfb6f5bb3b8
92,UriHash,60FEE7768DE9A3213677030AB7D8F762,60fee7768de9a3213677030ab7d8f762,60fee7768de9a3213677030ab7d8f762,60fee7768de9a3213677030ab7d8f762,60fee7768de9a3213677030ab7d8f762,60fee7768de9a3213677030ab7d8f762,60fee7768de9a3213677030ab7d8f762
93,UriHash,D3BBB2710A735AE0BE6A79FA7A1323D0,d3bbb2710a735ae0be6a79fa7a1323d0,d3bbb2710a735ae0be6a79fa7a1323d0,d3bbb2710a735ae0be6a79fa7a1323d0,d3bbb2710a735ae0be6a79fa7a1323d0,d3bbb2710a735ae0be6a79fa7a1323d0,d3bbb2710a735ae0be6a79fa7a1323d0
94,UriHash,69F56C075453A318598D8395E8DC3D28,69f56c075453a318598d8395e8dc3d28,69f56c075453a318598d8395e8dc3d28,69f56c075453a318598d8395e8dc3d28,69f56c075453a318598d8395e8dc3d28,69f56c075453a318598d8395e8dc3d28,69f56c075453a318598d8395e8dc3d28
95,UriHash,7DA675588678C502C82631E9F3F3864F,7da675588678c502c82631e9f3f3864f,7da675588678c502c82631e9f3f3864f,7da675588678c502c82631e9f3f3864f,7da675588678c502c82631e9f3f3864f,7da675588678c502c82631e9f3f3864f,7da675588678c502c82631e9f3f3864f
96,UriHash,9DF17A785CA8B2F4B20256108D979961,9df17a785ca8b2f4b20256108d979961,9df17a785ca8b2f4b20256108d979961,9df17a785ca8b2f4b20256108d979961,9df17a785ca8b2f4b20256108d979961,9df17a785ca8b2f4b20256108d979961,9df17a785ca8b2f4b20256108d979961
97,UriHash,8CF61B63FEFE07954F8DA2041015DB75,8cf61b63fefe07954f8da2041015db75,8cf61b63fefe07954f8da2041015db75,8cf61b63fefe07954f8da2041015db75,8cf61b63fefe07954f8da2041015db75,8cf61b63fefe07954f8da2041015db75,8cf61b63fefe07954f8da2041015db75
98,UriHash,B017DE72B7F3CB4BAB4362E362F83CFF,b017de72b7f3cb4bab4362e362f83cff,b017de72b7f3cb4bab4362e362f83cff,b017de72b7f3cb4bab4362e362f83cff,b017de72b7f3cb4bab4362e362f83cff,b017de72b7f3cb4bab4362e362f83cff,b017de72b7f3cb4bab4362e362f83cff
99,UriHash,A6363369D29E9B1F7EB7036198EBEF74,a6363369d29e9b1f7eb7036198ebef74,a6363369d29e9b1f7eb7036198ebef74,a6363369d29e9b1f7eb7036198ebef74,a6363369d29e9b1f7eb7036198ebef74,a6363369d29e9b1f7eb7036198ebef74,a6363369d29e9b1f7eb7036198ebef74
100,UriHash,707A24955C585CFD8E849F568F736AFE,707a24955c585cfd8e849f568f736afe,707a24955c585cfd8e849f568f736afe,707a24955c585cfd8e849f568f736afe,707a24955c585cfd8e849f568f736afe,707a24955c585cfd8e849f568f736afe,707a24955c585cfd8e849f568f736afe
101,UriHash,17BE5A7A0035536E485A7B4BAE5BD620,17be5a7a0035536e485a7b4bae5bd620,17be5a7a0035536e485a7b4bae5bd620,17be5a7a0035536e485a7b4bae5bd620,17be5a7a0035536e485a7b4bae5bd620,17be5a7a0035536e485a7b4bae5bd620,17be5a7a0035536e485a7b4bae5bd620
102,UriHash,11C1B64D900EBA58BAB967C23162C4B7,11c1b64d900eba58bab967c23162c4b7,11c1b64d900eba58bab967c23162c4b7,11c1b64d900eba58bab967c23162c4b7,11c1b64d900eba58bab967c23162c4b7,11c1b64d900eba58bab967c23162c4b7,11c1b64d900eba58bab967c23162c4b7
103,UriHash,3B0FA927F7838DA81B2571773A92C634,3b0fa927f7838da81b2571773a92c634,3b0fa927f7838da81b2571773a92c634,3b0fa927f7838da81b2571773a92c634,3b0fa927f7838da81b2571773a92c634,3b0fa927f7838da81b2571773a92c634,3b0fa927f7838da81b2571773a92c634
104,UriHash,71417B4226333B9DAC8AA0115E12FBDC,71417b4226333b9dac8aa0115e12fbdc,71417b4226333b9dac8aa0115e12fbdc,71417b4226333b9dac8aa0115e12fbdc,71417b4226333b9dac8aa0115e12fbdc,71417b4226333b9dac8aa0115e12fbdc,71417b4226333b9dac8aa0115e12fbdc
105,UriHash,57DE9D5E6D0695A1546E667EAFA5A01E,57de9d5e6d0695a1546e667eafa5a01e,57de9d5e6d0695a1546e667eafa5a01e,57de9d5e6d0695a1546e667eafa5a01e,57de9d5e6d0695a1546e667eafa5a01e,57de9d5e6d0695a1546e667eafa5a01e,57de9d5e6d0695a1546e667eafa5a01e
106,UriHash,33DB7428E3E1E2274E4AF4B8D62B61C4,33db7428e3e1e2274e4af4b8d62b61c4,33db7428e3e1e2274e4af4b8d62b61c4,33db7428e3e1e2274e4af4b8d62b61c4,33db7428e3e1e2274e4af4b8d62b61c4,33db7428e3e1e2274e4af4b8d62b61c4,33db7428e3e1e2274e4af4b8d62b61c4
107,UriHash,8CCF59BD4E2B826561487200D4882C14,8ccf59bd4e2b826561487200d4882c14,8ccf59bd4e2b826561487200d4882c14,8ccf59bd4e2b826561487200d4882c14,8ccf59bd4e2b826561487200d4882c14,8ccf59bd4e2b826561487200d4882c14,8ccf59bd4e2b826561487200d4882c14
108,UriHash,D12D32ABCD404B8536BDA8B502F25ECA,d12d32abcd404b8536bda8b502f25eca,d12d32abcd404b8536bda8b502f25eca,d12d32abcd404b8536bda8b502f25eca,d12d32abcd404b8536bda8b502f25eca,d12d32abcd404b8536bda8b502f25eca,d12d32abcd404b8536bda8b502f25eca
109,UriHash,BC33AB77312E7C058F169C71A5747D8B,bc33ab77312e7c058f169c71a5747d8b,bc33ab77312e7c058f169c71a5747d8b,bc33ab77312e7c058f169c71a5747d8b,bc33ab77312e7c058f169c71a5747d8b,bc33ab77312e7c058f169c71a5747d8b,bc33ab77312e7c058f169c71a5747d8b
110,UriHash,C47A9CAFEDE1632620711044A70E0042,c47a9cafede1632620711044a70e0042,c47a9cafede1632620711044a70e0042,c47a9cafede1632620711044a70e0042,c47a9cafede1632620711044a70e0042,c47a9cafede1632620711044a70e0042,c47a9cafede1632620711044a70e0042
111,UriHash,C91605BFDEFF5B05E34E3C11068306C8,c91605bfdeff5b05e34e3c11068306c8,c91605bfdeff5b05e34e3c11068306c8,c91605bfdeff5b05e34e3c11068306c8,c91605bfdeff5b05e34e3c11068306c8,c91605bfdeff5b05e34e3c11068306c8,c91605bfdeff5b05e34e3c11068306c8
112,UriHash,1AB8FB5FDF8F6464FB0011FC8DEDCE6D,1ab8fb5fdf8f6464fb0011fc8dedce6d,1ab8fb5fdf8f6464fb0011fc8dedce6d,1ab8fb5fdf8f6464fb0011fc8dedce6d,1ab8fb5fdf8f6464fb0011fc8dedce6d,1ab8fb5fdf8f6464fb0011fc8dedce6d,1ab8fb5fdf8f6464fb0011fc8dedce6d
113,UriHash,12BFE59BEF6CF80BA51A0738C822F50F,12bfe59bef6cf80ba51a0738c822f50f,12bfe59bef6cf80ba51a0738c822f50f,12bfe59bef6cf80ba51a0738c822f50f,12bfe59bef6cf80ba51a0738c822f50f,12bfe59bef6cf80ba51a0738c822f50f,12bfe59bef6cf80ba51a0738c822f50f
114,UriHash,626597D916C5EFA339E46E75AE27FADB,626597d916c5efa339e46e75ae27fadb,626597d916c5efa339e46e75ae27fadb,626597d916c5efa339e46e75ae27fadb,626597d916c5efa339e46e75ae27fadb,626597d916c5efa339e46e75ae27fadb,626597d916c5efa339e46e75ae27fadb
115,UriHash,0C723227823E48C5EC3A32EBB5E246E5,0c723227823e48c5ec3a32ebb5e246e5,0c723227823e48c5ec3a32ebb5e246e5,0c723227823e48c5ec3a32ebb5e246e5,0c723227823e48c5ec3a32ebb5e246e5,0c723227823e48c5ec3a32ebb5e246e5,0c723227823e48c5ec3a32ebb5e246e5
116,UriHash,103BA8B59F2363AEEDE47D51B42A1161,103ba8b59f2363aeede47d51b42a1161,103ba8b59f2363aeede47d51b42a1161,103ba8b59f2363aeede47d51b42a1161,103ba8b59f2363aeede47d51b42a1161,103ba8b59f2363aeede47d51b42a1161,103ba8b59f2363aeede47d51b42a1161
117,UriHash,4345A7CD6FAB087E605993DD80DB8DBA,4345a7cd6fab087e605993dd80db8dba,4345a7cd6fab087e605993dd80db8dba,4345a7cd6fab087e605993dd80db8dba,4345a7cd6fab087e605993dd80db8dba,4345a7cd6fab087e605993dd80db8dba,4345a7cd6fab087e605993dd80db8dba
118,UriHash,987CD2BF4A35CFFCAFD7C1BAA243D408,987cd2bf4a35cffcafd7c1baa243d408,987cd2bf4a35cffcafd7c1baa243d408,987cd2bf4a35cffcafd7c1baa243d408,987cd2bf4a35cffcafd7c1baa243d408,987cd2bf4a35cffcafd7c1baa243d408,987cd2bf4a35cffcafd7c1baa243d408
119,UriHash,73E79EAD2B2CD7AF17CCB0322A8B0FF9,73e79ead2b2cd7af17ccb0322a8b0ff9,73e79ead2b2cd7af17ccb0322a8b0ff9,73e79ead2b2cd7af17ccb0322a8b0ff9,73e79ead2b2cd7af17ccb0322a8b0ff9,73e79ead2b2cd7af17ccb0322a8b0ff9,73e79ead2b2cd7af17ccb0322a8b0ff9
120,UriHash,1D2F0214DC91184305B67BAFC32B79BF,1d2f0214dc91184305b67bafc32b79bf,1d2f0214dc91184305b67bafc32b79bf,1d2f0214dc91184305b67bafc32b79bf,1d2f0214dc91184305b67bafc32b79bf,1d2f0214dc91184305b67bafc32b79bf,1d2f0214dc91184305b67bafc32b79bf
121,UriHash,0E7B896C1C53C5BF1FDF018A9A57430D,0e7b896c1c53c5bf1fdf018a9a57430d,0e7b896c1c53c5bf1fdf018a9a57430d,0e7b896c1c53c5bf1fdf018a9a57430d,0e7b896c1c53c5bf1fdf018a9a57430d,0e7b896c1c53c5bf1fdf018a9a57430d,0e7b896c1c53c5bf1fdf018a9a57430d
122,UriHash,673FC5EC01EBDC8258AEC4A52EDE7150,673fc5ec01ebdc8258aec4a52ede7150,673fc5ec01ebdc8258aec4a52ede7150,673fc5ec01ebdc8258aec4a52ede7150,673fc5ec01ebdc8258aec4a52ede7150,673fc5ec01ebdc8258aec4a52ede7150,673fc5ec01ebdc8258aec4a52ede7150
123,UriHash,7071DDCA8CC70A3EAC7A6BEEC50FF50F,7071ddca8cc70a3eac7a6beec50ff50f,7071ddca8cc70a3eac7a6beec50ff50f,7071ddca8cc70a3eac7a6beec50ff50f,7071ddca8cc70a3eac7a6beec50ff50f,7071ddca8cc70a3eac7a6beec50ff50f,7071ddca8cc70a3eac7a6beec50ff50f
124,UriHash,EEFACD634D7942E68573CD789311F283,eefacd634d7942e68573cd789311f283,eefacd634d7942e68573cd789311f283,eefacd634d7942e68573cd789311f283,eefacd634d7942e68573cd789311f283,eefacd634d7942e68573cd789311f283,eefacd634d7942e68573cd789311f283
125,UriHash,481BA08D90F5825FD294092F35C04A52,481ba08d90f5825fd294092f35c04a52,481ba08d90f5825fd294092f35c04a52,481ba08d90f5825fd294092f35c04a52,481ba08d90f5825fd294092f35c04a52,481ba08d90f5825fd294092f35c04a52,481ba08d90f5825fd294092f35c04a52
126,UriHash,FFD5EDF46DC827CD6717A59B7765DF7C,ffd5edf46dc827cd6717a59b7765df7c,ffd5edf46dc827cd6717a59b7765df7c,ffd5edf46dc827cd6717a59b7765df7c,ffd5edf46dc827cd6717a59b7765df7c,ffd5edf46dc827cd6717a59b7765df7c,ffd5edf46dc827cd6717a59b7765df7c
127,UriHash,B4019D6B03A9DC27463BDCC07901A756,b4019d6b03a9dc27463bdcc07901a756,b4019d6b03a9dc27463bdcc07901a756,b4019d6b03a9dc27463bdcc07901a756,b4019d6b03a9dc27463bdcc07901a756,b4019d6b03a9dc27463bdcc07901a756,b4019d6b03a9dc27463bdcc07901a756
128,UriHash,F991B21D74BB6A3DA0623FD5553CA38C,f991b21d74bb6a3da0623fd5553ca38c,f991b21d74bb6a3da0623fd5553ca38c,f991b21d74bb6a3da0623fd5553ca38c,f991b21d74bb6a3da0623fd5553ca38c,f991b21d74bb6a3da0623fd5553ca38c,f991b21d74bb6a3da0623fd5553ca38c
129,UriHash,243B00ED02529F154F1C17695F98B899,243b00ed02529f154f1c17695f98b899,243b00ed02529f154f1c17695f98b899,243b00ed02529f154f1c17695f98b899,243b00ed02529f154f1c17695f98b899,243b00ed02529f154f1c17695f98b899,243b00ed02529f154f1c17695f98b899
130,UriHash,336B819312B3E106EA0CB5A3BA5ED681,336b819312b3e106ea0cb5a3ba5ed681,336b819312b3e106ea0cb5a3ba5ed681,336b819312b3e106ea0cb5a3ba5ed681,336b819312b3e106ea0cb5a3ba5ed681,336b819312b3e106ea0cb5a3ba5ed681,336b819312b3e106ea0cb5a3ba5ed681
131,UriHash,2CDD5752E20658677EDE1AB4C6D8CF4F,2cdd5752e20658677ede1ab4c6d8cf4f,2cdd5752e20658677ede1ab4c6d8cf4f,2cdd5752e20658677ede1ab4c6d8cf4f,2cdd5752e20658677ede1ab4c6d8cf4f,2cdd5752e20658677ede1ab4c6d8cf4f,2cdd5752e20658677ede1ab4c6d8cf4f
132,UriHash,E010AE780FBD146639B3D8F9F82908AA,e010ae780fbd146639b3d8f9f82908aa,e010ae780fbd146639b3d8f9f82908aa,e010ae780fbd146639b3d8f9f82908aa,e010ae780fbd146639b3d8f9f82908aa,e010ae780fbd146639b3d8f9f82908aa,e010ae780fbd146639b3d8f9f82908aa
133,UriHash,63947274E012F2FF775051361EB4FECB,63947274e012f2ff775051361eb4fecb,63947274e012f2ff775051361eb4fecb,63947274e012f2ff775051361eb4fecb,63947274e012f2ff775051361eb4fecb,63947274e012f2ff775051361eb4fecb,63947274e012f2ff775051361eb4fecb
134,UriHash,9EF19FD50FE599B9F7E7662347C45F18,9ef19fd50fe599b9f7e7662347c45f18,9ef19fd50fe599b9f7e7662347c45f18,9ef19fd50fe599b9f7e7662347c45f18,9ef19fd50fe599b9f7e7662347c45f18,9ef19fd50fe599b9f7e7662347c45f18,9ef19fd50fe599b9f7e7662347c45f18
135,UriHash,00C8DD57F6B0A512770685E0DD31760B,00c8dd57f6b0a512770685e0dd31760b,00c8dd57f6b0a512770685e0dd31760b,00c8dd57f6b0a512770685e0dd31760b,00c8dd57f6b0a512770685e0dd31760b,00c8dd57f6b0a512770685e0dd31760b,00c8dd57f6b0a512770685e0dd31760b
136,UriHash,34715CEA14072B52E17872253068ED6A,34715cea14072b52e17872253068ed6a,34715cea14072b52e17872253068ed6a,34715cea14072b52e17872253068ed6a,34715cea14072b52e17872253068ed6a,34715cea14072b52e17872253068ed6a,34715cea14072b52e17872253068ed6a
137,UriHash,A7E04B9A745546DE80BD1DF0B5DD05F5,a7e04b9a745546de80bd1df0b5dd05f5,a7e04b9a745546de80bd1df0b5dd05f5,a7e04b9a745546de80bd1df0b5dd05f5,a7e04b9a745546de80bd1df0b5dd05f5,a7e04b9a745546de80bd1df0b5dd05f5,a7e04b9a745546de80bd1df0b5dd05f5
138,UriHash,28BA66583D982B6AE0FCF5382A4531C5,28ba66583d982b6ae0fcf5382a4531c5,28ba66583d982b6ae0fcf5382a4531c5,28ba66583d982b6ae0fcf5382a4531c5,28ba66583d982b6ae0fcf5382a4531c5,28ba66583d982b6ae0fcf5382a4531c5,28ba66583d982b6ae0fcf5382a4531c5
139,UriHash,C52F23DD917D8C61C78DCF891B3AC324,c52f23dd917d8c61c78dcf891b3ac324,c52f23dd917d8c61c78dcf891b3ac324,c52f23dd917d8c61c78dcf891b3ac324,c52f23dd917d8c61c78dcf891b3ac324,c52f23dd917d8c61c78dcf891b3ac324,c52f23dd917d8c61c78dcf891b3ac324
140,UriHash,4B7650B0B1E018298BA30D9BDCE245AB,4b7650b0b1e018298ba30d9bdce245ab,4b7650b0b1e018298ba30d9bdce245ab,4b7650b0b1e018298ba30d9bdce245ab,4b7650b0b1e018298ba30d9bdce245ab,4b7650b0b1e018298ba30d9bdce245ab,4b7650b0b1e018298ba30d9bdce245ab
141,UriHash,7A18016BD934751C862228935EED1967,7a18016bd934751c862228935eed1967,7a18016bd934751c862228935eed1967,7a18016bd934751c862228935eed1967,7a18016bd934751c862228935eed1967,7a18016bd934751c862228935eed1967,7a18016bd934751c862228935eed1967
142,UriHash,4EA12A69BC1358BE959690F410627649,4ea12a69bc1358be959690f410627649,4ea12a69bc1358be959690f410627649,4ea12a69bc1358be959690f410627649,4ea12a69bc1358be959690f410627649,4ea12a69bc1358be959690f410627649,4ea12a69bc1358be959690f410627649
143,UriHash,2C8ABCD68F77AB6547E606D9A71477DC,2c8abcd68f77ab6547e606d9a71477dc,2c8abcd68f77ab6547e606d9a71477dc,2c8abcd68f77ab6547e606d9a71477dc,2c8abcd68f77ab6547e606d9a71477dc,2c8abcd68f77ab6547e606d9a71477dc,2c8abcd68f77ab6547e606d9a71477dc
144,UriHash,3108B2E2F25DEC6AEE3DA191EF52BF93,3108b2e2f25dec6aee3da191ef52bf93,3108b2e2f25dec6aee3da191ef52bf93,3108b2e2f25dec6aee3da191ef52bf93,3108b2e2f25dec6aee3da191ef52bf93,3108b2e2f25dec6aee3da191ef52bf93,3108b2e2f25dec6aee3da191ef52bf93
145,UriHash,4EAE4E0428B35844388A7113006D2282,4eae4e0428b35844388a7113006d2282,4eae4e0428b35844388a7113006d2282,4eae4e0428b35844388a7113006d2282,4eae4e0428b35844388a7113006d2282,4eae4e0428b35844388a7113006d2282,4eae4e0428b35844388a7113006d2282
146,UriHash,617F2AEF607E61BC4EA627E1A67358F1,617f2aef607e61bc4ea627e1a67358f1,617f2aef607e61bc4ea627e1a67358f1,617f2aef607e61bc4ea627e1a67358f1,617f2aef607e61bc4ea627e1a67358f1,617f2aef607e61bc4ea627e1a67358f1,617f2aef607e61bc4ea627e1a67358f1
147,UriHash,0D58C7ADF2686211E30838DCA724A8F2,0d58c7adf2686211e30838dca724a8f2,0d58c7adf2686211e30838dca724a8f2,0d58c7adf2686211e30838dca724a8f2,0d58c7adf2686211e30838dca724a8f2,0d58c7adf2686211e30838dca724a8f2,0d58c7adf2686211e30838dca724a8f2
148,UriHash,4B66D856ED0A94B0278C94F06A6D8A34,4b66d856ed0a94b0278c94f06a6d8a34,4b66d856ed0a94b0278c94f06a6d8a34,4b66d856ed0a94b0278c94f06a6d8a34,4b66d856ed0a94b0278c94f06a6d8a34,4b66d856ed0a94b0278c94f06a6d8a34,4b66d856ed0a94b0278c94f06a6d8a34
149,UriHash,8CFA8505186BD905C6583A51EC238A17,8cfa8505186bd905c6583a51ec238a17,8cfa8505186bd905c6583a51ec238a17,8cfa8505186bd905c6583a51ec238a17,8cfa8505186bd905c6583a51ec238a17,8cfa8505186bd905c6583a51ec238a17,8cfa8505186bd905c6583a51ec238a17
150,UriHash,886C4AE68111E08E574746A8FAFE5654,886c4ae68111e08e574746a8fafe5654,886c4ae68111e08e574746a8fafe5654,886c4ae68111e08e574746a8fafe5654,886c4ae68111e08e574746a8fafe5654,886c4ae68111e08e574746a8fafe5654,886c4ae68111e08e574746a8fafe5654
151,UriHash,5596DCF1C697BD8557AFE84B37591E71,5596dcf1c697bd8557afe84b37591e71,5596dcf1c697bd8557afe84b37591e71,5596dcf1c697bd8557afe84b37591e71,5596dcf1c697bd8557afe84b37591e71,5596dcf1c697bd8557afe84b37591e71,5596dcf1c697bd8557afe84b37591e71
152,UriHash,746CED29D005A059C8D35772DD0B0FDE,746ced29d005a059c8d35772dd0b0fde,746ced29d005a059c8d35772dd0b0fde,746ced29d005a059c8d35772dd0b0fde,746ced29d005a059c8d35772dd0b0fde,746ced29d005a059c8d35772dd0b0fde,746ced29d005a059c8d35772dd0b0fde
153,UriHash,68E4F9215DE7FB5D68F5C1D1EE58C00C,68e4f9215de7fb5d68f5c1d1ee58c00c,68e4f9215de7fb5d68f5c1d1ee58c00c,68e4f9215de7fb5d68f5c1d1ee58c00c,68e4f9215de7fb5d68f5c1d1ee58c00c,68e4f9215de7fb5d68f5c1d1ee58c00c,68e4f9215de7fb5d68f5c1d1ee58c00c
154,UriHash,DBFC38CA79D86512AE3FEBFE880A7B70,dbfc38ca79d86512ae3febfe880a7b70,dbfc38ca79d86512ae3febfe880a7b70,dbfc38ca79d86512ae3febfe880a7b70,dbfc38ca79d86512ae3febfe880a7b70,dbfc38ca79d86512ae3febfe880a7b70,dbfc38ca79d86512ae3febfe880a7b70
155,UriHash,2F09E3E872FE37227F7DE4BC76CC8730,2f09e3e872fe37227f7de4bc76cc8730,2f09e3e872fe37227f7de4bc76cc8730,2f09e3e872fe37227f7de4bc76cc8730,2f09e3e872fe37227f7de4bc76cc8730,2f09e3e872fe37227f7de4bc76cc8730,2f09e3e872fe37227f7de4bc76cc8730
156,UriHash,8B449102EE66E47DC452871BE67E6CD0,8b449102ee66e47dc452871be67e6cd0,8b449102ee66e47dc452871be67e6cd0,8b449102ee66e47dc452871be67e6cd0,8b449102ee66e47dc452871be67e6cd0,8b449102ee66e47dc452871be67e6cd0,8b449102ee66e47dc452871be67e6cd0
157,UriHash,479047B50F79BBBFFC09B7971B897DD7,479047b50f79bbbffc09b7971b897dd7,479047b50f79bbbffc09b7971b897dd7,479047b50f79bbbffc09b7971b897dd7,479047b50f79bbbffc09b7971b897dd7,479047b50f79bbbffc09b7971b897dd7,479047b50f79bbbffc09b7971b897dd7
158,UriHash,5F195C8A6644E7241C302BD622F23C05,5f195c8a6644e7241c302bd622f23c05,5f195c8a6644e7241c302bd622f23c05,5f195c8a6644e7241c302bd622f23c05,5f195c8a6644e7241c302bd622f23c05,5f195c8a6644e7241c302bd622f23c05,5f195c8a6644e7241c302bd622f23c05
159,UriHash,236085AF36C00FCF6A7D4C3342972288,236085af36c00fcf6a7d4c3342972288,236085af36c00fcf6a7d4c3342972288,236085af36c00fcf6a7d4c3342972288,236085af36c00fcf6a7d4c3342972288,236085af36c00fcf6a7d4c3342972288,236085af36c00fcf6a7d4c3342972288
160,UriHash,5460B36E71DA3F19942D80445648A16B,5460b36e71da3f19942d80445648a16b,5460b36e71da3f19942d80445648a16b,5460b36e71da3f19942d80445648a16b,5460b36e71da3f19942d80445648a16b,5460b36e71da3f19942d80445648a16b,5460b36e71da3f19942d80445648a16b
161,UriHash,36360E17DD06D25B0E2B34AE6D0B5551,36360e17dd06d25b0e2b34ae6d0b5551,36360e17dd06d25b0e2b34ae6d0b5551,36360e17dd06d25b0e2b34ae6d0b5551,36360e17dd06d25b0e2b34ae6d0b5551,36360e17dd06d25b0e2b34ae6d0b5551,36360e17dd06d25b0e2b34ae6d0b5551
162,UriHash,617D0E523E4C2D7AA0CB17D1FDD9BC85,617d0e523e4c2d7aa0cb17d1fdd9bc85,617d0e523e4c2d7aa0cb17d1fdd9bc85,617d0e523e4c2d7aa0cb17d1fdd9bc85,617d0e523e4c2d7aa0cb17d1fdd9bc85,617d0e523e4c2d7aa0cb17d1fdd9bc85,617d0e523e4c2d7aa0cb17d1fdd9bc85
163,UriHash,AC407FD15CE38408C4D8F2A0F7630A5F,ac407fd15ce38408c4d8f2a0f7630a5f,ac407fd15ce38408c4d8f2a0f7630a5f,ac407fd15ce38408c4d8f2a0f7630a5f,ac407fd15ce38408c4d8f2a0f7630a5f,ac407fd15ce38408c4d8f2a0f7630a5f,ac407fd15ce38408c4d8f2a0f7630a5f
164,UriHash,90D722E314943C707418EBF285AEEB9F,90d722e314943c707418ebf285aeeb9f,90d722e314943c707418ebf285aeeb9f,90d722e314943c707418ebf285aeeb9f,90d722e314943c707418ebf285aeeb9f,90d722e314943c707418ebf285aeeb9f,90d722e314943c707418ebf285aeeb9f
165,UriHash,C1972BDCBDCE651D1CFBD1E23320C6E9,c1972bdcbdce651d1cfbd1e23320c6e9,c1972bdcbdce651d1cfbd1e23320c6e9,c1972bdcbdce651d1cfbd1e23320c6e9,c1972bdcbdce651d1cfbd1e23320c6e9,c1972bdcbdce651d1cfbd1e23320c6e9,c1972bdcbdce651d1cfbd1e23320c6e9
166,UriHash,D218AB5A9EABF96AA689AE0DD34B3F64,d218ab5a9eabf96aa689ae0dd34b3f64,d218ab5a9eabf96aa689ae0dd34b3f64,d218ab5a9eabf96aa689ae0dd34b3f64,d218ab5a9eabf96aa689ae0dd34b3f64,d218ab5a9eabf96aa689ae0dd34b3f64,d218ab5a9eabf96aa689ae0dd34b3f64
167,UriHash,50B01425C3EDFDCACC532BDFFD24A136,50b01425c3edfdcacc532bdffd24a136,50b01425c3edfdcacc532bdffd24a136,50b01425c3edfdcacc532bdffd24a136,50b01425c3edfdcacc532bdffd24a136,50b01425c3edfdcacc532bdffd24a136,50b01425c3edfdcacc532bdffd24a136
168,UriHash,B498E1AF19F18EE073555FA2B22C983D,b498e1af19f18ee073555fa2b22c983d,b498e1af19f18ee073555fa2b22c983d,b498e1af19f18ee073555fa2b22c983d,b498e1af19f18ee073555fa2b22c983d,b498e1af19f18ee073555fa2b22c983d,b498e1af19f18ee073555fa2b22c983d
169,UriHash,9081340FD36C8B0584029137AEE6779D,9081340fd36c8b0584029137aee6779d,9081340fd36c8b0584029137aee6779d,9081340fd36c8b0584029137aee6779d,9081340fd36c8b0584029137aee6779d,9081340fd36c8b0584029137aee6779d,9081340fd36c8b0584029137aee6779d
170,UriHash,83713F8B4519FFFB08FDEDEF0262582F,83713f8b4519fffb08fdedef0262582f,83713f8b4519fffb08fdedef0262582f,83713f8b4519fffb08fdedef0262582f,83713f8b4519fffb08fdedef0262582f,83713f8b4519fffb08fdedef0262582f,83713f8b4519fffb08fdedef0262582f
171,UriHash,CD1A908162D5900D3CF12A501BD57A20,cd1a908162d5900d3cf12a501bd57a20,cd1a908162d5900d3cf12a501bd57a20,cd1a908162d5900d3cf12a501bd57a20,cd1a908162d5900d3cf12a501bd57a20,cd1a908162d5900d3cf12a501bd57a20,cd1a908162d5900d3cf12a501bd57a20
172,UriHash,A98FD1CF824B1FF2035FDE66F26EEEC6,a98fd1cf824b1ff2035fde66f26eeec6,a98fd1cf824b1ff2035fde66f26eeec6,a98fd1cf824b1ff2035fde66f26eeec6,a98fd1cf824b1ff2035fde66f26eeec6,a98fd1cf824b1ff2035fde66f26eeec6,a98fd1cf824b1ff2035fde66f26eeec6
173,UriHash,AC50D30C984EAF3DEE6756D1F21EE542,ac50d30c984eaf3dee6756d1f21ee542,ac50d30c984eaf3dee6756d1f21ee542,ac50d30c984eaf3dee6756d1f21ee542,ac50d30c984eaf3dee6756d1f21ee542,ac50d30c984eaf3dee6756d1f21ee542,ac50d30c984eaf3dee6756d1f21ee542
174,UriHash,8A10DDD2EBAAB7FF4E0D3C416782B5C4,8a10ddd2ebaab7ff4e0d3c416782b5c4,8a10ddd2ebaab7ff4e0d3c416782b5c4,8a10ddd2ebaab7ff4e0d3c416782b5c4,8a10ddd2ebaab7ff4e0d3c416782b5c4,8a10ddd2ebaab7ff4e0d3c416782b5c4,8a10ddd2ebaab7ff4e0d3c416782b5c4
175,UriHash,94E1A76E47F6E85F88CDDB02FC8F8B37,94e1a76e47f6e85f88cddb02fc8f8b37,94e1a76e47f6e85f88cddb02fc8f8b37,94e1a76e47f6e85f88cddb02fc8f8b37,94e1a76e47f6e85f88cddb02fc8f8b37,94e1a76e47f6e85f88cddb02fc8f8b37,94e1a76e47f6e85f88cddb02fc8f8b37
176,UriHash,813E94F9B32F185C48F7ADA9627C00DD,813e94f9b32f185c48f7ada9627c00dd,813e94f9b32f185c48f7ada9627c00dd,813e94f9b32f185c48f7ada9627c00dd,813e94f9b32f185c48f7ada9627c00dd,813e94f9b32f185c48f7ada9627c00dd,813e94f9b32f185c48f7ada9627c00dd
177,UriHash,80DE88277FD7ACDEACC393E2FB8167DE,80de88277fd7acdeacc393e2fb8167de,80de88277fd7acdeacc393e2fb8167de,80de88277fd7acdeacc393e2fb8167de,80de88277fd7acdeacc393e2fb8167de,80de88277fd7acdeacc393e2fb8167de,80de88277fd7acdeacc393e2fb8167de
178,UriHash,1C8F9248A4DB4CC580A7B342BE85E043,1c8f9248a4db4cc580a7b342be85e043,1c8f9248a4db4cc580a7b342be85e043,1c8f9248a4db4cc580a7b342be85e043,1c8f9248a4db4cc580a7b342be85e043,1c8f9248a4db4cc580a7b342be85e043,1c8f9248a4db4cc580a7b342be85e043
179,UriHash,19CA77CA74A64131262A8EA70F785186,19ca77ca74a64131262a8ea70f785186,19ca77ca74a64131262a8ea70f785186,19ca77ca74a64131262a8ea70f785186,19ca77ca74a64131262a8ea70f785186,19ca77ca74a64131262a8ea70f785186,19ca77ca74a64131262a8ea70f785186
180,UriHash,147F2208917FFA275D1A097B191369AB,147f2208917ffa275d1a097b191369ab,147f2208917ffa275d1a097b191369ab,147f2208917ffa275d1a097b191369ab,147f2208917ffa275d1a097b191369ab,147f2208917ffa275d1a097b191369ab,147f2208917ffa275d1a097b191369ab
181,UriHash,865EBFDBBCF9D1B555053B748624A48F,865ebfdbbcf9d1b555053b748624a48f,865ebfdbbcf9d1b555053b748624a48f,865ebfdbbcf9d1b555053b748624a48f,865ebfdbbcf9d1b555053b748624a48f,865ebfdbbcf9d1b555053b748624a48f,865ebfdbbcf9d1b555053b748624a48f
182,UriHash,D5EB198442956DCB61224F158C39DB6C,d5eb198442956dcb61224f158c39db6c,d5eb198442956dcb61224f158c39db6c,d5eb198442956dcb61224f158c39db6c,d5eb198442956dcb61224f158c39db6c,d5eb198442956dcb61224f158c39db6c,d5eb198442956dcb61224f158c39db6c
183,UriHash,5F4D227180F4CE7E22427FAB25FD3EBC,5f4d227180f4ce7e22427fab25fd3ebc,5f4d227180f4ce7e22427fab25fd3ebc,5f4d227180f4ce7e22427fab25fd3ebc,5f4d227180f4ce7e22427fab25fd3ebc,5f4d227180f4ce7e22427fab25fd3ebc,5f4d227180f4ce7e22427fab25fd3ebc
184,UriHash,3FFEDCF979FBA19FA0B40D078631A31D,3ffedcf979fba19fa0b40d078631a31d,3ffedcf979fba19fa0b40d078631a31d,3ffedcf979fba19fa0b40d078631a31d,3ffedcf979fba19fa0b40d078631a31d,3ffedcf979fba19fa0b40d078631a31d,3ffedcf979fba19fa0b40d078631a31d
185,UriHash,879A0D666A6B6F91D883542D637D31F9,879a0d666a6b6f91d883542d637d31f9,879a0d666a6b6f91d883542d637d31f9,879a0d666a6b6f91d883542d637d31f9,879a0d666a6b6f91d883542d637d31f9,879a0d666a6b6f91d883542d637d31f9,879a0d666a6b6f91d883542d637d31f9
186,UriHash,D5A1CEBFBC7C052C7B0217CA1594B411,d5a1cebfbc7c052c7b0217ca1594b411,d5a1cebfbc7c052c7b0217ca1594b411,d5a1cebfbc7c052c7b0217ca1594b411,d5a1cebfbc7c052c7b0217ca1594b411,d5a1cebfbc7c052c7b0217ca1594b411,d5a1cebfbc7c052c7b0217ca1594b411
187,UriHash,C856C9135D52C791DBD660DA93E9987F,c856c9135d52c791dbd660da93e9987f,c856c9135d52c791dbd660da93e9987f,c856c9135d52c791dbd660da93e9987f,c856c9135d52c791dbd660da93e9987f,c856c9135d52c791dbd660da93e9987f,c856c9135d52c791dbd660da93e9987f
188,UriHash,C7147754DAC8128A9F7A5B10D60C9C4F,c7147754dac8128a9f7a5b10d60c9c4f,c7147754dac8128a9f7a5b10d60c9c4f,c7147754dac8128a9f7a5b10d60c9c4f,c7147754dac8128a9f7a5b10d60c9c4f,c7147754dac8128a9f7a5b10d60c9c4f,c7147754dac8128a9f7a5b10d60c9c4f
189,UriHash,C09232B62FC3A24AFD25CF6E07FD4305,c09232b62fc3a24afd25cf6e07fd4305,c09232b62fc3a24afd25cf6e07fd4305,c09232b62fc3a24afd25cf6e07fd4305,c09232b62fc3a24afd25cf6e07fd4305,c09232b62fc3a24afd25cf6e07fd4305,c09232b62fc3a24afd25cf6e07fd4305
190,UriHash,653CEE708B99E1CB65FB8ECDAB3B5B88,653cee708b99e1cb65fb8ecdab3b5b88,653cee708b99e1cb65fb8ecdab3b5b88,653cee708b99e1cb65fb8ecdab3b5b88,653cee708b99e1cb65fb8ecdab3b5b88,653cee708b99e1cb65fb8ecdab3b5b88,653cee708b99e1cb65fb8ecdab3b5b88
191,UriHash,5431D4C8A0B52F9EDE73CDC941AE9730,5431d4c8a0b52f9ede73cdc941ae9730,5431d4c8a0b52f9ede73cdc941ae9730,5431d4c8a0b52f9ede73cdc941ae9730,5431d4c8a0b52f9ede73cdc941ae9730,5431d4c8a0b52f9ede73cdc941ae9730,5431d4c8a0b52f9ede73cdc941ae9730
192,UriHash,F18E091372AE1F8579682419EC46027F,f18e091372ae1f8579682419ec46027f,f18e091372ae1f8579682419ec46027f,f18e091372ae1f8579682419ec46027f,f18e091372ae1f8579682419ec46027f,f18e091372ae1f8579682419ec46027f,f18e091372ae1f8579682419ec46027f
193,UriHash,22EF17B0A4212BE0ACCB73A99BF71514,22ef17b0a4212be0accb73a99bf71514,22ef17b0a4212be0accb73a99bf71514,22ef17b0a4212be0accb73a99bf71514,22ef17b0a4212be0accb73a99bf71514,22ef17b0a4212be0accb73a99bf71514,22ef17b0a4212be0accb73a99bf71514
194,UriHash,DEAA5C5A63DA54224EB8555F7F272B0C,deaa5c5a63da54224eb8555f7f272b0c,deaa5c5a63da54224eb8555f7f272b0c,deaa5c5a63da54224eb8555f7f272b0c,deaa5c5a63da54224eb8555f7f272b0c,deaa5c5a63da54224eb8555f7f272b0c,deaa5c5a63da54224eb8555f7f272b0c
195,UriHash,89E2366E688FF8ECB7145E36C980E87C,89e2366e688ff8ecb7145e36c980e87c,89e2366e688ff8ecb7145e36c980e87c,89e2366e688ff8ecb7145e36c980e87c,89e2366e688ff8ecb7145e36c980e87c,89e2366e688ff8ecb7145e36c980e87c,89e2366e688ff8ecb7145e36c980e87c
196,UriHash,0591C8064701F77578F2E2434A660C6B,0591c8064701f77578f2e2434a660c6b,0591c8064701f77578f2e2434a660c6b,0591c8064701f77578f2e2434a660c6b,0591c8064701f77578f2e2434a660c6b,0591c8064701f77578f2e2434a660c6b,0591c8064701f77578f2e2434a660c6b
197,UriHash,4A74117637EF5F4EF3D61F6FEF3BF71C,4a74117637ef5f4ef3d61f6fef3bf71c,4a74117637ef5f4ef3d61f6fef3bf71c,4a74117637ef5f4ef3d61f6fef3bf71c,4a74117637ef5f4ef3d61f6fef3bf71c,4a74117637ef5f4ef3d61f6fef3bf71c,4a74117637ef5f4ef3d61f6fef3bf71c
198,UriHash,59B0B911A5DA22BC9C3943F9D8E8FDA2,59b0b911a5da22bc9c3943f9d8e8fda2,59b0b911a5da22bc9c3943f9d8e8fda2,59b0b911a5da22bc9c3943f9d8e8fda2,59b0b911a5da22bc9c3943f9d8e8fda2,59b0b911a5da22bc9c3943f9d8e8fda2,59b0b911a5da22bc9c3943f9d8e8fda2
199,UriHash,71802F8DEC18E05ED844788FE7DA52C7,71802f8dec18e05ed844788fe7da52c7,71802f8dec18e05ed844788fe7da52c7,71802f8dec18e05ed844788fe7da52c7,71802f8dec18e05ed844788fe7da52c7,71802f8dec18e05ed844788fe7da52c7,71802f8dec18e05ed844788fe7da52c7
200,UriHash,CC473B42EA2CB37456401F37B121B4EF,cc473b42ea2cb37456401f37b121b4ef,cc473b42ea2cb37456401f37b121b4ef,cc473b42ea2cb37456401f37b121b4ef,cc473b42ea2cb37456401f37b121b4ef,cc473b42ea2cb37456401f37b121b4ef,cc473b42ea2cb37456401f37b121b4ef
201,UriHash,0D5DE629187E41C3DD2C1CD1CCCA4221,0d5de629187e41c3dd2c1cd1ccca4221,0d5de629187e41c3dd2c1cd1ccca4221,0d5de629187e41c3dd2c1cd1ccca4221,0d5de629187e41c3dd2c1cd1ccca4221,0d5de629187e41c3dd2c1cd1ccca4221,0d5de629187e41c3dd2c1cd1ccca4221
202,UriHash,060E5DF9F819CFF4014374D4CEA4F21A,060e5df9f819cff4014374d4cea4f21a,060e5df9f819cff4014374d4cea4f21a,060e5df9f819cff4014374d4cea4f21a,060e5df9f819cff4014374d4cea4f21a,060e5df9f819cff4014374d4cea4f21a,060e5df9f819cff4014374d4cea4f21a
203,UriHash,AB1ECC74F05DFCF3BE14B17F42226DF6,ab1ecc74f05dfcf3be14b17f42226df6,ab1ecc74f05dfcf3be14b17f42226df6,ab1ecc74f05dfcf3be14b17f42226df6,ab1ecc74f05dfcf3be14b17f42226df6,ab1ecc74f05dfcf3be14b17f42226df6,ab1ecc74f05dfcf3be14b17f42226df6
204,UriHash,1ECA531628A028A2D8923E09A51634FA,1eca531628a028a2d8923e09a51634fa,1eca531628a028a2d8923e09a51634fa,1eca531628a028a2d8923e09a51634fa,1eca531628a028a2d8923e09a51634fa,1eca531628a028a2d8923e09a51634fa,1eca531628a028a2d8923e09a51634fa
205,UriHash,C41B7B528743C85047EED3EA50B6D90C,c41b7b528743c85047eed3ea50b6d90c,c41b7b528743c85047eed3ea50b6d90c,c41b7b528743c85047eed3ea50b6d90c,c41b7b528743c85047eed3ea50b6d90c,c41b7b528743c85047eed3ea50b6d90c,c41b7b528743c85047eed3ea50b6d90c
206,UriHash,688307B06179A4ADBE1AE0004AF5548B,688307b06179a4adbe1ae0004af5548b,688307b06179a4adbe1ae0004af5548b,688307b06179a4adbe1ae0004af5548b,688307b06179a4adbe1ae0004af5548b,688307b06179a4adbe1ae0004af5548b,688307b06179a4adbe1ae0004af5548b
207,UriHash,898B1F61A79F00D8E725601A443C810A,898b1f61a79f00d8e725601a443c810a,898b1f61a79f00d8e725601a443c810a,898b1f61a79f00d8e725601a443c810a,898b1f61a79f00d8e725601a443c810a,898b1f61a79f00d8e725601a443c810a,898b1f61a79f00d8e725601a443c810a
208,UriHash,A124A3CD30D91F536CC5E292655E59DC,a124a3cd30d91f536cc5e292655e59dc,a124a3cd30d91f536cc5e292655e59dc,a124a3cd30d91f536cc5e292655e59dc,a124a3cd30d91f536cc5e292655e59dc,a124a3cd30d91f536cc5e292655e59dc,a124a3cd30d91f536cc5e292655e59dc
209,UriHash,1C4FEB2B1C7E59782EF2E4EC02411195,1c4feb2b1c7e59782ef2e4ec02411195,1c4feb2b1c7e59782ef2e4ec02411195,1c4feb2b1c7e59782ef2e4ec02411195,1c4feb2b1c7e59782ef2e4ec02411195,1c4feb2b1c7e59782ef2e4ec02411195,1c4feb2b1c7e59782ef2e4ec02411195
210,UriHash,A6E36272D8C6EA115B6AA8846B0C82F1,a6e36272d8c6ea115b6aa8846b0c82f1,a6e36272d8c6ea115b6aa8846b0c82f1,a6e36272d8c6ea115b6aa8846b0c82f1,a6e36272d8c6ea115b6aa8846b0c82f1,a6e36272d8c6ea115b6aa8846b0c82f1,a6e36272d8c6ea115b6aa8846b0c82f1
211,UriHash,52B9C09AF1678177D895B80FA127515C,52b9c09af1678177d895b80fa127515c,52b9c09af1678177d895b80fa127515c,52b9c09af1678177d895b80fa127515c,52b9c09af1678177d895b80fa127515c,52b9c09af1678177d895b80fa127515c,52b9c09af1678177d895b80fa127515c
212,UriHash,7F25510ADD1149C72CB56DCA2656D713,7f25510add1149c72cb56dca2656d713,7f25510add1149c72cb56dca2656d713,7f25510add1149c72cb56dca2656d713,7f25510add1149c72cb56dca2656d713,7f25510add1149c72cb56dca2656d713,7f25510add1149c72cb56dca2656d713
213,UriHash,8C969421D91C7D057B28A708F5D3D3F6,8c969421d91c7d057b28a708f5d3d3f6,8c969421d91c7d057b28a708f5d3d3f6,8c969421d91c7d057b28a708f5d3d3f6,8c969421d91c7d057b28a708f5d3d3f6,8c969421d91c7d057b28a708f5d3d3f6,8c969421d91c7d057b28a708f5d3d3f6
214,UriHash,9D156630DABCE4B98D042016F986CA01,9d156630dabce4b98d042016f986ca01,9d156630dabce4b98d042016f986ca01,9d156630dabce4b98d042016f986ca01,9d156630dabce4b98d042016f986ca01,9d156630dabce4b98d042016f986ca01,9d156630dabce4b98d042016f986ca01
215,UriHash,8BFDEFC855ACEE4F525A711B94C94B7C,8bfdefc855acee4f525a711b94c94b7c,8bfdefc855acee4f525a711b94c94b7c,8bfdefc855acee4f525a711b94c94b7c,8bfdefc855acee4f525a711b94c94b7c,8bfdefc855acee4f525a711b94c94b7c,8bfdefc855acee4f525a711b94c94b7c
216,UriHash,94B3B4E25170E707CBE79CC4BB8BC60D,94b3b4e25170e707cbe79cc4bb8bc60d,94b3b4e25170e707cbe79cc4bb8bc60d,94b3b4e25170e707cbe79cc4bb8bc60d,94b3b4e25170e707cbe79cc4bb8bc60d,94b3b4e25170e707cbe79cc4bb8bc60d,94b3b4e25170e707cbe79cc4bb8bc60d
217,UriHash,1809B2E0E4CBEF79EE2481BF12956D83,1809b2e0e4cbef79ee2481bf12956d83,1809b2e0e4cbef79ee2481bf12956d83,1809b2e0e4cbef79ee2481bf12956d83,1809b2e0e4cbef79ee2481bf12956d83,1809b2e0e4cbef79ee2481bf12956d83,1809b2e0e4cbef79ee2481bf12956d83
218,UriHash,6F05276D91322E76AE2B52BA0D316995,6f05276d91322e76ae2b52ba0d316995,6f05276d91322e76ae2b52ba0d316995,6f05276d91322e76ae2b52ba0d316995,6f05276d91322e76ae2b52ba0d316995,6f05276d91322e76ae2b52ba0d316995,6f05276d91322e76ae2b52ba0d316995
219,UriHash,3F5992F5F20F5FE8C686B093E074F379,3f5992f5f20f5fe8c686b093e074f379,3f5992f5f20f5fe8c686b093e074f379,3f5992f5f20f5fe8c686b093e074f379,3f5992f5f20f5fe8c686b093e074f379,3f5992f5f20f5fe8c686b093e074f379,3f5992f5f20f5fe8c686b093e074f379
220,UriHash,00B9BB8365D3DD0CD88DF2EE02EF25A9,00b9bb8365d3dd0cd88df2ee02ef25a9,00b9bb8365d3dd0cd88df2ee02ef25a9,00b9bb8365d3dd0cd88df2ee02ef25a9,00b9bb8365d3dd0cd88df2ee02ef25a9,00b9bb8365d3dd0cd88df2ee02ef25a9,00b9bb8365d3dd0cd88df2ee02ef25a9
221,UriHash,C39234DEC320BB5DECB211D06B28B288,c39234dec320bb5decb211d06b28b288,c39234dec320bb5decb211d06b28b288,c39234dec320bb5decb211d06b28b288,c39234dec320bb5decb211d06b28b288,c39234dec320bb5decb211d06b28b288,c39234dec320bb5decb211d06b28b288
222,UriHash,AC1C63B116CDAEC17D12750511AD8D5F,ac1c63b116cdaec17d12750511ad8d5f,ac1c63b116cdaec17d12750511ad8d5f,ac1c63b116cdaec17d12750511ad8d5f,ac1c63b116cdaec17d12750511ad8d5f,ac1c63b116cdaec17d12750511ad8d5f,ac1c63b116cdaec17d12750511ad8d5f
223,UriHash,9CDF41E3ECF0D4C606403D9BFCE4869D,9cdf41e3ecf0d4c606403d9bfce4869d,9cdf41e3ecf0d4c606403d9bfce4869d,9cdf41e3ecf0d4c606403d9bfce4869d,9cdf41e3ecf0d4c606403d9bfce4869d,9cdf41e3ecf0d4c606403d9bfce4869d,9cdf41e3ecf0d4c606403d9bfce4869d
224,UriHash,EBF4B1AA5E3C7C67C3D891C029CD0E2A,ebf4b1aa5e3c7c67c3d891c029cd0e2a,ebf4b1aa5e3c7c67c3d891c029cd0e2a,ebf4b1aa5e3c7c67c3d891c029cd0e2a,ebf4b1aa5e3c7c67c3d891c029cd0e2a,ebf4b1aa5e3c7c67c3d891c029cd0e2a,ebf4b1aa5e3c7c67c3d891c029cd0e2a
225,UriHash,4CDFCDB039F6BE78F8EC0007D66EB38F,4cdfcdb039f6be78f8ec0007d66eb38f,4cdfcdb039f6be78f8ec0007d66eb38f,4cdfcdb039f6be78f8ec0007d66eb38f,4cdfcdb039f6be78f8ec0007d66eb38f,4cdfcdb039f6be78f8ec0007d66eb38f,4cdfcdb039f6be78f8ec0007d66eb38f
226,UriHash,96C57187A9BADDA3413E4DB63324ACFF,96c57187a9badda3413e4db63324acff,96c57187a9badda3413e4db63324acff,96c57187a9badda3413e4db63324acff,96c57187a9badda3413e4db63324acff,96c57187a9badda3413e4db63324acff,96c57187a9badda3413e4db63324acff
227,UriHash,B71D5D01FAF29F551B6A37BAFC797D38,b71d5d01faf29f551b6a37bafc797d38,b71d5d01faf29f551b6a37bafc797d38,b71d5d01faf29f551b6a37bafc797d38,b71d5d01faf29f551b6a37bafc797d38,b71d5d01faf29f551b6a37bafc797d38,b71d5d01faf29f551b6a37bafc797d38
228,UriHash,18B2472CD6F601F22904940D2C15895C,18b2472cd6f601f22904940d2c15895c,18b2472cd6f601f22904940d2c15895c,18b2472cd6f601f22904940d2c15895c,18b2472cd6f601f22904940d2c15895c,18b2472cd6f601f22904940d2c15895c,18b2472cd6f601f22904940d2c15895c
229,UriHash,E428B6744CB7C49C914384036A88C053,e428b6744cb7c49c914384036a88c053,e428b6744cb7c49c914384036a88c053,e428b6744cb7c49c914384036a88c053,e428b6744cb7c49c914384036a88c053,e428b6744cb7c49c914384036a88c053,e428b6744cb7c49c914384036a88c053
230,UriHash,6E307C91E70B224F3500025C8BD20FE5,6e307c91e70b224f3500025c8bd20fe5,6e307c91e70b224f3500025c8bd20fe5,6e307c91e70b224f3500025c8bd20fe5,6e307c91e70b224f3500025c8bd20fe5,6e307c91e70b224f3500025c8bd20fe5,6e307c91e70b224f3500025c8bd20fe5
231,UriHash,A0C856E34E0628BD81620DD1F2E5ACF4,a0c856e34e0628bd81620dd1f2e5acf4,a0c856e34e0628bd81620dd1f2e5acf4,a0c856e34e0628bd81620dd1f2e5acf4,a0c856e34e0628bd81620dd1f2e5acf4,a0c856e34e0628bd81620dd1f2e5acf4,a0c856e34e0628bd81620dd1f2e5acf4
232,UriHash,63FC3B19BA88FA81324D773F01832815,63fc3b19ba88fa81324d773f01832815,63fc3b19ba88fa81324d773f01832815,63fc3b19ba88fa81324d773f01832815,63fc3b19ba88fa81324d773f01832815,63fc3b19ba88fa81324d773f01832815,63fc3b19ba88fa81324d773f01832815
233,UriHash,C8EFB3D8E5C96653E494C51C08B3A704,c8efb3d8e5c96653e494c51c08b3a704,c8efb3d8e5c96653e494c51c08b3a704,c8efb3d8e5c96653e494c51c08b3a704,c8efb3d8e5c96653e494c51c08b3a704,c8efb3d8e5c96653e494c51c08b3a704,c8efb3d8e5c96653e494c51c08b3a704
234,UriHash,56453C1918BD6977568C265A8B4EA61E,56453c1918bd6977568c265a8b4ea61e,56453c1918bd6977568c265a8b4ea61e,56453c1918bd6977568c265a8b4ea61e,56453c1918bd6977568c265a8b4ea61e,56453c1918bd6977568c265a8b4ea61e,56453c1918bd6977568c265a8b4ea61e
235,UriHash,0DF61EBF6F02B8E5C70F6E3CEE1F8894,0df61ebf6f02b8e5c70f6e3cee1f8894,0df61ebf6f02b8e5c70f6e3cee1f8894,0df61ebf6f02b8e5c70f6e3cee1f8894,0df61ebf6f02b8e5c70f6e3cee1f8894,0df61ebf6f02b8e5c70f6e3cee1f8894,0df61ebf6f02b8e5c70f6e3cee1f8894
236,UriHash,82D18356D252C4F0E2FC252236327D6E,82d18356d252c4f0e2fc252236327d6e,82d18356d252c4f0e2fc252236327d6e,82d18356d252c4f0e2fc252236327d6e,82d18356d252c4f0e2fc252236327d6e,82d18356d252c4f0e2fc252236327d6e,82d18356d252c4f0e2fc252236327d6e
237,UriHash,2ACBC8C80A289704EE448E478BF561E8,2acbc8c80a289704ee448e478bf561e8,2acbc8c80a289704ee448e478bf561e8,2acbc8c80a289704ee448e478bf561e8,2acbc8c80a289704ee448e478bf561e8,2acbc8c80a289704ee448e478bf561e8,2acbc8c80a289704ee448e478bf561e8
238,UriHash,6545E372AB6D7F27983D6F3A78C3E89C,6545e372ab6d7f27983d6f3a78c3e89c,6545e372ab6d7f27983d6f3a78c3e89c,6545e372ab6d7f27983d6f3a78c3e89c,6545e372ab6d7f27983d6f3a78c3e89c,6545e372ab6d7f27983d6f3a78c3e89c,6545e372ab6d7f27983d6f3a78c3e89c
239,UriHash,B443AFABBF72906ABFFD64FC5C789374,b443afabbf72906abffd64fc5c789374,b443afabbf72906abffd64fc5c789374,b443afabbf72906abffd64fc5c789374,b443afabbf72906abffd64fc5c789374,b443afabbf72906abffd64fc5c789374,b443afabbf72906abffd64fc5c789374
240,UriHash,DB5669221CEB374874B51D9BDE5BE43B,db5669221ceb374874b51d9bde5be43b,db5669221ceb374874b51d9bde5be43b,db5669221ceb374874b51d9bde5be43b,db5669221ceb374874b51d9bde5be43b,db5669221ceb374874b51d9bde5be43b,db5669221ceb374874b51d9bde5be43b
241,UriHash,461E154776DF8D431DE958B0193C197A,461e154776df8d431de958b0193c197a,461e154776df8d431de958b0193c197a,461e154776df8d431de958b0193c197a,461e154776df8d431de958b0193c197a,461e154776df8d431de958b0193c197a,461e154776df8d431de958b0193c197a
242,UriHash,05C14D7BB32D18D9333ED51B43407591,05c14d7bb32d18d9333ed51b43407591,05c14d7bb32d18d9333ed51b43407591,05c14d7bb32d18d9333ed51b43407591,05c14d7bb32d18d9333ed51b43407591,05c14d7bb32d18d9333ed51b43407591,05c14d7bb32d18d9333ed51b43407591
243,UriHash,5D4EE1E1FC1EBF808003FE4BF5A05486,5d4ee1e1fc1ebf808003fe4bf5a05486,5d4ee1e1fc1ebf808003fe4bf5a05486,5d4ee1e1fc1ebf808003fe4bf5a05486,5d4ee1e1fc1ebf808003fe4bf5a05486,5d4ee1e1fc1ebf808003fe4bf5a05486,5d4ee1e1fc1ebf808003fe4bf5a05486
244,UriHash,CF0DD22E74EA1AFE257720511C4A1B2A,cf0dd22e74ea1afe257720511c4a1b2a,cf0dd22e74ea1afe257720511c4a1b2a,cf0dd22e74ea1afe257720511c4a1b2a,cf0dd22e74ea1afe257720511c4a1b2a,cf0dd22e74ea1afe257720511c4a1b2a,cf0dd22e74ea1afe257720511c4a1b2a
245,UriHash,4969D2F92BCB3A8E1EE254168F0FDCCC,4969d2f92bcb3a8e1ee254168f0fdccc,4969d2f92bcb3a8e1ee254168f0fdccc,4969d2f92bcb3a8e1ee254168f0fdccc,4969d2f92bcb3a8e1ee254168f0fdccc,4969d2f92bcb3a8e1ee254168f0fdccc,4969d2f92bcb3a8e1ee254168f0fdccc
246,UriHash,2740987341D79B5BF1C881518064000D,2740987341d79b5bf1c881518064000d,2740987341d79b5bf1c881518064000d,2740987341d79b5bf1c881518064000d,2740987341d79b5bf1c881518064000d,2740987341d79b5bf1c881518064000d,2740987341d79b5bf1c881518064000d
247,UriHash,D0DABBD1AA4BF74C034DC02D44E7F7F1,d0dabbd1aa4bf74c034dc02d44e7f7f1,d0dabbd1aa4bf74c034dc02d44e7f7f1,d0dabbd1aa4bf74c034dc02d44e7f7f1,d0dabbd1aa4bf74c034dc02d44e7f7f1,d0dabbd1aa4bf74c034dc02d44e7f7f1,d0dabbd1aa4bf74c034dc02d44e7f7f1
248,UriHash,CECE1F9D180AC833CE1A6CA4B6AA3B62,cece1f9d180ac833ce1a6ca4b6aa3b62,cece1f9d180ac833ce1a6ca4b6aa3b62,cece1f9d180ac833ce1a6ca4b6aa3b62,cece1f9d180ac833ce1a6ca4b6aa3b62,cece1f9d180ac833ce1a6ca4b6aa3b62,cece1f9d180ac833ce1a6ca4b6aa3b62
249,UriHash,F261869CC57FA0E6B3084FF1F313A7F7,f261869cc57fa0e6b3084ff1f313a7f7,f261869cc57fa0e6b3084ff1f313a7f7,f261869cc57fa0e6b3084ff1f313a7f7,f261869cc57fa0e6b3084ff1f313a7f7,f261869cc57fa0e6b3084ff1f313a7f7,f261869cc57fa0e6b3084ff1f313a7f7
250,UriHash,099B612521E8EBA6E671D1FBDF7DE170,099b612521e8eba6e671d1fbdf7de170,099b612521e8eba6e671d1fbdf7de170,099b612521e8eba6e671d1fbdf7de170,099b612521e8eba6e671d1fbdf7de170,099b612521e8eba6e671d1fbdf7de170,099b612521e8eba6e671d1fbdf7de170
251,UriHash,CC80700713E116EF9F29AC44269D0D12,cc80700713e116ef9f29ac44269d0d12,cc80700713e116ef9f29ac44269d0d12,cc80700713e116ef9f29ac44269d0d12,cc80700713e116ef9f29ac44269d0d12,cc80700713e116ef9f29ac44269d0d12,cc80700713e116ef9f29ac44269d0d12
252,UriHash,41B362A29DA0240ED8412AE0EDBEF194,41b362a29da0240ed8412ae0edbef194,41b362a29da0240ed8412ae0edbef194,41b362a29da0240ed8412ae0edbef194,41b362a29da0240ed8412ae0edbef194,41b362a29da0240ed8412ae0edbef194,41b362a29da0240ed8412ae0edbef194
253,UriHash,B05151ECD40B3C58B18531EB767CDA03,b05151ecd40b3c58b18531eb767cda03,b05151ecd40b3c58b18531eb767cda03,b05151ecd40b3c58b18531eb767cda03,b05151ecd40b3c58b18531eb767cda03,b05151ecd40b3c58b18531eb767cda03,b05151ecd40b3c58b18531eb767cda03
254,UriHash,8DFB4DD84389BB05E6B84E4FF4E3BBB0,8dfb4dd84389bb05e6b84e4ff4e3bbb0,8dfb4dd84389bb05e6b84e4ff4e3bbb0,8dfb4dd84389bb05e6b84e4ff4e3bbb0,8dfb4dd84389bb05e6b84e4ff4e3bbb0,8dfb4dd84389bb05e6b84e4ff4e3bbb0,8dfb4dd84389bb05e6b84e4ff4e3bbb0
255,UriHash,D11DC79834590D9692CA8406D636526E,d11dc79834590d9692ca8406d636526e,d11dc79834590d9692ca8406d636526e,d11dc79834590d9692ca8406d636526e,d11dc79834590d9692ca8406d636526e,d11dc79834590d9692ca8406d636526e,d11dc79834590d9692ca8406d636526e
256,UriHash,9A33809E3574028B96CAB045DCDEBCB1,9a33809e3574028b96cab045dcdebcb1,9a33809e3574028b96cab045dcdebcb1,9a33809e3574028b96cab045dcdebcb1,9a33809e3574028b96cab045dcdebcb1,9a33809e3574028b96cab045dcdebcb1,9a33809e3574028b96cab045dcdebcb1
257,UriHash,328C7455C0C4AAC95CC420143C1716F2,328c7455c0c4aac95cc420143c1716f2,328c7455c0c4aac95cc420143c1716f2,328c7455c0c4aac95cc420143c1716f2,328c7455c0c4aac95cc420143c1716f2,328c7455c0c4aac95cc420143c1716f2,328c7455c0c4aac95cc420143c1716f2
258,UriHash,06472B36B696AB3C2FE67778FA0A8C9C,06472b36b696ab3c2fe67778fa0a8c9c,06472b36b696ab3c2fe67778fa0a8c9c,06472b36b696ab3c2fe67778fa0a8c9c,06472b36b696ab3c2fe67778fa0a8c9c,06472b36b696ab3c2fe67778fa0a8c9c,06472b36b696ab3c2fe67778fa0a8c9c
259,UriHash,4E968B12CABDC0EE0950EB44B379D2EC,4e968b12cabdc0ee0950eb44b379d2ec,4e968b12cabdc0ee0950eb44b379d2ec,4e968b12cabdc0ee0950eb44b379d2ec,4e968b12cabdc0ee0950eb44b379d2ec,4e968b12cabdc0ee0950eb44b379d2ec,4e968b12cabdc0ee0950eb44b379d2ec
260,UriHash,17E750BE366A8398A77E4BDB1D184592,17e750be366a8398a77e4bdb1d184592,17e750be366a8398a77e4bdb1d184592,17e750be366a8398a77e4bdb1d184592,17e750be366a8398a77e4bdb1d184592,17e750be366a8398a77e4bdb1d184592,17e750be366a8398a77e4bdb1d184592
261,UriHash,7FE2CB3F662D855AFC52BDE8B8C72BCD,7fe2cb3f662d855afc52bde8b8c72bcd,7fe2cb3f662d855afc52bde8b8c72bcd,7fe2cb3f662d855afc52bde8b8c72bcd,7fe2cb3f662d855afc52bde8b8c72bcd,7fe2cb3f662d855afc52bde8b8c72bcd,7fe2cb3f662d855afc52bde8b8c72bcd
262,UriHash,B8A641B69D2592D3C28A10760925CA19,b8a641b69d2592d3c28a10760925ca19,b8a641b69d2592d3c28a10760925ca19,b8a641b69d2592d3c28a10760925ca19,b8a641b69d2592d3c28a10760925ca19,b8a641b69d2592d3c28a10760925ca19,b8a641b69d2592d3c28a10760925ca19
263,UriHash,BA64E1503867CFCF60E3F2D21FB3B3C9,ba64e1503867cfcf60e3f2d21fb3b3c9,ba64e1503867cfcf60e3f2d21fb3b3c9,ba64e1503867cfcf60e3f2d21fb3b3c9,ba64e1503867cfcf60e3f2d21fb3b3c9,ba64e1503867cfcf60e3f2d21fb3b3c9,ba64e1503867cfcf60e3f2d21fb3b3c9
264,UriHash,755120292ADA75B4F2D24E3DC6E82B6E,755120292ada75b4f2d24e3dc6e82b6e,755120292ada75b4f2d24e3dc6e82b6e,755120292ada75b4f2d24e3dc6e82b6e,755120292ada75b4f2d24e3dc6e82b6e,755120292ada75b4f2d24e3dc6e82b6e,755120292ada75b4f2d24e3dc6e82b6e
265,UriHash,6AFCDAED46ABA2EEAF766EE3371FD578,6afcdaed46aba2eeaf766ee3371fd578,6afcdaed46aba2eeaf766ee3371fd578,6afcdaed46aba2eeaf766ee3371fd578,6afcdaed46aba2eeaf766ee3371fd578,6afcdaed46aba2eeaf766ee3371fd578,6afcdaed46aba2eeaf766ee3371fd578
266,UriHash,17F3C9116725CC93D0F3BC189F0F05DE,17f3c9116725cc93d0f3bc189f0f05de,17f3c9116725cc93d0f3bc189f0f05de,17f3c9116725cc93d0f3bc189f0f05de,17f3c9116725cc93d0f3bc189f0f05de,17f3c9116725cc93d0f3bc189f0f05de,17f3c9116725cc93d0f3bc189f0f05de
267,UriHash,DF998D1602819C682F54A4B195FE1772,df998d1602819c682f54a4b195fe1772,df998d1602819c682f54a4b195fe1772,df998d1602819c682f54a4b195fe1772,df998d1602819c682f54a4b195fe1772,df998d1602819c682f54a4b195fe1772,df998d1602819c682f54a4b195fe1772
268,UriHash,F06128B0DE9E6E4E468920342AEF149C,f06128b0de9e6e4e468920342aef149c,f06128b0de9e6e4e468920342aef149c,f06128b0de9e6e4e468920342aef149c,f06128b0de9e6e4e468920342aef149c,f06128b0de9e6e4e468920342aef149c,f06128b0de9e6e4e468920342aef149c
269,UriHash,0D08A785188789152EACF698C15597D6,0d08a785188789152eacf698c15597d6,0d08a785188789152eacf698c15597d6,0d08a785188789152eacf698c15597d6,0d08a785188789152eacf698c15597d6,0d08a785188789152eacf698c15597d6,0d08a785188789152eacf698c15597d6
270,UriHash,D86FC27F5D66492BA71036D26C919369,d86fc27f5d66492ba71036d26c919369,d86fc27f5d66492ba71036d26c919369,d86fc27f5d66492ba71036d26c919369,d86fc27f5d66492ba71036d26c919369,d86fc27f5d66492ba71036d26c919369,d86fc27f5d66492ba71036d26c919369
271,UriHash,1C8EFFFD26DA991B28B125931B8F3518,1c8efffd26da991b28b125931b8f3518,1c8efffd26da991b28b125931b8f3518,1c8efffd26da991b28b125931b8f3518,1c8efffd26da991b28b125931b8f3518,1c8efffd26da991b28b125931b8f3518,1c8efffd26da991b28b125931b8f3518
272,UriHash,40E2A7AA6226CFC905FDA74104A55297,40e2a7aa6226cfc905fda74104a55297,40e2a7aa6226cfc905fda74104a55297,40e2a7aa6226cfc905fda74104a55297,40e2a7aa6226cfc905fda74104a55297,40e2a7aa6226cfc905fda74104a55297,40e2a7aa6226cfc905fda74104a55297
273,UriHash,3B5EB6A707EEDD445928380DDBCFFB39,3b5eb6a707eedd445928380ddbcffb39,3b5eb6a707eedd445928380ddbcffb39,3b5eb6a707eedd445928380ddbcffb39,3b5eb6a707eedd445928380ddbcffb39,3b5eb6a707eedd445928380ddbcffb39,3b5eb6a707eedd445928380ddbcffb39
274,UriHash,82BCAC0972A696D0FFDDA3D9BB5C2A05,82bcac0972a696d0ffdda3d9bb5c2a05,82bcac0972a696d0ffdda3d9bb5c2a05,82bcac0972a696d0ffdda3d9bb5c2a05,82bcac0972a696d0ffdda3d9bb5c2a05,82bcac0972a696d0ffdda3d9bb5c2a05,82bcac0972a696d0ffdda3d9bb5c2a05
275,UriHash,B5BD9D9BA7470F2CC76F777B924C93D1,b5bd9d9ba7470f2cc76f777b924c93d1,b5bd9d9ba7470f2cc76f777b924c93d1,b5bd9d9ba7470f2cc76f777b924c93d1,b5bd9d9ba7470f2cc76f777b924c93d1,b5bd9d9ba7470f2cc76f777b924c93d1,b5bd9d9ba7470f2cc76f777b924c93d1
276,UriHash,973AD1E820DB8138A938AFB90270E657,973ad1e820db8138a938afb90270e657,973ad1e820db8138a938afb90270e657,973ad1e820db8138a938afb90270e657,973ad1e820db8138a938afb90270e657,973ad1e820db8138a938afb90270e657,973ad1e820db8138a938afb90270e657
277,UriHash,6F7F4C8112B7722AB8E37509B79589C5,6f7f4c8112b7722ab8e37509b79589c5,6f7f4c8112b7722ab8e37509b79589c5,6f7f4c8112b7722ab8e37509b79589c5,6f7f4c8112b7722ab8e37509b79589c5,6f7f4c8112b7722ab8e37509b79589c5,6f7f4c8112b7722ab8e37509b79589c5
278,UriHash,07A96D488AA4C5C07349ED3A367E9717,07a96d488aa4c5c07349ed3a367e9717,07a96d488aa4c5c07349ed3a367e9717,07a96d488aa4c5c07349ed3a367e9717,07a96d488aa4c5c07349ed3a367e9717,07a96d488aa4c5c07349ed3a367e9717,07a96d488aa4c5c07349ed3a367e9717
279,UriHash,D725A17F188C2EB81D2FED06CF416C6A,d725a17f188c2eb81d2fed06cf416c6a,d725a17f188c2eb81d2fed06cf416c6a,d725a17f188c2eb81d2fed06cf416c6a,d725a17f188c2eb81d2fed06cf416c6a,d725a17f188c2eb81d2fed06cf416c6a,d725a17f188c2eb81d2fed06cf416c6a
280,UriHash,20F2CFCFECC191C528C305E4AE66702D,20f2cfcfecc191c528c305e4ae66702d,20f2cfcfecc191c528c305e4ae66702d,20f2cfcfecc191c528c305e4ae66702d,20f2cfcfecc191c528c305e4ae66702d,20f2cfcfecc191c528c305e4ae66702d,20f2cfcfecc191c528c305e4ae66702d
281,UriHash,4ED6B6363BE73743E775543061A0F8C9,4ed6b6363be73743e775543061a0f8c9,4ed6b6363be73743e775543061a0f8c9,4ed6b6363be73743e775543061a0f8c9,4ed6b6363be73743e775543061a0f8c9,4ed6b6363be73743e775543061a0f8c9,4ed6b6363be73743e775543061a0f8c9
282,UriHash,CA2D1069FB9C18572BB8D314BA06A28E,ca2d1069fb9c18572bb8d314ba06a28e,ca2d1069fb9c18572bb8d314ba06a28e,ca2d1069fb9c18572bb8d314ba06a28e,ca2d1069fb9c18572bb8d314ba06a28e,ca2d1069fb9c18572bb8d314ba06a28e,ca2d1069fb9c18572bb8d314ba06a28e
283,UriHash,9BED2BBC7B63AB731C60EC2D0C28B603,9bed2bbc7b63ab731c60ec2d0c28b603,9bed2bbc7b63ab731c60ec2d0c28b603,9bed2bbc7b63ab731c60ec2d0c28b603,9bed2bbc7b63ab731c60ec2d0c28b603,9bed2bbc7b63ab731c60ec2d0c28b603,9bed2bbc7b63ab731c60ec2d0c28b603
284,UriHash,F61D3B22E605300F55962E73C3A3CACA,f61d3b22e605300f55962e73c3a3caca,f61d3b22e605300f55962e73c3a3caca,f61d3b22e605300f55962e73c3a3caca,f61d3b22e605300f55962e73c3a3caca,f61d3b22e605300f55962e73c3a3caca,f61d3b22e605300f55962e73c3a3caca
285,UriHash,B34C3F28CFC88FF247F85BAE9C5B1E6C,b34c3f28cfc88ff247f85bae9c5b1e6c,b34c3f28cfc88ff247f85bae9c5b1e6c,b34c3f28cfc88ff247f85bae9c5b1e6c,b34c3f28cfc88ff247f85bae9c5b1e6c,b34c3f28cfc88ff247f85bae9c5b1e6c,b34c3f28cfc88ff247f85bae9c5b1e6c
286,UriHash,95821C2A5659883E92F56D4946809FB6,95821c2a5659883e92f56d4946809fb6,95821c2a5659883e92f56d4946809fb6,95821c2a5659883e92f56d4946809fb6,95821c2a5659883e92f56d4946809fb6,95821c2a5659883e92f56d4946809fb6,95821c2a5659883e92f56d4946809fb6
287,UriHash,F8947A623FF05C95E3674EA2469017B4,f8947a623ff05c95e3674ea2469017b4,f8947a623ff05c95e3674ea2469017b4,f8947a623ff05c95e3674ea2469017b4,f8947a623ff05c95e3674ea2469017b4,f8947a623ff05c95e3674ea2469017b4,f8947a623ff05c95e3674ea2469017b4
288,UriHash,C4E188378F8E472EA01A9838DD5A2D29,c4e188378f8e472ea01a9838dd5a2d29,c4e188378f8e472ea01a9838dd5a2d29,c4e188378f8e472ea01a9838dd5a2d29,c4e188378f8e472ea01a9838dd5a2d29,c4e188378f8e472ea01a9838dd5a2d29,c4e188378f8e472ea01a9838dd5a2d29
289,UriHash,1D4D1FDFB96F199A27C48E963346E98B,1d4d1fdfb96f199a27c48e963346e98b,1d4d1fdfb96f199a27c48e963346e98b,1d4d1fdfb96f199a27c48e963346e98b,1d4d1fdfb96f199a27c48e963346e98b,1d4d1fdfb96f199a27c48e963346e98b,1d4d1fdfb96f199a27c48e963346e98b
290,UriHash,134AEBE9DC26DD7034CAE845619C509B,134aebe9dc26dd7034cae845619c509b,134aebe9dc26dd7034cae845619c509b,134aebe9dc26dd7034cae845619c509b,134aebe9dc26dd7034cae845619c509b,134aebe9dc26dd7034cae845619c509b,134aebe9dc26dd7034cae845619c509b
291,UriHash,37F0397AD0AE7BCD1CB233ADEC4B2C78,37f0397ad0ae7bcd1cb233adec4b2c78,37f0397ad0ae7bcd1cb233adec4b2c78,37f0397ad0ae7bcd1cb233adec4b2c78,37f0397ad0ae7bcd1cb233adec4b2c78,37f0397ad0ae7bcd1cb233adec4b2c78,37f0397ad0ae7bcd1cb233adec4b2c78
292,UriHash,2315EC8C266C10922DA3938B1E2AA287,2315ec8c266c10922da3938b1e2aa287,2315ec8c266c10922da3938b1e2aa287,2315ec8c266c10922da3938b1e2aa287,2315ec8c266c10922da3938b1e2aa287,2315ec8c266c10922da3938b1e2aa287,2315ec8c266c10922da3938b1e2aa287
293,UriHash,268DFC56FD4CCDCCDBF1062AFC97E59E,268dfc56fd4ccdccdbf1062afc97e59e,268dfc56fd4ccdccdbf1062afc97e59e,268dfc56fd4ccdccdbf1062afc97e59e,268dfc56fd4ccdccdbf1062afc97e59e,268dfc56fd4ccdccdbf1062afc97e59e,268dfc56fd4ccdccdbf1062afc97e59e
294,UriHash,AC061C732D2C3A59435D2E2DCC307E70,ac061c732d2c3a59435d2e2dcc307e70,ac061c732d2c3a59435d2e2dcc307e70,ac061c732d2c3a59435d2e2dcc307e70,ac061c732d2c3a59435d2e2dcc307e70,ac061c732d2c3a59435d2e2dcc307e70,ac061c732d2c3a59435d2e2dcc307e70
295,UriHash,0C52BACC9EBC7333BC5B684CF5A5E269,0c52bacc9ebc7333bc5b684cf5a5e269,0c52bacc9ebc7333bc5b684cf5a5e269,0c52bacc9ebc7333bc5b684cf5a5e269,0c52bacc9ebc7333bc5b684cf5a5e269,0c52bacc9ebc7333bc5b684cf5a5e269,0c52bacc9ebc7333bc5b684cf5a5e269
296,UriHash,2612E2E555BE4DA14C2AB4629E377F4D,2612e2e555be4da14c2ab4629e377f4d,2612e2e555be4da14c2ab4629e377f4d,2612e2e555be4da14c2ab4629e377f4d,2612e2e555be4da14c2ab4629e377f4d,2612e2e555be4da14c2ab4629e377f4d,2612e2e555be4da14c2ab4629e377f4d
297,UriHash,BAD6C9CE413F0E13378188B177086BFC,bad6c9ce413f0e13378188b177086bfc,bad6c9ce413f0e13378188b177086bfc,bad6c9ce413f0e13378188b177086bfc,bad6c9ce413f0e13378188b177086bfc,bad6c9ce413f0e13378188b177086bfc,bad6c9ce413f0e13378188b177086bfc
298,UriHash,75745F8E53B794B1F6C93148D828827F,75745f8e53b794b1f6c93148d828827f,75745f8e53b794b1f6c93148d828827f,75745f8e53b794b1f6c93148d828827f,75745f8e53b794b1f6c93148d828827f,75745f8e53b794b1f6c93148d828827f,75745f8e53b794b1f6c93148d828827f
299,UriHash,2F75FEAE9D5138B1BB41543AE8FE3A49,2f75feae9d5138b1bb41543ae8fe3a49,2f75feae9d5138b1bb41543ae8fe3a49,2f75feae9d5138b1bb41543ae8fe3a49,2f75feae9d5138b1bb41543ae8fe3a49,2f75feae9d5138b1bb41543ae8fe3a49,2f75feae9d5138b1bb41543ae8fe3a49
300,UriHash,0C1B7D05FC99175501D9402B6F8C1826,0c1b7d05fc99175501d9402b6f8c1826,0c1b7d05fc99175501d9402b6f8c1826,0c1b7d05fc99175501d9402b6f8c1826,0c1b7d05fc99175501d9402b6f8c1826,0c1b7d05fc99175501d9402b6f8c1826,0c1b7d05fc99175501d9402b6f8c1826
301,UriHash,1DAD6C208E56D31B06D1FF8FDC0F4385,1dad6c208e56d31b06d1ff8fdc0f4385,1dad6c208e56d31b06d1ff8fdc0f4385,1dad6c208e56d31b06d1ff8fdc0f4385,1dad6c208e56d31b06d1ff8fdc0f4385,1dad6c208e56d31b06d1ff8fdc0f4385,1dad6c208e56d31b06d1ff8fdc0f4385
302,UriHash,FE0BC2417F7D032A6C3933D9C5DBC7DB,fe0bc2417f7d032a6c3933d9c5dbc7db,fe0bc2417f7d032a6c3933d9c5dbc7db,fe0bc2417f7d032a6c3933d9c5dbc7db,fe0bc2417f7d032a6c3933d9c5dbc7db,fe0bc2417f7d032a6c3933d9c5dbc7db,fe0bc2417f7d032a6c3933d9c5dbc7db
303,UriHash,D0D01CAA70ED7FF3B68A52F6E462C056,d0d01caa70ed7ff3b68a52f6e462c056,d0d01caa70ed7ff3b68a52f6e462c056,d0d01caa70ed7ff3b68a52f6e462c056,d0d01caa70ed7ff3b68a52f6e462c056,d0d01caa70ed7ff3b68a52f6e462c056,d0d01caa70ed7ff3b68a52f6e462c056
304,UriHash,3893332A82A7399C250E2DB38CA91AE0,3893332a82a7399c250e2db38ca91ae0,3893332a82a7399c250e2db38ca91ae0,3893332a82a7399c250e2db38ca91ae0,3893332a82a7399c250e2db38ca91ae0,3893332a82a7399c250e2db38ca91ae0,3893332a82a7399c250e2db38ca91ae0
305,UriHash,5A792BA06857DD38E75EE326D19A70FF,5a792ba06857dd38e75ee326d19a70ff,5a792ba06857dd38e75ee326d19a70ff,5a792ba06857dd38e75ee326d19a70ff,5a792ba06857dd38e75ee326d19a70ff,5a792ba06857dd38e75ee326d19a70ff,5a792ba06857dd38e75ee326d19a70ff
306,UriHash,DFB146307643BFB937ADA3A44068CBFC,dfb146307643bfb937ada3a44068cbfc,dfb146307643bfb937ada3a44068cbfc,dfb146307643bfb937ada3a44068cbfc,dfb146307643bfb937ada3a44068cbfc,dfb146307643bfb937ada3a44068cbfc,dfb146307643bfb937ada3a44068cbfc
307,UriHash,744D7F3DF71E29E4D5346A9416DD0085,744d7f3df71e29e4d5346a9416dd0085,744d7f3df71e29e4d5346a9416dd0085,744d7f3df71e29e4d5346a9416dd0085,744d7f3df71e29e4d5346a9416dd0085,744d7f3df71e29e4d5346a9416dd0085,744d7f3df71e29e4d5346a9416dd0085
308,UriHash,92AE79565998066CBF54BB4B448B66D4,92ae79565998066cbf54bb4b448b66d4,92ae79565998066cbf54bb4b448b66d4,92ae79565998066cbf54bb4b448b66d4,92ae79565998066cbf54bb4b448b66d4,92ae79565998066cbf54bb4b448b66d4,92ae79565998066cbf54bb4b448b66d4
309,UriHash,82D380607B4371612E0BEFF7B52BA207,82d380607b4371612e0beff7b52ba207,82d380607b4371612e0beff7b52ba207,82d380607b4371612e0beff7b52ba207,82d380607b4371612e0beff7b52ba207,82d380607b4371612e0beff7b52ba207,82d380607b4371612e0beff7b52ba207
310,UriHash,A5E967C20B591AED907118D748326D42,a5e967c20b591aed907118d748326d42,a5e967c20b591aed907118d748326d42,a5e967c20b591aed907118d748326d42,a5e967c20b591aed907118d748326d42,a5e967c20b591aed907118d748326d42,a5e967c20b591aed907118d748326d42
311,UriHash,76B0277B9760A2B80F41580261C8DF2A,76b0277b9760a2b80f41580261c8df2a,76b0277b9760a2b80f41580261c8df2a,76b0277b9760a2b80f41580261c8df2a,76b0277b9760a2b80f41580261c8df2a,76b0277b9760a2b80f41580261c8df2a,76b0277b9760a2b80f41580261c8df2a
312,UriHash,AB480D4A9BA31A59949734F938DDC69C,ab480d4a9ba31a59949734f938ddc69c,ab480d4a9ba31a59949734f938ddc69c,ab480d4a9ba31a59949734f938ddc69c,ab480d4a9ba31a59949734f938ddc69c,ab480d4a9ba31a59949734f938ddc69c,ab480d4a9ba31a59949734f938ddc69c
313,UriHash,8660D12BE736F211EBC0A9767486570F,8660d12be736f211ebc0a9767486570f,8660d12be736f211ebc0a9767486570f,8660d12be736f211ebc0a9767486570f,8660d12be736f211ebc0a9767486570f,8660d12be736f211ebc0a9767486570f,8660d12be736f211ebc0a9767486570f
314,UriHash,8CA439BB5FE246A13CBEB9ACEAEE8068,8ca439bb5fe246a13cbeb9aceaee8068,8ca439bb5fe246a13cbeb9aceaee8068,8ca439bb5fe246a13cbeb9aceaee8068,8ca439bb5fe246a13cbeb9aceaee8068,8ca439bb5fe246a13cbeb9aceaee8068,8ca439bb5fe246a13cbeb9aceaee8068
315,UriHash,823FC26399186E1FC7B4ADE31301A18D,823fc26399186e1fc7b4ade31301a18d,823fc26399186e1fc7b4ade31301a18d,823fc26399186e1fc7b4ade31301a18d,823fc26399186e1fc7b4ade31301a18d,823fc26399186e1fc7b4ade31301a18d,823fc26399186e1fc7b4ade31301a18d
316,UriHash,F3930FEAD1CAD8DD8EBB7DD7D456183D,f3930fead1cad8dd8ebb7dd7d456183d,f3930fead1cad8dd8ebb7dd7d456183d,f3930fead1cad8dd8ebb7dd7d456183d,f3930fead1cad8dd8ebb7dd7d456183d,f3930fead1cad8dd8ebb7dd7d456183d,f3930fead1cad8dd8ebb7dd7d456183d
317,UriHash,2CF538097EEF0021CF02463DA974121E,2cf538097eef0021cf02463da974121e,2cf538097eef0021cf02463da974121e,2cf538097eef0021cf02463da974121e,2cf538097eef0021cf02463da974121e,2cf538097eef0021cf02463da974121e,2cf538097eef0021cf02463da974121e
318,UriHash,14846BEE86BC394003DA66AB4AAD56B2,14846bee86bc394003da66ab4aad56b2,14846bee86bc394003da66ab4aad56b2,14846bee86bc394003da66ab4aad56b2,14846bee86bc394003da66ab4aad56b2,14846bee86bc394003da66ab4aad56b2,14846bee86bc394003da66ab4aad56b2
319,UriHash,843F7C25914857A6EE7FA1029AAE67C6,843f7c25914857a6ee7fa1029aae67c6,843f7c25914857a6ee7fa1029aae67c6,843f7c25914857a6ee7fa1029aae67c6,843f7c25914857a6ee7fa1029aae67c6,843f7c25914857a6ee7fa1029aae67c6,843f7c25914857a6ee7fa1029aae67c6
320,UriHash,A4FB87A8D0A62255A65BD1CCC389563C,a4fb87a8d0a62255a65bd1ccc389563c,a4fb87a8d0a62255a65bd1ccc389563c,a4fb87a8d0a62255a65bd1ccc389563c,a4fb87a8d0a62255a65bd1ccc389563c,a4fb87a8d0a62255a65bd1ccc389563c,a4fb87a8d0a62255a65bd1ccc389563c
321,UriHash,5638796CB6DCBA777A1C6A29376DF540,5638796cb6dcba777a1c6a29376df540,5638796cb6dcba777a1c6a29376df540,5638796cb6dcba777a1c6a29376df540,5638796cb6dcba777a1c6a29376df540,5638796cb6dcba777a1c6a29376df540,5638796cb6dcba777a1c6a29376df540
322,UriHash,88641C0614346B2207AC5005CEC503A4,88641c0614346b2207ac5005cec503a4,88641c0614346b2207ac5005cec503a4,88641c0614346b2207ac5005cec503a4,88641c0614346b2207ac5005cec503a4,88641c0614346b2207ac5005cec503a4,88641c0614346b2207ac5005cec503a4
323,UriHash,0AF66C5352CF611E6B5B97E93C7EB237,0af66c5352cf611e6b5b97e93c7eb237,0af66c5352cf611e6b5b97e93c7eb237,0af66c5352cf611e6b5b97e93c7eb237,0af66c5352cf611e6b5b97e93c7eb237,0af66c5352cf611e6b5b97e93c7eb237,0af66c5352cf611e6b5b97e93c7eb237
324,UriHash,B11535981B5AC726B1D465DC66B1F130,b11535981b5ac726b1d465dc66b1f130,b11535981b5ac726b1d465dc66b1f130,b11535981b5ac726b1d465dc66b1f130,b11535981b5ac726b1d465dc66b1f130,b11535981b5ac726b1d465dc66b1f130,b11535981b5ac726b1d465dc66b1f130
325,UriHash,6B88279743E61689E0E3EF38ED0A269B,6b88279743e61689e0e3ef38ed0a269b,6b88279743e61689e0e3ef38ed0a269b,6b88279743e61689e0e3ef38ed0a269b,6b88279743e61689e0e3ef38ed0a269b,6b88279743e61689e0e3ef38ed0a269b,6b88279743e61689e0e3ef38ed0a269b
326,UriHash,EF12AD6C40846AA960384BEF33A8081F,ef12ad6c40846aa960384bef33a8081f,ef12ad6c40846aa960384bef33a8081f,ef12ad6c40846aa960384bef33a8081f,ef12ad6c40846aa960384bef33a8081f,ef12ad6c40846aa960384bef33a8081f,ef12ad6c40846aa960384bef33a8081f
327,UriHash,FA0C9AFC50FFA17ED9E9554237D379E7,fa0c9afc50ffa17ed9e9554237d379e7,fa0c9afc50ffa17ed9e9554237d379e7,fa0c9afc50ffa17ed9e9554237d379e7,fa0c9afc50ffa17ed9e9554237d379e7,fa0c9afc50ffa17ed9e9554237d379e7,fa0c9afc50ffa17ed9e9554237d379e7
328,UriHash,EFFBC3D17904AF3BFFB56623B6EA0EC7,effbc3d17904af3bffb56623b6ea0ec7,effbc3d17904af3bffb56623b6ea0ec7,effbc3d17904af3bffb56623b6ea0ec7,effbc3d17904af3bffb56623b6ea0ec7,effbc3d17904af3bffb56623b6ea0ec7,effbc3d17904af3bffb56623b6ea0ec7
329,UriHash,5942AB8DD17794BA2083EC04B2C64677,5942ab8dd17794ba2083ec04b2c64677,5942ab8dd17794ba2083ec04b2c64677,5942ab8dd17794ba2083ec04b2c64677,5942ab8dd17794ba2083ec04b2c64677,5942ab8dd17794ba2083ec04b2c64677,5942ab8dd17794ba2083ec04b2c64677
330,UriHash,0DDF006E8E7FEC252DC8E551849580D5,0ddf006e8e7fec252dc8e551849580d5,0ddf006e8e7fec252dc8e551849580d5,0ddf006e8e7fec252dc8e551849580d5,0ddf006e8e7fec252dc8e551849580d5,0ddf006e8e7fec252dc8e551849580d5,0ddf006e8e7fec252dc8e551849580d5
331,UriHash,FCDEB03E0A863529184892BD9B6F3FDA,fcdeb03e0a863529184892bd9b6f3fda,fcdeb03e0a863529184892bd9b6f3fda,fcdeb03e0a863529184892bd9b6f3fda,fcdeb03e0a863529184892bd9b6f3fda,fcdeb03e0a863529184892bd9b6f3fda,fcdeb03e0a863529184892bd9b6f3fda
332,UriHash,B39F5DD26954273C9E46DA28865B94F0,b39f5dd26954273c9e46da28865b94f0,b39f5dd26954273c9e46da28865b94f0,b39f5dd26954273c9e46da28865b94f0,b39f5dd26954273c9e46da28865b94f0,b39f5dd26954273c9e46da28865b94f0,b39f5dd26954273c9e46da28865b94f0
333,UriHash,57E1592EB8EA8403F9F6809E737C5B5E,57e1592eb8ea8403f9f6809e737c5b5e,57e1592eb8ea8403f9f6809e737c5b5e,57e1592eb8ea8403f9f6809e737c5b5e,57e1592eb8ea8403f9f6809e737c5b5e,57e1592eb8ea8403f9f6809e737c5b5e,57e1592eb8ea8403f9f6809e737c5b5e
334,UriHash,08B7BBB4C62401433B28453848C3F917,08b7bbb4c62401433b28453848c3f917,08b7bbb4c62401433b28453848c3f917,08b7bbb4c62401433b28453848c3f917,08b7bbb4c62401433b28453848c3f917,08b7bbb4c62401433b28453848c3f917,08b7bbb4c62401433b28453848c3f917
335,UriHash,420549BD0F8E20D92DCB41F3FEFAAF6F,420549bd0f8e20d92dcb41f3fefaaf6f,420549bd0f8e20d92dcb41f3fefaaf6f,420549bd0f8e20d92dcb41f3fefaaf6f,420549bd0f8e20d92dcb41f3fefaaf6f,420549bd0f8e20d92dcb41f3fefaaf6f,420549bd0f8e20d92dcb41f3fefaaf6f
336,UriHash,2857F2C53C24C97E93280D1D58F25ACA,2857f2c53c24c97e93280d1d58f25aca,2857f2c53c24c97e93280d1d58f25aca,2857f2c53c24c97e93280d1d58f25aca,2857f2c53c24c97e93280d1d58f25aca,2857f2c53c24c97e93280d1d58f25aca,2857f2c53c24c97e93280d1d58f25aca
337,UriHash,14F13CDCEDC9683045981AE865D41960,14f13cdcedc9683045981ae865d41960,14f13cdcedc9683045981ae865d41960,14f13cdcedc9683045981ae865d41960,14f13cdcedc9683045981ae865d41960,14f13cdcedc9683045981ae865d41960,14f13cdcedc9683045981ae865d41960
338,UriHash,AA7236B4FC0D8E2B1039B116A7BA8C2E,aa7236b4fc0d8e2b1039b116a7ba8c2e,aa7236b4fc0d8e2b1039b116a7ba8c2e,aa7236b4fc0d8e2b1039b116a7ba8c2e,aa7236b4fc0d8e2b1039b116a7ba8c2e,aa7236b4fc0d8e2b1039b116a7ba8c2e,aa7236b4fc0d8e2b1039b116a7ba8c2e
339,UriHash,EF1A3A1A7272C6C5711E2E98E8F90827,ef1a3a1a7272c6c5711e2e98e8f90827,ef1a3a1a7272c6c5711e2e98e8f90827,ef1a3a1a7272c6c5711e2e98e8f90827,ef1a3a1a7272c6c5711e2e98e8f90827,ef1a3a1a7272c6c5711e2e98e8f90827,ef1a3a1a7272c6c5711e2e98e8f90827
340,UriHash,65464AB89739719C09367A7E2494E28C,65464ab89739719c09367a7e2494e28c,65464ab89739719c09367a7e2494e28c,65464ab89739719c09367a7e2494e28c,65464ab89739719c09367a7e2494e28c,65464ab89739719c09367a7e2494e28c,65464ab89739719c09367a7e2494e28c
341,UriHash,8E4962573616C8E48B92582C789E0F69,8e4962573616c8e48b92582c789e0f69,8e4962573616c8e48b92582c789e0f69,8e4962573616c8e48b92582c789e0f69,8e4962573616c8e48b92582c789e0f69,8e4962573616c8e48b92582c789e0f69,8e4962573616c8e48b92582c789e0f69
342,UriHash,4EB18B0D5A3F2692A9A3EB0A49ABA668,4eb18b0d5a3f2692a9a3eb0a49aba668,4eb18b0d5a3f2692a9a3eb0a49aba668,4eb18b0d5a3f2692a9a3eb0a49aba668,4eb18b0d5a3f2692a9a3eb0a49aba668,4eb18b0d5a3f2692a9a3eb0a49aba668,4eb18b0d5a3f2692a9a3eb0a49aba668
343,UriHash,6C70D6B423CE6F269EEE73DE31112F5D,6c70d6b423ce6f269eee73de31112f5d,6c70d6b423ce6f269eee73de31112f5d,6c70d6b423ce6f269eee73de31112f5d,6c70d6b423ce6f269eee73de31112f5d,6c70d6b423ce6f269eee73de31112f5d,6c70d6b423ce6f269eee73de31112f5d
344,UriHash,7229E2836C689CF8870E6B38CD3BD730,7229e2836c689cf8870e6b38cd3bd730,7229e2836c689cf8870e6b38cd3bd730,7229e2836c689cf8870e6b38cd3bd730,7229e2836c689cf8870e6b38cd3bd730,7229e2836c689cf8870e6b38cd3bd730,7229e2836c689cf8870e6b38cd3bd730
345,UriHash,21851E2F3818BD63AA7BF5E8EDB7B05B,21851e2f3818bd63aa7bf5e8edb7b05b,21851e2f3818bd63aa7bf5e8edb7b05b,21851e2f3818bd63aa7bf5e8edb7b05b,21851e2f3818bd63aa7bf5e8edb7b05b,21851e2f3818bd63aa7bf5e8edb7b05b,21851e2f3818bd63aa7bf5e8edb7b05b
346,UriHash,B45D1208EA69E773C0D4229444983970,b45d1208ea69e773c0d4229444983970,b45d1208ea69e773c0d4229444983970,b45d1208ea69e773c0d4229444983970,b45d1208ea69e773c0d4229444983970,b45d1208ea69e773c0d4229444983970,b45d1208ea69e773c0d4229444983970
347,UriHash,D8ABF799F660E2BD22267F7137A763FA,d8abf799f660e2bd22267f7137a763fa,d8abf799f660e2bd22267f7137a763fa,d8abf799f660e2bd22267f7137a763fa,d8abf799f660e2bd22267f7137a763fa,d8abf799f660e2bd22267f7137a763fa,d8abf799f660e2bd22267f7137a763fa
348,UriHash,0C4634F995610FF3A4B53DCD2C073B34,0c4634f995610ff3a4b53dcd2c073b34,0c4634f995610ff3a4b53dcd2c073b34,0c4634f995610ff3a4b53dcd2c073b34,0c4634f995610ff3a4b53dcd2c073b34,0c4634f995610ff3a4b53dcd2c073b34,0c4634f995610ff3a4b53dcd2c073b34
349,UriHash,AEBB5C951E9FB2BCA5C56324FB7B302D,aebb5c951e9fb2bca5c56324fb7b302d,aebb5c951e9fb2bca5c56324fb7b302d,aebb5c951e9fb2bca5c56324fb7b302d,aebb5c951e9fb2bca5c56324fb7b302d,aebb5c951e9fb2bca5c56324fb7b302d,aebb5c951e9fb2bca5c56324fb7b302d
350,UriHash,DBE8102110ACEF58C10B14D2E226B156,dbe8102110acef58c10b14d2e226b156,dbe8102110acef58c10b14d2e226b156,dbe8102110acef58c10b14d2e226b156,dbe8102110acef58c10b14d2e226b156,dbe8102110acef58c10b14d2e226b156,dbe8102110acef58c10b14d2e226b156
351,UriHash,6FC744EB4C05541B7A6C41A7EF794A05,6fc744eb4c05541b7a6c41a7ef794a05,6fc744eb4c05541b7a6c41a7ef794a05,6fc744eb4c05541b7a6c41a7ef794a05,6fc744eb4c05541b7a6c41a7ef794a05,6fc744eb4c05541b7a6c41a7ef794a05,6fc744eb4c05541b7a6c41a7ef794a05
352,UriHash,1F8460A0CE4B8BF1B3C3FBCF66B9D07E,1f8460a0ce4b8bf1b3c3fbcf66b9d07e,1f8460a0ce4b8bf1b3c3fbcf66b9d07e,1f8460a0ce4b8bf1b3c3fbcf66b9d07e,1f8460a0ce4b8bf1b3c3fbcf66b9d07e,1f8460a0ce4b8bf1b3c3fbcf66b9d07e,1f8460a0ce4b8bf1b3c3fbcf66b9d07e
353,UriHash,EEA9719A06E713F879EAEFF27AA3AAEF,eea9719a06e713f879eaeff27aa3aaef,eea9719a06e713f879eaeff27aa3aaef,eea9719a06e713f879eaeff27aa3aaef,eea9719a06e713f879eaeff27aa3aaef,eea9719a06e713f879eaeff27aa3aaef,eea9719a06e713f879eaeff27aa3aaef
354,UriHash,BA68F04E851D844C4D5B4C3594374C7D,ba68f04e851d844c4d5b4c3594374c7d,ba68f04e851d844c4d5b4c3594374c7d,ba68f04e851d844c4d5b4c3594374c7d,ba68f04e851d844c4d5b4c3594374c7d,ba68f04e851d844c4d5b4c3594374c7d,ba68f04e851d844c4d5b4c3594374c7d
355,UriHash,DA0A9E0E3D8FBE55EE99CE5D8039FF2E,da0a9e0e3d8fbe55ee99ce5d8039ff2e,da0a9e0e3d8fbe55ee99ce5d8039ff2e,da0a9e0e3d8fbe55ee99ce5d8039ff2e,da0a9e0e3d8fbe55ee99ce5d8039ff2e,da0a9e0e3d8fbe55ee99ce5d8039ff2e,da0a9e0e3d8fbe55ee99ce5d8039ff2e
356,UriHash,DC1732BC39D3CD035AB4F15657EC6593,dc1732bc39d3cd035ab4f15657ec6593,dc1732bc39d3cd035ab4f15657ec6593,dc1732bc39d3cd035ab4f15657ec6593,dc1732bc39d3cd035ab4f15657ec6593,dc1732bc39d3cd035ab4f15657ec6593,dc1732bc39d3cd035ab4f15657ec6593
357,UriHash,4C70D0A7FFDA3662AD1EE96E3553D95C,4c70d0a7ffda3662ad1ee96e3553d95c,4c70d0a7ffda3662ad1ee96e3553d95c,4c70d0a7ffda3662ad1ee96e3553d95c,4c70d0a7ffda3662ad1ee96e3553d95c,4c70d0a7ffda3662ad1ee96e3553d95c,4c70d0a7ffda3662ad1ee96e3553d95c
358,UriHash,29503842600002043512F708D4B6E1C3,29503842600002043512f708d4b6e1c3,29503842600002043512f708d4b6e1c3,29503842600002043512f708d4b6e1c3,29503842600002043512f708d4b6e1c3,29503842600002043512f708d4b6e1c3,29503842600002043512f708d4b6e1c3
359,UriHash,F014E48AC04DA45DE371B8746C47585A,f014e48ac04da45de371b8746c47585a,f014e48ac04da45de371b8746c47585a,f014e48ac04da45de371b8746c47585a,f014e48ac04da45de371b8746c47585a,f014e48ac04da45de371b8746c47585a,f014e48ac04da45de371b8746c47585a
360,UriHash,F3DBFC5D33888ED4C2E2E7087ACC4670,f3dbfc5d33888ed4c2e2e7087acc4670,f3dbfc5d33888ed4c2e2e7087acc4670,f3dbfc5d33888ed4c2e2e7087acc4670,f3dbfc5d33888ed4c2e2e7087acc4670,f3dbfc5d33888ed4c2e2e7087acc4670,f3dbfc5d33888ed4c2e2e7087acc4670
361,UriHash,24151DA398F1230422F57C7A1DC28E5C,24151da398f1230422f57c7a1dc28e5c,24151da398f1230422f57c7a1dc28e5c,24151da398f1230422f57c7a1dc28e5c,24151da398f1230422f57c7a1dc28e5c,24151da398f1230422f57c7a1dc28e5c,24151da398f1230422f57c7a1dc28e5c
362,UriHash,7C9887201D9C088D73EF14E00AB51D79,7c9887201d9c088d73ef14e00ab51d79,7c9887201d9c088d73ef14e00ab51d79,7c9887201d9c088d73ef14e00ab51d79,7c9887201d9c088d73ef14e00ab51d79,7c9887201d9c088d73ef14e00ab51d79,7c9887201d9c088d73ef14e00ab51d79
363,UriHash,9ECC8FFF1060343A9389419073D73843,9ecc8fff1060343a9389419073d73843,9ecc8fff1060343a9389419073d73843,9ecc8fff1060343a9389419073d73843,9ecc8fff1060343a9389419073d73843,9ecc8fff1060343a9389419073d73843,9ecc8fff1060343a9389419073d73843
364,UriHash,E265FC7995C9AC3EF5521B0584D0C60E,e265fc7995c9ac3ef5521b0584d0c60e,e265fc7995c9ac3ef5521b0584d0c60e,e265fc7995c9ac3ef5521b0584d0c60e,e265fc7995c9ac3ef5521b0584d0c60e,e265fc7995c9ac3ef5521b0584d0c60e,e265fc7995c9ac3ef5521b0584d0c60e
365,UriHash,02440B6FF8C4C9A64430F61A27D4AD95,02440b6ff8c4c9a64430f61a27d4ad95,02440b6ff8c4c9a64430f61a27d4ad95,02440b6ff8c4c9a64430f61a27d4ad95,02440b6ff8c4c9a64430f61a27d4ad95,02440b6ff8c4c9a64430f61a27d4ad95,02440b6ff8c4c9a64430f61a27d4ad95
366,UriHash,4952565085C55B7322CE8E5159A90A08,4952565085c55b7322ce8e5159a90a08,4952565085c55b7322ce8e5159a90a08,4952565085c55b7322ce8e5159a90a08,4952565085c55b7322ce8e5159a90a08,4952565085c55b7322ce8e5159a90a08,4952565085c55b7322ce8e5159a90a08
367,UriHash,51709296014DBEAFA0DB80BDFA7A66C0,51709296014dbeafa0db80bdfa7a66c0,51709296014dbeafa0db80bdfa7a66c0,51709296014dbeafa0db80bdfa7a66c0,51709296014dbeafa0db80bdfa7a66c0,51709296014dbeafa0db80bdfa7a66c0,51709296014dbeafa0db80bdfa7a66c0
368,UriHash,193516A2BFDE81D967CE72FEF10D3DB7,193516a2bfde81d967ce72fef10d3db7,193516a2bfde81d967ce72fef10d3db7,193516a2bfde81d967ce72fef10d3db7,193516a2bfde81d967ce72fef10d3db7,193516a2bfde81d967ce72fef10d3db7,193516a2bfde81d967ce72fef10d3db7
369,UriHash,26AA672913B1CC888A203E16D7D901EB,26aa672913b1cc888a203e16d7d901eb,26aa672913b1cc888a203e16d7d901eb,26aa672913b1cc888a203e16d7d901eb,26aa672913b1cc888a203e16d7d901eb,26aa672913b1cc888a203e16d7d901eb,26aa672913b1cc888a203e16d7d901eb
370,UriHash,E4CDFA8C2A07C857FA80E9D0E878152B,e4cdfa8c2a07c857fa80e9d0e878152b,e4cdfa8c2a07c857fa80e9d0e878152b,e4cdfa8c2a07c857fa80e9d0e878152b,e4cdfa8c2a07c857fa80e9d0e878152b,e4cdfa8c2a07c857fa80e9d0e878152b,e4cdfa8c2a07c857fa80e9d0e878152b
371,UriHash,BE82B007E4504412B72FC532E958FF93,be82b007e4504412b72fc532e958ff93,be82b007e4504412b72fc532e958ff93,be82b007e4504412b72fc532e958ff93,be82b007e4504412b72fc532e958ff93,be82b007e4504412b72fc532e958ff93,be82b007e4504412b72fc532e958ff93
372,UriHash,60863552382523DE4621C886A407BB36,60863552382523de4621c886a407bb36,60863552382523de4621c886a407bb36,60863552382523de4621c886a407bb36,60863552382523de4621c886a407bb36,60863552382523de4621c886a407bb36,60863552382523de4621c886a407bb36
373,UriHash,A266711CD101A58320CEDEAFDE4BD5E0,a266711cd101a58320cedeafde4bd5e0,a266711cd101a58320cedeafde4bd5e0,a266711cd101a58320cedeafde4bd5e0,a266711cd101a58320cedeafde4bd5e0,a266711cd101a58320cedeafde4bd5e0,a266711cd101a58320cedeafde4bd5e0
374,UriHash,9261787EE3E2BBB48EF31F6712D3A371,9261787ee3e2bbb48ef31f6712d3a371,9261787ee3e2bbb48ef31f6712d3a371,9261787ee3e2bbb48ef31f6712d3a371,9261787ee3e2bbb48ef31f6712d3a371,9261787ee3e2bbb48ef31f6712d3a371,9261787ee3e2bbb48ef31f6712d3a371
375,UriHash,2B8BDF5D253832FB96EB893CFA06B298,2b8bdf5d253832fb96eb893cfa06b298,2b8bdf5d253832fb96eb893cfa06b298,2b8bdf5d253832fb96eb893cfa06b298,2b8bdf5d253832fb96eb893cfa06b298,2b8bdf5d253832fb96eb893cfa06b298,2b8bdf5d253832fb96eb893cfa06b298
376,UriHash,A30F64BA475CD98912B4B10FF4700ACE,a30f64ba475cd98912b4b10ff4700ace,a30f64ba475cd98912b4b10ff4700ace,a30f64ba475cd98912b4b10ff4700ace,a30f64ba475cd98912b4b10ff4700ace,a30f64ba475cd98912b4b10ff4700ace,a30f64ba475cd98912b4b10ff4700ace
377,UriHash,BA62D4CEC83B27B7F9EF8E3223E170A0,ba62d4cec83b27b7f9ef8e3223e170a0,ba62d4cec83b27b7f9ef8e3223e170a0,ba62d4cec83b27b7f9ef8e3223e170a0,ba62d4cec83b27b7f9ef8e3223e170a0,ba62d4cec83b27b7f9ef8e3223e170a0,ba62d4cec83b27b7f9ef8e3223e170a0
378,UriHash,13D07768FFFF23ACF797B5A369774E10,13d07768ffff23acf797b5a369774e10,13d07768ffff23acf797b5a369774e10,13d07768ffff23acf797b5a369774e10,13d07768ffff23acf797b5a369774e10,13d07768ffff23acf797b5a369774e10,13d07768ffff23acf797b5a369774e10
379,UriHash,F9F49A0D2D3ED3D269B81AA1AEF20371,f9f49a0d2d3ed3d269b81aa1aef20371,f9f49a0d2d3ed3d269b81aa1aef20371,f9f49a0d2d3ed3d269b81aa1aef20371,f9f49a0d2d3ed3d269b81aa1aef20371,f9f49a0d2d3ed3d269b81aa1aef20371,f9f49a0d2d3ed3d269b81aa1aef20371
380,UriHash,9837D68FBFED632118D1F0A9F8769766,9837d68fbfed632118d1f0a9f8769766,9837d68fbfed632118d1f0a9f8769766,9837d68fbfed632118d1f0a9f8769766,9837d68fbfed632118d1f0a9f8769766,9837d68fbfed632118d1f0a9f8769766,9837d68fbfed632118d1f0a9f8769766
381,UriHash,8B795CDED53A384D3DBB97A127C92FCF,8b795cded53a384d3dbb97a127c92fcf,8b795cded53a384d3dbb97a127c92fcf,8b795cded53a384d3dbb97a127c92fcf,8b795cded53a384d3dbb97a127c92fcf,8b795cded53a384d3dbb97a127c92fcf,8b795cded53a384d3dbb97a127c92fcf
382,UriHash,A3DA33C8B954F0B431BA88ED7396B142,a3da33c8b954f0b431ba88ed7396b142,a3da33c8b954f0b431ba88ed7396b142,a3da33c8b954f0b431ba88ed7396b142,a3da33c8b954f0b431ba88ed7396b142,a3da33c8b954f0b431ba88ed7396b142,a3da33c8b954f0b431ba88ed7396b142
383,UriHash,AF6F8FDB0B930B84BCB22BB596A1C65C,af6f8fdb0b930b84bcb22bb596a1c65c,af6f8fdb0b930b84bcb22bb596a1c65c,af6f8fdb0b930b84bcb22bb596a1c65c,af6f8fdb0b930b84bcb22bb596a1c65c,af6f8fdb0b930b84bcb22bb596a1c65c,af6f8fdb0b930b84bcb22bb596a1c65c
384,UriHash,7C5532A34F7332BFCBE8769999B47E08,7c5532a34f7332bfcbe8769999b47e08,7c5532a34f7332bfcbe8769999b47e08,7c5532a34f7332bfcbe8769999b47e08,7c5532a34f7332bfcbe8769999b47e08,7c5532a34f7332bfcbe8769999b47e08,7c5532a34f7332bfcbe8769999b47e08
385,UriHash,5340ADFD591656E4E74CFECEDBB02D19,5340adfd591656e4e74cfecedbb02d19,5340adfd591656e4e74cfecedbb02d19,5340adfd591656e4e74cfecedbb02d19,5340adfd591656e4e74cfecedbb02d19,5340adfd591656e4e74cfecedbb02d19,5340adfd591656e4e74cfecedbb02d19
386,UriHash,0C2AA06979218C945912F46453C0F818,0c2aa06979218c945912f46453c0f818,0c2aa06979218c945912f46453c0f818,0c2aa06979218c945912f46453c0f818,0c2aa06979218c945912f46453c0f818,0c2aa06979218c945912f46453c0f818,0c2aa06979218c945912f46453c0f818
387,UriHash,AB66AC349865EE38E8B6B6D62749D239,ab66ac349865ee38e8b6b6d62749d239,ab66ac349865ee38e8b6b6d62749d239,ab66ac349865ee38e8b6b6d62749d239,ab66ac349865ee38e8b6b6d62749d239,ab66ac349865ee38e8b6b6d62749d239,ab66ac349865ee38e8b6b6d62749d239
388,UriHash,7469C394044C4F4ADE1F8AE18723284C,7469c394044c4f4ade1f8ae18723284c,7469c394044c4f4ade1f8ae18723284c,7469c394044c4f4ade1f8ae18723284c,7469c394044c4f4ade1f8ae18723284c,7469c394044c4f4ade1f8ae18723284c,7469c394044c4f4ade1f8ae18723284c
389,UriHash,9499D8A7AC0A4DF845E3F2FF4864F2E1,9499d8a7ac0a4df845e3f2ff4864f2e1,9499d8a7ac0a4df845e3f2ff4864f2e1,9499d8a7ac0a4df845e3f2ff4864f2e1,9499d8a7ac0a4df845e3f2ff4864f2e1,9499d8a7ac0a4df845e3f2ff4864f2e1,9499d8a7ac0a4df845e3f2ff4864f2e1
390,UriHash,4AB6AF47D25FE815D5565B6EC159769E,4ab6af47d25fe815d5565b6ec159769e,4ab6af47d25fe815d5565b6ec159769e,4ab6af47d25fe815d5565b6ec159769e,4ab6af47d25fe815d5565b6ec159769e,4ab6af47d25fe815d5565b6ec159769e,4ab6af47d25fe815d5565b6ec159769e
391,UriHash,CA709700E4B79E5082C18A62CE753A13,ca709700e4b79e5082c18a62ce753a13,ca709700e4b79e5082c18a62ce753a13,ca709700e4b79e5082c18a62ce753a13,ca709700e4b79e5082c18a62ce753a13,ca709700e4b79e5082c18a62ce753a13,ca709700e4b79e5082c18a62ce753a13
392,UriHash,BC5782335813D476E873BCA82FAE1508,bc5782335813d476e873bca82fae1508,bc5782335813d476e873bca82fae1508,bc5782335813d476e873bca82fae1508,bc5782335813d476e873bca82fae1508,bc5782335813d476e873bca82fae1508,bc5782335813d476e873bca82fae1508
393,UriHash,27FF9E7B00511A9CF97C67D9FBBFBF93,27ff9e7b00511a9cf97c67d9fbbfbf93,27ff9e7b00511a9cf97c67d9fbbfbf93,27ff9e7b00511a9cf97c67d9fbbfbf93,27ff9e7b00511a9cf97c67d9fbbfbf93,27ff9e7b00511a9cf97c67d9fbbfbf93,27ff9e7b00511a9cf97c67d9fbbfbf93
394,UriHash,7A4945C5A3F76DDAB5F9DC7F48410B4F,7a4945c5a3f76ddab5f9dc7f48410b4f,7a4945c5a3f76ddab5f9dc7f48410b4f,7a4945c5a3f76ddab5f9dc7f48410b4f,7a4945c5a3f76ddab5f9dc7f48410b4f,7a4945c5a3f76ddab5f9dc7f48410b4f,7a4945c5a3f76ddab5f9dc7f48410b4f
395,UriHash,C2619ED9E538D953E01FE7E92C3DA77B,c2619ed9e538d953e01fe7e92c3da77b,c2619ed9e538d953e01fe7e92c3da77b,c2619ed9e538d953e01fe7e92c3da77b,c2619ed9e538d953e01fe7e92c3da77b,c2619ed9e538d953e01fe7e92c3da77b,c2619ed9e538d953e01fe7e92c3da77b
396,UriHash,9866911500CCDEA4433AD3624C0D53FC,9866911500ccdea4433ad3624c0d53fc,9866911500ccdea4433ad3624c0d53fc,9866911500ccdea4433ad3624c0d53fc,9866911500ccdea4433ad3624c0d53fc,9866911500ccdea4433ad3624c0d53fc,9866911500ccdea4433ad3624c0d53fc
397,UriHash,E8605FC5BE3D1904EE8D15176359EA91,e8605fc5be3d1904ee8d15176359ea91,e8605fc5be3d1904ee8d15176359ea91,e8605fc5be3d1904ee8d15176359ea91,e8605fc5be3d1904ee8d15176359ea91,e8605fc5be3d1904ee8d15176359ea91,e8605fc5be3d1904ee8d15176359ea91
398,UriHash,86B26C146BBD47B6415113AFA908A5F8,86b26c146bbd47b6415113afa908a5f8,86b26c146bbd47b6415113afa908a5f8,86b26c146bbd47b6415113afa908a5f8,86b26c146bbd47b6415113afa908a5f8,86b26c146bbd47b6415113afa908a5f8,86b26c146bbd47b6415113afa908a5f8
399,UriHash,BADCEC5F7A294DBA550A23A501E3979A,badcec5f7a294dba550a23a501e3979a,badcec5f7a294dba550a23a501e3979a,badcec5f7a294dba550a23a501e3979a,badcec5f7a294dba550a23a501e3979a,badcec5f7a294dba550a23a501e3979a,badcec5f7a294dba550a23a501e3979a
400,UriHash,D08124BB8A7E2511955E177243B996F1,d08124bb8a7e2511955e177243b996f1,d08124bb8a7e2511955e177243b996f1,d08124bb8a7e2511955e177243b996f1,d08124bb8a7e2511955e177243b996f1,d08124bb8a7e2511955e177243b996f1,d08124bb8a7e2511955e177243b996f1
401,UriHash,1FF4872150F613441FE29F461DC2F489,1ff4872150f613441fe29f461dc2f489,1ff4872150f613441fe29f461dc2f489,1ff4872150f613441fe29f461dc2f489,1ff4872150f613441fe29f461dc2f489,1ff4872150f613441fe29f461dc2f489,1ff4872150f613441fe29f461dc2f489
402,UriHash,A9E52C509B1FAC4272BE1B631C8B7B24,a9e52c509b1fac4272be1b631c8b7b24,a9e52c509b1fac4272be1b631c8b7b24,a9e52c509b1fac4272be1b631c8b7b24,a9e52c509b1fac4272be1b631c8b7b24,a9e52c509b1fac4272be1b631c8b7b24,a9e52c509b1fac4272be1b631c8b7b24
403,UriHash,18EA0D58229C8F799B9FF327EBE8358D,18ea0d58229c8f799b9ff327ebe8358d,18ea0d58229c8f799b9ff327ebe8358d,18ea0d58229c8f799b9ff327ebe8358d,18ea0d58229c8f799b9ff327ebe8358d,18ea0d58229c8f799b9ff327ebe8358d,18ea0d58229c8f799b9ff327ebe8358d
404,UriHash,E3EEA13FC6AD723A98EB65735BE206E4,e3eea13fc6ad723a98eb65735be206e4,e3eea13fc6ad723a98eb65735be206e4,e3eea13fc6ad723a98eb65735be206e4,e3eea13fc6ad723a98eb65735be206e4,e3eea13fc6ad723a98eb65735be206e4,e3eea13fc6ad723a98eb65735be206e4
405,UriHash,4D85B96A36B43F918B0D69DA62DAF84E,4d85b96a36b43f918b0d69da62daf84e,4d85b96a36b43f918b0d69da62daf84e,4d85b96a36b43f918b0d69da62daf84e,4d85b96a36b43f918b0d69da62daf84e,4d85b96a36b43f918b0d69da62daf84e,4d85b96a36b43f918b0d69da62daf84e
406,UriHash,8E74BD1B5DF94AF9347181367DB5A1AD,8e74bd1b5df94af9347181367db5a1ad,8e74bd1b5df94af9347181367db5a1ad,8e74bd1b5df94af9347181367db5a1ad,8e74bd1b5df94af9347181367db5a1ad,8e74bd1b5df94af9347181367db5a1ad,8e74bd1b5df94af9347181367db5a1ad
407,UriHash,B0E16C386DE08D7FC70273D2298A8E72,b0e16c386de08d7fc70273d2298a8e72,b0e16c386de08d7fc70273d2298a8e72,b0e16c386de08d7fc70273d2298a8e72,b0e16c386de08d7fc70273d2298a8e72,b0e16c386de08d7fc70273d2298a8e72,b0e16c386de08d7fc70273d2298a8e72
408,UriHash,047DB5C3B258399F7AAB63EA11BADF3F,047db5c3b258399f7aab63ea11badf3f,047db5c3b258399f7aab63ea11badf3f,047db5c3b258399f7aab63ea11badf3f,047db5c3b258399f7aab63ea11badf3f,047db5c3b258399f7aab63ea11badf3f,047db5c3b258399f7aab63ea11badf3f
409,UriHash,318F7ACDA903B1BADE895E01A475528A,318f7acda903b1bade895e01a475528a,318f7acda903b1bade895e01a475528a,318f7acda903b1bade895e01a475528a,318f7acda903b1bade895e01a475528a,318f7acda903b1bade895e01a475528a,318f7acda903b1bade895e01a475528a
410,UriHash,8C04BCD832BC7F27949B0945FC1DF646,8c04bcd832bc7f27949b0945fc1df646,8c04bcd832bc7f27949b0945fc1df646,8c04bcd832bc7f27949b0945fc1df646,8c04bcd832bc7f27949b0945fc1df646,8c04bcd832bc7f27949b0945fc1df646,8c04bcd832bc7f27949b0945fc1df646
411,UriHash,64D8FC47230CCA5D092C1E613E2E0C2B,64d8fc47230cca5d092c1e613e2e0c2b,64d8fc47230cca5d092c1e613e2e0c2b,64d8fc47230cca5d092c1e613e2e0c2b,64d8fc47230cca5d092c1e613e2e0c2b,64d8fc47230cca5d092c1e613e2e0c2b,64d8fc47230cca5d092c1e613e2e0c2b
412,UriHash,61A649528347E790F7CF87F02E8CB0CB,61a649528347e790f7cf87f02e8cb0cb,61a649528347e790f7cf87f02e8cb0cb,61a649528347e790f7cf87f02e8cb0cb,61a649528347e790f7cf87f02e8cb0cb,61a649528347e790f7cf87f02e8cb0cb,61a649528347e790f7cf87f02e8cb0cb
413,UriHash,FBC34715C4720F67BF28C424056DC676,fbc34715c4720f67bf28c424056dc676,fbc34715c4720f67bf28c424056dc676,fbc34715c4720f67bf28c424056dc676,fbc34715c4720f67bf28c424056dc676,fbc34715c4720f67bf28c424056dc676,fbc34715c4720f67bf28c424056dc676
414,UriHash,39322950EB055834687BB39E68F68DE7,39322950eb055834687bb39e68f68de7,39322950eb055834687bb39e68f68de7,39322950eb055834687bb39e68f68de7,39322950eb055834687bb39e68f68de7,39322950eb055834687bb39e68f68de7,39322950eb055834687bb39e68f68de7
415,UriHash,F56D154A686B59A51BEB80427C6678BD,f56d154a686b59a51beb80427c6678bd,f56d154a686b59a51beb80427c6678bd,f56d154a686b59a51beb80427c6678bd,f56d154a686b59a51beb80427c6678bd,f56d154a686b59a51beb80427c6678bd,f56d154a686b59a51beb80427c6678bd
416,UriHash,0CC6558D418C5005FACD289249856E57,0cc6558d418c5005facd289249856e57,0cc6558d418c5005facd289249856e57,0cc6558d418c5005facd289249856e57,0cc6558d418c5005facd289249856e57,0cc6558d418c5005facd289249856e57,0cc6558d418c5005facd289249856e57
417,UriHash,D9B6BE2FA0A76950F6D3C89464ADCA66,d9b6be2fa0a76950f6d3c89464adca66,d9b6be2fa0a76950f6d3c89464adca66,d9b6be2fa0a76950f6d3c89464adca66,d9b6be2fa0a76950f6d3c89464adca66,d9b6be2fa0a76950f6d3c89464adca66,d9b6be2fa0a76950f6d3c89464adca66
418,UriHash,9A0108A20CD0038A990B2449744E9B78,9a0108a20cd0038a990b2449744e9b78,9a0108a20cd0038a990b2449744e9b78,9a0108a20cd0038a990b2449744e9b78,9a0108a20cd0038a990b2449744e9b78,9a0108a20cd0038a990b2449744e9b78,9a0108a20cd0038a990b2449744e9b78
419,UriHash,C203EA88EF3451F3E9488D65DAC9F77F,c203ea88ef3451f3e9488d65dac9f77f,c203ea88ef3451f3e9488d65dac9f77f,c203ea88ef3451f3e9488d65dac9f77f,c203ea88ef3451f3e9488d65dac9f77f,c203ea88ef3451f3e9488d65dac9f77f,c203ea88ef3451f3e9488d65dac9f77f
420,UriHash,9AC5F8B9BB348C6D7A1DFE8270B89587,9ac5f8b9bb348c6d7a1dfe8270b89587,9ac5f8b9bb348c6d7a1dfe8270b89587,9ac5f8b9bb348c6d7a1dfe8270b89587,9ac5f8b9bb348c6d7a1dfe8270b89587,9ac5f8b9bb348c6d7a1dfe8270b89587,9ac5f8b9bb348c6d7a1dfe8270b89587
421,UriHash,C4DB420FFE14C48B7F46846748B4B58F,c4db420ffe14c48b7f46846748b4b58f,c4db420ffe14c48b7f46846748b4b58f,c4db420ffe14c48b7f46846748b4b58f,c4db420ffe14c48b7f46846748b4b58f,c4db420ffe14c48b7f46846748b4b58f,c4db420ffe14c48b7f46846748b4b58f
422,UriHash,64CA5AEEE50D299638FE5890BA06A44F,64ca5aeee50d299638fe5890ba06a44f,64ca5aeee50d299638fe5890ba06a44f,64ca5aeee50d299638fe5890ba06a44f,64ca5aeee50d299638fe5890ba06a44f,64ca5aeee50d299638fe5890ba06a44f,64ca5aeee50d299638fe5890ba06a44f
423,UriHash,B80606DD9E2E08DB712F986FA2DBDD9A,b80606dd9e2e08db712f986fa2dbdd9a,b80606dd9e2e08db712f986fa2dbdd9a,b80606dd9e2e08db712f986fa2dbdd9a,b80606dd9e2e08db712f986fa2dbdd9a,b80606dd9e2e08db712f986fa2dbdd9a,b80606dd9e2e08db712f986fa2dbdd9a
424,UriHash,98F10D4B76E4C56A63934E4CAF9CED5A,98f10d4b76e4c56a63934e4caf9ced5a,98f10d4b76e4c56a63934e4caf9ced5a,98f10d4b76e4c56a63934e4caf9ced5a,98f10d4b76e4c56a63934e4caf9ced5a,98f10d4b76e4c56a63934e4caf9ced5a,98f10d4b76e4c56a63934e4caf9ced5a
425,UriHash,E151227A8AED7212A8117EC3870043AA,e151227a8aed7212a8117ec3870043aa,e151227a8aed7212a8117ec3870043aa,e151227a8aed7212a8117ec3870043aa,e151227a8aed7212a8117ec3870043aa,e151227a8aed7212a8117ec3870043aa,e151227a8aed7212a8117ec3870043aa
426,UriHash,BE4681E69FE2F58B9B3B86A019D501B3,be4681e69fe2f58b9b3b86a019d501b3,be4681e69fe2f58b9b3b86a019d501b3,be4681e69fe2f58b9b3b86a019d501b3,be4681e69fe2f58b9b3b86a019d501b3,be4681e69fe2f58b9b3b86a019d501b3,be4681e69fe2f58b9b3b86a019d501b3
427,UriHash,851C329DD57698C926769A3D2519B8B3,851c329dd57698c926769a3d2519b8b3,851c329dd57698c926769a3d2519b8b3,851c329dd57698c926769a3d2519b8b3,851c329dd57698c926769a3d2519b8b3,851c329dd57698c926769a3d2519b8b3,851c329dd57698c926769a3d2519b8b3
428,UriHash,03C75DB5A2E14BBBD780C05748B8CFEC,03c75db5a2e14bbbd780c05748b8cfec,03c75db5a2e14bbbd780c05748b8cfec,03c75db5a2e14bbbd780c05748b8cfec,03c75db5a2e14bbbd780c05748b8cfec,03c75db5a2e14bbbd780c05748b8cfec,03c75db5a2e14bbbd780c05748b8cfec
429,UriHash,902ECD1FC671DDC946848F5F4D6CA116,902ecd1fc671ddc946848f5f4d6ca116,902ecd1fc671ddc946848f5f4d6ca116,902ecd1fc671ddc946848f5f4d6ca116,902ecd1fc671ddc946848f5f4d6ca116,902ecd1fc671ddc946848f5f4d6ca116,902ecd1fc671ddc946848f5f4d6ca116
430,UriHash,FAA9063F3020B922E183043C93ACAF78,faa9063f3020b922e183043c93acaf78,faa9063f3020b922e183043c93acaf78,faa9063f3020b922e183043c93acaf78,faa9063f3020b922e183043c93acaf78,faa9063f3020b922e183043c93acaf78,faa9063f3020b922e183043c93acaf78
431,UriHash,3F51AA40A242ED072FB3F9BB56E43BB3,3f51aa40a242ed072fb3f9bb56e43bb3,3f51aa40a242ed072fb3f9bb56e43bb3,3f51aa40a242ed072fb3f9bb56e43bb3,3f51aa40a242ed072fb3f9bb56e43bb3,3f51aa40a242ed072fb3f9bb56e43bb3,3f51aa40a242ed072fb3f9bb56e43bb3
432,UriHash,34406EBB76CBE9C2ACA3631F234A0CFA,34406ebb76cbe9c2aca3631f234a0cfa,34406ebb76cbe9c2aca3631f234a0cfa,34406ebb76cbe9c2aca3631f234a0cfa,34406ebb76cbe9c2aca3631f234a0cfa,34406ebb76cbe9c2aca3631f234a0cfa,34406ebb76cbe9c2aca3631f234a0cfa
433,UriHash,C831C4D921DFBFCF63AAFFC35EE9DB0F,c831c4d921dfbfcf63aaffc35ee9db0f,c831c4d921dfbfcf63aaffc35ee9db0f,c831c4d921dfbfcf63aaffc35ee9db0f,c831c4d921dfbfcf63aaffc35ee9db0f,c831c4d921dfbfcf63aaffc35ee9db0f,c831c4d921dfbfcf63aaffc35ee9db0f
434,UriHash,C59E8F986DD1A7A0E1962A8A8845035E,c59e8f986dd1a7a0e1962a8a8845035e,c59e8f986dd1a7a0e1962a8a8845035e,c59e8f986dd1a7a0e1962a8a8845035e,c59e8f986dd1a7a0e1962a8a8845035e,c59e8f986dd1a7a0e1962a8a8845035e,c59e8f986dd1a7a0e1962a8a8845035e
435,UriHash,34005198B5DDFAE02C1F6722D3977DAA,34005198b5ddfae02c1f6722d3977daa,34005198b5ddfae02c1f6722d3977daa,34005198b5ddfae02c1f6722d3977daa,34005198b5ddfae02c1f6722d3977daa,34005198b5ddfae02c1f6722d3977daa,34005198b5ddfae02c1f6722d3977daa
436,UriHash,94DB5AC4EC8D3C4FD670CDE15219AFE9,94db5ac4ec8d3c4fd670cde15219afe9,94db5ac4ec8d3c4fd670cde15219afe9,94db5ac4ec8d3c4fd670cde15219afe9,94db5ac4ec8d3c4fd670cde15219afe9,94db5ac4ec8d3c4fd670cde15219afe9,94db5ac4ec8d3c4fd670cde15219afe9
437,UriHash,6180BA6249DF3ED09F34E7B4D0F2BEB6,6180ba6249df3ed09f34e7b4d0f2beb6,6180ba6249df3ed09f34e7b4d0f2beb6,6180ba6249df3ed09f34e7b4d0f2beb6,6180ba6249df3ed09f34e7b4d0f2beb6,6180ba6249df3ed09f34e7b4d0f2beb6,6180ba6249df3ed09f34e7b4d0f2beb6
438,UriHash,685BAFA084BCDAD308F952E409B30F37,685bafa084bcdad308f952e409b30f37,685bafa084bcdad308f952e409b30f37,685bafa084bcdad308f952e409b30f37,685bafa084bcdad308f952e409b30f37,685bafa084bcdad308f952e409b30f37,685bafa084bcdad308f952e409b30f37
439,UriHash,948709F05D949E4FBDE09A0DD5950CBC,948709f05d949e4fbde09a0dd5950cbc,948709f05d949e4fbde09a0dd5950cbc,948709f05d949e4fbde09a0dd5950cbc,948709f05d949e4fbde09a0dd5950cbc,948709f05d949e4fbde09a0dd5950cbc,948709f05d949e4fbde09a0dd5950cbc
440,UriHash,AE9EC8ED7767F159792AA5292DEEFE60,ae9ec8ed7767f159792aa5292deefe60,ae9ec8ed7767f159792aa5292deefe60,ae9ec8ed7767f159792aa5292deefe60,ae9ec8ed7767f159792aa5292deefe60,ae9ec8ed7767f159792aa5292deefe60,ae9ec8ed7767f159792aa5292deefe60
441,UriHash,0BC7EA6172DBC040705CB0E12891E43E,0bc7ea6172dbc040705cb0e12891e43e,0bc7ea6172dbc040705cb0e12891e43e,0bc7ea6172dbc040705cb0e12891e43e,0bc7ea6172dbc040705cb0e12891e43e,0bc7ea6172dbc040705cb0e12891e43e,0bc7ea6172dbc040705cb0e12891e43e
442,UriHash,A28C070A665E9434622D5388220ECA8A,a28c070a665e9434622d5388220eca8a,a28c070a665e9434622d5388220eca8a,a28c070a665e9434622d5388220eca8a,a28c070a665e9434622d5388220eca8a,a28c070a665e9434622d5388220eca8a,a28c070a665e9434622d5388220eca8a
443,UriHash,D97DCCFBCCE544A4FED53FCE925A572A,d97dccfbcce544a4fed53fce925a572a,d97dccfbcce544a4fed53fce925a572a,d97dccfbcce544a4fed53fce925a572a,d97dccfbcce544a4fed53fce925a572a,d97dccfbcce544a4fed53fce925a572a,d97dccfbcce544a4fed53fce925a572a
444,UriHash,84E2EE4ABFAB5701FCF2599298EDACE6,84e2ee4abfab5701fcf2599298edace6,84e2ee4abfab5701fcf2599298edace6,84e2ee4abfab5701fcf2599298edace6,84e2ee4abfab5701fcf2599298edace6,84e2ee4abfab5701fcf2599298edace6,84e2ee4abfab5701fcf2599298edace6
445,UriHash,AA14F26DF6BC796E76B445840ADD6BD1,aa14f26df6bc796e76b445840add6bd1,aa14f26df6bc796e76b445840add6bd1,aa14f26df6bc796e76b445840add6bd1,aa14f26df6bc796e76b445840add6bd1,aa14f26df6bc796e76b445840add6bd1,aa14f26df6bc796e76b445840add6bd1
446,UriHash,BD137A5ECCCD9C9E43E00B073B7D5769,bd137a5ecccd9c9e43e00b073b7d5769,bd137a5ecccd9c9e43e00b073b7d5769,bd137a5ecccd9c9e43e00b073b7d5769,bd137a5ecccd9c9e43e00b073b7d5769,bd137a5ecccd9c9e43e00b073b7d5769,bd137a5ecccd9c9e43e00b073b7d5769
447,UriHash,B0BA4B8599C57649C9CA1DDAB7D22311,b0ba4b8599c57649c9ca1ddab7d22311,b0ba4b8599c57649c9ca1ddab7d22311,b0ba4b8599c57649c9ca1ddab7d22311,b0ba4b8599c57649c9ca1ddab7d22311,b0ba4b8599c57649c9ca1ddab7d22311,b0ba4b8599c57649c9ca1ddab7d22311
448,UriHash,40C6F00A98B380E6BBD3A922DCA294C4,40c6f00a98b380e6bbd3a922dca294c4,40c6f00a98b380e6bbd3a922dca294c4,40c6f00a98b380e6bbd3a922dca294c4,40c6f00a98b380e6bbd3a922dca294c4,40c6f00a98b380e6bbd3a922dca294c4,40c6f00a98b380e6bbd3a922dca294c4
449,UriHash,2992F5FBA60F8C39B34790AC979D094D,2992f5fba60f8c39b34790ac979d094d,2992f5fba60f8c39b34790ac979d094d,2992f5fba60f8c39b34790ac979d094d,2992f5fba60f8c39b34790ac979d094d,2992f5fba60f8c39b34790ac979d094d,2992f5fba60f8c39b34790ac979d094d
450,UriHash,7D15ACAE826C467CE0C905311F91E6B5,7d15acae826c467ce0c905311f91e6b5,7d15acae826c467ce0c905311f91e6b5,7d15acae826c467ce0c905311f91e6b5,7d15acae826c467ce0c905311f91e6b5,7d15acae826c467ce0c905311f91e6b5,7d15acae826c467ce0c905311f91e6b5
451,UriHash,336BC68656F21158324B2A74DB586ABD,336bc68656f21158324b2a74db586abd,336bc68656f21158324b2a74db586abd,336bc68656f21158324b2a74db586abd,336bc68656f21158324b2a74db586abd,336bc68656f21158324b2a74db586abd,336bc68656f21158324b2a74db586abd
452,UriHash,985E3C23808F0ECA337946517A3CA4E1,985e3c23808f0eca337946517a3ca4e1,985e3c23808f0eca337946517a3ca4e1,985e3c23808f0eca337946517a3ca4e1,985e3c23808f0eca337946517a3ca4e1,985e3c23808f0eca337946517a3ca4e1,985e3c23808f0eca337946517a3ca4e1
453,UriHash,A4670A2DD8B9DB893AAFBCCABCABEDA4,a4670a2dd8b9db893aafbccabcabeda4,a4670a2dd8b9db893aafbccabcabeda4,a4670a2dd8b9db893aafbccabcabeda4,a4670a2dd8b9db893aafbccabcabeda4,a4670a2dd8b9db893aafbccabcabeda4,a4670a2dd8b9db893aafbccabcabeda4
454,UriHash,C052C300756F51C02A5A0303FC3552D2,c052c300756f51c02a5a0303fc3552d2,c052c300756f51c02a5a0303fc3552d2,c052c300756f51c02a5a0303fc3552d2,c052c300756f51c02a5a0303fc3552d2,c052c300756f51c02a5a0303fc3552d2,c052c300756f51c02a5a0303fc3552d2
455,UriHash,3D0A4FC40AC2E929E675BADF3BACE69A,3d0a4fc40ac2e929e675badf3bace69a,3d0a4fc40ac2e929e675badf3bace69a,3d0a4fc40ac2e929e675badf3bace69a,3d0a4fc40ac2e929e675badf3bace69a,3d0a4fc40ac2e929e675badf3bace69a,3d0a4fc40ac2e929e675badf3bace69a
456,UriHash,685448C96D95916797B703754B05A1E9,685448c96d95916797b703754b05a1e9,685448c96d95916797b703754b05a1e9,685448c96d95916797b703754b05a1e9,685448c96d95916797b703754b05a1e9,685448c96d95916797b703754b05a1e9,685448c96d95916797b703754b05a1e9
457,UriHash,0A9D3CE1E343EFA6883E365C805C261C,0a9d3ce1e343efa6883e365c805c261c,0a9d3ce1e343efa6883e365c805c261c,0a9d3ce1e343efa6883e365c805c261c,0a9d3ce1e343efa6883e365c805c261c,0a9d3ce1e343efa6883e365c805c261c,0a9d3ce1e343efa6883e365c805c261c
458,UriHash,68B371C4E2D5E3F82E735EB0A186CF9A,68b371c4e2d5e3f82e735eb0a186cf9a,68b371c4e2d5e3f82e735eb0a186cf9a,68b371c4e2d5e3f82e735eb0a186cf9a,68b371c4e2d5e3f82e735eb0a186cf9a,68b371c4e2d5e3f82e735eb0a186cf9a,68b371c4e2d5e3f82e735eb0a186cf9a
459,UriHash,15D85ACD619A8ACD479AC509D818A611,15d85acd619a8acd479ac509d818a611,15d85acd619a8acd479ac509d818a611,15d85acd619a8acd479ac509d818a611,15d85acd619a8acd479ac509d818a611,15d85acd619a8acd479ac509d818a611,15d85acd619a8acd479ac509d818a611
460,UriHash,78BBCCD8933BD1C894D59D5F83D269F3,78bbccd8933bd1c894d59d5f83d269f3,78bbccd8933bd1c894d59d5f83d269f3,78bbccd8933bd1c894d59d5f83d269f3,78bbccd8933bd1c894d59d5f83d269f3,78bbccd8933bd1c894d59d5f83d269f3,78bbccd8933bd1c894d59d5f83d269f3
461,UriHash,951180BD7EE828C42CD9E467167911A8,951180bd7ee828c42cd9e467167911a8,951180bd7ee828c42cd9e467167911a8,951180bd7ee828c42cd9e467167911a8,951180bd7ee828c42cd9e467167911a8,951180bd7ee828c42cd9e467167911a8,951180bd7ee828c42cd9e467167911a8
462,UriHash,B4A3CFE13EA98073B4B8B1F939EA9027,b4a3cfe13ea98073b4b8b1f939ea9027,b4a3cfe13ea98073b4b8b1f939ea9027,b4a3cfe13ea98073b4b8b1f939ea9027,b4a3cfe13ea98073b4b8b1f939ea9027,b4a3cfe13ea98073b4b8b1f939ea9027,b4a3cfe13ea98073b4b8b1f939ea9027
463,UriHash,1AC33B361B7B9073B47782C4D16F75D0,1ac33b361b7b9073b47782c4d16f75d0,1ac33b361b7b9073b47782c4d16f75d0,1ac33b361b7b9073b47782c4d16f75d0,1ac33b361b7b9073b47782c4d16f75d0,1ac33b361b7b9073b47782c4d16f75d0,1ac33b361b7b9073b47782c4d16f75d0
464,UriHash,CEA66AFDBBCB99E7682ABB313F353BD6,cea66afdbbcb99e7682abb313f353bd6,cea66afdbbcb99e7682abb313f353bd6,cea66afdbbcb99e7682abb313f353bd6,cea66afdbbcb99e7682abb313f353bd6,cea66afdbbcb99e7682abb313f353bd6,cea66afdbbcb99e7682abb313f353bd6
465,UriHash,2943100DBEB084F5B4B7259A82632427,2943100dbeb084f5b4b7259a82632427,2943100dbeb084f5b4b7259a82632427,2943100dbeb084f5b4b7259a82632427,2943100dbeb084f5b4b7259a82632427,2943100dbeb084f5b4b7259a82632427,2943100dbeb084f5b4b7259a82632427
466,UriHash,7EBA9C6F713B4CCF94934EA6E8997C2B,7eba9c6f713b4ccf94934ea6e8997c2b,7eba9c6f713b4ccf94934ea6e8997c2b,7eba9c6f713b4ccf94934ea6e8997c2b,7eba9c6f713b4ccf94934ea6e8997c2b,7eba9c6f713b4ccf94934ea6e8997c2b,7eba9c6f713b4ccf94934ea6e8997c2b
467,UriHash,4E9657E0B22902C6D51DC518CA959779,4e9657e0b22902c6d51dc518ca959779,4e9657e0b22902c6d51dc518ca959779,4e9657e0b22902c6d51dc518ca959779,4e9657e0b22902c6d51dc518ca959779,4e9657e0b22902c6d51dc518ca959779,4e9657e0b22902c6d51dc518ca959779
468,UriHash,266CF5DFC9FF5F28D9B9FAFBAD56C0DE,266cf5dfc9ff5f28d9b9fafbad56c0de,266cf5dfc9ff5f28d9b9fafbad56c0de,266cf5dfc9ff5f28d9b9fafbad56c0de,266cf5dfc9ff5f28d9b9fafbad56c0de,266cf5dfc9ff5f28d9b9fafbad56c0de,266cf5dfc9ff5f28d9b9fafbad56c0de
469,UriHash,915841624815826D8307B65C7118A153,915841624815826d8307b65c7118a153,915841624815826d8307b65c7118a153,915841624815826d8307b65c7118a153,915841624815826d8307b65c7118a153,915841624815826d8307b65c7118a153,915841624815826d8307b65c7118a153
470,UriHash,792426B791DAD2636175F047D031F275,792426b791dad2636175f047d031f275,792426b791dad2636175f047d031f275,792426b791dad2636175f047d031f275,792426b791dad2636175f047d031f275,792426b791dad2636175f047d031f275,792426b791dad2636175f047d031f275
471,UriHash,B453A76437251B4E7431CCA7B48108C0,b453a76437251b4e7431cca7b48108c0,b453a76437251b4e7431cca7b48108c0,b453a76437251b4e7431cca7b48108c0,b453a76437251b4e7431cca7b48108c0,b453a76437251b4e7431cca7b48108c0,b453a76437251b4e7431cca7b48108c0
472,UriHash,76C0F32829170E7DFC02571CCBA883CD,76c0f32829170e7dfc02571ccba883cd,76c0f32829170e7dfc02571ccba883cd,76c0f32829170e7dfc02571ccba883cd,76c0f32829170e7dfc02571ccba883cd,76c0f32829170e7dfc02571ccba883cd,76c0f32829170e7dfc02571ccba883cd
473,UriHash,0C9EA96BB7993F6F1FA9966CD71BB998,0c9ea96bb7993f6f1fa9966cd71bb998,0c9ea96bb7993f6f1fa9966cd71bb998,0c9ea96bb7993f6f1fa9966cd71bb998,0c9ea96bb7993f6f1fa9966cd71bb998,0c9ea96bb7993f6f1fa9966cd71bb998,0c9ea96bb7993f6f1fa9966cd71bb998
474,UriHash,236E1047C2E23273D42830463783DEAF,236e1047c2e23273d42830463783deaf,236e1047c2e23273d42830463783deaf,236e1047c2e23273d42830463783deaf,236e1047c2e23273d42830463783deaf,236e1047c2e23273d42830463783deaf,236e1047c2e23273d42830463783deaf
475,UriHash,FA965ED1D4C1B824968E61ED9F5F9631,fa965ed1d4c1b824968e61ed9f5f9631,fa965ed1d4c1b824968e61ed9f5f9631,fa965ed1d4c1b824968e61ed9f5f9631,fa965ed1d4c1b824968e61ed9f5f9631,fa965ed1d4c1b824968e61ed9f5f9631,fa965ed1d4c1b824968e61ed9f5f9631
476,UriHash,DFBC98EF771075A114CA7ABF7416594B,dfbc98ef771075a114ca7abf7416594b,dfbc98ef771075a114ca7abf7416594b,dfbc98ef771075a114ca7abf7416594b,dfbc98ef771075a114ca7abf7416594b,dfbc98ef771075a114ca7abf7416594b,dfbc98ef771075a114ca7abf7416594b
477,UriHash,0C38FC2D4E4D4730B12C506EE7CE944B,0c38fc2d4e4d4730b12c506ee7ce944b,0c38fc2d4e4d4730b12c506ee7ce944b,0c38fc2d4e4d4730b12c506ee7ce944b,0c38fc2d4e4d4730b12c506ee7ce944b,0c38fc2d4e4d4730b12c506ee7ce944b,0c38fc2d4e4d4730b12c506ee7ce944b
478,UriHash,052F88B44CB72FCBF0F7E285FF500751,052f88b44cb72fcbf0f7e285ff500751,052f88b44cb72fcbf0f7e285ff500751,052f88b44cb72fcbf0f7e285ff500751,052f88b44cb72fcbf0f7e285ff500751,052f88b44cb72fcbf0f7e285ff500751,052f88b44cb72fcbf0f7e285ff500751
479,UriHash,13B5EB01EC826048D30CB50F09DCEDEF,13b5eb01ec826048d30cb50f09dcedef,13b5eb01ec826048d30cb50f09dcedef,13b5eb01ec826048d30cb50f09dcedef,13b5eb01ec826048d30cb50f09dcedef,13b5eb01ec826048d30cb50f09dcedef,13b5eb01ec826048d30cb50f09dcedef
480,UriHash,6AB17479DBD48EE23E73D35C7BE97096,6ab17479dbd48ee23e73d35c7be97096,6ab17479dbd48ee23e73d35c7be97096,6ab17479dbd48ee23e73d35c7be97096,6ab17479dbd48ee23e73d35c7be97096,6ab17479dbd48ee23e73d35c7be97096,6ab17479dbd48ee23e73d35c7be97096
481,UriHash,5577F536F7B27954F6191B98F7176B7D,5577f536f7b27954f6191b98f7176b7d,5577f536f7b27954f6191b98f7176b7d,5577f536f7b27954f6191b98f7176b7d,5577f536f7b27954f6191b98f7176b7d,5577f536f7b27954f6191b98f7176b7d,5577f536f7b27954f6191b98f7176b7d
482,UriHash,FCC19DD303B3E842A2942BB5258AAC1D,fcc19dd303b3e842a2942bb5258aac1d,fcc19dd303b3e842a2942bb5258aac1d,fcc19dd303b3e842a2942bb5258aac1d,fcc19dd303b3e842a2942bb5258aac1d,fcc19dd303b3e842a2942bb5258aac1d,fcc19dd303b3e842a2942bb5258aac1d
483,UriHash,DD87167957571DE3FC65A9F1A07C8937,dd87167957571de3fc65a9f1a07c8937,dd87167957571de3fc65a9f1a07c8937,dd87167957571de3fc65a9f1a07c8937,dd87167957571de3fc65a9f1a07c8937,dd87167957571de3fc65a9f1a07c8937,dd87167957571de3fc65a9f1a07c8937
484,UriHash,724E2B62189F699122D11EEC8F1276F4,724e2b62189f699122d11eec8f1276f4,724e2b62189f699122d11eec8f1276f4,724e2b62189f699122d11eec8f1276f4,724e2b62189f699122d11eec8f1276f4,724e2b62189f699122d11eec8f1276f4,724e2b62189f699122d11eec8f1276f4
485,UriHash,5E0324E432BB1D51EF0A8971074C6D9C,5e0324e432bb1d51ef0a8971074c6d9c,5e0324e432bb1d51ef0a8971074c6d9c,5e0324e432bb1d51ef0a8971074c6d9c,5e0324e432bb1d51ef0a8971074c6d9c,5e0324e432bb1d51ef0a8971074c6d9c,5e0324e432bb1d51ef0a8971074c6d9c
486,UriHash,8F3E5ECB694DD4C271E8BF753BFB39AF,8f3e5ecb694dd4c271e8bf753bfb39af,8f3e5ecb694dd4c271e8bf753bfb39af,8f3e5ecb694dd4c271e8bf753bfb39af,8f3e5ecb694dd4c271e8bf753bfb39af,8f3e5ecb694dd4c271e8bf753bfb39af,8f3e5ecb694dd4c271e8bf753bfb39af
487,UriHash,A679247BBEAC23C9F986DBBFE408BF22,a679247bbeac23c9f986dbbfe408bf22,a679247bbeac23c9f986dbbfe408bf22,a679247bbeac23c9f986dbbfe408bf22,a679247bbeac23c9f986dbbfe408bf22,a679247bbeac23c9f986dbbfe408bf22,a679247bbeac23c9f986dbbfe408bf22
488,UriHash,B18ADEB11F772007E515672013F5A3F1,b18adeb11f772007e515672013f5a3f1,b18adeb11f772007e515672013f5a3f1,b18adeb11f772007e515672013f5a3f1,b18adeb11f772007e515672013f5a3f1,b18adeb11f772007e515672013f5a3f1,b18adeb11f772007e515672013f5a3f1
489,UriHash,7F3038B864F3F34A0F443BBEF06F02BA,7f3038b864f3f34a0f443bbef06f02ba,7f3038b864f3f34a0f443bbef06f02ba,7f3038b864f3f34a0f443bbef06f02ba,7f3038b864f3f34a0f443bbef06f02ba,7f3038b864f3f34a0f443bbef06f02ba,7f3038b864f3f34a0f443bbef06f02ba
490,UriHash,79CEF57398862CD03136F398F410DD53,79cef57398862cd03136f398f410dd53,79cef57398862cd03136f398f410dd53,79cef57398862cd03136f398f410dd53,79cef57398862cd03136f398f410dd53,79cef57398862cd03136f398f410dd53,79cef57398862cd03136f398f410dd53
491,UriHash,40C078F475D9F6416DE457A59BD79405,40c078f475d9f6416de457a59bd79405,40c078f475d9f6416de457a59bd79405,40c078f475d9f6416de457a59bd79405,40c078f475d9f6416de457a59bd79405,40c078f475d9f6416de457a59bd79405,40c078f475d9f6416de457a59bd79405
492,UriHash,878584B1DB8577D763F2C019CD5EA558,878584b1db8577d763f2c019cd5ea558,878584b1db8577d763f2c019cd5ea558,878584b1db8577d763f2c019cd5ea558,878584b1db8577d763f2c019cd5ea558,878584b1db8577d763f2c019cd5ea558,878584b1db8577d763f2c019cd5ea558
493,UriHash,52DC119AEF99230CBE7BA390F586E489,52dc119aef99230cbe7ba390f586e489,52dc119aef99230cbe7ba390f586e489,52dc119aef99230cbe7ba390f586e489,52dc119aef99230cbe7ba390f586e489,52dc119aef99230cbe7ba390f586e489,52dc119aef99230cbe7ba390f586e489
494,UriHash,82E87974D4A657394C6E2DE4B37C6D23,82e87974d4a657394c6e2de4b37c6d23,82e87974d4a657394c6e2de4b37c6d23,82e87974d4a657394c6e2de4b37c6d23,82e87974d4a657394c6e2de4b37c6d23,82e87974d4a657394c6e2de4b37c6d23,82e87974d4a657394c6e2de4b37c6d23
495,UriHash,CB7DB47A27C9B3C6B7FC2FA59C255EE1,cb7db47a27c9b3c6b7fc2fa59c255ee1,cb7db47a27c9b3c6b7fc2fa59c255ee1,cb7db47a27c9b3c6b7fc2fa59c255ee1,cb7db47a27c9b3c6b7fc2fa59c255ee1,cb7db47a27c9b3c6b7fc2fa59c255ee1,cb7db47a27c9b3c6b7fc2fa59c255ee1
496,UriHash,2417F873BCE554423B177A08C0221153,2417f873bce554423b177a08c0221153,2417f873bce554423b177a08c0221153,2417f873bce554423b177a08c0221153,2417f873bce554423b177a08c0221153,2417f873bce554423b177a08c0221153,2417f873bce554423b177a08c0221153
497,UriHash,966E51AD9D742E548B71DC5CEC9FEC1E,966e51ad9d742e548b71dc5cec9fec1e,966e51ad9d742e548b71dc5cec9fec1e,966e51ad9d742e548b71dc5cec9fec1e,966e51ad9d742e548b71dc5cec9fec1e,966e51ad9d742e548b71dc5cec9fec1e,966e51ad9d742e548b71dc5cec9fec1e
498,UriHash,F21164614A5892E6DBFEB05C05C43BF9,f21164614a5892e6dbfeb05c05c43bf9,f21164614a5892e6dbfeb05c05c43bf9,f21164614a5892e6dbfeb05c05c43bf9,f21164614a5892e6dbfeb05c05c43bf9,f21164614a5892e6dbfeb05c05c43bf9,f21164614a5892e6dbfeb05c05c43bf9
499,UriHash,CA019144E48CC7B521A871E769B497BE,ca019144e48cc7b521a871e769b497be,ca019144e48cc7b521a871e769b497be,ca019144e48cc7b521a871e769b497be,ca019144e48cc7b521a871e769b497be,ca019144e48cc7b521a871e769b497be,ca019144e48cc7b521a871e769b497be
500,UriHash,FB4196145799CCFFF164FB5B13CF1436,fb4196145799ccfff164fb5b13cf1436,fb4196145799ccfff164fb5b13cf1436,fb4196145799ccfff164fb5b13cf1436,fb4196145799ccfff164fb5b13cf1436,fb4196145799ccfff164fb5b13cf1436,fb4196145799ccfff164fb5b13cf1436
501,UriHash,73C9783325749D00259AAA31760F006B,73c9783325749d00259aaa31760f006b,73c9783325749d00259aaa31760f006b,73c9783325749d00259aaa31760f006b,73c9783325749d00259aaa31760f006b,73c9783325749d00259aaa31760f006b,73c9783325749d00259aaa31760f006b
502,UriHash,0B90E246ACE0AEB16CE1EB2AAC3DA105,0b90e246ace0aeb16ce1eb2aac3da105,0b90e246ace0aeb16ce1eb2aac3da105,0b90e246ace0aeb16ce1eb2aac3da105,0b90e246ace0aeb16ce1eb2aac3da105,0b90e246ace0aeb16ce1eb2aac3da105,0b90e246ace0aeb16ce1eb2aac3da105
503,UriHash,0A77B838605695A8B373487CC1BB579C,0a77b838605695a8b373487cc1bb579c,0a77b838605695a8b373487cc1bb579c,0a77b838605695a8b373487cc1bb579c,0a77b838605695a8b373487cc1bb579c,0a77b838605695a8b373487cc1bb579c,0a77b838605695a8b373487cc1bb579c
504,UriHash,04A44F018B36B67275FC029D37AC2AB6,04a44f018b36b67275fc029d37ac2ab6,04a44f018b36b67275fc029d37ac2ab6,04a44f018b36b67275fc029d37ac2ab6,04a44f018b36b67275fc029d37ac2ab6,04a44f018b36b67275fc029d37ac2ab6,04a44f018b36b67275fc029d37ac2ab6
505,UriHash,133C5C35999D8D1D5BFDADA16D367C19,133c5c35999d8d1d5bfdada16d367c19,133c5c35999d8d1d5bfdada16d367c19,133c5c35999d8d1d5bfdada16d367c19,133c5c35999d8d1d5bfdada16d367c19,133c5c35999d8d1d5bfdada16d367c19,133c5c35999d8d1d5bfdada16d367c19
506,UriHash,44CF74E065BADACF0F7DEEB82C2130A4,44cf74e065badacf0f7deeb82c2130a4,44cf74e065badacf0f7deeb82c2130a4,44cf74e065badacf0f7deeb82c2130a4,44cf74e065badacf0f7deeb82c2130a4,44cf74e065badacf0f7deeb82c2130a4,44cf74e065badacf0f7deeb82c2130a4
507,UriHash,5D49C35FAE127FC585C4C2934EB52089,5d49c35fae127fc585c4c2934eb52089,5d49c35fae127fc585c4c2934eb52089,5d49c35fae127fc585c4c2934eb52089,5d49c35fae127fc585c4c2934eb52089,5d49c35fae127fc585c4c2934eb52089,5d49c35fae127fc585c4c2934eb52089
508,UriHash,AA76E393C80A2F40D6C761C443731F73,aa76e393c80a2f40d6c761c443731f73,aa76e393c80a2f40d6c761c443731f73,aa76e393c80a2f40d6c761c443731f73,aa76e393c80a2f40d6c761c443731f73,aa76e393c80a2f40d6c761c443731f73,aa76e393c80a2f40d6c761c443731f73
509,UriHash,43E1643442E42610C2FA257DA382CC40,43e1643442e42610c2fa257da382cc40,43e1643442e42610c2fa257da382cc40,43e1643442e42610c2fa257da382cc40,43e1643442e42610c2fa257da382cc40,43e1643442e42610c2fa257da382cc40,43e1643442e42610c2fa257da382cc40
510,UriHash,56173F8D8B9C3B9FD6B50AC5197A7199,56173f8d8b9c3b9fd6b50ac5197a7199,56173f8d8b9c3b9fd6b50ac5197a7199,56173f8d8b9c3b9fd6b50ac5197a7199,56173f8d8b9c3b9fd6b50ac5197a7199,56173f8d8b9c3b9fd6b50ac5197a7199,56173f8d8b9c3b9fd6b50ac5197a7199
511,UriHash,A9617F19372C4D5E42525F290FC4D720,a9617f19372c4d5e42525f290fc4d720,a9617f19372c4d5e42525f290fc4d720,a9617f19372c4d5e42525f290fc4d720,a9617f19372c4d5e42525f290fc4d720,a9617f19372c4d5e42525f290fc4d720,a9617f19372c4d5e42525f290fc4d720
512,UriHash,A8460E87FF72A2E0B3A69C1F61283EE1,a8460e87ff72a2e0b3a69c1f61283ee1,a8460e87ff72a2e0b3a69c1f61283ee1,a8460e87ff72a2e0b3a69c1f61283ee1,a8460e87ff72a2e0b3a69c1f61283ee1,a8460e87ff72a2e0b3a69c1f61283ee1,a8460e87ff72a2e0b3a69c1f61283ee1
513,UriHash,23A3FAD28B1FEDFC7873B8F001F11514,23a3fad28b1fedfc7873b8f001f11514,23a3fad28b1fedfc7873b8f001f11514,23a3fad28b1fedfc7873b8f001f11514,23a3fad28b1fedfc7873b8f001f11514,23a3fad28b1fedfc7873b8f001f11514,23a3fad28b1fedfc7873b8f001f11514
514,UriHash,A1757BB660B75F5C202C2A34034A6341,a1757bb660b75f5c202c2a34034a6341,a1757bb660b75f5c202c2a34034a6341,a1757bb660b75f5c202c2a34034a6341,a1757bb660b75f5c202c2a34034a6341,a1757bb660b75f5c202c2a34034a6341,a1757bb660b75f5c202c2a34034a6341
515,UriHash,18A2587A194908E76C8F09E48939ECEF,18a2587a194908e76c8f09e48939ecef,18a2587a194908e76c8f09e48939ecef,18a2587a194908e76c8f09e48939ecef,18a2587a194908e76c8f09e48939ecef,18a2587a194908e76c8f09e48939ecef,18a2587a194908e76c8f09e48939ecef
516,UriHash,4165503B4387F94892C083CAB600F0DC,4165503b4387f94892c083cab600f0dc,4165503b4387f94892c083cab600f0dc,4165503b4387f94892c083cab600f0dc,4165503b4387f94892c083cab600f0dc,4165503b4387f94892c083cab600f0dc,4165503b4387f94892c083cab600f0dc
517,UriHash,BFFB6BCA0697AF84FE217E6D26A5897C,bffb6bca0697af84fe217e6d26a5897c,bffb6bca0697af84fe217e6d26a5897c,bffb6bca0697af84fe217e6d26a5897c,bffb6bca0697af84fe217e6d26a5897c,bffb6bca0697af84fe217e6d26a5897c,bffb6bca0697af84fe217e6d26a5897c
518,UriHash,2AADBE07B084AFDD76C8C44653AF2FC3,2aadbe07b084afdd76c8c44653af2fc3,2aadbe07b084afdd76c8c44653af2fc3,2aadbe07b084afdd76c8c44653af2fc3,2aadbe07b084afdd76c8c44653af2fc3,2aadbe07b084afdd76c8c44653af2fc3,2aadbe07b084afdd76c8c44653af2fc3
519,UriHash,922798AD9E9C878F94AE833A6E819DAE,922798ad9e9c878f94ae833a6e819dae,922798ad9e9c878f94ae833a6e819dae,922798ad9e9c878f94ae833a6e819dae,922798ad9e9c878f94ae833a6e819dae,922798ad9e9c878f94ae833a6e819dae,922798ad9e9c878f94ae833a6e819dae
520,UriHash,14E31B9B8A24007190E1F71DC99AA52D,14e31b9b8a24007190e1f71dc99aa52d,14e31b9b8a24007190e1f71dc99aa52d,14e31b9b8a24007190e1f71dc99aa52d,14e31b9b8a24007190e1f71dc99aa52d,14e31b9b8a24007190e1f71dc99aa52d,14e31b9b8a24007190e1f71dc99aa52d
521,UriHash,73CFE1CFA4C579D08F3B7282CEC92A8F,73cfe1cfa4c579d08f3b7282cec92a8f,73cfe1cfa4c579d08f3b7282cec92a8f,73cfe1cfa4c579d08f3b7282cec92a8f,73cfe1cfa4c579d08f3b7282cec92a8f,73cfe1cfa4c579d08f3b7282cec92a8f,73cfe1cfa4c579d08f3b7282cec92a8f
522,UriHash,B1C76DB7879634729040BCEF97B16073,b1c76db7879634729040bcef97b16073,b1c76db7879634729040bcef97b16073,b1c76db7879634729040bcef97b16073,b1c76db7879634729040bcef97b16073,b1c76db7879634729040bcef97b16073,b1c76db7879634729040bcef97b16073
523,UriHash,E4B95FF8A27E2EB01D5D4E2FCCE8C4CC,e4b95ff8a27e2eb01d5d4e2fcce8c4cc,e4b95ff8a27e2eb01d5d4e2fcce8c4cc,e4b95ff8a27e2eb01d5d4e2fcce8c4cc,e4b95ff8a27e2eb01d5d4e2fcce8c4cc,e4b95ff8a27e2eb01d5d4e2fcce8c4cc,e4b95ff8a27e2eb01d5d4e2fcce8c4cc
524,UriHash,FCB16D1FA617B7806433648EA05D98E4,fcb16d1fa617b7806433648ea05d98e4,fcb16d1fa617b7806433648ea05d98e4,fcb16d1fa617b7806433648ea05d98e4,fcb16d1fa617b7806433648ea05d98e4,fcb16d1fa617b7806433648ea05d98e4,fcb16d1fa617b7806433648ea05d98e4
525,UriHash,45C873058F7EC31B8BD500D3BF9BEE82,45c873058f7ec31b8bd500d3bf9bee82,45c873058f7ec31b8bd500d3bf9bee82,45c873058f7ec31b8bd500d3bf9bee82,45c873058f7ec31b8bd500d3bf9bee82,45c873058f7ec31b8bd500d3bf9bee82,45c873058f7ec31b8bd500d3bf9bee82
526,UriHash,D5C57DB23115DBB3634A0A14BCB268AE,d5c57db23115dbb3634a0a14bcb268ae,d5c57db23115dbb3634a0a14bcb268ae,d5c57db23115dbb3634a0a14bcb268ae,d5c57db23115dbb3634a0a14bcb268ae,d5c57db23115dbb3634a0a14bcb268ae,d5c57db23115dbb3634a0a14bcb268ae
527,UriHash,A49049E8D9693BDE061FE3A1E9CB750D,a49049e8d9693bde061fe3a1e9cb750d,a49049e8d9693bde061fe3a1e9cb750d,a49049e8d9693bde061fe3a1e9cb750d,a49049e8d9693bde061fe3a1e9cb750d,a49049e8d9693bde061fe3a1e9cb750d,a49049e8d9693bde061fe3a1e9cb750d
528,UriHash,81326BB4BFD2A1E904DC1F5051E5F621,81326bb4bfd2a1e904dc1f5051e5f621,81326bb4bfd2a1e904dc1f5051e5f621,81326bb4bfd2a1e904dc1f5051e5f621,81326bb4bfd2a1e904dc1f5051e5f621,81326bb4bfd2a1e904dc1f5051e5f621,81326bb4bfd2a1e904dc1f5051e5f621
529,UriHash,D8DEA2059A9388753642019E7057C12B,d8dea2059a9388753642019e7057c12b,d8dea2059a9388753642019e7057c12b,d8dea2059a9388753642019e7057c12b,d8dea2059a9388753642019e7057c12b,d8dea2059a9388753642019e7057c12b,d8dea2059a9388753642019e7057c12b
530,UriHash,53FFB1838CEADCEEDB3D458FE8523F6C,53ffb1838ceadceedb3d458fe8523f6c,53ffb1838ceadceedb3d458fe8523f6c,53ffb1838ceadceedb3d458fe8523f6c,53ffb1838ceadceedb3d458fe8523f6c,53ffb1838ceadceedb3d458fe8523f6c,53ffb1838ceadceedb3d458fe8523f6c
531,UriHash,CC9E9EE8ED9AE8BC5421D6D36D469F00,cc9e9ee8ed9ae8bc5421d6d36d469f00,cc9e9ee8ed9ae8bc5421d6d36d469f00,cc9e9ee8ed9ae8bc5421d6d36d469f00,cc9e9ee8ed9ae8bc5421d6d36d469f00,cc9e9ee8ed9ae8bc5421d6d36d469f00,cc9e9ee8ed9ae8bc5421d6d36d469f00
532,UriHash,B1A756799748E2A5492B0EC6711DD38A,b1a756799748e2a5492b0ec6711dd38a,b1a756799748e2a5492b0ec6711dd38a,b1a756799748e2a5492b0ec6711dd38a,b1a756799748e2a5492b0ec6711dd38a,b1a756799748e2a5492b0ec6711dd38a,b1a756799748e2a5492b0ec6711dd38a
533,UriHash,B1FCFAA9AE0C3E892A4F8A0397001229,b1fcfaa9ae0c3e892a4f8a0397001229,b1fcfaa9ae0c3e892a4f8a0397001229,b1fcfaa9ae0c3e892a4f8a0397001229,b1fcfaa9ae0c3e892a4f8a0397001229,b1fcfaa9ae0c3e892a4f8a0397001229,b1fcfaa9ae0c3e892a4f8a0397001229
534,UriHash,7E6D205C36887C19BDA010788ACD1885,7e6d205c36887c19bda010788acd1885,7e6d205c36887c19bda010788acd1885,7e6d205c36887c19bda010788acd1885,7e6d205c36887c19bda010788acd1885,7e6d205c36887c19bda010788acd1885,7e6d205c36887c19bda010788acd1885
535,UriHash,329313D70A47139EA7D4D7175C6A5CD0,329313d70a47139ea7d4d7175c6a5cd0,329313d70a47139ea7d4d7175c6a5cd0,329313d70a47139ea7d4d7175c6a5cd0,329313d70a47139ea7d4d7175c6a5cd0,329313d70a47139ea7d4d7175c6a5cd0,329313d70a47139ea7d4d7175c6a5cd0
536,UriHash,554BEFEF7AC70C3B4DF7B4D2C9EAF7C5,554befef7ac70c3b4df7b4d2c9eaf7c5,554befef7ac70c3b4df7b4d2c9eaf7c5,554befef7ac70c3b4df7b4d2c9eaf7c5,554befef7ac70c3b4df7b4d2c9eaf7c5,554befef7ac70c3b4df7b4d2c9eaf7c5,554befef7ac70c3b4df7b4d2c9eaf7c5
537,UriHash,40D08EEE27289913885F5B227D77AF17,40d08eee27289913885f5b227d77af17,40d08eee27289913885f5b227d77af17,40d08eee27289913885f5b227d77af17,40d08eee27289913885f5b227d77af17,40d08eee27289913885f5b227d77af17,40d08eee27289913885f5b227d77af17
538,UriHash,B6CA28306018FC1C0D849BB264AAB4AA,b6ca28306018fc1c0d849bb264aab4aa,b6ca28306018fc1c0d849bb264aab4aa,b6ca28306018fc1c0d849bb264aab4aa,b6ca28306018fc1c0d849bb264aab4aa,b6ca28306018fc1c0d849bb264aab4aa,b6ca28306018fc1c0d849bb264aab4aa
539,UriHash,4F39EC224870E79E8BECDC6A8389D9C0,4f39ec224870e79e8becdc6a8389d9c0,4f39ec224870e79e8becdc6a8389d9c0,4f39ec224870e79e8becdc6a8389d9c0,4f39ec224870e79e8becdc6a8389d9c0,4f39ec224870e79e8becdc6a8389d9c0,4f39ec224870e79e8becdc6a8389d9c0
540,UriHash,77FCA02A6D1CA5A14BD00F1C9AEA3620,77fca02a6d1ca5a14bd00f1c9aea3620,77fca02a6d1ca5a14bd00f1c9aea3620,77fca02a6d1ca5a14bd00f1c9aea3620,77fca02a6d1ca5a14bd00f1c9aea3620,77fca02a6d1ca5a14bd00f1c9aea3620,77fca02a6d1ca5a14bd00f1c9aea3620
541,UriHash,E916C834794F47A5649BEFF3EFC7456C,e916c834794f47a5649beff3efc7456c,e916c834794f47a5649beff3efc7456c,e916c834794f47a5649beff3efc7456c,e916c834794f47a5649beff3efc7456c,e916c834794f47a5649beff3efc7456c,e916c834794f47a5649beff3efc7456c
542,UriHash,8B7ED4981720338440A25A69F313F9C5,8b7ed4981720338440a25a69f313f9c5,8b7ed4981720338440a25a69f313f9c5,8b7ed4981720338440a25a69f313f9c5,8b7ed4981720338440a25a69f313f9c5,8b7ed4981720338440a25a69f313f9c5,8b7ed4981720338440a25a69f313f9c5
543,UriHash,573C64F95A92ADAE7E69743CDB887D10,573c64f95a92adae7e69743cdb887d10,573c64f95a92adae7e69743cdb887d10,573c64f95a92adae7e69743cdb887d10,573c64f95a92adae7e69743cdb887d10,573c64f95a92adae7e69743cdb887d10,573c64f95a92adae7e69743cdb887d10
544,UriHash,9E62A3AC7DE42795E204F08F993BBFB8,9e62a3ac7de42795e204f08f993bbfb8,9e62a3ac7de42795e204f08f993bbfb8,9e62a3ac7de42795e204f08f993bbfb8,9e62a3ac7de42795e204f08f993bbfb8,9e62a3ac7de42795e204f08f993bbfb8,9e62a3ac7de42795e204f08f993bbfb8
545,UriHash,2D7D0C32F3B5BD087F317BC8768722E3,2d7d0c32f3b5bd087f317bc8768722e3,2d7d0c32f3b5bd087f317bc8768722e3,2d7d0c32f3b5bd087f317bc8768722e3,2d7d0c32f3b5bd087f317bc8768722e3,2d7d0c32f3b5bd087f317bc8768722e3,2d7d0c32f3b5bd087f317bc8768722e3
546,UriHash,8B232ABD505B1101C1B589275FEEBF83,8b232abd505b1101c1b589275feebf83,8b232abd505b1101c1b589275feebf83,8b232abd505b1101c1b589275feebf83,8b232abd505b1101c1b589275feebf83,8b232abd505b1101c1b589275feebf83,8b232abd505b1101c1b589275feebf83
547,UriHash,17C1628C3AD0A397BD314E823B864AA5,17c1628c3ad0a397bd314e823b864aa5,17c1628c3ad0a397bd314e823b864aa5,17c1628c3ad0a397bd314e823b864aa5,17c1628c3ad0a397bd314e823b864aa5,17c1628c3ad0a397bd314e823b864aa5,17c1628c3ad0a397bd314e823b864aa5
548,UriHash,73F34F816202C4B9432059B409CA37E8,73f34f816202c4b9432059b409ca37e8,73f34f816202c4b9432059b409ca37e8,73f34f816202c4b9432059b409ca37e8,73f34f816202c4b9432059b409ca37e8,73f34f816202c4b9432059b409ca37e8,73f34f816202c4b9432059b409ca37e8
549,UriHash,2B8B1006FD818C7223DCCD05D3AC074D,2b8b1006fd818c7223dccd05d3ac074d,2b8b1006fd818c7223dccd05d3ac074d,2b8b1006fd818c7223dccd05d3ac074d,2b8b1006fd818c7223dccd05d3ac074d,2b8b1006fd818c7223dccd05d3ac074d,2b8b1006fd818c7223dccd05d3ac074d
550,UriHash,A1A28E9CBC701BF94F02E0AADC131575,a1a28e9cbc701bf94f02e0aadc131575,a1a28e9cbc701bf94f02e0aadc131575,a1a28e9cbc701bf94f02e0aadc131575,a1a28e9cbc701bf94f02e0aadc131575,a1a28e9cbc701bf94f02e0aadc131575,a1a28e9cbc701bf94f02e0aadc131575
551,UriHash,4D6D0CBDB1A493B34B420DA8CDA121E0,4d6d0cbdb1a493b34b420da8cda121e0,4d6d0cbdb1a493b34b420da8cda121e0,4d6d0cbdb1a493b34b420da8cda121e0,4d6d0cbdb1a493b34b420da8cda121e0,4d6d0cbdb1a493b34b420da8cda121e0,4d6d0cbdb1a493b34b420da8cda121e0
552,UriHash,62278111EBBE55F6A9BC74CDFD309CCF,62278111ebbe55f6a9bc74cdfd309ccf,62278111ebbe55f6a9bc74cdfd309ccf,62278111ebbe55f6a9bc74cdfd309ccf,62278111ebbe55f6a9bc74cdfd309ccf,62278111ebbe55f6a9bc74cdfd309ccf,62278111ebbe55f6a9bc74cdfd309ccf
553,UriHash,19C6D42D36BBAA1262C261D8048F3FD8,19c6d42d36bbaa1262c261d8048f3fd8,19c6d42d36bbaa1262c261d8048f3fd8,19c6d42d36bbaa1262c261d8048f3fd8,19c6d42d36bbaa1262c261d8048f3fd8,19c6d42d36bbaa1262c261d8048f3fd8,19c6d42d36bbaa1262c261d8048f3fd8
554,UriHash,3A8B4BE656EE30282A50F0C70604B834,3a8b4be656ee30282a50f0c70604b834,3a8b4be656ee30282a50f0c70604b834,3a8b4be656ee30282a50f0c70604b834,3a8b4be656ee30282a50f0c70604b834,3a8b4be656ee30282a50f0c70604b834,3a8b4be656ee30282a50f0c70604b834
555,UriHash,B3FC383DAAE4D469F33BB731C1F80DE0,b3fc383daae4d469f33bb731c1f80de0,b3fc383daae4d469f33bb731c1f80de0,b3fc383daae4d469f33bb731c1f80de0,b3fc383daae4d469f33bb731c1f80de0,b3fc383daae4d469f33bb731c1f80de0,b3fc383daae4d469f33bb731c1f80de0
556,UriHash,669A4E0B17DB4CF914998372C2806289,669a4e0b17db4cf914998372c2806289,669a4e0b17db4cf914998372c2806289,669a4e0b17db4cf914998372c2806289,669a4e0b17db4cf914998372c2806289,669a4e0b17db4cf914998372c2806289,669a4e0b17db4cf914998372c2806289
557,UriHash,7FBE2B71116B43A17F73FE15CCD51689,7fbe2b71116b43a17f73fe15ccd51689,7fbe2b71116b43a17f73fe15ccd51689,7fbe2b71116b43a17f73fe15ccd51689,7fbe2b71116b43a17f73fe15ccd51689,7fbe2b71116b43a17f73fe15ccd51689,7fbe2b71116b43a17f73fe15ccd51689
558,UriHash,B311B3E071228FDA4D1084426CFA5FFF,b311b3e071228fda4d1084426cfa5fff,b311b3e071228fda4d1084426cfa5fff,b311b3e071228fda4d1084426cfa5fff,b311b3e071228fda4d1084426cfa5fff,b311b3e071228fda4d1084426cfa5fff,b311b3e071228fda4d1084426cfa5fff
559,UriHash,D6EEE26550EE6E1615D7519D5F27199D,d6eee26550ee6e1615d7519d5f27199d,d6eee26550ee6e1615d7519d5f27199d,d6eee26550ee6e1615d7519d5f27199d,d6eee26550ee6e1615d7519d5f27199d,d6eee26550ee6e1615d7519d5f27199d,d6eee26550ee6e1615d7519d5f27199d
560,UriHash,1F56E35462958F4EBFE7A78DF20B52ED,1f56e35462958f4ebfe7a78df20b52ed,1f56e35462958f4ebfe7a78df20b52ed,1f56e35462958f4ebfe7a78df20b52ed,1f56e35462958f4ebfe7a78df20b52ed,1f56e35462958f4ebfe7a78df20b52ed,1f56e35462958f4ebfe7a78df20b52ed
561,UriHash,6252ECE015D3E8946A2A19DA23B63E46,6252ece015d3e8946a2a19da23b63e46,6252ece015d3e8946a2a19da23b63e46,6252ece015d3e8946a2a19da23b63e46,6252ece015d3e8946a2a19da23b63e46,6252ece015d3e8946a2a19da23b63e46,6252ece015d3e8946a2a19da23b63e46
562,UriHash,2AA541D860CF6B4E8280EACC5F2CD8E8,2aa541d860cf6b4e8280eacc5f2cd8e8,2aa541d860cf6b4e8280eacc5f2cd8e8,2aa541d860cf6b4e8280eacc5f2cd8e8,2aa541d860cf6b4e8280eacc5f2cd8e8,2aa541d860cf6b4e8280eacc5f2cd8e8,2aa541d860cf6b4e8280eacc5f2cd8e8
563,UriHash,0334A795BE92ACCB179F445BA12EC251,0334a795be92accb179f445ba12ec251,0334a795be92accb179f445ba12ec251,0334a795be92accb179f445ba12ec251,0334a795be92accb179f445ba12ec251,0334a795be92accb179f445ba12ec251,0334a795be92accb179f445ba12ec251
564,UriHash,10AA67C2A09438C7039843E3B11B754E,10aa67c2a09438c7039843e3b11b754e,10aa67c2a09438c7039843e3b11b754e,10aa67c2a09438c7039843e3b11b754e,10aa67c2a09438c7039843e3b11b754e,10aa67c2a09438c7039843e3b11b754e,10aa67c2a09438c7039843e3b11b754e
565,UriHash,C75C384AA154676F00AC6991954AE030,c75c384aa154676f00ac6991954ae030,c75c384aa154676f00ac6991954ae030,c75c384aa154676f00ac6991954ae030,c75c384aa154676f00ac6991954ae030,c75c384aa154676f00ac6991954ae030,c75c384aa154676f00ac6991954ae030
566,UriHash,440A6A0E3FD4AADB2B1DD3D563CA3126,440a6a0e3fd4aadb2b1dd3d563ca3126,440a6a0e3fd4aadb2b1dd3d563ca3126,440a6a0e3fd4aadb2b1dd3d563ca3126,440a6a0e3fd4aadb2b1dd3d563ca3126,440a6a0e3fd4aadb2b1dd3d563ca3126,440a6a0e3fd4aadb2b1dd3d563ca3126
567,UriHash,D4194B8AE657024D92D1308FB37E5576,d4194b8ae657024d92d1308fb37e5576,d4194b8ae657024d92d1308fb37e5576,d4194b8ae657024d92d1308fb37e5576,d4194b8ae657024d92d1308fb37e5576,d4194b8ae657024d92d1308fb37e5576,d4194b8ae657024d92d1308fb37e5576
568,UriHash,CC2E20A2FA3BEE7A0819EA4286B26271,cc2e20a2fa3bee7a0819ea4286b26271,cc2e20a2fa3bee7a0819ea4286b26271,cc2e20a2fa3bee7a0819ea4286b26271,cc2e20a2fa3bee7a0819ea4286b26271,cc2e20a2fa3bee7a0819ea4286b26271,cc2e20a2fa3bee7a0819ea4286b26271
569,UriHash,F03FC4084D446D6A75FB9A519A02286A,f03fc4084d446d6a75fb9a519a02286a,f03fc4084d446d6a75fb9a519a02286a,f03fc4084d446d6a75fb9a519a02286a,f03fc4084d446d6a75fb9a519a02286a,f03fc4084d446d6a75fb9a519a02286a,f03fc4084d446d6a75fb9a519a02286a
570,UriHash,39FD5F3EF7243B242F5358A2F75ED21B,39fd5f3ef7243b242f5358a2f75ed21b,39fd5f3ef7243b242f5358a2f75ed21b,39fd5f3ef7243b242f5358a2f75ed21b,39fd5f3ef7243b242f5358a2f75ed21b,39fd5f3ef7243b242f5358a2f75ed21b,39fd5f3ef7243b242f5358a2f75ed21b
571,UriHash,F32CDC73AA20268D5ED651A4225D8E76,f32cdc73aa20268d5ed651a4225d8e76,f32cdc73aa20268d5ed651a4225d8e76,f32cdc73aa20268d5ed651a4225d8e76,f32cdc73aa20268d5ed651a4225d8e76,f32cdc73aa20268d5ed651a4225d8e76,f32cdc73aa20268d5ed651a4225d8e76
572,UriHash,F5DDC08F303FE2B874E3702B75EE7685,f5ddc08f303fe2b874e3702b75ee7685,f5ddc08f303fe2b874e3702b75ee7685,f5ddc08f303fe2b874e3702b75ee7685,f5ddc08f303fe2b874e3702b75ee7685,f5ddc08f303fe2b874e3702b75ee7685,f5ddc08f303fe2b874e3702b75ee7685
573,UriHash,42D72FD34EA66553E00F59B3833A667E,42d72fd34ea66553e00f59b3833a667e,42d72fd34ea66553e00f59b3833a667e,42d72fd34ea66553e00f59b3833a667e,42d72fd34ea66553e00f59b3833a667e,42d72fd34ea66553e00f59b3833a667e,42d72fd34ea66553e00f59b3833a667e
574,UriHash,F199CCC7664ABA454BA845ED03880872,f199ccc7664aba454ba845ed03880872,f199ccc7664aba454ba845ed03880872,f199ccc7664aba454ba845ed03880872,f199ccc7664aba454ba845ed03880872,f199ccc7664aba454ba845ed03880872,f199ccc7664aba454ba845ed03880872
575,UriHash,079B47D0F26BE5808F0F48E6243E85DD,079b47d0f26be5808f0f48e6243e85dd,079b47d0f26be5808f0f48e6243e85dd,079b47d0f26be5808f0f48e6243e85dd,079b47d0f26be5808f0f48e6243e85dd,079b47d0f26be5808f0f48e6243e85dd,079b47d0f26be5808f0f48e6243e85dd
576,UriHash,6E4E7367467AA8ABCAA21FDBDAA6087D,6e4e7367467aa8abcaa21fdbdaa6087d,6e4e7367467aa8abcaa21fdbdaa6087d,6e4e7367467aa8abcaa21fdbdaa6087d,6e4e7367467aa8abcaa21fdbdaa6087d,6e4e7367467aa8abcaa21fdbdaa6087d,6e4e7367467aa8abcaa21fdbdaa6087d
577,UriHash,BCE63F21EAE3D9995A2EB2191FB51CAA,bce63f21eae3d9995a2eb2191fb51caa,bce63f21eae3d9995a2eb2191fb51caa,bce63f21eae3d9995a2eb2191fb51caa,bce63f21eae3d9995a2eb2191fb51caa,bce63f21eae3d9995a2eb2191fb51caa,bce63f21eae3d9995a2eb2191fb51caa
578,UriHash,B047140A1244B567807ECDA5BE9C067C,b047140a1244b567807ecda5be9c067c,b047140a1244b567807ecda5be9c067c,b047140a1244b567807ecda5be9c067c,b047140a1244b567807ecda5be9c067c,b047140a1244b567807ecda5be9c067c,b047140a1244b567807ecda5be9c067c
579,UriHash,4A73F0A176CE5BE245ADA7D676AF2BDD,4a73f0a176ce5be245ada7d676af2bdd,4a73f0a176ce5be245ada7d676af2bdd,4a73f0a176ce5be245ada7d676af2bdd,4a73f0a176ce5be245ada7d676af2bdd,4a73f0a176ce5be245ada7d676af2bdd,4a73f0a176ce5be245ada7d676af2bdd
580,UriHash,8FE35C87247AE0E617BE17E40869FDCB,8fe35c87247ae0e617be17e40869fdcb,8fe35c87247ae0e617be17e40869fdcb,8fe35c87247ae0e617be17e40869fdcb,8fe35c87247ae0e617be17e40869fdcb,8fe35c87247ae0e617be17e40869fdcb,8fe35c87247ae0e617be17e40869fdcb
581,UriHash,B8DA2D4E60700A208E28D4F643C7A6B1,b8da2d4e60700a208e28d4f643c7a6b1,b8da2d4e60700a208e28d4f643c7a6b1,b8da2d4e60700a208e28d4f643c7a6b1,b8da2d4e60700a208e28d4f643c7a6b1,b8da2d4e60700a208e28d4f643c7a6b1,b8da2d4e60700a208e28d4f643c7a6b1
582,UriHash,1CF230A16AC5284D7440C0732C38A220,1cf230a16ac5284d7440c0732c38a220,1cf230a16ac5284d7440c0732c38a220,1cf230a16ac5284d7440c0732c38a220,1cf230a16ac5284d7440c0732c38a220,1cf230a16ac5284d7440c0732c38a220,1cf230a16ac5284d7440c0732c38a220
583,UriHash,FFF2B65C2155EE3AAE53C67AFF14706A,fff2b65c2155ee3aae53c67aff14706a,fff2b65c2155ee3aae53c67aff14706a,fff2b65c2155ee3aae53c67aff14706a,fff2b65c2155ee3aae53c67aff14706a,fff2b65c2155ee3aae53c67aff14706a,fff2b65c2155ee3aae53c67aff14706a
584,UriHash,C9FD9277533AABCF403148E2BB6A4006,c9fd9277533aabcf403148e2bb6a4006,c9fd9277533aabcf403148e2bb6a4006,c9fd9277533aabcf403148e2bb6a4006,c9fd9277533aabcf403148e2bb6a4006,c9fd9277533aabcf403148e2bb6a4006,c9fd9277533aabcf403148e2bb6a4006
585,UriHash,CA42C1DA59F99213ED3F76E6DDEAC897,ca42c1da59f99213ed3f76e6ddeac897,ca42c1da59f99213ed3f76e6ddeac897,ca42c1da59f99213ed3f76e6ddeac897,ca42c1da59f99213ed3f76e6ddeac897,ca42c1da59f99213ed3f76e6ddeac897,ca42c1da59f99213ed3f76e6ddeac897
586,UriHash,C08F2A0B52D3074D75AAFE33990F602B,c08f2a0b52d3074d75aafe33990f602b,c08f2a0b52d3074d75aafe33990f602b,c08f2a0b52d3074d75aafe33990f602b,c08f2a0b52d3074d75aafe33990f602b,c08f2a0b52d3074d75aafe33990f602b,c08f2a0b52d3074d75aafe33990f602b
587,UriHash,F04D805DED2A891002A11653C8386CF3,f04d805ded2a891002a11653c8386cf3,f04d805ded2a891002a11653c8386cf3,f04d805ded2a891002a11653c8386cf3,f04d805ded2a891002a11653c8386cf3,f04d805ded2a891002a11653c8386cf3,f04d805ded2a891002a11653c8386cf3
588,UriHash,3AF5399947DD18F37438151AAFA3E526,3af5399947dd18f37438151aafa3e526,3af5399947dd18f37438151aafa3e526,3af5399947dd18f37438151aafa3e526,3af5399947dd18f37438151aafa3e526,3af5399947dd18f37438151aafa3e526,3af5399947dd18f37438151aafa3e526
589,UriHash,188DFF359B24FB26EA4B8544B10E5B7C,188dff359b24fb26ea4b8544b10e5b7c,188dff359b24fb26ea4b8544b10e5b7c,188dff359b24fb26ea4b8544b10e5b7c,188dff359b24fb26ea4b8544b10e5b7c,188dff359b24fb26ea4b8544b10e5b7c,188dff359b24fb26ea4b8544b10e5b7c
590,UriHash,4BEC35A09D28923E08C6BAA57913EE3E,4bec35a09d28923e08c6baa57913ee3e,4bec35a09d28923e08c6baa57913ee3e,4bec35a09d28923e08c6baa57913ee3e,4bec35a09d28923e08c6baa57913ee3e,4bec35a09d28923e08c6baa57913ee3e,4bec35a09d28923e08c6baa57913ee3e
591,UriHash,085D036FF62F5D61F6A4BA99227F8484,085d036ff62f5d61f6a4ba99227f8484,085d036ff62f5d61f6a4ba99227f8484,085d036ff62f5d61f6a4ba99227f8484,085d036ff62f5d61f6a4ba99227f8484,085d036ff62f5d61f6a4ba99227f8484,085d036ff62f5d61f6a4ba99227f8484
592,UriHash,26E26A410FE8D405D29BD5F3AF2E9ED2,26e26a410fe8d405d29bd5f3af2e9ed2,26e26a410fe8d405d29bd5f3af2e9ed2,26e26a410fe8d405d29bd5f3af2e9ed2,26e26a410fe8d405d29bd5f3af2e9ed2,26e26a410fe8d405d29bd5f3af2e9ed2,26e26a410fe8d405d29bd5f3af2e9ed2
593,UriHash,577FD358419AF3621120A6D5C93303AF,577fd358419af3621120a6d5c93303af,577fd358419af3621120a6d5c93303af,577fd358419af3621120a6d5c93303af,577fd358419af3621120a6d5c93303af,577fd358419af3621120a6d5c93303af,577fd358419af3621120a6d5c93303af
594,UriHash,08A544EEE76C37E953CDE003412A1A8B,08a544eee76c37e953cde003412a1a8b,08a544eee76c37e953cde003412a1a8b,08a544eee76c37e953cde003412a1a8b,08a544eee76c37e953cde003412a1a8b,08a544eee76c37e953cde003412a1a8b,08a544eee76c37e953cde003412a1a8b
595,UriHash,C38A98F12671F303816FA590DDFEBC2E,c38a98f12671f303816fa590ddfebc2e,c38a98f12671f303816fa590ddfebc2e,c38a98f12671f303816fa590ddfebc2e,c38a98f12671f303816fa590ddfebc2e,c38a98f12671f303816fa590ddfebc2e,c38a98f12671f303816fa590ddfebc2e
596,UriHash,69A842D2FFA9824D15A1CE28464785F5,69a842d2ffa9824d15a1ce28464785f5,69a842d2ffa9824d15a1ce28464785f5,69a842d2ffa9824d15a1ce28464785f5,69a842d2ffa9824d15a1ce28464785f5,69a842d2ffa9824d15a1ce28464785f5,69a842d2ffa9824d15a1ce28464785f5
597,UriHash,2188382AA491F320033C0C7D12275A6D,2188382aa491f320033c0c7d12275a6d,2188382aa491f320033c0c7d12275a6d,2188382aa491f320033c0c7d12275a6d,2188382aa491f320033c0c7d12275a6d,2188382aa491f320033c0c7d12275a6d,2188382aa491f320033c0c7d12275a6d
598,UriHash,665B5FC4F46F449B76A74425C6248AD4,665b5fc4f46f449b76a74425c6248ad4,665b5fc4f46f449b76a74425c6248ad4,665b5fc4f46f449b76a74425c6248ad4,665b5fc4f46f449b76a74425c6248ad4,665b5fc4f46f449b76a74425c6248ad4,665b5fc4f46f449b76a74425c6248ad4
599,UriHash,16FAD40613A9659E15118586F47706A8,16fad40613a9659e15118586f47706a8,16fad40613a9659e15118586f47706a8,16fad40613a9659e15118586f47706a8,16fad40613a9659e15118586f47706a8,16fad40613a9659e15118586f47706a8,16fad40613a9659e15118586f47706a8
601,UriHash,B6005519F0288FE300AE727E5DF1899E,b6005519f0288fe300ae727e5df1899e,b6005519f0288fe300ae727e5df1899e,b6005519f0288fe300ae727e5df1899e,b6005519f0288fe300ae727e5df1899e,b6005519f0288fe300ae727e5df1899e,b6005519f0288fe300ae727e5df1899e
602,UriHash,444F71C11948105C57A918B76F6160A2,444f71c11948105c57a918b76f6160a2,444f71c11948105c57a918b76f6160a2,444f71c11948105c57a918b76f6160a2,444f71c11948105c57a918b76f6160a2,444f71c11948105c57a918b76f6160a2,444f71c11948105c57a918b76f6160a2
604,UriHash,BF0C29EE3A554F5D6AC801A4CDDCD9A2,bf0c29ee3a554f5d6ac801a4cddcd9a2,bf0c29ee3a554f5d6ac801a4cddcd9a2,bf0c29ee3a554f5d6ac801a4cddcd9a2,bf0c29ee3a554f5d6ac801a4cddcd9a2,bf0c29ee3a554f5d6ac801a4cddcd9a2,bf0c29ee3a554f5d6ac801a4cddcd9a2
605,UriHash,4A34658ACA1596712E7759F448583977,4a34658aca1596712e7759f448583977,4a34658aca1596712e7759f448583977,4a34658aca1596712e7759f448583977,4a34658aca1596712e7759f448583977,4a34658aca1596712e7759f448583977,4a34658aca1596712e7759f448583977
606,UriHash,822F770C87B0C9100456E9DF87A2D1BB,822f770c87b0c9100456e9df87a2d1bb,822f770c87b0c9100456e9df87a2d1bb,822f770c87b0c9100456e9df87a2d1bb,822f770c87b0c9100456e9df87a2d1bb,822f770c87b0c9100456e9df87a2d1bb,822f770c87b0c9100456e9df87a2d1bb
607,UriHash,1D25BEDB8513D5DAFA4A11DA9FD65DD6,1d25bedb8513d5dafa4a11da9fd65dd6,1d25bedb8513d5dafa4a11da9fd65dd6,1d25bedb8513d5dafa4a11da9fd65dd6,1d25bedb8513d5dafa4a11da9fd65dd6,1d25bedb8513d5dafa4a11da9fd65dd6,1d25bedb8513d5dafa4a11da9fd65dd6
608,UriHash,5D5B3154D7A864616C6C3402CA6562CD,5d5b3154d7a864616c6c3402ca6562cd,5d5b3154d7a864616c6c3402ca6562cd,5d5b3154d7a864616c6c3402ca6562cd,5d5b3154d7a864616c6c3402ca6562cd,5d5b3154d7a864616c6c3402ca6562cd,5d5b3154d7a864616c6c3402ca6562cd
609,UriHash,A9DC527DE245837DEEA0AD55293CF72B,a9dc527de245837deea0ad55293cf72b,a9dc527de245837deea0ad55293cf72b,a9dc527de245837deea0ad55293cf72b,a9dc527de245837deea0ad55293cf72b,a9dc527de245837deea0ad55293cf72b,a9dc527de245837deea0ad55293cf72b
611,UriHash,FEFFF697BFE04971D3139F01B29E8C88,fefff697bfe04971d3139f01b29e8c88,fefff697bfe04971d3139f01b29e8c88,fefff697bfe04971d3139f01b29e8c88,fefff697bfe04971d3139f01b29e8c88,fefff697bfe04971d3139f01b29e8c88,fefff697bfe04971d3139f01b29e8c88
612,UriHash,2C738A33DADF37328D1C909C8F058909,2c738a33dadf37328d1c909c8f058909,2c738a33dadf37328d1c909c8f058909,2c738a33dadf37328d1c909c8f058909,2c738a33dadf37328d1c909c8f058909,2c738a33dadf37328d1c909c8f058909,2c738a33dadf37328d1c909c8f058909
613,UriHash,94F623290F400FFD979D22548F4F19B6,94f623290f400ffd979d22548f4f19b6,94f623290f400ffd979d22548f4f19b6,94f623290f400ffd979d22548f4f19b6,94f623290f400ffd979d22548f4f19b6,94f623290f400ffd979d22548f4f19b6,94f623290f400ffd979d22548f4f19b6
614,UriHash,B256707338867D12C4411FD277DCBCB8,b256707338867d12c4411fd277dcbcb8,b256707338867d12c4411fd277dcbcb8,b256707338867d12c4411fd277dcbcb8,b256707338867d12c4411fd277dcbcb8,b256707338867d12c4411fd277dcbcb8,b256707338867d12c4411fd277dcbcb8
615,UriHash,B4B7CF7E3A357836F28EF8E8149F0D25,b4b7cf7e3a357836f28ef8e8149f0d25,b4b7cf7e3a357836f28ef8e8149f0d25,b4b7cf7e3a357836f28ef8e8149f0d25,b4b7cf7e3a357836f28ef8e8149f0d25,b4b7cf7e3a357836f28ef8e8149f0d25,b4b7cf7e3a357836f28ef8e8149f0d25
616,UriHash,8AC07B4384614EBBF5DD335AA7210161,8ac07b4384614ebbf5dd335aa7210161,8ac07b4384614ebbf5dd335aa7210161,8ac07b4384614ebbf5dd335aa7210161,8ac07b4384614ebbf5dd335aa7210161,8ac07b4384614ebbf5dd335aa7210161,8ac07b4384614ebbf5dd335aa7210161
617,UriHash,49FD0BEED8F38117037A52E6DBAB934F,49fd0beed8f38117037a52e6dbab934f,49fd0beed8f38117037a52e6dbab934f,49fd0beed8f38117037a52e6dbab934f,49fd0beed8f38117037a52e6dbab934f,49fd0beed8f38117037a52e6dbab934f,49fd0beed8f38117037a52e6dbab934f
618,UriHash,C5C33632A210A7DA6FF125C3F9CF4665,c5c33632a210a7da6ff125c3f9cf4665,c5c33632a210a7da6ff125c3f9cf4665,c5c33632a210a7da6ff125c3f9cf4665,c5c33632a210a7da6ff125c3f9cf4665,c5c33632a210a7da6ff125c3f9cf4665,c5c33632a210a7da6ff125c3f9cf4665
619,UriHash,6C846452BAE625C6331ADFFA6666D872,6c846452bae625c6331adffa6666d872,6c846452bae625c6331adffa6666d872,6c846452bae625c6331adffa6666d872,6c846452bae625c6331adffa6666d872,6c846452bae625c6331adffa6666d872,6c846452bae625c6331adffa6666d872
620,UriHash,578877F12D769EE0B235C57D08B70D5F,578877f12d769ee0b235c57d08b70d5f,578877f12d769ee0b235c57d08b70d5f,578877f12d769ee0b235c57d08b70d5f,578877f12d769ee0b235c57d08b70d5f,578877f12d769ee0b235c57d08b70d5f,578877f12d769ee0b235c57d08b70d5f
621,UriHash,2FA4CD51B21A198C5D8E89E553726BCC,2fa4cd51b21a198c5d8e89e553726bcc,2fa4cd51b21a198c5d8e89e553726bcc,2fa4cd51b21a198c5d8e89e553726bcc,2fa4cd51b21a198c5d8e89e553726bcc,2fa4cd51b21a198c5d8e89e553726bcc,2fa4cd51b21a198c5d8e89e553726bcc
622,UriHash,5FD9FAFA9E0FB6D87691D4FC24954770,5fd9fafa9e0fb6d87691d4fc24954770,5fd9fafa9e0fb6d87691d4fc24954770,5fd9fafa9e0fb6d87691d4fc24954770,5fd9fafa9e0fb6d87691d4fc24954770,5fd9fafa9e0fb6d87691d4fc24954770,5fd9fafa9e0fb6d87691d4fc24954770
623,UriHash,07578AC488E8743D1C6AA2880A6F45B4,07578ac488e8743d1c6aa2880a6f45b4,07578ac488e8743d1c6aa2880a6f45b4,07578ac488e8743d1c6aa2880a6f45b4,07578ac488e8743d1c6aa2880a6f45b4,07578ac488e8743d1c6aa2880a6f45b4,07578ac488e8743d1c6aa2880a6f45b4
624,UriHash,3DF67EDF8AD9C81C1DC3B7F1186B6EBD,3df67edf8ad9c81c1dc3b7f1186b6ebd,3df67edf8ad9c81c1dc3b7f1186b6ebd,3df67edf8ad9c81c1dc3b7f1186b6ebd,3df67edf8ad9c81c1dc3b7f1186b6ebd,3df67edf8ad9c81c1dc3b7f1186b6ebd,3df67edf8ad9c81c1dc3b7f1186b6ebd
625,UriHash,E280A43280B0D6F39D6239447C54FD56,e280a43280b0d6f39d6239447c54fd56,e280a43280b0d6f39d6239447c54fd56,e280a43280b0d6f39d6239447c54fd56,e280a43280b0d6f39d6239447c54fd56,e280a43280b0d6f39d6239447c54fd56,e280a43280b0d6f39d6239447c54fd56
626,UriHash,6EB7090A60549EB9D14D9D778D37C461,6eb7090a60549eb9d14d9d778d37c461,6eb7090a60549eb9d14d9d778d37c461,6eb7090a60549eb9d14d9d778d37c461,6eb7090a60549eb9d14d9d778d37c461,6eb7090a60549eb9d14d9d778d37c461,6eb7090a60549eb9d14d9d778d37c461
627,UriHash,DFA47AC38C3F5CDBB9167D1A93DA63C7,dfa47ac38c3f5cdbb9167d1a93da63c7,dfa47ac38c3f5cdbb9167d1a93da63c7,dfa47ac38c3f5cdbb9167d1a93da63c7,dfa47ac38c3f5cdbb9167d1a93da63c7,dfa47ac38c3f5cdbb9167d1a93da63c7,dfa47ac38c3f5cdbb9167d1a93da63c7
628,UriHash,DE76759FF3063D42E5F4AC0525E92823,de76759ff3063d42e5f4ac0525e92823,de76759ff3063d42e5f4ac0525e92823,de76759ff3063d42e5f4ac0525e92823,de76759ff3063d42e5f4ac0525e92823,de76759ff3063d42e5f4ac0525e92823,de76759ff3063d42e5f4ac0525e92823
629,UriHash,82CB8C886F0483E36E230B218B27D47C,82cb8c886f0483e36e230b218b27d47c,82cb8c886f0483e36e230b218b27d47c,82cb8c886f0483e36e230b218b27d47c,82cb8c886f0483e36e230b218b27d47c,82cb8c886f0483e36e230b218b27d47c,82cb8c886f0483e36e230b218b27d47c
630,UriHash,D587F5013451977C04F32FA6481E1273,d587f5013451977c04f32fa6481e1273,d587f5013451977c04f32fa6481e1273,d587f5013451977c04f32fa6481e1273,d587f5013451977c04f32fa6481e1273,d587f5013451977c04f32fa6481e1273,d587f5013451977c04f32fa6481e1273
631,UriHash,029E313F0F49BA029552C9DE75BA66B4,029e313f0f49ba029552c9de75ba66b4,029e313f0f49ba029552c9de75ba66b4,029e313f0f49ba029552c9de75ba66b4,029e313f0f49ba029552c9de75ba66b4,029e313f0f49ba029552c9de75ba66b4,029e313f0f49ba029552c9de75ba66b4
632,UriHash,82C4D495747A264D1896AA58D17C5886,82c4d495747a264d1896aa58d17c5886,82c4d495747a264d1896aa58d17c5886,82c4d495747a264d1896aa58d17c5886,82c4d495747a264d1896aa58d17c5886,82c4d495747a264d1896aa58d17c5886,82c4d495747a264d1896aa58d17c5886
633,UriHash,897038564E0D73E5861127AE822C79D8,897038564e0d73e5861127ae822c79d8,897038564e0d73e5861127ae822c79d8,897038564e0d73e5861127ae822c79d8,897038564e0d73e5861127ae822c79d8,897038564e0d73e5861127ae822c79d8,897038564e0d73e5861127ae822c79d8
634,UriHash,D11E99B0B72934F3E48533561B40446B,d11e99b0b72934f3e48533561b40446b,d11e99b0b72934f3e48533561b40446b,d11e99b0b72934f3e48533561b40446b,d11e99b0b72934f3e48533561b40446b,d11e99b0b72934f3e48533561b40446b,d11e99b0b72934f3e48533561b40446b
635,UriHash,E03540BFC1863622D86DF1DCDFB0E8AB,e03540bfc1863622d86df1dcdfb0e8ab,e03540bfc1863622d86df1dcdfb0e8ab,e03540bfc1863622d86df1dcdfb0e8ab,e03540bfc1863622d86df1dcdfb0e8ab,e03540bfc1863622d86df1dcdfb0e8ab,e03540bfc1863622d86df1dcdfb0e8ab
636,UriHash,6D60BE93473577E2CE546F048BA2923D,6d60be93473577e2ce546f048ba2923d,6d60be93473577e2ce546f048ba2923d,6d60be93473577e2ce546f048ba2923d,6d60be93473577e2ce546f048ba2923d,6d60be93473577e2ce546f048ba2923d,6d60be93473577e2ce546f048ba2923d
637,UriHash,49D2930A9903480749B6938C8CB5CC42,49d2930a9903480749b6938c8cb5cc42,49d2930a9903480749b6938c8cb5cc42,49d2930a9903480749b6938c8cb5cc42,49d2930a9903480749b6938c8cb5cc42,49d2930a9903480749b6938c8cb5cc42,49d2930a9903480749b6938c8cb5cc42
638,UriHash,198FA23C6F982001EA33B6FD000158AF,198fa23c6f982001ea33b6fd000158af,198fa23c6f982001ea33b6fd000158af,198fa23c6f982001ea33b6fd000158af,198fa23c6f982001ea33b6fd000158af,198fa23c6f982001ea33b6fd000158af,198fa23c6f982001ea33b6fd000158af
639,UriHash,CA9DF3BC26FCA6DFF429689E18DCC812,ca9df3bc26fca6dff429689e18dcc812,ca9df3bc26fca6dff429689e18dcc812,ca9df3bc26fca6dff429689e18dcc812,ca9df3bc26fca6dff429689e18dcc812,ca9df3bc26fca6dff429689e18dcc812,ca9df3bc26fca6dff429689e18dcc812
640,UriHash,FB1094F1542F1ED016630A6E03DD0D21,fb1094f1542f1ed016630a6e03dd0d21,fb1094f1542f1ed016630a6e03dd0d21,fb1094f1542f1ed016630a6e03dd0d21,fb1094f1542f1ed016630a6e03dd0d21,fb1094f1542f1ed016630a6e03dd0d21,fb1094f1542f1ed016630a6e03dd0d21
641,UriHash,6AE36C7F46B3A2CE56F792DD300576CD,6ae36c7f46b3a2ce56f792dd300576cd,6ae36c7f46b3a2ce56f792dd300576cd,6ae36c7f46b3a2ce56f792dd300576cd,6ae36c7f46b3a2ce56f792dd300576cd,6ae36c7f46b3a2ce56f792dd300576cd,6ae36c7f46b3a2ce56f792dd300576cd
642,UriHash,B2446AB1AD712259D3DD2E1806B1F140,b2446ab1ad712259d3dd2e1806b1f140,b2446ab1ad712259d3dd2e1806b1f140,b2446ab1ad712259d3dd2e1806b1f140,b2446ab1ad712259d3dd2e1806b1f140,b2446ab1ad712259d3dd2e1806b1f140,b2446ab1ad712259d3dd2e1806b1f140
643,UriHash,72904FA0369984E47898C4AA5A49A78D,72904fa0369984e47898c4aa5a49a78d,72904fa0369984e47898c4aa5a49a78d,72904fa0369984e47898c4aa5a49a78d,72904fa0369984e47898c4aa5a49a78d,72904fa0369984e47898c4aa5a49a78d,72904fa0369984e47898c4aa5a49a78d
644,UriHash,1E4128334780FD467E016875300E4C08,1e4128334780fd467e016875300e4c08,1e4128334780fd467e016875300e4c08,1e4128334780fd467e016875300e4c08,1e4128334780fd467e016875300e4c08,1e4128334780fd467e016875300e4c08,1e4128334780fd467e016875300e4c08
645,UriHash,6BAD90379504BA0D5B77E46AA909D18A,6bad90379504ba0d5b77e46aa909d18a,6bad90379504ba0d5b77e46aa909d18a,6bad90379504ba0d5b77e46aa909d18a,6bad90379504ba0d5b77e46aa909d18a,6bad90379504ba0d5b77e46aa909d18a,6bad90379504ba0d5b77e46aa909d18a
646,UriHash,956FF22D43354765EBABE8222314E12B,956ff22d43354765ebabe8222314e12b,956ff22d43354765ebabe8222314e12b,956ff22d43354765ebabe8222314e12b,956ff22d43354765ebabe8222314e12b,956ff22d43354765ebabe8222314e12b,956ff22d43354765ebabe8222314e12b
647,UriHash,9ED13BBC31252352BC0AF590C7CF1389,9ed13bbc31252352bc0af590c7cf1389,9ed13bbc31252352bc0af590c7cf1389,9ed13bbc31252352bc0af590c7cf1389,9ed13bbc31252352bc0af590c7cf1389,9ed13bbc31252352bc0af590c7cf1389,9ed13bbc31252352bc0af590c7cf1389
648,UriHash,C2BE9181FB719AA66AC9E67D13E091B2,c2be9181fb719aa66ac9e67d13e091b2,c2be9181fb719aa66ac9e67d13e091b2,c2be9181fb719aa66ac9e67d13e091b2,c2be9181fb719aa66ac9e67d13e091b2,c2be9181fb719aa66ac9e67d13e091b2,c2be9181fb719aa66ac9e67d13e091b2
649,UriHash,3E53B12BE12786DB04144D09574163DD,3e53b12be12786db04144d09574163dd,3e53b12be12786db04144d09574163dd,3e53b12be12786db04144d09574163dd,3e53b12be12786db04144d09574163dd,3e53b12be12786db04144d09574163dd,3e53b12be12786db04144d09574163dd
650,UriHash,C4A1B4E666B4BAEE12D49B9219496173,c4a1b4e666b4baee12d49b9219496173,c4a1b4e666b4baee12d49b9219496173,c4a1b4e666b4baee12d49b9219496173,c4a1b4e666b4baee12d49b9219496173,c4a1b4e666b4baee12d49b9219496173,c4a1b4e666b4baee12d49b9219496173
651,UriHash,4B59A74B391FFF1C70EDEE8FD6C3CB09,4b59a74b391fff1c70edee8fd6c3cb09,4b59a74b391fff1c70edee8fd6c3cb09,4b59a74b391fff1c70edee8fd6c3cb09,4b59a74b391fff1c70edee8fd6c3cb09,4b59a74b391fff1c70edee8fd6c3cb09,4b59a74b391fff1c70edee8fd6c3cb09
652,UriHash,D2CA37F1A86D504596FD27B4E06F651F,d2ca37f1a86d504596fd27b4e06f651f,d2ca37f1a86d504596fd27b4e06f651f,d2ca37f1a86d504596fd27b4e06f651f,d2ca37f1a86d504596fd27b4e06f651f,d2ca37f1a86d504596fd27b4e06f651f,d2ca37f1a86d504596fd27b4e06f651f
653,UriHash,BCBF4139CDD66305D542DD5920D83947,bcbf4139cdd66305d542dd5920d83947,bcbf4139cdd66305d542dd5920d83947,bcbf4139cdd66305d542dd5920d83947,bcbf4139cdd66305d542dd5920d83947,bcbf4139cdd66305d542dd5920d83947,bcbf4139cdd66305d542dd5920d83947
654,UriHash,5AD27121885E55EDDD7C27FB15D71639,5ad27121885e55eddd7c27fb15d71639,5ad27121885e55eddd7c27fb15d71639,5ad27121885e55eddd7c27fb15d71639,5ad27121885e55eddd7c27fb15d71639,5ad27121885e55eddd7c27fb15d71639,5ad27121885e55eddd7c27fb15d71639
655,UriHash,606EEC57224B95CE0E1A9F67F321D481,606eec57224b95ce0e1a9f67f321d481,606eec57224b95ce0e1a9f67f321d481,606eec57224b95ce0e1a9f67f321d481,606eec57224b95ce0e1a9f67f321d481,606eec57224b95ce0e1a9f67f321d481,606eec57224b95ce0e1a9f67f321d481
656,UriHash,4BFE66433FD231121373432D83ADC059,4bfe66433fd231121373432d83adc059,4bfe66433fd231121373432d83adc059,4bfe66433fd231121373432d83adc059,4bfe66433fd231121373432d83adc059,4bfe66433fd231121373432d83adc059,4bfe66433fd231121373432d83adc059
657,UriHash,5365FDB327801451C5606A33ED0B44EA,5365fdb327801451c5606a33ed0b44ea,5365fdb327801451c5606a33ed0b44ea,5365fdb327801451c5606a33ed0b44ea,5365fdb327801451c5606a33ed0b44ea,5365fdb327801451c5606a33ed0b44ea,5365fdb327801451c5606a33ed0b44ea
658,UriHash,F1C5DC4F3FF83750F012B8D3E12DC2FA,f1c5dc4f3ff83750f012b8d3e12dc2fa,f1c5dc4f3ff83750f012b8d3e12dc2fa,f1c5dc4f3ff83750f012b8d3e12dc2fa,f1c5dc4f3ff83750f012b8d3e12dc2fa,f1c5dc4f3ff83750f012b8d3e12dc2fa,f1c5dc4f3ff83750f012b8d3e12dc2fa
659,UriHash,3391E228DC7F10487D7AFFB3C3D80BEC,3391e228dc7f10487d7affb3c3d80bec,3391e228dc7f10487d7affb3c3d80bec,3391e228dc7f10487d7affb3c3d80bec,3391e228dc7f10487d7affb3c3d80bec,3391e228dc7f10487d7affb3c3d80bec,3391e228dc7f10487d7affb3c3d80bec
660,UriHash,C14C6DB59758761D24533330782EC139,c14c6db59758761d24533330782ec139,c14c6db59758761d24533330782ec139,c14c6db59758761d24533330782ec139,c14c6db59758761d24533330782ec139,c14c6db59758761d24533330782ec139,c14c6db59758761d24533330782ec139
661,UriHash,ED4C6A43B06A144C80D4514D488354D5,ed4c6a43b06a144c80d4514d488354d5,ed4c6a43b06a144c80d4514d488354d5,ed4c6a43b06a144c80d4514d488354d5,ed4c6a43b06a144c80d4514d488354d5,ed4c6a43b06a144c80d4514d488354d5,ed4c6a43b06a144c80d4514d488354d5
662,UriHash,101E0FDF653F37BD291AFFBC61759860,101e0fdf653f37bd291affbc61759860,101e0fdf653f37bd291affbc61759860,101e0fdf653f37bd291affbc61759860,101e0fdf653f37bd291affbc61759860,101e0fdf653f37bd291affbc61759860,101e0fdf653f37bd291affbc61759860
663,UriHash,8B11B3A3EFEC40B993EB4E764A5208EF,8b11b3a3efec40b993eb4e764a5208ef,8b11b3a3efec40b993eb4e764a5208ef,8b11b3a3efec40b993eb4e764a5208ef,8b11b3a3efec40b993eb4e764a5208ef,8b11b3a3efec40b993eb4e764a5208ef,8b11b3a3efec40b993eb4e764a5208ef
664,UriHash,9CEEFA70841DE9F0F3D9B7012D3D51E8,9ceefa70841de9f0f3d9b7012d3d51e8,9ceefa70841de9f0f3d9b7012d3d51e8,9ceefa70841de9f0f3d9b7012d3d51e8,9ceefa70841de9f0f3d9b7012d3d51e8,9ceefa70841de9f0f3d9b7012d3d51e8,9ceefa70841de9f0f3d9b7012d3d51e8
665,UriHash,B2D71DD7AB5C0FBC5AFB0CB43B6574CF,b2d71dd7ab5c0fbc5afb0cb43b6574cf,b2d71dd7ab5c0fbc5afb0cb43b6574cf,b2d71dd7ab5c0fbc5afb0cb43b6574cf,b2d71dd7ab5c0fbc5afb0cb43b6574cf,b2d71dd7ab5c0fbc5afb0cb43b6574cf,b2d71dd7ab5c0fbc5afb0cb43b6574cf
666,UriHash,B42530F0E62F1B70E9113BFD5E902A73,b42530f0e62f1b70e9113bfd5e902a73,b42530f0e62f1b70e9113bfd5e902a73,b42530f0e62f1b70e9113bfd5e902a73,b42530f0e62f1b70e9113bfd5e902a73,b42530f0e62f1b70e9113bfd5e902a73,b42530f0e62f1b70e9113bfd5e902a73
667,UriHash,6454CE9084E80556DD31C77922A32A70,6454ce9084e80556dd31c77922a32a70,6454ce9084e80556dd31c77922a32a70,6454ce9084e80556dd31c77922a32a70,6454ce9084e80556dd31c77922a32a70,6454ce9084e80556dd31c77922a32a70,6454ce9084e80556dd31c77922a32a70
668,UriHash,1F035783D55137D5A25FFFFD11E91404,1f035783d55137d5a25ffffd11e91404,1f035783d55137d5a25ffffd11e91404,1f035783d55137d5a25ffffd11e91404,1f035783d55137d5a25ffffd11e91404,1f035783d55137d5a25ffffd11e91404,1f035783d55137d5a25ffffd11e91404
669,UriHash,3F06FB6B131C2BC303E11BB9F8135C88,3f06fb6b131c2bc303e11bb9f8135c88,3f06fb6b131c2bc303e11bb9f8135c88,3f06fb6b131c2bc303e11bb9f8135c88,3f06fb6b131c2bc303e11bb9f8135c88,3f06fb6b131c2bc303e11bb9f8135c88,3f06fb6b131c2bc303e11bb9f8135c88
670,UriHash,ED7B5F1148C71C912DEB29971A3A54B6,ed7b5f1148c71c912deb29971a3a54b6,ed7b5f1148c71c912deb29971a3a54b6,ed7b5f1148c71c912deb29971a3a54b6,ed7b5f1148c71c912deb29971a3a54b6,ed7b5f1148c71c912deb29971a3a54b6,ed7b5f1148c71c912deb29971a3a54b6
671,UriHash,C5607DB86B7AFC97B1FB2955BD744DCF,c5607db86b7afc97b1fb2955bd744dcf,c5607db86b7afc97b1fb2955bd744dcf,c5607db86b7afc97b1fb2955bd744dcf,c5607db86b7afc97b1fb2955bd744dcf,c5607db86b7afc97b1fb2955bd744dcf,c5607db86b7afc97b1fb2955bd744dcf
672,UriHash,0C58E1D59CA2B39AC027B171757557A7,0c58e1d59ca2b39ac027b171757557a7,0c58e1d59ca2b39ac027b171757557a7,0c58e1d59ca2b39ac027b171757557a7,0c58e1d59ca2b39ac027b171757557a7,0c58e1d59ca2b39ac027b171757557a7,0c58e1d59ca2b39ac027b171757557a7
673,UriHash,6EC3DAF352E45C941B1C0D92EE043438,6ec3daf352e45c941b1c0d92ee043438,6ec3daf352e45c941b1c0d92ee043438,6ec3daf352e45c941b1c0d92ee043438,6ec3daf352e45c941b1c0d92ee043438,6ec3daf352e45c941b1c0d92ee043438,6ec3daf352e45c941b1c0d92ee043438
674,UriHash,F0283A1ACA1862F494BA883AD9E7D5DD,f0283a1aca1862f494ba883ad9e7d5dd,f0283a1aca1862f494ba883ad9e7d5dd,f0283a1aca1862f494ba883ad9e7d5dd,f0283a1aca1862f494ba883ad9e7d5dd,f0283a1aca1862f494ba883ad9e7d5dd,f0283a1aca1862f494ba883ad9e7d5dd
675,UriHash,059EBE7C9410178A539BAC580A648BE0,059ebe7c9410178a539bac580a648be0,059ebe7c9410178a539bac580a648be0,059ebe7c9410178a539bac580a648be0,059ebe7c9410178a539bac580a648be0,059ebe7c9410178a539bac580a648be0,059ebe7c9410178a539bac580a648be0
676,UriHash,98F888E4F98CD87035E125AFD4B9C8F0,98f888e4f98cd87035e125afd4b9c8f0,98f888e4f98cd87035e125afd4b9c8f0,98f888e4f98cd87035e125afd4b9c8f0,98f888e4f98cd87035e125afd4b9c8f0,98f888e4f98cd87035e125afd4b9c8f0,98f888e4f98cd87035e125afd4b9c8f0
677,UriHash,46491E27C6927CBD756B84F3AFB756F2,46491e27c6927cbd756b84f3afb756f2,46491e27c6927cbd756b84f3afb756f2,46491e27c6927cbd756b84f3afb756f2,46491e27c6927cbd756b84f3afb756f2,46491e27c6927cbd756b84f3afb756f2,46491e27c6927cbd756b84f3afb756f2
678,UriHash,BF26E4E221AF45059B72CB1AC66A5723,bf26e4e221af45059b72cb1ac66a5723,bf26e4e221af45059b72cb1ac66a5723,bf26e4e221af45059b72cb1ac66a5723,bf26e4e221af45059b72cb1ac66a5723,bf26e4e221af45059b72cb1ac66a5723,bf26e4e221af45059b72cb1ac66a5723
679,UriHash,834D8AC321E5C4AC32B4AB1EBAA33821,834d8ac321e5c4ac32b4ab1ebaa33821,834d8ac321e5c4ac32b4ab1ebaa33821,834d8ac321e5c4ac32b4ab1ebaa33821,834d8ac321e5c4ac32b4ab1ebaa33821,834d8ac321e5c4ac32b4ab1ebaa33821,834d8ac321e5c4ac32b4ab1ebaa33821
680,UriHash,1CD76FC2F0385EE2A44EB14B5BCEF640,1cd76fc2f0385ee2a44eb14b5bcef640,1cd76fc2f0385ee2a44eb14b5bcef640,1cd76fc2f0385ee2a44eb14b5bcef640,1cd76fc2f0385ee2a44eb14b5bcef640,1cd76fc2f0385ee2a44eb14b5bcef640,1cd76fc2f0385ee2a44eb14b5bcef640
681,UriHash,A1DC187B9E33B8F2413E08F437EB6D3A,a1dc187b9e33b8f2413e08f437eb6d3a,a1dc187b9e33b8f2413e08f437eb6d3a,a1dc187b9e33b8f2413e08f437eb6d3a,a1dc187b9e33b8f2413e08f437eb6d3a,a1dc187b9e33b8f2413e08f437eb6d3a,a1dc187b9e33b8f2413e08f437eb6d3a
682,UriHash,F457A60AD81195638AC4F117F26F774C,f457a60ad81195638ac4f117f26f774c,f457a60ad81195638ac4f117f26f774c,f457a60ad81195638ac4f117f26f774c,f457a60ad81195638ac4f117f26f774c,f457a60ad81195638ac4f117f26f774c,f457a60ad81195638ac4f117f26f774c
684,UriHash,E03763E758B631463DD6E0C545472620,e03763e758b631463dd6e0c545472620,e03763e758b631463dd6e0c545472620,e03763e758b631463dd6e0c545472620,e03763e758b631463dd6e0c545472620,e03763e758b631463dd6e0c545472620,e03763e758b631463dd6e0c545472620
685,UriHash,1D4B9723106EE8D3430FB7896C1496AD,1d4b9723106ee8d3430fb7896c1496ad,1d4b9723106ee8d3430fb7896c1496ad,1d4b9723106ee8d3430fb7896c1496ad,1d4b9723106ee8d3430fb7896c1496ad,1d4b9723106ee8d3430fb7896c1496ad,1d4b9723106ee8d3430fb7896c1496ad
686,UriHash,9ED44AF8BF12D0CC3E9F33E11BE24085,9ed44af8bf12d0cc3e9f33e11be24085,9ed44af8bf12d0cc3e9f33e11be24085,9ed44af8bf12d0cc3e9f33e11be24085,9ed44af8bf12d0cc3e9f33e11be24085,9ed44af8bf12d0cc3e9f33e11be24085,9ed44af8bf12d0cc3e9f33e11be24085
687,UriHash,F89356564090E70AAB9AB3B2ECB77983,f89356564090e70aab9ab3b2ecb77983,f89356564090e70aab9ab3b2ecb77983,f89356564090e70aab9ab3b2ecb77983,f89356564090e70aab9ab3b2ecb77983,f89356564090e70aab9ab3b2ecb77983,f89356564090e70aab9ab3b2ecb77983
688,UriHash,DB844A0F8E1CBF697C638E88503DA250,db844a0f8e1cbf697c638e88503da250,db844a0f8e1cbf697c638e88503da250,db844a0f8e1cbf697c638e88503da250,db844a0f8e1cbf697c638e88503da250,db844a0f8e1cbf697c638e88503da250,db844a0f8e1cbf697c638e88503da250
689,UriHash,EA2EA154AD9AAE5ECF49F58BFB8ABF44,ea2ea154ad9aae5ecf49f58bfb8abf44,ea2ea154ad9aae5ecf49f58bfb8abf44,ea2ea154ad9aae5ecf49f58bfb8abf44,ea2ea154ad9aae5ecf49f58bfb8abf44,ea2ea154ad9aae5ecf49f58bfb8abf44,ea2ea154ad9aae5ecf49f58bfb8abf44
690,UriHash,2ECECE4A24C9C7F140F74792E900C565,2ecece4a24c9c7f140f74792e900c565,2ecece4a24c9c7f140f74792e900c565,2ecece4a24c9c7f140f74792e900c565,2ecece4a24c9c7f140f74792e900c565,2ecece4a24c9c7f140f74792e900c565,2ecece4a24c9c7f140f74792e900c565
691,UriHash,805387D1EEDC6399BC9B9B7106F8792D,805387d1eedc6399bc9b9b7106f8792d,805387d1eedc6399bc9b9b7106f8792d,805387d1eedc6399bc9b9b7106f8792d,805387d1eedc6399bc9b9b7106f8792d,805387d1eedc6399bc9b9b7106f8792d,805387d1eedc6399bc9b9b7106f8792d
692,UriHash,BCBAF3C6766409BD9E84969327C6711F,bcbaf3c6766409bd9e84969327c6711f,bcbaf3c6766409bd9e84969327c6711f,bcbaf3c6766409bd9e84969327c6711f,bcbaf3c6766409bd9e84969327c6711f,bcbaf3c6766409bd9e84969327c6711f,bcbaf3c6766409bd9e84969327c6711f
693,UriHash,9456535FDEA1E6AED436DB78E259D511,9456535fdea1e6aed436db78e259d511,9456535fdea1e6aed436db78e259d511,9456535fdea1e6aed436db78e259d511,9456535fdea1e6aed436db78e259d511,9456535fdea1e6aed436db78e259d511,9456535fdea1e6aed436db78e259d511
694,UriHash,9C45CE4C6021FE390D91F0FB30E18DFA,9c45ce4c6021fe390d91f0fb30e18dfa,9c45ce4c6021fe390d91f0fb30e18dfa,9c45ce4c6021fe390d91f0fb30e18dfa,9c45ce4c6021fe390d91f0fb30e18dfa,9c45ce4c6021fe390d91f0fb30e18dfa,9c45ce4c6021fe390d91f0fb30e18dfa
695,UriHash,C66D8AC545E4C09D64E97D0D4189432E,c66d8ac545e4c09d64e97d0d4189432e,c66d8ac545e4c09d64e97d0d4189432e,c66d8ac545e4c09d64e97d0d4189432e,c66d8ac545e4c09d64e97d0d4189432e,c66d8ac545e4c09d64e97d0d4189432e,c66d8ac545e4c09d64e97d0d4189432e
696,UriHash,A52EB3347BC118D7108DB0BD82EA756B,a52eb3347bc118d7108db0bd82ea756b,a52eb3347bc118d7108db0bd82ea756b,a52eb3347bc118d7108db0bd82ea756b,a52eb3347bc118d7108db0bd82ea756b,a52eb3347bc118d7108db0bd82ea756b,a52eb3347bc118d7108db0bd82ea756b
697,UriHash,87228BC58D6F4AA5C34C344FABECA925,87228bc58d6f4aa5c34c344fabeca925,87228bc58d6f4aa5c34c344fabeca925,87228bc58d6f4aa5c34c344fabeca925,87228bc58d6f4aa5c34c344fabeca925,87228bc58d6f4aa5c34c344fabeca925,87228bc58d6f4aa5c34c344fabeca925
698,UriHash,5C0468080DE57038E391FEACF4B6866D,5c0468080de57038e391feacf4b6866d,5c0468080de57038e391feacf4b6866d,5c0468080de57038e391feacf4b6866d,5c0468080de57038e391feacf4b6866d,5c0468080de57038e391feacf4b6866d,5c0468080de57038e391feacf4b6866d
699,UriHash,37B913443D3C150D2DCA6FD71E73BE22,37b913443d3c150d2dca6fd71e73be22,37b913443d3c150d2dca6fd71e73be22,37b913443d3c150d2dca6fd71e73be22,37b913443d3c150d2dca6fd71e73be22,37b913443d3c150d2dca6fd71e73be22,37b913443d3c150d2dca6fd71e73be22
700,UriHash,70D23438BF0B9A832AE6A648FD47638F,70d23438bf0b9a832ae6a648fd47638f,70d23438bf0b9a832ae6a648fd47638f,70d23438bf0b9a832ae6a648fd47638f,70d23438bf0b9a832ae6a648fd47638f,70d23438bf0b9a832ae6a648fd47638f,70d23438bf0b9a832ae6a648fd47638f
701,UriHash,8B63C0FBD961A7CE79B5BFBD4547CC02,8b63c0fbd961a7ce79b5bfbd4547cc02,8b63c0fbd961a7ce79b5bfbd4547cc02,8b63c0fbd961a7ce79b5bfbd4547cc02,8b63c0fbd961a7ce79b5bfbd4547cc02,8b63c0fbd961a7ce79b5bfbd4547cc02,8b63c0fbd961a7ce79b5bfbd4547cc02
702,UriHash,8717889C7960EB6619EE0EA4C94595A7,8717889c7960eb6619ee0ea4c94595a7,8717889c7960eb6619ee0ea4c94595a7,8717889c7960eb6619ee0ea4c94595a7,8717889c7960eb6619ee0ea4c94595a7,8717889c7960eb6619ee0ea4c94595a7,8717889c7960eb6619ee0ea4c94595a7
703,UriHash,B3900D7F49FEB61B77457B4C447AD1CB,b3900d7f49feb61b77457b4c447ad1cb,b3900d7f49feb61b77457b4c447ad1cb,b3900d7f49feb61b77457b4c447ad1cb,b3900d7f49feb61b77457b4c447ad1cb,b3900d7f49feb61b77457b4c447ad1cb,b3900d7f49feb61b77457b4c447ad1cb
704,UriHash,6886530383EE9B6C240C0D3C58EE63E2,6886530383ee9b6c240c0d3c58ee63e2,6886530383ee9b6c240c0d3c58ee63e2,6886530383ee9b6c240c0d3c58ee63e2,6886530383ee9b6c240c0d3c58ee63e2,6886530383ee9b6c240c0d3c58ee63e2,6886530383ee9b6c240c0d3c58ee63e2
705,UriHash,CFDC678650836A1F79B3F41FF886CF81,cfdc678650836a1f79b3f41ff886cf81,cfdc678650836a1f79b3f41ff886cf81,cfdc678650836a1f79b3f41ff886cf81,cfdc678650836a1f79b3f41ff886cf81,cfdc678650836a1f79b3f41ff886cf81,cfdc678650836a1f79b3f41ff886cf81
706,UriHash,3074B87D0490D06EB9C0A064E8ED3B2B,3074b87d0490d06eb9c0a064e8ed3b2b,3074b87d0490d06eb9c0a064e8ed3b2b,3074b87d0490d06eb9c0a064e8ed3b2b,3074b87d0490d06eb9c0a064e8ed3b2b,3074b87d0490d06eb9c0a064e8ed3b2b,3074b87d0490d06eb9c0a064e8ed3b2b
707,UriHash,20A00015F0CC19D37D0474DF4BDF99C6,20a00015f0cc19d37d0474df4bdf99c6,20a00015f0cc19d37d0474df4bdf99c6,20a00015f0cc19d37d0474df4bdf99c6,20a00015f0cc19d37d0474df4bdf99c6,20a00015f0cc19d37d0474df4bdf99c6,20a00015f0cc19d37d0474df4bdf99c6
708,UriHash,63331B872DC3B6138041E3480BCA310F,63331b872dc3b6138041e3480bca310f,63331b872dc3b6138041e3480bca310f,63331b872dc3b6138041e3480bca310f,63331b872dc3b6138041e3480bca310f,63331b872dc3b6138041e3480bca310f,63331b872dc3b6138041e3480bca310f
709,UriHash,59FE5AEDC80F5146DFE28DC715DBCF45,59fe5aedc80f5146dfe28dc715dbcf45,59fe5aedc80f5146dfe28dc715dbcf45,59fe5aedc80f5146dfe28dc715dbcf45,59fe5aedc80f5146dfe28dc715dbcf45,59fe5aedc80f5146dfe28dc715dbcf45,59fe5aedc80f5146dfe28dc715dbcf45
710,UriHash,70AAA05113B8C197220266DE81760D90,70aaa05113b8c197220266de81760d90,70aaa05113b8c197220266de81760d90,70aaa05113b8c197220266de81760d90,70aaa05113b8c197220266de81760d90,70aaa05113b8c197220266de81760d90,70aaa05113b8c197220266de81760d90
711,UriHash,58534F47AF8D7A3B762D35011C1A2C8D,58534f47af8d7a3b762d35011c1a2c8d,58534f47af8d7a3b762d35011c1a2c8d,58534f47af8d7a3b762d35011c1a2c8d,58534f47af8d7a3b762d35011c1a2c8d,58534f47af8d7a3b762d35011c1a2c8d,58534f47af8d7a3b762d35011c1a2c8d
712,UriHash,750E2CED8258356CF94F4E9A8671DFDB,750e2ced8258356cf94f4e9a8671dfdb,750e2ced8258356cf94f4e9a8671dfdb,750e2ced8258356cf94f4e9a8671dfdb,750e2ced8258356cf94f4e9a8671dfdb,750e2ced8258356cf94f4e9a8671dfdb,750e2ced8258356cf94f4e9a8671dfdb
713,UriHash,86008AAF6455E2A884620B9280B6C058,86008aaf6455e2a884620b9280b6c058,86008aaf6455e2a884620b9280b6c058,86008aaf6455e2a884620b9280b6c058,86008aaf6455e2a884620b9280b6c058,86008aaf6455e2a884620b9280b6c058,86008aaf6455e2a884620b9280b6c058
714,UriHash,B73CDFBC919E6431B366B7F2F0747CEC,b73cdfbc919e6431b366b7f2f0747cec,b73cdfbc919e6431b366b7f2f0747cec,b73cdfbc919e6431b366b7f2f0747cec,b73cdfbc919e6431b366b7f2f0747cec,b73cdfbc919e6431b366b7f2f0747cec,b73cdfbc919e6431b366b7f2f0747cec
715,UriHash,851E5F58C7B611284F2E6BDEDD547F54,851e5f58c7b611284f2e6bdedd547f54,851e5f58c7b611284f2e6bdedd547f54,851e5f58c7b611284f2e6bdedd547f54,851e5f58c7b611284f2e6bdedd547f54,851e5f58c7b611284f2e6bdedd547f54,851e5f58c7b611284f2e6bdedd547f54
716,UriHash,41002B363CB7EFB7AE35CA3B72EF2E78,41002b363cb7efb7ae35ca3b72ef2e78,41002b363cb7efb7ae35ca3b72ef2e78,41002b363cb7efb7ae35ca3b72ef2e78,41002b363cb7efb7ae35ca3b72ef2e78,41002b363cb7efb7ae35ca3b72ef2e78,41002b363cb7efb7ae35ca3b72ef2e78
717,UriHash,15C374922E9BCB6DB74256F108C53199,15c374922e9bcb6db74256f108c53199,15c374922e9bcb6db74256f108c53199,15c374922e9bcb6db74256f108c53199,15c374922e9bcb6db74256f108c53199,15c374922e9bcb6db74256f108c53199,15c374922e9bcb6db74256f108c53199
718,UriHash,9F7C68C20DB7C5F491F1EF15FA8C2481,9f7c68c20db7c5f491f1ef15fa8c2481,9f7c68c20db7c5f491f1ef15fa8c2481,9f7c68c20db7c5f491f1ef15fa8c2481,9f7c68c20db7c5f491f1ef15fa8c2481,9f7c68c20db7c5f491f1ef15fa8c2481,9f7c68c20db7c5f491f1ef15fa8c2481
719,UriHash,C281B7ACFFD7F05400F007F806095902,c281b7acffd7f05400f007f806095902,c281b7acffd7f05400f007f806095902,c281b7acffd7f05400f007f806095902,c281b7acffd7f05400f007f806095902,c281b7acffd7f05400f007f806095902,c281b7acffd7f05400f007f806095902
720,UriHash,6C57FCB217E55B7B59853D652549FCB0,6c57fcb217e55b7b59853d652549fcb0,6c57fcb217e55b7b59853d652549fcb0,6c57fcb217e55b7b59853d652549fcb0,6c57fcb217e55b7b59853d652549fcb0,6c57fcb217e55b7b59853d652549fcb0,6c57fcb217e55b7b59853d652549fcb0
721,UriHash,4B372D51BED08D89E81314E3305B6B6A,4b372d51bed08d89e81314e3305b6b6a,4b372d51bed08d89e81314e3305b6b6a,4b372d51bed08d89e81314e3305b6b6a,4b372d51bed08d89e81314e3305b6b6a,4b372d51bed08d89e81314e3305b6b6a,4b372d51bed08d89e81314e3305b6b6a
722,UriHash,75713AE50CCCCD504B938386973308D8,75713ae50ccccd504b938386973308d8,75713ae50ccccd504b938386973308d8,75713ae50ccccd504b938386973308d8,75713ae50ccccd504b938386973308d8,75713ae50ccccd504b938386973308d8,75713ae50ccccd504b938386973308d8
723,UriHash,151330BD934DCE4560EB78D81142BDB0,151330bd934dce4560eb78d81142bdb0,151330bd934dce4560eb78d81142bdb0,151330bd934dce4560eb78d81142bdb0,151330bd934dce4560eb78d81142bdb0,151330bd934dce4560eb78d81142bdb0,151330bd934dce4560eb78d81142bdb0
724,UriHash,D91063B9394B7DE541FA55086896075A,d91063b9394b7de541fa55086896075a,d91063b9394b7de541fa55086896075a,d91063b9394b7de541fa55086896075a,d91063b9394b7de541fa55086896075a,d91063b9394b7de541fa55086896075a,d91063b9394b7de541fa55086896075a
725,UriHash,39CFB847E139ABB3E75D3325C39F8EAC,39cfb847e139abb3e75d3325c39f8eac,39cfb847e139abb3e75d3325c39f8eac,39cfb847e139abb3e75d3325c39f8eac,39cfb847e139abb3e75d3325c39f8eac,39cfb847e139abb3e75d3325c39f8eac,39cfb847e139abb3e75d3325c39f8eac
726,UriHash,F8B656E3BC8081914320F15ADC43FC42,f8b656e3bc8081914320f15adc43fc42,f8b656e3bc8081914320f15adc43fc42,f8b656e3bc8081914320f15adc43fc42,f8b656e3bc8081914320f15adc43fc42,f8b656e3bc8081914320f15adc43fc42,f8b656e3bc8081914320f15adc43fc42
727,UriHash,E364C6B216EFF21E5B1F10210031E8F7,e364c6b216eff21e5b1f10210031e8f7,e364c6b216eff21e5b1f10210031e8f7,e364c6b216eff21e5b1f10210031e8f7,e364c6b216eff21e5b1f10210031e8f7,e364c6b216eff21e5b1f10210031e8f7,e364c6b216eff21e5b1f10210031e8f7
728,UriHash,73F01B38B202D96D19C2E3F32BE614D6,73f01b38b202d96d19c2e3f32be614d6,73f01b38b202d96d19c2e3f32be614d6,73f01b38b202d96d19c2e3f32be614d6,73f01b38b202d96d19c2e3f32be614d6,73f01b38b202d96d19c2e3f32be614d6,73f01b38b202d96d19c2e3f32be614d6
729,UriHash,AC1D533982B5C54D37CD4494F02E3717,ac1d533982b5c54d37cd4494f02e3717,ac1d533982b5c54d37cd4494f02e3717,ac1d533982b5c54d37cd4494f02e3717,ac1d533982b5c54d37cd4494f02e3717,ac1d533982b5c54d37cd4494f02e3717,ac1d533982b5c54d37cd4494f02e3717
730,UriHash,73049BE50314DB4FAF55E7403AC0B963,73049be50314db4faf55e7403ac0b963,73049be50314db4faf55e7403ac0b963,73049be50314db4faf55e7403ac0b963,73049be50314db4faf55e7403ac0b963,73049be50314db4faf55e7403ac0b963,73049be50314db4faf55e7403ac0b963
731,UriHash,620CCF197C29C400C1F3E496AD9CA274,620ccf197c29c400c1f3e496ad9ca274,620ccf197c29c400c1f3e496ad9ca274,620ccf197c29c400c1f3e496ad9ca274,620ccf197c29c400c1f3e496ad9ca274,620ccf197c29c400c1f3e496ad9ca274,620ccf197c29c400c1f3e496ad9ca274
732,UriHash,77610698FB5386D5C02445DC580B65B1,77610698fb5386d5c02445dc580b65b1,77610698fb5386d5c02445dc580b65b1,77610698fb5386d5c02445dc580b65b1,77610698fb5386d5c02445dc580b65b1,77610698fb5386d5c02445dc580b65b1,77610698fb5386d5c02445dc580b65b1
733,UriHash,2C7E69B4ADB17A31A1647DD42438E5C6,2c7e69b4adb17a31a1647dd42438e5c6,2c7e69b4adb17a31a1647dd42438e5c6,2c7e69b4adb17a31a1647dd42438e5c6,2c7e69b4adb17a31a1647dd42438e5c6,2c7e69b4adb17a31a1647dd42438e5c6,2c7e69b4adb17a31a1647dd42438e5c6
734,UriHash,F366D8A98EE28FE9D211C196B8BCAECB,f366d8a98ee28fe9d211c196b8bcaecb,f366d8a98ee28fe9d211c196b8bcaecb,f366d8a98ee28fe9d211c196b8bcaecb,f366d8a98ee28fe9d211c196b8bcaecb,f366d8a98ee28fe9d211c196b8bcaecb,f366d8a98ee28fe9d211c196b8bcaecb
735,UriHash,BA36BBB2EBA5EE30993D86CD51E3FCB1,ba36bbb2eba5ee30993d86cd51e3fcb1,ba36bbb2eba5ee30993d86cd51e3fcb1,ba36bbb2eba5ee30993d86cd51e3fcb1,ba36bbb2eba5ee30993d86cd51e3fcb1,ba36bbb2eba5ee30993d86cd51e3fcb1,ba36bbb2eba5ee30993d86cd51e3fcb1
736,UriHash,FD358EC5E93972727EBF508FE150219A,fd358ec5e93972727ebf508fe150219a,fd358ec5e93972727ebf508fe150219a,fd358ec5e93972727ebf508fe150219a,fd358ec5e93972727ebf508fe150219a,fd358ec5e93972727ebf508fe150219a,fd358ec5e93972727ebf508fe150219a
737,UriHash,9D703CCA878C0DF4B698CE28A12A50B9,9d703cca878c0df4b698ce28a12a50b9,9d703cca878c0df4b698ce28a12a50b9,9d703cca878c0df4b698ce28a12a50b9,9d703cca878c0df4b698ce28a12a50b9,9d703cca878c0df4b698ce28a12a50b9,9d703cca878c0df4b698ce28a12a50b9
738,UriHash,58DB2BD0C67C20F6046BA6015F232896,58db2bd0c67c20f6046ba6015f232896,58db2bd0c67c20f6046ba6015f232896,58db2bd0c67c20f6046ba6015f232896,58db2bd0c67c20f6046ba6015f232896,58db2bd0c67c20f6046ba6015f232896,58db2bd0c67c20f6046ba6015f232896
739,UriHash,2023C240840864D03FAB4E71F569D055,2023c240840864d03fab4e71f569d055,2023c240840864d03fab4e71f569d055,2023c240840864d03fab4e71f569d055,2023c240840864d03fab4e71f569d055,2023c240840864d03fab4e71f569d055,2023c240840864d03fab4e71f569d055
740,UriHash,34614EDA5B1E4414661BCCE6EAC5EF1D,34614eda5b1e4414661bcce6eac5ef1d,34614eda5b1e4414661bcce6eac5ef1d,34614eda5b1e4414661bcce6eac5ef1d,34614eda5b1e4414661bcce6eac5ef1d,34614eda5b1e4414661bcce6eac5ef1d,34614eda5b1e4414661bcce6eac5ef1d
741,UriHash,232AB00795831855D87E60F9CC571BE3,232ab00795831855d87e60f9cc571be3,232ab00795831855d87e60f9cc571be3,232ab00795831855d87e60f9cc571be3,232ab00795831855d87e60f9cc571be3,232ab00795831855d87e60f9cc571be3,232ab00795831855d87e60f9cc571be3
742,UriHash,2D51EBEE3698FB0B571D00BE06EF39D4,2d51ebee3698fb0b571d00be06ef39d4,2d51ebee3698fb0b571d00be06ef39d4,2d51ebee3698fb0b571d00be06ef39d4,2d51ebee3698fb0b571d00be06ef39d4,2d51ebee3698fb0b571d00be06ef39d4,2d51ebee3698fb0b571d00be06ef39d4
743,UriHash,F12381907EF7A744B5BA1DEC1C4EE2E4,f12381907ef7a744b5ba1dec1c4ee2e4,f12381907ef7a744b5ba1dec1c4ee2e4,f12381907ef7a744b5ba1dec1c4ee2e4,f12381907ef7a744b5ba1dec1c4ee2e4,f12381907ef7a744b5ba1dec1c4ee2e4,f12381907ef7a744b5ba1dec1c4ee2e4
744,UriHash,B3CAE036AFC2510C47ECD517D21C12A9,b3cae036afc2510c47ecd517d21c12a9,b3cae036afc2510c47ecd517d21c12a9,b3cae036afc2510c47ecd517d21c12a9,b3cae036afc2510c47ecd517d21c12a9,b3cae036afc2510c47ecd517d21c12a9,b3cae036afc2510c47ecd517d21c12a9
745,UriHash,470C386A3994DAB9738C103588B0CCD3,470c386a3994dab9738c103588b0ccd3,470c386a3994dab9738c103588b0ccd3,470c386a3994dab9738c103588b0ccd3,470c386a3994dab9738c103588b0ccd3,470c386a3994dab9738c103588b0ccd3,470c386a3994dab9738c103588b0ccd3
746,UriHash,2573A921F496CF14690ED0DE6C29D82D,2573a921f496cf14690ed0de6c29d82d,2573a921f496cf14690ed0de6c29d82d,2573a921f496cf14690ed0de6c29d82d,2573a921f496cf14690ed0de6c29d82d,2573a921f496cf14690ed0de6c29d82d,2573a921f496cf14690ed0de6c29d82d
747,UriHash,68F2901E5481A0904449FEAF0EF68950,68f2901e5481a0904449feaf0ef68950,68f2901e5481a0904449feaf0ef68950,68f2901e5481a0904449feaf0ef68950,68f2901e5481a0904449feaf0ef68950,68f2901e5481a0904449feaf0ef68950,68f2901e5481a0904449feaf0ef68950
748,UriHash,B04B1BB1552B9ACF9C20DDB590488E0C,b04b1bb1552b9acf9c20ddb590488e0c,b04b1bb1552b9acf9c20ddb590488e0c,b04b1bb1552b9acf9c20ddb590488e0c,b04b1bb1552b9acf9c20ddb590488e0c,b04b1bb1552b9acf9c20ddb590488e0c,b04b1bb1552b9acf9c20ddb590488e0c
749,UriHash,1F95340C2DF013EF54DB5A393C0785A6,1f95340c2df013ef54db5a393c0785a6,1f95340c2df013ef54db5a393c0785a6,1f95340c2df013ef54db5a393c0785a6,1f95340c2df013ef54db5a393c0785a6,1f95340c2df013ef54db5a393c0785a6,1f95340c2df013ef54db5a393c0785a6
750,UriHash,CF3C0DF8E42C2189AF385CFB34AD385F,cf3c0df8e42c2189af385cfb34ad385f,cf3c0df8e42c2189af385cfb34ad385f,cf3c0df8e42c2189af385cfb34ad385f,cf3c0df8e42c2189af385cfb34ad385f,cf3c0df8e42c2189af385cfb34ad385f,cf3c0df8e42c2189af385cfb34ad385f
751,UriHash,34DDDA7EE111B7E0EB5997205CFC63C5,34ddda7ee111b7e0eb5997205cfc63c5,34ddda7ee111b7e0eb5997205cfc63c5,34ddda7ee111b7e0eb5997205cfc63c5,34ddda7ee111b7e0eb5997205cfc63c5,34ddda7ee111b7e0eb5997205cfc63c5,34ddda7ee111b7e0eb5997205cfc63c5
752,UriHash,D7C6FC723E2DED282FB5C9447C377ABF,d7c6fc723e2ded282fb5c9447c377abf,d7c6fc723e2ded282fb5c9447c377abf,d7c6fc723e2ded282fb5c9447c377abf,d7c6fc723e2ded282fb5c9447c377abf,d7c6fc723e2ded282fb5c9447c377abf,d7c6fc723e2ded282fb5c9447c377abf
753,UriHash,FD959E1585995F480F37E92B8B366B2C,fd959e1585995f480f37e92b8b366b2c,fd959e1585995f480f37e92b8b366b2c,fd959e1585995f480f37e92b8b366b2c,fd959e1585995f480f37e92b8b366b2c,fd959e1585995f480f37e92b8b366b2c,fd959e1585995f480f37e92b8b366b2c
754,UriHash,D28117A9A92135205DF3A45B9F5C0EB2,d28117a9a92135205df3a45b9f5c0eb2,d28117a9a92135205df3a45b9f5c0eb2,d28117a9a92135205df3a45b9f5c0eb2,d28117a9a92135205df3a45b9f5c0eb2,d28117a9a92135205df3a45b9f5c0eb2,d28117a9a92135205df3a45b9f5c0eb2
755,UriHash,A8820E7DDF340364B8C5B330905149F0,a8820e7ddf340364b8c5b330905149f0,a8820e7ddf340364b8c5b330905149f0,a8820e7ddf340364b8c5b330905149f0,a8820e7ddf340364b8c5b330905149f0,a8820e7ddf340364b8c5b330905149f0,a8820e7ddf340364b8c5b330905149f0
756,UriHash,2F2848FC4D7983F1F5DBF7E08C1EB70A,2f2848fc4d7983f1f5dbf7e08c1eb70a,2f2848fc4d7983f1f5dbf7e08c1eb70a,2f2848fc4d7983f1f5dbf7e08c1eb70a,2f2848fc4d7983f1f5dbf7e08c1eb70a,2f2848fc4d7983f1f5dbf7e08c1eb70a,2f2848fc4d7983f1f5dbf7e08c1eb70a
757,UriHash,27F2214074105D0D2E6E51F2027B3F76,27f2214074105d0d2e6e51f2027b3f76,27f2214074105d0d2e6e51f2027b3f76,27f2214074105d0d2e6e51f2027b3f76,27f2214074105d0d2e6e51f2027b3f76,27f2214074105d0d2e6e51f2027b3f76,27f2214074105d0d2e6e51f2027b3f76
758,UriHash,22F73C189CE0D04DB7E40633CE24B265,22f73c189ce0d04db7e40633ce24b265,22f73c189ce0d04db7e40633ce24b265,22f73c189ce0d04db7e40633ce24b265,22f73c189ce0d04db7e40633ce24b265,22f73c189ce0d04db7e40633ce24b265,22f73c189ce0d04db7e40633ce24b265
759,UriHash,B59733458FC2690994C1C15AA72B07C0,b59733458fc2690994c1c15aa72b07c0,b59733458fc2690994c1c15aa72b07c0,b59733458fc2690994c1c15aa72b07c0,b59733458fc2690994c1c15aa72b07c0,b59733458fc2690994c1c15aa72b07c0,b59733458fc2690994c1c15aa72b07c0
760,UriHash,39AE3136D0CFD972BCEAA06F42E5A09E,39ae3136d0cfd972bceaa06f42e5a09e,39ae3136d0cfd972bceaa06f42e5a09e,39ae3136d0cfd972bceaa06f42e5a09e,39ae3136d0cfd972bceaa06f42e5a09e,39ae3136d0cfd972bceaa06f42e5a09e,39ae3136d0cfd972bceaa06f42e5a09e
761,UriHash,7E3737AF1F8246704371FC967A332623,7e3737af1f8246704371fc967a332623,7e3737af1f8246704371fc967a332623,7e3737af1f8246704371fc967a332623,7e3737af1f8246704371fc967a332623,7e3737af1f8246704371fc967a332623,7e3737af1f8246704371fc967a332623
762,UriHash,D904FEF7233A3F5F0A12287265EB3F71,d904fef7233a3f5f0a12287265eb3f71,d904fef7233a3f5f0a12287265eb3f71,d904fef7233a3f5f0a12287265eb3f71,d904fef7233a3f5f0a12287265eb3f71,d904fef7233a3f5f0a12287265eb3f71,d904fef7233a3f5f0a12287265eb3f71
763,UriHash,09BE885609BB03560E48F5EB0E5BE247,09be885609bb03560e48f5eb0e5be247,09be885609bb03560e48f5eb0e5be247,09be885609bb03560e48f5eb0e5be247,09be885609bb03560e48f5eb0e5be247,09be885609bb03560e48f5eb0e5be247,09be885609bb03560e48f5eb0e5be247
764,UriHash,38B8174309B5847C9EEB91AE4BCD4F9F,38b8174309b5847c9eeb91ae4bcd4f9f,38b8174309b5847c9eeb91ae4bcd4f9f,38b8174309b5847c9eeb91ae4bcd4f9f,38b8174309b5847c9eeb91ae4bcd4f9f,38b8174309b5847c9eeb91ae4bcd4f9f,38b8174309b5847c9eeb91ae4bcd4f9f
765,UriHash,000151FF25F224BFD8732A0D97CD6746,000151ff25f224bfd8732a0d97cd6746,000151ff25f224bfd8732a0d97cd6746,000151ff25f224bfd8732a0d97cd6746,000151ff25f224bfd8732a0d97cd6746,000151ff25f224bfd8732a0d97cd6746,000151ff25f224bfd8732a0d97cd6746
766,UriHash,CB1D93B776E31580290E23265D769004,cb1d93b776e31580290e23265d769004,cb1d93b776e31580290e23265d769004,cb1d93b776e31580290e23265d769004,cb1d93b776e31580290e23265d769004,cb1d93b776e31580290e23265d769004,cb1d93b776e31580290e23265d769004
767,UriHash,EC712F6EC19EB34B49FB521FF420ACF2,ec712f6ec19eb34b49fb521ff420acf2,ec712f6ec19eb34b49fb521ff420acf2,ec712f6ec19eb34b49fb521ff420acf2,ec712f6ec19eb34b49fb521ff420acf2,ec712f6ec19eb34b49fb521ff420acf2,ec712f6ec19eb34b49fb521ff420acf2
769,UriHash,DFA3409ECF5ADDF7370844F1A4160B98,dfa3409ecf5addf7370844f1a4160b98,dfa3409ecf5addf7370844f1a4160b98,dfa3409ecf5addf7370844f1a4160b98,dfa3409ecf5addf7370844f1a4160b98,dfa3409ecf5addf7370844f1a4160b98,dfa3409ecf5addf7370844f1a4160b98
770,UriHash,E658BE46E6F226FF639B373A10D01FC5,e658be46e6f226ff639b373a10d01fc5,e658be46e6f226ff639b373a10d01fc5,e658be46e6f226ff639b373a10d01fc5,e658be46e6f226ff639b373a10d01fc5,e658be46e6f226ff639b373a10d01fc5,e658be46e6f226ff639b373a10d01fc5
771,UriHash,6CAFB05861C2F2F5FD27B83494F35F52,6cafb05861c2f2f5fd27b83494f35f52,6cafb05861c2f2f5fd27b83494f35f52,6cafb05861c2f2f5fd27b83494f35f52,6cafb05861c2f2f5fd27b83494f35f52,6cafb05861c2f2f5fd27b83494f35f52,6cafb05861c2f2f5fd27b83494f35f52
772,UriHash,AA803E216DD1BF44744F0BB5048497A9,aa803e216dd1bf44744f0bb5048497a9,aa803e216dd1bf44744f0bb5048497a9,aa803e216dd1bf44744f0bb5048497a9,aa803e216dd1bf44744f0bb5048497a9,aa803e216dd1bf44744f0bb5048497a9,aa803e216dd1bf44744f0bb5048497a9
773,UriHash,C413B51319F41C9609F22208FA7233D1,c413b51319f41c9609f22208fa7233d1,c413b51319f41c9609f22208fa7233d1,c413b51319f41c9609f22208fa7233d1,c413b51319f41c9609f22208fa7233d1,c413b51319f41c9609f22208fa7233d1,c413b51319f41c9609f22208fa7233d1
774,UriHash,C2D49E60AD6D0A2E8DB49FEA884A38CB,c2d49e60ad6d0a2e8db49fea884a38cb,c2d49e60ad6d0a2e8db49fea884a38cb,c2d49e60ad6d0a2e8db49fea884a38cb,c2d49e60ad6d0a2e8db49fea884a38cb,c2d49e60ad6d0a2e8db49fea884a38cb,c2d49e60ad6d0a2e8db49fea884a38cb
775,UriHash,702D058725FCF7550D85DC1B035EE84E,702d058725fcf7550d85dc1b035ee84e,702d058725fcf7550d85dc1b035ee84e,702d058725fcf7550d85dc1b035ee84e,702d058725fcf7550d85dc1b035ee84e,702d058725fcf7550d85dc1b035ee84e,702d058725fcf7550d85dc1b035ee84e
776,UriHash,04041F9A65EF48A789F8C993613F493B,04041f9a65ef48a789f8c993613f493b,04041f9a65ef48a789f8c993613f493b,04041f9a65ef48a789f8c993613f493b,04041f9a65ef48a789f8c993613f493b,04041f9a65ef48a789f8c993613f493b,04041f9a65ef48a789f8c993613f493b
777,UriHash,1086AF043E874F663DA7B4402B8F72CC,1086af043e874f663da7b4402b8f72cc,1086af043e874f663da7b4402b8f72cc,1086af043e874f663da7b4402b8f72cc,1086af043e874f663da7b4402b8f72cc,1086af043e874f663da7b4402b8f72cc,1086af043e874f663da7b4402b8f72cc
778,UriHash,73FE4840F476B745F01242145A7DEE01,73fe4840f476b745f01242145a7dee01,73fe4840f476b745f01242145a7dee01,73fe4840f476b745f01242145a7dee01,73fe4840f476b745f01242145a7dee01,73fe4840f476b745f01242145a7dee01,73fe4840f476b745f01242145a7dee01
779,UriHash,FD57737E90B8DEF0983480F8AB572F4C,fd57737e90b8def0983480f8ab572f4c,fd57737e90b8def0983480f8ab572f4c,fd57737e90b8def0983480f8ab572f4c,fd57737e90b8def0983480f8ab572f4c,fd57737e90b8def0983480f8ab572f4c,fd57737e90b8def0983480f8ab572f4c
780,UriHash,CBA059D1F83621744B3B81659163E031,cba059d1f83621744b3b81659163e031,cba059d1f83621744b3b81659163e031,cba059d1f83621744b3b81659163e031,cba059d1f83621744b3b81659163e031,cba059d1f83621744b3b81659163e031,cba059d1f83621744b3b81659163e031
781,UriHash,F20CB05330C3699FFB660931614B0BEE,f20cb05330c3699ffb660931614b0bee,f20cb05330c3699ffb660931614b0bee,f20cb05330c3699ffb660931614b0bee,f20cb05330c3699ffb660931614b0bee,f20cb05330c3699ffb660931614b0bee,f20cb05330c3699ffb660931614b0bee
782,UriHash,DE06B7A49C500FB6436872D65463864E,de06b7a49c500fb6436872d65463864e,de06b7a49c500fb6436872d65463864e,de06b7a49c500fb6436872d65463864e,de06b7a49c500fb6436872d65463864e,de06b7a49c500fb6436872d65463864e,de06b7a49c500fb6436872d65463864e
783,UriHash,C99671481195806EA4B2DAAD48DE1CB6,c99671481195806ea4b2daad48de1cb6,c99671481195806ea4b2daad48de1cb6,c99671481195806ea4b2daad48de1cb6,c99671481195806ea4b2daad48de1cb6,c99671481195806ea4b2daad48de1cb6,c99671481195806ea4b2daad48de1cb6
784,UriHash,EF80B3171C4E28A872E2862FB471F6CA,ef80b3171c4e28a872e2862fb471f6ca,ef80b3171c4e28a872e2862fb471f6ca,ef80b3171c4e28a872e2862fb471f6ca,ef80b3171c4e28a872e2862fb471f6ca,ef80b3171c4e28a872e2862fb471f6ca,ef80b3171c4e28a872e2862fb471f6ca
785,UriHash,EA695BFA166873D71BB993A5589B3522,ea695bfa166873d71bb993a5589b3522,ea695bfa166873d71bb993a5589b3522,ea695bfa166873d71bb993a5589b3522,ea695bfa166873d71bb993a5589b3522,ea695bfa166873d71bb993a5589b3522,ea695bfa166873d71bb993a5589b3522
786,UriHash,476C76912DDBCF413ED747C099083783,476c76912ddbcf413ed747c099083783,476c76912ddbcf413ed747c099083783,476c76912ddbcf413ed747c099083783,476c76912ddbcf413ed747c099083783,476c76912ddbcf413ed747c099083783,476c76912ddbcf413ed747c099083783
788,UriHash,A9462870966FF3EA290B5F553DF1E737,a9462870966ff3ea290b5f553df1e737,a9462870966ff3ea290b5f553df1e737,a9462870966ff3ea290b5f553df1e737,a9462870966ff3ea290b5f553df1e737,a9462870966ff3ea290b5f553df1e737,a9462870966ff3ea290b5f553df1e737
789,UriHash,C12038444CC75233D648FA2092725499,c12038444cc75233d648fa2092725499,c12038444cc75233d648fa2092725499,c12038444cc75233d648fa2092725499,c12038444cc75233d648fa2092725499,c12038444cc75233d648fa2092725499,c12038444cc75233d648fa2092725499
790,UriHash,F6D753BFDB3455BE52CDCFCC3498CCC6,f6d753bfdb3455be52cdcfcc3498ccc6,f6d753bfdb3455be52cdcfcc3498ccc6,f6d753bfdb3455be52cdcfcc3498ccc6,f6d753bfdb3455be52cdcfcc3498ccc6,f6d753bfdb3455be52cdcfcc3498ccc6,f6d753bfdb3455be52cdcfcc3498ccc6
791,UriHash,EE550A1E6B70DD774094A84FC73F5F55,ee550a1e6b70dd774094a84fc73f5f55,ee550a1e6b70dd774094a84fc73f5f55,ee550a1e6b70dd774094a84fc73f5f55,ee550a1e6b70dd774094a84fc73f5f55,ee550a1e6b70dd774094a84fc73f5f55,ee550a1e6b70dd774094a84fc73f5f55
792,UriHash,88629B4093932F92237E43A1CFEE1FBF,88629b4093932f92237e43a1cfee1fbf,88629b4093932f92237e43a1cfee1fbf,88629b4093932f92237e43a1cfee1fbf,88629b4093932f92237e43a1cfee1fbf,88629b4093932f92237e43a1cfee1fbf,88629b4093932f92237e43a1cfee1fbf
793,UriHash,D8036CC45B5F31C7DF4D4E9C586C0A08,d8036cc45b5f31c7df4d4e9c586c0a08,d8036cc45b5f31c7df4d4e9c586c0a08,d8036cc45b5f31c7df4d4e9c586c0a08,d8036cc45b5f31c7df4d4e9c586c0a08,d8036cc45b5f31c7df4d4e9c586c0a08,d8036cc45b5f31c7df4d4e9c586c0a08
794,UriHash,F9DFD1BA26976DBE0082E36BEC224BDB,f9dfd1ba26976dbe0082e36bec224bdb,f9dfd1ba26976dbe0082e36bec224bdb,f9dfd1ba26976dbe0082e36bec224bdb,f9dfd1ba26976dbe0082e36bec224bdb,f9dfd1ba26976dbe0082e36bec224bdb,f9dfd1ba26976dbe0082e36bec224bdb
795,UriHash,052545C96BAC6733D1EB67C05BE21865,052545c96bac6733d1eb67c05be21865,052545c96bac6733d1eb67c05be21865,052545c96bac6733d1eb67c05be21865,052545c96bac6733d1eb67c05be21865,052545c96bac6733d1eb67c05be21865,052545c96bac6733d1eb67c05be21865
796,UriHash,4F6A4AE4EAD74AEA0C5822B5663F1F28,4f6a4ae4ead74aea0c5822b5663f1f28,4f6a4ae4ead74aea0c5822b5663f1f28,4f6a4ae4ead74aea0c5822b5663f1f28,4f6a4ae4ead74aea0c5822b5663f1f28,4f6a4ae4ead74aea0c5822b5663f1f28,4f6a4ae4ead74aea0c5822b5663f1f28
797,UriHash,A8F048B5EDC69A77247DF62BFFE982A1,a8f048b5edc69a77247df62bffe982a1,a8f048b5edc69a77247df62bffe982a1,a8f048b5edc69a77247df62bffe982a1,a8f048b5edc69a77247df62bffe982a1,a8f048b5edc69a77247df62bffe982a1,a8f048b5edc69a77247df62bffe982a1
798,UriHash,14AB9B069AFF62AB2730D2D52FB3D1D6,14ab9b069aff62ab2730d2d52fb3d1d6,14ab9b069aff62ab2730d2d52fb3d1d6,14ab9b069aff62ab2730d2d52fb3d1d6,14ab9b069aff62ab2730d2d52fb3d1d6,14ab9b069aff62ab2730d2d52fb3d1d6,14ab9b069aff62ab2730d2d52fb3d1d6
799,UriHash,C5388C49A62D1B7EA21396231A8C0EE0,c5388c49a62d1b7ea21396231a8c0ee0,c5388c49a62d1b7ea21396231a8c0ee0,c5388c49a62d1b7ea21396231a8c0ee0,c5388c49a62d1b7ea21396231a8c0ee0,c5388c49a62d1b7ea21396231a8c0ee0,c5388c49a62d1b7ea21396231a8c0ee0
800,UriHash,7E9EA0EF02AB043E571E89ABCECD9F87,7e9ea0ef02ab043e571e89abcecd9f87,7e9ea0ef02ab043e571e89abcecd9f87,7e9ea0ef02ab043e571e89abcecd9f87,7e9ea0ef02ab043e571e89abcecd9f87,7e9ea0ef02ab043e571e89abcecd9f87,7e9ea0ef02ab043e571e89abcecd9f87
801,UriHash,44F69E0D2D2225ACD86711F6AD73A0FA,44f69e0d2d2225acd86711f6ad73a0fa,44f69e0d2d2225acd86711f6ad73a0fa,44f69e0d2d2225acd86711f6ad73a0fa,44f69e0d2d2225acd86711f6ad73a0fa,44f69e0d2d2225acd86711f6ad73a0fa,44f69e0d2d2225acd86711f6ad73a0fa
802,UriHash,08CCC8EB48D901B06A60A51734C877DE,08ccc8eb48d901b06a60a51734c877de,08ccc8eb48d901b06a60a51734c877de,08ccc8eb48d901b06a60a51734c877de,08ccc8eb48d901b06a60a51734c877de,08ccc8eb48d901b06a60a51734c877de,08ccc8eb48d901b06a60a51734c877de
803,UriHash,BFD8F26EBABFB6197451332E3EDFA485,bfd8f26ebabfb6197451332e3edfa485,bfd8f26ebabfb6197451332e3edfa485,bfd8f26ebabfb6197451332e3edfa485,bfd8f26ebabfb6197451332e3edfa485,bfd8f26ebabfb6197451332e3edfa485,bfd8f26ebabfb6197451332e3edfa485
804,UriHash,44CE996593F0463A91FD5AE352D5E903,44ce996593f0463a91fd5ae352d5e903,44ce996593f0463a91fd5ae352d5e903,44ce996593f0463a91fd5ae352d5e903,44ce996593f0463a91fd5ae352d5e903,44ce996593f0463a91fd5ae352d5e903,44ce996593f0463a91fd5ae352d5e903
805,UriHash,0C892DC28441B93D1C130F711D4EDE3C,0c892dc28441b93d1c130f711d4ede3c,0c892dc28441b93d1c130f711d4ede3c,0c892dc28441b93d1c130f711d4ede3c,0c892dc28441b93d1c130f711d4ede3c,0c892dc28441b93d1c130f711d4ede3c,0c892dc28441b93d1c130f711d4ede3c
806,UriHash,079199956B9327E8C6B0FC41369701E9,079199956b9327e8c6b0fc41369701e9,079199956b9327e8c6b0fc41369701e9,079199956b9327e8c6b0fc41369701e9,079199956b9327e8c6b0fc41369701e9,079199956b9327e8c6b0fc41369701e9,079199956b9327e8c6b0fc41369701e9
807,UriHash,70054D3ED13708360EB41CFBAA5E5D21,70054d3ed13708360eb41cfbaa5e5d21,70054d3ed13708360eb41cfbaa5e5d21,70054d3ed13708360eb41cfbaa5e5d21,70054d3ed13708360eb41cfbaa5e5d21,70054d3ed13708360eb41cfbaa5e5d21,70054d3ed13708360eb41cfbaa5e5d21
808,UriHash,5D39E3F12B0EC34229F9C181E5157299,5d39e3f12b0ec34229f9c181e5157299,5d39e3f12b0ec34229f9c181e5157299,5d39e3f12b0ec34229f9c181e5157299,5d39e3f12b0ec34229f9c181e5157299,5d39e3f12b0ec34229f9c181e5157299,5d39e3f12b0ec34229f9c181e5157299
809,UriHash,1EB661C680106A3919A5D5B284981761,1eb661c680106a3919a5d5b284981761,1eb661c680106a3919a5d5b284981761,1eb661c680106a3919a5d5b284981761,1eb661c680106a3919a5d5b284981761,1eb661c680106a3919a5d5b284981761,1eb661c680106a3919a5d5b284981761
810,UriHash,B30EB45713107B135B67AD48BEAC22C1,b30eb45713107b135b67ad48beac22c1,b30eb45713107b135b67ad48beac22c1,b30eb45713107b135b67ad48beac22c1,b30eb45713107b135b67ad48beac22c1,b30eb45713107b135b67ad48beac22c1,b30eb45713107b135b67ad48beac22c1
811,UriHash,FAFBAD1468C36C106AFF87DBB4140A23,fafbad1468c36c106aff87dbb4140a23,fafbad1468c36c106aff87dbb4140a23,fafbad1468c36c106aff87dbb4140a23,fafbad1468c36c106aff87dbb4140a23,fafbad1468c36c106aff87dbb4140a23,fafbad1468c36c106aff87dbb4140a23
812,UriHash,CB096093F89D22BC26AC91425DCA55E2,cb096093f89d22bc26ac91425dca55e2,cb096093f89d22bc26ac91425dca55e2,cb096093f89d22bc26ac91425dca55e2,cb096093f89d22bc26ac91425dca55e2,cb096093f89d22bc26ac91425dca55e2,cb096093f89d22bc26ac91425dca55e2
813,UriHash,9D7FFD91ADEC748DA5816EBD485BD32A,9d7ffd91adec748da5816ebd485bd32a,9d7ffd91adec748da5816ebd485bd32a,9d7ffd91adec748da5816ebd485bd32a,9d7ffd91adec748da5816ebd485bd32a,9d7ffd91adec748da5816ebd485bd32a,9d7ffd91adec748da5816ebd485bd32a
814,UriHash,FB825A57E1659FDDE98B0308CDDE5790,fb825a57e1659fdde98b0308cdde5790,fb825a57e1659fdde98b0308cdde5790,fb825a57e1659fdde98b0308cdde5790,fb825a57e1659fdde98b0308cdde5790,fb825a57e1659fdde98b0308cdde5790,fb825a57e1659fdde98b0308cdde5790
815,UriHash,2E85CDF9AB638D740CDF6A43AC1E8A64,2e85cdf9ab638d740cdf6a43ac1e8a64,2e85cdf9ab638d740cdf6a43ac1e8a64,2e85cdf9ab638d740cdf6a43ac1e8a64,2e85cdf9ab638d740cdf6a43ac1e8a64,2e85cdf9ab638d740cdf6a43ac1e8a64,2e85cdf9ab638d740cdf6a43ac1e8a64
816,UriHash,636A78E0A9BC83A34D16C6F605A2808A,636a78e0a9bc83a34d16c6f605a2808a,636a78e0a9bc83a34d16c6f605a2808a,636a78e0a9bc83a34d16c6f605a2808a,636a78e0a9bc83a34d16c6f605a2808a,636a78e0a9bc83a34d16c6f605a2808a,636a78e0a9bc83a34d16c6f605a2808a
817,UriHash,B93E05A9A8EB3E25CFC739F7FD49059A,b93e05a9a8eb3e25cfc739f7fd49059a,b93e05a9a8eb3e25cfc739f7fd49059a,b93e05a9a8eb3e25cfc739f7fd49059a,b93e05a9a8eb3e25cfc739f7fd49059a,b93e05a9a8eb3e25cfc739f7fd49059a,b93e05a9a8eb3e25cfc739f7fd49059a
818,UriHash,8A2874B7B338D4E624274E0A29776FD1,8a2874b7b338d4e624274e0a29776fd1,8a2874b7b338d4e624274e0a29776fd1,8a2874b7b338d4e624274e0a29776fd1,8a2874b7b338d4e624274e0a29776fd1,8a2874b7b338d4e624274e0a29776fd1,8a2874b7b338d4e624274e0a29776fd1
819,UriHash,5B67EB8407AF672B5C84330C37A637F2,5b67eb8407af672b5c84330c37a637f2,5b67eb8407af672b5c84330c37a637f2,5b67eb8407af672b5c84330c37a637f2,5b67eb8407af672b5c84330c37a637f2,5b67eb8407af672b5c84330c37a637f2,5b67eb8407af672b5c84330c37a637f2
820,UriHash,D4FFD2C492EFF7229BB11423DC962522,d4ffd2c492eff7229bb11423dc962522,d4ffd2c492eff7229bb11423dc962522,d4ffd2c492eff7229bb11423dc962522,d4ffd2c492eff7229bb11423dc962522,d4ffd2c492eff7229bb11423dc962522,d4ffd2c492eff7229bb11423dc962522
821,UriHash,75A4ACCF5C8FE53C3DC098139211FF60,75a4accf5c8fe53c3dc098139211ff60,75a4accf5c8fe53c3dc098139211ff60,75a4accf5c8fe53c3dc098139211ff60,75a4accf5c8fe53c3dc098139211ff60,75a4accf5c8fe53c3dc098139211ff60,75a4accf5c8fe53c3dc098139211ff60
822,UriHash,168513B1F631E70D5510BCAC7B9CF41D,168513b1f631e70d5510bcac7b9cf41d,168513b1f631e70d5510bcac7b9cf41d,168513b1f631e70d5510bcac7b9cf41d,168513b1f631e70d5510bcac7b9cf41d,168513b1f631e70d5510bcac7b9cf41d,168513b1f631e70d5510bcac7b9cf41d
823,UriHash,031C6AB780D8F9645956097CF97773F5,031c6ab780d8f9645956097cf97773f5,031c6ab780d8f9645956097cf97773f5,031c6ab780d8f9645956097cf97773f5,031c6ab780d8f9645956097cf97773f5,031c6ab780d8f9645956097cf97773f5,031c6ab780d8f9645956097cf97773f5
824,UriHash,83F239EE0097F8416252218F305BFD2B,83f239ee0097f8416252218f305bfd2b,83f239ee0097f8416252218f305bfd2b,83f239ee0097f8416252218f305bfd2b,83f239ee0097f8416252218f305bfd2b,83f239ee0097f8416252218f305bfd2b,83f239ee0097f8416252218f305bfd2b
825,UriHash,DF0F77BDC942B074898C831F876778B4,df0f77bdc942b074898c831f876778b4,df0f77bdc942b074898c831f876778b4,df0f77bdc942b074898c831f876778b4,df0f77bdc942b074898c831f876778b4,df0f77bdc942b074898c831f876778b4,df0f77bdc942b074898c831f876778b4
826,UriHash,C74D3AA1ABC97A583D3C0B8166B3CCB1,c74d3aa1abc97a583d3c0b8166b3ccb1,c74d3aa1abc97a583d3c0b8166b3ccb1,c74d3aa1abc97a583d3c0b8166b3ccb1,c74d3aa1abc97a583d3c0b8166b3ccb1,c74d3aa1abc97a583d3c0b8166b3ccb1,c74d3aa1abc97a583d3c0b8166b3ccb1
827,UriHash,E647C04D31C627AC5D66473D2DB1241C,e647c04d31c627ac5d66473d2db1241c,e647c04d31c627ac5d66473d2db1241c,e647c04d31c627ac5d66473d2db1241c,e647c04d31c627ac5d66473d2db1241c,e647c04d31c627ac5d66473d2db1241c,e647c04d31c627ac5d66473d2db1241c
828,UriHash,8957513D098BD5FA6C1630033FC77F28,8957513d098bd5fa6c1630033fc77f28,8957513d098bd5fa6c1630033fc77f28,8957513d098bd5fa6c1630033fc77f28,8957513d098bd5fa6c1630033fc77f28,8957513d098bd5fa6c1630033fc77f28,8957513d098bd5fa6c1630033fc77f28
829,UriHash,EB6BC57667AE491B15262F019FCC2DD3,eb6bc57667ae491b15262f019fcc2dd3,eb6bc57667ae491b15262f019fcc2dd3,eb6bc57667ae491b15262f019fcc2dd3,eb6bc57667ae491b15262f019fcc2dd3,eb6bc57667ae491b15262f019fcc2dd3,eb6bc57667ae491b15262f019fcc2dd3
830,UriHash,43EC818939F119691F8D9DE98774E9A0,43ec818939f119691f8d9de98774e9a0,43ec818939f119691f8d9de98774e9a0,43ec818939f119691f8d9de98774e9a0,43ec818939f119691f8d9de98774e9a0,43ec818939f119691f8d9de98774e9a0,43ec818939f119691f8d9de98774e9a0
831,UriHash,541E41EBB3B86D0B1A5C45ECFB748014,541e41ebb3b86d0b1a5c45ecfb748014,541e41ebb3b86d0b1a5c45ecfb748014,541e41ebb3b86d0b1a5c45ecfb748014,541e41ebb3b86d0b1a5c45ecfb748014,541e41ebb3b86d0b1a5c45ecfb748014,541e41ebb3b86d0b1a5c45ecfb748014
832,UriHash,5177AF7D882DBC7940C78664A086F19B,5177af7d882dbc7940c78664a086f19b,5177af7d882dbc7940c78664a086f19b,5177af7d882dbc7940c78664a086f19b,5177af7d882dbc7940c78664a086f19b,5177af7d882dbc7940c78664a086f19b,5177af7d882dbc7940c78664a086f19b
833,UriHash,1C58A1E1A06CF1357203D0C1CC67A33F,1c58a1e1a06cf1357203d0c1cc67a33f,1c58a1e1a06cf1357203d0c1cc67a33f,1c58a1e1a06cf1357203d0c1cc67a33f,1c58a1e1a06cf1357203d0c1cc67a33f,1c58a1e1a06cf1357203d0c1cc67a33f,1c58a1e1a06cf1357203d0c1cc67a33f
834,UriHash,51454DCFED16D578DA86160D0AAFF41B,51454dcfed16d578da86160d0aaff41b,51454dcfed16d578da86160d0aaff41b,51454dcfed16d578da86160d0aaff41b,51454dcfed16d578da86160d0aaff41b,51454dcfed16d578da86160d0aaff41b,51454dcfed16d578da86160d0aaff41b
835,UriHash,5931E50FE9FED63E28DCAD3814786447,5931e50fe9fed63e28dcad3814786447,5931e50fe9fed63e28dcad3814786447,5931e50fe9fed63e28dcad3814786447,5931e50fe9fed63e28dcad3814786447,5931e50fe9fed63e28dcad3814786447,5931e50fe9fed63e28dcad3814786447
836,UriHash,D2E82C8CEFEA7730C5FCC6903B1CAFAF,d2e82c8cefea7730c5fcc6903b1cafaf,d2e82c8cefea7730c5fcc6903b1cafaf,d2e82c8cefea7730c5fcc6903b1cafaf,d2e82c8cefea7730c5fcc6903b1cafaf,d2e82c8cefea7730c5fcc6903b1cafaf,d2e82c8cefea7730c5fcc6903b1cafaf
837,UriHash,0B5320DA8FB94A8F73645F1AA2FC7D47,0b5320da8fb94a8f73645f1aa2fc7d47,0b5320da8fb94a8f73645f1aa2fc7d47,0b5320da8fb94a8f73645f1aa2fc7d47,0b5320da8fb94a8f73645f1aa2fc7d47,0b5320da8fb94a8f73645f1aa2fc7d47,0b5320da8fb94a8f73645f1aa2fc7d47
838,UriHash,402C028F287A96C026289206131C82D0,402c028f287a96c026289206131c82d0,402c028f287a96c026289206131c82d0,402c028f287a96c026289206131c82d0,402c028f287a96c026289206131c82d0,402c028f287a96c026289206131c82d0,402c028f287a96c026289206131c82d0
839,UriHash,603CBD9E83735234111FF87C2B1A89EA,603cbd9e83735234111ff87c2b1a89ea,603cbd9e83735234111ff87c2b1a89ea,603cbd9e83735234111ff87c2b1a89ea,603cbd9e83735234111ff87c2b1a89ea,603cbd9e83735234111ff87c2b1a89ea,603cbd9e83735234111ff87c2b1a89ea
840,UriHash,4CE036B19576E3018572E2202FC987E9,4ce036b19576e3018572e2202fc987e9,4ce036b19576e3018572e2202fc987e9,4ce036b19576e3018572e2202fc987e9,4ce036b19576e3018572e2202fc987e9,4ce036b19576e3018572e2202fc987e9,4ce036b19576e3018572e2202fc987e9
841,UriHash,7375F47B1C2267EDFEFD702FCC4C945B,7375f47b1c2267edfefd702fcc4c945b,7375f47b1c2267edfefd702fcc4c945b,7375f47b1c2267edfefd702fcc4c945b,7375f47b1c2267edfefd702fcc4c945b,7375f47b1c2267edfefd702fcc4c945b,7375f47b1c2267edfefd702fcc4c945b
842,UriHash,88C8128AA1E63CFA029D1FBEBBD413E7,88c8128aa1e63cfa029d1fbebbd413e7,88c8128aa1e63cfa029d1fbebbd413e7,88c8128aa1e63cfa029d1fbebbd413e7,88c8128aa1e63cfa029d1fbebbd413e7,88c8128aa1e63cfa029d1fbebbd413e7,88c8128aa1e63cfa029d1fbebbd413e7
843,UriHash,68B9B5C547865501C06356FC12D3C990,68b9b5c547865501c06356fc12d3c990,68b9b5c547865501c06356fc12d3c990,68b9b5c547865501c06356fc12d3c990,68b9b5c547865501c06356fc12d3c990,68b9b5c547865501c06356fc12d3c990,68b9b5c547865501c06356fc12d3c990
844,UriHash,22B30EEE7BC9180AE73C7E7437320CAB,22b30eee7bc9180ae73c7e7437320cab,22b30eee7bc9180ae73c7e7437320cab,22b30eee7bc9180ae73c7e7437320cab,22b30eee7bc9180ae73c7e7437320cab,22b30eee7bc9180ae73c7e7437320cab,22b30eee7bc9180ae73c7e7437320cab
845,UriHash,FF38C8EA04AC3DFD5917D0010174BFBE,ff38c8ea04ac3dfd5917d0010174bfbe,ff38c8ea04ac3dfd5917d0010174bfbe,ff38c8ea04ac3dfd5917d0010174bfbe,ff38c8ea04ac3dfd5917d0010174bfbe,ff38c8ea04ac3dfd5917d0010174bfbe,ff38c8ea04ac3dfd5917d0010174bfbe
846,UriHash,70540097756540C8F12450CD035E3CE8,70540097756540c8f12450cd035e3ce8,70540097756540c8f12450cd035e3ce8,70540097756540c8f12450cd035e3ce8,70540097756540c8f12450cd035e3ce8,70540097756540c8f12450cd035e3ce8,70540097756540c8f12450cd035e3ce8
847,UriHash,08B7F108F5B79274FCAE34A451C7D1B7,08b7f108f5b79274fcae34a451c7d1b7,08b7f108f5b79274fcae34a451c7d1b7,08b7f108f5b79274fcae34a451c7d1b7,08b7f108f5b79274fcae34a451c7d1b7,08b7f108f5b79274fcae34a451c7d1b7,08b7f108f5b79274fcae34a451c7d1b7
848,UriHash,1993A633DCA3D04312BCFE2B8F9EC919,1993a633dca3d04312bcfe2b8f9ec919,1993a633dca3d04312bcfe2b8f9ec919,1993a633dca3d04312bcfe2b8f9ec919,1993a633dca3d04312bcfe2b8f9ec919,1993a633dca3d04312bcfe2b8f9ec919,1993a633dca3d04312bcfe2b8f9ec919
849,UriHash,2D202D53F9082BBE58C4D69B1E23560D,2d202d53f9082bbe58c4d69b1e23560d,2d202d53f9082bbe58c4d69b1e23560d,2d202d53f9082bbe58c4d69b1e23560d,2d202d53f9082bbe58c4d69b1e23560d,2d202d53f9082bbe58c4d69b1e23560d,2d202d53f9082bbe58c4d69b1e23560d
850,UriHash,4D0E8A9F2FFD48933F36C6F4A3E9F1FA,4d0e8a9f2ffd48933f36c6f4a3e9f1fa,4d0e8a9f2ffd48933f36c6f4a3e9f1fa,4d0e8a9f2ffd48933f36c6f4a3e9f1fa,4d0e8a9f2ffd48933f36c6f4a3e9f1fa,4d0e8a9f2ffd48933f36c6f4a3e9f1fa,4d0e8a9f2ffd48933f36c6f4a3e9f1fa
851,UriHash,A1CED90BB6E9492EBABC0348EEDD5435,a1ced90bb6e9492ebabc0348eedd5435,a1ced90bb6e9492ebabc0348eedd5435,a1ced90bb6e9492ebabc0348eedd5435,a1ced90bb6e9492ebabc0348eedd5435,a1ced90bb6e9492ebabc0348eedd5435,a1ced90bb6e9492ebabc0348eedd5435
852,UriHash,EAE6E14BEED2E4687ECBFCD11AFC0C3C,eae6e14beed2e4687ecbfcd11afc0c3c,eae6e14beed2e4687ecbfcd11afc0c3c,eae6e14beed2e4687ecbfcd11afc0c3c,eae6e14beed2e4687ecbfcd11afc0c3c,eae6e14beed2e4687ecbfcd11afc0c3c,eae6e14beed2e4687ecbfcd11afc0c3c
853,UriHash,620E6AB12C38376B44A053A6217187B4,620e6ab12c38376b44a053a6217187b4,620e6ab12c38376b44a053a6217187b4,620e6ab12c38376b44a053a6217187b4,620e6ab12c38376b44a053a6217187b4,620e6ab12c38376b44a053a6217187b4,620e6ab12c38376b44a053a6217187b4
854,UriHash,BB5166A88BBC2878B6330F8358793111,bb5166a88bbc2878b6330f8358793111,bb5166a88bbc2878b6330f8358793111,bb5166a88bbc2878b6330f8358793111,bb5166a88bbc2878b6330f8358793111,bb5166a88bbc2878b6330f8358793111,bb5166a88bbc2878b6330f8358793111
855,UriHash,753D878045AFFFF6C19766C286A6EDF4,753d878045affff6c19766c286a6edf4,753d878045affff6c19766c286a6edf4,753d878045affff6c19766c286a6edf4,753d878045affff6c19766c286a6edf4,753d878045affff6c19766c286a6edf4,753d878045affff6c19766c286a6edf4
856,UriHash,CF9CD3D21261E7E62078368D9FFB2CC8,cf9cd3d21261e7e62078368d9ffb2cc8,cf9cd3d21261e7e62078368d9ffb2cc8,cf9cd3d21261e7e62078368d9ffb2cc8,cf9cd3d21261e7e62078368d9ffb2cc8,cf9cd3d21261e7e62078368d9ffb2cc8,cf9cd3d21261e7e62078368d9ffb2cc8
857,UriHash,175A302D296E0CFA47679E687431D151,175a302d296e0cfa47679e687431d151,175a302d296e0cfa47679e687431d151,175a302d296e0cfa47679e687431d151,175a302d296e0cfa47679e687431d151,175a302d296e0cfa47679e687431d151,175a302d296e0cfa47679e687431d151
858,UriHash,14E90DAD28ADA173CB509DD15FD0A0EB,14e90dad28ada173cb509dd15fd0a0eb,14e90dad28ada173cb509dd15fd0a0eb,14e90dad28ada173cb509dd15fd0a0eb,14e90dad28ada173cb509dd15fd0a0eb,14e90dad28ada173cb509dd15fd0a0eb,14e90dad28ada173cb509dd15fd0a0eb
859,UriHash,7C38AC4EA47561D64B65E5A0087D0395,7c38ac4ea47561d64b65e5a0087d0395,7c38ac4ea47561d64b65e5a0087d0395,7c38ac4ea47561d64b65e5a0087d0395,7c38ac4ea47561d64b65e5a0087d0395,7c38ac4ea47561d64b65e5a0087d0395,7c38ac4ea47561d64b65e5a0087d0395
860,UriHash,9E793B198223164D1D9F31A20657ABE5,9e793b198223164d1d9f31a20657abe5,9e793b198223164d1d9f31a20657abe5,9e793b198223164d1d9f31a20657abe5,9e793b198223164d1d9f31a20657abe5,9e793b198223164d1d9f31a20657abe5,9e793b198223164d1d9f31a20657abe5
861,UriHash,AFFE97521F15B317E2AEE0729333E043,affe97521f15b317e2aee0729333e043,affe97521f15b317e2aee0729333e043,affe97521f15b317e2aee0729333e043,affe97521f15b317e2aee0729333e043,affe97521f15b317e2aee0729333e043,affe97521f15b317e2aee0729333e043
862,UriHash,103D6A3E22A5CD3F08C289F64FE144A7,103d6a3e22a5cd3f08c289f64fe144a7,103d6a3e22a5cd3f08c289f64fe144a7,103d6a3e22a5cd3f08c289f64fe144a7,103d6a3e22a5cd3f08c289f64fe144a7,103d6a3e22a5cd3f08c289f64fe144a7,103d6a3e22a5cd3f08c289f64fe144a7
863,UriHash,B5E8D2EA1BC96E484D338667277829C0,b5e8d2ea1bc96e484d338667277829c0,b5e8d2ea1bc96e484d338667277829c0,b5e8d2ea1bc96e484d338667277829c0,b5e8d2ea1bc96e484d338667277829c0,b5e8d2ea1bc96e484d338667277829c0,b5e8d2ea1bc96e484d338667277829c0
864,UriHash,C674EF526CCBC81CBB48787BC5D11C7A,c674ef526ccbc81cbb48787bc5d11c7a,c674ef526ccbc81cbb48787bc5d11c7a,c674ef526ccbc81cbb48787bc5d11c7a,c674ef526ccbc81cbb48787bc5d11c7a,c674ef526ccbc81cbb48787bc5d11c7a,c674ef526ccbc81cbb48787bc5d11c7a
865,UriHash,7F895A1DF1F6625F50A64707C7C6934A,7f895a1df1f6625f50a64707c7c6934a,7f895a1df1f6625f50a64707c7c6934a,7f895a1df1f6625f50a64707c7c6934a,7f895a1df1f6625f50a64707c7c6934a,7f895a1df1f6625f50a64707c7c6934a,7f895a1df1f6625f50a64707c7c6934a
866,UriHash,81FED1282DFB0D2E3F0CEE872109D6C1,81fed1282dfb0d2e3f0cee872109d6c1,81fed1282dfb0d2e3f0cee872109d6c1,81fed1282dfb0d2e3f0cee872109d6c1,81fed1282dfb0d2e3f0cee872109d6c1,81fed1282dfb0d2e3f0cee872109d6c1,81fed1282dfb0d2e3f0cee872109d6c1
867,UriHash,40C59972CD2B64630A1BC51C436428D8,40c59972cd2b64630a1bc51c436428d8,40c59972cd2b64630a1bc51c436428d8,40c59972cd2b64630a1bc51c436428d8,40c59972cd2b64630a1bc51c436428d8,40c59972cd2b64630a1bc51c436428d8,40c59972cd2b64630a1bc51c436428d8
868,UriHash,C45BE3030A9052E45A9587A0B8307F27,c45be3030a9052e45a9587a0b8307f27,c45be3030a9052e45a9587a0b8307f27,c45be3030a9052e45a9587a0b8307f27,c45be3030a9052e45a9587a0b8307f27,c45be3030a9052e45a9587a0b8307f27,c45be3030a9052e45a9587a0b8307f27
869,UriHash,02FCBFB8C0847C939405A306B597F16C,02fcbfb8c0847c939405a306b597f16c,02fcbfb8c0847c939405a306b597f16c,02fcbfb8c0847c939405a306b597f16c,02fcbfb8c0847c939405a306b597f16c,02fcbfb8c0847c939405a306b597f16c,02fcbfb8c0847c939405a306b597f16c
870,UriHash,5246A313A23C6161E3F1709FA1C88F65,5246a313a23c6161e3f1709fa1c88f65,5246a313a23c6161e3f1709fa1c88f65,5246a313a23c6161e3f1709fa1c88f65,5246a313a23c6161e3f1709fa1c88f65,5246a313a23c6161e3f1709fa1c88f65,5246a313a23c6161e3f1709fa1c88f65
871,UriHash,247252642F081F93D0C993B7DBBEA81B,247252642f081f93d0c993b7dbbea81b,247252642f081f93d0c993b7dbbea81b,247252642f081f93d0c993b7dbbea81b,247252642f081f93d0c993b7dbbea81b,247252642f081f93d0c993b7dbbea81b,247252642f081f93d0c993b7dbbea81b
872,UriHash,9ED8A999DA79EDF9DCAC9D72DF60EB54,9ed8a999da79edf9dcac9d72df60eb54,9ed8a999da79edf9dcac9d72df60eb54,9ed8a999da79edf9dcac9d72df60eb54,9ed8a999da79edf9dcac9d72df60eb54,9ed8a999da79edf9dcac9d72df60eb54,9ed8a999da79edf9dcac9d72df60eb54
873,UriHash,87382C632155996A5129265D93CFE4A6,87382c632155996a5129265d93cfe4a6,87382c632155996a5129265d93cfe4a6,87382c632155996a5129265d93cfe4a6,87382c632155996a5129265d93cfe4a6,87382c632155996a5129265d93cfe4a6,87382c632155996a5129265d93cfe4a6
874,UriHash,68CA4195BBDFB62C4C40BE6D0440410A,68ca4195bbdfb62c4c40be6d0440410a,68ca4195bbdfb62c4c40be6d0440410a,68ca4195bbdfb62c4c40be6d0440410a,68ca4195bbdfb62c4c40be6d0440410a,68ca4195bbdfb62c4c40be6d0440410a,68ca4195bbdfb62c4c40be6d0440410a
875,UriHash,7AB91D4EF18E686B860C19A8633D5A0F,7ab91d4ef18e686b860c19a8633d5a0f,7ab91d4ef18e686b860c19a8633d5a0f,7ab91d4ef18e686b860c19a8633d5a0f,7ab91d4ef18e686b860c19a8633d5a0f,7ab91d4ef18e686b860c19a8633d5a0f,7ab91d4ef18e686b860c19a8633d5a0f
876,UriHash,F6AF75423FDBA0EB46526BA12B2AE83D,f6af75423fdba0eb46526ba12b2ae83d,f6af75423fdba0eb46526ba12b2ae83d,f6af75423fdba0eb46526ba12b2ae83d,f6af75423fdba0eb46526ba12b2ae83d,f6af75423fdba0eb46526ba12b2ae83d,f6af75423fdba0eb46526ba12b2ae83d
877,UriHash,28E047F9E07AF5B7C4B719BEF15843A3,28e047f9e07af5b7c4b719bef15843a3,28e047f9e07af5b7c4b719bef15843a3,28e047f9e07af5b7c4b719bef15843a3,28e047f9e07af5b7c4b719bef15843a3,28e047f9e07af5b7c4b719bef15843a3,28e047f9e07af5b7c4b719bef15843a3
878,UriHash,4D66B6366C0FBCDF45EC8B21CE5FAC8C,4d66b6366c0fbcdf45ec8b21ce5fac8c,4d66b6366c0fbcdf45ec8b21ce5fac8c,4d66b6366c0fbcdf45ec8b21ce5fac8c,4d66b6366c0fbcdf45ec8b21ce5fac8c,4d66b6366c0fbcdf45ec8b21ce5fac8c,4d66b6366c0fbcdf45ec8b21ce5fac8c
879,UriHash,670CA6734E6EB13EE0C6BCEBFB238305,670ca6734e6eb13ee0c6bcebfb238305,670ca6734e6eb13ee0c6bcebfb238305,670ca6734e6eb13ee0c6bcebfb238305,670ca6734e6eb13ee0c6bcebfb238305,670ca6734e6eb13ee0c6bcebfb238305,670ca6734e6eb13ee0c6bcebfb238305
880,UriHash,51A948C7F9835B85CC838E8338E9395F,51a948c7f9835b85cc838e8338e9395f,51a948c7f9835b85cc838e8338e9395f,51a948c7f9835b85cc838e8338e9395f,51a948c7f9835b85cc838e8338e9395f,51a948c7f9835b85cc838e8338e9395f,51a948c7f9835b85cc838e8338e9395f
881,UriHash,2E18E79BEA10E5F5753694CAE46ED931,2e18e79bea10e5f5753694cae46ed931,2e18e79bea10e5f5753694cae46ed931,2e18e79bea10e5f5753694cae46ed931,2e18e79bea10e5f5753694cae46ed931,2e18e79bea10e5f5753694cae46ed931,2e18e79bea10e5f5753694cae46ed931
882,UriHash,B2A233A065E6D6FEDFC39A3792F09181,b2a233a065e6d6fedfc39a3792f09181,b2a233a065e6d6fedfc39a3792f09181,b2a233a065e6d6fedfc39a3792f09181,b2a233a065e6d6fedfc39a3792f09181,b2a233a065e6d6fedfc39a3792f09181,b2a233a065e6d6fedfc39a3792f09181
883,UriHash,D31ED976F28EE819CC1772F12EA63CAF,d31ed976f28ee819cc1772f12ea63caf,d31ed976f28ee819cc1772f12ea63caf,d31ed976f28ee819cc1772f12ea63caf,d31ed976f28ee819cc1772f12ea63caf,d31ed976f28ee819cc1772f12ea63caf,d31ed976f28ee819cc1772f12ea63caf
884,UriHash,0AA11EB3F4622FE609B6296CC1236FFA,0aa11eb3f4622fe609b6296cc1236ffa,0aa11eb3f4622fe609b6296cc1236ffa,0aa11eb3f4622fe609b6296cc1236ffa,0aa11eb3f4622fe609b6296cc1236ffa,0aa11eb3f4622fe609b6296cc1236ffa,0aa11eb3f4622fe609b6296cc1236ffa
885,UriHash,E4F5EE69B96F618430F59AEDD76E7DB6,e4f5ee69b96f618430f59aedd76e7db6,e4f5ee69b96f618430f59aedd76e7db6,e4f5ee69b96f618430f59aedd76e7db6,e4f5ee69b96f618430f59aedd76e7db6,e4f5ee69b96f618430f59aedd76e7db6,e4f5ee69b96f618430f59aedd76e7db6
886,UriHash,053C781E08748ABE8AE7A2348A650DA1,053c781e08748abe8ae7a2348a650da1,053c781e08748abe8ae7a2348a650da1,053c781e08748abe8ae7a2348a650da1,053c781e08748abe8ae7a2348a650da1,053c781e08748abe8ae7a2348a650da1,053c781e08748abe8ae7a2348a650da1
887,UriHash,8C49F8445396024086A64483AA8B4ED3,8c49f8445396024086a64483aa8b4ed3,8c49f8445396024086a64483aa8b4ed3,8c49f8445396024086a64483aa8b4ed3,8c49f8445396024086a64483aa8b4ed3,8c49f8445396024086a64483aa8b4ed3,8c49f8445396024086a64483aa8b4ed3
888,UriHash,35FED9166223719E8327DB5EAB20554D,35fed9166223719e8327db5eab20554d,35fed9166223719e8327db5eab20554d,35fed9166223719e8327db5eab20554d,35fed9166223719e8327db5eab20554d,35fed9166223719e8327db5eab20554d,35fed9166223719e8327db5eab20554d
889,UriHash,CD17C40B2832C76937D37981689C12D5,cd17c40b2832c76937d37981689c12d5,cd17c40b2832c76937d37981689c12d5,cd17c40b2832c76937d37981689c12d5,cd17c40b2832c76937d37981689c12d5,cd17c40b2832c76937d37981689c12d5,cd17c40b2832c76937d37981689c12d5
890,UriHash,61AD72A0DE311B49FBFA04C850D4A0D7,61ad72a0de311b49fbfa04c850d4a0d7,61ad72a0de311b49fbfa04c850d4a0d7,61ad72a0de311b49fbfa04c850d4a0d7,61ad72a0de311b49fbfa04c850d4a0d7,61ad72a0de311b49fbfa04c850d4a0d7,61ad72a0de311b49fbfa04c850d4a0d7
891,UriHash,73EE3B0A697A8A0F29F7917AC5F3886E,73ee3b0a697a8a0f29f7917ac5f3886e,73ee3b0a697a8a0f29f7917ac5f3886e,73ee3b0a697a8a0f29f7917ac5f3886e,73ee3b0a697a8a0f29f7917ac5f3886e,73ee3b0a697a8a0f29f7917ac5f3886e,73ee3b0a697a8a0f29f7917ac5f3886e
892,UriHash,F85CC6DB4CEF2642ECD8A81AAF5993AF,f85cc6db4cef2642ecd8a81aaf5993af,f85cc6db4cef2642ecd8a81aaf5993af,f85cc6db4cef2642ecd8a81aaf5993af,f85cc6db4cef2642ecd8a81aaf5993af,f85cc6db4cef2642ecd8a81aaf5993af,f85cc6db4cef2642ecd8a81aaf5993af
893,UriHash,3549E5CC70F7B062CD47F48D13D1A4F9,3549e5cc70f7b062cd47f48d13d1a4f9,3549e5cc70f7b062cd47f48d13d1a4f9,3549e5cc70f7b062cd47f48d13d1a4f9,3549e5cc70f7b062cd47f48d13d1a4f9,3549e5cc70f7b062cd47f48d13d1a4f9,3549e5cc70f7b062cd47f48d13d1a4f9
894,UriHash,2AD0CD2EC86803EA8747A5DD5CB0A28E,2ad0cd2ec86803ea8747a5dd5cb0a28e,2ad0cd2ec86803ea8747a5dd5cb0a28e,2ad0cd2ec86803ea8747a5dd5cb0a28e,2ad0cd2ec86803ea8747a5dd5cb0a28e,2ad0cd2ec86803ea8747a5dd5cb0a28e,2ad0cd2ec86803ea8747a5dd5cb0a28e
896,UriHash,B09AB0C2D2018B8665E56A2016A8F63B,b09ab0c2d2018b8665e56a2016a8f63b,b09ab0c2d2018b8665e56a2016a8f63b,b09ab0c2d2018b8665e56a2016a8f63b,b09ab0c2d2018b8665e56a2016a8f63b,b09ab0c2d2018b8665e56a2016a8f63b,b09ab0c2d2018b8665e56a2016a8f63b
898,UriHash,8DB2F716345C5F5169553136AE049E0E,8db2f716345c5f5169553136ae049e0e,8db2f716345c5f5169553136ae049e0e,8db2f716345c5f5169553136ae049e0e,8db2f716345c5f5169553136ae049e0e,8db2f716345c5f5169553136ae049e0e,8db2f716345c5f5169553136ae049e0e
900,UriHash,20A96B26B675E8D0AA69D6E3E15AB3FD,20a96b26b675e8d0aa69d6e3e15ab3fd,20a96b26b675e8d0aa69d6e3e15ab3fd,20a96b26b675e8d0aa69d6e3e15ab3fd,20a96b26b675e8d0aa69d6e3e15ab3fd,20a96b26b675e8d0aa69d6e3e15ab3fd,20a96b26b675e8d0aa69d6e3e15ab3fd
901,UriHash,37A92DF537468B8998184CE108D07041,37a92df537468b8998184ce108d07041,37a92df537468b8998184ce108d07041,37a92df537468b8998184ce108d07041,37a92df537468b8998184ce108d07041,37a92df537468b8998184ce108d07041,37a92df537468b8998184ce108d07041
902,UriHash,021DEB49C71615FBD0A54C765D0DADD8,021deb49c71615fbd0a54c765d0dadd8,021deb49c71615fbd0a54c765d0dadd8,021deb49c71615fbd0a54c765d0dadd8,021deb49c71615fbd0a54c765d0dadd8,021deb49c71615fbd0a54c765d0dadd8,021deb49c71615fbd0a54c765d0dadd8
904,UriHash,D6A5D2C416A985C07B3C752994A1C9BE,d6a5d2c416a985c07b3c752994a1c9be,d6a5d2c416a985c07b3c752994a1c9be,d6a5d2c416a985c07b3c752994a1c9be,d6a5d2c416a985c07b3c752994a1c9be,d6a5d2c416a985c07b3c752994a1c9be,d6a5d2c416a985c07b3c752994a1c9be
906,UriHash,E2B936928181D5A40AC78009F796DCA2,e2b936928181d5a40ac78009f796dca2,e2b936928181d5a40ac78009f796dca2,e2b936928181d5a40ac78009f796dca2,e2b936928181d5a40ac78009f796dca2,e2b936928181d5a40ac78009f796dca2,e2b936928181d5a40ac78009f796dca2
908,UriHash,1F486A0B60480E8D40F7E8B499F76CEA,1f486a0b60480e8d40f7e8b499f76cea,1f486a0b60480e8d40f7e8b499f76cea,1f486a0b60480e8d40f7e8b499f76cea,1f486a0b60480e8d40f7e8b499f76cea,1f486a0b60480e8d40f7e8b499f76cea,1f486a0b60480e8d40f7e8b499f76cea
909,UriHash,5B60AD2A450FAD11EEFD7779E3ECD012,5b60ad2a450fad11eefd7779e3ecd012,5b60ad2a450fad11eefd7779e3ecd012,5b60ad2a450fad11eefd7779e3ecd012,5b60ad2a450fad11eefd7779e3ecd012,5b60ad2a450fad11eefd7779e3ecd012,5b60ad2a450fad11eefd7779e3ecd012
910,UriHash,650DC1DF9B0AE98FCCFF40AA6BB3DB6C,650dc1df9b0ae98fccff40aa6bb3db6c,650dc1df9b0ae98fccff40aa6bb3db6c,650dc1df9b0ae98fccff40aa6bb3db6c,650dc1df9b0ae98fccff40aa6bb3db6c,650dc1df9b0ae98fccff40aa6bb3db6c,650dc1df9b0ae98fccff40aa6bb3db6c
911,UriHash,5ED368EEA4C9CC7531C89AEDED598E0D,5ed368eea4c9cc7531c89aeded598e0d,5ed368eea4c9cc7531c89aeded598e0d,5ed368eea4c9cc7531c89aeded598e0d,5ed368eea4c9cc7531c89aeded598e0d,5ed368eea4c9cc7531c89aeded598e0d,5ed368eea4c9cc7531c89aeded598e0d
912,UriHash,0F0E5667CFC4C2E628D3436EA3FFD6D0,0f0e5667cfc4c2e628d3436ea3ffd6d0,0f0e5667cfc4c2e628d3436ea3ffd6d0,0f0e5667cfc4c2e628d3436ea3ffd6d0,0f0e5667cfc4c2e628d3436ea3ffd6d0,0f0e5667cfc4c2e628d3436ea3ffd6d0,0f0e5667cfc4c2e628d3436ea3ffd6d0
913,UriHash,9CB76468BEFD2E39ABA917F5B089DC5E,9cb76468befd2e39aba917f5b089dc5e,9cb76468befd2e39aba917f5b089dc5e,9cb76468befd2e39aba917f5b089dc5e,9cb76468befd2e39aba917f5b089dc5e,9cb76468befd2e39aba917f5b089dc5e,9cb76468befd2e39aba917f5b089dc5e
914,UriHash,293D7637A51C41B1A18C7794FE43F41A,293d7637a51c41b1a18c7794fe43f41a,293d7637a51c41b1a18c7794fe43f41a,293d7637a51c41b1a18c7794fe43f41a,293d7637a51c41b1a18c7794fe43f41a,293d7637a51c41b1a18c7794fe43f41a,293d7637a51c41b1a18c7794fe43f41a
915,UriHash,82F86922638194F279672BB42FC17B46,82f86922638194f279672bb42fc17b46,82f86922638194f279672bb42fc17b46,82f86922638194f279672bb42fc17b46,82f86922638194f279672bb42fc17b46,82f86922638194f279672bb42fc17b46,82f86922638194f279672bb42fc17b46
916,UriHash,BB8740D81B1ECCFAB5E814786FF5C77A,bb8740d81b1eccfab5e814786ff5c77a,bb8740d81b1eccfab5e814786ff5c77a,bb8740d81b1eccfab5e814786ff5c77a,bb8740d81b1eccfab5e814786ff5c77a,bb8740d81b1eccfab5e814786ff5c77a,bb8740d81b1eccfab5e814786ff5c77a
917,UriHash,75370CBB9C30AB2CEB3B25F895F33B49,75370cbb9c30ab2ceb3b25f895f33b49,75370cbb9c30ab2ceb3b25f895f33b49,75370cbb9c30ab2ceb3b25f895f33b49,75370cbb9c30ab2ceb3b25f895f33b49,75370cbb9c30ab2ceb3b25f895f33b49,75370cbb9c30ab2ceb3b25f895f33b49
918,UriHash,B2ED5430BFD954163A2BD16996F8AA21,b2ed5430bfd954163a2bd16996f8aa21,b2ed5430bfd954163a2bd16996f8aa21,b2ed5430bfd954163a2bd16996f8aa21,b2ed5430bfd954163a2bd16996f8aa21,b2ed5430bfd954163a2bd16996f8aa21,b2ed5430bfd954163a2bd16996f8aa21
919,UriHash,4B845A6BEBF9EFB08841C3B934D990CC,4b845a6bebf9efb08841c3b934d990cc,4b845a6bebf9efb08841c3b934d990cc,4b845a6bebf9efb08841c3b934d990cc,4b845a6bebf9efb08841c3b934d990cc,4b845a6bebf9efb08841c3b934d990cc,4b845a6bebf9efb08841c3b934d990cc
920,UriHash,B4E6AD715D301DF630CF756E9975888B,b4e6ad715d301df630cf756e9975888b,b4e6ad715d301df630cf756e9975888b,b4e6ad715d301df630cf756e9975888b,b4e6ad715d301df630cf756e9975888b,b4e6ad715d301df630cf756e9975888b,b4e6ad715d301df630cf756e9975888b
921,UriHash,0FCFDEF50CF88B02E7DC3EC5B91FA912,0fcfdef50cf88b02e7dc3ec5b91fa912,0fcfdef50cf88b02e7dc3ec5b91fa912,0fcfdef50cf88b02e7dc3ec5b91fa912,0fcfdef50cf88b02e7dc3ec5b91fa912,0fcfdef50cf88b02e7dc3ec5b91fa912,0fcfdef50cf88b02e7dc3ec5b91fa912
922,UriHash,610105E142ECA702CDA453E104AE77BA,610105e142eca702cda453e104ae77ba,610105e142eca702cda453e104ae77ba,610105e142eca702cda453e104ae77ba,610105e142eca702cda453e104ae77ba,610105e142eca702cda453e104ae77ba,610105e142eca702cda453e104ae77ba
923,UriHash,C4C1329FDF1CF32FB9DD44EF6590777B,c4c1329fdf1cf32fb9dd44ef6590777b,c4c1329fdf1cf32fb9dd44ef6590777b,c4c1329fdf1cf32fb9dd44ef6590777b,c4c1329fdf1cf32fb9dd44ef6590777b,c4c1329fdf1cf32fb9dd44ef6590777b,c4c1329fdf1cf32fb9dd44ef6590777b
924,UriHash,0C86EBD64815C8966321FD3324013B99,0c86ebd64815c8966321fd3324013b99,0c86ebd64815c8966321fd3324013b99,0c86ebd64815c8966321fd3324013b99,0c86ebd64815c8966321fd3324013b99,0c86ebd64815c8966321fd3324013b99,0c86ebd64815c8966321fd3324013b99
925,UriHash,EF7D26392AAD59DB71CB2A66335B4443,ef7d26392aad59db71cb2a66335b4443,ef7d26392aad59db71cb2a66335b4443,ef7d26392aad59db71cb2a66335b4443,ef7d26392aad59db71cb2a66335b4443,ef7d26392aad59db71cb2a66335b4443,ef7d26392aad59db71cb2a66335b4443
0,URL,https://sig.aminerals.cl/imgdyn/rest/services/CL_MLP_PAO/CL_MLP_PAO_IF_Ortho_Geosupport/ImageServer/file?id=.\Chacay_El_Mauro_Drone\26_01_07\CL_MLP_PAO_IF_Ortho_26_01_07_ED2.tif&rasterId=,.\chacay_el_mauro_drone\26_01_07\cl_mlp_pao_if_ortho_26_01_07_ed2.tif,cl_mlp_pao_if_ortho_26_01_07_ed2.tif,cl_mlp_pao_if_ortho_26_01_07_ed2,.\chacay_el_mauro_drone\26_01_07\cl_mlp_pao_if_ortho_26_01_07_ed2.tif,cl_mlp_pao_if_ortho_26_01_07_ed2.tif,cl_mlp_pao_if_ortho_26_01_07_ed2
567,URL,https://sig.aminerals.cl/imgdyn/rest/services/CL_MLP_PAO/CL_MLP_PAO_IF_Ortho_Geosupport/ImageServer/file?id=.\El_Mauro_Drone\26_04\CL_MLP_PAO_IF_Ortho_26_04_11_Camino_Alternativo_Salamanca.tif&rasterId=,.\el_mauro_drone\26_04\cl_mlp_pao_if_ortho_26_04_11_camino_alternativo_salamanca.tif,cl_mlp_pao_if_ortho_26_04_11_camino_alternativo_salamanca.tif,cl_mlp_pao_if_ortho_26_04_11_camino_alternativo_salamanca,.\el_mauro_drone\26_04\cl_mlp_pao_if_ortho_26_04_11_camino_alternativo_salamanca.tif,cl_mlp_pao_if_ortho_26_04_11_camino_alternativo_salamanca.tif,cl_mlp_pao_if_ortho_26_04_11_camino_alternativo_salamanca
568,URL,https://sig.aminerals.cl/imgdyn/rest/services/CL_MLP_PAO/CL_MLP_PAO_IF_Ortho_Geosupport/ImageServer/file?id=.\El_Mauro_Drone\26_04_16\CL_MLP_PAO_IF_Ortho_26_04_16_Camino_Alternativo_Salamanca.tif&rasterId=,.\el_mauro_drone\26_04_16\cl_mlp_pao_if_ortho_26_04_16_camino_alternativo_salamanca.tif,cl_mlp_pao_if_ortho_26_04_16_camino_alternativo_salamanca.tif,cl_mlp_pao_if_ortho_26_04_16_camino_alternativo_salamanca,.\el_mauro_drone\26_04_16\cl_mlp_pao_if_ortho_26_04_16_camino_alternativo_salamanca.tif,cl_mlp_pao_if_ortho_26_04_16_camino_alternativo_salamanca.tif,cl_mlp_pao_if_ortho_26_04_16_camino_alternativo_salamanca
569,URL,https://sig.aminerals.cl/imgdyn/rest/services/CL_MLP_PAO/CL_MLP_PAO_IF_Ortho_Geosupport/ImageServer/file?id=.\El_Mauro_Drone\26_04\CL_MLP_PAO_IF_Ortho_26_04_02_Camino_Alternativo_Salamanca.tif&rasterId=,.\el_mauro_drone\26_04\cl_mlp_pao_if_ortho_26_04_02_camino_alternativo_salamanca.tif,cl_mlp_pao_if_ortho_26_04_02_camino_alternativo_salamanca.tif,cl_mlp_pao_if_ortho_26_04_02_camino_alternativo_salamanca,.\el_mauro_drone\26_04\cl_mlp_pao_if_ortho_26_04_02_camino_alternativo_salamanca.tif,cl_mlp_pao_if_ortho_26_04_02_camino_alternativo_salamanca.tif,cl_mlp_pao_if_ortho_26_04_02_camino_alternativo_salamanca
570,URL,https://sig.aminerals.cl/imgdyn/rest/services/CL_MLP_PAO/CL_MLP_PAO_IF_Ortho_Geosupport/ImageServer/file?id=.\El_Mauro_Drone\26_03_21\CL_MLP_PAO_IF_Ortho_26_03_21_Camino_Alternativo_Salamanca.tif&rasterId=,.\el_mauro_drone\26_03_21\cl_mlp_pao_if_ortho_26_03_21_camino_alternativo_salamanca.tif,cl_mlp_pao_if_ortho_26_03_21_camino_alternativo_salamanca.tif,cl_mlp_pao_if_ortho_26_03_21_camino_alternativo_salamanca,.\el_mauro_drone\26_03_21\cl_mlp_pao_if_ortho_26_03_21_camino_alternativo_salamanca.tif,cl_mlp_pao_if_ortho_26_03_21_camino_alternativo_salamanca.tif,cl_mlp_pao_if_ortho_26_03_21_camino_alternativo_salamanca
571,URL,https://sig.aminerals.cl/imgdyn/rest/services/CL_MLP_PAO/CL_MLP_PAO_IF_Ortho_Geosupport/ImageServer/file?id=.\El_Mauro_Drone\26_05_03\CL_MLP_PAO_IF_Ortho_26_05_03_Camino_Alternativo_Salamanca.tif&rasterId=,.\el_mauro_drone\26_05_03\cl_mlp_pao_if_ortho_26_05_03_camino_alternativo_salamanca.tif,cl_mlp_pao_if_ortho_26_05_03_camino_alternativo_salamanca.tif,cl_mlp_pao_if_ortho_26_05_03_camino_alternativo_salamanca,.\el_mauro_drone\26_05_03\cl_mlp_pao_if_ortho_26_05_03_camino_alternativo_salamanca.tif,cl_mlp_pao_if_ortho_26_05_03_camino_alternativo_salamanca.tif,cl_mlp_pao_if_ortho_26_05_03_camino_alternativo_salamanca
572,URL,https://sig.aminerals.cl/imgdyn/rest/services/CL_MLP_PAO/CL_MLP_PAO_IF_Ortho_Geosupport/ImageServer/file?id=.\Chacay_El_Mauro_Drone\26_03_28\CL_MLP_PAO_IF_Ortho_26_03_28_IIFF9-PA13.tif&rasterId=,.\chacay_el_mauro_drone\26_03_28\cl_mlp_pao_if_ortho_26_03_28_iiff9-pa13.tif,cl_mlp_pao_if_ortho_26_03_28_iiff9-pa13.tif,cl_mlp_pao_if_ortho_26_03_28_iiff9-pa13,.\chacay_el_mauro_drone\26_03_28\cl_mlp_pao_if_ortho_26_03_28_iiff9-pa13.tif,cl_mlp_pao_if_ortho_26_03_28_iiff9-pa13.tif,cl_mlp_pao_if_ortho_26_03_28_iiff9-pa13
573,URL,https://sig.aminerals.cl/imgdyn/rest/services/CL_MLP_PAO/CL_MLP_PAO_IF_Ortho_Geosupport/ImageServer/file?id=.\El_Mauro_Drone\26_05_06\CL_MLP_PAO_IF_Ortho_26_05_06_Camino_Alternativo_Salamanca.tif&rasterId=,.\el_mauro_drone\26_05_06\cl_mlp_pao_if_ortho_26_05_06_camino_alternativo_salamanca.tif,cl_mlp_pao_if_ortho_26_05_06_camino_alternativo_salamanca.tif,cl_mlp_pao_if_ortho_26_05_06_camino_alternativo_salamanca,.\el_mauro_drone\26_05_06\cl_mlp_pao_if_ortho_26_05_06_camino_alternativo_salamanca.tif,cl_mlp_pao_if_ortho_26_05_06_camino_alternativo_salamanca.tif,cl_mlp_pao_if_ortho_26_05_06_camino_alternativo_salamanca
574,URL,https://sig.aminerals.cl/imgdyn/rest/services/CL_MLP_PAO/CL_MLP_PAO_IF_Ortho_Geosupport/ImageServer/file?id=.\Puerto_Punta_Chungo_Drone\26_05_03\CL_MLP_PAO_IF_Ortho_26_05_03_EDT.tif&rasterId=,.\puerto_punta_chungo_drone\26_05_03\cl_mlp_pao_if_ortho_26_05_03_edt.tif,cl_mlp_pao_if_ortho_26_05_03_edt.tif,cl_mlp_pao_if_ortho_26_05_03_edt,.\puerto_punta_chungo_drone\26_05_03\cl_mlp_pao_if_ortho_26_05_03_edt.tif,cl_mlp_pao_if_ortho_26_05_03_edt.tif,cl_mlp_pao_if_ortho_26_05_03_edt
575,URL,https://sig.aminerals.cl/imgdyn/rest/services/CL_MLP_PAO/CL_MLP_PAO_IF_Ortho_Geosupport/ImageServer/file?id=.\Puerto_Punta_Chungo_Drone\26_03_30\CL_MLP_PAO_IF_Ortho_26_03_30_EDT.tif&rasterId=,.\puerto_punta_chungo_drone\26_03_30\cl_mlp_pao_if_ortho_26_03_30_edt.tif,cl_mlp_pao_if_ortho_26_03_30_edt.tif,cl_mlp_pao_if_ortho_26_03_30_edt,.\puerto_punta_chungo_drone\26_03_30\cl_mlp_pao_if_ortho_26_03_30_edt.tif,cl_mlp_pao_if_ortho_26_03_30_edt.tif,cl_mlp_pao_if_ortho_26_03_30_edt
576,URL,https://sig.aminerals.cl/imgdyn/rest/services/CL_MLP_PAO/CL_MLP_PAO_IF_Ortho_Geosupport/ImageServer/file?id=.\El_Mauro_Drone\26_01_20\CL_MLP_PAO_IF_Ortho_26_01_20_Linea-33-kV-NorteElMauro-Area3.tif&rasterId=,.\el_mauro_drone\26_01_20\cl_mlp_pao_if_ortho_26_01_20_linea-33-kv-norteelmauro-area3.tif,cl_mlp_pao_if_ortho_26_01_20_linea-33-kv-norteelmauro-area3.tif,cl_mlp_pao_if_ortho_26_01_20_linea-33-kv-norteelmauro-area3,.\el_mauro_drone\26_01_20\cl_mlp_pao_if_ortho_26_01_20_linea-33-kv-norteelmauro-area3.tif,cl_mlp_pao_if_ortho_26_01_20_linea-33-kv-norteelmauro-area3.tif,cl_mlp_pao_if_ortho_26_01_20_linea-33-kv-norteelmauro-area3
577,URL,https://sig.aminerals.cl/imgdyn/rest/services/CL_MLP_PAO/CL_MLP_PAO_IF_Ortho_Geosupport/ImageServer/file?id=.\Puerto_Punta_Chungo_Drone\26_04_26\CL_MLP_PAO_IF_Ortho_26_04_26_EDT.tif&rasterId=,.\puerto_punta_chungo_drone\26_04_26\cl_mlp_pao_if_ortho_26_04_26_edt.tif,cl_mlp_pao_if_ortho_26_04_26_edt.tif,cl_mlp_pao_if_ortho_26_04_26_edt,.\puerto_punta_chungo_drone\26_04_26\cl_mlp_pao_if_ortho_26_04_26_edt.tif,cl_mlp_pao_if_ortho_26_04_26_edt.tif,cl_mlp_pao_if_ortho_26_04_26_edt
578,URL,https://sig.aminerals.cl/imgdyn/rest/services/CL_MLP_PAO/CL_MLP_PAO_IF_Ortho_Geosupport/ImageServer/file?id=.\Puerto_Punta_Chungo_Drone\26_05_09\CL_MLP_PAO_IF_Ortho_26_05_09_EDT.tif&rasterId=,.\puerto_punta_chungo_drone\26_05_09\cl_mlp_pao_if_ortho_26_05_09_edt.tif,cl_mlp_pao_if_ortho_26_05_09_edt.tif,cl_mlp_pao_if_ortho_26_05_09_edt,.\puerto_punta_chungo_drone\26_05_09\cl_mlp_pao_if_ortho_26_05_09_edt.tif,cl_mlp_pao_if_ortho_26_05_09_edt.tif,cl_mlp_pao_if_ortho_26_05_09_edt
579,URL,https://sig.aminerals.cl/imgdyn/rest/services/CL_MLP_PAO/CL_MLP_PAO_IF_Ortho_Geosupport/ImageServer/file?id=.\El_Mauro_Drone\26_02_24\CL_MLP_PAO_IF_Ortho_26_02_24_Linea-33-kV-NorteElMauro-Area3.tif&rasterId=,.\el_mauro_drone\26_02_24\cl_mlp_pao_if_ortho_26_02_24_linea-33-kv-norteelmauro-area3.tif,cl_mlp_pao_if_ortho_26_02_24_linea-33-kv-norteelmauro-area3.tif,cl_mlp_pao_if_ortho_26_02_24_linea-33-kv-norteelmauro-area3,.\el_mauro_drone\26_02_24\cl_mlp_pao_if_ortho_26_02_24_linea-33-kv-norteelmauro-area3.tif,cl_mlp_pao_if_ortho_26_02_24_linea-33-kv-norteelmauro-area3.tif,cl_mlp_pao_if_ortho_26_02_24_linea-33-kv-norteelmauro-area3
580,URL,https://sig.aminerals.cl/imgdyn/rest/services/CL_MLP_PAO/CL_MLP_PAO_IF_Ortho_Geosupport/ImageServer/file?id=.\Puerto_Punta_Chungo_Drone\26_04\CL_MLP_PAO_IF_Ortho_26_04_11_EDT.tif&rasterId=,.\puerto_punta_chungo_drone\26_04\cl_mlp_pao_if_ortho_26_04_11_edt.tif,cl_mlp_pao_if_ortho_26_04_11_edt.tif,cl_mlp_pao_if_ortho_26_04_11_edt,.\puerto_punta_chungo_drone\26_04\cl_mlp_pao_if_ortho_26_04_11_edt.tif,cl_mlp_pao_if_ortho_26_04_11_edt.tif,cl_mlp_pao_if_ortho_26_04_11_edt
598,URL,https://sig.aminerals.cl/imgdyn/rest/services/CL_MLP_PAO/CL_MLP_PAO_IF_Ortho_Geosupport/ImageServer/file?id=.\El_Mauro_Drone\26_04_01\CL_MLP_PAO_IF_Ortho_26_04_01_Pozos_PRP.tif&rasterId=,.\el_mauro_drone\26_04_01\cl_mlp_pao_if_ortho_26_04_01_pozos_prp.tif,cl_mlp_pao_if_ortho_26_04_01_pozos_prp.tif,cl_mlp_pao_if_ortho_26_04_01_pozos_prp,.\el_mauro_drone\26_04_01\cl_mlp_pao_if_ortho_26_04_01_pozos_prp.tif,cl_mlp_pao_if_ortho_26_04_01_pozos_prp.tif,cl_mlp_pao_if_ortho_26_04_01_pozos_prp
599,URL,https://sig.aminerals.cl/imgdyn/rest/services/CL_MLP_PAO/CL_MLP_PAO_IF_Ortho_Geosupport/ImageServer/file?id=.\El_Mauro_Drone\26_04_22\CL_MLP_PAO_IF_Ortho_26_04_22_EB3.tif&rasterId=,.\el_mauro_drone\26_04_22\cl_mlp_pao_if_ortho_26_04_22_eb3.tif,cl_mlp_pao_if_ortho_26_04_22_eb3.tif,cl_mlp_pao_if_ortho_26_04_22_eb3,.\el_mauro_drone\26_04_22\cl_mlp_pao_if_ortho_26_04_22_eb3.tif,cl_mlp_pao_if_ortho_26_04_22_eb3.tif,cl_mlp_pao_if_ortho_26_04_22_eb3
601,URL,https://sig.aminerals.cl/imgdyn/rest/services/CL_MLP_PAO/CL_MLP_PAO_IF_Ortho_Geosupport/ImageServer/file?id=.\El_Mauro_Drone\26_03_26\CL_MLP_PAO_IF_Ortho_26_03_26_Pozos_PRP.tif&rasterId=,.\el_mauro_drone\26_03_26\cl_mlp_pao_if_ortho_26_03_26_pozos_prp.tif,cl_mlp_pao_if_ortho_26_03_26_pozos_prp.tif,cl_mlp_pao_if_ortho_26_03_26_pozos_prp,.\el_mauro_drone\26_03_26\cl_mlp_pao_if_ortho_26_03_26_pozos_prp.tif,cl_mlp_pao_if_ortho_26_03_26_pozos_prp.tif,cl_mlp_pao_if_ortho_26_03_26_pozos_prp
602,URL,https://sig.aminerals.cl/imgdyn/rest/services/CL_MLP_PAO/CL_MLP_PAO_IF_Ortho_Geosupport/ImageServer/file?id=.\El_Mauro_Drone\26_04_17\CL_MLP_PAO_IF_Ortho_26_04_17_EB3.tif&rasterId=,.\el_mauro_drone\26_04_17\cl_mlp_pao_if_ortho_26_04_17_eb3.tif,cl_mlp_pao_if_ortho_26_04_17_eb3.tif,cl_mlp_pao_if_ortho_26_04_17_eb3,.\el_mauro_drone\26_04_17\cl_mlp_pao_if_ortho_26_04_17_eb3.tif,cl_mlp_pao_if_ortho_26_04_17_eb3.tif,cl_mlp_pao_if_ortho_26_04_17_eb3
604,URL,https://sig.aminerals.cl/imgdyn/rest/services/CL_MLP_PAO/CL_MLP_PAO_IF_Ortho_Geosupport/ImageServer/file?id=.\Chacay_Drone\26_03_27\CL_MLP_PAO_IF_Ortho_26_03_27_Estacion_Cabecera.tif&rasterId=,.\chacay_drone\26_03_27\cl_mlp_pao_if_ortho_26_03_27_estacion_cabecera.tif,cl_mlp_pao_if_ortho_26_03_27_estacion_cabecera.tif,cl_mlp_pao_if_ortho_26_03_27_estacion_cabecera,.\chacay_drone\26_03_27\cl_mlp_pao_if_ortho_26_03_27_estacion_cabecera.tif,cl_mlp_pao_if_ortho_26_03_27_estacion_cabecera.tif,cl_mlp_pao_if_ortho_26_03_27_estacion_cabecera
605,URL,https://sig.aminerals.cl/imgdyn/rest/services/CL_MLP_PAO/CL_MLP_PAO_IF_Ortho_Geosupport/ImageServer/file?id=.\El_Mauro_Drone\26_02_26\CL_MLP_PAO_IF_Ortho_26_02_26_EB3.tif&rasterId=,.\el_mauro_drone\26_02_26\cl_mlp_pao_if_ortho_26_02_26_eb3.tif,cl_mlp_pao_if_ortho_26_02_26_eb3.tif,cl_mlp_pao_if_ortho_26_02_26_eb3,.\el_mauro_drone\26_02_26\cl_mlp_pao_if_ortho_26_02_26_eb3.tif,cl_mlp_pao_if_ortho_26_02_26_eb3.tif,cl_mlp_pao_if_ortho_26_02_26_eb3
606,URL,https://sig.aminerals.cl/imgdyn/rest/services/CL_MLP_PAO/CL_MLP_PAO_IF_Ortho_Geosupport/ImageServer/file?id=.\Chacay_Drone\26_05_09\CL_MLP_PAO_IF_Ortho_26_05_09_Estacion_Cabecera.tif&rasterId=,.\chacay_drone\26_05_09\cl_mlp_pao_if_ortho_26_05_09_estacion_cabecera.tif,cl_mlp_pao_if_ortho_26_05_09_estacion_cabecera.tif,cl_mlp_pao_if_ortho_26_05_09_estacion_cabecera,.\chacay_drone\26_05_09\cl_mlp_pao_if_ortho_26_05_09_estacion_cabecera.tif,cl_mlp_pao_if_ortho_26_05_09_estacion_cabecera.tif,cl_mlp_pao_if_ortho_26_05_09_estacion_cabecera
607,URL,https://sig.aminerals.cl/imgdyn/rest/services/CL_MLP_PAO/CL_MLP_PAO_IF_Ortho_Geosupport/ImageServer/file?id=.\El_Mauro_Drone\26_04\CL_MLP_PAO_IF_Ortho_26_04_09_EB3.tif&rasterId=,.\el_mauro_drone\26_04\cl_mlp_pao_if_ortho_26_04_09_eb3.tif,cl_mlp_pao_if_ortho_26_04_09_eb3.tif,cl_mlp_pao_if_ortho_26_04_09_eb3,.\el_mauro_drone\26_04\cl_mlp_pao_if_ortho_26_04_09_eb3.tif,cl_mlp_pao_if_ortho_26_04_09_eb3.tif,cl_mlp_pao_if_ortho_26_04_09_eb3
608,URL,https://sig.aminerals.cl/imgdyn/rest/services/CL_MLP_PAO/CL_MLP_PAO_IF_Ortho_Geosupport/ImageServer/file?id=.\El_Mauro_Drone\26_04_16\CL_MLP_PAO_IF_Ortho_26_04_16_Pozos_PRP.tif&rasterId=,.\el_mauro_drone\26_04_16\cl_mlp_pao_if_ortho_26_04_16_pozos_prp.tif,cl_mlp_pao_if_ortho_26_04_16_pozos_prp.tif,cl_mlp_pao_if_ortho_26_04_16_pozos_prp,.\el_mauro_drone\26_04_16\cl_mlp_pao_if_ortho_26_04_16_pozos_prp.tif,cl_mlp_pao_if_ortho_26_04_16_pozos_prp.tif,cl_mlp_pao_if_ortho_26_04_16_pozos_prp
609,URL,https://sig.aminerals.cl/imgdyn/rest/services/CL_MLP_PAO/CL_MLP_PAO_IF_Ortho_Geosupport/ImageServer/file?id=.\El_Mauro_Drone\26_04_25\CL_MLP_PAO_IF_Ortho_26_04_25_Pozos_PRP.tif&rasterId=,.\el_mauro_drone\26_04_25\cl_mlp_pao_if_ortho_26_04_25_pozos_prp.tif,cl_mlp_pao_if_ortho_26_04_25_pozos_prp.tif,cl_mlp_pao_if_ortho_26_04_25_pozos_prp,.\el_mauro_drone\26_04_25\cl_mlp_pao_if_ortho_26_04_25_pozos_prp.tif,cl_mlp_pao_if_ortho_26_04_25_pozos_prp.tif,cl_mlp_pao_if_ortho_26_04_25_pozos_prp
611,URL,https://sig.aminerals.cl/imgdyn/rest/services/CL_MLP_PAO/CL_MLP_PAO_IF_Ortho_Geosupport/ImageServer/file?id=.\El_Mauro_Drone\26_05_08\CL_MLP_PAO_IF_Ortho_26_05_08_Pozos_PRP.tif&rasterId=,.\el_mauro_drone\26_05_08\cl_mlp_pao_if_ortho_26_05_08_pozos_prp.tif,cl_mlp_pao_if_ortho_26_05_08_pozos_prp.tif,cl_mlp_pao_if_ortho_26_05_08_pozos_prp,.\el_mauro_drone\26_05_08\cl_mlp_pao_if_ortho_26_05_08_pozos_prp.tif,cl_mlp_pao_if_ortho_26_05_08_pozos_prp.tif,cl_mlp_pao_if_ortho_26_05_08_pozos_prp
612,URL,https://sig.aminerals.cl/imgdyn/rest/services/CL_MLP_PAO/CL_MLP_PAO_IF_Ortho_Geosupport/ImageServer/file?id=.\El_Mauro_Drone\26_03_12\CL_MLP_PAO_IF_Ortho_26_03_12_EB3.tif&rasterId=,.\el_mauro_drone\26_03_12\cl_mlp_pao_if_ortho_26_03_12_eb3.tif,cl_mlp_pao_if_ortho_26_03_12_eb3.tif,cl_mlp_pao_if_ortho_26_03_12_eb3,.\el_mauro_drone\26_03_12\cl_mlp_pao_if_ortho_26_03_12_eb3.tif,cl_mlp_pao_if_ortho_26_03_12_eb3.tif,cl_mlp_pao_if_ortho_26_03_12_eb3
613,URL,https://sig.aminerals.cl/imgdyn/rest/services/CL_MLP_PAO/CL_MLP_PAO_IF_Ortho_Geosupport/ImageServer/file?id=.\El_Mauro_Drone\26_03_27\CL_MLP_PAO_IF_Ortho_26_03_27_EB3.tif&rasterId=,.\el_mauro_drone\26_03_27\cl_mlp_pao_if_ortho_26_03_27_eb3.tif,cl_mlp_pao_if_ortho_26_03_27_eb3.tif,cl_mlp_pao_if_ortho_26_03_27_eb3,.\el_mauro_drone\26_03_27\cl_mlp_pao_if_ortho_26_03_27_eb3.tif,cl_mlp_pao_if_ortho_26_03_27_eb3.tif,cl_mlp_pao_if_ortho_26_03_27_eb3
614,URL,https://sig.aminerals.cl/imgdyn/rest/services/CL_MLP_PAO/CL_MLP_PAO_IF_Ortho_Geosupport/ImageServer/file?id=.\El_Mauro_Drone\26_03_20\CL_MLP_PAO_IF_Ortho_26_03_20_EB3.tif&rasterId=,.\el_mauro_drone\26_03_20\cl_mlp_pao_if_ortho_26_03_20_eb3.tif,cl_mlp_pao_if_ortho_26_03_20_eb3.tif,cl_mlp_pao_if_ortho_26_03_20_eb3,.\el_mauro_drone\26_03_20\cl_mlp_pao_if_ortho_26_03_20_eb3.tif,cl_mlp_pao_if_ortho_26_03_20_eb3.tif,cl_mlp_pao_if_ortho_26_03_20_eb3
615,URL,https://sig.aminerals.cl/imgdyn/rest/services/CL_MLP_PAO/CL_MLP_PAO_IF_Ortho_Geosupport/ImageServer/file?id=.\El_Mauro_Drone\26_03_04\CL_MLP_PAO_IF_Ortho_26_03_04_Linea-33-kV-NorteElMauro-Area3.tif&rasterId=,.\el_mauro_drone\26_03_04\cl_mlp_pao_if_ortho_26_03_04_linea-33-kv-norteelmauro-area3.tif,cl_mlp_pao_if_ortho_26_03_04_linea-33-kv-norteelmauro-area3.tif,cl_mlp_pao_if_ortho_26_03_04_linea-33-kv-norteelmauro-area3,.\el_mauro_drone\26_03_04\cl_mlp_pao_if_ortho_26_03_04_linea-33-kv-norteelmauro-area3.tif,cl_mlp_pao_if_ortho_26_03_04_linea-33-kv-norteelmauro-area3.tif,cl_mlp_pao_if_ortho_26_03_04_linea-33-kv-norteelmauro-area3
616,URL,https://sig.aminerals.cl/imgdyn/rest/services/CL_MLP_PAO/CL_MLP_PAO_IF_Ortho_Geosupport/ImageServer/file?id=.\El_Mauro_Drone\26_03_04\CL_MLP_PAO_IF_Ortho_26_03_04_EBD.tif&rasterId=,.\el_mauro_drone\26_03_04\cl_mlp_pao_if_ortho_26_03_04_ebd.tif,cl_mlp_pao_if_ortho_26_03_04_ebd.tif,cl_mlp_pao_if_ortho_26_03_04_ebd,.\el_mauro_drone\26_03_04\cl_mlp_pao_if_ortho_26_03_04_ebd.tif,cl_mlp_pao_if_ortho_26_03_04_ebd.tif,cl_mlp_pao_if_ortho_26_03_04_ebd
617,URL,https://sig.aminerals.cl/imgdyn/rest/services/CL_MLP_PAO/CL_MLP_PAO_IF_Ortho_Geosupport/ImageServer/file?id=.\Chacay_El_Mauro_Drone\26_02_21\CL_MLP_PAO_IF_Ortho_26_02_21_IIFF9-PA13.tif&rasterId=,.\chacay_el_mauro_drone\26_02_21\cl_mlp_pao_if_ortho_26_02_21_iiff9-pa13.tif,cl_mlp_pao_if_ortho_26_02_21_iiff9-pa13.tif,cl_mlp_pao_if_ortho_26_02_21_iiff9-pa13,.\chacay_el_mauro_drone\26_02_21\cl_mlp_pao_if_ortho_26_02_21_iiff9-pa13.tif,cl_mlp_pao_if_ortho_26_02_21_iiff9-pa13.tif,cl_mlp_pao_if_ortho_26_02_21_iiff9-pa13
618,URL,https://sig.aminerals.cl/imgdyn/rest/services/CL_MLP_PAO/CL_MLP_PAO_IF_Ortho_Geosupport/ImageServer/file?id=.\El_Mauro_Puerto_Punta_Chungo_Drone\26_02_11\CL_MLP_PAO_IF_Ortho_26_02_11_EB2.tif&rasterId=,.\el_mauro_puerto_punta_chungo_drone\26_02_11\cl_mlp_pao_if_ortho_26_02_11_eb2.tif,cl_mlp_pao_if_ortho_26_02_11_eb2.tif,cl_mlp_pao_if_ortho_26_02_11_eb2,.\el_mauro_puerto_punta_chungo_drone\26_02_11\cl_mlp_pao_if_ortho_26_02_11_eb2.tif,cl_mlp_pao_if_ortho_26_02_11_eb2.tif,cl_mlp_pao_if_ortho_26_02_11_eb2
619,URL,https://sig.aminerals.cl/imgdyn/rest/services/CL_MLP_PAO/CL_MLP_PAO_IF_Ortho_Geosupport/ImageServer/file?id=.\El_Mauro_Drone\26_03_07\CL_MLP_PAO_IF_Ortho_26_03_07_EB3.tif&rasterId=,.\el_mauro_drone\26_03_07\cl_mlp_pao_if_ortho_26_03_07_eb3.tif,cl_mlp_pao_if_ortho_26_03_07_eb3.tif,cl_mlp_pao_if_ortho_26_03_07_eb3,.\el_mauro_drone\26_03_07\cl_mlp_pao_if_ortho_26_03_07_eb3.tif,cl_mlp_pao_if_ortho_26_03_07_eb3.tif,cl_mlp_pao_if_ortho_26_03_07_eb3
620,URL,https://sig.aminerals.cl/imgdyn/rest/services/CL_MLP_PAO/CL_MLP_PAO_IF_Ortho_Geosupport/ImageServer/file?id=.\Chacay_El_Mauro_Drone\26_05_02\CL_MLP_PAO_IF_Ortho_26_05_02_EM2_S2.tif&rasterId=,.\chacay_el_mauro_drone\26_05_02\cl_mlp_pao_if_ortho_26_05_02_em2_s2.tif,cl_mlp_pao_if_ortho_26_05_02_em2_s2.tif,cl_mlp_pao_if_ortho_26_05_02_em2_s2,.\chacay_el_mauro_drone\26_05_02\cl_mlp_pao_if_ortho_26_05_02_em2_s2.tif,cl_mlp_pao_if_ortho_26_05_02_em2_s2.tif,cl_mlp_pao_if_ortho_26_05_02_em2_s2
621,URL,https://sig.aminerals.cl/imgdyn/rest/services/CL_MLP_PAO/CL_MLP_PAO_IF_Ortho_Geosupport/ImageServer/file?id=.\Chacay_El_Mauro_Drone\26_02_04\CL_MLP_PAO_IF_Ortho_26_02_04_IIFF9-PA13.tif&rasterId=,.\chacay_el_mauro_drone\26_02_04\cl_mlp_pao_if_ortho_26_02_04_iiff9-pa13.tif,cl_mlp_pao_if_ortho_26_02_04_iiff9-pa13.tif,cl_mlp_pao_if_ortho_26_02_04_iiff9-pa13,.\chacay_el_mauro_drone\26_02_04\cl_mlp_pao_if_ortho_26_02_04_iiff9-pa13.tif,cl_mlp_pao_if_ortho_26_02_04_iiff9-pa13.tif,cl_mlp_pao_if_ortho_26_02_04_iiff9-pa13
622,URL,https://sig.aminerals.cl/imgdyn/rest/services/CL_MLP_PAO/CL_MLP_PAO_IF_Ortho_Geosupport/ImageServer/file?id=.\Chacay_El_Mauro_Drone\26_05_07\CL_MLP_PAO_IF_Ortho_26_05_07_EM2_S2.tif&rasterId=,.\chacay_el_mauro_drone\26_05_07\cl_mlp_pao_if_ortho_26_05_07_em2_s2.tif,cl_mlp_pao_if_ortho_26_05_07_em2_s2.tif,cl_mlp_pao_if_ortho_26_05_07_em2_s2,.\chacay_el_mauro_drone\26_05_07\cl_mlp_pao_if_ortho_26_05_07_em2_s2.tif,cl_mlp_pao_if_ortho_26_05_07_em2_s2.tif,cl_mlp_pao_if_ortho_26_05_07_em2_s2
623,URL,https://sig.aminerals.cl/imgdyn/rest/services/CL_MLP_PAO/CL_MLP_PAO_IF_Ortho_Geosupport/ImageServer/file?id=.\Chacay_El_Mauro_Drone\26_03_04\CL_MLP_PAO_IF_Ortho_26_03_04_IIFF9-PA13.tif&rasterId=,.\chacay_el_mauro_drone\26_03_04\cl_mlp_pao_if_ortho_26_03_04_iiff9-pa13.tif,cl_mlp_pao_if_ortho_26_03_04_iiff9-pa13.tif,cl_mlp_pao_if_ortho_26_03_04_iiff9-pa13,.\chacay_el_mauro_drone\26_03_04\cl_mlp_pao_if_ortho_26_03_04_iiff9-pa13.tif,cl_mlp_pao_if_ortho_26_03_04_iiff9-pa13.tif,cl_mlp_pao_if_ortho_26_03_04_iiff9-pa13
624,URL,https://sig.aminerals.cl/imgdyn/rest/services/CL_MLP_PAO/CL_MLP_PAO_IF_Ortho_Geosupport/ImageServer/file?id=.\Chacay_El_Mauro_Drone\26_04\CL_MLP_PAO_IF_Ortho_26_04_11_EM2_S2.tif&rasterId=,.\chacay_el_mauro_drone\26_04\cl_mlp_pao_if_ortho_26_04_11_em2_s2.tif,cl_mlp_pao_if_ortho_26_04_11_em2_s2.tif,cl_mlp_pao_if_ortho_26_04_11_em2_s2,.\chacay_el_mauro_drone\26_04\cl_mlp_pao_if_ortho_26_04_11_em2_s2.tif,cl_mlp_pao_if_ortho_26_04_11_em2_s2.tif,cl_mlp_pao_if_ortho_26_04_11_em2_s2
625,URL,https://sig.aminerals.cl/imgdyn/rest/services/CL_MLP_PAO/CL_MLP_PAO_IF_Ortho_Geosupport/ImageServer/file?id=.\Chacay_El_Mauro_Drone\26_01_21\CL_MLP_PAO_IF_Ortho_26_01_21_IIFF9-PA13.tif&rasterId=,.\chacay_el_mauro_drone\26_01_21\cl_mlp_pao_if_ortho_26_01_21_iiff9-pa13.tif,cl_mlp_pao_if_ortho_26_01_21_iiff9-pa13.tif,cl_mlp_pao_if_ortho_26_01_21_iiff9-pa13,.\chacay_el_mauro_drone\26_01_21\cl_mlp_pao_if_ortho_26_01_21_iiff9-pa13.tif,cl_mlp_pao_if_ortho_26_01_21_iiff9-pa13.tif,cl_mlp_pao_if_ortho_26_01_21_iiff9-pa13
626,URL,https://sig.aminerals.cl/imgdyn/rest/services/CL_MLP_PAO/CL_MLP_PAO_IF_Ortho_Geosupport/ImageServer/file?id=.\Chacay_Drone\26_04\CL_MLP_PAO_IF_Ortho_26_04_03_Estacion_Cabecera.tif&rasterId=,.\chacay_drone\26_04\cl_mlp_pao_if_ortho_26_04_03_estacion_cabecera.tif,cl_mlp_pao_if_ortho_26_04_03_estacion_cabecera.tif,cl_mlp_pao_if_ortho_26_04_03_estacion_cabecera,.\chacay_drone\26_04\cl_mlp_pao_if_ortho_26_04_03_estacion_cabecera.tif,cl_mlp_pao_if_ortho_26_04_03_estacion_cabecera.tif,cl_mlp_pao_if_ortho_26_04_03_estacion_cabecera
627,URL,https://sig.aminerals.cl/imgdyn/rest/services/CL_MLP_PAO/CL_MLP_PAO_IF_Ortho_Geosupport/ImageServer/file?id=.\Chacay_El_Mauro_Drone\26_02_05\CL_MLP_PAO_IF_Ortho_26_02_05_ED2.tif&rasterId=,.\chacay_el_mauro_drone\26_02_05\cl_mlp_pao_if_ortho_26_02_05_ed2.tif,cl_mlp_pao_if_ortho_26_02_05_ed2.tif,cl_mlp_pao_if_ortho_26_02_05_ed2,.\chacay_el_mauro_drone\26_02_05\cl_mlp_pao_if_ortho_26_02_05_ed2.tif,cl_mlp_pao_if_ortho_26_02_05_ed2.tif,cl_mlp_pao_if_ortho_26_02_05_ed2
628,URL,https://sig.aminerals.cl/imgdyn/rest/services/CL_MLP_PAO/CL_MLP_PAO_IF_Ortho_Geosupport/ImageServer/file?id=.\El_Mauro_Puerto_Punta_Chungo_Drone\26_05_02\CL_MLP_PAO_IF_Ortho_26_05_02_EV2.tif&rasterId=,.\el_mauro_puerto_punta_chungo_drone\26_05_02\cl_mlp_pao_if_ortho_26_05_02_ev2.tif,cl_mlp_pao_if_ortho_26_05_02_ev2.tif,cl_mlp_pao_if_ortho_26_05_02_ev2,.\el_mauro_puerto_punta_chungo_drone\26_05_02\cl_mlp_pao_if_ortho_26_05_02_ev2.tif,cl_mlp_pao_if_ortho_26_05_02_ev2.tif,cl_mlp_pao_if_ortho_26_05_02_ev2
629,URL,https://sig.aminerals.cl/imgdyn/rest/services/CL_MLP_PAO/CL_MLP_PAO_IF_Ortho_Geosupport/ImageServer/file?id=.\Chacay_El_Mauro_Drone\26_02_12\CL_MLP_PAO_IF_Ortho_26_02_12_ED2.tif&rasterId=,.\chacay_el_mauro_drone\26_02_12\cl_mlp_pao_if_ortho_26_02_12_ed2.tif,cl_mlp_pao_if_ortho_26_02_12_ed2.tif,cl_mlp_pao_if_ortho_26_02_12_ed2,.\chacay_el_mauro_drone\26_02_12\cl_mlp_pao_if_ortho_26_02_12_ed2.tif,cl_mlp_pao_if_ortho_26_02_12_ed2.tif,cl_mlp_pao_if_ortho_26_02_12_ed2
630,URL,https://sig.aminerals.cl/imgdyn/rest/services/CL_MLP_PAO/CL_MLP_PAO_IF_Ortho_Geosupport/ImageServer/file?id=.\Chacay_Drone\26_05_01\CL_MLP_PAO_IF_Ortho_26_05_01_EM1.tif&rasterId=,.\chacay_drone\26_05_01\cl_mlp_pao_if_ortho_26_05_01_em1.tif,cl_mlp_pao_if_ortho_26_05_01_em1.tif,cl_mlp_pao_if_ortho_26_05_01_em1,.\chacay_drone\26_05_01\cl_mlp_pao_if_ortho_26_05_01_em1.tif,cl_mlp_pao_if_ortho_26_05_01_em1.tif,cl_mlp_pao_if_ortho_26_05_01_em1
631,URL,https://sig.aminerals.cl/imgdyn/rest/services/CL_MLP_PAO/CL_MLP_PAO_IF_Ortho_Geosupport/ImageServer/file?id=.\Chacay_El_Mauro_Drone\26_04_15\CL_MLP_PAO_IF_Ortho_26_04_15_EM2_S2.tif&rasterId=,.\chacay_el_mauro_drone\26_04_15\cl_mlp_pao_if_ortho_26_04_15_em2_s2.tif,cl_mlp_pao_if_ortho_26_04_15_em2_s2.tif,cl_mlp_pao_if_ortho_26_04_15_em2_s2,.\chacay_el_mauro_drone\26_04_15\cl_mlp_pao_if_ortho_26_04_15_em2_s2.tif,cl_mlp_pao_if_ortho_26_04_15_em2_s2.tif,cl_mlp_pao_if_ortho_26_04_15_em2_s2
632,URL,https://sig.aminerals.cl/imgdyn/rest/services/CL_MLP_PAO/CL_MLP_PAO_IF_Ortho_Geosupport/ImageServer/file?id=.\Chacay_Drone\26_03_13\CL_MLP_PAO_IF_Ortho_26_03_13_EM1.tif&rasterId=,.\chacay_drone\26_03_13\cl_mlp_pao_if_ortho_26_03_13_em1.tif,cl_mlp_pao_if_ortho_26_03_13_em1.tif,cl_mlp_pao_if_ortho_26_03_13_em1,.\chacay_drone\26_03_13\cl_mlp_pao_if_ortho_26_03_13_em1.tif,cl_mlp_pao_if_ortho_26_03_13_em1.tif,cl_mlp_pao_if_ortho_26_03_13_em1
633,URL,https://sig.aminerals.cl/imgdyn/rest/services/CL_MLP_PAO/CL_MLP_PAO_IF_Ortho_Geosupport/ImageServer/file?id=.\Chacay_Drone\26_01_16\CL_MLP_PAO_IF_Ortho_26_01_16_EM1.tif&rasterId=,.\chacay_drone\26_01_16\cl_mlp_pao_if_ortho_26_01_16_em1.tif,cl_mlp_pao_if_ortho_26_01_16_em1.tif,cl_mlp_pao_if_ortho_26_01_16_em1,.\chacay_drone\26_01_16\cl_mlp_pao_if_ortho_26_01_16_em1.tif,cl_mlp_pao_if_ortho_26_01_16_em1.tif,cl_mlp_pao_if_ortho_26_01_16_em1
634,URL,https://sig.aminerals.cl/imgdyn/rest/services/CL_MLP_PAO/CL_MLP_PAO_IF_Ortho_Geosupport/ImageServer/file?id=.\El_Mauro_Puerto_Punta_Chungo_Drone\26_01_31\CL_MLP_PAO_IF_Ortho_26_01_31_EV2_1.tif&rasterId=,.\el_mauro_puerto_punta_chungo_drone\26_01_31\cl_mlp_pao_if_ortho_26_01_31_ev2_1.tif,cl_mlp_pao_if_ortho_26_01_31_ev2_1.tif,cl_mlp_pao_if_ortho_26_01_31_ev2_1,.\el_mauro_puerto_punta_chungo_drone\26_01_31\cl_mlp_pao_if_ortho_26_01_31_ev2_1.tif,cl_mlp_pao_if_ortho_26_01_31_ev2_1.tif,cl_mlp_pao_if_ortho_26_01_31_ev2_1
635,URL,https://sig.aminerals.cl/imgdyn/rest/services/CL_MLP_PAO/CL_MLP_PAO_IF_Ortho_Geosupport/ImageServer/file?id=.\Chacay_Drone\26_02_06\CL_MLP_PAO_IF_Ortho_26_02_06_EM1.tif&rasterId=,.\chacay_drone\26_02_06\cl_mlp_pao_if_ortho_26_02_06_em1.tif,cl_mlp_pao_if_ortho_26_02_06_em1.tif,cl_mlp_pao_if_ortho_26_02_06_em1,.\chacay_drone\26_02_06\cl_mlp_pao_if_ortho_26_02_06_em1.tif,cl_mlp_pao_if_ortho_26_02_06_em1.tif,cl_mlp_pao_if_ortho_26_02_06_em1
636,URL,https://sig.aminerals.cl/imgdyn/rest/services/CL_MLP_PAO/CL_MLP_PAO_IF_Ortho_Geosupport/ImageServer/file?id=.\Chacay_El_Mauro_Drone\26_05_03\CL_MLP_PAO_IF_Ortho_26_05_03_ED2.tif&rasterId=,.\chacay_el_mauro_drone\26_05_03\cl_mlp_pao_if_ortho_26_05_03_ed2.tif,cl_mlp_pao_if_ortho_26_05_03_ed2.tif,cl_mlp_pao_if_ortho_26_05_03_ed2,.\chacay_el_mauro_drone\26_05_03\cl_mlp_pao_if_ortho_26_05_03_ed2.tif,cl_mlp_pao_if_ortho_26_05_03_ed2.tif,cl_mlp_pao_if_ortho_26_05_03_ed2
637,URL,https://sig.aminerals.cl/imgdyn/rest/services/CL_MLP_PAO/CL_MLP_PAO_IF_Ortho_Geosupport/ImageServer/file?id=.\El_Mauro_Puerto_Punta_Chungo_Drone\26_03_13\CL_MLP_PAO_IF_Ortho_26_03_13_EV2.tif&rasterId=,.\el_mauro_puerto_punta_chungo_drone\26_03_13\cl_mlp_pao_if_ortho_26_03_13_ev2.tif,cl_mlp_pao_if_ortho_26_03_13_ev2.tif,cl_mlp_pao_if_ortho_26_03_13_ev2,.\el_mauro_puerto_punta_chungo_drone\26_03_13\cl_mlp_pao_if_ortho_26_03_13_ev2.tif,cl_mlp_pao_if_ortho_26_03_13_ev2.tif,cl_mlp_pao_if_ortho_26_03_13_ev2
638,URL,https://sig.aminerals.cl/imgdyn/rest/services/CL_MLP_PAO/CL_MLP_PAO_IF_Ortho_Geosupport/ImageServer/file?id=.\Chacay_El_Mauro_Drone\26_04_16\CL_MLP_PAO_IF_Ortho_26_04_16_ED2.tif&rasterId=,.\chacay_el_mauro_drone\26_04_16\cl_mlp_pao_if_ortho_26_04_16_ed2.tif,cl_mlp_pao_if_ortho_26_04_16_ed2.tif,cl_mlp_pao_if_ortho_26_04_16_ed2,.\chacay_el_mauro_drone\26_04_16\cl_mlp_pao_if_ortho_26_04_16_ed2.tif,cl_mlp_pao_if_ortho_26_04_16_ed2.tif,cl_mlp_pao_if_ortho_26_04_16_ed2
639,URL,https://sig.aminerals.cl/imgdyn/rest/services/CL_MLP_PAO/CL_MLP_PAO_IF_Ortho_Geosupport/ImageServer/file?id=.\Chacay_El_Mauro_Drone\26_03_14\CL_MLP_PAO_IF_Ortho_26_03_14_IIFF9-PA13.tif&rasterId=,.\chacay_el_mauro_drone\26_03_14\cl_mlp_pao_if_ortho_26_03_14_iiff9-pa13.tif,cl_mlp_pao_if_ortho_26_03_14_iiff9-pa13.tif,cl_mlp_pao_if_ortho_26_03_14_iiff9-pa13,.\chacay_el_mauro_drone\26_03_14\cl_mlp_pao_if_ortho_26_03_14_iiff9-pa13.tif,cl_mlp_pao_if_ortho_26_03_14_iiff9-pa13.tif,cl_mlp_pao_if_ortho_26_03_14_iiff9-pa13
640,URL,https://sig.aminerals.cl/imgdyn/rest/services/CL_MLP_PAO/CL_MLP_PAO_IF_Ortho_Geosupport/ImageServer/file?id=.\Chacay_El_Mauro_Drone\26_03_15\CL_MLP_PAO_IF_Ortho_26_03_15_ED2.tif&rasterId=,.\chacay_el_mauro_drone\26_03_15\cl_mlp_pao_if_ortho_26_03_15_ed2.tif,cl_mlp_pao_if_ortho_26_03_15_ed2.tif,cl_mlp_pao_if_ortho_26_03_15_ed2,.\chacay_el_mauro_drone\26_03_15\cl_mlp_pao_if_ortho_26_03_15_ed2.tif,cl_mlp_pao_if_ortho_26_03_15_ed2.tif,cl_mlp_pao_if_ortho_26_03_15_ed2
641,URL,https://sig.aminerals.cl/imgdyn/rest/services/CL_MLP_PAO/CL_MLP_PAO_IF_Ortho_Geosupport/ImageServer/file?id=.\Chacay_El_Mauro_Drone\26_03_02\CL_MLP_PAO_IF_Ortho_26_03_02_ED2.tif&rasterId=,.\chacay_el_mauro_drone\26_03_02\cl_mlp_pao_if_ortho_26_03_02_ed2.tif,cl_mlp_pao_if_ortho_26_03_02_ed2.tif,cl_mlp_pao_if_ortho_26_03_02_ed2,.\chacay_el_mauro_drone\26_03_02\cl_mlp_pao_if_ortho_26_03_02_ed2.tif,cl_mlp_pao_if_ortho_26_03_02_ed2.tif,cl_mlp_pao_if_ortho_26_03_02_ed2
642,URL,https://sig.aminerals.cl/imgdyn/rest/services/CL_MLP_PAO/CL_MLP_PAO_IF_Ortho_Geosupport/ImageServer/file?id=.\Chacay_Drone\26_04\CL_MLP_PAO_IF_Ortho_26_04_09_EM1.tif&rasterId=,.\chacay_drone\26_04\cl_mlp_pao_if_ortho_26_04_09_em1.tif,cl_mlp_pao_if_ortho_26_04_09_em1.tif,cl_mlp_pao_if_ortho_26_04_09_em1,.\chacay_drone\26_04\cl_mlp_pao_if_ortho_26_04_09_em1.tif,cl_mlp_pao_if_ortho_26_04_09_em1.tif,cl_mlp_pao_if_ortho_26_04_09_em1
643,URL,https://sig.aminerals.cl/imgdyn/rest/services/CL_MLP_PAO/CL_MLP_PAO_IF_Ortho_Geosupport/ImageServer/file?id=.\Chacay_El_Mauro_Drone\26_05_07\CL_MLP_PAO_IF_Ortho_26_05_07_ED2.tif&rasterId=,.\chacay_el_mauro_drone\26_05_07\cl_mlp_pao_if_ortho_26_05_07_ed2.tif,cl_mlp_pao_if_ortho_26_05_07_ed2.tif,cl_mlp_pao_if_ortho_26_05_07_ed2,.\chacay_el_mauro_drone\26_05_07\cl_mlp_pao_if_ortho_26_05_07_ed2.tif,cl_mlp_pao_if_ortho_26_05_07_ed2.tif,cl_mlp_pao_if_ortho_26_05_07_ed2
644,URL,https://sig.aminerals.cl/imgdyn/rest/services/CL_MLP_PAO/CL_MLP_PAO_IF_Ortho_Geosupport/ImageServer/file?id=.\El_Mauro_Puerto_Punta_Chungo_Drone\26_02_11\CL_MLP_PAO_IF_Ortho_26_02_11_EV2.tif&rasterId=,.\el_mauro_puerto_punta_chungo_drone\26_02_11\cl_mlp_pao_if_ortho_26_02_11_ev2.tif,cl_mlp_pao_if_ortho_26_02_11_ev2.tif,cl_mlp_pao_if_ortho_26_02_11_ev2,.\el_mauro_puerto_punta_chungo_drone\26_02_11\cl_mlp_pao_if_ortho_26_02_11_ev2.tif,cl_mlp_pao_if_ortho_26_02_11_ev2.tif,cl_mlp_pao_if_ortho_26_02_11_ev2
645,URL,https://sig.aminerals.cl/imgdyn/rest/services/CL_MLP_PAO/CL_MLP_PAO_IF_Ortho_Geosupport/ImageServer/file?id=.\Chacay_El_Mauro_Drone\26_02_21\CL_MLP_PAO_IF_Ortho_26_02_21_ED2.tif&rasterId=,.\chacay_el_mauro_drone\26_02_21\cl_mlp_pao_if_ortho_26_02_21_ed2.tif,cl_mlp_pao_if_ortho_26_02_21_ed2.tif,cl_mlp_pao_if_ortho_26_02_21_ed2,.\chacay_el_mauro_drone\26_02_21\cl_mlp_pao_if_ortho_26_02_21_ed2.tif,cl_mlp_pao_if_ortho_26_02_21_ed2.tif,cl_mlp_pao_if_ortho_26_02_21_ed2
646,URL,https://sig.aminerals.cl/imgdyn/rest/services/CL_MLP_PAO/CL_MLP_PAO_IF_Ortho_Geosupport/ImageServer/file?id=.\Chacay_Drone\26_02_20\CL_MLP_PAO_IF_Ortho_26_02_20_EM1.tif&rasterId=,.\chacay_drone\26_02_20\cl_mlp_pao_if_ortho_26_02_20_em1.tif,cl_mlp_pao_if_ortho_26_02_20_em1.tif,cl_mlp_pao_if_ortho_26_02_20_em1,.\chacay_drone\26_02_20\cl_mlp_pao_if_ortho_26_02_20_em1.tif,cl_mlp_pao_if_ortho_26_02_20_em1.tif,cl_mlp_pao_if_ortho_26_02_20_em1
647,URL,https://sig.aminerals.cl/imgdyn/rest/services/CL_MLP_PAO/CL_MLP_PAO_IF_Ortho_Geosupport/ImageServer/file?id=.\El_Mauro_Puerto_Punta_Chungo_Drone\26_04\CL_MLP_PAO_IF_Ortho_26_04_12_EV2.tif&rasterId=,.\el_mauro_puerto_punta_chungo_drone\26_04\cl_mlp_pao_if_ortho_26_04_12_ev2.tif,cl_mlp_pao_if_ortho_26_04_12_ev2.tif,cl_mlp_pao_if_ortho_26_04_12_ev2,.\el_mauro_puerto_punta_chungo_drone\26_04\cl_mlp_pao_if_ortho_26_04_12_ev2.tif,cl_mlp_pao_if_ortho_26_04_12_ev2.tif,cl_mlp_pao_if_ortho_26_04_12_ev2
648,URL,https://sig.aminerals.cl/imgdyn/rest/services/CL_MLP_PAO/CL_MLP_PAO_IF_Ortho_Geosupport/ImageServer/file?id=.\Chacay_Drone\26_04_18\CL_MLP_PAO_IF_Ortho_26_04_18_Estacion_Cabecera.tif&rasterId=,.\chacay_drone\26_04_18\cl_mlp_pao_if_ortho_26_04_18_estacion_cabecera.tif,cl_mlp_pao_if_ortho_26_04_18_estacion_cabecera.tif,cl_mlp_pao_if_ortho_26_04_18_estacion_cabecera,.\chacay_drone\26_04_18\cl_mlp_pao_if_ortho_26_04_18_estacion_cabecera.tif,cl_mlp_pao_if_ortho_26_04_18_estacion_cabecera.tif,cl_mlp_pao_if_ortho_26_04_18_estacion_cabecera
649,URL,https://sig.aminerals.cl/imgdyn/rest/services/CL_MLP_PAO/CL_MLP_PAO_IF_Ortho_Geosupport/ImageServer/file?id=.\El_Mauro_Puerto_Punta_Chungo_Drone\26_05_09\CL_MLP_PAO_IF_Ortho_26_05_09_EV2.tif&rasterId=,.\el_mauro_puerto_punta_chungo_drone\26_05_09\cl_mlp_pao_if_ortho_26_05_09_ev2.tif,cl_mlp_pao_if_ortho_26_05_09_ev2.tif,cl_mlp_pao_if_ortho_26_05_09_ev2,.\el_mauro_puerto_punta_chungo_drone\26_05_09\cl_mlp_pao_if_ortho_26_05_09_ev2.tif,cl_mlp_pao_if_ortho_26_05_09_ev2.tif,cl_mlp_pao_if_ortho_26_05_09_ev2
650,URL,https://sig.aminerals.cl/imgdyn/rest/services/CL_MLP_PAO/CL_MLP_PAO_IF_Ortho_Geosupport/ImageServer/file?id=.\Chacay_El_Mauro_Drone\26_04\CL_MLP_PAO_IF_Ortho_26_04_01_EM2_2.tif&rasterId=,.\chacay_el_mauro_drone\26_04\cl_mlp_pao_if_ortho_26_04_01_em2_2.tif,cl_mlp_pao_if_ortho_26_04_01_em2_2.tif,cl_mlp_pao_if_ortho_26_04_01_em2_2,.\chacay_el_mauro_drone\26_04\cl_mlp_pao_if_ortho_26_04_01_em2_2.tif,cl_mlp_pao_if_ortho_26_04_01_em2_2.tif,cl_mlp_pao_if_ortho_26_04_01_em2_2
651,URL,https://sig.aminerals.cl/imgdyn/rest/services/CL_MLP_PAO/CL_MLP_PAO_IF_Ortho_Geosupport/ImageServer/file?id=.\Chacay_El_Mauro_Drone\26_04_01\CL_MLP_PAO_IF_Ortho_26_04_01_EM2.tif&rasterId=,.\chacay_el_mauro_drone\26_04_01\cl_mlp_pao_if_ortho_26_04_01_em2.tif,cl_mlp_pao_if_ortho_26_04_01_em2.tif,cl_mlp_pao_if_ortho_26_04_01_em2,.\chacay_el_mauro_drone\26_04_01\cl_mlp_pao_if_ortho_26_04_01_em2.tif,cl_mlp_pao_if_ortho_26_04_01_em2.tif,cl_mlp_pao_if_ortho_26_04_01_em2
652,URL,https://sig.aminerals.cl/imgdyn/rest/services/CL_MLP_PAO/CL_MLP_PAO_IF_Ortho_Geosupport/ImageServer/file?id=.\El_Mauro_Puerto_Punta_Chungo_Drone\26_04_19\CL_MLP_PAO_IF_Ortho_26_04_19_EV2.tif&rasterId=,.\el_mauro_puerto_punta_chungo_drone\26_04_19\cl_mlp_pao_if_ortho_26_04_19_ev2.tif,cl_mlp_pao_if_ortho_26_04_19_ev2.tif,cl_mlp_pao_if_ortho_26_04_19_ev2,.\el_mauro_puerto_punta_chungo_drone\26_04_19\cl_mlp_pao_if_ortho_26_04_19_ev2.tif,cl_mlp_pao_if_ortho_26_04_19_ev2.tif,cl_mlp_pao_if_ortho_26_04_19_ev2
653,URL,https://sig.aminerals.cl/imgdyn/rest/services/CL_MLP_PAO/CL_MLP_PAO_IF_Ortho_Geosupport/ImageServer/file?id=.\Chacay_El_Mauro_Drone\26_02_12\CL_MLP_PAO_IF_Ortho_26_02_12_IIFF9-PA13_1.tif&rasterId=,.\chacay_el_mauro_drone\26_02_12\cl_mlp_pao_if_ortho_26_02_12_iiff9-pa13_1.tif,cl_mlp_pao_if_ortho_26_02_12_iiff9-pa13_1.tif,cl_mlp_pao_if_ortho_26_02_12_iiff9-pa13_1,.\chacay_el_mauro_drone\26_02_12\cl_mlp_pao_if_ortho_26_02_12_iiff9-pa13_1.tif,cl_mlp_pao_if_ortho_26_02_12_iiff9-pa13_1.tif,cl_mlp_pao_if_ortho_26_02_12_iiff9-pa13_1
654,URL,https://sig.aminerals.cl/imgdyn/rest/services/CL_MLP_PAO/CL_MLP_PAO_IF_Ortho_Geosupport/ImageServer/file?id=.\Chacay_El_Mauro_Drone\26_03_19\CL_MLP_PAO_IF_Ortho_26_03_19_ED2.tif&rasterId=,.\chacay_el_mauro_drone\26_03_19\cl_mlp_pao_if_ortho_26_03_19_ed2.tif,cl_mlp_pao_if_ortho_26_03_19_ed2.tif,cl_mlp_pao_if_ortho_26_03_19_ed2,.\chacay_el_mauro_drone\26_03_19\cl_mlp_pao_if_ortho_26_03_19_ed2.tif,cl_mlp_pao_if_ortho_26_03_19_ed2.tif,cl_mlp_pao_if_ortho_26_03_19_ed2
655,URL,https://sig.aminerals.cl/imgdyn/rest/services/CL_MLP_PAO/CL_MLP_PAO_IF_Ortho_Geosupport/ImageServer/file?id=.\Chacay_Drone\26_02_11\CL_MLP_PAO_IF_Ortho_26_02_11_EM1_1.tif&rasterId=,.\chacay_drone\26_02_11\cl_mlp_pao_if_ortho_26_02_11_em1_1.tif,cl_mlp_pao_if_ortho_26_02_11_em1_1.tif,cl_mlp_pao_if_ortho_26_02_11_em1_1,.\chacay_drone\26_02_11\cl_mlp_pao_if_ortho_26_02_11_em1_1.tif,cl_mlp_pao_if_ortho_26_02_11_em1_1.tif,cl_mlp_pao_if_ortho_26_02_11_em1_1
656,URL,https://sig.aminerals.cl/imgdyn/rest/services/CL_MLP_PAO/CL_MLP_PAO_IF_Ortho_Geosupport/ImageServer/file?id=.\Chacay_El_Mauro_Drone\26_01_20\CL_MLP_PAO_IF_Ortho_26_01_20_EV1.tif&rasterId=,.\chacay_el_mauro_drone\26_01_20\cl_mlp_pao_if_ortho_26_01_20_ev1.tif,cl_mlp_pao_if_ortho_26_01_20_ev1.tif,cl_mlp_pao_if_ortho_26_01_20_ev1,.\chacay_el_mauro_drone\26_01_20\cl_mlp_pao_if_ortho_26_01_20_ev1.tif,cl_mlp_pao_if_ortho_26_01_20_ev1.tif,cl_mlp_pao_if_ortho_26_01_20_ev1
657,URL,https://sig.aminerals.cl/imgdyn/rest/services/CL_MLP_PAO/CL_MLP_PAO_IF_Ortho_Geosupport/ImageServer/file?id=.\Chacay_El_Mauro_Drone\26_04\CL_MLP_PAO_IF_Ortho_26_04_09_ED2.tif&rasterId=,.\chacay_el_mauro_drone\26_04\cl_mlp_pao_if_ortho_26_04_09_ed2.tif,cl_mlp_pao_if_ortho_26_04_09_ed2.tif,cl_mlp_pao_if_ortho_26_04_09_ed2,.\chacay_el_mauro_drone\26_04\cl_mlp_pao_if_ortho_26_04_09_ed2.tif,cl_mlp_pao_if_ortho_26_04_09_ed2.tif,cl_mlp_pao_if_ortho_26_04_09_ed2
658,URL,https://sig.aminerals.cl/imgdyn/rest/services/CL_MLP_PAO/CL_MLP_PAO_IF_Ortho_Geosupport/ImageServer/file?id=.\El_Mauro_Puerto_Punta_Chungo_Drone\26_01_04\CL_MLP_PAO_IF_Ortho_26_01_04_EV2.tiff&rasterId=,.\el_mauro_puerto_punta_chungo_drone\26_01_04\cl_mlp_pao_if_ortho_26_01_04_ev2.tiff,cl_mlp_pao_if_ortho_26_01_04_ev2.tiff,cl_mlp_pao_if_ortho_26_01_04_ev2,.\el_mauro_puerto_punta_chungo_drone\26_01_04\cl_mlp_pao_if_ortho_26_01_04_ev2.tiff,cl_mlp_pao_if_ortho_26_01_04_ev2.tiff,cl_mlp_pao_if_ortho_26_01_04_ev2
659,URL,https://sig.aminerals.cl/imgdyn/rest/services/CL_MLP_PAO/CL_MLP_PAO_IF_Ortho_Geosupport/ImageServer/file?id=.\El_Mauro_Drone\26_02_04\CL_MLP_PAO_IF_Ortho_26_02_04_Linea-33-kV-NorteElMauro-Area3.tif&rasterId=,.\el_mauro_drone\26_02_04\cl_mlp_pao_if_ortho_26_02_04_linea-33-kv-norteelmauro-area3.tif,cl_mlp_pao_if_ortho_26_02_04_linea-33-kv-norteelmauro-area3.tif,cl_mlp_pao_if_ortho_26_02_04_linea-33-kv-norteelmauro-area3,.\el_mauro_drone\26_02_04\cl_mlp_pao_if_ortho_26_02_04_linea-33-kv-norteelmauro-area3.tif,cl_mlp_pao_if_ortho_26_02_04_linea-33-kv-norteelmauro-area3.tif,cl_mlp_pao_if_ortho_26_02_04_linea-33-kv-norteelmauro-area3
660,URL,https://sig.aminerals.cl/imgdyn/rest/services/CL_MLP_PAO/CL_MLP_PAO_IF_Ortho_Geosupport/ImageServer/file?id=.\Chacay_El_Mauro_Drone\26_01_10\CL_MLP_PAO_IF_Ortho_26_01_10_ED2.tiff&rasterId=,.\chacay_el_mauro_drone\26_01_10\cl_mlp_pao_if_ortho_26_01_10_ed2.tiff,cl_mlp_pao_if_ortho_26_01_10_ed2.tiff,cl_mlp_pao_if_ortho_26_01_10_ed2,.\chacay_el_mauro_drone\26_01_10\cl_mlp_pao_if_ortho_26_01_10_ed2.tiff,cl_mlp_pao_if_ortho_26_01_10_ed2.tiff,cl_mlp_pao_if_ortho_26_01_10_ed2
661,URL,https://sig.aminerals.cl/imgdyn/rest/services/CL_MLP_PAO/CL_MLP_PAO_IF_Ortho_Geosupport/ImageServer/file?id=.\Chacay_El_Mauro_Drone\26_04\CL_MLP_PAO_IF_Ortho_26_04_02_ED2.tif&rasterId=,.\chacay_el_mauro_drone\26_04\cl_mlp_pao_if_ortho_26_04_02_ed2.tif,cl_mlp_pao_if_ortho_26_04_02_ed2.tif,cl_mlp_pao_if_ortho_26_04_02_ed2,.\chacay_el_mauro_drone\26_04\cl_mlp_pao_if_ortho_26_04_02_ed2.tif,cl_mlp_pao_if_ortho_26_04_02_ed2.tif,cl_mlp_pao_if_ortho_26_04_02_ed2
662,URL,https://sig.aminerals.cl/imgdyn/rest/services/CL_MLP_PAO/CL_MLP_PAO_IF_Ortho_Geosupport/ImageServer/file?id=.\El_Mauro_Puerto_Punta_Chungo_Drone\26_01_31\CL_MLP_PAO_IF_Ortho_26_01_31_EB2_1.tif&rasterId=,.\el_mauro_puerto_punta_chungo_drone\26_01_31\cl_mlp_pao_if_ortho_26_01_31_eb2_1.tif,cl_mlp_pao_if_ortho_26_01_31_eb2_1.tif,cl_mlp_pao_if_ortho_26_01_31_eb2_1,.\el_mauro_puerto_punta_chungo_drone\26_01_31\cl_mlp_pao_if_ortho_26_01_31_eb2_1.tif,cl_mlp_pao_if_ortho_26_01_31_eb2_1.tif,cl_mlp_pao_if_ortho_26_01_31_eb2_1
663,URL,https://sig.aminerals.cl/imgdyn/rest/services/CL_MLP_PAO/CL_MLP_PAO_IF_Ortho_Geosupport/ImageServer/file?id=.\El_Mauro_Drone\26_03\CL_MLP_PAO_IF_Ortho_26_03_29_EBR.tif&rasterId=,.\el_mauro_drone\26_03\cl_mlp_pao_if_ortho_26_03_29_ebr.tif,cl_mlp_pao_if_ortho_26_03_29_ebr.tif,cl_mlp_pao_if_ortho_26_03_29_ebr,.\el_mauro_drone\26_03\cl_mlp_pao_if_ortho_26_03_29_ebr.tif,cl_mlp_pao_if_ortho_26_03_29_ebr.tif,cl_mlp_pao_if_ortho_26_03_29_ebr
664,URL,https://sig.aminerals.cl/imgdyn/rest/services/CL_MLP_PAO/CL_MLP_PAO_IF_Ortho_Geosupport/ImageServer/file?id=.\El_Mauro_Drone\26_04\CL_MLP_PAO_IF_Ortho_26_04_04_EBR.tif&rasterId=,.\el_mauro_drone\26_04\cl_mlp_pao_if_ortho_26_04_04_ebr.tif,cl_mlp_pao_if_ortho_26_04_04_ebr.tif,cl_mlp_pao_if_ortho_26_04_04_ebr,.\el_mauro_drone\26_04\cl_mlp_pao_if_ortho_26_04_04_ebr.tif,cl_mlp_pao_if_ortho_26_04_04_ebr.tif,cl_mlp_pao_if_ortho_26_04_04_ebr
665,URL,https://sig.aminerals.cl/imgdyn/rest/services/CL_MLP_PAO/CL_MLP_PAO_IF_Ortho_Geosupport/ImageServer/file?id=.\El_Mauro_Drone\26_04\CL_MLP_PAO_IF_Ortho_26_04_05_EB3.tif&rasterId=,.\el_mauro_drone\26_04\cl_mlp_pao_if_ortho_26_04_05_eb3.tif,cl_mlp_pao_if_ortho_26_04_05_eb3.tif,cl_mlp_pao_if_ortho_26_04_05_eb3,.\el_mauro_drone\26_04\cl_mlp_pao_if_ortho_26_04_05_eb3.tif,cl_mlp_pao_if_ortho_26_04_05_eb3.tif,cl_mlp_pao_if_ortho_26_04_05_eb3
666,URL,https://sig.aminerals.cl/imgdyn/rest/services/CL_MLP_PAO/CL_MLP_PAO_IF_Ortho_Geosupport/ImageServer/file?id=.\El_Mauro_Drone\26_04_18\CL_MLP_PAO_IF_Ortho_26_04_18_EBR.tif&rasterId=,.\el_mauro_drone\26_04_18\cl_mlp_pao_if_ortho_26_04_18_ebr.tif,cl_mlp_pao_if_ortho_26_04_18_ebr.tif,cl_mlp_pao_if_ortho_26_04_18_ebr,.\el_mauro_drone\26_04_18\cl_mlp_pao_if_ortho_26_04_18_ebr.tif,cl_mlp_pao_if_ortho_26_04_18_ebr.tif,cl_mlp_pao_if_ortho_26_04_18_ebr
667,URL,https://sig.aminerals.cl/imgdyn/rest/services/CL_MLP_PAO/CL_MLP_PAO_IF_Ortho_Geosupport/ImageServer/file?id=.\Chacay_El_Mauro_Drone\26_03_26\CL_MLP_PAO_IF_Ortho_26_03_26_ED2.tif&rasterId=,.\chacay_el_mauro_drone\26_03_26\cl_mlp_pao_if_ortho_26_03_26_ed2.tif,cl_mlp_pao_if_ortho_26_03_26_ed2.tif,cl_mlp_pao_if_ortho_26_03_26_ed2,.\chacay_el_mauro_drone\26_03_26\cl_mlp_pao_if_ortho_26_03_26_ed2.tif,cl_mlp_pao_if_ortho_26_03_26_ed2.tif,cl_mlp_pao_if_ortho_26_03_26_ed2
668,URL,https://sig.aminerals.cl/imgdyn/rest/services/CL_MLP_PAO/CL_MLP_PAO_IF_Ortho_Geosupport/ImageServer/file?id=.\El_Mauro_Drone\26_05_01\CL_MLP_PAO_IF_Ortho_26_05_01_Pozos_PRP.tif&rasterId=,.\el_mauro_drone\26_05_01\cl_mlp_pao_if_ortho_26_05_01_pozos_prp.tif,cl_mlp_pao_if_ortho_26_05_01_pozos_prp.tif,cl_mlp_pao_if_ortho_26_05_01_pozos_prp,.\el_mauro_drone\26_05_01\cl_mlp_pao_if_ortho_26_05_01_pozos_prp.tif,cl_mlp_pao_if_ortho_26_05_01_pozos_prp.tif,cl_mlp_pao_if_ortho_26_05_01_pozos_prp
669,URL,https://sig.aminerals.cl/imgdyn/rest/services/CL_MLP_PAO/CL_MLP_PAO_IF_Ortho_Geosupport/ImageServer/file?id=.\Chacay_Drone\26_04\CL_MLP_PAO_IF_Ortho_26_04_10_Estacion_Cabecera.tif&rasterId=,.\chacay_drone\26_04\cl_mlp_pao_if_ortho_26_04_10_estacion_cabecera.tif,cl_mlp_pao_if_ortho_26_04_10_estacion_cabecera.tif,cl_mlp_pao_if_ortho_26_04_10_estacion_cabecera,.\chacay_drone\26_04\cl_mlp_pao_if_ortho_26_04_10_estacion_cabecera.tif,cl_mlp_pao_if_ortho_26_04_10_estacion_cabecera.tif,cl_mlp_pao_if_ortho_26_04_10_estacion_cabecera
670,URL,https://sig.aminerals.cl/imgdyn/rest/services/CL_MLP_PAO/CL_MLP_PAO_IF_Ortho_Geosupport/ImageServer/file?id=.\El_Mauro_Puerto_Punta_Chungo_Drone\26_02_20\CL_MLP_PAO_IF_Ortho_26_02_20_EV2.tif&rasterId=,.\el_mauro_puerto_punta_chungo_drone\26_02_20\cl_mlp_pao_if_ortho_26_02_20_ev2.tif,cl_mlp_pao_if_ortho_26_02_20_ev2.tif,cl_mlp_pao_if_ortho_26_02_20_ev2,.\el_mauro_puerto_punta_chungo_drone\26_02_20\cl_mlp_pao_if_ortho_26_02_20_ev2.tif,cl_mlp_pao_if_ortho_26_02_20_ev2.tif,cl_mlp_pao_if_ortho_26_02_20_ev2
671,URL,https://sig.aminerals.cl/imgdyn/rest/services/CL_MLP_PAO/CL_MLP_PAO_IF_Ortho_Geosupport/ImageServer/file?id=.\El_Mauro_Drone\26_04\CL_MLP_PAO_IF_Ortho_26_04_10_Pozos_PRP.tif&rasterId=,.\el_mauro_drone\26_04\cl_mlp_pao_if_ortho_26_04_10_pozos_prp.tif,cl_mlp_pao_if_ortho_26_04_10_pozos_prp.tif,cl_mlp_pao_if_ortho_26_04_10_pozos_prp,.\el_mauro_drone\26_04\cl_mlp_pao_if_ortho_26_04_10_pozos_prp.tif,cl_mlp_pao_if_ortho_26_04_10_pozos_prp.tif,cl_mlp_pao_if_ortho_26_04_10_pozos_prp
672,URL,https://sig.aminerals.cl/imgdyn/rest/services/CL_MLP_PAO/CL_MLP_PAO_IF_Ortho_Geosupport/ImageServer/file?id=.\El_Mauro_Puerto_Punta_Chungo_Drone\26_02_05\CL_MLP_PAO_IF_Ortho_26_02_05_EV2.tif&rasterId=,.\el_mauro_puerto_punta_chungo_drone\26_02_05\cl_mlp_pao_if_ortho_26_02_05_ev2.tif,cl_mlp_pao_if_ortho_26_02_05_ev2.tif,cl_mlp_pao_if_ortho_26_02_05_ev2,.\el_mauro_puerto_punta_chungo_drone\26_02_05\cl_mlp_pao_if_ortho_26_02_05_ev2.tif,cl_mlp_pao_if_ortho_26_02_05_ev2.tif,cl_mlp_pao_if_ortho_26_02_05_ev2
673,URL,https://sig.aminerals.cl/imgdyn/rest/services/CL_MLP_PAO/CL_MLP_PAO_IF_Ortho_Geosupport/ImageServer/file?id=.\El_Mauro_Drone\26_03_15\CL_MLP_PAO_IF_Ortho_26_03_15_Linea-33-kV-NorteElMauro-Area3_1.tif&rasterId=,.\el_mauro_drone\26_03_15\cl_mlp_pao_if_ortho_26_03_15_linea-33-kv-norteelmauro-area3_1.tif,cl_mlp_pao_if_ortho_26_03_15_linea-33-kv-norteelmauro-area3_1.tif,cl_mlp_pao_if_ortho_26_03_15_linea-33-kv-norteelmauro-area3_1,.\el_mauro_drone\26_03_15\cl_mlp_pao_if_ortho_26_03_15_linea-33-kv-norteelmauro-area3_1.tif,cl_mlp_pao_if_ortho_26_03_15_linea-33-kv-norteelmauro-area3_1.tif,cl_mlp_pao_if_ortho_26_03_15_linea-33-kv-norteelmauro-area3_1
674,URL,https://sig.aminerals.cl/imgdyn/rest/services/CL_MLP_PAO/CL_MLP_PAO_IF_Ortho_Geosupport/ImageServer/file?id=.\El_Mauro_Drone\26_03_26\CL_MLP_PAO_IF_Ortho_26_03_26_Camino_Alternativo_Salamanca.tif&rasterId=,.\el_mauro_drone\26_03_26\cl_mlp_pao_if_ortho_26_03_26_camino_alternativo_salamanca.tif,cl_mlp_pao_if_ortho_26_03_26_camino_alternativo_salamanca.tif,cl_mlp_pao_if_ortho_26_03_26_camino_alternativo_salamanca,.\el_mauro_drone\26_03_26\cl_mlp_pao_if_ortho_26_03_26_camino_alternativo_salamanca.tif,cl_mlp_pao_if_ortho_26_03_26_camino_alternativo_salamanca.tif,cl_mlp_pao_if_ortho_26_03_26_camino_alternativo_salamanca
675,URL,https://sig.aminerals.cl/imgdyn/rest/services/CL_MLP_PAO/CL_MLP_PAO_IF_Ortho_Geosupport/ImageServer/file?id=.\El_Mauro_Drone\26_01_31\CL_MLP_PAO_IF_Ortho_26_01_31_Linea-33-kV-NorteElMauro-Area3_1.tif&rasterId=,.\el_mauro_drone\26_01_31\cl_mlp_pao_if_ortho_26_01_31_linea-33-kv-norteelmauro-area3_1.tif,cl_mlp_pao_if_ortho_26_01_31_linea-33-kv-norteelmauro-area3_1.tif,cl_mlp_pao_if_ortho_26_01_31_linea-33-kv-norteelmauro-area3_1,.\el_mauro_drone\26_01_31\cl_mlp_pao_if_ortho_26_01_31_linea-33-kv-norteelmauro-area3_1.tif,cl_mlp_pao_if_ortho_26_01_31_linea-33-kv-norteelmauro-area3_1.tif,cl_mlp_pao_if_ortho_26_01_31_linea-33-kv-norteelmauro-area3_1
676,URL,https://sig.aminerals.cl/imgdyn/rest/services/CL_MLP_PAO/CL_MLP_PAO_IF_Ortho_Geosupport/ImageServer/file?id=.\Chacay_Drone\26_05_09\CL_MLP_PAO_IF_Ortho_26_05_09_EM1.tif&rasterId=,.\chacay_drone\26_05_09\cl_mlp_pao_if_ortho_26_05_09_em1.tif,cl_mlp_pao_if_ortho_26_05_09_em1.tif,cl_mlp_pao_if_ortho_26_05_09_em1,.\chacay_drone\26_05_09\cl_mlp_pao_if_ortho_26_05_09_em1.tif,cl_mlp_pao_if_ortho_26_05_09_em1.tif,cl_mlp_pao_if_ortho_26_05_09_em1
677,URL,https://sig.aminerals.cl/imgdyn/rest/services/CL_MLP_PAO/CL_MLP_PAO_IF_Ortho_Geosupport/ImageServer/file?id=.\El_Mauro_Puerto_Punta_Chungo_Drone\26_03_21\CL_MLP_PAO_IF_Ortho_26_03_21_EV2.tif&rasterId=,.\el_mauro_puerto_punta_chungo_drone\26_03_21\cl_mlp_pao_if_ortho_26_03_21_ev2.tif,cl_mlp_pao_if_ortho_26_03_21_ev2.tif,cl_mlp_pao_if_ortho_26_03_21_ev2,.\el_mauro_puerto_punta_chungo_drone\26_03_21\cl_mlp_pao_if_ortho_26_03_21_ev2.tif,cl_mlp_pao_if_ortho_26_03_21_ev2.tif,cl_mlp_pao_if_ortho_26_03_21_ev2
678,URL,https://sig.aminerals.cl/imgdyn/rest/services/CL_MLP_PAO/CL_MLP_PAO_IF_Ortho_Geosupport/ImageServer/file?id=.\El_Mauro_Drone\26_01_07\CL_MLP_PAO_IF_Ortho_26_01_07_Patio-19B-y-Armado.tiff&rasterId=,.\el_mauro_drone\26_01_07\cl_mlp_pao_if_ortho_26_01_07_patio-19b-y-armado.tiff,cl_mlp_pao_if_ortho_26_01_07_patio-19b-y-armado.tiff,cl_mlp_pao_if_ortho_26_01_07_patio-19b-y-armado,.\el_mauro_drone\26_01_07\cl_mlp_pao_if_ortho_26_01_07_patio-19b-y-armado.tiff,cl_mlp_pao_if_ortho_26_01_07_patio-19b-y-armado.tiff,cl_mlp_pao_if_ortho_26_01_07_patio-19b-y-armado
679,URL,https://sig.aminerals.cl/imgdyn/rest/services/CL_MLP_PAO/CL_MLP_PAO_IF_Ortho_Geosupport/ImageServer/file?id=.\El_Mauro_Drone\26_02_21\CL_MLP_PAO_IF_Ortho_26_02_21_Patio-19B-y-Armado.tif&rasterId=,.\el_mauro_drone\26_02_21\cl_mlp_pao_if_ortho_26_02_21_patio-19b-y-armado.tif,cl_mlp_pao_if_ortho_26_02_21_patio-19b-y-armado.tif,cl_mlp_pao_if_ortho_26_02_21_patio-19b-y-armado,.\el_mauro_drone\26_02_21\cl_mlp_pao_if_ortho_26_02_21_patio-19b-y-armado.tif,cl_mlp_pao_if_ortho_26_02_21_patio-19b-y-armado.tif,cl_mlp_pao_if_ortho_26_02_21_patio-19b-y-armado
680,URL,https://sig.aminerals.cl/imgdyn/rest/services/CL_MLP_PAO/CL_MLP_PAO_IF_Ortho_Geosupport/ImageServer/file?id=.\El_Mauro_Drone\26_02_28\CL_MLP_PAO_IF_Ortho_26_02_28_Patio-19B-y-Armado.tif&rasterId=,.\el_mauro_drone\26_02_28\cl_mlp_pao_if_ortho_26_02_28_patio-19b-y-armado.tif,cl_mlp_pao_if_ortho_26_02_28_patio-19b-y-armado.tif,cl_mlp_pao_if_ortho_26_02_28_patio-19b-y-armado,.\el_mauro_drone\26_02_28\cl_mlp_pao_if_ortho_26_02_28_patio-19b-y-armado.tif,cl_mlp_pao_if_ortho_26_02_28_patio-19b-y-armado.tif,cl_mlp_pao_if_ortho_26_02_28_patio-19b-y-armado
681,URL,https://sig.aminerals.cl/imgdyn/rest/services/CL_MLP_PAO/CL_MLP_PAO_IF_Ortho_Geosupport/ImageServer/file?id=.\El_Mauro_Drone\26_01_22\CL_MLP_PAO_IF_Ortho_26_01_22_Patio-19B-y-Armado.tif&rasterId=,.\el_mauro_drone\26_01_22\cl_mlp_pao_if_ortho_26_01_22_patio-19b-y-armado.tif,cl_mlp_pao_if_ortho_26_01_22_patio-19b-y-armado.tif,cl_mlp_pao_if_ortho_26_01_22_patio-19b-y-armado,.\el_mauro_drone\26_01_22\cl_mlp_pao_if_ortho_26_01_22_patio-19b-y-armado.tif,cl_mlp_pao_if_ortho_26_01_22_patio-19b-y-armado.tif,cl_mlp_pao_if_ortho_26_01_22_patio-19b-y-armado
682,URL,https://sig.aminerals.cl/imgdyn/rest/services/CL_MLP_PAO/CL_MLP_PAO_IF_Ortho_Geosupport/ImageServer/file?id=.\El_Mauro_Drone\26_04_18\CL_MLP_PAO_IF_Ortho_26_04_18_Helipuerto.tif&rasterId=,.\el_mauro_drone\26_04_18\cl_mlp_pao_if_ortho_26_04_18_helipuerto.tif,cl_mlp_pao_if_ortho_26_04_18_helipuerto.tif,cl_mlp_pao_if_ortho_26_04_18_helipuerto,.\el_mauro_drone\26_04_18\cl_mlp_pao_if_ortho_26_04_18_helipuerto.tif,cl_mlp_pao_if_ortho_26_04_18_helipuerto.tif,cl_mlp_pao_if_ortho_26_04_18_helipuerto
684,URL,https://sig.aminerals.cl/imgdyn/rest/services/CL_MLP_PAO/CL_MLP_PAO_IF_Ortho_Geosupport/ImageServer/file?id=.\El_Mauro_Drone\26_03_20\CL_MLP_PAO_IF_Ortho_26_03_20_Estacion_Drenes_El_Mauro.tif&rasterId=,.\el_mauro_drone\26_03_20\cl_mlp_pao_if_ortho_26_03_20_estacion_drenes_el_mauro.tif,cl_mlp_pao_if_ortho_26_03_20_estacion_drenes_el_mauro.tif,cl_mlp_pao_if_ortho_26_03_20_estacion_drenes_el_mauro,.\el_mauro_drone\26_03_20\cl_mlp_pao_if_ortho_26_03_20_estacion_drenes_el_mauro.tif,cl_mlp_pao_if_ortho_26_03_20_estacion_drenes_el_mauro.tif,cl_mlp_pao_if_ortho_26_03_20_estacion_drenes_el_mauro
685,URL,https://sig.aminerals.cl/imgdyn/rest/services/CL_MLP_PAO/CL_MLP_PAO_IF_Ortho_Geosupport/ImageServer/file?id=.\El_Mauro_Drone\26_02_14\CL_MLP_PAO_IF_Ortho_26_02_14_Subestacion-El-Mauro.tif&rasterId=,.\el_mauro_drone\26_02_14\cl_mlp_pao_if_ortho_26_02_14_subestacion-el-mauro.tif,cl_mlp_pao_if_ortho_26_02_14_subestacion-el-mauro.tif,cl_mlp_pao_if_ortho_26_02_14_subestacion-el-mauro,.\el_mauro_drone\26_02_14\cl_mlp_pao_if_ortho_26_02_14_subestacion-el-mauro.tif,cl_mlp_pao_if_ortho_26_02_14_subestacion-el-mauro.tif,cl_mlp_pao_if_ortho_26_02_14_subestacion-el-mauro
686,URL,https://sig.aminerals.cl/imgdyn/rest/services/CL_MLP_PAO/CL_MLP_PAO_IF_Ortho_Geosupport/ImageServer/file?id=.\Chacay_El_Mauro_Drone\26_03_18\CL_MLP_PAO_IF_Ortho_26_03_18_EM2_S2.tif&rasterId=,.\chacay_el_mauro_drone\26_03_18\cl_mlp_pao_if_ortho_26_03_18_em2_s2.tif,cl_mlp_pao_if_ortho_26_03_18_em2_s2.tif,cl_mlp_pao_if_ortho_26_03_18_em2_s2,.\chacay_el_mauro_drone\26_03_18\cl_mlp_pao_if_ortho_26_03_18_em2_s2.tif,cl_mlp_pao_if_ortho_26_03_18_em2_s2.tif,cl_mlp_pao_if_ortho_26_03_18_em2_s2
687,URL,https://sig.aminerals.cl/imgdyn/rest/services/CL_MLP_PAO/CL_MLP_PAO_IF_Ortho_Geosupport/ImageServer/file?id=.\El_Mauro_Puerto_Punta_Chungo_Drone\26_02_26\CL_MLP_PAO_IF_Ortho_26_02_26_TORRE_E85_A_E_125.tif&rasterId=,.\el_mauro_puerto_punta_chungo_drone\26_02_26\cl_mlp_pao_if_ortho_26_02_26_torre_e85_a_e_125.tif,cl_mlp_pao_if_ortho_26_02_26_torre_e85_a_e_125.tif,cl_mlp_pao_if_ortho_26_02_26_torre_e85_a_e_125,.\el_mauro_puerto_punta_chungo_drone\26_02_26\cl_mlp_pao_if_ortho_26_02_26_torre_e85_a_e_125.tif,cl_mlp_pao_if_ortho_26_02_26_torre_e85_a_e_125.tif,cl_mlp_pao_if_ortho_26_02_26_torre_e85_a_e_125
688,URL,https://sig.aminerals.cl/imgdyn/rest/services/CL_MLP_PAO/CL_MLP_PAO_IF_Ortho_Geosupport/ImageServer/file?id=.\Chacay_El_Mauro_Drone\26_04\CL_MLP_PAO_IF_Ortho_26_04_02_EM3.tif&rasterId=,.\chacay_el_mauro_drone\26_04\cl_mlp_pao_if_ortho_26_04_02_em3.tif,cl_mlp_pao_if_ortho_26_04_02_em3.tif,cl_mlp_pao_if_ortho_26_04_02_em3,.\chacay_el_mauro_drone\26_04\cl_mlp_pao_if_ortho_26_04_02_em3.tif,cl_mlp_pao_if_ortho_26_04_02_em3.tif,cl_mlp_pao_if_ortho_26_04_02_em3
689,URL,https://sig.aminerals.cl/imgdyn/rest/services/CL_MLP_PAO/CL_MLP_PAO_IF_Ortho_Geosupport/ImageServer/file?id=.\Chacay_Drone\26_03_20\CL_MLP_PAO_IF_Ortho_26_03_20_EM1.tif&rasterId=,.\chacay_drone\26_03_20\cl_mlp_pao_if_ortho_26_03_20_em1.tif,cl_mlp_pao_if_ortho_26_03_20_em1.tif,cl_mlp_pao_if_ortho_26_03_20_em1,.\chacay_drone\26_03_20\cl_mlp_pao_if_ortho_26_03_20_em1.tif,cl_mlp_pao_if_ortho_26_03_20_em1.tif,cl_mlp_pao_if_ortho_26_03_20_em1
690,URL,https://sig.aminerals.cl/imgdyn/rest/services/CL_MLP_PAO/CL_MLP_PAO_IF_Ortho_Geosupport/ImageServer/file?id=.\Chacay_El_Mauro_Drone\26_02_19\CL_MLP_PAO_IF_Ortho_26_02_19_ED1_IIFF7_DME8.tif&rasterId=,.\chacay_el_mauro_drone\26_02_19\cl_mlp_pao_if_ortho_26_02_19_ed1_iiff7_dme8.tif,cl_mlp_pao_if_ortho_26_02_19_ed1_iiff7_dme8.tif,cl_mlp_pao_if_ortho_26_02_19_ed1_iiff7_dme8,.\chacay_el_mauro_drone\26_02_19\cl_mlp_pao_if_ortho_26_02_19_ed1_iiff7_dme8.tif,cl_mlp_pao_if_ortho_26_02_19_ed1_iiff7_dme8.tif,cl_mlp_pao_if_ortho_26_02_19_ed1_iiff7_dme8
691,URL,https://sig.aminerals.cl/imgdyn/rest/services/CL_MLP_PAO/CL_MLP_PAO_IF_Ortho_Geosupport/ImageServer/file?id=.\Chacay_El_Mauro_Drone\26_02_21\CL_MLP_PAO_IF_Ortho_26_02_21_EV1.tif&rasterId=,.\chacay_el_mauro_drone\26_02_21\cl_mlp_pao_if_ortho_26_02_21_ev1.tif,cl_mlp_pao_if_ortho_26_02_21_ev1.tif,cl_mlp_pao_if_ortho_26_02_21_ev1,.\chacay_el_mauro_drone\26_02_21\cl_mlp_pao_if_ortho_26_02_21_ev1.tif,cl_mlp_pao_if_ortho_26_02_21_ev1.tif,cl_mlp_pao_if_ortho_26_02_21_ev1
692,URL,https://sig.aminerals.cl/imgdyn/rest/services/CL_MLP_PAO/CL_MLP_PAO_IF_Ortho_Geosupport/ImageServer/file?id=.\Chacay_El_Mauro_Drone\26_03_26\CL_MLP_PAO_IF_Ortho_26_03_26_EM3.tif&rasterId=,.\chacay_el_mauro_drone\26_03_26\cl_mlp_pao_if_ortho_26_03_26_em3.tif,cl_mlp_pao_if_ortho_26_03_26_em3.tif,cl_mlp_pao_if_ortho_26_03_26_em3,.\chacay_el_mauro_drone\26_03_26\cl_mlp_pao_if_ortho_26_03_26_em3.tif,cl_mlp_pao_if_ortho_26_03_26_em3.tif,cl_mlp_pao_if_ortho_26_03_26_em3
693,URL,https://sig.aminerals.cl/imgdyn/rest/services/CL_MLP_PAO/CL_MLP_PAO_IF_Ortho_Geosupport/ImageServer/file?id=.\El_Mauro_Puerto_Punta_Chungo_Drone\26_03_07\CL_MLP_PAO_IF_Ortho_26_03_07_EV2.tif&rasterId=,.\el_mauro_puerto_punta_chungo_drone\26_03_07\cl_mlp_pao_if_ortho_26_03_07_ev2.tif,cl_mlp_pao_if_ortho_26_03_07_ev2.tif,cl_mlp_pao_if_ortho_26_03_07_ev2,.\el_mauro_puerto_punta_chungo_drone\26_03_07\cl_mlp_pao_if_ortho_26_03_07_ev2.tif,cl_mlp_pao_if_ortho_26_03_07_ev2.tif,cl_mlp_pao_if_ortho_26_03_07_ev2
694,URL,https://sig.aminerals.cl/imgdyn/rest/services/CL_MLP_PAO/CL_MLP_PAO_IF_Ortho_Geosupport/ImageServer/file?id=.\Chacay_Drone\26_04_18\CL_MLP_PAO_IF_Ortho_26_04_18_EM1.tif&rasterId=,.\chacay_drone\26_04_18\cl_mlp_pao_if_ortho_26_04_18_em1.tif,cl_mlp_pao_if_ortho_26_04_18_em1.tif,cl_mlp_pao_if_ortho_26_04_18_em1,.\chacay_drone\26_04_18\cl_mlp_pao_if_ortho_26_04_18_em1.tif,cl_mlp_pao_if_ortho_26_04_18_em1.tif,cl_mlp_pao_if_ortho_26_04_18_em1
695,URL,https://sig.aminerals.cl/imgdyn/rest/services/CL_MLP_PAO/CL_MLP_PAO_IF_Ortho_Geosupport/ImageServer/file?id=.\Chacay_El_Mauro_Drone\26_05_02\CL_MLP_PAO_IF_Ortho_26_05_02_ED1.tif&rasterId=,.\chacay_el_mauro_drone\26_05_02\cl_mlp_pao_if_ortho_26_05_02_ed1.tif,cl_mlp_pao_if_ortho_26_05_02_ed1.tif,cl_mlp_pao_if_ortho_26_05_02_ed1,.\chacay_el_mauro_drone\26_05_02\cl_mlp_pao_if_ortho_26_05_02_ed1.tif,cl_mlp_pao_if_ortho_26_05_02_ed1.tif,cl_mlp_pao_if_ortho_26_05_02_ed1
696,URL,https://sig.aminerals.cl/imgdyn/rest/services/CL_MLP_PAO/CL_MLP_PAO_IF_Ortho_Geosupport/ImageServer/file?id=.\Chacay_El_Mauro_Drone\26_01_10\CL_MLP_PAO_IF_Ortho_26_01_10_ED1-IIFF7-DME8.tif&rasterId=,.\chacay_el_mauro_drone\26_01_10\cl_mlp_pao_if_ortho_26_01_10_ed1-iiff7-dme8.tif,cl_mlp_pao_if_ortho_26_01_10_ed1-iiff7-dme8.tif,cl_mlp_pao_if_ortho_26_01_10_ed1-iiff7-dme8,.\chacay_el_mauro_drone\26_01_10\cl_mlp_pao_if_ortho_26_01_10_ed1-iiff7-dme8.tif,cl_mlp_pao_if_ortho_26_01_10_ed1-iiff7-dme8.tif,cl_mlp_pao_if_ortho_26_01_10_ed1-iiff7-dme8
697,URL,https://sig.aminerals.cl/imgdyn/rest/services/CL_MLP_PAO/CL_MLP_PAO_IF_Ortho_Geosupport/ImageServer/file?id=.\Chacay_Drone\26_04\CL_MLP_PAO_IF_Ortho_26_04_03_EM1.tif&rasterId=,.\chacay_drone\26_04\cl_mlp_pao_if_ortho_26_04_03_em1.tif,cl_mlp_pao_if_ortho_26_04_03_em1.tif,cl_mlp_pao_if_ortho_26_04_03_em1,.\chacay_drone\26_04\cl_mlp_pao_if_ortho_26_04_03_em1.tif,cl_mlp_pao_if_ortho_26_04_03_em1.tif,cl_mlp_pao_if_ortho_26_04_03_em1
698,URL,https://sig.aminerals.cl/imgdyn/rest/services/CL_MLP_PAO/CL_MLP_PAO_IF_Ortho_Geosupport/ImageServer/file?id=.\Chacay_El_Mauro_Drone\26_02_04\CL_MLP_PAO_IF_Ortho_26_02_04_ED1-IIFF7-DME8.tif&rasterId=,.\chacay_el_mauro_drone\26_02_04\cl_mlp_pao_if_ortho_26_02_04_ed1-iiff7-dme8.tif,cl_mlp_pao_if_ortho_26_02_04_ed1-iiff7-dme8.tif,cl_mlp_pao_if_ortho_26_02_04_ed1-iiff7-dme8,.\chacay_el_mauro_drone\26_02_04\cl_mlp_pao_if_ortho_26_02_04_ed1-iiff7-dme8.tif,cl_mlp_pao_if_ortho_26_02_04_ed1-iiff7-dme8.tif,cl_mlp_pao_if_ortho_26_02_04_ed1-iiff7-dme8
699,URL,https://sig.aminerals.cl/imgdyn/rest/services/CL_MLP_PAO/CL_MLP_PAO_IF_Ortho_Geosupport/ImageServer/file?id=.\Chacay_Drone\26_03_29\CL_MLP_PAO_IF_Ortho_26_03_29_EM1.tif&rasterId=,.\chacay_drone\26_03_29\cl_mlp_pao_if_ortho_26_03_29_em1.tif,cl_mlp_pao_if_ortho_26_03_29_em1.tif,cl_mlp_pao_if_ortho_26_03_29_em1,.\chacay_drone\26_03_29\cl_mlp_pao_if_ortho_26_03_29_em1.tif,cl_mlp_pao_if_ortho_26_03_29_em1.tif,cl_mlp_pao_if_ortho_26_03_29_em1
700,URL,https://sig.aminerals.cl/imgdyn/rest/services/CL_MLP_PAO/CL_MLP_PAO_IF_Ortho_Geosupport/ImageServer/file?id=.\El_Mauro_Puerto_Punta_Chungo_Drone\26_04_18\CL_MLP_PAO_IF_Ortho_26_04_18_ED1.tif&rasterId=,.\el_mauro_puerto_punta_chungo_drone\26_04_18\cl_mlp_pao_if_ortho_26_04_18_ed1.tif,cl_mlp_pao_if_ortho_26_04_18_ed1.tif,cl_mlp_pao_if_ortho_26_04_18_ed1,.\el_mauro_puerto_punta_chungo_drone\26_04_18\cl_mlp_pao_if_ortho_26_04_18_ed1.tif,cl_mlp_pao_if_ortho_26_04_18_ed1.tif,cl_mlp_pao_if_ortho_26_04_18_ed1
701,URL,https://sig.aminerals.cl/imgdyn/rest/services/CL_MLP_PAO/CL_MLP_PAO_IF_Ortho_Geosupport/ImageServer/file?id=.\Chacay_Drone\26_03_06\CL_MLP_PAO_IF_Ortho_26_03_06_EM1.tif&rasterId=,.\chacay_drone\26_03_06\cl_mlp_pao_if_ortho_26_03_06_em1.tif,cl_mlp_pao_if_ortho_26_03_06_em1.tif,cl_mlp_pao_if_ortho_26_03_06_em1,.\chacay_drone\26_03_06\cl_mlp_pao_if_ortho_26_03_06_em1.tif,cl_mlp_pao_if_ortho_26_03_06_em1.tif,cl_mlp_pao_if_ortho_26_03_06_em1
702,URL,https://sig.aminerals.cl/imgdyn/rest/services/CL_MLP_PAO/CL_MLP_PAO_IF_Ortho_Geosupport/ImageServer/file?id=.\Chacay_Drone\26_04_25\CL_MLP_PAO_IF_Ortho_26_04_25_EM1.tif&rasterId=,.\chacay_drone\26_04_25\cl_mlp_pao_if_ortho_26_04_25_em1.tif,cl_mlp_pao_if_ortho_26_04_25_em1.tif,cl_mlp_pao_if_ortho_26_04_25_em1,.\chacay_drone\26_04_25\cl_mlp_pao_if_ortho_26_04_25_em1.tif,cl_mlp_pao_if_ortho_26_04_25_em1.tif,cl_mlp_pao_if_ortho_26_04_25_em1
703,URL,https://sig.aminerals.cl/imgdyn/rest/services/CL_MLP_PAO/CL_MLP_PAO_IF_Ortho_Geosupport/ImageServer/file?id=.\Chacay_El_Mauro_Drone\26_03_11\CL_MLP_PAO_IF_Ortho_26_03_11_EV1.tif&rasterId=,.\chacay_el_mauro_drone\26_03_11\cl_mlp_pao_if_ortho_26_03_11_ev1.tif,cl_mlp_pao_if_ortho_26_03_11_ev1.tif,cl_mlp_pao_if_ortho_26_03_11_ev1,.\chacay_el_mauro_drone\26_03_11\cl_mlp_pao_if_ortho_26_03_11_ev1.tif,cl_mlp_pao_if_ortho_26_03_11_ev1.tif,cl_mlp_pao_if_ortho_26_03_11_ev1
704,URL,https://sig.aminerals.cl/imgdyn/rest/services/CL_MLP_PAO/CL_MLP_PAO_IF_Ortho_Geosupport/ImageServer/file?id=.\Chacay_El_Mauro_Drone\26_03_14\CL_MLP_PAO_IF_Ortho_26_03_14_ED1-IIFF7-DME8.tif&rasterId=,.\chacay_el_mauro_drone\26_03_14\cl_mlp_pao_if_ortho_26_03_14_ed1-iiff7-dme8.tif,cl_mlp_pao_if_ortho_26_03_14_ed1-iiff7-dme8.tif,cl_mlp_pao_if_ortho_26_03_14_ed1-iiff7-dme8,.\chacay_el_mauro_drone\26_03_14\cl_mlp_pao_if_ortho_26_03_14_ed1-iiff7-dme8.tif,cl_mlp_pao_if_ortho_26_03_14_ed1-iiff7-dme8.tif,cl_mlp_pao_if_ortho_26_03_14_ed1-iiff7-dme8
705,URL,https://sig.aminerals.cl/imgdyn/rest/services/CL_MLP_PAO/CL_MLP_PAO_IF_Ortho_Geosupport/ImageServer/file?id=.\Chacay_El_Mauro_Drone\26_01_21\CL_MLP_PAO_IF_Ortho_26_01_21_ED1-IIFF7-DME8.tif&rasterId=,.\chacay_el_mauro_drone\26_01_21\cl_mlp_pao_if_ortho_26_01_21_ed1-iiff7-dme8.tif,cl_mlp_pao_if_ortho_26_01_21_ed1-iiff7-dme8.tif,cl_mlp_pao_if_ortho_26_01_21_ed1-iiff7-dme8,.\chacay_el_mauro_drone\26_01_21\cl_mlp_pao_if_ortho_26_01_21_ed1-iiff7-dme8.tif,cl_mlp_pao_if_ortho_26_01_21_ed1-iiff7-dme8.tif,cl_mlp_pao_if_ortho_26_01_21_ed1-iiff7-dme8
719,URL,https://sig.aminerals.cl/imgdyn/rest/services/CL_MLP_PAO/CL_MLP_PAO_IF_Ortho_Geosupport/ImageServer/file?id=.\Chacay_El_Mauro_Drone\26_04_15\CL_MLP_PAO_IF_Ortho_26_04_15_EV1.tif&rasterId=,.\chacay_el_mauro_drone\26_04_15\cl_mlp_pao_if_ortho_26_04_15_ev1.tif,cl_mlp_pao_if_ortho_26_04_15_ev1.tif,cl_mlp_pao_if_ortho_26_04_15_ev1,.\chacay_el_mauro_drone\26_04_15\cl_mlp_pao_if_ortho_26_04_15_ev1.tif,cl_mlp_pao_if_ortho_26_04_15_ev1.tif,cl_mlp_pao_if_ortho_26_04_15_ev1
720,URL,https://sig.aminerals.cl/imgdyn/rest/services/CL_MLP_PAO/CL_MLP_PAO_IF_Ortho_Geosupport/ImageServer/file?id=.\Chacay_El_Mauro_Drone\26_02_05\CL_MLP_PAO_IF_Ortho_26_02_05_EV1.tif&rasterId=,.\chacay_el_mauro_drone\26_02_05\cl_mlp_pao_if_ortho_26_02_05_ev1.tif,cl_mlp_pao_if_ortho_26_02_05_ev1.tif,cl_mlp_pao_if_ortho_26_02_05_ev1,.\chacay_el_mauro_drone\26_02_05\cl_mlp_pao_if_ortho_26_02_05_ev1.tif,cl_mlp_pao_if_ortho_26_02_05_ev1.tif,cl_mlp_pao_if_ortho_26_02_05_ev1
721,URL,https://sig.aminerals.cl/imgdyn/rest/services/CL_MLP_PAO/CL_MLP_PAO_IF_Ortho_Geosupport/ImageServer/file?id=.\Chacay_El_Mauro_Drone\26_03_07\CL_MLP_PAO_IF_Ortho_26_03_07_ED1-IIFF7-DME8.tif&rasterId=,.\chacay_el_mauro_drone\26_03_07\cl_mlp_pao_if_ortho_26_03_07_ed1-iiff7-dme8.tif,cl_mlp_pao_if_ortho_26_03_07_ed1-iiff7-dme8.tif,cl_mlp_pao_if_ortho_26_03_07_ed1-iiff7-dme8,.\chacay_el_mauro_drone\26_03_07\cl_mlp_pao_if_ortho_26_03_07_ed1-iiff7-dme8.tif,cl_mlp_pao_if_ortho_26_03_07_ed1-iiff7-dme8.tif,cl_mlp_pao_if_ortho_26_03_07_ed1-iiff7-dme8
722,URL,https://sig.aminerals.cl/imgdyn/rest/services/CL_MLP_PAO/CL_MLP_PAO_IF_Ortho_Geosupport/ImageServer/file?id=.\Chacay_El_Mauro_Drone\26_02_10\CL_MLP_PAO_IF_Ortho_26_02_10_ED1-IIFF7-DME8.tif&rasterId=,.\chacay_el_mauro_drone\26_02_10\cl_mlp_pao_if_ortho_26_02_10_ed1-iiff7-dme8.tif,cl_mlp_pao_if_ortho_26_02_10_ed1-iiff7-dme8.tif,cl_mlp_pao_if_ortho_26_02_10_ed1-iiff7-dme8,.\chacay_el_mauro_drone\26_02_10\cl_mlp_pao_if_ortho_26_02_10_ed1-iiff7-dme8.tif,cl_mlp_pao_if_ortho_26_02_10_ed1-iiff7-dme8.tif,cl_mlp_pao_if_ortho_26_02_10_ed1-iiff7-dme8
723,URL,https://sig.aminerals.cl/imgdyn/rest/services/CL_MLP_PAO/CL_MLP_PAO_IF_Ortho_Geosupport/ImageServer/file?id=.\Chacay_El_Mauro_Drone\26_05_01\CL_MLP_PAO_IF_Ortho_26_05_01_EV1.tif&rasterId=,.\chacay_el_mauro_drone\26_05_01\cl_mlp_pao_if_ortho_26_05_01_ev1.tif,cl_mlp_pao_if_ortho_26_05_01_ev1.tif,cl_mlp_pao_if_ortho_26_05_01_ev1,.\chacay_el_mauro_drone\26_05_01\cl_mlp_pao_if_ortho_26_05_01_ev1.tif,cl_mlp_pao_if_ortho_26_05_01_ev1.tif,cl_mlp_pao_if_ortho_26_05_01_ev1
724,URL,https://sig.aminerals.cl/imgdyn/rest/services/CL_MLP_PAO/CL_MLP_PAO_IF_Ortho_Geosupport/ImageServer/file?id=.\Chacay_El_Mauro_Drone\26_04\CL_MLP_PAO_IF_Ortho_26_04_08_EV1.tif&rasterId=,.\chacay_el_mauro_drone\26_04\cl_mlp_pao_if_ortho_26_04_08_ev1.tif,cl_mlp_pao_if_ortho_26_04_08_ev1.tif,cl_mlp_pao_if_ortho_26_04_08_ev1,.\chacay_el_mauro_drone\26_04\cl_mlp_pao_if_ortho_26_04_08_ev1.tif,cl_mlp_pao_if_ortho_26_04_08_ev1.tif,cl_mlp_pao_if_ortho_26_04_08_ev1
725,URL,https://sig.aminerals.cl/imgdyn/rest/services/CL_MLP_PAO/CL_MLP_PAO_IF_Ortho_Geosupport/ImageServer/file?id=.\Chacay_Drone\26_01_11\CL_MLP_PAO_IF_Ortho_26_01_11_EM1.tiff&rasterId=,.\chacay_drone\26_01_11\cl_mlp_pao_if_ortho_26_01_11_em1.tiff,cl_mlp_pao_if_ortho_26_01_11_em1.tiff,cl_mlp_pao_if_ortho_26_01_11_em1,.\chacay_drone\26_01_11\cl_mlp_pao_if_ortho_26_01_11_em1.tiff,cl_mlp_pao_if_ortho_26_01_11_em1.tiff,cl_mlp_pao_if_ortho_26_01_11_em1
726,URL,https://sig.aminerals.cl/imgdyn/rest/services/CL_MLP_PAO/CL_MLP_PAO_IF_Ortho_Geosupport/ImageServer/file?id=.\Chacay_El_Mauro_Drone\26_04\CL_MLP_PAO_IF_Ortho_26_04_05_EV1.tif&rasterId=,.\chacay_el_mauro_drone\26_04\cl_mlp_pao_if_ortho_26_04_05_ev1.tif,cl_mlp_pao_if_ortho_26_04_05_ev1.tif,cl_mlp_pao_if_ortho_26_04_05_ev1,.\chacay_el_mauro_drone\26_04\cl_mlp_pao_if_ortho_26_04_05_ev1.tif,cl_mlp_pao_if_ortho_26_04_05_ev1.tif,cl_mlp_pao_if_ortho_26_04_05_ev1
727,URL,https://sig.aminerals.cl/imgdyn/rest/services/CL_MLP_PAO/CL_MLP_PAO_IF_Ortho_Geosupport/ImageServer/file?id=.\Chacay_El_Mauro_Drone\26_03_27\CL_MLP_PAO_IF_Ortho_26_03_27_EV1.tif&rasterId=,.\chacay_el_mauro_drone\26_03_27\cl_mlp_pao_if_ortho_26_03_27_ev1.tif,cl_mlp_pao_if_ortho_26_03_27_ev1.tif,cl_mlp_pao_if_ortho_26_03_27_ev1,.\chacay_el_mauro_drone\26_03_27\cl_mlp_pao_if_ortho_26_03_27_ev1.tif,cl_mlp_pao_if_ortho_26_03_27_ev1.tif,cl_mlp_pao_if_ortho_26_03_27_ev1
728,URL,https://sig.aminerals.cl/imgdyn/rest/services/CL_MLP_PAO/CL_MLP_PAO_IF_Ortho_Geosupport/ImageServer/file?id=.\Chacay_El_Mauro_Drone\26_05_03\CL_MLP_PAO_IF_Ortho_26_05_03_EM3.tif&rasterId=,.\chacay_el_mauro_drone\26_05_03\cl_mlp_pao_if_ortho_26_05_03_em3.tif,cl_mlp_pao_if_ortho_26_05_03_em3.tif,cl_mlp_pao_if_ortho_26_05_03_em3,.\chacay_el_mauro_drone\26_05_03\cl_mlp_pao_if_ortho_26_05_03_em3.tif,cl_mlp_pao_if_ortho_26_05_03_em3.tif,cl_mlp_pao_if_ortho_26_05_03_em3
729,URL,https://sig.aminerals.cl/imgdyn/rest/services/CL_MLP_PAO/CL_MLP_PAO_IF_Ortho_Geosupport/ImageServer/file?id=.\Chacay_El_Mauro_Drone\26_04\CL_MLP_PAO_IF_Ortho_26_04_13_ED1-IIFF7-DME8.tif&rasterId=,.\chacay_el_mauro_drone\26_04\cl_mlp_pao_if_ortho_26_04_13_ed1-iiff7-dme8.tif,cl_mlp_pao_if_ortho_26_04_13_ed1-iiff7-dme8.tif,cl_mlp_pao_if_ortho_26_04_13_ed1-iiff7-dme8,.\chacay_el_mauro_drone\26_04\cl_mlp_pao_if_ortho_26_04_13_ed1-iiff7-dme8.tif,cl_mlp_pao_if_ortho_26_04_13_ed1-iiff7-dme8.tif,cl_mlp_pao_if_ortho_26_04_13_ed1-iiff7-dme8
730,URL,https://sig.aminerals.cl/imgdyn/rest/services/CL_MLP_PAO/CL_MLP_PAO_IF_Ortho_Geosupport/ImageServer/file?id=.\Chacay_El_Mauro_Drone\26_04\CL_MLP_PAO_IF_Ortho_26_04_11_EM3.tif&rasterId=,.\chacay_el_mauro_drone\26_04\cl_mlp_pao_if_ortho_26_04_11_em3.tif,cl_mlp_pao_if_ortho_26_04_11_em3.tif,cl_mlp_pao_if_ortho_26_04_11_em3,.\chacay_el_mauro_drone\26_04\cl_mlp_pao_if_ortho_26_04_11_em3.tif,cl_mlp_pao_if_ortho_26_04_11_em3.tif,cl_mlp_pao_if_ortho_26_04_11_em3
731,URL,https://sig.aminerals.cl/imgdyn/rest/services/CL_MLP_PAO/CL_MLP_PAO_IF_Ortho_Geosupport/ImageServer/file?id=.\Chacay_El_Mauro_Drone\26_03_18\CL_MLP_PAO_IF_Ortho_26_03_18_EV1.tif&rasterId=,.\chacay_el_mauro_drone\26_03_18\cl_mlp_pao_if_ortho_26_03_18_ev1.tif,cl_mlp_pao_if_ortho_26_03_18_ev1.tif,cl_mlp_pao_if_ortho_26_03_18_ev1,.\chacay_el_mauro_drone\26_03_18\cl_mlp_pao_if_ortho_26_03_18_ev1.tif,cl_mlp_pao_if_ortho_26_03_18_ev1.tif,cl_mlp_pao_if_ortho_26_03_18_ev1
732,URL,https://sig.aminerals.cl/imgdyn/rest/services/CL_MLP_PAO/CL_MLP_PAO_IF_Ortho_Geosupport/ImageServer/file?id=.\Chacay_El_Mauro_Drone\26_02_25\CL_MLP_PAO_IF_Ortho_26_02_25_EV1.tif&rasterId=,.\chacay_el_mauro_drone\26_02_25\cl_mlp_pao_if_ortho_26_02_25_ev1.tif,cl_mlp_pao_if_ortho_26_02_25_ev1.tif,cl_mlp_pao_if_ortho_26_02_25_ev1,.\chacay_el_mauro_drone\26_02_25\cl_mlp_pao_if_ortho_26_02_25_ev1.tif,cl_mlp_pao_if_ortho_26_02_25_ev1.tif,cl_mlp_pao_if_ortho_26_02_25_ev1
733,URL,https://sig.aminerals.cl/imgdyn/rest/services/CL_MLP_PAO/CL_MLP_PAO_IF_Ortho_Geosupport/ImageServer/file?id=.\Chacay_El_Mauro_Drone\26_02_26\CL_MLP_PAO_IF_Ortho_26_02_26_EV1.tif&rasterId=,.\chacay_el_mauro_drone\26_02_26\cl_mlp_pao_if_ortho_26_02_26_ev1.tif,cl_mlp_pao_if_ortho_26_02_26_ev1.tif,cl_mlp_pao_if_ortho_26_02_26_ev1,.\chacay_el_mauro_drone\26_02_26\cl_mlp_pao_if_ortho_26_02_26_ev1.tif,cl_mlp_pao_if_ortho_26_02_26_ev1.tif,cl_mlp_pao_if_ortho_26_02_26_ev1
734,URL,https://sig.aminerals.cl/imgdyn/rest/services/CL_MLP_PAO/CL_MLP_PAO_IF_Ortho_Geosupport/ImageServer/file?id=.\Chacay_El_Mauro_Drone\26_05_07\CL_MLP_PAO_IF_Ortho_26_05_07_EM3.tif&rasterId=,.\chacay_el_mauro_drone\26_05_07\cl_mlp_pao_if_ortho_26_05_07_em3.tif,cl_mlp_pao_if_ortho_26_05_07_em3.tif,cl_mlp_pao_if_ortho_26_05_07_em3,.\chacay_el_mauro_drone\26_05_07\cl_mlp_pao_if_ortho_26_05_07_em3.tif,cl_mlp_pao_if_ortho_26_05_07_em3.tif,cl_mlp_pao_if_ortho_26_05_07_em3
735,URL,https://sig.aminerals.cl/imgdyn/rest/services/CL_MLP_PAO/CL_MLP_PAO_IF_Ortho_Geosupport/ImageServer/file?id=.\Chacay_El_Mauro_Drone\26_02_11\CL_MLP_PAO_IF_Ortho_26_02_11_EV1_1.tif&rasterId=,.\chacay_el_mauro_drone\26_02_11\cl_mlp_pao_if_ortho_26_02_11_ev1_1.tif,cl_mlp_pao_if_ortho_26_02_11_ev1_1.tif,cl_mlp_pao_if_ortho_26_02_11_ev1_1,.\chacay_el_mauro_drone\26_02_11\cl_mlp_pao_if_ortho_26_02_11_ev1_1.tif,cl_mlp_pao_if_ortho_26_02_11_ev1_1.tif,cl_mlp_pao_if_ortho_26_02_11_ev1_1
736,URL,https://sig.aminerals.cl/imgdyn/rest/services/CL_MLP_PAO/CL_MLP_PAO_IF_Ortho_Geosupport/ImageServer/file?id=.\El_Mauro_Puerto_Punta_Chungo_Drone\26_02_11\CL_MLP_PAO_IF_Ortho_26_02_11_TORRE_E85_A_E_125.tif&rasterId=,.\el_mauro_puerto_punta_chungo_drone\26_02_11\cl_mlp_pao_if_ortho_26_02_11_torre_e85_a_e_125.tif,cl_mlp_pao_if_ortho_26_02_11_torre_e85_a_e_125.tif,cl_mlp_pao_if_ortho_26_02_11_torre_e85_a_e_125,.\el_mauro_puerto_punta_chungo_drone\26_02_11\cl_mlp_pao_if_ortho_26_02_11_torre_e85_a_e_125.tif,cl_mlp_pao_if_ortho_26_02_11_torre_e85_a_e_125.tif,cl_mlp_pao_if_ortho_26_02_11_torre_e85_a_e_125
737,URL,https://sig.aminerals.cl/imgdyn/rest/services/CL_MLP_PAO/CL_MLP_PAO_IF_Ortho_Geosupport/ImageServer/file?id=.\Chacay_El_Mauro_Drone\26_05_09\CL_MLP_PAO_IF_Ortho_26_05_09_EV1.tif&rasterId=,.\chacay_el_mauro_drone\26_05_09\cl_mlp_pao_if_ortho_26_05_09_ev1.tif,cl_mlp_pao_if_ortho_26_05_09_ev1.tif,cl_mlp_pao_if_ortho_26_05_09_ev1,.\chacay_el_mauro_drone\26_05_09\cl_mlp_pao_if_ortho_26_05_09_ev1.tif,cl_mlp_pao_if_ortho_26_05_09_ev1.tif,cl_mlp_pao_if_ortho_26_05_09_ev1
738,URL,https://sig.aminerals.cl/imgdyn/rest/services/CL_MLP_PAO/CL_MLP_PAO_IF_Ortho_Geosupport/ImageServer/file?id=.\Chacay_El_Mauro_Drone\26_04_16\CL_MLP_PAO_IF_Ortho_26_04_16_EM3.tif&rasterId=,.\chacay_el_mauro_drone\26_04_16\cl_mlp_pao_if_ortho_26_04_16_em3.tif,cl_mlp_pao_if_ortho_26_04_16_em3.tif,cl_mlp_pao_if_ortho_26_04_16_em3,.\chacay_el_mauro_drone\26_04_16\cl_mlp_pao_if_ortho_26_04_16_em3.tif,cl_mlp_pao_if_ortho_26_04_16_em3.tif,cl_mlp_pao_if_ortho_26_04_16_em3
739,URL,https://sig.aminerals.cl/imgdyn/rest/services/CL_MLP_PAO/CL_MLP_PAO_IF_Ortho_Geosupport/ImageServer/file?id=.\El_Mauro_Puerto_Punta_Chungo_Drone\26_01_03\CL_MLP_PAO_IF_Ortho_26_01_03_DME5A-DME17-a-NSTC-78p9.tif&rasterId=,.\el_mauro_puerto_punta_chungo_drone\26_01_03\cl_mlp_pao_if_ortho_26_01_03_dme5a-dme17-a-nstc-78p9.tif,cl_mlp_pao_if_ortho_26_01_03_dme5a-dme17-a-nstc-78p9.tif,cl_mlp_pao_if_ortho_26_01_03_dme5a-dme17-a-nstc-78p9,.\el_mauro_puerto_punta_chungo_drone\26_01_03\cl_mlp_pao_if_ortho_26_01_03_dme5a-dme17-a-nstc-78p9.tif,cl_mlp_pao_if_ortho_26_01_03_dme5a-dme17-a-nstc-78p9.tif,cl_mlp_pao_if_ortho_26_01_03_dme5a-dme17-a-nstc-78p9
740,URL,https://sig.aminerals.cl/imgdyn/rest/services/CL_MLP_PAO/CL_MLP_PAO_IF_Ortho_Geosupport/ImageServer/file?id=.\El_Mauro_Drone\26_03_27\CL_MLP_PAO_IF_Ortho_26_03_27_Helipuerto.tif&rasterId=,.\el_mauro_drone\26_03_27\cl_mlp_pao_if_ortho_26_03_27_helipuerto.tif,cl_mlp_pao_if_ortho_26_03_27_helipuerto.tif,cl_mlp_pao_if_ortho_26_03_27_helipuerto,.\el_mauro_drone\26_03_27\cl_mlp_pao_if_ortho_26_03_27_helipuerto.tif,cl_mlp_pao_if_ortho_26_03_27_helipuerto.tif,cl_mlp_pao_if_ortho_26_03_27_helipuerto
741,URL,https://sig.aminerals.cl/imgdyn/rest/services/CL_MLP_PAO/CL_MLP_PAO_IF_Ortho_Geosupport/ImageServer/file?id=.\El_Mauro_Drone\26_04\CL_MLP_PAO_IF_Ortho_26_04_05_Helipuerto.tif&rasterId=,.\el_mauro_drone\26_04\cl_mlp_pao_if_ortho_26_04_05_helipuerto.tif,cl_mlp_pao_if_ortho_26_04_05_helipuerto.tif,cl_mlp_pao_if_ortho_26_04_05_helipuerto,.\el_mauro_drone\26_04\cl_mlp_pao_if_ortho_26_04_05_helipuerto.tif,cl_mlp_pao_if_ortho_26_04_05_helipuerto.tif,cl_mlp_pao_if_ortho_26_04_05_helipuerto
742,URL,https://sig.aminerals.cl/imgdyn/rest/services/CL_MLP_PAO/CL_MLP_PAO_IF_Ortho_Geosupport/ImageServer/file?id=.\Chacay_El_Mauro_Drone\26_03_05\CL_MLP_PAO_IF_Ortho_26_03_05_EV1.tif&rasterId=,.\chacay_el_mauro_drone\26_03_05\cl_mlp_pao_if_ortho_26_03_05_ev1.tif,cl_mlp_pao_if_ortho_26_03_05_ev1.tif,cl_mlp_pao_if_ortho_26_03_05_ev1,.\chacay_el_mauro_drone\26_03_05\cl_mlp_pao_if_ortho_26_03_05_ev1.tif,cl_mlp_pao_if_ortho_26_03_05_ev1.tif,cl_mlp_pao_if_ortho_26_03_05_ev1
743,URL,https://sig.aminerals.cl/imgdyn/rest/services/CL_MLP_PAO/CL_MLP_PAO_IF_Ortho_Geosupport/ImageServer/file?id=.\El_Mauro_Drone\26_04\CL_MLP_PAO_IF_Ortho_26_04_10_Helipuerto.tif&rasterId=,.\el_mauro_drone\26_04\cl_mlp_pao_if_ortho_26_04_10_helipuerto.tif,cl_mlp_pao_if_ortho_26_04_10_helipuerto.tif,cl_mlp_pao_if_ortho_26_04_10_helipuerto,.\el_mauro_drone\26_04\cl_mlp_pao_if_ortho_26_04_10_helipuerto.tif,cl_mlp_pao_if_ortho_26_04_10_helipuerto.tif,cl_mlp_pao_if_ortho_26_04_10_helipuerto
744,URL,https://sig.aminerals.cl/imgdyn/rest/services/CL_MLP_PAO/CL_MLP_PAO_IF_Ortho_Geosupport/ImageServer/file?id=.\El_Mauro_Drone\26_03_13\CL_MLP_PAO_IF_Ortho_26_03_13_EM4.tif&rasterId=,.\el_mauro_drone\26_03_13\cl_mlp_pao_if_ortho_26_03_13_em4.tif,cl_mlp_pao_if_ortho_26_03_13_em4.tif,cl_mlp_pao_if_ortho_26_03_13_em4,.\el_mauro_drone\26_03_13\cl_mlp_pao_if_ortho_26_03_13_em4.tif,cl_mlp_pao_if_ortho_26_03_13_em4.tif,cl_mlp_pao_if_ortho_26_03_13_em4
745,URL,https://sig.aminerals.cl/imgdyn/rest/services/CL_MLP_PAO/CL_MLP_PAO_IF_Ortho_Geosupport/ImageServer/file?id=.\El_Mauro_Puerto_Punta_Chungo_Drone\26_01_09\CL_MLP_PAO_IF_Ortho_26_01_09_TORRE_E85_A_E_125.tiff&rasterId=,.\el_mauro_puerto_punta_chungo_drone\26_01_09\cl_mlp_pao_if_ortho_26_01_09_torre_e85_a_e_125.tiff,cl_mlp_pao_if_ortho_26_01_09_torre_e85_a_e_125.tiff,cl_mlp_pao_if_ortho_26_01_09_torre_e85_a_e_125,.\el_mauro_puerto_punta_chungo_drone\26_01_09\cl_mlp_pao_if_ortho_26_01_09_torre_e85_a_e_125.tiff,cl_mlp_pao_if_ortho_26_01_09_torre_e85_a_e_125.tiff,cl_mlp_pao_if_ortho_26_01_09_torre_e85_a_e_125
746,URL,https://sig.aminerals.cl/imgdyn/rest/services/CL_MLP_PAO/CL_MLP_PAO_IF_Ortho_Geosupport/ImageServer/file?id=.\Chacay_El_Mauro_Drone\26_03_05\CL_MLP_PAO_IF_Ortho_26_03_05_ED2.tif&rasterId=,.\chacay_el_mauro_drone\26_03_05\cl_mlp_pao_if_ortho_26_03_05_ed2.tif,cl_mlp_pao_if_ortho_26_03_05_ed2.tif,cl_mlp_pao_if_ortho_26_03_05_ed2,.\chacay_el_mauro_drone\26_03_05\cl_mlp_pao_if_ortho_26_03_05_ed2.tif,cl_mlp_pao_if_ortho_26_03_05_ed2.tif,cl_mlp_pao_if_ortho_26_03_05_ed2
747,URL,https://sig.aminerals.cl/imgdyn/rest/services/CL_MLP_PAO/CL_MLP_PAO_IF_Ortho_Geosupport/ImageServer/file?id=.\El_Mauro_Puerto_Punta_Chungo_Drone\26_03_12\CL_MLP_PAO_IF_Ortho_26_03_12_TORRE_E85_A_E125.tif&rasterId=,.\el_mauro_puerto_punta_chungo_drone\26_03_12\cl_mlp_pao_if_ortho_26_03_12_torre_e85_a_e125.tif,cl_mlp_pao_if_ortho_26_03_12_torre_e85_a_e125.tif,cl_mlp_pao_if_ortho_26_03_12_torre_e85_a_e125,.\el_mauro_puerto_punta_chungo_drone\26_03_12\cl_mlp_pao_if_ortho_26_03_12_torre_e85_a_e125.tif,cl_mlp_pao_if_ortho_26_03_12_torre_e85_a_e125.tif,cl_mlp_pao_if_ortho_26_03_12_torre_e85_a_e125
748,URL,https://sig.aminerals.cl/imgdyn/rest/services/CL_MLP_PAO/CL_MLP_PAO_IF_Ortho_Geosupport/ImageServer/file?id=.\El_Mauro_Drone\26_02_25\CL_MLP_PAO_IF_Ortho_26_02_25_EM4.tif&rasterId=,.\el_mauro_drone\26_02_25\cl_mlp_pao_if_ortho_26_02_25_em4.tif,cl_mlp_pao_if_ortho_26_02_25_em4.tif,cl_mlp_pao_if_ortho_26_02_25_em4,.\el_mauro_drone\26_02_25\cl_mlp_pao_if_ortho_26_02_25_em4.tif,cl_mlp_pao_if_ortho_26_02_25_em4.tif,cl_mlp_pao_if_ortho_26_02_25_em4
749,URL,https://sig.aminerals.cl/imgdyn/rest/services/CL_MLP_PAO/CL_MLP_PAO_IF_Ortho_Geosupport/ImageServer/file?id=.\El_Mauro_Drone\26_02_19\CL_MLP_PAO_IF_Ortho_26_02_19_TORRES_E12_-_E30_PV4.tif&rasterId=,.\el_mauro_drone\26_02_19\cl_mlp_pao_if_ortho_26_02_19_torres_e12_-_e30_pv4.tif,cl_mlp_pao_if_ortho_26_02_19_torres_e12_-_e30_pv4.tif,cl_mlp_pao_if_ortho_26_02_19_torres_e12_-_e30_pv4,.\el_mauro_drone\26_02_19\cl_mlp_pao_if_ortho_26_02_19_torres_e12_-_e30_pv4.tif,cl_mlp_pao_if_ortho_26_02_19_torres_e12_-_e30_pv4.tif,cl_mlp_pao_if_ortho_26_02_19_torres_e12_-_e30_pv4
750,URL,https://sig.aminerals.cl/imgdyn/rest/services/CL_MLP_PAO/CL_MLP_PAO_IF_Ortho_Geosupport/ImageServer/file?id=.\El_Mauro_Puerto_Punta_Chungo_Drone\26_02_07\CL_MLP_PAO_IF_Ortho_26_02_07_TORRE_E85_A_E_125.tif&rasterId=,.\el_mauro_puerto_punta_chungo_drone\26_02_07\cl_mlp_pao_if_ortho_26_02_07_torre_e85_a_e_125.tif,cl_mlp_pao_if_ortho_26_02_07_torre_e85_a_e_125.tif,cl_mlp_pao_if_ortho_26_02_07_torre_e85_a_e_125,.\el_mauro_puerto_punta_chungo_drone\26_02_07\cl_mlp_pao_if_ortho_26_02_07_torre_e85_a_e_125.tif,cl_mlp_pao_if_ortho_26_02_07_torre_e85_a_e_125.tif,cl_mlp_pao_if_ortho_26_02_07_torre_e85_a_e_125
751,URL,https://sig.aminerals.cl/imgdyn/rest/services/CL_MLP_PAO/CL_MLP_PAO_IF_Ortho_Geosupport/ImageServer/file?id=.\El_Mauro_Drone\26_03\CL_MLP_PAO_IF_Ortho_26_03_21_Hidrociclones.tif&rasterId=,.\el_mauro_drone\26_03\cl_mlp_pao_if_ortho_26_03_21_hidrociclones.tif,cl_mlp_pao_if_ortho_26_03_21_hidrociclones.tif,cl_mlp_pao_if_ortho_26_03_21_hidrociclones,.\el_mauro_drone\26_03\cl_mlp_pao_if_ortho_26_03_21_hidrociclones.tif,cl_mlp_pao_if_ortho_26_03_21_hidrociclones.tif,cl_mlp_pao_if_ortho_26_03_21_hidrociclones
752,URL,https://sig.aminerals.cl/imgdyn/rest/services/CL_MLP_PAO/CL_MLP_PAO_IF_Ortho_Geosupport/ImageServer/file?id=.\El_Mauro_Drone\26_02_11\CL_MLP_PAO_IF_Ortho_26_02_11_TORRES_E12_-_E30_PV4.tif&rasterId=,.\el_mauro_drone\26_02_11\cl_mlp_pao_if_ortho_26_02_11_torres_e12_-_e30_pv4.tif,cl_mlp_pao_if_ortho_26_02_11_torres_e12_-_e30_pv4.tif,cl_mlp_pao_if_ortho_26_02_11_torres_e12_-_e30_pv4,.\el_mauro_drone\26_02_11\cl_mlp_pao_if_ortho_26_02_11_torres_e12_-_e30_pv4.tif,cl_mlp_pao_if_ortho_26_02_11_torres_e12_-_e30_pv4.tif,cl_mlp_pao_if_ortho_26_02_11_torres_e12_-_e30_pv4
753,URL,https://sig.aminerals.cl/imgdyn/rest/services/CL_MLP_PAO/CL_MLP_PAO_IF_Ortho_Geosupport/ImageServer/file?id=.\El_Mauro_Drone\26_02_01\CL_MLP_PAO_IF_Ortho_26_02_01_TORRES_E12_-_E30_PV4.tif&rasterId=,.\el_mauro_drone\26_02_01\cl_mlp_pao_if_ortho_26_02_01_torres_e12_-_e30_pv4.tif,cl_mlp_pao_if_ortho_26_02_01_torres_e12_-_e30_pv4.tif,cl_mlp_pao_if_ortho_26_02_01_torres_e12_-_e30_pv4,.\el_mauro_drone\26_02_01\cl_mlp_pao_if_ortho_26_02_01_torres_e12_-_e30_pv4.tif,cl_mlp_pao_if_ortho_26_02_01_torres_e12_-_e30_pv4.tif,cl_mlp_pao_if_ortho_26_02_01_torres_e12_-_e30_pv4
754,URL,https://sig.aminerals.cl/imgdyn/rest/services/CL_MLP_PAO/CL_MLP_PAO_IF_Ortho_Geosupport/ImageServer/file?id=.\El_Mauro_Drone\26_04\CL_MLP_PAO_IF_Ortho_26_04_10_EBD.tif&rasterId=,.\el_mauro_drone\26_04\cl_mlp_pao_if_ortho_26_04_10_ebd.tif,cl_mlp_pao_if_ortho_26_04_10_ebd.tif,cl_mlp_pao_if_ortho_26_04_10_ebd,.\el_mauro_drone\26_04\cl_mlp_pao_if_ortho_26_04_10_ebd.tif,cl_mlp_pao_if_ortho_26_04_10_ebd.tif,cl_mlp_pao_if_ortho_26_04_10_ebd
755,URL,https://sig.aminerals.cl/imgdyn/rest/services/CL_MLP_PAO/CL_MLP_PAO_IF_Ortho_Geosupport/ImageServer/file?id=.\El_Mauro_Drone\26_02_03\CL_MLP_PAO_IF_Ortho_26_02_03_TORRES_E12_-_E30_PV4.tif&rasterId=,.\el_mauro_drone\26_02_03\cl_mlp_pao_if_ortho_26_02_03_torres_e12_-_e30_pv4.tif,cl_mlp_pao_if_ortho_26_02_03_torres_e12_-_e30_pv4.tif,cl_mlp_pao_if_ortho_26_02_03_torres_e12_-_e30_pv4,.\el_mauro_drone\26_02_03\cl_mlp_pao_if_ortho_26_02_03_torres_e12_-_e30_pv4.tif,cl_mlp_pao_if_ortho_26_02_03_torres_e12_-_e30_pv4.tif,cl_mlp_pao_if_ortho_26_02_03_torres_e12_-_e30_pv4
756,URL,https://sig.aminerals.cl/imgdyn/rest/services/CL_MLP_PAO/CL_MLP_PAO_IF_Ortho_Geosupport/ImageServer/file?id=.\El_Mauro_Drone\26_03_19\CL_MLP_PAO_IF_Ortho_26_03_19_EM4.tif&rasterId=,.\el_mauro_drone\26_03_19\cl_mlp_pao_if_ortho_26_03_19_em4.tif,cl_mlp_pao_if_ortho_26_03_19_em4.tif,cl_mlp_pao_if_ortho_26_03_19_em4,.\el_mauro_drone\26_03_19\cl_mlp_pao_if_ortho_26_03_19_em4.tif,cl_mlp_pao_if_ortho_26_03_19_em4.tif,cl_mlp_pao_if_ortho_26_03_19_em4
757,URL,https://sig.aminerals.cl/imgdyn/rest/services/CL_MLP_PAO/CL_MLP_PAO_IF_Ortho_Geosupport/ImageServer/file?id=.\El_Mauro_Drone\26_03_16\CL_MLP_PAO_IF_Ortho_26_03_16_Patio-19B-y-Armado.tif&rasterId=,.\el_mauro_drone\26_03_16\cl_mlp_pao_if_ortho_26_03_16_patio-19b-y-armado.tif,cl_mlp_pao_if_ortho_26_03_16_patio-19b-y-armado.tif,cl_mlp_pao_if_ortho_26_03_16_patio-19b-y-armado,.\el_mauro_drone\26_03_16\cl_mlp_pao_if_ortho_26_03_16_patio-19b-y-armado.tif,cl_mlp_pao_if_ortho_26_03_16_patio-19b-y-armado.tif,cl_mlp_pao_if_ortho_26_03_16_patio-19b-y-armado
758,URL,https://sig.aminerals.cl/imgdyn/rest/services/CL_MLP_PAO/CL_MLP_PAO_IF_Ortho_Geosupport/ImageServer/file?id=.\El_Mauro_Drone\26_02_12\CL_MLP_PAO_IF_Ortho_26_02_12_Patio-19B-y-Armado.tif&rasterId=,.\el_mauro_drone\26_02_12\cl_mlp_pao_if_ortho_26_02_12_patio-19b-y-armado.tif,cl_mlp_pao_if_ortho_26_02_12_patio-19b-y-armado.tif,cl_mlp_pao_if_ortho_26_02_12_patio-19b-y-armado,.\el_mauro_drone\26_02_12\cl_mlp_pao_if_ortho_26_02_12_patio-19b-y-armado.tif,cl_mlp_pao_if_ortho_26_02_12_patio-19b-y-armado.tif,cl_mlp_pao_if_ortho_26_02_12_patio-19b-y-armado
759,URL,https://sig.aminerals.cl/imgdyn/rest/services/CL_MLP_PAO/CL_MLP_PAO_IF_Ortho_Geosupport/ImageServer/file?id=.\El_Mauro_Drone\26_04_16\CL_MLP_PAO_IF_Ortho_26_04_16_EBD.tif&rasterId=,.\el_mauro_drone\26_04_16\cl_mlp_pao_if_ortho_26_04_16_ebd.tif,cl_mlp_pao_if_ortho_26_04_16_ebd.tif,cl_mlp_pao_if_ortho_26_04_16_ebd,.\el_mauro_drone\26_04_16\cl_mlp_pao_if_ortho_26_04_16_ebd.tif,cl_mlp_pao_if_ortho_26_04_16_ebd.tif,cl_mlp_pao_if_ortho_26_04_16_ebd
760,URL,https://sig.aminerals.cl/imgdyn/rest/services/CL_MLP_PAO/CL_MLP_PAO_IF_Ortho_Geosupport/ImageServer/file?id=.\El_Mauro_Drone\26_02_06\CL_MLP_PAO_IF_Ortho_26_02_06_Patio-19B-y-Armado.tif&rasterId=,.\el_mauro_drone\26_02_06\cl_mlp_pao_if_ortho_26_02_06_patio-19b-y-armado.tif,cl_mlp_pao_if_ortho_26_02_06_patio-19b-y-armado.tif,cl_mlp_pao_if_ortho_26_02_06_patio-19b-y-armado,.\el_mauro_drone\26_02_06\cl_mlp_pao_if_ortho_26_02_06_patio-19b-y-armado.tif,cl_mlp_pao_if_ortho_26_02_06_patio-19b-y-armado.tif,cl_mlp_pao_if_ortho_26_02_06_patio-19b-y-armado
761,URL,https://sig.aminerals.cl/imgdyn/rest/services/CL_MLP_PAO/CL_MLP_PAO_IF_Ortho_Geosupport/ImageServer/file?id=.\El_Mauro_Puerto_Punta_Chungo_Drone\26_03_27\CL_MLP_PAO_IF_Ortho_26_03_27_TORRE_E85_A_E_125.tif&rasterId=,.\el_mauro_puerto_punta_chungo_drone\26_03_27\cl_mlp_pao_if_ortho_26_03_27_torre_e85_a_e_125.tif,cl_mlp_pao_if_ortho_26_03_27_torre_e85_a_e_125.tif,cl_mlp_pao_if_ortho_26_03_27_torre_e85_a_e_125,.\el_mauro_puerto_punta_chungo_drone\26_03_27\cl_mlp_pao_if_ortho_26_03_27_torre_e85_a_e_125.tif,cl_mlp_pao_if_ortho_26_03_27_torre_e85_a_e_125.tif,cl_mlp_pao_if_ortho_26_03_27_torre_e85_a_e_125
762,URL,https://sig.aminerals.cl/imgdyn/rest/services/CL_MLP_PAO/CL_MLP_PAO_IF_Ortho_Geosupport/ImageServer/file?id=.\El_Mauro_Drone\26_03_26\CL_MLP_PAO_IF_Ortho_26_03_26_EBD.tif&rasterId=,.\el_mauro_drone\26_03_26\cl_mlp_pao_if_ortho_26_03_26_ebd.tif,cl_mlp_pao_if_ortho_26_03_26_ebd.tif,cl_mlp_pao_if_ortho_26_03_26_ebd,.\el_mauro_drone\26_03_26\cl_mlp_pao_if_ortho_26_03_26_ebd.tif,cl_mlp_pao_if_ortho_26_03_26_ebd.tif,cl_mlp_pao_if_ortho_26_03_26_ebd
763,URL,https://sig.aminerals.cl/imgdyn/rest/services/CL_MLP_PAO/CL_MLP_PAO_IF_Ortho_Geosupport/ImageServer/file?id=.\El_Mauro_Puerto_Punta_Chungo_Drone\26_02_20\CL_MLP_PAO_IF_Ortho_26_02_20_TORRES_E84_A_E127.tif&rasterId=,.\el_mauro_puerto_punta_chungo_drone\26_02_20\cl_mlp_pao_if_ortho_26_02_20_torres_e84_a_e127.tif,cl_mlp_pao_if_ortho_26_02_20_torres_e84_a_e127.tif,cl_mlp_pao_if_ortho_26_02_20_torres_e84_a_e127,.\el_mauro_puerto_punta_chungo_drone\26_02_20\cl_mlp_pao_if_ortho_26_02_20_torres_e84_a_e127.tif,cl_mlp_pao_if_ortho_26_02_20_torres_e84_a_e127.tif,cl_mlp_pao_if_ortho_26_02_20_torres_e84_a_e127
764,URL,https://sig.aminerals.cl/imgdyn/rest/services/CL_MLP_PAO/CL_MLP_PAO_IF_Ortho_Geosupport/ImageServer/file?id=.\El_Mauro_Drone\26_02_26\CL_MLP_PAO_IF_Ortho_26_02_26_Subestacion-El-Mauro.tif&rasterId=,.\el_mauro_drone\26_02_26\cl_mlp_pao_if_ortho_26_02_26_subestacion-el-mauro.tif,cl_mlp_pao_if_ortho_26_02_26_subestacion-el-mauro.tif,cl_mlp_pao_if_ortho_26_02_26_subestacion-el-mauro,.\el_mauro_drone\26_02_26\cl_mlp_pao_if_ortho_26_02_26_subestacion-el-mauro.tif,cl_mlp_pao_if_ortho_26_02_26_subestacion-el-mauro.tif,cl_mlp_pao_if_ortho_26_02_26_subestacion-el-mauro
765,URL,https://sig.aminerals.cl/imgdyn/rest/services/CL_MLP_PAO/CL_MLP_PAO_IF_Ortho_Geosupport/ImageServer/file?id=.\El_Mauro_Drone\26_01_14\CL_MLP_PAO_IF_Ortho_26_01_14_Subestacion-El-Mauro.tif&rasterId=,.\el_mauro_drone\26_01_14\cl_mlp_pao_if_ortho_26_01_14_subestacion-el-mauro.tif,cl_mlp_pao_if_ortho_26_01_14_subestacion-el-mauro.tif,cl_mlp_pao_if_ortho_26_01_14_subestacion-el-mauro,.\el_mauro_drone\26_01_14\cl_mlp_pao_if_ortho_26_01_14_subestacion-el-mauro.tif,cl_mlp_pao_if_ortho_26_01_14_subestacion-el-mauro.tif,cl_mlp_pao_if_ortho_26_01_14_subestacion-el-mauro
766,URL,https://sig.aminerals.cl/imgdyn/rest/services/CL_MLP_PAO/CL_MLP_PAO_IF_Ortho_Geosupport/ImageServer/file?id=.\El_Mauro_Drone\26_03_07\CL_MLP_PAO_IF_Ortho_26_03_07_Patio-19B-y-Armado.tif&rasterId=,.\el_mauro_drone\26_03_07\cl_mlp_pao_if_ortho_26_03_07_patio-19b-y-armado.tif,cl_mlp_pao_if_ortho_26_03_07_patio-19b-y-armado.tif,cl_mlp_pao_if_ortho_26_03_07_patio-19b-y-armado,.\el_mauro_drone\26_03_07\cl_mlp_pao_if_ortho_26_03_07_patio-19b-y-armado.tif,cl_mlp_pao_if_ortho_26_03_07_patio-19b-y-armado.tif,cl_mlp_pao_if_ortho_26_03_07_patio-19b-y-armado
767,URL,https://sig.aminerals.cl/imgdyn/rest/services/CL_MLP_PAO/CL_MLP_PAO_IF_Ortho_Geosupport/ImageServer/file?id=.\El_Mauro_Drone\26_04_25\CL_MLP_PAO_IF_Ortho_26_04_25_EBD.tif&rasterId=,.\el_mauro_drone\26_04_25\cl_mlp_pao_if_ortho_26_04_25_ebd.tif,cl_mlp_pao_if_ortho_26_04_25_ebd.tif,cl_mlp_pao_if_ortho_26_04_25_ebd,.\el_mauro_drone\26_04_25\cl_mlp_pao_if_ortho_26_04_25_ebd.tif,cl_mlp_pao_if_ortho_26_04_25_ebd.tif,cl_mlp_pao_if_ortho_26_04_25_ebd
769,URL,https://sig.aminerals.cl/imgdyn/rest/services/CL_MLP_PAO/CL_MLP_PAO_IF_Ortho_Geosupport/ImageServer/file?id=.\El_Mauro_Drone\26_05_08\CL_MLP_PAO_IF_Ortho_26_05_08_EBD.tif&rasterId=,.\el_mauro_drone\26_05_08\cl_mlp_pao_if_ortho_26_05_08_ebd.tif,cl_mlp_pao_if_ortho_26_05_08_ebd.tif,cl_mlp_pao_if_ortho_26_05_08_ebd,.\el_mauro_drone\26_05_08\cl_mlp_pao_if_ortho_26_05_08_ebd.tif,cl_mlp_pao_if_ortho_26_05_08_ebd.tif,cl_mlp_pao_if_ortho_26_05_08_ebd
770,URL,https://sig.aminerals.cl/imgdyn/rest/services/CL_MLP_PAO/CL_MLP_PAO_IF_Ortho_Geosupport/ImageServer/file?id=.\El_Mauro_Drone\26_03_20\CL_MLP_PAO_IF_Ortho_26_03_20_Patio-19B-y-Armado.tif&rasterId=,.\el_mauro_drone\26_03_20\cl_mlp_pao_if_ortho_26_03_20_patio-19b-y-armado.tif,cl_mlp_pao_if_ortho_26_03_20_patio-19b-y-armado.tif,cl_mlp_pao_if_ortho_26_03_20_patio-19b-y-armado,.\el_mauro_drone\26_03_20\cl_mlp_pao_if_ortho_26_03_20_patio-19b-y-armado.tif,cl_mlp_pao_if_ortho_26_03_20_patio-19b-y-armado.tif,cl_mlp_pao_if_ortho_26_03_20_patio-19b-y-armado
771,URL,https://sig.aminerals.cl/imgdyn/rest/services/CL_MLP_PAO/CL_MLP_PAO_IF_Ortho_Geosupport/ImageServer/file?id=.\El_Mauro_Drone\26_04\CL_MLP_PAO_IF_Ortho_26_04_09_Subestacion-El-Mauro.tif&rasterId=,.\el_mauro_drone\26_04\cl_mlp_pao_if_ortho_26_04_09_subestacion-el-mauro.tif,cl_mlp_pao_if_ortho_26_04_09_subestacion-el-mauro.tif,cl_mlp_pao_if_ortho_26_04_09_subestacion-el-mauro,.\el_mauro_drone\26_04\cl_mlp_pao_if_ortho_26_04_09_subestacion-el-mauro.tif,cl_mlp_pao_if_ortho_26_04_09_subestacion-el-mauro.tif,cl_mlp_pao_if_ortho_26_04_09_subestacion-el-mauro
772,URL,https://sig.aminerals.cl/imgdyn/rest/services/CL_MLP_PAO/CL_MLP_PAO_IF_Ortho_Geosupport/ImageServer/file?id=.\El_Mauro_Puerto_Punta_Chungo_Drone\26_04\CL_MLP_PAO_IF_Ortho_26_04_04_MonteAranda-NSTC-Km-84p2-a-82p3.tif&rasterId=,.\el_mauro_puerto_punta_chungo_drone\26_04\cl_mlp_pao_if_ortho_26_04_04_montearanda-nstc-km-84p2-a-82p3.tif,cl_mlp_pao_if_ortho_26_04_04_montearanda-nstc-km-84p2-a-82p3.tif,cl_mlp_pao_if_ortho_26_04_04_montearanda-nstc-km-84p2-a-82p3,.\el_mauro_puerto_punta_chungo_drone\26_04\cl_mlp_pao_if_ortho_26_04_04_montearanda-nstc-km-84p2-a-82p3.tif,cl_mlp_pao_if_ortho_26_04_04_montearanda-nstc-km-84p2-a-82p3.tif,cl_mlp_pao_if_ortho_26_04_04_montearanda-nstc-km-84p2-a-82p3
773,URL,https://sig.aminerals.cl/imgdyn/rest/services/CL_MLP_PAO/CL_MLP_PAO_IF_Ortho_Geosupport/ImageServer/file?id=.\El_Mauro_Drone\26_05_03\CL_MLP_PAO_IF_Ortho_26_05_03_EBD.tif&rasterId=,.\el_mauro_drone\26_05_03\cl_mlp_pao_if_ortho_26_05_03_ebd.tif,cl_mlp_pao_if_ortho_26_05_03_ebd.tif,cl_mlp_pao_if_ortho_26_05_03_ebd,.\el_mauro_drone\26_05_03\cl_mlp_pao_if_ortho_26_05_03_ebd.tif,cl_mlp_pao_if_ortho_26_05_03_ebd.tif,cl_mlp_pao_if_ortho_26_05_03_ebd
774,URL,https://sig.aminerals.cl/imgdyn/rest/services/CL_MLP_PAO/CL_MLP_PAO_IF_Ortho_Geosupport/ImageServer/file?id=.\El_Mauro_Puerto_Punta_Chungo_Drone\26_04_17\CL_MLP_PAO_IF_Ortho_26_04_17_TORRE_E85_A_E_125.tif&rasterId=,.\el_mauro_puerto_punta_chungo_drone\26_04_17\cl_mlp_pao_if_ortho_26_04_17_torre_e85_a_e_125.tif,cl_mlp_pao_if_ortho_26_04_17_torre_e85_a_e_125.tif,cl_mlp_pao_if_ortho_26_04_17_torre_e85_a_e_125,.\el_mauro_puerto_punta_chungo_drone\26_04_17\cl_mlp_pao_if_ortho_26_04_17_torre_e85_a_e_125.tif,cl_mlp_pao_if_ortho_26_04_17_torre_e85_a_e_125.tif,cl_mlp_pao_if_ortho_26_04_17_torre_e85_a_e_125
775,URL,https://sig.aminerals.cl/imgdyn/rest/services/CL_MLP_PAO/CL_MLP_PAO_IF_Ortho_Geosupport/ImageServer/file?id=.\El_Mauro_Drone\26_01_07\CL_MLP_PAO_IF_Ortho_26_01_07_TORRES_E12_-_E30_PV4.tiff&rasterId=,.\el_mauro_drone\26_01_07\cl_mlp_pao_if_ortho_26_01_07_torres_e12_-_e30_pv4.tiff,cl_mlp_pao_if_ortho_26_01_07_torres_e12_-_e30_pv4.tiff,cl_mlp_pao_if_ortho_26_01_07_torres_e12_-_e30_pv4,.\el_mauro_drone\26_01_07\cl_mlp_pao_if_ortho_26_01_07_torres_e12_-_e30_pv4.tiff,cl_mlp_pao_if_ortho_26_01_07_torres_e12_-_e30_pv4.tiff,cl_mlp_pao_if_ortho_26_01_07_torres_e12_-_e30_pv4
776,URL,https://sig.aminerals.cl/imgdyn/rest/services/CL_MLP_PAO/CL_MLP_PAO_IF_Ortho_Geosupport/ImageServer/file?id=.\El_Mauro_Drone\26_05_08\CL_MLP_PAO_IF_Ortho_26_05_08_Acceso_a_pozos.tif&rasterId=,.\el_mauro_drone\26_05_08\cl_mlp_pao_if_ortho_26_05_08_acceso_a_pozos.tif,cl_mlp_pao_if_ortho_26_05_08_acceso_a_pozos.tif,cl_mlp_pao_if_ortho_26_05_08_acceso_a_pozos,.\el_mauro_drone\26_05_08\cl_mlp_pao_if_ortho_26_05_08_acceso_a_pozos.tif,cl_mlp_pao_if_ortho_26_05_08_acceso_a_pozos.tif,cl_mlp_pao_if_ortho_26_05_08_acceso_a_pozos
777,URL,https://sig.aminerals.cl/imgdyn/rest/services/CL_MLP_PAO/CL_MLP_PAO_IF_Ortho_Geosupport/ImageServer/file?id=.\El_Mauro_Drone\26_04\CL_MLP_PAO_IF_Ortho_26_04_11_Pozos_PRP.tif&rasterId=,.\el_mauro_drone\26_04\cl_mlp_pao_if_ortho_26_04_11_pozos_prp.tif,cl_mlp_pao_if_ortho_26_04_11_pozos_prp.tif,cl_mlp_pao_if_ortho_26_04_11_pozos_prp,.\el_mauro_drone\26_04\cl_mlp_pao_if_ortho_26_04_11_pozos_prp.tif,cl_mlp_pao_if_ortho_26_04_11_pozos_prp.tif,cl_mlp_pao_if_ortho_26_04_11_pozos_prp
778,URL,https://sig.aminerals.cl/imgdyn/rest/services/CL_MLP_PAO/CL_MLP_PAO_IF_Ortho_Geosupport/ImageServer/file?id=.\El_Mauro_Drone\26_03_12\CL_MLP_PAO_IF_Ortho_26_03_12_Subestacion-El-Mauro.tif&rasterId=,.\el_mauro_drone\26_03_12\cl_mlp_pao_if_ortho_26_03_12_subestacion-el-mauro.tif,cl_mlp_pao_if_ortho_26_03_12_subestacion-el-mauro.tif,cl_mlp_pao_if_ortho_26_03_12_subestacion-el-mauro,.\el_mauro_drone\26_03_12\cl_mlp_pao_if_ortho_26_03_12_subestacion-el-mauro.tif,cl_mlp_pao_if_ortho_26_03_12_subestacion-el-mauro.tif,cl_mlp_pao_if_ortho_26_03_12_subestacion-el-mauro
779,URL,https://sig.aminerals.cl/imgdyn/rest/services/CL_MLP_PAO/CL_MLP_PAO_IF_Ortho_Geosupport/ImageServer/file?id=.\El_Mauro_Drone\26_02_06\CL_MLP_PAO_IF_Ortho_26_02_06_Subestacion-El-Mauro.tif&rasterId=,.\el_mauro_drone\26_02_06\cl_mlp_pao_if_ortho_26_02_06_subestacion-el-mauro.tif,cl_mlp_pao_if_ortho_26_02_06_subestacion-el-mauro.tif,cl_mlp_pao_if_ortho_26_02_06_subestacion-el-mauro,.\el_mauro_drone\26_02_06\cl_mlp_pao_if_ortho_26_02_06_subestacion-el-mauro.tif,cl_mlp_pao_if_ortho_26_02_06_subestacion-el-mauro.tif,cl_mlp_pao_if_ortho_26_02_06_subestacion-el-mauro
780,URL,https://sig.aminerals.cl/imgdyn/rest/services/CL_MLP_PAO/CL_MLP_PAO_IF_Ortho_Geosupport/ImageServer/file?id=.\El_Mauro_Drone\26_02_21\CL_MLP_PAO_IF_Ortho_26_02_21_Subestacion-El-Mauro.tif&rasterId=,.\el_mauro_drone\26_02_21\cl_mlp_pao_if_ortho_26_02_21_subestacion-el-mauro.tif,cl_mlp_pao_if_ortho_26_02_21_subestacion-el-mauro.tif,cl_mlp_pao_if_ortho_26_02_21_subestacion-el-mauro,.\el_mauro_drone\26_02_21\cl_mlp_pao_if_ortho_26_02_21_subestacion-el-mauro.tif,cl_mlp_pao_if_ortho_26_02_21_subestacion-el-mauro.tif,cl_mlp_pao_if_ortho_26_02_21_subestacion-el-mauro
781,URL,https://sig.aminerals.cl/imgdyn/rest/services/CL_MLP_PAO/CL_MLP_PAO_IF_Ortho_Geosupport/ImageServer/file?id=.\El_Mauro_Puerto_Punta_Chungo_Drone\26_04\CL_MLP_PAO_IF_Ortho_26_04_02_TORRE_E85_A_E_125.tif&rasterId=,.\el_mauro_puerto_punta_chungo_drone\26_04\cl_mlp_pao_if_ortho_26_04_02_torre_e85_a_e_125.tif,cl_mlp_pao_if_ortho_26_04_02_torre_e85_a_e_125.tif,cl_mlp_pao_if_ortho_26_04_02_torre_e85_a_e_125,.\el_mauro_puerto_punta_chungo_drone\26_04\cl_mlp_pao_if_ortho_26_04_02_torre_e85_a_e_125.tif,cl_mlp_pao_if_ortho_26_04_02_torre_e85_a_e_125.tif,cl_mlp_pao_if_ortho_26_04_02_torre_e85_a_e_125
782,URL,https://sig.aminerals.cl/imgdyn/rest/services/CL_MLP_PAO/CL_MLP_PAO_IF_Ortho_Geosupport/ImageServer/file?id=.\El_Mauro_Drone\26_03_27\CL_MLP_PAO_IF_Ortho_26_03_27_Subestacion-El-Mauro.tif&rasterId=,.\el_mauro_drone\26_03_27\cl_mlp_pao_if_ortho_26_03_27_subestacion-el-mauro.tif,cl_mlp_pao_if_ortho_26_03_27_subestacion-el-mauro.tif,cl_mlp_pao_if_ortho_26_03_27_subestacion-el-mauro,.\el_mauro_drone\26_03_27\cl_mlp_pao_if_ortho_26_03_27_subestacion-el-mauro.tif,cl_mlp_pao_if_ortho_26_03_27_subestacion-el-mauro.tif,cl_mlp_pao_if_ortho_26_03_27_subestacion-el-mauro
783,URL,https://sig.aminerals.cl/imgdyn/rest/services/CL_MLP_PAO/CL_MLP_PAO_IF_Ortho_Geosupport/ImageServer/file?id=.\El_Mauro_Puerto_Punta_Chungo_Drone\26_03_22\CL_MLP_PAO_IF_Ortho_26_03_22_MonteAranda-NSTC-Km-84p2-a-82p3.tif&rasterId=,.\el_mauro_puerto_punta_chungo_drone\26_03_22\cl_mlp_pao_if_ortho_26_03_22_montearanda-nstc-km-84p2-a-82p3.tif,cl_mlp_pao_if_ortho_26_03_22_montearanda-nstc-km-84p2-a-82p3.tif,cl_mlp_pao_if_ortho_26_03_22_montearanda-nstc-km-84p2-a-82p3,.\el_mauro_puerto_punta_chungo_drone\26_03_22\cl_mlp_pao_if_ortho_26_03_22_montearanda-nstc-km-84p2-a-82p3.tif,cl_mlp_pao_if_ortho_26_03_22_montearanda-nstc-km-84p2-a-82p3.tif,cl_mlp_pao_if_ortho_26_03_22_montearanda-nstc-km-84p2-a-82p3
784,URL,https://sig.aminerals.cl/imgdyn/rest/services/CL_MLP_PAO/CL_MLP_PAO_IF_Ortho_Geosupport/ImageServer/file?id=.\El_Mauro_Drone\26_03_06\CL_MLP_PAO_IF_Ortho_26_03_06_EM4.tif&rasterId=,.\el_mauro_drone\26_03_06\cl_mlp_pao_if_ortho_26_03_06_em4.tif,cl_mlp_pao_if_ortho_26_03_06_em4.tif,cl_mlp_pao_if_ortho_26_03_06_em4,.\el_mauro_drone\26_03_06\cl_mlp_pao_if_ortho_26_03_06_em4.tif,cl_mlp_pao_if_ortho_26_03_06_em4.tif,cl_mlp_pao_if_ortho_26_03_06_em4
785,URL,https://sig.aminerals.cl/imgdyn/rest/services/CL_MLP_PAO/CL_MLP_PAO_IF_Ortho_Geosupport/ImageServer/file?id=.\El_Mauro_Puerto_Punta_Chungo_Drone\26_03_08\CL_MLP_PAO_IF_Ortho_26_03_08_TORRES_E85_A_E125.tif&rasterId=,.\el_mauro_puerto_punta_chungo_drone\26_03_08\cl_mlp_pao_if_ortho_26_03_08_torres_e85_a_e125.tif,cl_mlp_pao_if_ortho_26_03_08_torres_e85_a_e125.tif,cl_mlp_pao_if_ortho_26_03_08_torres_e85_a_e125,.\el_mauro_puerto_punta_chungo_drone\26_03_08\cl_mlp_pao_if_ortho_26_03_08_torres_e85_a_e125.tif,cl_mlp_pao_if_ortho_26_03_08_torres_e85_a_e125.tif,cl_mlp_pao_if_ortho_26_03_08_torres_e85_a_e125
786,URL,https://sig.aminerals.cl/imgdyn/rest/services/CL_MLP_PAO/CL_MLP_PAO_IF_Ortho_Geosupport/ImageServer/file?id=.\El_Mauro_Drone\26_04_17\CL_MLP_PAO_IF_Ortho_26_04_17_Estacion_Intermedia.tif&rasterId=,.\el_mauro_drone\26_04_17\cl_mlp_pao_if_ortho_26_04_17_estacion_intermedia.tif,cl_mlp_pao_if_ortho_26_04_17_estacion_intermedia.tif,cl_mlp_pao_if_ortho_26_04_17_estacion_intermedia,.\el_mauro_drone\26_04_17\cl_mlp_pao_if_ortho_26_04_17_estacion_intermedia.tif,cl_mlp_pao_if_ortho_26_04_17_estacion_intermedia.tif,cl_mlp_pao_if_ortho_26_04_17_estacion_intermedia
788,URL,https://sig.aminerals.cl/imgdyn/rest/services/CL_MLP_PAO/CL_MLP_PAO_IF_Ortho_Geosupport/ImageServer/file?id=.\El_Mauro_Puerto_Punta_Chungo_Drone\26_03_21\CL_MLP_PAO_IF_Ortho_26_03_21_TORRE_E85_A_E_125.tif&rasterId=,.\el_mauro_puerto_punta_chungo_drone\26_03_21\cl_mlp_pao_if_ortho_26_03_21_torre_e85_a_e_125.tif,cl_mlp_pao_if_ortho_26_03_21_torre_e85_a_e_125.tif,cl_mlp_pao_if_ortho_26_03_21_torre_e85_a_e_125,.\el_mauro_puerto_punta_chungo_drone\26_03_21\cl_mlp_pao_if_ortho_26_03_21_torre_e85_a_e_125.tif,cl_mlp_pao_if_ortho_26_03_21_torre_e85_a_e_125.tif,cl_mlp_pao_if_ortho_26_03_21_torre_e85_a_e_125
789,URL,https://sig.aminerals.cl/imgdyn/rest/services/CL_MLP_PAO/CL_MLP_PAO_IF_Ortho_Geosupport/ImageServer/file?id=.\El_Mauro_Puerto_Punta_Chungo_Drone\26_04_29\CL_MLP_PAO_IF_Ortho_26_04_29_TORRE_E85_A_E_125.tif&rasterId=,.\el_mauro_puerto_punta_chungo_drone\26_04_29\cl_mlp_pao_if_ortho_26_04_29_torre_e85_a_e_125.tif,cl_mlp_pao_if_ortho_26_04_29_torre_e85_a_e_125.tif,cl_mlp_pao_if_ortho_26_04_29_torre_e85_a_e_125,.\el_mauro_puerto_punta_chungo_drone\26_04_29\cl_mlp_pao_if_ortho_26_04_29_torre_e85_a_e_125.tif,cl_mlp_pao_if_ortho_26_04_29_torre_e85_a_e_125.tif,cl_mlp_pao_if_ortho_26_04_29_torre_e85_a_e_125
790,URL,https://sig.aminerals.cl/imgdyn/rest/services/CL_MLP_PAO/CL_MLP_PAO_IF_Ortho_Geosupport/ImageServer/file?id=.\El_Mauro_Puerto_Punta_Chungo_Drone\26_04\CL_MLP_PAO_IF_Ortho_26_04_12_TORRE_E85_A_E_125.tif&rasterId=,.\el_mauro_puerto_punta_chungo_drone\26_04\cl_mlp_pao_if_ortho_26_04_12_torre_e85_a_e_125.tif,cl_mlp_pao_if_ortho_26_04_12_torre_e85_a_e_125.tif,cl_mlp_pao_if_ortho_26_04_12_torre_e85_a_e_125,.\el_mauro_puerto_punta_chungo_drone\26_04\cl_mlp_pao_if_ortho_26_04_12_torre_e85_a_e_125.tif,cl_mlp_pao_if_ortho_26_04_12_torre_e85_a_e_125.tif,cl_mlp_pao_if_ortho_26_04_12_torre_e85_a_e_125
791,URL,https://sig.aminerals.cl/imgdyn/rest/services/CL_MLP_PAO/CL_MLP_PAO_IF_Ortho_Geosupport/ImageServer/file?id=.\El_Mauro_Puerto_Punta_Chungo_Drone\26_04_25\CL_MLP_PAO_IF_Ortho_26_04_25_TORRE_E85_A_E_125.tif&rasterId=,.\el_mauro_puerto_punta_chungo_drone\26_04_25\cl_mlp_pao_if_ortho_26_04_25_torre_e85_a_e_125.tif,cl_mlp_pao_if_ortho_26_04_25_torre_e85_a_e_125.tif,cl_mlp_pao_if_ortho_26_04_25_torre_e85_a_e_125,.\el_mauro_puerto_punta_chungo_drone\26_04_25\cl_mlp_pao_if_ortho_26_04_25_torre_e85_a_e_125.tif,cl_mlp_pao_if_ortho_26_04_25_torre_e85_a_e_125.tif,cl_mlp_pao_if_ortho_26_04_25_torre_e85_a_e_125
792,URL,https://sig.aminerals.cl/imgdyn/rest/services/CL_MLP_PAO/CL_MLP_PAO_IF_Ortho_Geosupport/ImageServer/file?id=.\El_Mauro_Drone\26_03_20\CL_MLP_PAO_IF_Ortho_26_03_20_Subestacion-El-Mauro.tif&rasterId=,.\el_mauro_drone\26_03_20\cl_mlp_pao_if_ortho_26_03_20_subestacion-el-mauro.tif,cl_mlp_pao_if_ortho_26_03_20_subestacion-el-mauro.tif,cl_mlp_pao_if_ortho_26_03_20_subestacion-el-mauro,.\el_mauro_drone\26_03_20\cl_mlp_pao_if_ortho_26_03_20_subestacion-el-mauro.tif,cl_mlp_pao_if_ortho_26_03_20_subestacion-el-mauro.tif,cl_mlp_pao_if_ortho_26_03_20_subestacion-el-mauro
793,URL,https://sig.aminerals.cl/imgdyn/rest/services/CL_MLP_PAO/CL_MLP_PAO_IF_Ortho_Geosupport/ImageServer/file?id=.\El_Mauro_Drone\26_01_14\CL_MLP_PAO_IF_Ortho_26_01_14_Linea-33-kV-NorteElMauro-Area6.tif&rasterId=,.\el_mauro_drone\26_01_14\cl_mlp_pao_if_ortho_26_01_14_linea-33-kv-norteelmauro-area6.tif,cl_mlp_pao_if_ortho_26_01_14_linea-33-kv-norteelmauro-area6.tif,cl_mlp_pao_if_ortho_26_01_14_linea-33-kv-norteelmauro-area6,.\el_mauro_drone\26_01_14\cl_mlp_pao_if_ortho_26_01_14_linea-33-kv-norteelmauro-area6.tif,cl_mlp_pao_if_ortho_26_01_14_linea-33-kv-norteelmauro-area6.tif,cl_mlp_pao_if_ortho_26_01_14_linea-33-kv-norteelmauro-area6
794,URL,https://sig.aminerals.cl/imgdyn/rest/services/CL_MLP_PAO/CL_MLP_PAO_IF_Ortho_Geosupport/ImageServer/file?id=.\El_Mauro_Drone\26_01_14\CL_MLP_PAO_IF_Ortho_26_01_14_Linea-33-kV-NorteElMauro-Area7.tif&rasterId=,.\el_mauro_drone\26_01_14\cl_mlp_pao_if_ortho_26_01_14_linea-33-kv-norteelmauro-area7.tif,cl_mlp_pao_if_ortho_26_01_14_linea-33-kv-norteelmauro-area7.tif,cl_mlp_pao_if_ortho_26_01_14_linea-33-kv-norteelmauro-area7,.\el_mauro_drone\26_01_14\cl_mlp_pao_if_ortho_26_01_14_linea-33-kv-norteelmauro-area7.tif,cl_mlp_pao_if_ortho_26_01_14_linea-33-kv-norteelmauro-area7.tif,cl_mlp_pao_if_ortho_26_01_14_linea-33-kv-norteelmauro-area7
795,URL,https://sig.aminerals.cl/imgdyn/rest/services/CL_MLP_PAO/CL_MLP_PAO_IF_Ortho_Geosupport/ImageServer/file?id=.\El_Mauro_Drone\26_04\CL_MLP_PAO_IF_Ortho_26_04_05_Subestacion-El-Mauro.tif&rasterId=,.\el_mauro_drone\26_04\cl_mlp_pao_if_ortho_26_04_05_subestacion-el-mauro.tif,cl_mlp_pao_if_ortho_26_04_05_subestacion-el-mauro.tif,cl_mlp_pao_if_ortho_26_04_05_subestacion-el-mauro,.\el_mauro_drone\26_04\cl_mlp_pao_if_ortho_26_04_05_subestacion-el-mauro.tif,cl_mlp_pao_if_ortho_26_04_05_subestacion-el-mauro.tif,cl_mlp_pao_if_ortho_26_04_05_subestacion-el-mauro
796,URL,https://sig.aminerals.cl/imgdyn/rest/services/CL_MLP_PAO/CL_MLP_PAO_IF_Ortho_Geosupport/ImageServer/file?id=.\El_Mauro_Drone\26_02_12\CL_MLP_PAO_IF_Ortho_26_02_12_EM4.tif&rasterId=,.\el_mauro_drone\26_02_12\cl_mlp_pao_if_ortho_26_02_12_em4.tif,cl_mlp_pao_if_ortho_26_02_12_em4.tif,cl_mlp_pao_if_ortho_26_02_12_em4,.\el_mauro_drone\26_02_12\cl_mlp_pao_if_ortho_26_02_12_em4.tif,cl_mlp_pao_if_ortho_26_02_12_em4.tif,cl_mlp_pao_if_ortho_26_02_12_em4
797,URL,https://sig.aminerals.cl/imgdyn/rest/services/CL_MLP_PAO/CL_MLP_PAO_IF_Ortho_Geosupport/ImageServer/file?id=.\El_Mauro_Drone\26_01_30\CL_MLP_PAO_IF_Ortho_26_01_30_Plataforma_Integrada_El_Mauro.tif&rasterId=,.\el_mauro_drone\26_01_30\cl_mlp_pao_if_ortho_26_01_30_plataforma_integrada_el_mauro.tif,cl_mlp_pao_if_ortho_26_01_30_plataforma_integrada_el_mauro.tif,cl_mlp_pao_if_ortho_26_01_30_plataforma_integrada_el_mauro,.\el_mauro_drone\26_01_30\cl_mlp_pao_if_ortho_26_01_30_plataforma_integrada_el_mauro.tif,cl_mlp_pao_if_ortho_26_01_30_plataforma_integrada_el_mauro.tif,cl_mlp_pao_if_ortho_26_01_30_plataforma_integrada_el_mauro
798,URL,https://sig.aminerals.cl/imgdyn/rest/services/CL_MLP_PAO/CL_MLP_PAO_IF_Ortho_Geosupport/ImageServer/file?id=.\El_Mauro_Drone\26_01_31\CL_MLP_PAO_IF_Ortho_26_01_31_Plataforma_Integrada_El_Mauro.tif&rasterId=,.\el_mauro_drone\26_01_31\cl_mlp_pao_if_ortho_26_01_31_plataforma_integrada_el_mauro.tif,cl_mlp_pao_if_ortho_26_01_31_plataforma_integrada_el_mauro.tif,cl_mlp_pao_if_ortho_26_01_31_plataforma_integrada_el_mauro,.\el_mauro_drone\26_01_31\cl_mlp_pao_if_ortho_26_01_31_plataforma_integrada_el_mauro.tif,cl_mlp_pao_if_ortho_26_01_31_plataforma_integrada_el_mauro.tif,cl_mlp_pao_if_ortho_26_01_31_plataforma_integrada_el_mauro
799,URL,https://sig.aminerals.cl/imgdyn/rest/services/CL_MLP_PAO/CL_MLP_PAO_IF_Ortho_Geosupport/ImageServer/file?id=.\El_Mauro_Drone\26_01_16\CL_MLP_PAO_IF_Ortho_26_01_16_Plataforma_Integrada_El_Mauro.tif&rasterId=,.\el_mauro_drone\26_01_16\cl_mlp_pao_if_ortho_26_01_16_plataforma_integrada_el_mauro.tif,cl_mlp_pao_if_ortho_26_01_16_plataforma_integrada_el_mauro.tif,cl_mlp_pao_if_ortho_26_01_16_plataforma_integrada_el_mauro,.\el_mauro_drone\26_01_16\cl_mlp_pao_if_ortho_26_01_16_plataforma_integrada_el_mauro.tif,cl_mlp_pao_if_ortho_26_01_16_plataforma_integrada_el_mauro.tif,cl_mlp_pao_if_ortho_26_01_16_plataforma_integrada_el_mauro
800,URL,https://sig.aminerals.cl/imgdyn/rest/services/CL_MLP_PAO/CL_MLP_PAO_IF_Ortho_Geosupport/ImageServer/file?id=.\El_Mauro_Puerto_Punta_Chungo_Drone\26_01_10\CL_MLP_PAO_IF_Ortho_26_01_10_MonteAranda-NSTC-Km-84p2-a-82p3.tiff&rasterId=,.\el_mauro_puerto_punta_chungo_drone\26_01_10\cl_mlp_pao_if_ortho_26_01_10_montearanda-nstc-km-84p2-a-82p3.tiff,cl_mlp_pao_if_ortho_26_01_10_montearanda-nstc-km-84p2-a-82p3.tiff,cl_mlp_pao_if_ortho_26_01_10_montearanda-nstc-km-84p2-a-82p3,.\el_mauro_puerto_punta_chungo_drone\26_01_10\cl_mlp_pao_if_ortho_26_01_10_montearanda-nstc-km-84p2-a-82p3.tiff,cl_mlp_pao_if_ortho_26_01_10_montearanda-nstc-km-84p2-a-82p3.tiff,cl_mlp_pao_if_ortho_26_01_10_montearanda-nstc-km-84p2-a-82p3
801,URL,https://sig.aminerals.cl/imgdyn/rest/services/CL_MLP_PAO/CL_MLP_PAO_IF_Ortho_Geosupport/ImageServer/file?id=.\El_Mauro_Puerto_Punta_Chungo_Drone\26_01_17\CL_MLP_PAO_IF_Ortho_26_01_17_MonteAranda-NSTC-Km-84p2-a-82p3.tif&rasterId=,.\el_mauro_puerto_punta_chungo_drone\26_01_17\cl_mlp_pao_if_ortho_26_01_17_montearanda-nstc-km-84p2-a-82p3.tif,cl_mlp_pao_if_ortho_26_01_17_montearanda-nstc-km-84p2-a-82p3.tif,cl_mlp_pao_if_ortho_26_01_17_montearanda-nstc-km-84p2-a-82p3,.\el_mauro_puerto_punta_chungo_drone\26_01_17\cl_mlp_pao_if_ortho_26_01_17_montearanda-nstc-km-84p2-a-82p3.tif,cl_mlp_pao_if_ortho_26_01_17_montearanda-nstc-km-84p2-a-82p3.tif,cl_mlp_pao_if_ortho_26_01_17_montearanda-nstc-km-84p2-a-82p3
802,URL,https://sig.aminerals.cl/imgdyn/rest/services/CL_MLP_PAO/CL_MLP_PAO_IF_Ortho_Geosupport/ImageServer/file?id=.\El_Mauro_Puerto_Punta_Chungo_Drone\26_01_21\CL_MLP_PAO_IF_Ortho_26_01_21_InstalacionesTipay.tif&rasterId=,.\el_mauro_puerto_punta_chungo_drone\26_01_21\cl_mlp_pao_if_ortho_26_01_21_instalacionestipay.tif,cl_mlp_pao_if_ortho_26_01_21_instalacionestipay.tif,cl_mlp_pao_if_ortho_26_01_21_instalacionestipay,.\el_mauro_puerto_punta_chungo_drone\26_01_21\cl_mlp_pao_if_ortho_26_01_21_instalacionestipay.tif,cl_mlp_pao_if_ortho_26_01_21_instalacionestipay.tif,cl_mlp_pao_if_ortho_26_01_21_instalacionestipay
803,URL,https://sig.aminerals.cl/imgdyn/rest/services/CL_MLP_PAO/CL_MLP_PAO_IF_Ortho_Geosupport/ImageServer/file?id=.\Chacay_El_Mauro_Drone\26_01_21\CL_MLP_PAO_IF_Ortho_26_01_21_DME9-PA12-IIFF8.tif&rasterId=,.\chacay_el_mauro_drone\26_01_21\cl_mlp_pao_if_ortho_26_01_21_dme9-pa12-iiff8.tif,cl_mlp_pao_if_ortho_26_01_21_dme9-pa12-iiff8.tif,cl_mlp_pao_if_ortho_26_01_21_dme9-pa12-iiff8,.\chacay_el_mauro_drone\26_01_21\cl_mlp_pao_if_ortho_26_01_21_dme9-pa12-iiff8.tif,cl_mlp_pao_if_ortho_26_01_21_dme9-pa12-iiff8.tif,cl_mlp_pao_if_ortho_26_01_21_dme9-pa12-iiff8
804,URL,https://sig.aminerals.cl/imgdyn/rest/services/CL_MLP_PAO/CL_MLP_PAO_IF_Ortho_Geosupport/ImageServer/file?id=.\Chacay_El_Mauro_Drone\26_02_04\CL_MLP_PAO_IF_Ortho_26_02_04_DME9_PA12_IIFF8.tif&rasterId=,.\chacay_el_mauro_drone\26_02_04\cl_mlp_pao_if_ortho_26_02_04_dme9_pa12_iiff8.tif,cl_mlp_pao_if_ortho_26_02_04_dme9_pa12_iiff8.tif,cl_mlp_pao_if_ortho_26_02_04_dme9_pa12_iiff8,.\chacay_el_mauro_drone\26_02_04\cl_mlp_pao_if_ortho_26_02_04_dme9_pa12_iiff8.tif,cl_mlp_pao_if_ortho_26_02_04_dme9_pa12_iiff8.tif,cl_mlp_pao_if_ortho_26_02_04_dme9_pa12_iiff8
805,URL,https://sig.aminerals.cl/imgdyn/rest/services/CL_MLP_PAO/CL_MLP_PAO_IF_Ortho_Geosupport/ImageServer/file?id=.\Chacay_El_Mauro_Drone\26_02_05\CL_MLP_PAO_IF_Ortho_26_02_05_33-kV-NSTC-Km-74p7-a-75p5.tif&rasterId=,.\chacay_el_mauro_drone\26_02_05\cl_mlp_pao_if_ortho_26_02_05_33-kv-nstc-km-74p7-a-75p5.tif,cl_mlp_pao_if_ortho_26_02_05_33-kv-nstc-km-74p7-a-75p5.tif,cl_mlp_pao_if_ortho_26_02_05_33-kv-nstc-km-74p7-a-75p5,.\chacay_el_mauro_drone\26_02_05\cl_mlp_pao_if_ortho_26_02_05_33-kv-nstc-km-74p7-a-75p5.tif,cl_mlp_pao_if_ortho_26_02_05_33-kv-nstc-km-74p7-a-75p5.tif,cl_mlp_pao_if_ortho_26_02_05_33-kv-nstc-km-74p7-a-75p5
806,URL,https://sig.aminerals.cl/imgdyn/rest/services/CL_MLP_PAO/CL_MLP_PAO_IF_Ortho_Geosupport/ImageServer/file?id=.\El_Mauro_Puerto_Punta_Chungo_Drone\26_01_31\CL_MLP_PAO_IF_Ortho_26_01_31_MonteAranda-NSTC-Km-84p2-a-82p3.tif&rasterId=,.\el_mauro_puerto_punta_chungo_drone\26_01_31\cl_mlp_pao_if_ortho_26_01_31_montearanda-nstc-km-84p2-a-82p3.tif,cl_mlp_pao_if_ortho_26_01_31_montearanda-nstc-km-84p2-a-82p3.tif,cl_mlp_pao_if_ortho_26_01_31_montearanda-nstc-km-84p2-a-82p3,.\el_mauro_puerto_punta_chungo_drone\26_01_31\cl_mlp_pao_if_ortho_26_01_31_montearanda-nstc-km-84p2-a-82p3.tif,cl_mlp_pao_if_ortho_26_01_31_montearanda-nstc-km-84p2-a-82p3.tif,cl_mlp_pao_if_ortho_26_01_31_montearanda-nstc-km-84p2-a-82p3
807,URL,https://sig.aminerals.cl/imgdyn/rest/services/CL_MLP_PAO/CL_MLP_PAO_IF_Ortho_Geosupport/ImageServer/file?id=.\El_Mauro_Drone\26_02_09\CL_MLP_PAO_IF_Ortho_26_02_09_EM4.tif&rasterId=,.\el_mauro_drone\26_02_09\cl_mlp_pao_if_ortho_26_02_09_em4.tif,cl_mlp_pao_if_ortho_26_02_09_em4.tif,cl_mlp_pao_if_ortho_26_02_09_em4,.\el_mauro_drone\26_02_09\cl_mlp_pao_if_ortho_26_02_09_em4.tif,cl_mlp_pao_if_ortho_26_02_09_em4.tif,cl_mlp_pao_if_ortho_26_02_09_em4
808,URL,https://sig.aminerals.cl/imgdyn/rest/services/CL_MLP_PAO/CL_MLP_PAO_IF_Ortho_Geosupport/ImageServer/file?id=.\El_Mauro_Puerto_Punta_Chungo_Drone\26_02_07\CL_MLP_PAO_IF_Ortho_26_02_07_MonteAranda-NSTC-Km-84p2-a-82p3.tif&rasterId=,.\el_mauro_puerto_punta_chungo_drone\26_02_07\cl_mlp_pao_if_ortho_26_02_07_montearanda-nstc-km-84p2-a-82p3.tif,cl_mlp_pao_if_ortho_26_02_07_montearanda-nstc-km-84p2-a-82p3.tif,cl_mlp_pao_if_ortho_26_02_07_montearanda-nstc-km-84p2-a-82p3,.\el_mauro_puerto_punta_chungo_drone\26_02_07\cl_mlp_pao_if_ortho_26_02_07_montearanda-nstc-km-84p2-a-82p3.tif,cl_mlp_pao_if_ortho_26_02_07_montearanda-nstc-km-84p2-a-82p3.tif,cl_mlp_pao_if_ortho_26_02_07_montearanda-nstc-km-84p2-a-82p3
809,URL,https://sig.aminerals.cl/imgdyn/rest/services/CL_MLP_PAO/CL_MLP_PAO_IF_Ortho_Geosupport/ImageServer/file?id=.\El_Mauro_Puerto_Punta_Chungo_Drone\26_02_11\CL_MLP_PAO_IF_Ortho_26_02_11_MonteAranda-NSTC-Km-84p2-a-82p3.tif&rasterId=,.\el_mauro_puerto_punta_chungo_drone\26_02_11\cl_mlp_pao_if_ortho_26_02_11_montearanda-nstc-km-84p2-a-82p3.tif,cl_mlp_pao_if_ortho_26_02_11_montearanda-nstc-km-84p2-a-82p3.tif,cl_mlp_pao_if_ortho_26_02_11_montearanda-nstc-km-84p2-a-82p3,.\el_mauro_puerto_punta_chungo_drone\26_02_11\cl_mlp_pao_if_ortho_26_02_11_montearanda-nstc-km-84p2-a-82p3.tif,cl_mlp_pao_if_ortho_26_02_11_montearanda-nstc-km-84p2-a-82p3.tif,cl_mlp_pao_if_ortho_26_02_11_montearanda-nstc-km-84p2-a-82p3
810,URL,https://sig.aminerals.cl/imgdyn/rest/services/CL_MLP_PAO/CL_MLP_PAO_IF_Ortho_Geosupport/ImageServer/file?id=.\Chacay_El_Mauro_Drone\26_02_13\CL_MLP_PAO_IF_Ortho_26_02_13_DME9_PA12_IIFF8_1.tif&rasterId=,.\chacay_el_mauro_drone\26_02_13\cl_mlp_pao_if_ortho_26_02_13_dme9_pa12_iiff8_1.tif,cl_mlp_pao_if_ortho_26_02_13_dme9_pa12_iiff8_1.tif,cl_mlp_pao_if_ortho_26_02_13_dme9_pa12_iiff8_1,.\chacay_el_mauro_drone\26_02_13\cl_mlp_pao_if_ortho_26_02_13_dme9_pa12_iiff8_1.tif,cl_mlp_pao_if_ortho_26_02_13_dme9_pa12_iiff8_1.tif,cl_mlp_pao_if_ortho_26_02_13_dme9_pa12_iiff8_1
811,URL,https://sig.aminerals.cl/imgdyn/rest/services/CL_MLP_PAO/CL_MLP_PAO_IF_Ortho_Geosupport/ImageServer/file?id=.\Chacay_Drone\26_02_26\CL_MLP_PAO_IF_Ortho_26_02_26_EM2.tif&rasterId=,.\chacay_drone\26_02_26\cl_mlp_pao_if_ortho_26_02_26_em2.tif,cl_mlp_pao_if_ortho_26_02_26_em2.tif,cl_mlp_pao_if_ortho_26_02_26_em2,.\chacay_drone\26_02_26\cl_mlp_pao_if_ortho_26_02_26_em2.tif,cl_mlp_pao_if_ortho_26_02_26_em2.tif,cl_mlp_pao_if_ortho_26_02_26_em2
812,URL,https://sig.aminerals.cl/imgdyn/rest/services/CL_MLP_PAO/CL_MLP_PAO_IF_Ortho_Geosupport/ImageServer/file?id=.\Chacay_El_Mauro_Drone\26_02_18\CL_MLP_PAO_IF_Ortho_26_02_18_DME9-PA12-IIFF8.tif&rasterId=,.\chacay_el_mauro_drone\26_02_18\cl_mlp_pao_if_ortho_26_02_18_dme9-pa12-iiff8.tif,cl_mlp_pao_if_ortho_26_02_18_dme9-pa12-iiff8.tif,cl_mlp_pao_if_ortho_26_02_18_dme9-pa12-iiff8,.\chacay_el_mauro_drone\26_02_18\cl_mlp_pao_if_ortho_26_02_18_dme9-pa12-iiff8.tif,cl_mlp_pao_if_ortho_26_02_18_dme9-pa12-iiff8.tif,cl_mlp_pao_if_ortho_26_02_18_dme9-pa12-iiff8
813,URL,https://sig.aminerals.cl/imgdyn/rest/services/CL_MLP_PAO/CL_MLP_PAO_IF_Ortho_Geosupport/ImageServer/file?id=.\El_Mauro_Puerto_Punta_Chungo_Drone\26_02_19\CL_MLP_PAO_IF_Ortho_26_02_19_MonteAranda-NSTC-Km-84p2-a-82p3.tif&rasterId=,.\el_mauro_puerto_punta_chungo_drone\26_02_19\cl_mlp_pao_if_ortho_26_02_19_montearanda-nstc-km-84p2-a-82p3.tif,cl_mlp_pao_if_ortho_26_02_19_montearanda-nstc-km-84p2-a-82p3.tif,cl_mlp_pao_if_ortho_26_02_19_montearanda-nstc-km-84p2-a-82p3,.\el_mauro_puerto_punta_chungo_drone\26_02_19\cl_mlp_pao_if_ortho_26_02_19_montearanda-nstc-km-84p2-a-82p3.tif,cl_mlp_pao_if_ortho_26_02_19_montearanda-nstc-km-84p2-a-82p3.tif,cl_mlp_pao_if_ortho_26_02_19_montearanda-nstc-km-84p2-a-82p3
814,URL,https://sig.aminerals.cl/imgdyn/rest/services/CL_MLP_PAO/CL_MLP_PAO_IF_Ortho_Geosupport/ImageServer/file?id=.\El_Mauro_Puerto_Punta_Chungo_Drone\26_02_25\CL_MLP_PAO_IF_Ortho_26_02_25_MonteAranda-NSTC-Km-84p2-a-82p3.tif&rasterId=,.\el_mauro_puerto_punta_chungo_drone\26_02_25\cl_mlp_pao_if_ortho_26_02_25_montearanda-nstc-km-84p2-a-82p3.tif,cl_mlp_pao_if_ortho_26_02_25_montearanda-nstc-km-84p2-a-82p3.tif,cl_mlp_pao_if_ortho_26_02_25_montearanda-nstc-km-84p2-a-82p3,.\el_mauro_puerto_punta_chungo_drone\26_02_25\cl_mlp_pao_if_ortho_26_02_25_montearanda-nstc-km-84p2-a-82p3.tif,cl_mlp_pao_if_ortho_26_02_25_montearanda-nstc-km-84p2-a-82p3.tif,cl_mlp_pao_if_ortho_26_02_25_montearanda-nstc-km-84p2-a-82p3
815,URL,https://sig.aminerals.cl/imgdyn/rest/services/CL_MLP_PAO/CL_MLP_PAO_IF_Ortho_Geosupport/ImageServer/file?id=.\El_Mauro_Drone\26_02_20\CL_MLP_PAO_IF_Ortho_26_02_20_EM4.tif&rasterId=,.\el_mauro_drone\26_02_20\cl_mlp_pao_if_ortho_26_02_20_em4.tif,cl_mlp_pao_if_ortho_26_02_20_em4.tif,cl_mlp_pao_if_ortho_26_02_20_em4,.\el_mauro_drone\26_02_20\cl_mlp_pao_if_ortho_26_02_20_em4.tif,cl_mlp_pao_if_ortho_26_02_20_em4.tif,cl_mlp_pao_if_ortho_26_02_20_em4
816,URL,https://sig.aminerals.cl/imgdyn/rest/services/CL_MLP_PAO/CL_MLP_PAO_IF_Ortho_Geosupport/ImageServer/file?id=.\Chacay_El_Mauro_Drone\26_03_04\CL_MLP_PAO_IF_Ortho_26_03_04_DME9-PA12-IIFF8.tif&rasterId=,.\chacay_el_mauro_drone\26_03_04\cl_mlp_pao_if_ortho_26_03_04_dme9-pa12-iiff8.tif,cl_mlp_pao_if_ortho_26_03_04_dme9-pa12-iiff8.tif,cl_mlp_pao_if_ortho_26_03_04_dme9-pa12-iiff8,.\chacay_el_mauro_drone\26_03_04\cl_mlp_pao_if_ortho_26_03_04_dme9-pa12-iiff8.tif,cl_mlp_pao_if_ortho_26_03_04_dme9-pa12-iiff8.tif,cl_mlp_pao_if_ortho_26_03_04_dme9-pa12-iiff8
817,URL,https://sig.aminerals.cl/imgdyn/rest/services/CL_MLP_PAO/CL_MLP_PAO_IF_Ortho_Geosupport/ImageServer/file?id=.\Chacay_El_Mauro_Drone\26_03_14\CL_MLP_PAO_IF_Ortho_26_03_14_EM2.tif&rasterId=,.\chacay_el_mauro_drone\26_03_14\cl_mlp_pao_if_ortho_26_03_14_em2.tif,cl_mlp_pao_if_ortho_26_03_14_em2.tif,cl_mlp_pao_if_ortho_26_03_14_em2,.\chacay_el_mauro_drone\26_03_14\cl_mlp_pao_if_ortho_26_03_14_em2.tif,cl_mlp_pao_if_ortho_26_03_14_em2.tif,cl_mlp_pao_if_ortho_26_03_14_em2
818,URL,https://sig.aminerals.cl/imgdyn/rest/services/CL_MLP_PAO/CL_MLP_PAO_IF_Ortho_Geosupport/ImageServer/file?id=.\El_Mauro_Drone\26_03_06\CL_MLP_PAO_IF_Ortho_26_03_06_TORRES_E48_A_E84_PV4.tif&rasterId=,.\el_mauro_drone\26_03_06\cl_mlp_pao_if_ortho_26_03_06_torres_e48_a_e84_pv4.tif,cl_mlp_pao_if_ortho_26_03_06_torres_e48_a_e84_pv4.tif,cl_mlp_pao_if_ortho_26_03_06_torres_e48_a_e84_pv4,.\el_mauro_drone\26_03_06\cl_mlp_pao_if_ortho_26_03_06_torres_e48_a_e84_pv4.tif,cl_mlp_pao_if_ortho_26_03_06_torres_e48_a_e84_pv4.tif,cl_mlp_pao_if_ortho_26_03_06_torres_e48_a_e84_pv4
819,URL,https://sig.aminerals.cl/imgdyn/rest/services/CL_MLP_PAO/CL_MLP_PAO_IF_Ortho_Geosupport/ImageServer/file?id=.\El_Mauro_Drone\26_03_07\CL_MLP_PAO_IF_Ortho_26_03_07_Subestacion-El-Mauro.tif&rasterId=,.\el_mauro_drone\26_03_07\cl_mlp_pao_if_ortho_26_03_07_subestacion-el-mauro.tif,cl_mlp_pao_if_ortho_26_03_07_subestacion-el-mauro.tif,cl_mlp_pao_if_ortho_26_03_07_subestacion-el-mauro,.\el_mauro_drone\26_03_07\cl_mlp_pao_if_ortho_26_03_07_subestacion-el-mauro.tif,cl_mlp_pao_if_ortho_26_03_07_subestacion-el-mauro.tif,cl_mlp_pao_if_ortho_26_03_07_subestacion-el-mauro
820,URL,https://sig.aminerals.cl/imgdyn/rest/services/CL_MLP_PAO/CL_MLP_PAO_IF_Ortho_Geosupport/ImageServer/file?id=.\El_Mauro_Drone\26_03_11\CL_MLP_PAO_IF_Ortho_26_03_11_TORRES_E035_E048.tif&rasterId=,.\el_mauro_drone\26_03_11\cl_mlp_pao_if_ortho_26_03_11_torres_e035_e048.tif,cl_mlp_pao_if_ortho_26_03_11_torres_e035_e048.tif,cl_mlp_pao_if_ortho_26_03_11_torres_e035_e048,.\el_mauro_drone\26_03_11\cl_mlp_pao_if_ortho_26_03_11_torres_e035_e048.tif,cl_mlp_pao_if_ortho_26_03_11_torres_e035_e048.tif,cl_mlp_pao_if_ortho_26_03_11_torres_e035_e048
821,URL,https://sig.aminerals.cl/imgdyn/rest/services/CL_MLP_PAO/CL_MLP_PAO_IF_Ortho_Geosupport/ImageServer/file?id=.\El_Mauro_Puerto_Punta_Chungo_Drone\26_03_08\CL_MLP_PAO_IF_Ortho_26_03_08_MonteAranda-NSTC-Km-84p2-a-82p3.tif&rasterId=,.\el_mauro_puerto_punta_chungo_drone\26_03_08\cl_mlp_pao_if_ortho_26_03_08_montearanda-nstc-km-84p2-a-82p3.tif,cl_mlp_pao_if_ortho_26_03_08_montearanda-nstc-km-84p2-a-82p3.tif,cl_mlp_pao_if_ortho_26_03_08_montearanda-nstc-km-84p2-a-82p3,.\el_mauro_puerto_punta_chungo_drone\26_03_08\cl_mlp_pao_if_ortho_26_03_08_montearanda-nstc-km-84p2-a-82p3.tif,cl_mlp_pao_if_ortho_26_03_08_montearanda-nstc-km-84p2-a-82p3.tif,cl_mlp_pao_if_ortho_26_03_08_montearanda-nstc-km-84p2-a-82p3
822,URL,https://sig.aminerals.cl/imgdyn/rest/services/CL_MLP_PAO/CL_MLP_PAO_IF_Ortho_Geosupport/ImageServer/file?id=.\El_Mauro_Puerto_Punta_Chungo_Drone\26_03_13\CL_MLP_PAO_IF_Ortho_26_03_13_MonteAranda-NSTC-Km-84p2-a-82p3.tif&rasterId=,.\el_mauro_puerto_punta_chungo_drone\26_03_13\cl_mlp_pao_if_ortho_26_03_13_montearanda-nstc-km-84p2-a-82p3.tif,cl_mlp_pao_if_ortho_26_03_13_montearanda-nstc-km-84p2-a-82p3.tif,cl_mlp_pao_if_ortho_26_03_13_montearanda-nstc-km-84p2-a-82p3,.\el_mauro_puerto_punta_chungo_drone\26_03_13\cl_mlp_pao_if_ortho_26_03_13_montearanda-nstc-km-84p2-a-82p3.tif,cl_mlp_pao_if_ortho_26_03_13_montearanda-nstc-km-84p2-a-82p3.tif,cl_mlp_pao_if_ortho_26_03_13_montearanda-nstc-km-84p2-a-82p3
823,URL,https://sig.aminerals.cl/imgdyn/rest/services/CL_MLP_PAO/CL_MLP_PAO_IF_Ortho_Geosupport/ImageServer/file?id=.\Chacay_El_Mauro_Drone\26_03_18\CL_MLP_PAO_IF_Ortho_26_03_18_EM2.tif&rasterId=,.\chacay_el_mauro_drone\26_03_18\cl_mlp_pao_if_ortho_26_03_18_em2.tif,cl_mlp_pao_if_ortho_26_03_18_em2.tif,cl_mlp_pao_if_ortho_26_03_18_em2,.\chacay_el_mauro_drone\26_03_18\cl_mlp_pao_if_ortho_26_03_18_em2.tif,cl_mlp_pao_if_ortho_26_03_18_em2.tif,cl_mlp_pao_if_ortho_26_03_18_em2
824,URL,https://sig.aminerals.cl/imgdyn/rest/services/CL_MLP_PAO/CL_MLP_PAO_IF_Ortho_Geosupport/ImageServer/file?id=.\El_Mauro_Drone\26_03_21\CL_MLP_PAO_IF_Ortho_26_03_21_TORRES_E35_A_E48.tif&rasterId=,.\el_mauro_drone\26_03_21\cl_mlp_pao_if_ortho_26_03_21_torres_e35_a_e48.tif,cl_mlp_pao_if_ortho_26_03_21_torres_e35_a_e48.tif,cl_mlp_pao_if_ortho_26_03_21_torres_e35_a_e48,.\el_mauro_drone\26_03_21\cl_mlp_pao_if_ortho_26_03_21_torres_e35_a_e48.tif,cl_mlp_pao_if_ortho_26_03_21_torres_e35_a_e48.tif,cl_mlp_pao_if_ortho_26_03_21_torres_e35_a_e48
825,URL,https://sig.aminerals.cl/imgdyn/rest/services/CL_MLP_PAO/CL_MLP_PAO_IF_Ortho_Geosupport/ImageServer/file?id=.\El_Mauro_Drone\26_03_26\CL_MLP_PAO_IF_Ortho_26_03_26_Patio-19B-y-Armado.tif&rasterId=,.\el_mauro_drone\26_03_26\cl_mlp_pao_if_ortho_26_03_26_patio-19b-y-armado.tif,cl_mlp_pao_if_ortho_26_03_26_patio-19b-y-armado.tif,cl_mlp_pao_if_ortho_26_03_26_patio-19b-y-armado,.\el_mauro_drone\26_03_26\cl_mlp_pao_if_ortho_26_03_26_patio-19b-y-armado.tif,cl_mlp_pao_if_ortho_26_03_26_patio-19b-y-armado.tif,cl_mlp_pao_if_ortho_26_03_26_patio-19b-y-armado
826,URL,https://sig.aminerals.cl/imgdyn/rest/services/CL_MLP_PAO/CL_MLP_PAO_IF_Ortho_Geosupport/ImageServer/file?id=.\El_Mauro_Drone\26_03_28\CL_MLP_PAO_IF_Ortho_26_03_28_TORRES_E35_A_E48.tif&rasterId=,.\el_mauro_drone\26_03_28\cl_mlp_pao_if_ortho_26_03_28_torres_e35_a_e48.tif,cl_mlp_pao_if_ortho_26_03_28_torres_e35_a_e48.tif,cl_mlp_pao_if_ortho_26_03_28_torres_e35_a_e48,.\el_mauro_drone\26_03_28\cl_mlp_pao_if_ortho_26_03_28_torres_e35_a_e48.tif,cl_mlp_pao_if_ortho_26_03_28_torres_e35_a_e48.tif,cl_mlp_pao_if_ortho_26_03_28_torres_e35_a_e48
827,URL,https://sig.aminerals.cl/imgdyn/rest/services/CL_MLP_PAO/CL_MLP_PAO_IF_Ortho_Geosupport/ImageServer/file?id=.\El_Mauro_Puerto_Punta_Chungo_Drone\26_03_21\CL_MLP_PAO_IF_Ortho_26_03_21_TORRES_E48_A_E84_PV4.tif&rasterId=,.\el_mauro_puerto_punta_chungo_drone\26_03_21\cl_mlp_pao_if_ortho_26_03_21_torres_e48_a_e84_pv4.tif,cl_mlp_pao_if_ortho_26_03_21_torres_e48_a_e84_pv4.tif,cl_mlp_pao_if_ortho_26_03_21_torres_e48_a_e84_pv4,.\el_mauro_puerto_punta_chungo_drone\26_03_21\cl_mlp_pao_if_ortho_26_03_21_torres_e48_a_e84_pv4.tif,cl_mlp_pao_if_ortho_26_03_21_torres_e48_a_e84_pv4.tif,cl_mlp_pao_if_ortho_26_03_21_torres_e48_a_e84_pv4
828,URL,https://sig.aminerals.cl/imgdyn/rest/services/CL_MLP_PAO/CL_MLP_PAO_IF_Ortho_Geosupport/ImageServer/file?id=.\El_Mauro_Puerto_Punta_Chungo_Drone\26_03_26\CL_MLP_PAO_IF_Ortho_26_03_26_TORRES_E48_A_E84_PV4.tif&rasterId=,.\el_mauro_puerto_punta_chungo_drone\26_03_26\cl_mlp_pao_if_ortho_26_03_26_torres_e48_a_e84_pv4.tif,cl_mlp_pao_if_ortho_26_03_26_torres_e48_a_e84_pv4.tif,cl_mlp_pao_if_ortho_26_03_26_torres_e48_a_e84_pv4,.\el_mauro_puerto_punta_chungo_drone\26_03_26\cl_mlp_pao_if_ortho_26_03_26_torres_e48_a_e84_pv4.tif,cl_mlp_pao_if_ortho_26_03_26_torres_e48_a_e84_pv4.tif,cl_mlp_pao_if_ortho_26_03_26_torres_e48_a_e84_pv4
829,URL,https://sig.aminerals.cl/imgdyn/rest/services/CL_MLP_PAO/CL_MLP_PAO_IF_Ortho_Geosupport/ImageServer/file?id=.\El_Mauro_Drone\26_03_27\CL_MLP_PAO_IF_Ortho_26_03_27_Estacion_Intermedia.tif&rasterId=,.\el_mauro_drone\26_03_27\cl_mlp_pao_if_ortho_26_03_27_estacion_intermedia.tif,cl_mlp_pao_if_ortho_26_03_27_estacion_intermedia.tif,cl_mlp_pao_if_ortho_26_03_27_estacion_intermedia,.\el_mauro_drone\26_03_27\cl_mlp_pao_if_ortho_26_03_27_estacion_intermedia.tif,cl_mlp_pao_if_ortho_26_03_27_estacion_intermedia.tif,cl_mlp_pao_if_ortho_26_03_27_estacion_intermedia
830,URL,https://sig.aminerals.cl/imgdyn/rest/services/CL_MLP_PAO/CL_MLP_PAO_IF_Ortho_Geosupport/ImageServer/file?id=.\El_Mauro_Drone\25_12_19\CL_MLP_PAO_IF_Ortho_25_12_19_Plataforma_Integrada_El_Mauro.tif&rasterId=,.\el_mauro_drone\25_12_19\cl_mlp_pao_if_ortho_25_12_19_plataforma_integrada_el_mauro.tif,cl_mlp_pao_if_ortho_25_12_19_plataforma_integrada_el_mauro.tif,cl_mlp_pao_if_ortho_25_12_19_plataforma_integrada_el_mauro,.\el_mauro_drone\25_12_19\cl_mlp_pao_if_ortho_25_12_19_plataforma_integrada_el_mauro.tif,cl_mlp_pao_if_ortho_25_12_19_plataforma_integrada_el_mauro.tif,cl_mlp_pao_if_ortho_25_12_19_plataforma_integrada_el_mauro
831,URL,https://sig.aminerals.cl/imgdyn/rest/services/CL_MLP_PAO/CL_MLP_PAO_IF_Ortho_Geosupport/ImageServer/file?id=.\El_Mauro_Drone\25_12_26\CL_MLP_PAO_IF_Ortho_25_12_26_Plataforma_Integrada_El_Mauro.tif&rasterId=,.\el_mauro_drone\25_12_26\cl_mlp_pao_if_ortho_25_12_26_plataforma_integrada_el_mauro.tif,cl_mlp_pao_if_ortho_25_12_26_plataforma_integrada_el_mauro.tif,cl_mlp_pao_if_ortho_25_12_26_plataforma_integrada_el_mauro,.\el_mauro_drone\25_12_26\cl_mlp_pao_if_ortho_25_12_26_plataforma_integrada_el_mauro.tif,cl_mlp_pao_if_ortho_25_12_26_plataforma_integrada_el_mauro.tif,cl_mlp_pao_if_ortho_25_12_26_plataforma_integrada_el_mauro
832,URL,https://sig.aminerals.cl/imgdyn/rest/services/CL_MLP_PAO/CL_MLP_PAO_IF_Ortho_Geosupport/ImageServer/file?id=.\El_Mauro_Drone\26_01_02\CL_MLP_PAO_IF_Ortho_26_01_02_Plataforma_Integrada_El_Mauro.tif&rasterId=,.\el_mauro_drone\26_01_02\cl_mlp_pao_if_ortho_26_01_02_plataforma_integrada_el_mauro.tif,cl_mlp_pao_if_ortho_26_01_02_plataforma_integrada_el_mauro.tif,cl_mlp_pao_if_ortho_26_01_02_plataforma_integrada_el_mauro,.\el_mauro_drone\26_01_02\cl_mlp_pao_if_ortho_26_01_02_plataforma_integrada_el_mauro.tif,cl_mlp_pao_if_ortho_26_01_02_plataforma_integrada_el_mauro.tif,cl_mlp_pao_if_ortho_26_01_02_plataforma_integrada_el_mauro
833,URL,https://sig.aminerals.cl/imgdyn/rest/services/CL_MLP_PAO/CL_MLP_PAO_IF_Ortho_Geosupport/ImageServer/file?id=.\El_Mauro_Drone\26_01_08\CL_MLP_PAO_IF_Ortho_26_01_08_TORRES_E31_A_E48_PV4.tiff&rasterId=,.\el_mauro_drone\26_01_08\cl_mlp_pao_if_ortho_26_01_08_torres_e31_a_e48_pv4.tiff,cl_mlp_pao_if_ortho_26_01_08_torres_e31_a_e48_pv4.tiff,cl_mlp_pao_if_ortho_26_01_08_torres_e31_a_e48_pv4,.\el_mauro_drone\26_01_08\cl_mlp_pao_if_ortho_26_01_08_torres_e31_a_e48_pv4.tiff,cl_mlp_pao_if_ortho_26_01_08_torres_e31_a_e48_pv4.tiff,cl_mlp_pao_if_ortho_26_01_08_torres_e31_a_e48_pv4
834,URL,https://sig.aminerals.cl/imgdyn/rest/services/CL_MLP_PAO/CL_MLP_PAO_IF_Ortho_Geosupport/ImageServer/file?id=.\El_Mauro_Drone\26_01_09\CL_MLP_PAO_IF_Ortho_26_01_09_Plataforma_Integrada_El_Mauro.tif&rasterId=,.\el_mauro_drone\26_01_09\cl_mlp_pao_if_ortho_26_01_09_plataforma_integrada_el_mauro.tif,cl_mlp_pao_if_ortho_26_01_09_plataforma_integrada_el_mauro.tif,cl_mlp_pao_if_ortho_26_01_09_plataforma_integrada_el_mauro,.\el_mauro_drone\26_01_09\cl_mlp_pao_if_ortho_26_01_09_plataforma_integrada_el_mauro.tif,cl_mlp_pao_if_ortho_26_01_09_plataforma_integrada_el_mauro.tif,cl_mlp_pao_if_ortho_26_01_09_plataforma_integrada_el_mauro
835,URL,https://sig.aminerals.cl/imgdyn/rest/services/CL_MLP_PAO/CL_MLP_PAO_IF_Ortho_Geosupport/ImageServer/file?id=.\El_Mauro_Puerto_Punta_Chungo_Drone\26_02_06\CL_MLP_PAO_IF_Ortho_26_02_06_TORRE_E48_A_E84_PV4.tif&rasterId=,.\el_mauro_puerto_punta_chungo_drone\26_02_06\cl_mlp_pao_if_ortho_26_02_06_torre_e48_a_e84_pv4.tif,cl_mlp_pao_if_ortho_26_02_06_torre_e48_a_e84_pv4.tif,cl_mlp_pao_if_ortho_26_02_06_torre_e48_a_e84_pv4,.\el_mauro_puerto_punta_chungo_drone\26_02_06\cl_mlp_pao_if_ortho_26_02_06_torre_e48_a_e84_pv4.tif,cl_mlp_pao_if_ortho_26_02_06_torre_e48_a_e84_pv4.tif,cl_mlp_pao_if_ortho_26_02_06_torre_e48_a_e84_pv4
836,URL,https://sig.aminerals.cl/imgdyn/rest/services/CL_MLP_PAO/CL_MLP_PAO_IF_Ortho_Geosupport/ImageServer/file?id=.\El_Mauro_Drone\26_02_07\CL_MLP_PAO_IF_Ortho_26_02_07_Plataforma_Integrada_El_Mauro.tif&rasterId=,.\el_mauro_drone\26_02_07\cl_mlp_pao_if_ortho_26_02_07_plataforma_integrada_el_mauro.tif,cl_mlp_pao_if_ortho_26_02_07_plataforma_integrada_el_mauro.tif,cl_mlp_pao_if_ortho_26_02_07_plataforma_integrada_el_mauro,.\el_mauro_drone\26_02_07\cl_mlp_pao_if_ortho_26_02_07_plataforma_integrada_el_mauro.tif,cl_mlp_pao_if_ortho_26_02_07_plataforma_integrada_el_mauro.tif,cl_mlp_pao_if_ortho_26_02_07_plataforma_integrada_el_mauro
837,URL,https://sig.aminerals.cl/imgdyn/rest/services/CL_MLP_PAO/CL_MLP_PAO_IF_Ortho_Geosupport/ImageServer/file?id=.\El_Mauro_Drone\26_02_09\CL_MLP_PAO_IF_Ortho_26_02_09_EM4_PR2.tif&rasterId=,.\el_mauro_drone\26_02_09\cl_mlp_pao_if_ortho_26_02_09_em4_pr2.tif,cl_mlp_pao_if_ortho_26_02_09_em4_pr2.tif,cl_mlp_pao_if_ortho_26_02_09_em4_pr2,.\el_mauro_drone\26_02_09\cl_mlp_pao_if_ortho_26_02_09_em4_pr2.tif,cl_mlp_pao_if_ortho_26_02_09_em4_pr2.tif,cl_mlp_pao_if_ortho_26_02_09_em4_pr2
838,URL,https://sig.aminerals.cl/imgdyn/rest/services/CL_MLP_PAO/CL_MLP_PAO_IF_Ortho_Geosupport/ImageServer/file?id=.\El_Mauro_Drone\26_02_13\CL_MLP_PAO_IF_Ortho_26_02_13_Plataforma_Integrada_El_Mauro.tif&rasterId=,.\el_mauro_drone\26_02_13\cl_mlp_pao_if_ortho_26_02_13_plataforma_integrada_el_mauro.tif,cl_mlp_pao_if_ortho_26_02_13_plataforma_integrada_el_mauro.tif,cl_mlp_pao_if_ortho_26_02_13_plataforma_integrada_el_mauro,.\el_mauro_drone\26_02_13\cl_mlp_pao_if_ortho_26_02_13_plataforma_integrada_el_mauro.tif,cl_mlp_pao_if_ortho_26_02_13_plataforma_integrada_el_mauro.tif,cl_mlp_pao_if_ortho_26_02_13_plataforma_integrada_el_mauro
839,URL,https://sig.aminerals.cl/imgdyn/rest/services/CL_MLP_PAO/CL_MLP_PAO_IF_Ortho_Geosupport/ImageServer/file?id=.\El_Mauro_Drone\26_02_14\CL_MLP_PAO_IF_Ortho_26_02_14_TORRES_E31_A_E48_PV4.tif&rasterId=,.\el_mauro_drone\26_02_14\cl_mlp_pao_if_ortho_26_02_14_torres_e31_a_e48_pv4.tif,cl_mlp_pao_if_ortho_26_02_14_torres_e31_a_e48_pv4.tif,cl_mlp_pao_if_ortho_26_02_14_torres_e31_a_e48_pv4,.\el_mauro_drone\26_02_14\cl_mlp_pao_if_ortho_26_02_14_torres_e31_a_e48_pv4.tif,cl_mlp_pao_if_ortho_26_02_14_torres_e31_a_e48_pv4.tif,cl_mlp_pao_if_ortho_26_02_14_torres_e31_a_e48_pv4
840,URL,https://sig.aminerals.cl/imgdyn/rest/services/CL_MLP_PAO/CL_MLP_PAO_IF_Ortho_Geosupport/ImageServer/file?id=.\El_Mauro_Drone\26_02_18\CL_MLP_PAO_IF_Ortho_26_02_18_TORRES_E48_A_E84_PV4.tif&rasterId=,.\el_mauro_drone\26_02_18\cl_mlp_pao_if_ortho_26_02_18_torres_e48_a_e84_pv4.tif,cl_mlp_pao_if_ortho_26_02_18_torres_e48_a_e84_pv4.tif,cl_mlp_pao_if_ortho_26_02_18_torres_e48_a_e84_pv4,.\el_mauro_drone\26_02_18\cl_mlp_pao_if_ortho_26_02_18_torres_e48_a_e84_pv4.tif,cl_mlp_pao_if_ortho_26_02_18_torres_e48_a_e84_pv4.tif,cl_mlp_pao_if_ortho_26_02_18_torres_e48_a_e84_pv4
841,URL,https://sig.aminerals.cl/imgdyn/rest/services/CL_MLP_PAO/CL_MLP_PAO_IF_Ortho_Geosupport/ImageServer/file?id=.\El_Mauro_Drone\26_02_20\CL_MLP_PAO_IF_Ortho_26_02_20_EM4_PR2.tif&rasterId=,.\el_mauro_drone\26_02_20\cl_mlp_pao_if_ortho_26_02_20_em4_pr2.tif,cl_mlp_pao_if_ortho_26_02_20_em4_pr2.tif,cl_mlp_pao_if_ortho_26_02_20_em4_pr2,.\el_mauro_drone\26_02_20\cl_mlp_pao_if_ortho_26_02_20_em4_pr2.tif,cl_mlp_pao_if_ortho_26_02_20_em4_pr2.tif,cl_mlp_pao_if_ortho_26_02_20_em4_pr2
842,URL,https://sig.aminerals.cl/imgdyn/rest/services/CL_MLP_PAO/CL_MLP_PAO_IF_Ortho_Geosupport/ImageServer/file?id=.\El_Mauro_Drone\26_02_20\CL_MLP_PAO_IF_Ortho_26_02_20_Plataforma_Integrada_El_Mauro.tif&rasterId=,.\el_mauro_drone\26_02_20\cl_mlp_pao_if_ortho_26_02_20_plataforma_integrada_el_mauro.tif,cl_mlp_pao_if_ortho_26_02_20_plataforma_integrada_el_mauro.tif,cl_mlp_pao_if_ortho_26_02_20_plataforma_integrada_el_mauro,.\el_mauro_drone\26_02_20\cl_mlp_pao_if_ortho_26_02_20_plataforma_integrada_el_mauro.tif,cl_mlp_pao_if_ortho_26_02_20_plataforma_integrada_el_mauro.tif,cl_mlp_pao_if_ortho_26_02_20_plataforma_integrada_el_mauro
843,URL,https://sig.aminerals.cl/imgdyn/rest/services/CL_MLP_PAO/CL_MLP_PAO_IF_Ortho_Geosupport/ImageServer/file?id=.\El_Mauro_Drone\26_02_22\CL_MLP_PAO_IF_Ortho_26_02_22_TORRES_E31_A_E48_PV4.tif&rasterId=,.\el_mauro_drone\26_02_22\cl_mlp_pao_if_ortho_26_02_22_torres_e31_a_e48_pv4.tif,cl_mlp_pao_if_ortho_26_02_22_torres_e31_a_e48_pv4.tif,cl_mlp_pao_if_ortho_26_02_22_torres_e31_a_e48_pv4,.\el_mauro_drone\26_02_22\cl_mlp_pao_if_ortho_26_02_22_torres_e31_a_e48_pv4.tif,cl_mlp_pao_if_ortho_26_02_22_torres_e31_a_e48_pv4.tif,cl_mlp_pao_if_ortho_26_02_22_torres_e31_a_e48_pv4
844,URL,https://sig.aminerals.cl/imgdyn/rest/services/CL_MLP_PAO/CL_MLP_PAO_IF_Ortho_Geosupport/ImageServer/file?id=.\El_Mauro_Drone\26_02_27\CL_MLP_PAO_IF_Ortho_26_02_27_Plataforma_Integrada_El_Mauro.tif&rasterId=,.\el_mauro_drone\26_02_27\cl_mlp_pao_if_ortho_26_02_27_plataforma_integrada_el_mauro.tif,cl_mlp_pao_if_ortho_26_02_27_plataforma_integrada_el_mauro.tif,cl_mlp_pao_if_ortho_26_02_27_plataforma_integrada_el_mauro,.\el_mauro_drone\26_02_27\cl_mlp_pao_if_ortho_26_02_27_plataforma_integrada_el_mauro.tif,cl_mlp_pao_if_ortho_26_02_27_plataforma_integrada_el_mauro.tif,cl_mlp_pao_if_ortho_26_02_27_plataforma_integrada_el_mauro
845,URL,https://sig.aminerals.cl/imgdyn/rest/services/CL_MLP_PAO/CL_MLP_PAO_IF_Ortho_Geosupport/ImageServer/file?id=.\El_Mauro_Drone\26_02_28\CL_MLP_PAO_IF_Ortho_26_02_28_TORRES_E35_A_E48.tif&rasterId=,.\el_mauro_drone\26_02_28\cl_mlp_pao_if_ortho_26_02_28_torres_e35_a_e48.tif,cl_mlp_pao_if_ortho_26_02_28_torres_e35_a_e48.tif,cl_mlp_pao_if_ortho_26_02_28_torres_e35_a_e48,.\el_mauro_drone\26_02_28\cl_mlp_pao_if_ortho_26_02_28_torres_e35_a_e48.tif,cl_mlp_pao_if_ortho_26_02_28_torres_e35_a_e48.tif,cl_mlp_pao_if_ortho_26_02_28_torres_e35_a_e48
846,URL,https://sig.aminerals.cl/imgdyn/rest/services/CL_MLP_PAO/CL_MLP_PAO_IF_Ortho_Geosupport/ImageServer/file?id=.\El_Mauro_Drone\26_03_01\CL_MLP_PAO_IF_Ortho_26_03_01_Subestacion-El-Mauro_A_E35.tif&rasterId=,.\el_mauro_drone\26_03_01\cl_mlp_pao_if_ortho_26_03_01_subestacion-el-mauro_a_e35.tif,cl_mlp_pao_if_ortho_26_03_01_subestacion-el-mauro_a_e35.tif,cl_mlp_pao_if_ortho_26_03_01_subestacion-el-mauro_a_e35,.\el_mauro_drone\26_03_01\cl_mlp_pao_if_ortho_26_03_01_subestacion-el-mauro_a_e35.tif,cl_mlp_pao_if_ortho_26_03_01_subestacion-el-mauro_a_e35.tif,cl_mlp_pao_if_ortho_26_03_01_subestacion-el-mauro_a_e35
847,URL,https://sig.aminerals.cl/imgdyn/rest/services/CL_MLP_PAO/CL_MLP_PAO_IF_Ortho_Geosupport/ImageServer/file?id=.\El_Mauro_Puerto_Punta_Chungo_Drone\26_01_07\CL_MLP_PAO_IF_Ortho_26_01_07_TORRE_E48_A_E84_PV4.tiff&rasterId=,.\el_mauro_puerto_punta_chungo_drone\26_01_07\cl_mlp_pao_if_ortho_26_01_07_torre_e48_a_e84_pv4.tiff,cl_mlp_pao_if_ortho_26_01_07_torre_e48_a_e84_pv4.tiff,cl_mlp_pao_if_ortho_26_01_07_torre_e48_a_e84_pv4,.\el_mauro_puerto_punta_chungo_drone\26_01_07\cl_mlp_pao_if_ortho_26_01_07_torre_e48_a_e84_pv4.tiff,cl_mlp_pao_if_ortho_26_01_07_torre_e48_a_e84_pv4.tiff,cl_mlp_pao_if_ortho_26_01_07_torre_e48_a_e84_pv4
848,URL,https://sig.aminerals.cl/imgdyn/rest/services/CL_MLP_PAO/CL_MLP_PAO_IF_Ortho_Geosupport/ImageServer/file?id=.\El_Mauro_Drone\26_03_29\CL_MLP_PAO_IF_Ortho_26_03_29_Acceso_a_pozos.tif&rasterId=,.\el_mauro_drone\26_03_29\cl_mlp_pao_if_ortho_26_03_29_acceso_a_pozos.tif,cl_mlp_pao_if_ortho_26_03_29_acceso_a_pozos.tif,cl_mlp_pao_if_ortho_26_03_29_acceso_a_pozos,.\el_mauro_drone\26_03_29\cl_mlp_pao_if_ortho_26_03_29_acceso_a_pozos.tif,cl_mlp_pao_if_ortho_26_03_29_acceso_a_pozos.tif,cl_mlp_pao_if_ortho_26_03_29_acceso_a_pozos
849,URL,https://sig.aminerals.cl/imgdyn/rest/services/CL_MLP_PAO/CL_MLP_PAO_IF_Ortho_Geosupport/ImageServer/file?id=.\El_Mauro_Drone\26_03_29\CL_MLP_PAO_IF_Ortho_26_03_29_EM4.tif&rasterId=,.\el_mauro_drone\26_03_29\cl_mlp_pao_if_ortho_26_03_29_em4.tif,cl_mlp_pao_if_ortho_26_03_29_em4.tif,cl_mlp_pao_if_ortho_26_03_29_em4,.\el_mauro_drone\26_03_29\cl_mlp_pao_if_ortho_26_03_29_em4.tif,cl_mlp_pao_if_ortho_26_03_29_em4.tif,cl_mlp_pao_if_ortho_26_03_29_em4
850,URL,https://sig.aminerals.cl/imgdyn/rest/services/CL_MLP_PAO/CL_MLP_PAO_IF_Ortho_Geosupport/ImageServer/file?id=.\El_Mauro_Drone\26_04\CL_MLP_PAO_IF_Ortho_26_04_02_EM4.tif&rasterId=,.\el_mauro_drone\26_04\cl_mlp_pao_if_ortho_26_04_02_em4.tif,cl_mlp_pao_if_ortho_26_04_02_em4.tif,cl_mlp_pao_if_ortho_26_04_02_em4,.\el_mauro_drone\26_04\cl_mlp_pao_if_ortho_26_04_02_em4.tif,cl_mlp_pao_if_ortho_26_04_02_em4.tif,cl_mlp_pao_if_ortho_26_04_02_em4
851,URL,https://sig.aminerals.cl/imgdyn/rest/services/CL_MLP_PAO/CL_MLP_PAO_IF_Ortho_Geosupport/ImageServer/file?id=.\El_Mauro_Drone\26_04\CL_MLP_PAO_IF_Ortho_26_04_02_Pozos_PRP.tif&rasterId=,.\el_mauro_drone\26_04\cl_mlp_pao_if_ortho_26_04_02_pozos_prp.tif,cl_mlp_pao_if_ortho_26_04_02_pozos_prp.tif,cl_mlp_pao_if_ortho_26_04_02_pozos_prp,.\el_mauro_drone\26_04\cl_mlp_pao_if_ortho_26_04_02_pozos_prp.tif,cl_mlp_pao_if_ortho_26_04_02_pozos_prp.tif,cl_mlp_pao_if_ortho_26_04_02_pozos_prp
852,URL,https://sig.aminerals.cl/imgdyn/rest/services/CL_MLP_PAO/CL_MLP_PAO_IF_Ortho_Geosupport/ImageServer/file?id=.\El_Mauro_Drone\26_04\CL_MLP_PAO_IF_Ortho_26_04_02_TORRES_E35_A_E48.tif&rasterId=,.\el_mauro_drone\26_04\cl_mlp_pao_if_ortho_26_04_02_torres_e35_a_e48.tif,cl_mlp_pao_if_ortho_26_04_02_torres_e35_a_e48.tif,cl_mlp_pao_if_ortho_26_04_02_torres_e35_a_e48,.\el_mauro_drone\26_04\cl_mlp_pao_if_ortho_26_04_02_torres_e35_a_e48.tif,cl_mlp_pao_if_ortho_26_04_02_torres_e35_a_e48.tif,cl_mlp_pao_if_ortho_26_04_02_torres_e35_a_e48
853,URL,https://sig.aminerals.cl/imgdyn/rest/services/CL_MLP_PAO/CL_MLP_PAO_IF_Ortho_Geosupport/ImageServer/file?id=.\El_Mauro_Puerto_Punta_Chungo_Drone\26_03_11\CL_MLP_PAO_IF_Ortho_26_03_11_TORRES_E48_A_E84_PV4.tif&rasterId=,.\el_mauro_puerto_punta_chungo_drone\26_03_11\cl_mlp_pao_if_ortho_26_03_11_torres_e48_a_e84_pv4.tif,cl_mlp_pao_if_ortho_26_03_11_torres_e48_a_e84_pv4.tif,cl_mlp_pao_if_ortho_26_03_11_torres_e48_a_e84_pv4,.\el_mauro_puerto_punta_chungo_drone\26_03_11\cl_mlp_pao_if_ortho_26_03_11_torres_e48_a_e84_pv4.tif,cl_mlp_pao_if_ortho_26_03_11_torres_e48_a_e84_pv4.tif,cl_mlp_pao_if_ortho_26_03_11_torres_e48_a_e84_pv4
854,URL,https://sig.aminerals.cl/imgdyn/rest/services/CL_MLP_PAO/CL_MLP_PAO_IF_Ortho_Geosupport/ImageServer/file?id=.\El_Mauro_Drone\26_03_08\CL_MLP_PAO_IF_Ortho_26_03_08_Subestacion-El-Mauro_A_E35.tif&rasterId=,.\el_mauro_drone\26_03_08\cl_mlp_pao_if_ortho_26_03_08_subestacion-el-mauro_a_e35.tif,cl_mlp_pao_if_ortho_26_03_08_subestacion-el-mauro_a_e35.tif,cl_mlp_pao_if_ortho_26_03_08_subestacion-el-mauro_a_e35,.\el_mauro_drone\26_03_08\cl_mlp_pao_if_ortho_26_03_08_subestacion-el-mauro_a_e35.tif,cl_mlp_pao_if_ortho_26_03_08_subestacion-el-mauro_a_e35.tif,cl_mlp_pao_if_ortho_26_03_08_subestacion-el-mauro_a_e35
855,URL,https://sig.aminerals.cl/imgdyn/rest/services/CL_MLP_PAO/CL_MLP_PAO_IF_Ortho_Geosupport/ImageServer/file?id=.\El_Mauro_Drone\26_03\CL_MLP_PAO_IF_Ortho_26_03_06_Plataforma_Integrada_El_Mauro.tif&rasterId=,.\el_mauro_drone\26_03\cl_mlp_pao_if_ortho_26_03_06_plataforma_integrada_el_mauro.tif,cl_mlp_pao_if_ortho_26_03_06_plataforma_integrada_el_mauro.tif,cl_mlp_pao_if_ortho_26_03_06_plataforma_integrada_el_mauro,.\el_mauro_drone\26_03\cl_mlp_pao_if_ortho_26_03_06_plataforma_integrada_el_mauro.tif,cl_mlp_pao_if_ortho_26_03_06_plataforma_integrada_el_mauro.tif,cl_mlp_pao_if_ortho_26_03_06_plataforma_integrada_el_mauro
856,URL,https://sig.aminerals.cl/imgdyn/rest/services/CL_MLP_PAO/CL_MLP_PAO_IF_Ortho_Geosupport/ImageServer/file?id=.\El_Mauro_Drone\26_03\CL_MLP_PAO_IF_Ortho_26_03_13_Plataforma_Integrada_El_Mauro.tif&rasterId=,.\el_mauro_drone\26_03\cl_mlp_pao_if_ortho_26_03_13_plataforma_integrada_el_mauro.tif,cl_mlp_pao_if_ortho_26_03_13_plataforma_integrada_el_mauro.tif,cl_mlp_pao_if_ortho_26_03_13_plataforma_integrada_el_mauro,.\el_mauro_drone\26_03\cl_mlp_pao_if_ortho_26_03_13_plataforma_integrada_el_mauro.tif,cl_mlp_pao_if_ortho_26_03_13_plataforma_integrada_el_mauro.tif,cl_mlp_pao_if_ortho_26_03_13_plataforma_integrada_el_mauro
857,URL,https://sig.aminerals.cl/imgdyn/rest/services/CL_MLP_PAO/CL_MLP_PAO_IF_Ortho_Geosupport/ImageServer/file?id=.\El_Mauro_Drone\26_03\CL_MLP_PAO_IF_Ortho_26_03_19_Plataforma_Integrada_El_Mauro.tif&rasterId=,.\el_mauro_drone\26_03\cl_mlp_pao_if_ortho_26_03_19_plataforma_integrada_el_mauro.tif,cl_mlp_pao_if_ortho_26_03_19_plataforma_integrada_el_mauro.tif,cl_mlp_pao_if_ortho_26_03_19_plataforma_integrada_el_mauro,.\el_mauro_drone\26_03\cl_mlp_pao_if_ortho_26_03_19_plataforma_integrada_el_mauro.tif,cl_mlp_pao_if_ortho_26_03_19_plataforma_integrada_el_mauro.tif,cl_mlp_pao_if_ortho_26_03_19_plataforma_integrada_el_mauro
858,URL,https://sig.aminerals.cl/imgdyn/rest/services/CL_MLP_PAO/CL_MLP_PAO_IF_Ortho_Geosupport/ImageServer/file?id=.\El_Mauro_Drone\26_03\CL_MLP_PAO_IF_Ortho_26_03_26_Plataforma_Integrada_El_Mauro.tif&rasterId=,.\el_mauro_drone\26_03\cl_mlp_pao_if_ortho_26_03_26_plataforma_integrada_el_mauro.tif,cl_mlp_pao_if_ortho_26_03_26_plataforma_integrada_el_mauro.tif,cl_mlp_pao_if_ortho_26_03_26_plataforma_integrada_el_mauro,.\el_mauro_drone\26_03\cl_mlp_pao_if_ortho_26_03_26_plataforma_integrada_el_mauro.tif,cl_mlp_pao_if_ortho_26_03_26_plataforma_integrada_el_mauro.tif,cl_mlp_pao_if_ortho_26_03_26_plataforma_integrada_el_mauro
859,URL,https://sig.aminerals.cl/imgdyn/rest/services/CL_MLP_PAO/CL_MLP_PAO_IF_Ortho_Geosupport/ImageServer/file?id=.\El_Mauro_Drone\26_04\CL_MLP_PAO_IF_Ortho_26_04_02_Plataforma_Integrada_El_Mauro.tif&rasterId=,.\el_mauro_drone\26_04\cl_mlp_pao_if_ortho_26_04_02_plataforma_integrada_el_mauro.tif,cl_mlp_pao_if_ortho_26_04_02_plataforma_integrada_el_mauro.tif,cl_mlp_pao_if_ortho_26_04_02_plataforma_integrada_el_mauro,.\el_mauro_drone\26_04\cl_mlp_pao_if_ortho_26_04_02_plataforma_integrada_el_mauro.tif,cl_mlp_pao_if_ortho_26_04_02_plataforma_integrada_el_mauro.tif,cl_mlp_pao_if_ortho_26_04_02_plataforma_integrada_el_mauro
860,URL,https://sig.aminerals.cl/imgdyn/rest/services/CL_MLP_PAO/CL_MLP_PAO_IF_Ortho_Geosupport/ImageServer/file?id=.\El_Mauro_Drone\26_04\CL_MLP_PAO_IF_Ortho_26_04_04_Estacion_Intermedia.tif&rasterId=,.\el_mauro_drone\26_04\cl_mlp_pao_if_ortho_26_04_04_estacion_intermedia.tif,cl_mlp_pao_if_ortho_26_04_04_estacion_intermedia.tif,cl_mlp_pao_if_ortho_26_04_04_estacion_intermedia,.\el_mauro_drone\26_04\cl_mlp_pao_if_ortho_26_04_04_estacion_intermedia.tif,cl_mlp_pao_if_ortho_26_04_04_estacion_intermedia.tif,cl_mlp_pao_if_ortho_26_04_04_estacion_intermedia
861,URL,https://sig.aminerals.cl/imgdyn/rest/services/CL_MLP_PAO/CL_MLP_PAO_IF_Ortho_Geosupport/ImageServer/file?id=.\El_Mauro_Drone\26_04\CL_MLP_PAO_IF_Ortho_26_04_05_Patio-19B-y-Armado.tif&rasterId=,.\el_mauro_drone\26_04\cl_mlp_pao_if_ortho_26_04_05_patio-19b-y-armado.tif,cl_mlp_pao_if_ortho_26_04_05_patio-19b-y-armado.tif,cl_mlp_pao_if_ortho_26_04_05_patio-19b-y-armado,.\el_mauro_drone\26_04\cl_mlp_pao_if_ortho_26_04_05_patio-19b-y-armado.tif,cl_mlp_pao_if_ortho_26_04_05_patio-19b-y-armado.tif,cl_mlp_pao_if_ortho_26_04_05_patio-19b-y-armado
862,URL,https://sig.aminerals.cl/imgdyn/rest/services/CL_MLP_PAO/CL_MLP_PAO_IF_Ortho_Geosupport/ImageServer/file?id=.\El_Mauro_Drone\26_04\CL_MLP_PAO_IF_Ortho_26_04_05_Subestacion-El-Mauro_A_E35.tif&rasterId=,.\el_mauro_drone\26_04\cl_mlp_pao_if_ortho_26_04_05_subestacion-el-mauro_a_e35.tif,cl_mlp_pao_if_ortho_26_04_05_subestacion-el-mauro_a_e35.tif,cl_mlp_pao_if_ortho_26_04_05_subestacion-el-mauro_a_e35,.\el_mauro_drone\26_04\cl_mlp_pao_if_ortho_26_04_05_subestacion-el-mauro_a_e35.tif,cl_mlp_pao_if_ortho_26_04_05_subestacion-el-mauro_a_e35.tif,cl_mlp_pao_if_ortho_26_04_05_subestacion-el-mauro_a_e35
863,URL,https://sig.aminerals.cl/imgdyn/rest/services/CL_MLP_PAO/CL_MLP_PAO_IF_Ortho_Geosupport/ImageServer/file?id=.\El_Mauro_Drone\26_04\CL_MLP_PAO_IF_Ortho_26_04_08_TORRES_E35_A_E48.tif&rasterId=,.\el_mauro_drone\26_04\cl_mlp_pao_if_ortho_26_04_08_torres_e35_a_e48.tif,cl_mlp_pao_if_ortho_26_04_08_torres_e35_a_e48.tif,cl_mlp_pao_if_ortho_26_04_08_torres_e35_a_e48,.\el_mauro_drone\26_04\cl_mlp_pao_if_ortho_26_04_08_torres_e35_a_e48.tif,cl_mlp_pao_if_ortho_26_04_08_torres_e35_a_e48.tif,cl_mlp_pao_if_ortho_26_04_08_torres_e35_a_e48
864,URL,https://sig.aminerals.cl/imgdyn/rest/services/CL_MLP_PAO/CL_MLP_PAO_IF_Ortho_Geosupport/ImageServer/file?id=.\El_Mauro_Drone\26_04\CL_MLP_PAO_IF_Ortho_26_04_09_Estacion_Intermedia.tif&rasterId=,.\el_mauro_drone\26_04\cl_mlp_pao_if_ortho_26_04_09_estacion_intermedia.tif,cl_mlp_pao_if_ortho_26_04_09_estacion_intermedia.tif,cl_mlp_pao_if_ortho_26_04_09_estacion_intermedia,.\el_mauro_drone\26_04\cl_mlp_pao_if_ortho_26_04_09_estacion_intermedia.tif,cl_mlp_pao_if_ortho_26_04_09_estacion_intermedia.tif,cl_mlp_pao_if_ortho_26_04_09_estacion_intermedia
865,URL,https://sig.aminerals.cl/imgdyn/rest/services/CL_MLP_PAO/CL_MLP_PAO_IF_Ortho_Geosupport/ImageServer/file?id=.\El_Mauro_Drone\26_04\CL_MLP_PAO_IF_Ortho_26_04_09_Plataforma_Integrada_El_Mauro.tif&rasterId=,.\el_mauro_drone\26_04\cl_mlp_pao_if_ortho_26_04_09_plataforma_integrada_el_mauro.tif,cl_mlp_pao_if_ortho_26_04_09_plataforma_integrada_el_mauro.tif,cl_mlp_pao_if_ortho_26_04_09_plataforma_integrada_el_mauro,.\el_mauro_drone\26_04\cl_mlp_pao_if_ortho_26_04_09_plataforma_integrada_el_mauro.tif,cl_mlp_pao_if_ortho_26_04_09_plataforma_integrada_el_mauro.tif,cl_mlp_pao_if_ortho_26_04_09_plataforma_integrada_el_mauro
866,URL,https://sig.aminerals.cl/imgdyn/rest/services/CL_MLP_PAO/CL_MLP_PAO_IF_Ortho_Geosupport/ImageServer/file?id=.\El_Mauro_Drone\26_04\CL_MLP_PAO_IF_Ortho_26_04_09_Subestacion-El-Mauro_A_E35.tif&rasterId=,.\el_mauro_drone\26_04\cl_mlp_pao_if_ortho_26_04_09_subestacion-el-mauro_a_e35.tif,cl_mlp_pao_if_ortho_26_04_09_subestacion-el-mauro_a_e35.tif,cl_mlp_pao_if_ortho_26_04_09_subestacion-el-mauro_a_e35,.\el_mauro_drone\26_04\cl_mlp_pao_if_ortho_26_04_09_subestacion-el-mauro_a_e35.tif,cl_mlp_pao_if_ortho_26_04_09_subestacion-el-mauro_a_e35.tif,cl_mlp_pao_if_ortho_26_04_09_subestacion-el-mauro_a_e35
867,URL,https://sig.aminerals.cl/imgdyn/rest/services/CL_MLP_PAO/CL_MLP_PAO_IF_Ortho_Geosupport/ImageServer/file?id=.\El_Mauro_Drone\26_04\CL_MLP_PAO_IF_Ortho_26_04_10_Patio-19B-y-Armado.tif&rasterId=,.\el_mauro_drone\26_04\cl_mlp_pao_if_ortho_26_04_10_patio-19b-y-armado.tif,cl_mlp_pao_if_ortho_26_04_10_patio-19b-y-armado.tif,cl_mlp_pao_if_ortho_26_04_10_patio-19b-y-armado,.\el_mauro_drone\26_04\cl_mlp_pao_if_ortho_26_04_10_patio-19b-y-armado.tif,cl_mlp_pao_if_ortho_26_04_10_patio-19b-y-armado.tif,cl_mlp_pao_if_ortho_26_04_10_patio-19b-y-armado
868,URL,https://sig.aminerals.cl/imgdyn/rest/services/CL_MLP_PAO/CL_MLP_PAO_IF_Ortho_Geosupport/ImageServer/file?id=.\El_Mauro_Drone\26_04\CL_MLP_PAO_IF_Ortho_26_04_13_EM4.tif&rasterId=,.\el_mauro_drone\26_04\cl_mlp_pao_if_ortho_26_04_13_em4.tif,cl_mlp_pao_if_ortho_26_04_13_em4.tif,cl_mlp_pao_if_ortho_26_04_13_em4,.\el_mauro_drone\26_04\cl_mlp_pao_if_ortho_26_04_13_em4.tif,cl_mlp_pao_if_ortho_26_04_13_em4.tif,cl_mlp_pao_if_ortho_26_04_13_em4
869,URL,https://sig.aminerals.cl/imgdyn/rest/services/CL_MLP_PAO/CL_MLP_PAO_IF_Ortho_Geosupport/ImageServer/file?id=.\El_Mauro_Puerto_Punta_Chungo_Drone\26_04\CL_MLP_PAO_IF_Ortho_26_04_10_TORRES_E48_A_E84_PV4.tif&rasterId=,.\el_mauro_puerto_punta_chungo_drone\26_04\cl_mlp_pao_if_ortho_26_04_10_torres_e48_a_e84_pv4.tif,cl_mlp_pao_if_ortho_26_04_10_torres_e48_a_e84_pv4.tif,cl_mlp_pao_if_ortho_26_04_10_torres_e48_a_e84_pv4,.\el_mauro_puerto_punta_chungo_drone\26_04\cl_mlp_pao_if_ortho_26_04_10_torres_e48_a_e84_pv4.tif,cl_mlp_pao_if_ortho_26_04_10_torres_e48_a_e84_pv4.tif,cl_mlp_pao_if_ortho_26_04_10_torres_e48_a_e84_pv4
870,URL,https://sig.aminerals.cl/imgdyn/rest/services/CL_MLP_PAO/CL_MLP_PAO_IF_Ortho_Geosupport/ImageServer/file?id=.\El_Mauro_Puerto_Punta_Chungo_Drone\26_04\CL_MLP_PAO_IF_Ortho_26_04_11_MonteAranda-NSTC-Km-84p2-a-82p3.tif&rasterId=,.\el_mauro_puerto_punta_chungo_drone\26_04\cl_mlp_pao_if_ortho_26_04_11_montearanda-nstc-km-84p2-a-82p3.tif,cl_mlp_pao_if_ortho_26_04_11_montearanda-nstc-km-84p2-a-82p3.tif,cl_mlp_pao_if_ortho_26_04_11_montearanda-nstc-km-84p2-a-82p3,.\el_mauro_puerto_punta_chungo_drone\26_04\cl_mlp_pao_if_ortho_26_04_11_montearanda-nstc-km-84p2-a-82p3.tif,cl_mlp_pao_if_ortho_26_04_11_montearanda-nstc-km-84p2-a-82p3.tif,cl_mlp_pao_if_ortho_26_04_11_montearanda-nstc-km-84p2-a-82p3
871,URL,https://sig.aminerals.cl/imgdyn/rest/services/CL_MLP_PAO/CL_MLP_PAO_IF_Ortho_Geosupport/ImageServer/file?id=.\El_Mauro_Drone\26_04_30\CL_MLP_PAO_IF_Ortho_26_04_30_TORRES_E35_A_E48.tif&rasterId=,.\el_mauro_drone\26_04_30\cl_mlp_pao_if_ortho_26_04_30_torres_e35_a_e48.tif,cl_mlp_pao_if_ortho_26_04_30_torres_e35_a_e48.tif,cl_mlp_pao_if_ortho_26_04_30_torres_e35_a_e48,.\el_mauro_drone\26_04_30\cl_mlp_pao_if_ortho_26_04_30_torres_e35_a_e48.tif,cl_mlp_pao_if_ortho_26_04_30_torres_e35_a_e48.tif,cl_mlp_pao_if_ortho_26_04_30_torres_e35_a_e48
872,URL,https://sig.aminerals.cl/imgdyn/rest/services/CL_MLP_PAO/CL_MLP_PAO_IF_Ortho_Geosupport/ImageServer/file?id=.\Chacay_El_Mauro_Drone\26_05_02\CL_MLP_PAO_IF_Ortho_26_05_02_EM2.tif&rasterId=,.\chacay_el_mauro_drone\26_05_02\cl_mlp_pao_if_ortho_26_05_02_em2.tif,cl_mlp_pao_if_ortho_26_05_02_em2.tif,cl_mlp_pao_if_ortho_26_05_02_em2,.\chacay_el_mauro_drone\26_05_02\cl_mlp_pao_if_ortho_26_05_02_em2.tif,cl_mlp_pao_if_ortho_26_05_02_em2.tif,cl_mlp_pao_if_ortho_26_05_02_em2
873,URL,https://sig.aminerals.cl/imgdyn/rest/services/CL_MLP_PAO/CL_MLP_PAO_IF_Ortho_Geosupport/ImageServer/file?id=.\El_Mauro_Drone\26_04_30\CL_MLP_PAO_IF_Ortho_26_04_30_EM4.tif&rasterId=,.\el_mauro_drone\26_04_30\cl_mlp_pao_if_ortho_26_04_30_em4.tif,cl_mlp_pao_if_ortho_26_04_30_em4.tif,cl_mlp_pao_if_ortho_26_04_30_em4,.\el_mauro_drone\26_04_30\cl_mlp_pao_if_ortho_26_04_30_em4.tif,cl_mlp_pao_if_ortho_26_04_30_em4.tif,cl_mlp_pao_if_ortho_26_04_30_em4
874,URL,https://sig.aminerals.cl/imgdyn/rest/services/CL_MLP_PAO/CL_MLP_PAO_IF_Ortho_Geosupport/ImageServer/file?id=.\El_Mauro_Drone\26_05_08\CL_MLP_PAO_IF_Ortho_26_05_08_EM4.tif&rasterId=,.\el_mauro_drone\26_05_08\cl_mlp_pao_if_ortho_26_05_08_em4.tif,cl_mlp_pao_if_ortho_26_05_08_em4.tif,cl_mlp_pao_if_ortho_26_05_08_em4,.\el_mauro_drone\26_05_08\cl_mlp_pao_if_ortho_26_05_08_em4.tif,cl_mlp_pao_if_ortho_26_05_08_em4.tif,cl_mlp_pao_if_ortho_26_05_08_em4
875,URL,https://sig.aminerals.cl/imgdyn/rest/services/CL_MLP_PAO/CL_MLP_PAO_IF_Ortho_Geosupport/ImageServer/file?id=.\El_Mauro_Drone\26_05_01\CL_MLP_PAO_IF_Ortho_26_05_01_Acceso_a_pozos.tif&rasterId=,.\el_mauro_drone\26_05_01\cl_mlp_pao_if_ortho_26_05_01_acceso_a_pozos.tif,cl_mlp_pao_if_ortho_26_05_01_acceso_a_pozos.tif,cl_mlp_pao_if_ortho_26_05_01_acceso_a_pozos,.\el_mauro_drone\26_05_01\cl_mlp_pao_if_ortho_26_05_01_acceso_a_pozos.tif,cl_mlp_pao_if_ortho_26_05_01_acceso_a_pozos.tif,cl_mlp_pao_if_ortho_26_05_01_acceso_a_pozos
876,URL,https://sig.aminerals.cl/imgdyn/rest/services/CL_MLP_PAO/CL_MLP_PAO_IF_Ortho_Geosupport/ImageServer/file?id=.\El_Mauro_Drone\26_05_02\CL_MLP_PAO_IF_Ortho_26_05_02_Subestacion-El-Mauro_A_E35.tif&rasterId=,.\el_mauro_drone\26_05_02\cl_mlp_pao_if_ortho_26_05_02_subestacion-el-mauro_a_e35.tif,cl_mlp_pao_if_ortho_26_05_02_subestacion-el-mauro_a_e35.tif,cl_mlp_pao_if_ortho_26_05_02_subestacion-el-mauro_a_e35,.\el_mauro_drone\26_05_02\cl_mlp_pao_if_ortho_26_05_02_subestacion-el-mauro_a_e35.tif,cl_mlp_pao_if_ortho_26_05_02_subestacion-el-mauro_a_e35.tif,cl_mlp_pao_if_ortho_26_05_02_subestacion-el-mauro_a_e35
877,URL,https://sig.aminerals.cl/imgdyn/rest/services/CL_MLP_PAO/CL_MLP_PAO_IF_Ortho_Geosupport/ImageServer/file?id=.\El_Mauro_Drone\26_05_06\CL_MLP_PAO_IF_Ortho_26_05_06_TORRES_E35_A_E48.tif&rasterId=,.\el_mauro_drone\26_05_06\cl_mlp_pao_if_ortho_26_05_06_torres_e35_a_e48.tif,cl_mlp_pao_if_ortho_26_05_06_torres_e35_a_e48.tif,cl_mlp_pao_if_ortho_26_05_06_torres_e35_a_e48,.\el_mauro_drone\26_05_06\cl_mlp_pao_if_ortho_26_05_06_torres_e35_a_e48.tif,cl_mlp_pao_if_ortho_26_05_06_torres_e35_a_e48.tif,cl_mlp_pao_if_ortho_26_05_06_torres_e35_a_e48
878,URL,https://sig.aminerals.cl/imgdyn/rest/services/CL_MLP_PAO/CL_MLP_PAO_IF_Ortho_Geosupport/ImageServer/file?id=.\El_Mauro_Drone\26_05_07\CL_MLP_PAO_IF_Ortho_26_05_07_Estacion_Intermedia.tif&rasterId=,.\el_mauro_drone\26_05_07\cl_mlp_pao_if_ortho_26_05_07_estacion_intermedia.tif,cl_mlp_pao_if_ortho_26_05_07_estacion_intermedia.tif,cl_mlp_pao_if_ortho_26_05_07_estacion_intermedia,.\el_mauro_drone\26_05_07\cl_mlp_pao_if_ortho_26_05_07_estacion_intermedia.tif,cl_mlp_pao_if_ortho_26_05_07_estacion_intermedia.tif,cl_mlp_pao_if_ortho_26_05_07_estacion_intermedia
879,URL,https://sig.aminerals.cl/imgdyn/rest/services/CL_MLP_PAO/CL_MLP_PAO_IF_Ortho_Geosupport/ImageServer/file?id=.\El_Mauro_Puerto_Punta_Chungo_Drone\26_05_02\CL_MLP_PAO_IF_Ortho_26_05_02_TORRES_E48_A_E84_PV4.tif&rasterId=,.\el_mauro_puerto_punta_chungo_drone\26_05_02\cl_mlp_pao_if_ortho_26_05_02_torres_e48_a_e84_pv4.tif,cl_mlp_pao_if_ortho_26_05_02_torres_e48_a_e84_pv4.tif,cl_mlp_pao_if_ortho_26_05_02_torres_e48_a_e84_pv4,.\el_mauro_puerto_punta_chungo_drone\26_05_02\cl_mlp_pao_if_ortho_26_05_02_torres_e48_a_e84_pv4.tif,cl_mlp_pao_if_ortho_26_05_02_torres_e48_a_e84_pv4.tif,cl_mlp_pao_if_ortho_26_05_02_torres_e48_a_e84_pv4
880,URL,https://sig.aminerals.cl/imgdyn/rest/services/CL_MLP_PAO/CL_MLP_PAO_IF_Ortho_Geosupport/ImageServer/file?id=.\El_Mauro_Puerto_Punta_Chungo_Drone\26_05_03\CL_MLP_PAO_IF_Ortho_26_05_03_MonteAranda-NSTC-Km-84p2-a-82p3.tif&rasterId=,.\el_mauro_puerto_punta_chungo_drone\26_05_03\cl_mlp_pao_if_ortho_26_05_03_montearanda-nstc-km-84p2-a-82p3.tif,cl_mlp_pao_if_ortho_26_05_03_montearanda-nstc-km-84p2-a-82p3.tif,cl_mlp_pao_if_ortho_26_05_03_montearanda-nstc-km-84p2-a-82p3,.\el_mauro_puerto_punta_chungo_drone\26_05_03\cl_mlp_pao_if_ortho_26_05_03_montearanda-nstc-km-84p2-a-82p3.tif,cl_mlp_pao_if_ortho_26_05_03_montearanda-nstc-km-84p2-a-82p3.tif,cl_mlp_pao_if_ortho_26_05_03_montearanda-nstc-km-84p2-a-82p3
881,URL,https://sig.aminerals.cl/imgdyn/rest/services/CL_MLP_PAO/CL_MLP_PAO_IF_Ortho_Geosupport/ImageServer/file?id=.\El_Mauro_Drone\26_05_08\CL_MLP_PAO_IF_Ortho_26_05_08_Subestacion-El-Mauro_A_E35.tif&rasterId=,.\el_mauro_drone\26_05_08\cl_mlp_pao_if_ortho_26_05_08_subestacion-el-mauro_a_e35.tif,cl_mlp_pao_if_ortho_26_05_08_subestacion-el-mauro_a_e35.tif,cl_mlp_pao_if_ortho_26_05_08_subestacion-el-mauro_a_e35,.\el_mauro_drone\26_05_08\cl_mlp_pao_if_ortho_26_05_08_subestacion-el-mauro_a_e35.tif,cl_mlp_pao_if_ortho_26_05_08_subestacion-el-mauro_a_e35.tif,cl_mlp_pao_if_ortho_26_05_08_subestacion-el-mauro_a_e35
882,URL,https://sig.aminerals.cl/imgdyn/rest/services/CL_MLP_PAO/CL_MLP_PAO_IF_Ortho_Geosupport/ImageServer/file?id=.\El_Mauro_Drone\26_01_14\CL_MLP_PAO_IF_Ortho_26_01_14_Linea-33-kV-NorteElMauro-Area1.tif&rasterId=,.\el_mauro_drone\26_01_14\cl_mlp_pao_if_ortho_26_01_14_linea-33-kv-norteelmauro-area1.tif,cl_mlp_pao_if_ortho_26_01_14_linea-33-kv-norteelmauro-area1.tif,cl_mlp_pao_if_ortho_26_01_14_linea-33-kv-norteelmauro-area1,.\el_mauro_drone\26_01_14\cl_mlp_pao_if_ortho_26_01_14_linea-33-kv-norteelmauro-area1.tif,cl_mlp_pao_if_ortho_26_01_14_linea-33-kv-norteelmauro-area1.tif,cl_mlp_pao_if_ortho_26_01_14_linea-33-kv-norteelmauro-area1
883,URL,https://sig.aminerals.cl/imgdyn/rest/services/CL_MLP_PAO/CL_MLP_PAO_IF_Ortho_Geosupport/ImageServer/file?id=.\El_Mauro_Drone\26_01_16\CL_MLP_PAO_IF_Ortho_26_01_16_Linea-33-kV-NorteElMauro-Area3.tif&rasterId=,.\el_mauro_drone\26_01_16\cl_mlp_pao_if_ortho_26_01_16_linea-33-kv-norteelmauro-area3.tif,cl_mlp_pao_if_ortho_26_01_16_linea-33-kv-norteelmauro-area3.tif,cl_mlp_pao_if_ortho_26_01_16_linea-33-kv-norteelmauro-area3,.\el_mauro_drone\26_01_16\cl_mlp_pao_if_ortho_26_01_16_linea-33-kv-norteelmauro-area3.tif,cl_mlp_pao_if_ortho_26_01_16_linea-33-kv-norteelmauro-area3.tif,cl_mlp_pao_if_ortho_26_01_16_linea-33-kv-norteelmauro-area3
884,URL,https://sig.aminerals.cl/imgdyn/rest/services/CL_MLP_PAO/CL_MLP_PAO_IF_Ortho_Geosupport/ImageServer/file?id=.\El_Mauro_Drone\26_03_08\CL_MLP_PAO_IF_Ortho_26_03_08_TORRES_E35_A_E48.tif&rasterId=,.\el_mauro_drone\26_03_08\cl_mlp_pao_if_ortho_26_03_08_torres_e35_a_e48.tif,cl_mlp_pao_if_ortho_26_03_08_torres_e35_a_e48.tif,cl_mlp_pao_if_ortho_26_03_08_torres_e35_a_e48,.\el_mauro_drone\26_03_08\cl_mlp_pao_if_ortho_26_03_08_torres_e35_a_e48.tif,cl_mlp_pao_if_ortho_26_03_08_torres_e35_a_e48.tif,cl_mlp_pao_if_ortho_26_03_08_torres_e35_a_e48
885,URL,https://sig.aminerals.cl/imgdyn/rest/services/CL_MLP_PAO/CL_MLP_PAO_IF_Ortho_Geosupport/ImageServer/file?id=.\El_Mauro_Drone\26_03_14\CL_MLP_PAO_IF_Ortho_26_03_14_Subestacion-El-Mauro_A_E35_.tif&rasterId=,.\el_mauro_drone\26_03_14\cl_mlp_pao_if_ortho_26_03_14_subestacion-el-mauro_a_e35_.tif,cl_mlp_pao_if_ortho_26_03_14_subestacion-el-mauro_a_e35_.tif,cl_mlp_pao_if_ortho_26_03_14_subestacion-el-mauro_a_e35_,.\el_mauro_drone\26_03_14\cl_mlp_pao_if_ortho_26_03_14_subestacion-el-mauro_a_e35_.tif,cl_mlp_pao_if_ortho_26_03_14_subestacion-el-mauro_a_e35_.tif,cl_mlp_pao_if_ortho_26_03_14_subestacion-el-mauro_a_e35_
886,URL,https://sig.aminerals.cl/imgdyn/rest/services/CL_MLP_PAO/CL_MLP_PAO_IF_Ortho_Geosupport/ImageServer/file?id=.\El_Mauro_Puerto_Punta_Chungo_Drone\26_03_27\CL_MLP_PAO_IF_Ortho_26_03_27_MonteAranda-NSTC-Km-84p2-a-82p3.tif&rasterId=,.\el_mauro_puerto_punta_chungo_drone\26_03_27\cl_mlp_pao_if_ortho_26_03_27_montearanda-nstc-km-84p2-a-82p3.tif,cl_mlp_pao_if_ortho_26_03_27_montearanda-nstc-km-84p2-a-82p3.tif,cl_mlp_pao_if_ortho_26_03_27_montearanda-nstc-km-84p2-a-82p3,.\el_mauro_puerto_punta_chungo_drone\26_03_27\cl_mlp_pao_if_ortho_26_03_27_montearanda-nstc-km-84p2-a-82p3.tif,cl_mlp_pao_if_ortho_26_03_27_montearanda-nstc-km-84p2-a-82p3.tif,cl_mlp_pao_if_ortho_26_03_27_montearanda-nstc-km-84p2-a-82p3
887,URL,https://sig.aminerals.cl/imgdyn/rest/services/CL_MLP_PAO/CL_MLP_PAO_IF_Ortho_Geosupport/ImageServer/file?id=.\Chacay_El_Mauro_Drone\26_03_28\CL_MLP_PAO_IF_Ortho_26_03_28_EM2.tif&rasterId=,.\chacay_el_mauro_drone\26_03_28\cl_mlp_pao_if_ortho_26_03_28_em2.tif,cl_mlp_pao_if_ortho_26_03_28_em2.tif,cl_mlp_pao_if_ortho_26_03_28_em2,.\chacay_el_mauro_drone\26_03_28\cl_mlp_pao_if_ortho_26_03_28_em2.tif,cl_mlp_pao_if_ortho_26_03_28_em2.tif,cl_mlp_pao_if_ortho_26_03_28_em2
888,URL,https://sig.aminerals.cl/imgdyn/rest/services/CL_MLP_PAO/CL_MLP_PAO_IF_Ortho_Geosupport/ImageServer/file?id=.\El_Mauro_Drone\26_03_29\CL_MLP_PAO_IF_Ortho_26_03_29_Subestacion-El-Mauro_A_E35_.tif&rasterId=,.\el_mauro_drone\26_03_29\cl_mlp_pao_if_ortho_26_03_29_subestacion-el-mauro_a_e35_.tif,cl_mlp_pao_if_ortho_26_03_29_subestacion-el-mauro_a_e35_.tif,cl_mlp_pao_if_ortho_26_03_29_subestacion-el-mauro_a_e35_,.\el_mauro_drone\26_03_29\cl_mlp_pao_if_ortho_26_03_29_subestacion-el-mauro_a_e35_.tif,cl_mlp_pao_if_ortho_26_03_29_subestacion-el-mauro_a_e35_.tif,cl_mlp_pao_if_ortho_26_03_29_subestacion-el-mauro_a_e35_
889,URL,https://sig.aminerals.cl/imgdyn/rest/services/CL_MLP_PAO/CL_MLP_PAO_IF_Ortho_Geosupport/ImageServer/file?id=.\El_Mauro_Puerto_Punta_Chungo_Drone\26_04\CL_MLP_PAO_IF_Ortho_26_04_02_TORRES_E48_A_E84_PV4.tif&rasterId=,.\el_mauro_puerto_punta_chungo_drone\26_04\cl_mlp_pao_if_ortho_26_04_02_torres_e48_a_e84_pv4.tif,cl_mlp_pao_if_ortho_26_04_02_torres_e48_a_e84_pv4.tif,cl_mlp_pao_if_ortho_26_04_02_torres_e48_a_e84_pv4,.\el_mauro_puerto_punta_chungo_drone\26_04\cl_mlp_pao_if_ortho_26_04_02_torres_e48_a_e84_pv4.tif,cl_mlp_pao_if_ortho_26_04_02_torres_e48_a_e84_pv4.tif,cl_mlp_pao_if_ortho_26_04_02_torres_e48_a_e84_pv4
890,URL,https://sig.aminerals.cl/imgdyn/rest/services/CL_MLP_PAO/CL_MLP_PAO_IF_Ortho_Geosupport/ImageServer/file?id=.\El_Mauro_Drone\26_04_16\CL_MLP_PAO_IF_Ortho_26_04_16_Acceso_a_pozos.tif&rasterId=,.\el_mauro_drone\26_04_16\cl_mlp_pao_if_ortho_26_04_16_acceso_a_pozos.tif,cl_mlp_pao_if_ortho_26_04_16_acceso_a_pozos.tif,cl_mlp_pao_if_ortho_26_04_16_acceso_a_pozos,.\el_mauro_drone\26_04_16\cl_mlp_pao_if_ortho_26_04_16_acceso_a_pozos.tif,cl_mlp_pao_if_ortho_26_04_16_acceso_a_pozos.tif,cl_mlp_pao_if_ortho_26_04_16_acceso_a_pozos
891,URL,https://sig.aminerals.cl/imgdyn/rest/services/CL_MLP_PAO/CL_MLP_PAO_IF_Ortho_Geosupport/ImageServer/file?id=.\Chacay_El_Mauro_Drone\26_04_15\CL_MLP_PAO_IF_Ortho_26_04_15_EM2.tif&rasterId=,.\chacay_el_mauro_drone\26_04_15\cl_mlp_pao_if_ortho_26_04_15_em2.tif,cl_mlp_pao_if_ortho_26_04_15_em2.tif,cl_mlp_pao_if_ortho_26_04_15_em2,.\chacay_el_mauro_drone\26_04_15\cl_mlp_pao_if_ortho_26_04_15_em2.tif,cl_mlp_pao_if_ortho_26_04_15_em2.tif,cl_mlp_pao_if_ortho_26_04_15_em2
892,URL,https://sig.aminerals.cl/imgdyn/rest/services/CL_MLP_PAO/CL_MLP_PAO_IF_Ortho_Geosupport/ImageServer/file?id=.\El_Mauro_Drone\26_04_16\CL_MLP_PAO_IF_Ortho_26_04_16_EM4.tif&rasterId=,.\el_mauro_drone\26_04_16\cl_mlp_pao_if_ortho_26_04_16_em4.tif,cl_mlp_pao_if_ortho_26_04_16_em4.tif,cl_mlp_pao_if_ortho_26_04_16_em4,.\el_mauro_drone\26_04_16\cl_mlp_pao_if_ortho_26_04_16_em4.tif,cl_mlp_pao_if_ortho_26_04_16_em4.tif,cl_mlp_pao_if_ortho_26_04_16_em4
893,URL,https://sig.aminerals.cl/imgdyn/rest/services/CL_MLP_PAO/CL_MLP_PAO_IF_Ortho_Geosupport/ImageServer/file?id=.\El_Mauro_Puerto_Punta_Chungo_Drone\26_04_18\CL_MLP_PAO_IF_Ortho_26_04_18_MonteAranda-NSTC-Km-84p2-a-82p3.tif&rasterId=,.\el_mauro_puerto_punta_chungo_drone\26_04_18\cl_mlp_pao_if_ortho_26_04_18_montearanda-nstc-km-84p2-a-82p3.tif,cl_mlp_pao_if_ortho_26_04_18_montearanda-nstc-km-84p2-a-82p3.tif,cl_mlp_pao_if_ortho_26_04_18_montearanda-nstc-km-84p2-a-82p3,.\el_mauro_puerto_punta_chungo_drone\26_04_18\cl_mlp_pao_if_ortho_26_04_18_montearanda-nstc-km-84p2-a-82p3.tif,cl_mlp_pao_if_ortho_26_04_18_montearanda-nstc-km-84p2-a-82p3.tif,cl_mlp_pao_if_ortho_26_04_18_montearanda-nstc-km-84p2-a-82p3
894,URL,https://sig.aminerals.cl/imgdyn/rest/services/CL_MLP_PAO/CL_MLP_PAO_IF_Ortho_Geosupport/ImageServer/file?id=.\El_Mauro_Drone\26_04_23\CL_MLP_PAO_IF_Ortho_26_04_23_TORRES_E35_A_E48.tif&rasterId=,.\el_mauro_drone\26_04_23\cl_mlp_pao_if_ortho_26_04_23_torres_e35_a_e48.tif,cl_mlp_pao_if_ortho_26_04_23_torres_e35_a_e48.tif,cl_mlp_pao_if_ortho_26_04_23_torres_e35_a_e48,.\el_mauro_drone\26_04_23\cl_mlp_pao_if_ortho_26_04_23_torres_e35_a_e48.tif,cl_mlp_pao_if_ortho_26_04_23_torres_e35_a_e48.tif,cl_mlp_pao_if_ortho_26_04_23_torres_e35_a_e48
896,URL,https://sig.aminerals.cl/imgdyn/rest/services/CL_MLP_PAO/CL_MLP_PAO_IF_Ortho_Geosupport/ImageServer/file?id=.\El_Mauro_Drone\26_04_24\CL_MLP_PAO_IF_Ortho_26_04_24_Patio-19B-y-Armado.tif&rasterId=,.\el_mauro_drone\26_04_24\cl_mlp_pao_if_ortho_26_04_24_patio-19b-y-armado.tif,cl_mlp_pao_if_ortho_26_04_24_patio-19b-y-armado.tif,cl_mlp_pao_if_ortho_26_04_24_patio-19b-y-armado,.\el_mauro_drone\26_04_24\cl_mlp_pao_if_ortho_26_04_24_patio-19b-y-armado.tif,cl_mlp_pao_if_ortho_26_04_24_patio-19b-y-armado.tif,cl_mlp_pao_if_ortho_26_04_24_patio-19b-y-armado
898,URL,https://sig.aminerals.cl/imgdyn/rest/services/CL_MLP_PAO/CL_MLP_PAO_IF_Ortho_Geosupport/ImageServer/file?id=.\El_Mauro_Drone\26_04_22\CL_MLP_PAO_IF_Ortho_26_04_22_Estacion_Intermedia.tif&rasterId=,.\el_mauro_drone\26_04_22\cl_mlp_pao_if_ortho_26_04_22_estacion_intermedia.tif,cl_mlp_pao_if_ortho_26_04_22_estacion_intermedia.tif,cl_mlp_pao_if_ortho_26_04_22_estacion_intermedia,.\el_mauro_drone\26_04_22\cl_mlp_pao_if_ortho_26_04_22_estacion_intermedia.tif,cl_mlp_pao_if_ortho_26_04_22_estacion_intermedia.tif,cl_mlp_pao_if_ortho_26_04_22_estacion_intermedia
900,URL,https://sig.aminerals.cl/imgdyn/rest/services/CL_MLP_PAO/CL_MLP_PAO_IF_Ortho_Geosupport/ImageServer/file?id=.\El_Mauro_Drone\26_04_15\CL_MLP_PAO_IF_Ortho_26_04_15_TORRES_E35_A_E48.tif&rasterId=,.\el_mauro_drone\26_04_15\cl_mlp_pao_if_ortho_26_04_15_torres_e35_a_e48.tif,cl_mlp_pao_if_ortho_26_04_15_torres_e35_a_e48.tif,cl_mlp_pao_if_ortho_26_04_15_torres_e35_a_e48,.\el_mauro_drone\26_04_15\cl_mlp_pao_if_ortho_26_04_15_torres_e35_a_e48.tif,cl_mlp_pao_if_ortho_26_04_15_torres_e35_a_e48.tif,cl_mlp_pao_if_ortho_26_04_15_torres_e35_a_e48
901,URL,https://sig.aminerals.cl/imgdyn/rest/services/CL_MLP_PAO/CL_MLP_PAO_IF_Ortho_Geosupport/ImageServer/file?id=.\El_Mauro_Drone\26_04_01\CL_MLP_PAO_IF_Ortho_26_04_01_EBD.tif&rasterId=,.\el_mauro_drone\26_04_01\cl_mlp_pao_if_ortho_26_04_01_ebd.tif,cl_mlp_pao_if_ortho_26_04_01_ebd.tif,cl_mlp_pao_if_ortho_26_04_01_ebd,.\el_mauro_drone\26_04_01\cl_mlp_pao_if_ortho_26_04_01_ebd.tif,cl_mlp_pao_if_ortho_26_04_01_ebd.tif,cl_mlp_pao_if_ortho_26_04_01_ebd
902,URL,https://sig.aminerals.cl/imgdyn/rest/services/CL_MLP_PAO/CL_MLP_PAO_IF_Ortho_Geosupport/ImageServer/file?id=.\El_Mauro_Drone\26_04_22\CL_MLP_PAO_IF_Ortho_26_04_22_Subestacion-El-Mauro.tif&rasterId=,.\el_mauro_drone\26_04_22\cl_mlp_pao_if_ortho_26_04_22_subestacion-el-mauro.tif,cl_mlp_pao_if_ortho_26_04_22_subestacion-el-mauro.tif,cl_mlp_pao_if_ortho_26_04_22_subestacion-el-mauro,.\el_mauro_drone\26_04_22\cl_mlp_pao_if_ortho_26_04_22_subestacion-el-mauro.tif,cl_mlp_pao_if_ortho_26_04_22_subestacion-el-mauro.tif,cl_mlp_pao_if_ortho_26_04_22_subestacion-el-mauro
904,URL,https://sig.aminerals.cl/imgdyn/rest/services/CL_MLP_PAO/CL_MLP_PAO_IF_Ortho_Geosupport/ImageServer/file?id=.\El_Mauro_Drone\26_04_17\CL_MLP_PAO_IF_Ortho_26_04_17_Subestacion-El-Mauro.tif&rasterId=,.\el_mauro_drone\26_04_17\cl_mlp_pao_if_ortho_26_04_17_subestacion-el-mauro.tif,cl_mlp_pao_if_ortho_26_04_17_subestacion-el-mauro.tif,cl_mlp_pao_if_ortho_26_04_17_subestacion-el-mauro,.\el_mauro_drone\26_04_17\cl_mlp_pao_if_ortho_26_04_17_subestacion-el-mauro.tif,cl_mlp_pao_if_ortho_26_04_17_subestacion-el-mauro.tif,cl_mlp_pao_if_ortho_26_04_17_subestacion-el-mauro
906,URL,https://sig.aminerals.cl/imgdyn/rest/services/CL_MLP_PAO/CL_MLP_PAO_IF_Ortho_Geosupport/ImageServer/file?id=.\El_Mauro_Drone\26_04_18\CL_MLP_PAO_IF_Ortho_26_04_18_Patio-19B-y-Armado.tif&rasterId=,.\el_mauro_drone\26_04_18\cl_mlp_pao_if_ortho_26_04_18_patio-19b-y-armado.tif,cl_mlp_pao_if_ortho_26_04_18_patio-19b-y-armado.tif,cl_mlp_pao_if_ortho_26_04_18_patio-19b-y-armado,.\el_mauro_drone\26_04_18\cl_mlp_pao_if_ortho_26_04_18_patio-19b-y-armado.tif,cl_mlp_pao_if_ortho_26_04_18_patio-19b-y-armado.tif,cl_mlp_pao_if_ortho_26_04_18_patio-19b-y-armado
908,URL,https://sig.aminerals.cl/imgdyn/rest/services/CL_MLP_PAO/CL_MLP_PAO_IF_Ortho_Geosupport/ImageServer/file?id=.\El_Mauro_Puerto_Punta_Chungo_Drone\26_04_16\CL_MLP_PAO_IF_Ortho_26_04_16_TORRES_E48_A_E84_PV4.tif&rasterId=,.\el_mauro_puerto_punta_chungo_drone\26_04_16\cl_mlp_pao_if_ortho_26_04_16_torres_e48_a_e84_pv4.tif,cl_mlp_pao_if_ortho_26_04_16_torres_e48_a_e84_pv4.tif,cl_mlp_pao_if_ortho_26_04_16_torres_e48_a_e84_pv4,.\el_mauro_puerto_punta_chungo_drone\26_04_16\cl_mlp_pao_if_ortho_26_04_16_torres_e48_a_e84_pv4.tif,cl_mlp_pao_if_ortho_26_04_16_torres_e48_a_e84_pv4.tif,cl_mlp_pao_if_ortho_26_04_16_torres_e48_a_e84_pv4
