OID,SourceOID,Path
1,1779,\\amssclgis10.ams.gmams.cl\CL_MLP_PAO\Chacay_El_Mauro_Drone\26_01_07\CL_MLP_PAO_IF_Ortho_26_01_07_ED2.tif
2,17123,\\amssclgis08.ams.gmams.cl\CL_MLP_PAO\01_Proyectos_ArcGIS\APRX\CL MLP PAO Aereo Image Server\SQLServer-amssclgis06_ArcGIS-Aereo.sde\OWD.AMD_CL_MLP_PAO_IF_Ortho_Geosupport_OVR\\Ov_i9A2_L01_R0000FE03_C0000D54F
3,17124,\\amssclgis08.ams.gmams.cl\CL_MLP_PAO\01_Proyectos_ArcGIS\APRX\CL MLP PAO Aereo Image Server\SQLServer-amssclgis06_ArcGIS-Aereo.sde\OWD.AMD_CL_MLP_PAO_IF_Ortho_Geosupport_OVR\\Ov_i9A2_L01_R0000FE03_C0000D550
4,17125,\\amssclgis08.ams.gmams.cl\CL_MLP_PAO\01_Proyectos_ArcGIS\APRX\CL MLP PAO Aereo Image Server\SQLServer-amssclgis06_ArcGIS-Aereo.sde\OWD.AMD_CL_MLP_PAO_IF_Ortho_Geosupport_OVR\\Ov_i9A2_L01_R0000FE03_C0000D551
5,17126,\\amssclgis08.ams.gmams.cl\CL_MLP_PAO\01_Proyectos_ArcGIS\APRX\CL MLP PAO Aereo Image Server\SQLServer-amssclgis06_ArcGIS-Aereo.sde\OWD.AMD_CL_MLP_PAO_IF_Ortho_Geosupport_OVR\\Ov_i9A2_L01_R0000FE03_C0000D556
6,17127,\\amssclgis08.ams.gmams.cl\CL_MLP_PAO\01_Proyectos_ArcGIS\APRX\CL MLP PAO Aereo Image Server\SQLServer-amssclgis06_ArcGIS-Aereo.sde\OWD.AMD_CL_MLP_PAO_IF_Ortho_Geosupport_OVR\\Ov_i9A2_L01_R0000FE03_C0000D557
7,17128,\\amssclgis08.ams.gmams.cl\CL_MLP_PAO\01_Proyectos_ArcGIS\APRX\CL MLP PAO Aereo Image Server\SQLServer-amssclgis06_ArcGIS-Aereo.sde\OWD.AMD_CL_MLP_PAO_IF_Ortho_Geosupport_OVR\\Ov_i9A2_L01_R0000FE03_C0000D558
8,17136,\\amssclgis08.ams.gmams.cl\CL_MLP_PAO\01_Proyectos_ArcGIS\APRX\CL MLP PAO Aereo Image Server\SQLServer-amssclgis06_ArcGIS-Aereo.sde\OWD.AMD_CL_MLP_PAO_IF_Ortho_Geosupport_OVR\\Ov_i9A2_L01_R0000FE04_C0000D54F
9,17137,\\amssclgis08.ams.gmams.cl\CL_MLP_PAO\01_Proyectos_ArcGIS\APRX\CL MLP PAO Aereo Image Server\SQLServer-amssclgis06_ArcGIS-Aereo.sde\OWD.AMD_CL_MLP_PAO_IF_Ortho_Geosupport_OVR\\Ov_i9A2_L01_R0000FE04_C0000D550
10,17138,\\amssclgis08.ams.gmams.cl\CL_MLP_PAO\01_Proyectos_ArcGIS\APRX\CL MLP PAO Aereo Image Server\SQLServer-amssclgis06_ArcGIS-Aereo.sde\OWD.AMD_CL_MLP_PAO_IF_Ortho_Geosupport_OVR\\Ov_i9A2_L01_R0000FE04_C0000D551
11,17139,\\amssclgis08.ams.gmams.cl\CL_MLP_PAO\01_Proyectos_ArcGIS\APRX\CL MLP PAO Aereo Image Server\SQLServer-amssclgis06_ArcGIS-Aereo.sde\OWD.AMD_CL_MLP_PAO_IF_Ortho_Geosupport_OVR\\Ov_i9A2_L01_R0000FE04_C0000D552
12,17140,\\amssclgis08.ams.gmams.cl\CL_MLP_PAO\01_Proyectos_ArcGIS\APRX\CL MLP PAO Aereo Image Server\SQLServer-amssclgis06_ArcGIS-Aereo.sde\OWD.AMD_CL_MLP_PAO_IF_Ortho_Geosupport_OVR\\Ov_i9A2_L01_R0000FE04_C0000D553
13,17141,\\amssclgis08.ams.gmams.cl\CL_MLP_PAO\01_Proyectos_ArcGIS\APRX\CL MLP PAO Aereo Image Server\SQLServer-amssclgis06_ArcGIS-Aereo.sde\OWD.AMD_CL_MLP_PAO_IF_Ortho_Geosupport_OVR\\Ov_i9A2_L01_R0000FE04_C0000D554
14,17142,\\amssclgis08.ams.gmams.cl\CL_MLP_PAO\01_Proyectos_ArcGIS\APRX\CL MLP PAO Aereo Image Server\SQLServer-amssclgis06_ArcGIS-Aereo.sde\OWD.AMD_CL_MLP_PAO_IF_Ortho_Geosupport_OVR\\Ov_i9A2_L01_R0000FE04_C0000D555
15,17143,\\amssclgis08.ams.gmams.cl\CL_MLP_PAO\01_Proyectos_ArcGIS\APRX\CL MLP PAO Aereo Image Server\SQLServer-amssclgis06_ArcGIS-Aereo.sde\OWD.AMD_CL_MLP_PAO_IF_Ortho_Geosupport_OVR\\Ov_i9A2_L01_R0000FE04_C0000D556
16,17144,\\amssclgis08.ams.gmams.cl\CL_MLP_PAO\01_Proyectos_ArcGIS\APRX\CL MLP PAO Aereo Image Server\SQLServer-amssclgis06_ArcGIS-Aereo.sde\OWD.AMD_CL_MLP_PAO_IF_Ortho_Geosupport_OVR\\Ov_i9A2_L01_R0000FE04_C0000D557
17,17145,\\amssclgis08.ams.gmams.cl\CL_MLP_PAO\01_Proyectos_ArcGIS\APRX\CL MLP PAO Aereo Image Server\SQLServer-amssclgis06_ArcGIS-Aereo.sde\OWD.AMD_CL_MLP_PAO_IF_Ortho_Geosupport_OVR\\Ov_i9A2_L01_R0000FE04_C0000D558
18,17146,\\amssclgis08.ams.gmams.cl\CL_MLP_PAO\01_Proyectos_ArcGIS\APRX\CL MLP PAO Aereo Image Server\SQLServer-amssclgis06_ArcGIS-Aereo.sde\OWD.AMD_CL_MLP_PAO_IF_Ortho_Geosupport_OVR\\Ov_i9A2_L01_R0000FE04_C0000D55D
19,17147,\\amssclgis08.ams.gmams.cl\CL_MLP_PAO\01_Proyectos_ArcGIS\APRX\CL MLP PAO Aereo Image Server\SQLServer-amssclgis06_ArcGIS-Aereo.sde\OWD.AMD_CL_MLP_PAO_IF_Ortho_Geosupport_OVR\\Ov_i9A2_L01_R0000FE04_C0000D55E
20,17155,\\amssclgis08.ams.gmams.cl\CL_MLP_PAO\01_Proyectos_ArcGIS\APRX\CL MLP PAO Aereo Image Server\SQLServer-amssclgis06_ArcGIS-Aereo.sde\OWD.AMD_CL_MLP_PAO_IF_Ortho_Geosupport_OVR\\Ov_i9A2_L01_R0000FE05_C0000D54F
21,17156,\\amssclgis08.ams.gmams.cl\CL_MLP_PAO\01_Proyectos_ArcGIS\APRX\CL MLP PAO Aereo Image Server\SQLServer-amssclgis06_ArcGIS-Aereo.sde\OWD.AMD_CL_MLP_PAO_IF_Ortho_Geosupport_OVR\\Ov_i9A2_L01_R0000FE05_C0000D550
22,17157,\\amssclgis08.ams.gmams.cl\CL_MLP_PAO\01_Proyectos_ArcGIS\APRX\CL MLP PAO Aereo Image Server\SQLServer-amssclgis06_ArcGIS-Aereo.sde\OWD.AMD_CL_MLP_PAO_IF_Ortho_Geosupport_OVR\\Ov_i9A2_L01_R0000FE05_C0000D551
23,17158,\\amssclgis08.ams.gmams.cl\CL_MLP_PAO\01_Proyectos_ArcGIS\APRX\CL MLP PAO Aereo Image Server\SQLServer-amssclgis06_ArcGIS-Aereo.sde\OWD.AMD_CL_MLP_PAO_IF_Ortho_Geosupport_OVR\\Ov_i9A2_L01_R0000FE05_C0000D552
24,17159,\\amssclgis08.ams.gmams.cl\CL_MLP_PAO\01_Proyectos_ArcGIS\APRX\CL MLP PAO Aereo Image Server\SQLServer-amssclgis06_ArcGIS-Aereo.sde\OWD.AMD_CL_MLP_PAO_IF_Ortho_Geosupport_OVR\\Ov_i9A2_L01_R0000FE05_C0000D553
25,17160,\\amssclgis08.ams.gmams.cl\CL_MLP_PAO\01_Proyectos_ArcGIS\APRX\CL MLP PAO Aereo Image Server\SQLServer-amssclgis06_ArcGIS-Aereo.sde\OWD.AMD_CL_MLP_PAO_IF_Ortho_Geosupport_OVR\\Ov_i9A2_L01_R0000FE05_C0000D554
26,17161,\\amssclgis08.ams.gmams.cl\CL_MLP_PAO\01_Proyectos_ArcGIS\APRX\CL MLP PAO Aereo Image Server\SQLServer-amssclgis06_ArcGIS-Aereo.sde\OWD.AMD_CL_MLP_PAO_IF_Ortho_Geosupport_OVR\\Ov_i9A2_L01_R0000FE05_C0000D555
27,17162,\\amssclgis08.ams.gmams.cl\CL_MLP_PAO\01_Proyectos_ArcGIS\APRX\CL MLP PAO Aereo Image Server\SQLServer-amssclgis06_ArcGIS-Aereo.sde\OWD.AMD_CL_MLP_PAO_IF_Ortho_Geosupport_OVR\\Ov_i9A2_L01_R0000FE05_C0000D556
28,17164,\\amssclgis08.ams.gmams.cl\CL_MLP_PAO\01_Proyectos_ArcGIS\APRX\CL MLP PAO Aereo Image Server\SQLServer-amssclgis06_ArcGIS-Aereo.sde\OWD.AMD_CL_MLP_PAO_IF_Ortho_Geosupport_OVR\\Ov_i9A2_L01_R0000FE05_C0000D558
29,17165,\\amssclgis08.ams.gmams.cl\CL_MLP_PAO\01_Proyectos_ArcGIS\APRX\CL MLP PAO Aereo Image Server\SQLServer-amssclgis06_ArcGIS-Aereo.sde\OWD.AMD_CL_MLP_PAO_IF_Ortho_Geosupport_OVR\\Ov_i9A2_L01_R0000FE05_C0000D559
30,17166,\\amssclgis08.ams.gmams.cl\CL_MLP_PAO\01_Proyectos_ArcGIS\APRX\CL MLP PAO Aereo Image Server\SQLServer-amssclgis06_ArcGIS-Aereo.sde\OWD.AMD_CL_MLP_PAO_IF_Ortho_Geosupport_OVR\\Ov_i9A2_L01_R0000FE05_C0000D55C
31,17167,\\amssclgis08.ams.gmams.cl\CL_MLP_PAO\01_Proyectos_ArcGIS\APRX\CL MLP PAO Aereo Image Server\SQLServer-amssclgis06_ArcGIS-Aereo.sde\OWD.AMD_CL_MLP_PAO_IF_Ortho_Geosupport_OVR\\Ov_i9A2_L01_R0000FE05_C0000D55D
32,17168,\\amssclgis08.ams.gmams.cl\CL_MLP_PAO\01_Proyectos_ArcGIS\APRX\CL MLP PAO Aereo Image Server\SQLServer-amssclgis06_ArcGIS-Aereo.sde\OWD.AMD_CL_MLP_PAO_IF_Ortho_Geosupport_OVR\\Ov_i9A2_L01_R0000FE05_C0000D55E
33,17175,\\amssclgis08.ams.gmams.cl\CL_MLP_PAO\01_Proyectos_ArcGIS\APRX\CL MLP PAO Aereo Image Server\SQLServer-amssclgis06_ArcGIS-Aereo.sde\OWD.AMD_CL_MLP_PAO_IF_Ortho_Geosupport_OVR\\Ov_i9A2_L01_R0000FE06_C0000D54F
34,17176,\\amssclgis08.ams.gmams.cl\CL_MLP_PAO\01_Proyectos_ArcGIS\APRX\CL MLP PAO Aereo Image Server\SQLServer-amssclgis06_ArcGIS-Aereo.sde\OWD.AMD_CL_MLP_PAO_IF_Ortho_Geosupport_OVR\\Ov_i9A2_L01_R0000FE06_C0000D550
35,17177,\\amssclgis08.ams.gmams.cl\CL_MLP_PAO\01_Proyectos_ArcGIS\APRX\CL MLP PAO Aereo Image Server\SQLServer-amssclgis06_ArcGIS-Aereo.sde\OWD.AMD_CL_MLP_PAO_IF_Ortho_Geosupport_OVR\\Ov_i9A2_L01_R0000FE06_C0000D551
36,17178,\\amssclgis08.ams.gmams.cl\CL_MLP_PAO\01_Proyectos_ArcGIS\APRX\CL MLP PAO Aereo Image Server\SQLServer-amssclgis06_ArcGIS-Aereo.sde\OWD.AMD_CL_MLP_PAO_IF_Ortho_Geosupport_OVR\\Ov_i9A2_L01_R0000FE06_C0000D552
37,17179,\\amssclgis08.ams.gmams.cl\CL_MLP_PAO\01_Proyectos_ArcGIS\APRX\CL MLP PAO Aereo Image Server\SQLServer-amssclgis06_ArcGIS-Aereo.sde\OWD.AMD_CL_MLP_PAO_IF_Ortho_Geosupport_OVR\\Ov_i9A2_L01_R0000FE06_C0000D553
38,17180,\\amssclgis08.ams.gmams.cl\CL_MLP_PAO\01_Proyectos_ArcGIS\APRX\CL MLP PAO Aereo Image Server\SQLServer-amssclgis06_ArcGIS-Aereo.sde\OWD.AMD_CL_MLP_PAO_IF_Ortho_Geosupport_OVR\\Ov_i9A2_L01_R0000FE06_C0000D554
39,17184,\\amssclgis08.ams.gmams.cl\CL_MLP_PAO\01_Proyectos_ArcGIS\APRX\CL MLP PAO Aereo Image Server\SQLServer-amssclgis06_ArcGIS-Aereo.sde\OWD.AMD_CL_MLP_PAO_IF_Ortho_Geosupport_OVR\\Ov_i9A2_L01_R0000FE06_C0000D558
40,17185,\\amssclgis08.ams.gmams.cl\CL_MLP_PAO\01_Proyectos_ArcGIS\APRX\CL MLP PAO Aereo Image Server\SQLServer-amssclgis06_ArcGIS-Aereo.sde\OWD.AMD_CL_MLP_PAO_IF_Ortho_Geosupport_OVR\\Ov_i9A2_L01_R0000FE06_C0000D559
41,17186,\\amssclgis08.ams.gmams.cl\CL_MLP_PAO\01_Proyectos_ArcGIS\APRX\CL MLP PAO Aereo Image Server\SQLServer-amssclgis06_ArcGIS-Aereo.sde\OWD.AMD_CL_MLP_PAO_IF_Ortho_Geosupport_OVR\\Ov_i9A2_L01_R0000FE06_C0000D55A
42,17187,\\amssclgis08.ams.gmams.cl\CL_MLP_PAO\01_Proyectos_ArcGIS\APRX\CL MLP PAO Aereo Image Server\SQLServer-amssclgis06_ArcGIS-Aereo.sde\OWD.AMD_CL_MLP_PAO_IF_Ortho_Geosupport_OVR\\Ov_i9A2_L01_R0000FE06_C0000D55B
43,17188,\\amssclgis08.ams.gmams.cl\CL_MLP_PAO\01_Proyectos_ArcGIS\APRX\CL MLP PAO Aereo Image Server\SQLServer-amssclgis06_ArcGIS-Aereo.sde\OWD.AMD_CL_MLP_PAO_IF_Ortho_Geosupport_OVR\\Ov_i9A2_L01_R0000FE06_C0000D55C
44,17189,\\amssclgis08.ams.gmams.cl\CL_MLP_PAO\01_Proyectos_ArcGIS\APRX\CL MLP PAO Aereo Image Server\SQLServer-amssclgis06_ArcGIS-Aereo.sde\OWD.AMD_CL_MLP_PAO_IF_Ortho_Geosupport_OVR\\Ov_i9A2_L01_R0000FE06_C0000D55D
45,17190,\\amssclgis08.ams.gmams.cl\CL_MLP_PAO\01_Proyectos_ArcGIS\APRX\CL MLP PAO Aereo Image Server\SQLServer-amssclgis06_ArcGIS-Aereo.sde\OWD.AMD_CL_MLP_PAO_IF_Ortho_Geosupport_OVR\\Ov_i9A2_L01_R0000FE06_C0000D55E
46,17191,\\amssclgis08.ams.gmams.cl\CL_MLP_PAO\01_Proyectos_ArcGIS\APRX\CL MLP PAO Aereo Image Server\SQLServer-amssclgis06_ArcGIS-Aereo.sde\OWD.AMD_CL_MLP_PAO_IF_Ortho_Geosupport_OVR\\Ov_i9A2_L01_R0000FE06_C0000D55F
47,17192,\\amssclgis08.ams.gmams.cl\CL_MLP_PAO\01_Proyectos_ArcGIS\APRX\CL MLP PAO Aereo Image Server\SQLServer-amssclgis06_ArcGIS-Aereo.sde\OWD.AMD_CL_MLP_PAO_IF_Ortho_Geosupport_OVR\\Ov_i9A2_L01_R0000FE07_C0000D552
48,17193,\\amssclgis08.ams.gmams.cl\CL_MLP_PAO\01_Proyectos_ArcGIS\APRX\CL MLP PAO Aereo Image Server\SQLServer-amssclgis06_ArcGIS-Aereo.sde\OWD.AMD_CL_MLP_PAO_IF_Ortho_Geosupport_OVR\\Ov_i9A2_L01_R0000FE07_C0000D553
49,17194,\\amssclgis08.ams.gmams.cl\CL_MLP_PAO\01_Proyectos_ArcGIS\APRX\CL MLP PAO Aereo Image Server\SQLServer-amssclgis06_ArcGIS-Aereo.sde\OWD.AMD_CL_MLP_PAO_IF_Ortho_Geosupport_OVR\\Ov_i9A2_L01_R0000FE07_C0000D554
50,17199,\\amssclgis08.ams.gmams.cl\CL_MLP_PAO\01_Proyectos_ArcGIS\APRX\CL MLP PAO Aereo Image Server\SQLServer-amssclgis06_ArcGIS-Aereo.sde\OWD.AMD_CL_MLP_PAO_IF_Ortho_Geosupport_OVR\\Ov_i9A2_L01_R0000FE07_C0000D559
51,17200,\\amssclgis08.ams.gmams.cl\CL_MLP_PAO\01_Proyectos_ArcGIS\APRX\CL MLP PAO Aereo Image Server\SQLServer-amssclgis06_ArcGIS-Aereo.sde\OWD.AMD_CL_MLP_PAO_IF_Ortho_Geosupport_OVR\\Ov_i9A2_L01_R0000FE07_C0000D55A
52,17201,\\amssclgis08.ams.gmams.cl\CL_MLP_PAO\01_Proyectos_ArcGIS\APRX\CL MLP PAO Aereo Image Server\SQLServer-amssclgis06_ArcGIS-Aereo.sde\OWD.AMD_CL_MLP_PAO_IF_Ortho_Geosupport_OVR\\Ov_i9A2_L01_R0000FE07_C0000D55B
53,17202,\\amssclgis08.ams.gmams.cl\CL_MLP_PAO\01_Proyectos_ArcGIS\APRX\CL MLP PAO Aereo Image Server\SQLServer-amssclgis06_ArcGIS-Aereo.sde\OWD.AMD_CL_MLP_PAO_IF_Ortho_Geosupport_OVR\\Ov_i9A2_L01_R0000FE07_C0000D55C
54,17203,\\amssclgis08.ams.gmams.cl\CL_MLP_PAO\01_Proyectos_ArcGIS\APRX\CL MLP PAO Aereo Image Server\SQLServer-amssclgis06_ArcGIS-Aereo.sde\OWD.AMD_CL_MLP_PAO_IF_Ortho_Geosupport_OVR\\Ov_i9A2_L01_R0000FE07_C0000D55D
55,17204,\\amssclgis08.ams.gmams.cl\CL_MLP_PAO\01_Proyectos_ArcGIS\APRX\CL MLP PAO Aereo Image Server\SQLServer-amssclgis06_ArcGIS-Aereo.sde\OWD.AMD_CL_MLP_PAO_IF_Ortho_Geosupport_OVR\\Ov_i9A2_L01_R0000FE08_C0000D554
56,17205,\\amssclgis08.ams.gmams.cl\CL_MLP_PAO\01_Proyectos_ArcGIS\APRX\CL MLP PAO Aereo Image Server\SQLServer-amssclgis06_ArcGIS-Aereo.sde\OWD.AMD_CL_MLP_PAO_IF_Ortho_Geosupport_OVR\\Ov_i9A2_L01_R0000FE08_C0000D555
57,17209,\\amssclgis08.ams.gmams.cl\CL_MLP_PAO\01_Proyectos_ArcGIS\APRX\CL MLP PAO Aereo Image Server\SQLServer-amssclgis06_ArcGIS-Aereo.sde\OWD.AMD_CL_MLP_PAO_IF_Ortho_Geosupport_OVR\\Ov_i9A2_L01_R0000FE08_C0000D559
58,17210,\\amssclgis08.ams.gmams.cl\CL_MLP_PAO\01_Proyectos_ArcGIS\APRX\CL MLP PAO Aereo Image Server\SQLServer-amssclgis06_ArcGIS-Aereo.sde\OWD.AMD_CL_MLP_PAO_IF_Ortho_Geosupport_OVR\\Ov_i9A2_L01_R0000FE08_C0000D55A
59,17211,\\amssclgis08.ams.gmams.cl\CL_MLP_PAO\01_Proyectos_ArcGIS\APRX\CL MLP PAO Aereo Image Server\SQLServer-amssclgis06_ArcGIS-Aereo.sde\OWD.AMD_CL_MLP_PAO_IF_Ortho_Geosupport_OVR\\Ov_i9A2_L01_R0000FE08_C0000D55B
60,17212,\\amssclgis08.ams.gmams.cl\CL_MLP_PAO\01_Proyectos_ArcGIS\APRX\CL MLP PAO Aereo Image Server\SQLServer-amssclgis06_ArcGIS-Aereo.sde\OWD.AMD_CL_MLP_PAO_IF_Ortho_Geosupport_OVR\\Ov_i9A2_L01_R0000FE08_C0000D55C
61,17213,\\amssclgis08.ams.gmams.cl\CL_MLP_PAO\01_Proyectos_ArcGIS\APRX\CL MLP PAO Aereo Image Server\SQLServer-amssclgis06_ArcGIS-Aereo.sde\OWD.AMD_CL_MLP_PAO_IF_Ortho_Geosupport_OVR\\Ov_i9A2_L01_R0000FE08_C0000D55D
62,17229,\\amssclgis08.ams.gmams.cl\CL_MLP_PAO\01_Proyectos_ArcGIS\APRX\CL MLP PAO Aereo Image Server\SQLServer-amssclgis06_ArcGIS-Aereo.sde\OWD.AMD_CL_MLP_PAO_IF_Ortho_Geosupport_OVR\\Ov_i9A2_L01_R0000FEA8_C0000D716
63,17232,\\amssclgis08.ams.gmams.cl\CL_MLP_PAO\01_Proyectos_ArcGIS\APRX\CL MLP PAO Aereo Image Server\SQLServer-amssclgis06_ArcGIS-Aereo.sde\OWD.AMD_CL_MLP_PAO_IF_Ortho_Geosupport_OVR\\Ov_i9A2_L01_R0000FEA7_C0000D716
64,17234,\\amssclgis08.ams.gmams.cl\CL_MLP_PAO\01_Proyectos_ArcGIS\APRX\CL MLP PAO Aereo Image Server\SQLServer-amssclgis06_ArcGIS-Aereo.sde\OWD.AMD_CL_MLP_PAO_IF_Ortho_Geosupport_OVR\\Ov_i9A2_L01_R0000FEA8_C0000D715
65,17236,\\amssclgis08.ams.gmams.cl\CL_MLP_PAO\01_Proyectos_ArcGIS\APRX\CL MLP PAO Aereo Image Server\SQLServer-amssclgis06_ArcGIS-Aereo.sde\OWD.AMD_CL_MLP_PAO_IF_Ortho_Geosupport_OVR\\Ov_i9A2_L01_R0000FEA7_C0000D715
66,17248,\\amssclgis08.ams.gmams.cl\CL_MLP_PAO\01_Proyectos_ArcGIS\APRX\CL MLP PAO Aereo Image Server\SQLServer-amssclgis06_ArcGIS-Aereo.sde\OWD.AMD_CL_MLP_PAO_IF_Ortho_Geosupport_OVR\\Ov_i9A2_L01_R0000FEA6_C0000D715
67,17253,\\amssclgis08.ams.gmams.cl\CL_MLP_PAO\01_Proyectos_ArcGIS\APRX\CL MLP PAO Aereo Image Server\SQLServer-amssclgis06_ArcGIS-Aereo.sde\OWD.AMD_CL_MLP_PAO_IF_Ortho_Geosupport_OVR\\Ov_i9A2_L01_R0000FE09_C0000D586
68,17254,\\amssclgis08.ams.gmams.cl\CL_MLP_PAO\01_Proyectos_ArcGIS\APRX\CL MLP PAO Aereo Image Server\SQLServer-amssclgis06_ArcGIS-Aereo.sde\OWD.AMD_CL_MLP_PAO_IF_Ortho_Geosupport_OVR\\Ov_i9A2_L01_R0000FE09_C0000D587
69,17255,\\amssclgis08.ams.gmams.cl\CL_MLP_PAO\01_Proyectos_ArcGIS\APRX\CL MLP PAO Aereo Image Server\SQLServer-amssclgis06_ArcGIS-Aereo.sde\OWD.AMD_CL_MLP_PAO_IF_Ortho_Geosupport_OVR\\Ov_i9A2_L01_R0000FE0A_C0000D584
70,17256,\\amssclgis08.ams.gmams.cl\CL_MLP_PAO\01_Proyectos_ArcGIS\APRX\CL MLP PAO Aereo Image Server\SQLServer-amssclgis06_ArcGIS-Aereo.sde\OWD.AMD_CL_MLP_PAO_IF_Ortho_Geosupport_OVR\\Ov_i9A2_L01_R0000FE0A_C0000D585
71,17257,\\amssclgis08.ams.gmams.cl\CL_MLP_PAO\01_Proyectos_ArcGIS\APRX\CL MLP PAO Aereo Image Server\SQLServer-amssclgis06_ArcGIS-Aereo.sde\OWD.AMD_CL_MLP_PAO_IF_Ortho_Geosupport_OVR\\Ov_i9A2_L01_R0000FE0A_C0000D586
72,17258,\\amssclgis08.ams.gmams.cl\CL_MLP_PAO\01_Proyectos_ArcGIS\APRX\CL MLP PAO Aereo Image Server\SQLServer-amssclgis06_ArcGIS-Aereo.sde\OWD.AMD_CL_MLP_PAO_IF_Ortho_Geosupport_OVR\\Ov_i9A2_L01_R0000FE0A_C0000D587
73,17259,\\amssclgis08.ams.gmams.cl\CL_MLP_PAO\01_Proyectos_ArcGIS\APRX\CL MLP PAO Aereo Image Server\SQLServer-amssclgis06_ArcGIS-Aereo.sde\OWD.AMD_CL_MLP_PAO_IF_Ortho_Geosupport_OVR\\Ov_i9A2_L01_R0000FE0A_C0000D588
74,17260,\\amssclgis08.ams.gmams.cl\CL_MLP_PAO\01_Proyectos_ArcGIS\APRX\CL MLP PAO Aereo Image Server\SQLServer-amssclgis06_ArcGIS-Aereo.sde\OWD.AMD_CL_MLP_PAO_IF_Ortho_Geosupport_OVR\\Ov_i9A2_L01_R0000FE0B_C0000D581
75,17261,\\amssclgis08.ams.gmams.cl\CL_MLP_PAO\01_Proyectos_ArcGIS\APRX\CL MLP PAO Aereo Image Server\SQLServer-amssclgis06_ArcGIS-Aereo.sde\OWD.AMD_CL_MLP_PAO_IF_Ortho_Geosupport_OVR\\Ov_i9A2_L01_R0000FE0B_C0000D582
76,17262,\\amssclgis08.ams.gmams.cl\CL_MLP_PAO\01_Proyectos_ArcGIS\APRX\CL MLP PAO Aereo Image Server\SQLServer-amssclgis06_ArcGIS-Aereo.sde\OWD.AMD_CL_MLP_PAO_IF_Ortho_Geosupport_OVR\\Ov_i9A2_L01_R0000FE0B_C0000D583
77,17263,\\amssclgis08.ams.gmams.cl\CL_MLP_PAO\01_Proyectos_ArcGIS\APRX\CL MLP PAO Aereo Image Server\SQLServer-amssclgis06_ArcGIS-Aereo.sde\OWD.AMD_CL_MLP_PAO_IF_Ortho_Geosupport_OVR\\Ov_i9A2_L01_R0000FE0B_C0000D584
78,17264,\\amssclgis08.ams.gmams.cl\CL_MLP_PAO\01_Proyectos_ArcGIS\APRX\CL MLP PAO Aereo Image Server\SQLServer-amssclgis06_ArcGIS-Aereo.sde\OWD.AMD_CL_MLP_PAO_IF_Ortho_Geosupport_OVR\\Ov_i9A2_L01_R0000FE0B_C0000D585
79,17265,\\amssclgis08.ams.gmams.cl\CL_MLP_PAO\01_Proyectos_ArcGIS\APRX\CL MLP PAO Aereo Image Server\SQLServer-amssclgis06_ArcGIS-Aereo.sde\OWD.AMD_CL_MLP_PAO_IF_Ortho_Geosupport_OVR\\Ov_i9A2_L01_R0000FE0B_C0000D586
80,17266,\\amssclgis08.ams.gmams.cl\CL_MLP_PAO\01_Proyectos_ArcGIS\APRX\CL MLP PAO Aereo Image Server\SQLServer-amssclgis06_ArcGIS-Aereo.sde\OWD.AMD_CL_MLP_PAO_IF_Ortho_Geosupport_OVR\\Ov_i9A2_L01_R0000FE0B_C0000D587
81,17267,\\amssclgis08.ams.gmams.cl\CL_MLP_PAO\01_Proyectos_ArcGIS\APRX\CL MLP PAO Aereo Image Server\SQLServer-amssclgis06_ArcGIS-Aereo.sde\OWD.AMD_CL_MLP_PAO_IF_Ortho_Geosupport_OVR\\Ov_i9A2_L01_R0000FE0B_C0000D588
82,17268,\\amssclgis08.ams.gmams.cl\CL_MLP_PAO\01_Proyectos_ArcGIS\APRX\CL MLP PAO Aereo Image Server\SQLServer-amssclgis06_ArcGIS-Aereo.sde\OWD.AMD_CL_MLP_PAO_IF_Ortho_Geosupport_OVR\\Ov_i9A2_L01_R0000FE0B_C0000D589
83,17269,\\amssclgis08.ams.gmams.cl\CL_MLP_PAO\01_Proyectos_ArcGIS\APRX\CL MLP PAO Aereo Image Server\SQLServer-amssclgis06_ArcGIS-Aereo.sde\OWD.AMD_CL_MLP_PAO_IF_Ortho_Geosupport_OVR\\Ov_i9A2_L01_R0000FE0C_C0000D581
84,17270,\\amssclgis08.ams.gmams.cl\CL_MLP_PAO\01_Proyectos_ArcGIS\APRX\CL MLP PAO Aereo Image Server\SQLServer-amssclgis06_ArcGIS-Aereo.sde\OWD.AMD_CL_MLP_PAO_IF_Ortho_Geosupport_OVR\\Ov_i9A2_L01_R0000FE0C_C0000D582
85,17271,\\amssclgis08.ams.gmams.cl\CL_MLP_PAO\01_Proyectos_ArcGIS\APRX\CL MLP PAO Aereo Image Server\SQLServer-amssclgis06_ArcGIS-Aereo.sde\OWD.AMD_CL_MLP_PAO_IF_Ortho_Geosupport_OVR\\Ov_i9A2_L01_R0000FE0C_C0000D583
86,17272,\\amssclgis08.ams.gmams.cl\CL_MLP_PAO\01_Proyectos_ArcGIS\APRX\CL MLP PAO Aereo Image Server\SQLServer-amssclgis06_ArcGIS-Aereo.sde\OWD.AMD_CL_MLP_PAO_IF_Ortho_Geosupport_OVR\\Ov_i9A2_L01_R0000FE0C_C0000D584
87,17273,\\amssclgis08.ams.gmams.cl\CL_MLP_PAO\01_Proyectos_ArcGIS\APRX\CL MLP PAO Aereo Image Server\SQLServer-amssclgis06_ArcGIS-Aereo.sde\OWD.AMD_CL_MLP_PAO_IF_Ortho_Geosupport_OVR\\Ov_i9A2_L01_R0000FE0C_C0000D585
88,17274,\\amssclgis08.ams.gmams.cl\CL_MLP_PAO\01_Proyectos_ArcGIS\APRX\CL MLP PAO Aereo Image Server\SQLServer-amssclgis06_ArcGIS-Aereo.sde\OWD.AMD_CL_MLP_PAO_IF_Ortho_Geosupport_OVR\\Ov_i9A2_L01_R0000FE0C_C0000D586
89,17275,\\amssclgis08.ams.gmams.cl\CL_MLP_PAO\01_Proyectos_ArcGIS\APRX\CL MLP PAO Aereo Image Server\SQLServer-amssclgis06_ArcGIS-Aereo.sde\OWD.AMD_CL_MLP_PAO_IF_Ortho_Geosupport_OVR\\Ov_i9A2_L01_R0000FE0C_C0000D587
90,17276,\\amssclgis08.ams.gmams.cl\CL_MLP_PAO\01_Proyectos_ArcGIS\APRX\CL MLP PAO Aereo Image Server\SQLServer-amssclgis06_ArcGIS-Aereo.sde\OWD.AMD_CL_MLP_PAO_IF_Ortho_Geosupport_OVR\\Ov_i9A2_L01_R0000FE0C_C0000D588
91,17277,\\amssclgis08.ams.gmams.cl\CL_MLP_PAO\01_Proyectos_ArcGIS\APRX\CL MLP PAO Aereo Image Server\SQLServer-amssclgis06_ArcGIS-Aereo.sde\OWD.AMD_CL_MLP_PAO_IF_Ortho_Geosupport_OVR\\Ov_i9A2_L01_R0000FE0C_C0000D589
92,17278,\\amssclgis08.ams.gmams.cl\CL_MLP_PAO\01_Proyectos_ArcGIS\APRX\CL MLP PAO Aereo Image Server\SQLServer-amssclgis06_ArcGIS-Aereo.sde\OWD.AMD_CL_MLP_PAO_IF_Ortho_Geosupport_OVR\\Ov_i9A2_L01_R0000FE0C_C0000D58A
93,17279,\\amssclgis08.ams.gmams.cl\CL_MLP_PAO\01_Proyectos_ArcGIS\APRX\CL MLP PAO Aereo Image Server\SQLServer-amssclgis06_ArcGIS-Aereo.sde\OWD.AMD_CL_MLP_PAO_IF_Ortho_Geosupport_OVR\\Ov_i9A2_L01_R0000FE0D_C0000D581
94,17280,\\amssclgis08.ams.gmams.cl\CL_MLP_PAO\01_Proyectos_ArcGIS\APRX\CL MLP PAO Aereo Image Server\SQLServer-amssclgis06_ArcGIS-Aereo.sde\OWD.AMD_CL_MLP_PAO_IF_Ortho_Geosupport_OVR\\Ov_i9A2_L01_R0000FE0D_C0000D582
95,17281,\\amssclgis08.ams.gmams.cl\CL_MLP_PAO\01_Proyectos_ArcGIS\APRX\CL MLP PAO Aereo Image Server\SQLServer-amssclgis06_ArcGIS-Aereo.sde\OWD.AMD_CL_MLP_PAO_IF_Ortho_Geosupport_OVR\\Ov_i9A2_L01_R0000FE0D_C0000D583
96,17282,\\amssclgis08.ams.gmams.cl\CL_MLP_PAO\01_Proyectos_ArcGIS\APRX\CL MLP PAO Aereo Image Server\SQLServer-amssclgis06_ArcGIS-Aereo.sde\OWD.AMD_CL_MLP_PAO_IF_Ortho_Geosupport_OVR\\Ov_i9A2_L01_R0000FE0D_C0000D584
97,17283,\\amssclgis08.ams.gmams.cl\CL_MLP_PAO\01_Proyectos_ArcGIS\APRX\CL MLP PAO Aereo Image Server\SQLServer-amssclgis06_ArcGIS-Aereo.sde\OWD.AMD_CL_MLP_PAO_IF_Ortho_Geosupport_OVR\\Ov_i9A2_L01_R0000FE0D_C0000D585
98,17284,\\amssclgis08.ams.gmams.cl\CL_MLP_PAO\01_Proyectos_ArcGIS\APRX\CL MLP PAO Aereo Image Server\SQLServer-amssclgis06_ArcGIS-Aereo.sde\OWD.AMD_CL_MLP_PAO_IF_Ortho_Geosupport_OVR\\Ov_i9A2_L01_R0000FE0D_C0000D586
99,17285,\\amssclgis08.ams.gmams.cl\CL_MLP_PAO\01_Proyectos_ArcGIS\APRX\CL MLP PAO Aereo Image Server\SQLServer-amssclgis06_ArcGIS-Aereo.sde\OWD.AMD_CL_MLP_PAO_IF_Ortho_Geosupport_OVR\\Ov_i9A2_L01_R0000FE0D_C0000D587
100,17286,\\amssclgis08.ams.gmams.cl\CL_MLP_PAO\01_Proyectos_ArcGIS\APRX\CL MLP PAO Aereo Image Server\SQLServer-amssclgis06_ArcGIS-Aereo.sde\OWD.AMD_CL_MLP_PAO_IF_Ortho_Geosupport_OVR\\Ov_i9A2_L01_R0000FE0D_C0000D588
101,17287,\\amssclgis08.ams.gmams.cl\CL_MLP_PAO\01_Proyectos_ArcGIS\APRX\CL MLP PAO Aereo Image Server\SQLServer-amssclgis06_ArcGIS-Aereo.sde\OWD.AMD_CL_MLP_PAO_IF_Ortho_Geosupport_OVR\\Ov_i9A2_L01_R0000FE0D_C0000D589
102,17288,\\amssclgis08.ams.gmams.cl\CL_MLP_PAO\01_Proyectos_ArcGIS\APRX\CL MLP PAO Aereo Image Server\SQLServer-amssclgis06_ArcGIS-Aereo.sde\OWD.AMD_CL_MLP_PAO_IF_Ortho_Geosupport_OVR\\Ov_i9A2_L01_R0000FE0E_C0000D582
103,17289,\\amssclgis08.ams.gmams.cl\CL_MLP_PAO\01_Proyectos_ArcGIS\APRX\CL MLP PAO Aereo Image Server\SQLServer-amssclgis06_ArcGIS-Aereo.sde\OWD.AMD_CL_MLP_PAO_IF_Ortho_Geosupport_OVR\\Ov_i9A2_L01_R0000FE0E_C0000D583
104,17290,\\amssclgis08.ams.gmams.cl\CL_MLP_PAO\01_Proyectos_ArcGIS\APRX\CL MLP PAO Aereo Image Server\SQLServer-amssclgis06_ArcGIS-Aereo.sde\OWD.AMD_CL_MLP_PAO_IF_Ortho_Geosupport_OVR\\Ov_i9A2_L01_R0000FE0E_C0000D584
105,17291,\\amssclgis08.ams.gmams.cl\CL_MLP_PAO\01_Proyectos_ArcGIS\APRX\CL MLP PAO Aereo Image Server\SQLServer-amssclgis06_ArcGIS-Aereo.sde\OWD.AMD_CL_MLP_PAO_IF_Ortho_Geosupport_OVR\\Ov_i9A2_L01_R0000FE0E_C0000D585
106,17292,\\amssclgis08.ams.gmams.cl\CL_MLP_PAO\01_Proyectos_ArcGIS\APRX\CL MLP PAO Aereo Image Server\SQLServer-amssclgis06_ArcGIS-Aereo.sde\OWD.AMD_CL_MLP_PAO_IF_Ortho_Geosupport_OVR\\Ov_i9A2_L01_R0000FE0E_C0000D586
107,17293,\\amssclgis08.ams.gmams.cl\CL_MLP_PAO\01_Proyectos_ArcGIS\APRX\CL MLP PAO Aereo Image Server\SQLServer-amssclgis06_ArcGIS-Aereo.sde\OWD.AMD_CL_MLP_PAO_IF_Ortho_Geosupport_OVR\\Ov_i9A2_L01_R0000FE0E_C0000D587
108,17294,\\amssclgis08.ams.gmams.cl\CL_MLP_PAO\01_Proyectos_ArcGIS\APRX\CL MLP PAO Aereo Image Server\SQLServer-amssclgis06_ArcGIS-Aereo.sde\OWD.AMD_CL_MLP_PAO_IF_Ortho_Geosupport_OVR\\Ov_i9A2_L01_R0000FE0E_C0000D588
109,17295,\\amssclgis08.ams.gmams.cl\CL_MLP_PAO\01_Proyectos_ArcGIS\APRX\CL MLP PAO Aereo Image Server\SQLServer-amssclgis06_ArcGIS-Aereo.sde\OWD.AMD_CL_MLP_PAO_IF_Ortho_Geosupport_OVR\\Ov_i9A2_L01_R0000FE0F_C0000D583
110,17296,\\amssclgis08.ams.gmams.cl\CL_MLP_PAO\01_Proyectos_ArcGIS\APRX\CL MLP PAO Aereo Image Server\SQLServer-amssclgis06_ArcGIS-Aereo.sde\OWD.AMD_CL_MLP_PAO_IF_Ortho_Geosupport_OVR\\Ov_i9A2_L01_R0000FE0F_C0000D584
111,17297,\\amssclgis08.ams.gmams.cl\CL_MLP_PAO\01_Proyectos_ArcGIS\APRX\CL MLP PAO Aereo Image Server\SQLServer-amssclgis06_ArcGIS-Aereo.sde\OWD.AMD_CL_MLP_PAO_IF_Ortho_Geosupport_OVR\\Ov_i9A2_L01_R0000FE0F_C0000D585
112,17298,\\amssclgis08.ams.gmams.cl\CL_MLP_PAO\01_Proyectos_ArcGIS\APRX\CL MLP PAO Aereo Image Server\SQLServer-amssclgis06_ArcGIS-Aereo.sde\OWD.AMD_CL_MLP_PAO_IF_Ortho_Geosupport_OVR\\Ov_i9A2_L01_R0000FE0F_C0000D586
113,17299,\\amssclgis08.ams.gmams.cl\CL_MLP_PAO\01_Proyectos_ArcGIS\APRX\CL MLP PAO Aereo Image Server\SQLServer-amssclgis06_ArcGIS-Aereo.sde\OWD.AMD_CL_MLP_PAO_IF_Ortho_Geosupport_OVR\\Ov_i9A2_L01_R0000FE0F_C0000D587
114,17300,\\amssclgis08.ams.gmams.cl\CL_MLP_PAO\01_Proyectos_ArcGIS\APRX\CL MLP PAO Aereo Image Server\SQLServer-amssclgis06_ArcGIS-Aereo.sde\OWD.AMD_CL_MLP_PAO_IF_Ortho_Geosupport_OVR\\Ov_i9A2_L01_R0000FE0F_C0000D588
115,17301,\\amssclgis08.ams.gmams.cl\CL_MLP_PAO\01_Proyectos_ArcGIS\APRX\CL MLP PAO Aereo Image Server\SQLServer-amssclgis06_ArcGIS-Aereo.sde\OWD.AMD_CL_MLP_PAO_IF_Ortho_Geosupport_OVR\\Ov_i9A2_L01_R0000FE10_C0000D584
116,17302,\\amssclgis08.ams.gmams.cl\CL_MLP_PAO\01_Proyectos_ArcGIS\APRX\CL MLP PAO Aereo Image Server\SQLServer-amssclgis06_ArcGIS-Aereo.sde\OWD.AMD_CL_MLP_PAO_IF_Ortho_Geosupport_OVR\\Ov_i9A2_L01_R0000FE10_C0000D585
117,17303,\\amssclgis08.ams.gmams.cl\CL_MLP_PAO\01_Proyectos_ArcGIS\APRX\CL MLP PAO Aereo Image Server\SQLServer-amssclgis06_ArcGIS-Aereo.sde\OWD.AMD_CL_MLP_PAO_IF_Ortho_Geosupport_OVR\\Ov_i9A2_L01_R0000FE10_C0000D586
118,17304,\\amssclgis08.ams.gmams.cl\CL_MLP_PAO\01_Proyectos_ArcGIS\APRX\CL MLP PAO Aereo Image Server\SQLServer-amssclgis06_ArcGIS-Aereo.sde\OWD.AMD_CL_MLP_PAO_IF_Ortho_Geosupport_OVR\\Ov_i9A2_L01_R0000FE10_C0000D587
119,17310,\\amssclgis08.ams.gmams.cl\CL_MLP_PAO\01_Proyectos_ArcGIS\APRX\CL MLP PAO Aereo Image Server\SQLServer-amssclgis06_ArcGIS-Aereo.sde\OWD.AMD_CL_MLP_PAO_IF_Ortho_Geosupport_OVR\\Ov_i9A2_L01_R0000FE09_C0000D565
120,17311,\\amssclgis08.ams.gmams.cl\CL_MLP_PAO\01_Proyectos_ArcGIS\APRX\CL MLP PAO Aereo Image Server\SQLServer-amssclgis06_ArcGIS-Aereo.sde\OWD.AMD_CL_MLP_PAO_IF_Ortho_Geosupport_OVR\\Ov_i9A2_L01_R0000FE0A_C0000D564
121,17312,\\amssclgis08.ams.gmams.cl\CL_MLP_PAO\01_Proyectos_ArcGIS\APRX\CL MLP PAO Aereo Image Server\SQLServer-amssclgis06_ArcGIS-Aereo.sde\OWD.AMD_CL_MLP_PAO_IF_Ortho_Geosupport_OVR\\Ov_i9A2_L01_R0000FE0A_C0000D565
122,17313,\\amssclgis08.ams.gmams.cl\CL_MLP_PAO\01_Proyectos_ArcGIS\APRX\CL MLP PAO Aereo Image Server\SQLServer-amssclgis06_ArcGIS-Aereo.sde\OWD.AMD_CL_MLP_PAO_IF_Ortho_Geosupport_OVR\\Ov_i9A2_L01_R0000FE08_C0000D561
123,17314,\\amssclgis08.ams.gmams.cl\CL_MLP_PAO\01_Proyectos_ArcGIS\APRX\CL MLP PAO Aereo Image Server\SQLServer-amssclgis06_ArcGIS-Aereo.sde\OWD.AMD_CL_MLP_PAO_IF_Ortho_Geosupport_OVR\\Ov_i9A2_L01_R0000FE09_C0000D561
124,17317,\\amssclgis08.ams.gmams.cl\CL_MLP_PAO\01_Proyectos_ArcGIS\APRX\CL MLP PAO Aereo Image Server\SQLServer-amssclgis06_ArcGIS-Aereo.sde\OWD.AMD_CL_MLP_PAO_IF_Ortho_Geosupport_OVR\\Ov_i9A2_L01_R0000FE08_C0000D562
125,17318,\\amssclgis08.ams.gmams.cl\CL_MLP_PAO\01_Proyectos_ArcGIS\APRX\CL MLP PAO Aereo Image Server\SQLServer-amssclgis06_ArcGIS-Aereo.sde\OWD.AMD_CL_MLP_PAO_IF_Ortho_Geosupport_OVR\\Ov_i9A2_L01_R0000FE09_C0000D562
126,17319,\\amssclgis08.ams.gmams.cl\CL_MLP_PAO\01_Proyectos_ArcGIS\APRX\CL MLP PAO Aereo Image Server\SQLServer-amssclgis06_ArcGIS-Aereo.sde\OWD.AMD_CL_MLP_PAO_IF_Ortho_Geosupport_OVR\\Ov_i9A2_L01_R0000FE09_C0000D563
127,17320,\\amssclgis08.ams.gmams.cl\CL_MLP_PAO\01_Proyectos_ArcGIS\APRX\CL MLP PAO Aereo Image Server\SQLServer-amssclgis06_ArcGIS-Aereo.sde\OWD.AMD_CL_MLP_PAO_IF_Ortho_Geosupport_OVR\\Ov_i9A2_L01_R0000FE0A_C0000D563
128,17321,\\amssclgis08.ams.gmams.cl\CL_MLP_PAO\01_Proyectos_ArcGIS\APRX\CL MLP PAO Aereo Image Server\SQLServer-amssclgis06_ArcGIS-Aereo.sde\OWD.AMD_CL_MLP_PAO_IF_Ortho_Geosupport_OVR\\Ov_i9A2_L01_R0000FE09_C0000D564
129,17322,\\amssclgis08.ams.gmams.cl\CL_MLP_PAO\01_Proyectos_ArcGIS\APRX\CL MLP PAO Aereo Image Server\SQLServer-amssclgis06_ArcGIS-Aereo.sde\OWD.AMD_CL_MLP_PAO_IF_Ortho_Geosupport_OVR\\Ov_i9A2_L01_R0000FE07_C0000D55E
130,17323,\\amssclgis08.ams.gmams.cl\CL_MLP_PAO\01_Proyectos_ArcGIS\APRX\CL MLP PAO Aereo Image Server\SQLServer-amssclgis06_ArcGIS-Aereo.sde\OWD.AMD_CL_MLP_PAO_IF_Ortho_Geosupport_OVR\\Ov_i9A2_L01_R0000FE08_C0000D55E
131,17327,\\amssclgis08.ams.gmams.cl\CL_MLP_PAO\01_Proyectos_ArcGIS\APRX\CL MLP PAO Aereo Image Server\SQLServer-amssclgis06_ArcGIS-Aereo.sde\OWD.AMD_CL_MLP_PAO_IF_Ortho_Geosupport_OVR\\Ov_i9A2_L01_R0000FE07_C0000D55F
132,17328,\\amssclgis08.ams.gmams.cl\CL_MLP_PAO\01_Proyectos_ArcGIS\APRX\CL MLP PAO Aereo Image Server\SQLServer-amssclgis06_ArcGIS-Aereo.sde\OWD.AMD_CL_MLP_PAO_IF_Ortho_Geosupport_OVR\\Ov_i9A2_L01_R0000FE08_C0000D55F
133,17336,\\amssclgis08.ams.gmams.cl\CL_MLP_PAO\01_Proyectos_ArcGIS\APRX\CL MLP PAO Aereo Image Server\SQLServer-amssclgis06_ArcGIS-Aereo.sde\OWD.AMD_CL_MLP_PAO_IF_Ortho_Geosupport_OVR\\Ov_i9A2_L01_R0000FE08_C0000D563
134,17337,\\amssclgis08.ams.gmams.cl\CL_MLP_PAO\01_Proyectos_ArcGIS\APRX\CL MLP PAO Aereo Image Server\SQLServer-amssclgis06_ArcGIS-Aereo.sde\OWD.AMD_CL_MLP_PAO_IF_Ortho_Geosupport_OVR\\Ov_i9A2_L01_R0000FE07_C0000D560
135,17338,\\amssclgis08.ams.gmams.cl\CL_MLP_PAO\01_Proyectos_ArcGIS\APRX\CL MLP PAO Aereo Image Server\SQLServer-amssclgis06_ArcGIS-Aereo.sde\OWD.AMD_CL_MLP_PAO_IF_Ortho_Geosupport_OVR\\Ov_i9A2_L01_R0000FE08_C0000D560
136,17343,\\amssclgis08.ams.gmams.cl\CL_MLP_PAO\01_Proyectos_ArcGIS\APRX\CL MLP PAO Aereo Image Server\SQLServer-amssclgis06_ArcGIS-Aereo.sde\OWD.AMD_CL_MLP_PAO_IF_Ortho_Geosupport_OVR\\Ov_i9A2_L01_R0000FE07_C0000D565
137,17345,\\amssclgis08.ams.gmams.cl\CL_MLP_PAO\01_Proyectos_ArcGIS\APRX\CL MLP PAO Aereo Image Server\SQLServer-amssclgis06_ArcGIS-Aereo.sde\OWD.AMD_CL_MLP_PAO_IF_Ortho_Geosupport_OVR\\Ov_i9A2_L01_R0000FE06_C0000D565
138,17346,\\amssclgis08.ams.gmams.cl\CL_MLP_PAO\01_Proyectos_ArcGIS\APRX\CL MLP PAO Aereo Image Server\SQLServer-amssclgis06_ArcGIS-Aereo.sde\OWD.AMD_CL_MLP_PAO_IF_Ortho_Geosupport_OVR\\Ov_i9A2_L01_R0000FE06_C0000D566
139,17348,\\amssclgis08.ams.gmams.cl\CL_MLP_PAO\01_Proyectos_ArcGIS\APRX\CL MLP PAO Aereo Image Server\SQLServer-amssclgis06_ArcGIS-Aereo.sde\OWD.AMD_CL_MLP_PAO_IF_Ortho_Geosupport_OVR\\Ov_i9A2_L01_R0000FE06_C0000D563
140,17349,\\amssclgis08.ams.gmams.cl\CL_MLP_PAO\01_Proyectos_ArcGIS\APRX\CL MLP PAO Aereo Image Server\SQLServer-amssclgis06_ArcGIS-Aereo.sde\OWD.AMD_CL_MLP_PAO_IF_Ortho_Geosupport_OVR\\Ov_i9A2_L01_R0000FE06_C0000D564
141,17350,\\amssclgis08.ams.gmams.cl\CL_MLP_PAO\01_Proyectos_ArcGIS\APRX\CL MLP PAO Aereo Image Server\SQLServer-amssclgis06_ArcGIS-Aereo.sde\OWD.AMD_CL_MLP_PAO_IF_Ortho_Geosupport_OVR\\Ov_i9A2_L01_R0000FE01_C0000D564
142,17351,\\amssclgis08.ams.gmams.cl\CL_MLP_PAO\01_Proyectos_ArcGIS\APRX\CL MLP PAO Aereo Image Server\SQLServer-amssclgis06_ArcGIS-Aereo.sde\OWD.AMD_CL_MLP_PAO_IF_Ortho_Geosupport_OVR\\Ov_i9A2_L01_R0000FE02_C0000D563
143,17352,\\amssclgis08.ams.gmams.cl\CL_MLP_PAO\01_Proyectos_ArcGIS\APRX\CL MLP PAO Aereo Image Server\SQLServer-amssclgis06_ArcGIS-Aereo.sde\OWD.AMD_CL_MLP_PAO_IF_Ortho_Geosupport_OVR\\Ov_i9A2_L01_R0000FE02_C0000D564
144,17353,\\amssclgis08.ams.gmams.cl\CL_MLP_PAO\01_Proyectos_ArcGIS\APRX\CL MLP PAO Aereo Image Server\SQLServer-amssclgis06_ArcGIS-Aereo.sde\OWD.AMD_CL_MLP_PAO_IF_Ortho_Geosupport_OVR\\Ov_i9A2_L01_R0000FE02_C0000D565
145,17354,\\amssclgis08.ams.gmams.cl\CL_MLP_PAO\01_Proyectos_ArcGIS\APRX\CL MLP PAO Aereo Image Server\SQLServer-amssclgis06_ArcGIS-Aereo.sde\OWD.AMD_CL_MLP_PAO_IF_Ortho_Geosupport_OVR\\Ov_i9A2_L01_R0000FE03_C0000D562
146,17355,\\amssclgis08.ams.gmams.cl\CL_MLP_PAO\01_Proyectos_ArcGIS\APRX\CL MLP PAO Aereo Image Server\SQLServer-amssclgis06_ArcGIS-Aereo.sde\OWD.AMD_CL_MLP_PAO_IF_Ortho_Geosupport_OVR\\Ov_i9A2_L01_R0000FE03_C0000D563
147,17356,\\amssclgis08.ams.gmams.cl\CL_MLP_PAO\01_Proyectos_ArcGIS\APRX\CL MLP PAO Aereo Image Server\SQLServer-amssclgis06_ArcGIS-Aereo.sde\OWD.AMD_CL_MLP_PAO_IF_Ortho_Geosupport_OVR\\Ov_i9A2_L01_R0000FE03_C0000D565
148,17357,\\amssclgis08.ams.gmams.cl\CL_MLP_PAO\01_Proyectos_ArcGIS\APRX\CL MLP PAO Aereo Image Server\SQLServer-amssclgis06_ArcGIS-Aereo.sde\OWD.AMD_CL_MLP_PAO_IF_Ortho_Geosupport_OVR\\Ov_i9A2_L01_R0000FE03_C0000D566
149,17358,\\amssclgis08.ams.gmams.cl\CL_MLP_PAO\01_Proyectos_ArcGIS\APRX\CL MLP PAO Aereo Image Server\SQLServer-amssclgis06_ArcGIS-Aereo.sde\OWD.AMD_CL_MLP_PAO_IF_Ortho_Geosupport_OVR\\Ov_i9A2_L01_R0000FE04_C0000D562
150,17359,\\amssclgis08.ams.gmams.cl\CL_MLP_PAO\01_Proyectos_ArcGIS\APRX\CL MLP PAO Aereo Image Server\SQLServer-amssclgis06_ArcGIS-Aereo.sde\OWD.AMD_CL_MLP_PAO_IF_Ortho_Geosupport_OVR\\Ov_i9A2_L01_R0000FE04_C0000D565
151,17360,\\amssclgis08.ams.gmams.cl\CL_MLP_PAO\01_Proyectos_ArcGIS\APRX\CL MLP PAO Aereo Image Server\SQLServer-amssclgis06_ArcGIS-Aereo.sde\OWD.AMD_CL_MLP_PAO_IF_Ortho_Geosupport_OVR\\Ov_i9A2_L01_R0000FE04_C0000D566
152,17361,\\amssclgis08.ams.gmams.cl\CL_MLP_PAO\01_Proyectos_ArcGIS\APRX\CL MLP PAO Aereo Image Server\SQLServer-amssclgis06_ArcGIS-Aereo.sde\OWD.AMD_CL_MLP_PAO_IF_Ortho_Geosupport_OVR\\Ov_i9A2_L01_R0000FE05_C0000D566
153,17363,\\amssclgis08.ams.gmams.cl\CL_MLP_PAO\01_Proyectos_ArcGIS\APRX\CL MLP PAO Aereo Image Server\SQLServer-amssclgis06_ArcGIS-Aereo.sde\OWD.AMD_CL_MLP_PAO_IF_Ortho_Geosupport_OVR\\Ov_i9A2_L01_R0000FE05_C0000D562
154,17364,\\amssclgis08.ams.gmams.cl\CL_MLP_PAO\01_Proyectos_ArcGIS\APRX\CL MLP PAO Aereo Image Server\SQLServer-amssclgis06_ArcGIS-Aereo.sde\OWD.AMD_CL_MLP_PAO_IF_Ortho_Geosupport_OVR\\Ov_i9A2_L01_R0000FE05_C0000D563
155,17365,\\amssclgis08.ams.gmams.cl\CL_MLP_PAO\01_Proyectos_ArcGIS\APRX\CL MLP PAO Aereo Image Server\SQLServer-amssclgis06_ArcGIS-Aereo.sde\OWD.AMD_CL_MLP_PAO_IF_Ortho_Geosupport_OVR\\Ov_i9A2_L01_R0000FE02_C0000D57E
156,17366,\\amssclgis08.ams.gmams.cl\CL_MLP_PAO\01_Proyectos_ArcGIS\APRX\CL MLP PAO Aereo Image Server\SQLServer-amssclgis06_ArcGIS-Aereo.sde\OWD.AMD_CL_MLP_PAO_IF_Ortho_Geosupport_OVR\\Ov_i9A2_L01_R0000FE02_C0000D57F
157,17368,\\amssclgis08.ams.gmams.cl\CL_MLP_PAO\01_Proyectos_ArcGIS\APRX\CL MLP PAO Aereo Image Server\SQLServer-amssclgis06_ArcGIS-Aereo.sde\OWD.AMD_CL_MLP_PAO_IF_Ortho_Geosupport_OVR\\Ov_i9A2_L01_R0000FDFF_C0000D580
158,17369,\\amssclgis08.ams.gmams.cl\CL_MLP_PAO\01_Proyectos_ArcGIS\APRX\CL MLP PAO Aereo Image Server\SQLServer-amssclgis06_ArcGIS-Aereo.sde\OWD.AMD_CL_MLP_PAO_IF_Ortho_Geosupport_OVR\\Ov_i9A2_L01_R0000FE00_C0000D57F
159,17370,\\amssclgis08.ams.gmams.cl\CL_MLP_PAO\01_Proyectos_ArcGIS\APRX\CL MLP PAO Aereo Image Server\SQLServer-amssclgis06_ArcGIS-Aereo.sde\OWD.AMD_CL_MLP_PAO_IF_Ortho_Geosupport_OVR\\Ov_i9A2_L01_R0000FE00_C0000D580
160,17371,\\amssclgis08.ams.gmams.cl\CL_MLP_PAO\01_Proyectos_ArcGIS\APRX\CL MLP PAO Aereo Image Server\SQLServer-amssclgis06_ArcGIS-Aereo.sde\OWD.AMD_CL_MLP_PAO_IF_Ortho_Geosupport_OVR\\Ov_i9A2_L01_R0000FE00_C0000D581
161,17372,\\amssclgis08.ams.gmams.cl\CL_MLP_PAO\01_Proyectos_ArcGIS\APRX\CL MLP PAO Aereo Image Server\SQLServer-amssclgis06_ArcGIS-Aereo.sde\OWD.AMD_CL_MLP_PAO_IF_Ortho_Geosupport_OVR\\Ov_i9A2_L01_R0000FE01_C0000D57F
162,17373,\\amssclgis08.ams.gmams.cl\CL_MLP_PAO\01_Proyectos_ArcGIS\APRX\CL MLP PAO Aereo Image Server\SQLServer-amssclgis06_ArcGIS-Aereo.sde\OWD.AMD_CL_MLP_PAO_IF_Ortho_Geosupport_OVR\\Ov_i9A2_L01_R0000FE01_C0000D580
163,17374,\\amssclgis08.ams.gmams.cl\CL_MLP_PAO\01_Proyectos_ArcGIS\APRX\CL MLP PAO Aereo Image Server\SQLServer-amssclgis06_ArcGIS-Aereo.sde\OWD.AMD_CL_MLP_PAO_IF_Ortho_Geosupport_OVR\\Ov_i9A2_L01_R0000FE01_C0000D581
164,17376,\\amssclgis08.ams.gmams.cl\CL_MLP_PAO\01_Proyectos_ArcGIS\APRX\CL MLP PAO Aereo Image Server\SQLServer-amssclgis06_ArcGIS-Aereo.sde\OWD.AMD_CL_MLP_PAO_IF_Ortho_Geosupport_OVR\\Ov_i9A2_L01_R0000FDFF_C0000D53D
165,17377,\\amssclgis08.ams.gmams.cl\CL_MLP_PAO\01_Proyectos_ArcGIS\APRX\CL MLP PAO Aereo Image Server\SQLServer-amssclgis06_ArcGIS-Aereo.sde\OWD.AMD_CL_MLP_PAO_IF_Ortho_Geosupport_OVR\\Ov_i9A2_L01_R0000FDFF_C0000D53E
166,17378,\\amssclgis08.ams.gmams.cl\CL_MLP_PAO\01_Proyectos_ArcGIS\APRX\CL MLP PAO Aereo Image Server\SQLServer-amssclgis06_ArcGIS-Aereo.sde\OWD.AMD_CL_MLP_PAO_IF_Ortho_Geosupport_OVR\\Ov_i9A2_L01_R0000FE00_C0000D53E
167,17379,\\amssclgis08.ams.gmams.cl\CL_MLP_PAO\01_Proyectos_ArcGIS\APRX\CL MLP PAO Aereo Image Server\SQLServer-amssclgis06_ArcGIS-Aereo.sde\OWD.AMD_CL_MLP_PAO_IF_Ortho_Geosupport_OVR\\Ov_i9A2_L01_R0000FDFE_C0000D582
168,17380,\\amssclgis08.ams.gmams.cl\CL_MLP_PAO\01_Proyectos_ArcGIS\APRX\CL MLP PAO Aereo Image Server\SQLServer-amssclgis06_ArcGIS-Aereo.sde\OWD.AMD_CL_MLP_PAO_IF_Ortho_Geosupport_OVR\\Ov_i9A2_L01_R0000FDFF_C0000D582
169,17381,\\amssclgis08.ams.gmams.cl\CL_MLP_PAO\01_Proyectos_ArcGIS\APRX\CL MLP PAO Aereo Image Server\SQLServer-amssclgis06_ArcGIS-Aereo.sde\OWD.AMD_CL_MLP_PAO_IF_Ortho_Geosupport_OVR\\Ov_i9A2_L01_R0000FDFF_C0000D583
170,17382,\\amssclgis08.ams.gmams.cl\CL_MLP_PAO\01_Proyectos_ArcGIS\APRX\CL MLP PAO Aereo Image Server\SQLServer-amssclgis06_ArcGIS-Aereo.sde\OWD.AMD_CL_MLP_PAO_IF_Ortho_Geosupport_OVR\\Ov_i9A2_L01_R0000FE00_C0000D583
171,17383,\\amssclgis08.ams.gmams.cl\CL_MLP_PAO\01_Proyectos_ArcGIS\APRX\CL MLP PAO Aereo Image Server\SQLServer-amssclgis06_ArcGIS-Aereo.sde\OWD.AMD_CL_MLP_PAO_IF_Ortho_Geosupport_OVR\\Ov_i9A2_L01_R0000FDFE_C0000D53C
172,17384,\\amssclgis08.ams.gmams.cl\CL_MLP_PAO\01_Proyectos_ArcGIS\APRX\CL MLP PAO Aereo Image Server\SQLServer-amssclgis06_ArcGIS-Aereo.sde\OWD.AMD_CL_MLP_PAO_IF_Ortho_Geosupport_OVR\\Ov_i9A2_L01_R0000FDFE_C0000D53D
173,17387,\\amssclgis08.ams.gmams.cl\CL_MLP_PAO\01_Proyectos_ArcGIS\APRX\CL MLP PAO Aereo Image Server\SQLServer-amssclgis06_ArcGIS-Aereo.sde\OWD.AMD_CL_MLP_PAO_IF_Ortho_Geosupport_OVR\\Ov_i9A2_L01_R0000FDFC_C0000D53A
174,17388,\\amssclgis08.ams.gmams.cl\CL_MLP_PAO\01_Proyectos_ArcGIS\APRX\CL MLP PAO Aereo Image Server\SQLServer-amssclgis06_ArcGIS-Aereo.sde\OWD.AMD_CL_MLP_PAO_IF_Ortho_Geosupport_OVR\\Ov_i9A2_L01_R0000FDFC_C0000D53B
175,17389,\\amssclgis08.ams.gmams.cl\CL_MLP_PAO\01_Proyectos_ArcGIS\APRX\CL MLP PAO Aereo Image Server\SQLServer-amssclgis06_ArcGIS-Aereo.sde\OWD.AMD_CL_MLP_PAO_IF_Ortho_Geosupport_OVR\\Ov_i9A2_L01_R0000FDFD_C0000D53B
176,17390,\\amssclgis08.ams.gmams.cl\CL_MLP_PAO\01_Proyectos_ArcGIS\APRX\CL MLP PAO Aereo Image Server\SQLServer-amssclgis06_ArcGIS-Aereo.sde\OWD.AMD_CL_MLP_PAO_IF_Ortho_Geosupport_OVR\\Ov_i9A2_L01_R0000FDFD_C0000D53C
177,17391,\\amssclgis08.ams.gmams.cl\CL_MLP_PAO\01_Proyectos_ArcGIS\APRX\CL MLP PAO Aereo Image Server\SQLServer-amssclgis06_ArcGIS-Aereo.sde\OWD.AMD_CL_MLP_PAO_IF_Ortho_Geosupport_OVR\\Ov_i9A2_L01_R0000FDF8_C0000D53C
178,17392,\\amssclgis08.ams.gmams.cl\CL_MLP_PAO\01_Proyectos_ArcGIS\APRX\CL MLP PAO Aereo Image Server\SQLServer-amssclgis06_ArcGIS-Aereo.sde\OWD.AMD_CL_MLP_PAO_IF_Ortho_Geosupport_OVR\\Ov_i9A2_L01_R0000FDF8_C0000D53D
179,17393,\\amssclgis08.ams.gmams.cl\CL_MLP_PAO\01_Proyectos_ArcGIS\APRX\CL MLP PAO Aereo Image Server\SQLServer-amssclgis06_ArcGIS-Aereo.sde\OWD.AMD_CL_MLP_PAO_IF_Ortho_Geosupport_OVR\\Ov_i9A2_L01_R0000FDF9_C0000D53D
180,17394,\\amssclgis08.ams.gmams.cl\CL_MLP_PAO\01_Proyectos_ArcGIS\APRX\CL MLP PAO Aereo Image Server\SQLServer-amssclgis06_ArcGIS-Aereo.sde\OWD.AMD_CL_MLP_PAO_IF_Ortho_Geosupport_OVR\\Ov_i9A2_L01_R0000FDFA_C0000D53D
181,17395,\\amssclgis08.ams.gmams.cl\CL_MLP_PAO\01_Proyectos_ArcGIS\APRX\CL MLP PAO Aereo Image Server\SQLServer-amssclgis06_ArcGIS-Aereo.sde\OWD.AMD_CL_MLP_PAO_IF_Ortho_Geosupport_OVR\\Ov_i9A2_L01_R0000FDFA_C0000D53E
182,17396,\\amssclgis08.ams.gmams.cl\CL_MLP_PAO\01_Proyectos_ArcGIS\APRX\CL MLP PAO Aereo Image Server\SQLServer-amssclgis06_ArcGIS-Aereo.sde\OWD.AMD_CL_MLP_PAO_IF_Ortho_Geosupport_OVR\\Ov_i9A2_L01_R0000FDFB_C0000D53D
183,17397,\\amssclgis08.ams.gmams.cl\CL_MLP_PAO\01_Proyectos_ArcGIS\APRX\CL MLP PAO Aereo Image Server\SQLServer-amssclgis06_ArcGIS-Aereo.sde\OWD.AMD_CL_MLP_PAO_IF_Ortho_Geosupport_OVR\\Ov_i9A2_L01_R0000FDFB_C0000D53E
184,17398,\\amssclgis08.ams.gmams.cl\CL_MLP_PAO\01_Proyectos_ArcGIS\APRX\CL MLP PAO Aereo Image Server\SQLServer-amssclgis06_ArcGIS-Aereo.sde\OWD.AMD_CL_MLP_PAO_IF_Ortho_Geosupport_OVR\\Ov_i9A2_L01_R0000FDFC_C0000D53E
185,17399,\\amssclgis08.ams.gmams.cl\CL_MLP_PAO\01_Proyectos_ArcGIS\APRX\CL MLP PAO Aereo Image Server\SQLServer-amssclgis06_ArcGIS-Aereo.sde\OWD.AMD_CL_MLP_PAO_IF_Ortho_Geosupport_OVR\\Ov_i9A2_L01_R0000FDF6_C0000D535
186,17400,\\amssclgis08.ams.gmams.cl\CL_MLP_PAO\01_Proyectos_ArcGIS\APRX\CL MLP PAO Aereo Image Server\SQLServer-amssclgis06_ArcGIS-Aereo.sde\OWD.AMD_CL_MLP_PAO_IF_Ortho_Geosupport_OVR\\Ov_i9A2_L01_R0000FDF7_C0000D535
187,17401,\\amssclgis08.ams.gmams.cl\CL_MLP_PAO\01_Proyectos_ArcGIS\APRX\CL MLP PAO Aereo Image Server\SQLServer-amssclgis06_ArcGIS-Aereo.sde\OWD.AMD_CL_MLP_PAO_IF_Ortho_Geosupport_OVR\\Ov_i9A2_L01_R0000FDF7_C0000D536
188,17402,\\amssclgis08.ams.gmams.cl\CL_MLP_PAO\01_Proyectos_ArcGIS\APRX\CL MLP PAO Aereo Image Server\SQLServer-amssclgis06_ArcGIS-Aereo.sde\OWD.AMD_CL_MLP_PAO_IF_Ortho_Geosupport_OVR\\Ov_i9A2_L01_R0000FDF7_C0000D537
189,17403,\\amssclgis08.ams.gmams.cl\CL_MLP_PAO\01_Proyectos_ArcGIS\APRX\CL MLP PAO Aereo Image Server\SQLServer-amssclgis06_ArcGIS-Aereo.sde\OWD.AMD_CL_MLP_PAO_IF_Ortho_Geosupport_OVR\\Ov_i9A2_L01_R0000FDF8_C0000D537
190,17404,\\amssclgis08.ams.gmams.cl\CL_MLP_PAO\01_Proyectos_ArcGIS\APRX\CL MLP PAO Aereo Image Server\SQLServer-amssclgis06_ArcGIS-Aereo.sde\OWD.AMD_CL_MLP_PAO_IF_Ortho_Geosupport_OVR\\Ov_i9A2_L01_R0000FDF8_C0000D538
191,17405,\\amssclgis08.ams.gmams.cl\CL_MLP_PAO\01_Proyectos_ArcGIS\APRX\CL MLP PAO Aereo Image Server\SQLServer-amssclgis06_ArcGIS-Aereo.sde\OWD.AMD_CL_MLP_PAO_IF_Ortho_Geosupport_OVR\\Ov_i9A2_L01_R0000FDF9_C0000D538
192,17406,\\amssclgis08.ams.gmams.cl\CL_MLP_PAO\01_Proyectos_ArcGIS\APRX\CL MLP PAO Aereo Image Server\SQLServer-amssclgis06_ArcGIS-Aereo.sde\OWD.AMD_CL_MLP_PAO_IF_Ortho_Geosupport_OVR\\Ov_i9A2_L01_R0000FDF9_C0000D539
193,17407,\\amssclgis08.ams.gmams.cl\CL_MLP_PAO\01_Proyectos_ArcGIS\APRX\CL MLP PAO Aereo Image Server\SQLServer-amssclgis06_ArcGIS-Aereo.sde\OWD.AMD_CL_MLP_PAO_IF_Ortho_Geosupport_OVR\\Ov_i9A2_L01_R0000FDFA_C0000D539
194,17409,\\amssclgis08.ams.gmams.cl\CL_MLP_PAO\01_Proyectos_ArcGIS\APRX\CL MLP PAO Aereo Image Server\SQLServer-amssclgis06_ArcGIS-Aereo.sde\OWD.AMD_CL_MLP_PAO_IF_Ortho_Geosupport_OVR\\Ov_i9A2_L01_R0000FDFB_C0000D53A
195,17412,\\amssclgis08.ams.gmams.cl\CL_MLP_PAO\01_Proyectos_ArcGIS\APRX\CL MLP PAO Aereo Image Server\SQLServer-amssclgis06_ArcGIS-Aereo.sde\OWD.AMD_CL_MLP_PAO_IF_Ortho_Geosupport_OVR\\Ov_i9A2_L01_R0000FDF4_C0000D51F
196,17413,\\amssclgis08.ams.gmams.cl\CL_MLP_PAO\01_Proyectos_ArcGIS\APRX\CL MLP PAO Aereo Image Server\SQLServer-amssclgis06_ArcGIS-Aereo.sde\OWD.AMD_CL_MLP_PAO_IF_Ortho_Geosupport_OVR\\Ov_i9A2_L01_R0000FDF4_C0000D520
197,17414,\\amssclgis08.ams.gmams.cl\CL_MLP_PAO\01_Proyectos_ArcGIS\APRX\CL MLP PAO Aereo Image Server\SQLServer-amssclgis06_ArcGIS-Aereo.sde\OWD.AMD_CL_MLP_PAO_IF_Ortho_Geosupport_OVR\\Ov_i9A2_L01_R0000FDF4_C0000D521
198,17415,\\amssclgis08.ams.gmams.cl\CL_MLP_PAO\01_Proyectos_ArcGIS\APRX\CL MLP PAO Aereo Image Server\SQLServer-amssclgis06_ArcGIS-Aereo.sde\OWD.AMD_CL_MLP_PAO_IF_Ortho_Geosupport_OVR\\Ov_i9A2_L01_R0000FDF4_C0000D522
199,17416,\\amssclgis08.ams.gmams.cl\CL_MLP_PAO\01_Proyectos_ArcGIS\APRX\CL MLP PAO Aereo Image Server\SQLServer-amssclgis06_ArcGIS-Aereo.sde\OWD.AMD_CL_MLP_PAO_IF_Ortho_Geosupport_OVR\\Ov_i9A2_L01_R0000FDF4_C0000D523
200,17417,\\amssclgis08.ams.gmams.cl\CL_MLP_PAO\01_Proyectos_ArcGIS\APRX\CL MLP PAO Aereo Image Server\SQLServer-amssclgis06_ArcGIS-Aereo.sde\OWD.AMD_CL_MLP_PAO_IF_Ortho_Geosupport_OVR\\Ov_i9A2_L01_R0000FDF5_C0000D51A
201,17418,\\amssclgis08.ams.gmams.cl\CL_MLP_PAO\01_Proyectos_ArcGIS\APRX\CL MLP PAO Aereo Image Server\SQLServer-amssclgis06_ArcGIS-Aereo.sde\OWD.AMD_CL_MLP_PAO_IF_Ortho_Geosupport_OVR\\Ov_i9A2_L01_R0000FDF5_C0000D51B
202,17419,\\amssclgis08.ams.gmams.cl\CL_MLP_PAO\01_Proyectos_ArcGIS\APRX\CL MLP PAO Aereo Image Server\SQLServer-amssclgis06_ArcGIS-Aereo.sde\OWD.AMD_CL_MLP_PAO_IF_Ortho_Geosupport_OVR\\Ov_i9A2_L01_R0000FDF5_C0000D51C
203,17420,\\amssclgis08.ams.gmams.cl\CL_MLP_PAO\01_Proyectos_ArcGIS\APRX\CL MLP PAO Aereo Image Server\SQLServer-amssclgis06_ArcGIS-Aereo.sde\OWD.AMD_CL_MLP_PAO_IF_Ortho_Geosupport_OVR\\Ov_i9A2_L01_R0000FDF5_C0000D51D
204,17421,\\amssclgis08.ams.gmams.cl\CL_MLP_PAO\01_Proyectos_ArcGIS\APRX\CL MLP PAO Aereo Image Server\SQLServer-amssclgis06_ArcGIS-Aereo.sde\OWD.AMD_CL_MLP_PAO_IF_Ortho_Geosupport_OVR\\Ov_i9A2_L01_R0000FDF5_C0000D51E
205,17422,\\amssclgis08.ams.gmams.cl\CL_MLP_PAO\01_Proyectos_ArcGIS\APRX\CL MLP PAO Aereo Image Server\SQLServer-amssclgis06_ArcGIS-Aereo.sde\OWD.AMD_CL_MLP_PAO_IF_Ortho_Geosupport_OVR\\Ov_i9A2_L01_R0000FDF5_C0000D51F
206,17423,\\amssclgis08.ams.gmams.cl\CL_MLP_PAO\01_Proyectos_ArcGIS\APRX\CL MLP PAO Aereo Image Server\SQLServer-amssclgis06_ArcGIS-Aereo.sde\OWD.AMD_CL_MLP_PAO_IF_Ortho_Geosupport_OVR\\Ov_i9A2_L01_R0000FDF5_C0000D520
207,17424,\\amssclgis08.ams.gmams.cl\CL_MLP_PAO\01_Proyectos_ArcGIS\APRX\CL MLP PAO Aereo Image Server\SQLServer-amssclgis06_ArcGIS-Aereo.sde\OWD.AMD_CL_MLP_PAO_IF_Ortho_Geosupport_OVR\\Ov_i9A2_L01_R0000FDF5_C0000D521
208,17425,\\amssclgis08.ams.gmams.cl\CL_MLP_PAO\01_Proyectos_ArcGIS\APRX\CL MLP PAO Aereo Image Server\SQLServer-amssclgis06_ArcGIS-Aereo.sde\OWD.AMD_CL_MLP_PAO_IF_Ortho_Geosupport_OVR\\Ov_i9A2_L01_R0000FDF5_C0000D522
209,17426,\\amssclgis08.ams.gmams.cl\CL_MLP_PAO\01_Proyectos_ArcGIS\APRX\CL MLP PAO Aereo Image Server\SQLServer-amssclgis06_ArcGIS-Aereo.sde\OWD.AMD_CL_MLP_PAO_IF_Ortho_Geosupport_OVR\\Ov_i9A2_L01_R0000FDF5_C0000D523
210,17427,\\amssclgis08.ams.gmams.cl\CL_MLP_PAO\01_Proyectos_ArcGIS\APRX\CL MLP PAO Aereo Image Server\SQLServer-amssclgis06_ArcGIS-Aereo.sde\OWD.AMD_CL_MLP_PAO_IF_Ortho_Geosupport_OVR\\Ov_i9A2_L01_R0000FDF5_C0000D524
211,17428,\\amssclgis08.ams.gmams.cl\CL_MLP_PAO\01_Proyectos_ArcGIS\APRX\CL MLP PAO Aereo Image Server\SQLServer-amssclgis06_ArcGIS-Aereo.sde\OWD.AMD_CL_MLP_PAO_IF_Ortho_Geosupport_OVR\\Ov_i9A2_L01_R0000FDF5_C0000D525
212,17430,\\amssclgis08.ams.gmams.cl\CL_MLP_PAO\01_Proyectos_ArcGIS\APRX\CL MLP PAO Aereo Image Server\SQLServer-amssclgis06_ArcGIS-Aereo.sde\OWD.AMD_CL_MLP_PAO_IF_Ortho_Geosupport_OVR\\Ov_i9A2_L01_R0000FDF6_C0000D515
213,17431,\\amssclgis08.ams.gmams.cl\CL_MLP_PAO\01_Proyectos_ArcGIS\APRX\CL MLP PAO Aereo Image Server\SQLServer-amssclgis06_ArcGIS-Aereo.sde\OWD.AMD_CL_MLP_PAO_IF_Ortho_Geosupport_OVR\\Ov_i9A2_L01_R0000FDF6_C0000D516
214,17432,\\amssclgis08.ams.gmams.cl\CL_MLP_PAO\01_Proyectos_ArcGIS\APRX\CL MLP PAO Aereo Image Server\SQLServer-amssclgis06_ArcGIS-Aereo.sde\OWD.AMD_CL_MLP_PAO_IF_Ortho_Geosupport_OVR\\Ov_i9A2_L01_R0000FDF6_C0000D517
215,17433,\\amssclgis08.ams.gmams.cl\CL_MLP_PAO\01_Proyectos_ArcGIS\APRX\CL MLP PAO Aereo Image Server\SQLServer-amssclgis06_ArcGIS-Aereo.sde\OWD.AMD_CL_MLP_PAO_IF_Ortho_Geosupport_OVR\\Ov_i9A2_L01_R0000FDF6_C0000D518
216,17434,\\amssclgis08.ams.gmams.cl\CL_MLP_PAO\01_Proyectos_ArcGIS\APRX\CL MLP PAO Aereo Image Server\SQLServer-amssclgis06_ArcGIS-Aereo.sde\OWD.AMD_CL_MLP_PAO_IF_Ortho_Geosupport_OVR\\Ov_i9A2_L01_R0000FDF6_C0000D519
217,17435,\\amssclgis08.ams.gmams.cl\CL_MLP_PAO\01_Proyectos_ArcGIS\APRX\CL MLP PAO Aereo Image Server\SQLServer-amssclgis06_ArcGIS-Aereo.sde\OWD.AMD_CL_MLP_PAO_IF_Ortho_Geosupport_OVR\\Ov_i9A2_L01_R0000FDF6_C0000D51A
218,17436,\\amssclgis08.ams.gmams.cl\CL_MLP_PAO\01_Proyectos_ArcGIS\APRX\CL MLP PAO Aereo Image Server\SQLServer-amssclgis06_ArcGIS-Aereo.sde\OWD.AMD_CL_MLP_PAO_IF_Ortho_Geosupport_OVR\\Ov_i9A2_L01_R0000FDF6_C0000D51B
219,17437,\\amssclgis08.ams.gmams.cl\CL_MLP_PAO\01_Proyectos_ArcGIS\APRX\CL MLP PAO Aereo Image Server\SQLServer-amssclgis06_ArcGIS-Aereo.sde\OWD.AMD_CL_MLP_PAO_IF_Ortho_Geosupport_OVR\\Ov_i9A2_L01_R0000FDF6_C0000D51C
220,17438,\\amssclgis08.ams.gmams.cl\CL_MLP_PAO\01_Proyectos_ArcGIS\APRX\CL MLP PAO Aereo Image Server\SQLServer-amssclgis06_ArcGIS-Aereo.sde\OWD.AMD_CL_MLP_PAO_IF_Ortho_Geosupport_OVR\\Ov_i9A2_L01_R0000FDF6_C0000D51D
221,17439,\\amssclgis08.ams.gmams.cl\CL_MLP_PAO\01_Proyectos_ArcGIS\APRX\CL MLP PAO Aereo Image Server\SQLServer-amssclgis06_ArcGIS-Aereo.sde\OWD.AMD_CL_MLP_PAO_IF_Ortho_Geosupport_OVR\\Ov_i9A2_L01_R0000FDF6_C0000D51E
222,17440,\\amssclgis08.ams.gmams.cl\CL_MLP_PAO\01_Proyectos_ArcGIS\APRX\CL MLP PAO Aereo Image Server\SQLServer-amssclgis06_ArcGIS-Aereo.sde\OWD.AMD_CL_MLP_PAO_IF_Ortho_Geosupport_OVR\\Ov_i9A2_L01_R0000FDF6_C0000D51F
223,17441,\\amssclgis08.ams.gmams.cl\CL_MLP_PAO\01_Proyectos_ArcGIS\APRX\CL MLP PAO Aereo Image Server\SQLServer-amssclgis06_ArcGIS-Aereo.sde\OWD.AMD_CL_MLP_PAO_IF_Ortho_Geosupport_OVR\\Ov_i9A2_L01_R0000FDF6_C0000D520
224,17442,\\amssclgis08.ams.gmams.cl\CL_MLP_PAO\01_Proyectos_ArcGIS\APRX\CL MLP PAO Aereo Image Server\SQLServer-amssclgis06_ArcGIS-Aereo.sde\OWD.AMD_CL_MLP_PAO_IF_Ortho_Geosupport_OVR\\Ov_i9A2_L01_R0000FDF6_C0000D521
225,17443,\\amssclgis08.ams.gmams.cl\CL_MLP_PAO\01_Proyectos_ArcGIS\APRX\CL MLP PAO Aereo Image Server\SQLServer-amssclgis06_ArcGIS-Aereo.sde\OWD.AMD_CL_MLP_PAO_IF_Ortho_Geosupport_OVR\\Ov_i9A2_L01_R0000FDF6_C0000D522
226,17444,\\amssclgis08.ams.gmams.cl\CL_MLP_PAO\01_Proyectos_ArcGIS\APRX\CL MLP PAO Aereo Image Server\SQLServer-amssclgis06_ArcGIS-Aereo.sde\OWD.AMD_CL_MLP_PAO_IF_Ortho_Geosupport_OVR\\Ov_i9A2_L01_R0000FDF6_C0000D523
227,17445,\\amssclgis08.ams.gmams.cl\CL_MLP_PAO\01_Proyectos_ArcGIS\APRX\CL MLP PAO Aereo Image Server\SQLServer-amssclgis06_ArcGIS-Aereo.sde\OWD.AMD_CL_MLP_PAO_IF_Ortho_Geosupport_OVR\\Ov_i9A2_L01_R0000FDF6_C0000D524
228,17446,\\amssclgis08.ams.gmams.cl\CL_MLP_PAO\01_Proyectos_ArcGIS\APRX\CL MLP PAO Aereo Image Server\SQLServer-amssclgis06_ArcGIS-Aereo.sde\OWD.AMD_CL_MLP_PAO_IF_Ortho_Geosupport_OVR\\Ov_i9A2_L01_R0000FDF6_C0000D525
229,17447,\\amssclgis08.ams.gmams.cl\CL_MLP_PAO\01_Proyectos_ArcGIS\APRX\CL MLP PAO Aereo Image Server\SQLServer-amssclgis06_ArcGIS-Aereo.sde\OWD.AMD_CL_MLP_PAO_IF_Ortho_Geosupport_OVR\\Ov_i9A2_L01_R0000FDF6_C0000D526
230,17448,\\amssclgis08.ams.gmams.cl\CL_MLP_PAO\01_Proyectos_ArcGIS\APRX\CL MLP PAO Aereo Image Server\SQLServer-amssclgis06_ArcGIS-Aereo.sde\OWD.AMD_CL_MLP_PAO_IF_Ortho_Geosupport_OVR\\Ov_i9A2_L01_R0000FDF6_C0000D530
231,17449,\\amssclgis08.ams.gmams.cl\CL_MLP_PAO\01_Proyectos_ArcGIS\APRX\CL MLP PAO Aereo Image Server\SQLServer-amssclgis06_ArcGIS-Aereo.sde\OWD.AMD_CL_MLP_PAO_IF_Ortho_Geosupport_OVR\\Ov_i9A2_L01_R0000FDF6_C0000D531
232,17450,\\amssclgis08.ams.gmams.cl\CL_MLP_PAO\01_Proyectos_ArcGIS\APRX\CL MLP PAO Aereo Image Server\SQLServer-amssclgis06_ArcGIS-Aereo.sde\OWD.AMD_CL_MLP_PAO_IF_Ortho_Geosupport_OVR\\Ov_i9A2_L01_R0000FDF6_C0000D532
233,17451,\\amssclgis08.ams.gmams.cl\CL_MLP_PAO\01_Proyectos_ArcGIS\APRX\CL MLP PAO Aereo Image Server\SQLServer-amssclgis06_ArcGIS-Aereo.sde\OWD.AMD_CL_MLP_PAO_IF_Ortho_Geosupport_OVR\\Ov_i9A2_L01_R0000FDF6_C0000D533
234,17452,\\amssclgis08.ams.gmams.cl\CL_MLP_PAO\01_Proyectos_ArcGIS\APRX\CL MLP PAO Aereo Image Server\SQLServer-amssclgis06_ArcGIS-Aereo.sde\OWD.AMD_CL_MLP_PAO_IF_Ortho_Geosupport_OVR\\Ov_i9A2_L01_R0000FDF6_C0000D534
235,17453,\\amssclgis08.ams.gmams.cl\CL_MLP_PAO\01_Proyectos_ArcGIS\APRX\CL MLP PAO Aereo Image Server\SQLServer-amssclgis06_ArcGIS-Aereo.sde\OWD.AMD_CL_MLP_PAO_IF_Ortho_Geosupport_OVR\\Ov_i9A2_L01_R0000FDF7_C0000D512
236,17454,\\amssclgis08.ams.gmams.cl\CL_MLP_PAO\01_Proyectos_ArcGIS\APRX\CL MLP PAO Aereo Image Server\SQLServer-amssclgis06_ArcGIS-Aereo.sde\OWD.AMD_CL_MLP_PAO_IF_Ortho_Geosupport_OVR\\Ov_i9A2_L01_R0000FDF7_C0000D513
237,17455,\\amssclgis08.ams.gmams.cl\CL_MLP_PAO\01_Proyectos_ArcGIS\APRX\CL MLP PAO Aereo Image Server\SQLServer-amssclgis06_ArcGIS-Aereo.sde\OWD.AMD_CL_MLP_PAO_IF_Ortho_Geosupport_OVR\\Ov_i9A2_L01_R0000FDF7_C0000D514
238,17456,\\amssclgis08.ams.gmams.cl\CL_MLP_PAO\01_Proyectos_ArcGIS\APRX\CL MLP PAO Aereo Image Server\SQLServer-amssclgis06_ArcGIS-Aereo.sde\OWD.AMD_CL_MLP_PAO_IF_Ortho_Geosupport_OVR\\Ov_i9A2_L01_R0000FDF7_C0000D515
239,17457,\\amssclgis08.ams.gmams.cl\CL_MLP_PAO\01_Proyectos_ArcGIS\APRX\CL MLP PAO Aereo Image Server\SQLServer-amssclgis06_ArcGIS-Aereo.sde\OWD.AMD_CL_MLP_PAO_IF_Ortho_Geosupport_OVR\\Ov_i9A2_L01_R0000FDF7_C0000D516
240,17458,\\amssclgis08.ams.gmams.cl\CL_MLP_PAO\01_Proyectos_ArcGIS\APRX\CL MLP PAO Aereo Image Server\SQLServer-amssclgis06_ArcGIS-Aereo.sde\OWD.AMD_CL_MLP_PAO_IF_Ortho_Geosupport_OVR\\Ov_i9A2_L01_R0000FDF7_C0000D517
241,17459,\\amssclgis08.ams.gmams.cl\CL_MLP_PAO\01_Proyectos_ArcGIS\APRX\CL MLP PAO Aereo Image Server\SQLServer-amssclgis06_ArcGIS-Aereo.sde\OWD.AMD_CL_MLP_PAO_IF_Ortho_Geosupport_OVR\\Ov_i9A2_L01_R0000FDF7_C0000D518
242,17460,\\amssclgis08.ams.gmams.cl\CL_MLP_PAO\01_Proyectos_ArcGIS\APRX\CL MLP PAO Aereo Image Server\SQLServer-amssclgis06_ArcGIS-Aereo.sde\OWD.AMD_CL_MLP_PAO_IF_Ortho_Geosupport_OVR\\Ov_i9A2_L01_R0000FDF7_C0000D519
243,17461,\\amssclgis08.ams.gmams.cl\CL_MLP_PAO\01_Proyectos_ArcGIS\APRX\CL MLP PAO Aereo Image Server\SQLServer-amssclgis06_ArcGIS-Aereo.sde\OWD.AMD_CL_MLP_PAO_IF_Ortho_Geosupport_OVR\\Ov_i9A2_L01_R0000FDF7_C0000D51A
244,17462,\\amssclgis08.ams.gmams.cl\CL_MLP_PAO\01_Proyectos_ArcGIS\APRX\CL MLP PAO Aereo Image Server\SQLServer-amssclgis06_ArcGIS-Aereo.sde\OWD.AMD_CL_MLP_PAO_IF_Ortho_Geosupport_OVR\\Ov_i9A2_L01_R0000FDF7_C0000D51B
245,17463,\\amssclgis08.ams.gmams.cl\CL_MLP_PAO\01_Proyectos_ArcGIS\APRX\CL MLP PAO Aereo Image Server\SQLServer-amssclgis06_ArcGIS-Aereo.sde\OWD.AMD_CL_MLP_PAO_IF_Ortho_Geosupport_OVR\\Ov_i9A2_L01_R0000FDF7_C0000D51C
246,17464,\\amssclgis08.ams.gmams.cl\CL_MLP_PAO\01_Proyectos_ArcGIS\APRX\CL MLP PAO Aereo Image Server\SQLServer-amssclgis06_ArcGIS-Aereo.sde\OWD.AMD_CL_MLP_PAO_IF_Ortho_Geosupport_OVR\\Ov_i9A2_L01_R0000FDF7_C0000D51D
247,17465,\\amssclgis08.ams.gmams.cl\CL_MLP_PAO\01_Proyectos_ArcGIS\APRX\CL MLP PAO Aereo Image Server\SQLServer-amssclgis06_ArcGIS-Aereo.sde\OWD.AMD_CL_MLP_PAO_IF_Ortho_Geosupport_OVR\\Ov_i9A2_L01_R0000FDF7_C0000D525
248,17466,\\amssclgis08.ams.gmams.cl\CL_MLP_PAO\01_Proyectos_ArcGIS\APRX\CL MLP PAO Aereo Image Server\SQLServer-amssclgis06_ArcGIS-Aereo.sde\OWD.AMD_CL_MLP_PAO_IF_Ortho_Geosupport_OVR\\Ov_i9A2_L01_R0000FDF7_C0000D526
249,17467,\\amssclgis08.ams.gmams.cl\CL_MLP_PAO\01_Proyectos_ArcGIS\APRX\CL MLP PAO Aereo Image Server\SQLServer-amssclgis06_ArcGIS-Aereo.sde\OWD.AMD_CL_MLP_PAO_IF_Ortho_Geosupport_OVR\\Ov_i9A2_L01_R0000FDF7_C0000D527
250,17468,\\amssclgis08.ams.gmams.cl\CL_MLP_PAO\01_Proyectos_ArcGIS\APRX\CL MLP PAO Aereo Image Server\SQLServer-amssclgis06_ArcGIS-Aereo.sde\OWD.AMD_CL_MLP_PAO_IF_Ortho_Geosupport_OVR\\Ov_i9A2_L01_R0000FDF7_C0000D528
251,17469,\\amssclgis08.ams.gmams.cl\CL_MLP_PAO\01_Proyectos_ArcGIS\APRX\CL MLP PAO Aereo Image Server\SQLServer-amssclgis06_ArcGIS-Aereo.sde\OWD.AMD_CL_MLP_PAO_IF_Ortho_Geosupport_OVR\\Ov_i9A2_L01_R0000FDF7_C0000D529
252,17470,\\amssclgis08.ams.gmams.cl\CL_MLP_PAO\01_Proyectos_ArcGIS\APRX\CL MLP PAO Aereo Image Server\SQLServer-amssclgis06_ArcGIS-Aereo.sde\OWD.AMD_CL_MLP_PAO_IF_Ortho_Geosupport_OVR\\Ov_i9A2_L01_R0000FDF7_C0000D52A
253,17471,\\amssclgis08.ams.gmams.cl\CL_MLP_PAO\01_Proyectos_ArcGIS\APRX\CL MLP PAO Aereo Image Server\SQLServer-amssclgis06_ArcGIS-Aereo.sde\OWD.AMD_CL_MLP_PAO_IF_Ortho_Geosupport_OVR\\Ov_i9A2_L01_R0000FDF7_C0000D52B
254,17472,\\amssclgis08.ams.gmams.cl\CL_MLP_PAO\01_Proyectos_ArcGIS\APRX\CL MLP PAO Aereo Image Server\SQLServer-amssclgis06_ArcGIS-Aereo.sde\OWD.AMD_CL_MLP_PAO_IF_Ortho_Geosupport_OVR\\Ov_i9A2_L01_R0000FDF7_C0000D52C
255,17473,\\amssclgis08.ams.gmams.cl\CL_MLP_PAO\01_Proyectos_ArcGIS\APRX\CL MLP PAO Aereo Image Server\SQLServer-amssclgis06_ArcGIS-Aereo.sde\OWD.AMD_CL_MLP_PAO_IF_Ortho_Geosupport_OVR\\Ov_i9A2_L01_R0000FDF7_C0000D52D
256,17474,\\amssclgis08.ams.gmams.cl\CL_MLP_PAO\01_Proyectos_ArcGIS\APRX\CL MLP PAO Aereo Image Server\SQLServer-amssclgis06_ArcGIS-Aereo.sde\OWD.AMD_CL_MLP_PAO_IF_Ortho_Geosupport_OVR\\Ov_i9A2_L01_R0000FDF7_C0000D52E
257,17475,\\amssclgis08.ams.gmams.cl\CL_MLP_PAO\01_Proyectos_ArcGIS\APRX\CL MLP PAO Aereo Image Server\SQLServer-amssclgis06_ArcGIS-Aereo.sde\OWD.AMD_CL_MLP_PAO_IF_Ortho_Geosupport_OVR\\Ov_i9A2_L01_R0000FDF7_C0000D52F
258,17476,\\amssclgis08.ams.gmams.cl\CL_MLP_PAO\01_Proyectos_ArcGIS\APRX\CL MLP PAO Aereo Image Server\SQLServer-amssclgis06_ArcGIS-Aereo.sde\OWD.AMD_CL_MLP_PAO_IF_Ortho_Geosupport_OVR\\Ov_i9A2_L01_R0000FDF7_C0000D530
259,17477,\\amssclgis08.ams.gmams.cl\CL_MLP_PAO\01_Proyectos_ArcGIS\APRX\CL MLP PAO Aereo Image Server\SQLServer-amssclgis06_ArcGIS-Aereo.sde\OWD.AMD_CL_MLP_PAO_IF_Ortho_Geosupport_OVR\\Ov_i9A2_L01_R0000FDF8_C0000D514
260,17478,\\amssclgis08.ams.gmams.cl\CL_MLP_PAO\01_Proyectos_ArcGIS\APRX\CL MLP PAO Aereo Image Server\SQLServer-amssclgis06_ArcGIS-Aereo.sde\OWD.AMD_CL_MLP_PAO_IF_Ortho_Geosupport_OVR\\Ov_i9A2_L01_R0000FDF8_C0000D515
261,17479,\\amssclgis08.ams.gmams.cl\CL_MLP_PAO\01_Proyectos_ArcGIS\APRX\CL MLP PAO Aereo Image Server\SQLServer-amssclgis06_ArcGIS-Aereo.sde\OWD.AMD_CL_MLP_PAO_IF_Ortho_Geosupport_OVR\\Ov_i9A2_L01_R0000FDF8_C0000D516
262,17480,\\amssclgis08.ams.gmams.cl\CL_MLP_PAO\01_Proyectos_ArcGIS\APRX\CL MLP PAO Aereo Image Server\SQLServer-amssclgis06_ArcGIS-Aereo.sde\OWD.AMD_CL_MLP_PAO_IF_Ortho_Geosupport_OVR\\Ov_i9A2_L01_R0000FDF8_C0000D517
263,17481,\\amssclgis08.ams.gmams.cl\CL_MLP_PAO\01_Proyectos_ArcGIS\APRX\CL MLP PAO Aereo Image Server\SQLServer-amssclgis06_ArcGIS-Aereo.sde\OWD.AMD_CL_MLP_PAO_IF_Ortho_Geosupport_OVR\\Ov_i9A2_L01_R0000FDF6_C0000D539
264,17482,\\amssclgis08.ams.gmams.cl\CL_MLP_PAO\01_Proyectos_ArcGIS\APRX\CL MLP PAO Aereo Image Server\SQLServer-amssclgis06_ArcGIS-Aereo.sde\OWD.AMD_CL_MLP_PAO_IF_Ortho_Geosupport_OVR\\Ov_i9A2_L01_R0000FDF7_C0000D539
265,17483,\\amssclgis08.ams.gmams.cl\CL_MLP_PAO\01_Proyectos_ArcGIS\APRX\CL MLP PAO Aereo Image Server\SQLServer-amssclgis06_ArcGIS-Aereo.sde\OWD.AMD_CL_MLP_PAO_IF_Ortho_Geosupport_OVR\\Ov_i9A2_L01_R0000FDF7_C0000D53A
266,17484,\\amssclgis08.ams.gmams.cl\CL_MLP_PAO\01_Proyectos_ArcGIS\APRX\CL MLP PAO Aereo Image Server\SQLServer-amssclgis06_ArcGIS-Aereo.sde\OWD.AMD_CL_MLP_PAO_IF_Ortho_Geosupport_OVR\\Ov_i9A2_L01_R0000FDF4_C0000D50E
267,17485,\\amssclgis08.ams.gmams.cl\CL_MLP_PAO\01_Proyectos_ArcGIS\APRX\CL MLP PAO Aereo Image Server\SQLServer-amssclgis06_ArcGIS-Aereo.sde\OWD.AMD_CL_MLP_PAO_IF_Ortho_Geosupport_OVR\\Ov_i9A2_L01_R0000FDF4_C0000D50F
268,17486,\\amssclgis08.ams.gmams.cl\CL_MLP_PAO\01_Proyectos_ArcGIS\APRX\CL MLP PAO Aereo Image Server\SQLServer-amssclgis06_ArcGIS-Aereo.sde\OWD.AMD_CL_MLP_PAO_IF_Ortho_Geosupport_OVR\\Ov_i9A2_L01_R0000FDF4_C0000D510
269,17487,\\amssclgis08.ams.gmams.cl\CL_MLP_PAO\01_Proyectos_ArcGIS\APRX\CL MLP PAO Aereo Image Server\SQLServer-amssclgis06_ArcGIS-Aereo.sde\OWD.AMD_CL_MLP_PAO_IF_Ortho_Geosupport_OVR\\Ov_i9A2_L01_R0000FDF5_C0000D50D
270,17488,\\amssclgis08.ams.gmams.cl\CL_MLP_PAO\01_Proyectos_ArcGIS\APRX\CL MLP PAO Aereo Image Server\SQLServer-amssclgis06_ArcGIS-Aereo.sde\OWD.AMD_CL_MLP_PAO_IF_Ortho_Geosupport_OVR\\Ov_i9A2_L01_R0000FDF5_C0000D50E
271,17489,\\amssclgis08.ams.gmams.cl\CL_MLP_PAO\01_Proyectos_ArcGIS\APRX\CL MLP PAO Aereo Image Server\SQLServer-amssclgis06_ArcGIS-Aereo.sde\OWD.AMD_CL_MLP_PAO_IF_Ortho_Geosupport_OVR\\Ov_i9A2_L01_R0000FDF5_C0000D50F
272,17490,\\amssclgis08.ams.gmams.cl\CL_MLP_PAO\01_Proyectos_ArcGIS\APRX\CL MLP PAO Aereo Image Server\SQLServer-amssclgis06_ArcGIS-Aereo.sde\OWD.AMD_CL_MLP_PAO_IF_Ortho_Geosupport_OVR\\Ov_i9A2_L01_R0000FDF5_C0000D510
273,17491,\\amssclgis08.ams.gmams.cl\CL_MLP_PAO\01_Proyectos_ArcGIS\APRX\CL MLP PAO Aereo Image Server\SQLServer-amssclgis06_ArcGIS-Aereo.sde\OWD.AMD_CL_MLP_PAO_IF_Ortho_Geosupport_OVR\\Ov_i9A2_L01_R0000FDF6_C0000D50C
274,17492,\\amssclgis08.ams.gmams.cl\CL_MLP_PAO\01_Proyectos_ArcGIS\APRX\CL MLP PAO Aereo Image Server\SQLServer-amssclgis06_ArcGIS-Aereo.sde\OWD.AMD_CL_MLP_PAO_IF_Ortho_Geosupport_OVR\\Ov_i9A2_L01_R0000FDF6_C0000D50D
275,17493,\\amssclgis08.ams.gmams.cl\CL_MLP_PAO\01_Proyectos_ArcGIS\APRX\CL MLP PAO Aereo Image Server\SQLServer-amssclgis06_ArcGIS-Aereo.sde\OWD.AMD_CL_MLP_PAO_IF_Ortho_Geosupport_OVR\\Ov_i9A2_L01_R0000FDF6_C0000D50E
276,17494,\\amssclgis08.ams.gmams.cl\CL_MLP_PAO\01_Proyectos_ArcGIS\APRX\CL MLP PAO Aereo Image Server\SQLServer-amssclgis06_ArcGIS-Aereo.sde\OWD.AMD_CL_MLP_PAO_IF_Ortho_Geosupport_OVR\\Ov_i9A2_L01_R0000FDF6_C0000D50F
277,17495,\\amssclgis08.ams.gmams.cl\CL_MLP_PAO\01_Proyectos_ArcGIS\APRX\CL MLP PAO Aereo Image Server\SQLServer-amssclgis06_ArcGIS-Aereo.sde\OWD.AMD_CL_MLP_PAO_IF_Ortho_Geosupport_OVR\\Ov_i9A2_L01_R0000FDF6_C0000D510
278,17496,\\amssclgis08.ams.gmams.cl\CL_MLP_PAO\01_Proyectos_ArcGIS\APRX\CL MLP PAO Aereo Image Server\SQLServer-amssclgis06_ArcGIS-Aereo.sde\OWD.AMD_CL_MLP_PAO_IF_Ortho_Geosupport_OVR\\Ov_i9A2_L01_R0000FDF6_C0000D511
279,17497,\\amssclgis08.ams.gmams.cl\CL_MLP_PAO\01_Proyectos_ArcGIS\APRX\CL MLP PAO Aereo Image Server\SQLServer-amssclgis06_ArcGIS-Aereo.sde\OWD.AMD_CL_MLP_PAO_IF_Ortho_Geosupport_OVR\\Ov_i9A2_L01_R0000FDF7_C0000D511
280,17501,\\amssclgis08.ams.gmams.cl\CL_MLP_PAO\01_Proyectos_ArcGIS\APRX\CL MLP PAO Aereo Image Server\SQLServer-amssclgis06_ArcGIS-Aereo.sde\OWD.AMD_CL_MLP_PAO_IF_Ortho_Geosupport_OVR\\Ov_i9A2_L01_R0000FDF7_C0000D508
281,17502,\\amssclgis08.ams.gmams.cl\CL_MLP_PAO\01_Proyectos_ArcGIS\APRX\CL MLP PAO Aereo Image Server\SQLServer-amssclgis06_ArcGIS-Aereo.sde\OWD.AMD_CL_MLP_PAO_IF_Ortho_Geosupport_OVR\\Ov_i9A2_L01_R0000FDF5_C0000D507
282,17504,\\amssclgis08.ams.gmams.cl\CL_MLP_PAO\01_Proyectos_ArcGIS\APRX\CL MLP PAO Aereo Image Server\SQLServer-amssclgis06_ArcGIS-Aereo.sde\OWD.AMD_CL_MLP_PAO_IF_Ortho_Geosupport_OVR\\Ov_i9A2_L01_R0000FDF5_C0000D509
283,17505,\\amssclgis08.ams.gmams.cl\CL_MLP_PAO\01_Proyectos_ArcGIS\APRX\CL MLP PAO Aereo Image Server\SQLServer-amssclgis06_ArcGIS-Aereo.sde\OWD.AMD_CL_MLP_PAO_IF_Ortho_Geosupport_OVR\\Ov_i9A2_L01_R0000FDF5_C0000D50A
284,17506,\\amssclgis08.ams.gmams.cl\CL_MLP_PAO\01_Proyectos_ArcGIS\APRX\CL MLP PAO Aereo Image Server\SQLServer-amssclgis06_ArcGIS-Aereo.sde\OWD.AMD_CL_MLP_PAO_IF_Ortho_Geosupport_OVR\\Ov_i9A2_L01_R0000FDF5_C0000D50B
285,17507,\\amssclgis08.ams.gmams.cl\CL_MLP_PAO\01_Proyectos_ArcGIS\APRX\CL MLP PAO Aereo Image Server\SQLServer-amssclgis06_ArcGIS-Aereo.sde\OWD.AMD_CL_MLP_PAO_IF_Ortho_Geosupport_OVR\\Ov_i9A2_L01_R0000FDF2_C0000D521
286,17508,\\amssclgis08.ams.gmams.cl\CL_MLP_PAO\01_Proyectos_ArcGIS\APRX\CL MLP PAO Aereo Image Server\SQLServer-amssclgis06_ArcGIS-Aereo.sde\OWD.AMD_CL_MLP_PAO_IF_Ortho_Geosupport_OVR\\Ov_i9A2_L01_R0000FDF2_C0000D522
287,17509,\\amssclgis08.ams.gmams.cl\CL_MLP_PAO\01_Proyectos_ArcGIS\APRX\CL MLP PAO Aereo Image Server\SQLServer-amssclgis06_ArcGIS-Aereo.sde\OWD.AMD_CL_MLP_PAO_IF_Ortho_Geosupport_OVR\\Ov_i9A2_L01_R0000FDF3_C0000D512
288,17510,\\amssclgis08.ams.gmams.cl\CL_MLP_PAO\01_Proyectos_ArcGIS\APRX\CL MLP PAO Aereo Image Server\SQLServer-amssclgis06_ArcGIS-Aereo.sde\OWD.AMD_CL_MLP_PAO_IF_Ortho_Geosupport_OVR\\Ov_i9A2_L01_R0000FDF3_C0000D513
289,17511,\\amssclgis08.ams.gmams.cl\CL_MLP_PAO\01_Proyectos_ArcGIS\APRX\CL MLP PAO Aereo Image Server\SQLServer-amssclgis06_ArcGIS-Aereo.sde\OWD.AMD_CL_MLP_PAO_IF_Ortho_Geosupport_OVR\\Ov_i9A2_L01_R0000FDF3_C0000D514
290,17512,\\amssclgis08.ams.gmams.cl\CL_MLP_PAO\01_Proyectos_ArcGIS\APRX\CL MLP PAO Aereo Image Server\SQLServer-amssclgis06_ArcGIS-Aereo.sde\OWD.AMD_CL_MLP_PAO_IF_Ortho_Geosupport_OVR\\Ov_i9A2_L01_R0000FDF3_C0000D515
291,17513,\\amssclgis08.ams.gmams.cl\CL_MLP_PAO\01_Proyectos_ArcGIS\APRX\CL MLP PAO Aereo Image Server\SQLServer-amssclgis06_ArcGIS-Aereo.sde\OWD.AMD_CL_MLP_PAO_IF_Ortho_Geosupport_OVR\\Ov_i9A2_L01_R0000FDF3_C0000D516
292,17514,\\amssclgis08.ams.gmams.cl\CL_MLP_PAO\01_Proyectos_ArcGIS\APRX\CL MLP PAO Aereo Image Server\SQLServer-amssclgis06_ArcGIS-Aereo.sde\OWD.AMD_CL_MLP_PAO_IF_Ortho_Geosupport_OVR\\Ov_i9A2_L01_R0000FDF3_C0000D517
293,17515,\\amssclgis08.ams.gmams.cl\CL_MLP_PAO\01_Proyectos_ArcGIS\APRX\CL MLP PAO Aereo Image Server\SQLServer-amssclgis06_ArcGIS-Aereo.sde\OWD.AMD_CL_MLP_PAO_IF_Ortho_Geosupport_OVR\\Ov_i9A2_L01_R0000FDF3_C0000D518
294,17516,\\amssclgis08.ams.gmams.cl\CL_MLP_PAO\01_Proyectos_ArcGIS\APRX\CL MLP PAO Aereo Image Server\SQLServer-amssclgis06_ArcGIS-Aereo.sde\OWD.AMD_CL_MLP_PAO_IF_Ortho_Geosupport_OVR\\Ov_i9A2_L01_R0000FDF3_C0000D519
295,17517,\\amssclgis08.ams.gmams.cl\CL_MLP_PAO\01_Proyectos_ArcGIS\APRX\CL MLP PAO Aereo Image Server\SQLServer-amssclgis06_ArcGIS-Aereo.sde\OWD.AMD_CL_MLP_PAO_IF_Ortho_Geosupport_OVR\\Ov_i9A2_L01_R0000FDF3_C0000D51C
296,17518,\\amssclgis08.ams.gmams.cl\CL_MLP_PAO\01_Proyectos_ArcGIS\APRX\CL MLP PAO Aereo Image Server\SQLServer-amssclgis06_ArcGIS-Aereo.sde\OWD.AMD_CL_MLP_PAO_IF_Ortho_Geosupport_OVR\\Ov_i9A2_L01_R0000FDF3_C0000D51D
297,17519,\\amssclgis08.ams.gmams.cl\CL_MLP_PAO\01_Proyectos_ArcGIS\APRX\CL MLP PAO Aereo Image Server\SQLServer-amssclgis06_ArcGIS-Aereo.sde\OWD.AMD_CL_MLP_PAO_IF_Ortho_Geosupport_OVR\\Ov_i9A2_L01_R0000FDF3_C0000D51E
298,17520,\\amssclgis08.ams.gmams.cl\CL_MLP_PAO\01_Proyectos_ArcGIS\APRX\CL MLP PAO Aereo Image Server\SQLServer-amssclgis06_ArcGIS-Aereo.sde\OWD.AMD_CL_MLP_PAO_IF_Ortho_Geosupport_OVR\\Ov_i9A2_L01_R0000FDF3_C0000D51F
299,17521,\\amssclgis08.ams.gmams.cl\CL_MLP_PAO\01_Proyectos_ArcGIS\APRX\CL MLP PAO Aereo Image Server\SQLServer-amssclgis06_ArcGIS-Aereo.sde\OWD.AMD_CL_MLP_PAO_IF_Ortho_Geosupport_OVR\\Ov_i9A2_L01_R0000FDF3_C0000D520
300,17522,\\amssclgis08.ams.gmams.cl\CL_MLP_PAO\01_Proyectos_ArcGIS\APRX\CL MLP PAO Aereo Image Server\SQLServer-amssclgis06_ArcGIS-Aereo.sde\OWD.AMD_CL_MLP_PAO_IF_Ortho_Geosupport_OVR\\Ov_i9A2_L01_R0000FDF3_C0000D521
301,17523,\\amssclgis08.ams.gmams.cl\CL_MLP_PAO\01_Proyectos_ArcGIS\APRX\CL MLP PAO Aereo Image Server\SQLServer-amssclgis06_ArcGIS-Aereo.sde\OWD.AMD_CL_MLP_PAO_IF_Ortho_Geosupport_OVR\\Ov_i9A2_L01_R0000FDF3_C0000D522
302,17524,\\amssclgis08.ams.gmams.cl\CL_MLP_PAO\01_Proyectos_ArcGIS\APRX\CL MLP PAO Aereo Image Server\SQLServer-amssclgis06_ArcGIS-Aereo.sde\OWD.AMD_CL_MLP_PAO_IF_Ortho_Geosupport_OVR\\Ov_i9A2_L01_R0000FDF3_C0000D523
303,17525,\\amssclgis08.ams.gmams.cl\CL_MLP_PAO\01_Proyectos_ArcGIS\APRX\CL MLP PAO Aereo Image Server\SQLServer-amssclgis06_ArcGIS-Aereo.sde\OWD.AMD_CL_MLP_PAO_IF_Ortho_Geosupport_OVR\\Ov_i9A2_L01_R0000FDF4_C0000D512
304,17526,\\amssclgis08.ams.gmams.cl\CL_MLP_PAO\01_Proyectos_ArcGIS\APRX\CL MLP PAO Aereo Image Server\SQLServer-amssclgis06_ArcGIS-Aereo.sde\OWD.AMD_CL_MLP_PAO_IF_Ortho_Geosupport_OVR\\Ov_i9A2_L01_R0000FDF4_C0000D513
305,17527,\\amssclgis08.ams.gmams.cl\CL_MLP_PAO\01_Proyectos_ArcGIS\APRX\CL MLP PAO Aereo Image Server\SQLServer-amssclgis06_ArcGIS-Aereo.sde\OWD.AMD_CL_MLP_PAO_IF_Ortho_Geosupport_OVR\\Ov_i9A2_L01_R0000FDF4_C0000D514
306,17528,\\amssclgis08.ams.gmams.cl\CL_MLP_PAO\01_Proyectos_ArcGIS\APRX\CL MLP PAO Aereo Image Server\SQLServer-amssclgis06_ArcGIS-Aereo.sde\OWD.AMD_CL_MLP_PAO_IF_Ortho_Geosupport_OVR\\Ov_i9A2_L01_R0000FDF4_C0000D515
307,17529,\\amssclgis08.ams.gmams.cl\CL_MLP_PAO\01_Proyectos_ArcGIS\APRX\CL MLP PAO Aereo Image Server\SQLServer-amssclgis06_ArcGIS-Aereo.sde\OWD.AMD_CL_MLP_PAO_IF_Ortho_Geosupport_OVR\\Ov_i9A2_L01_R0000FDF4_C0000D516
308,17530,\\amssclgis08.ams.gmams.cl\CL_MLP_PAO\01_Proyectos_ArcGIS\APRX\CL MLP PAO Aereo Image Server\SQLServer-amssclgis06_ArcGIS-Aereo.sde\OWD.AMD_CL_MLP_PAO_IF_Ortho_Geosupport_OVR\\Ov_i9A2_L01_R0000FDF4_C0000D517
309,17531,\\amssclgis08.ams.gmams.cl\CL_MLP_PAO\01_Proyectos_ArcGIS\APRX\CL MLP PAO Aereo Image Server\SQLServer-amssclgis06_ArcGIS-Aereo.sde\OWD.AMD_CL_MLP_PAO_IF_Ortho_Geosupport_OVR\\Ov_i9A2_L01_R0000FDF4_C0000D518
310,17532,\\amssclgis08.ams.gmams.cl\CL_MLP_PAO\01_Proyectos_ArcGIS\APRX\CL MLP PAO Aereo Image Server\SQLServer-amssclgis06_ArcGIS-Aereo.sde\OWD.AMD_CL_MLP_PAO_IF_Ortho_Geosupport_OVR\\Ov_i9A2_L01_R0000FDF4_C0000D519
311,17533,\\amssclgis08.ams.gmams.cl\CL_MLP_PAO\01_Proyectos_ArcGIS\APRX\CL MLP PAO Aereo Image Server\SQLServer-amssclgis06_ArcGIS-Aereo.sde\OWD.AMD_CL_MLP_PAO_IF_Ortho_Geosupport_OVR\\Ov_i9A2_L01_R0000FDF4_C0000D51A
312,17534,\\amssclgis08.ams.gmams.cl\CL_MLP_PAO\01_Proyectos_ArcGIS\APRX\CL MLP PAO Aereo Image Server\SQLServer-amssclgis06_ArcGIS-Aereo.sde\OWD.AMD_CL_MLP_PAO_IF_Ortho_Geosupport_OVR\\Ov_i9A2_L01_R0000FDF4_C0000D51B
313,17535,\\amssclgis08.ams.gmams.cl\CL_MLP_PAO\01_Proyectos_ArcGIS\APRX\CL MLP PAO Aereo Image Server\SQLServer-amssclgis06_ArcGIS-Aereo.sde\OWD.AMD_CL_MLP_PAO_IF_Ortho_Geosupport_OVR\\Ov_i9A2_L01_R0000FDF4_C0000D51C
314,17536,\\amssclgis08.ams.gmams.cl\CL_MLP_PAO\01_Proyectos_ArcGIS\APRX\CL MLP PAO Aereo Image Server\SQLServer-amssclgis06_ArcGIS-Aereo.sde\OWD.AMD_CL_MLP_PAO_IF_Ortho_Geosupport_OVR\\Ov_i9A2_L01_R0000FDF4_C0000D51D
315,17537,\\amssclgis08.ams.gmams.cl\CL_MLP_PAO\01_Proyectos_ArcGIS\APRX\CL MLP PAO Aereo Image Server\SQLServer-amssclgis06_ArcGIS-Aereo.sde\OWD.AMD_CL_MLP_PAO_IF_Ortho_Geosupport_OVR\\Ov_i9A2_L01_R0000FDF5_C0000D512
316,17538,\\amssclgis08.ams.gmams.cl\CL_MLP_PAO\01_Proyectos_ArcGIS\APRX\CL MLP PAO Aereo Image Server\SQLServer-amssclgis06_ArcGIS-Aereo.sde\OWD.AMD_CL_MLP_PAO_IF_Ortho_Geosupport_OVR\\Ov_i9A2_L01_R0000FDF5_C0000D516
317,17539,\\amssclgis08.ams.gmams.cl\CL_MLP_PAO\01_Proyectos_ArcGIS\APRX\CL MLP PAO Aereo Image Server\SQLServer-amssclgis06_ArcGIS-Aereo.sde\OWD.AMD_CL_MLP_PAO_IF_Ortho_Geosupport_OVR\\Ov_i9A2_L01_R0000FDF5_C0000D517
318,17540,\\amssclgis08.ams.gmams.cl\CL_MLP_PAO\01_Proyectos_ArcGIS\APRX\CL MLP PAO Aereo Image Server\SQLServer-amssclgis06_ArcGIS-Aereo.sde\OWD.AMD_CL_MLP_PAO_IF_Ortho_Geosupport_OVR\\Ov_i9A2_L01_R0000FDF5_C0000D518
319,17542,\\amssclgis08.ams.gmams.cl\CL_MLP_PAO\01_Proyectos_ArcGIS\APRX\CL MLP PAO Aereo Image Server\SQLServer-amssclgis06_ArcGIS-Aereo.sde\OWD.AMD_CL_MLP_PAO_IF_Ortho_Geosupport_OVR\\Ov_i9A2_L01_R0000FDF3_C0000D535
320,17543,\\amssclgis08.ams.gmams.cl\CL_MLP_PAO\01_Proyectos_ArcGIS\APRX\CL MLP PAO Aereo Image Server\SQLServer-amssclgis06_ArcGIS-Aereo.sde\OWD.AMD_CL_MLP_PAO_IF_Ortho_Geosupport_OVR\\Ov_i9A2_L01_R0000FDF3_C0000D536
321,17544,\\amssclgis08.ams.gmams.cl\CL_MLP_PAO\01_Proyectos_ArcGIS\APRX\CL MLP PAO Aereo Image Server\SQLServer-amssclgis06_ArcGIS-Aereo.sde\OWD.AMD_CL_MLP_PAO_IF_Ortho_Geosupport_OVR\\Ov_i9A2_L01_R0000FDF3_C0000D537
322,17545,\\amssclgis08.ams.gmams.cl\CL_MLP_PAO\01_Proyectos_ArcGIS\APRX\CL MLP PAO Aereo Image Server\SQLServer-amssclgis06_ArcGIS-Aereo.sde\OWD.AMD_CL_MLP_PAO_IF_Ortho_Geosupport_OVR\\Ov_i9A2_L01_R0000FDF3_C0000D538
323,17546,\\amssclgis08.ams.gmams.cl\CL_MLP_PAO\01_Proyectos_ArcGIS\APRX\CL MLP PAO Aereo Image Server\SQLServer-amssclgis06_ArcGIS-Aereo.sde\OWD.AMD_CL_MLP_PAO_IF_Ortho_Geosupport_OVR\\Ov_i9A2_L01_R0000FDF4_C0000D538
324,17547,\\amssclgis08.ams.gmams.cl\CL_MLP_PAO\01_Proyectos_ArcGIS\APRX\CL MLP PAO Aereo Image Server\SQLServer-amssclgis06_ArcGIS-Aereo.sde\OWD.AMD_CL_MLP_PAO_IF_Ortho_Geosupport_OVR\\Ov_i9A2_L01_R0000FDF5_C0000D538
325,17548,\\amssclgis08.ams.gmams.cl\CL_MLP_PAO\01_Proyectos_ArcGIS\APRX\CL MLP PAO Aereo Image Server\SQLServer-amssclgis06_ArcGIS-Aereo.sde\OWD.AMD_CL_MLP_PAO_IF_Ortho_Geosupport_OVR\\Ov_i9A2_L01_R0000FDF3_C0000D510
326,17549,\\amssclgis08.ams.gmams.cl\CL_MLP_PAO\01_Proyectos_ArcGIS\APRX\CL MLP PAO Aereo Image Server\SQLServer-amssclgis06_ArcGIS-Aereo.sde\OWD.AMD_CL_MLP_PAO_IF_Ortho_Geosupport_OVR\\Ov_i9A2_L01_R0000FDF3_C0000D511
327,17550,\\amssclgis08.ams.gmams.cl\CL_MLP_PAO\01_Proyectos_ArcGIS\APRX\CL MLP PAO Aereo Image Server\SQLServer-amssclgis06_ArcGIS-Aereo.sde\OWD.AMD_CL_MLP_PAO_IF_Ortho_Geosupport_OVR\\Ov_i9A2_L01_R0000FDF4_C0000D511
328,17551,\\amssclgis08.ams.gmams.cl\CL_MLP_PAO\01_Proyectos_ArcGIS\APRX\CL MLP PAO Aereo Image Server\SQLServer-amssclgis06_ArcGIS-Aereo.sde\OWD.AMD_CL_MLP_PAO_IF_Ortho_Geosupport_OVR\\Ov_i9A2_L01_R0000FDF5_C0000D511
329,17553,\\amssclgis08.ams.gmams.cl\CL_MLP_PAO\01_Proyectos_ArcGIS\APRX\CL MLP PAO Aereo Image Server\SQLServer-amssclgis06_ArcGIS-Aereo.sde\OWD.AMD_CL_MLP_PAO_IF_Ortho_Geosupport_OVR\\Ov_i9A2_L01_R0000FDF3_C0000D50D
330,17554,\\amssclgis08.ams.gmams.cl\CL_MLP_PAO\01_Proyectos_ArcGIS\APRX\CL MLP PAO Aereo Image Server\SQLServer-amssclgis06_ArcGIS-Aereo.sde\OWD.AMD_CL_MLP_PAO_IF_Ortho_Geosupport_OVR\\Ov_i9A2_L01_R0000FDF4_C0000D50C
331,17555,\\amssclgis08.ams.gmams.cl\CL_MLP_PAO\01_Proyectos_ArcGIS\APRX\CL MLP PAO Aereo Image Server\SQLServer-amssclgis06_ArcGIS-Aereo.sde\OWD.AMD_CL_MLP_PAO_IF_Ortho_Geosupport_OVR\\Ov_i9A2_L01_R0000FDF4_C0000D50D
332,17556,\\amssclgis08.ams.gmams.cl\CL_MLP_PAO\01_Proyectos_ArcGIS\APRX\CL MLP PAO Aereo Image Server\SQLServer-amssclgis06_ArcGIS-Aereo.sde\OWD.AMD_CL_MLP_PAO_IF_Ortho_Geosupport_OVR\\Ov_i9A2_L01_R0000FDF1_C0000D52C
333,17557,\\amssclgis08.ams.gmams.cl\CL_MLP_PAO\01_Proyectos_ArcGIS\APRX\CL MLP PAO Aereo Image Server\SQLServer-amssclgis06_ArcGIS-Aereo.sde\OWD.AMD_CL_MLP_PAO_IF_Ortho_Geosupport_OVR\\Ov_i9A2_L01_R0000FDF1_C0000D52D
334,17558,\\amssclgis08.ams.gmams.cl\CL_MLP_PAO\01_Proyectos_ArcGIS\APRX\CL MLP PAO Aereo Image Server\SQLServer-amssclgis06_ArcGIS-Aereo.sde\OWD.AMD_CL_MLP_PAO_IF_Ortho_Geosupport_OVR\\Ov_i9A2_L01_R0000FDF1_C0000D52E
335,17559,\\amssclgis08.ams.gmams.cl\CL_MLP_PAO\01_Proyectos_ArcGIS\APRX\CL MLP PAO Aereo Image Server\SQLServer-amssclgis06_ArcGIS-Aereo.sde\OWD.AMD_CL_MLP_PAO_IF_Ortho_Geosupport_OVR\\Ov_i9A2_L01_R0000FDF1_C0000D52F
336,17560,\\amssclgis08.ams.gmams.cl\CL_MLP_PAO\01_Proyectos_ArcGIS\APRX\CL MLP PAO Aereo Image Server\SQLServer-amssclgis06_ArcGIS-Aereo.sde\OWD.AMD_CL_MLP_PAO_IF_Ortho_Geosupport_OVR\\Ov_i9A2_L01_R0000FDF2_C0000D52F
337,17561,\\amssclgis08.ams.gmams.cl\CL_MLP_PAO\01_Proyectos_ArcGIS\APRX\CL MLP PAO Aereo Image Server\SQLServer-amssclgis06_ArcGIS-Aereo.sde\OWD.AMD_CL_MLP_PAO_IF_Ortho_Geosupport_OVR\\Ov_i9A2_L01_R0000FDF2_C0000D532
338,17562,\\amssclgis08.ams.gmams.cl\CL_MLP_PAO\01_Proyectos_ArcGIS\APRX\CL MLP PAO Aereo Image Server\SQLServer-amssclgis06_ArcGIS-Aereo.sde\OWD.AMD_CL_MLP_PAO_IF_Ortho_Geosupport_OVR\\Ov_i9A2_L01_R0000FDF2_C0000D533
339,17563,\\amssclgis08.ams.gmams.cl\CL_MLP_PAO\01_Proyectos_ArcGIS\APRX\CL MLP PAO Aereo Image Server\SQLServer-amssclgis06_ArcGIS-Aereo.sde\OWD.AMD_CL_MLP_PAO_IF_Ortho_Geosupport_OVR\\Ov_i9A2_L01_R0000FDF3_C0000D52F
340,17564,\\amssclgis08.ams.gmams.cl\CL_MLP_PAO\01_Proyectos_ArcGIS\APRX\CL MLP PAO Aereo Image Server\SQLServer-amssclgis06_ArcGIS-Aereo.sde\OWD.AMD_CL_MLP_PAO_IF_Ortho_Geosupport_OVR\\Ov_i9A2_L01_R0000FDF3_C0000D533
341,17565,\\amssclgis08.ams.gmams.cl\CL_MLP_PAO\01_Proyectos_ArcGIS\APRX\CL MLP PAO Aereo Image Server\SQLServer-amssclgis06_ArcGIS-Aereo.sde\OWD.AMD_CL_MLP_PAO_IF_Ortho_Geosupport_OVR\\Ov_i9A2_L01_R0000FDF4_C0000D52F
342,17566,\\amssclgis08.ams.gmams.cl\CL_MLP_PAO\01_Proyectos_ArcGIS\APRX\CL MLP PAO Aereo Image Server\SQLServer-amssclgis06_ArcGIS-Aereo.sde\OWD.AMD_CL_MLP_PAO_IF_Ortho_Geosupport_OVR\\Ov_i9A2_L01_R0000FDF4_C0000D530
343,17567,\\amssclgis08.ams.gmams.cl\CL_MLP_PAO\01_Proyectos_ArcGIS\APRX\CL MLP PAO Aereo Image Server\SQLServer-amssclgis06_ArcGIS-Aereo.sde\OWD.AMD_CL_MLP_PAO_IF_Ortho_Geosupport_OVR\\Ov_i9A2_L01_R0000FDF4_C0000D531
344,17568,\\amssclgis08.ams.gmams.cl\CL_MLP_PAO\01_Proyectos_ArcGIS\APRX\CL MLP PAO Aereo Image Server\SQLServer-amssclgis06_ArcGIS-Aereo.sde\OWD.AMD_CL_MLP_PAO_IF_Ortho_Geosupport_OVR\\Ov_i9A2_L01_R0000FDF4_C0000D532
345,17569,\\amssclgis08.ams.gmams.cl\CL_MLP_PAO\01_Proyectos_ArcGIS\APRX\CL MLP PAO Aereo Image Server\SQLServer-amssclgis06_ArcGIS-Aereo.sde\OWD.AMD_CL_MLP_PAO_IF_Ortho_Geosupport_OVR\\Ov_i9A2_L01_R0000FDF4_C0000D533
346,17571,\\amssclgis08.ams.gmams.cl\CL_MLP_PAO\01_Proyectos_ArcGIS\APRX\CL MLP PAO Aereo Image Server\SQLServer-amssclgis06_ArcGIS-Aereo.sde\OWD.AMD_CL_MLP_PAO_IF_Ortho_Geosupport_OVR\\Ov_i9A2_L01_R0000FDF3_C0000D524
347,17572,\\amssclgis08.ams.gmams.cl\CL_MLP_PAO\01_Proyectos_ArcGIS\APRX\CL MLP PAO Aereo Image Server\SQLServer-amssclgis06_ArcGIS-Aereo.sde\OWD.AMD_CL_MLP_PAO_IF_Ortho_Geosupport_OVR\\Ov_i9A2_L01_R0000FDF4_C0000D524
348,17573,\\amssclgis08.ams.gmams.cl\CL_MLP_PAO\01_Proyectos_ArcGIS\APRX\CL MLP PAO Aereo Image Server\SQLServer-amssclgis06_ArcGIS-Aereo.sde\OWD.AMD_CL_MLP_PAO_IF_Ortho_Geosupport_OVR\\Ov_i9A2_L01_R0000FDF4_C0000D525
349,17574,\\amssclgis08.ams.gmams.cl\CL_MLP_PAO\01_Proyectos_ArcGIS\APRX\CL MLP PAO Aereo Image Server\SQLServer-amssclgis06_ArcGIS-Aereo.sde\OWD.AMD_CL_MLP_PAO_IF_Ortho_Geosupport_OVR\\Ov_i9A2_L01_R0000FDF4_C0000D526
350,17575,\\amssclgis08.ams.gmams.cl\CL_MLP_PAO\01_Proyectos_ArcGIS\APRX\CL MLP PAO Aereo Image Server\SQLServer-amssclgis06_ArcGIS-Aereo.sde\OWD.AMD_CL_MLP_PAO_IF_Ortho_Geosupport_OVR\\Ov_i9A2_L01_R0000FDF3_C0000D52B
351,17576,\\amssclgis08.ams.gmams.cl\CL_MLP_PAO\01_Proyectos_ArcGIS\APRX\CL MLP PAO Aereo Image Server\SQLServer-amssclgis06_ArcGIS-Aereo.sde\OWD.AMD_CL_MLP_PAO_IF_Ortho_Geosupport_OVR\\Ov_i9A2_L01_R0000FDF4_C0000D52A
352,17577,\\amssclgis08.ams.gmams.cl\CL_MLP_PAO\01_Proyectos_ArcGIS\APRX\CL MLP PAO Aereo Image Server\SQLServer-amssclgis06_ArcGIS-Aereo.sde\OWD.AMD_CL_MLP_PAO_IF_Ortho_Geosupport_OVR\\Ov_i9A2_L01_R0000FDF4_C0000D52B
353,17578,\\amssclgis08.ams.gmams.cl\CL_MLP_PAO\01_Proyectos_ArcGIS\APRX\CL MLP PAO Aereo Image Server\SQLServer-amssclgis06_ArcGIS-Aereo.sde\OWD.AMD_CL_MLP_PAO_IF_Ortho_Geosupport_OVR\\Ov_i9A2_L01_R0000FDF3_C0000D50E
354,17579,\\amssclgis08.ams.gmams.cl\CL_MLP_PAO\01_Proyectos_ArcGIS\APRX\CL MLP PAO Aereo Image Server\SQLServer-amssclgis06_ArcGIS-Aereo.sde\OWD.AMD_CL_MLP_PAO_IF_Ortho_Geosupport_OVR\\Ov_i9A2_L01_R0000FDF3_C0000D50F
355,17581,\\amssclgis08.ams.gmams.cl\CL_MLP_PAO\01_Proyectos_ArcGIS\APRX\CL MLP PAO Aereo Image Server\SQLServer-amssclgis06_ArcGIS-Aereo.sde\OWD.AMD_CL_MLP_PAO_IF_Ortho_Geosupport_OVR\\Ov_i9A2_L01_R0000FDE2_C0000D57B
356,17582,\\amssclgis08.ams.gmams.cl\CL_MLP_PAO\01_Proyectos_ArcGIS\APRX\CL MLP PAO Aereo Image Server\SQLServer-amssclgis06_ArcGIS-Aereo.sde\OWD.AMD_CL_MLP_PAO_IF_Ortho_Geosupport_OVR\\Ov_i9A2_L01_R0000FDE3_C0000D57A
357,17583,\\amssclgis08.ams.gmams.cl\CL_MLP_PAO\01_Proyectos_ArcGIS\APRX\CL MLP PAO Aereo Image Server\SQLServer-amssclgis06_ArcGIS-Aereo.sde\OWD.AMD_CL_MLP_PAO_IF_Ortho_Geosupport_OVR\\Ov_i9A2_L01_R0000FDE3_C0000D57B
358,17584,\\amssclgis08.ams.gmams.cl\CL_MLP_PAO\01_Proyectos_ArcGIS\APRX\CL MLP PAO Aereo Image Server\SQLServer-amssclgis06_ArcGIS-Aereo.sde\OWD.AMD_CL_MLP_PAO_IF_Ortho_Geosupport_OVR\\Ov_i9A2_L01_R0000FDE3_C0000D57C
359,17585,\\amssclgis08.ams.gmams.cl\CL_MLP_PAO\01_Proyectos_ArcGIS\APRX\CL MLP PAO Aereo Image Server\SQLServer-amssclgis06_ArcGIS-Aereo.sde\OWD.AMD_CL_MLP_PAO_IF_Ortho_Geosupport_OVR\\Ov_i9A2_L01_R0000FDE3_C0000D57D
360,17586,\\amssclgis08.ams.gmams.cl\CL_MLP_PAO\01_Proyectos_ArcGIS\APRX\CL MLP PAO Aereo Image Server\SQLServer-amssclgis06_ArcGIS-Aereo.sde\OWD.AMD_CL_MLP_PAO_IF_Ortho_Geosupport_OVR\\Ov_i9A2_L01_R0000FDE4_C0000D57B
361,17587,\\amssclgis08.ams.gmams.cl\CL_MLP_PAO\01_Proyectos_ArcGIS\APRX\CL MLP PAO Aereo Image Server\SQLServer-amssclgis06_ArcGIS-Aereo.sde\OWD.AMD_CL_MLP_PAO_IF_Ortho_Geosupport_OVR\\Ov_i9A2_L01_R0000FDE4_C0000D57C
362,17588,\\amssclgis08.ams.gmams.cl\CL_MLP_PAO\01_Proyectos_ArcGIS\APRX\CL MLP PAO Aereo Image Server\SQLServer-amssclgis06_ArcGIS-Aereo.sde\OWD.AMD_CL_MLP_PAO_IF_Ortho_Geosupport_OVR\\Ov_i9A2_L01_R0000FDE4_C0000D57D
363,17589,\\amssclgis08.ams.gmams.cl\CL_MLP_PAO\01_Proyectos_ArcGIS\APRX\CL MLP PAO Aereo Image Server\SQLServer-amssclgis06_ArcGIS-Aereo.sde\OWD.AMD_CL_MLP_PAO_IF_Ortho_Geosupport_OVR\\Ov_i9A2_L01_R0000FDE4_C0000D57E
364,17590,\\amssclgis08.ams.gmams.cl\CL_MLP_PAO\01_Proyectos_ArcGIS\APRX\CL MLP PAO Aereo Image Server\SQLServer-amssclgis06_ArcGIS-Aereo.sde\OWD.AMD_CL_MLP_PAO_IF_Ortho_Geosupport_OVR\\Ov_i9A2_L01_R0000FDE5_C0000D57D
365,17591,\\amssclgis08.ams.gmams.cl\CL_MLP_PAO\01_Proyectos_ArcGIS\APRX\CL MLP PAO Aereo Image Server\SQLServer-amssclgis06_ArcGIS-Aereo.sde\OWD.AMD_CL_MLP_PAO_IF_Ortho_Geosupport_OVR\\Ov_i9A2_L01_R0000FDE5_C0000D57E
366,17592,\\amssclgis08.ams.gmams.cl\CL_MLP_PAO\01_Proyectos_ArcGIS\APRX\CL MLP PAO Aereo Image Server\SQLServer-amssclgis06_ArcGIS-Aereo.sde\OWD.AMD_CL_MLP_PAO_IF_Ortho_Geosupport_OVR\\Ov_i9A2_L01_R0000FDDE_C0000D582
367,17593,\\amssclgis08.ams.gmams.cl\CL_MLP_PAO\01_Proyectos_ArcGIS\APRX\CL MLP PAO Aereo Image Server\SQLServer-amssclgis06_ArcGIS-Aereo.sde\OWD.AMD_CL_MLP_PAO_IF_Ortho_Geosupport_OVR\\Ov_i9A2_L01_R0000FDDE_C0000D583
368,17594,\\amssclgis08.ams.gmams.cl\CL_MLP_PAO\01_Proyectos_ArcGIS\APRX\CL MLP PAO Aereo Image Server\SQLServer-amssclgis06_ArcGIS-Aereo.sde\OWD.AMD_CL_MLP_PAO_IF_Ortho_Geosupport_OVR\\Ov_i9A2_L01_R0000FDDF_C0000D581
369,17595,\\amssclgis08.ams.gmams.cl\CL_MLP_PAO\01_Proyectos_ArcGIS\APRX\CL MLP PAO Aereo Image Server\SQLServer-amssclgis06_ArcGIS-Aereo.sde\OWD.AMD_CL_MLP_PAO_IF_Ortho_Geosupport_OVR\\Ov_i9A2_L01_R0000FDDF_C0000D582
370,17596,\\amssclgis08.ams.gmams.cl\CL_MLP_PAO\01_Proyectos_ArcGIS\APRX\CL MLP PAO Aereo Image Server\SQLServer-amssclgis06_ArcGIS-Aereo.sde\OWD.AMD_CL_MLP_PAO_IF_Ortho_Geosupport_OVR\\Ov_i9A2_L01_R0000FDDF_C0000D583
371,17597,\\amssclgis08.ams.gmams.cl\CL_MLP_PAO\01_Proyectos_ArcGIS\APRX\CL MLP PAO Aereo Image Server\SQLServer-amssclgis06_ArcGIS-Aereo.sde\OWD.AMD_CL_MLP_PAO_IF_Ortho_Geosupport_OVR\\Ov_i9A2_L01_R0000FDE0_C0000D581
372,17598,\\amssclgis08.ams.gmams.cl\CL_MLP_PAO\01_Proyectos_ArcGIS\APRX\CL MLP PAO Aereo Image Server\SQLServer-amssclgis06_ArcGIS-Aereo.sde\OWD.AMD_CL_MLP_PAO_IF_Ortho_Geosupport_OVR\\Ov_i9A2_L01_R0000FDE0_C0000D582
373,17600,\\amssclgis08.ams.gmams.cl\CL_MLP_PAO\01_Proyectos_ArcGIS\APRX\CL MLP PAO Aereo Image Server\SQLServer-amssclgis06_ArcGIS-Aereo.sde\OWD.AMD_CL_MLP_PAO_IF_Ortho_Geosupport_OVR\\Ov_i9A2_L01_R0000FDE1_C0000D581
374,17601,\\amssclgis08.ams.gmams.cl\CL_MLP_PAO\01_Proyectos_ArcGIS\APRX\CL MLP PAO Aereo Image Server\SQLServer-amssclgis06_ArcGIS-Aereo.sde\OWD.AMD_CL_MLP_PAO_IF_Ortho_Geosupport_OVR\\Ov_i9A2_L01_R0000FDE2_C0000D57F
375,17602,\\amssclgis08.ams.gmams.cl\CL_MLP_PAO\01_Proyectos_ArcGIS\APRX\CL MLP PAO Aereo Image Server\SQLServer-amssclgis06_ArcGIS-Aereo.sde\OWD.AMD_CL_MLP_PAO_IF_Ortho_Geosupport_OVR\\Ov_i9A2_L01_R0000FDE2_C0000D580
376,17603,\\amssclgis08.ams.gmams.cl\CL_MLP_PAO\01_Proyectos_ArcGIS\APRX\CL MLP PAO Aereo Image Server\SQLServer-amssclgis06_ArcGIS-Aereo.sde\OWD.AMD_CL_MLP_PAO_IF_Ortho_Geosupport_OVR\\Ov_i9A2_L01_R0000FDE3_C0000D57F
377,17604,\\amssclgis08.ams.gmams.cl\CL_MLP_PAO\01_Proyectos_ArcGIS\APRX\CL MLP PAO Aereo Image Server\SQLServer-amssclgis06_ArcGIS-Aereo.sde\OWD.AMD_CL_MLP_PAO_IF_Ortho_Geosupport_OVR\\Ov_i9A2_L01_R0000FDCE_C0000D57D
378,17605,\\amssclgis08.ams.gmams.cl\CL_MLP_PAO\01_Proyectos_ArcGIS\APRX\CL MLP PAO Aereo Image Server\SQLServer-amssclgis06_ArcGIS-Aereo.sde\OWD.AMD_CL_MLP_PAO_IF_Ortho_Geosupport_OVR\\Ov_i9A2_L01_R0000FDCE_C0000D57E
379,17606,\\amssclgis08.ams.gmams.cl\CL_MLP_PAO\01_Proyectos_ArcGIS\APRX\CL MLP PAO Aereo Image Server\SQLServer-amssclgis06_ArcGIS-Aereo.sde\OWD.AMD_CL_MLP_PAO_IF_Ortho_Geosupport_OVR\\Ov_i9A2_L01_R0000FDCF_C0000D57C
380,17607,\\amssclgis08.ams.gmams.cl\CL_MLP_PAO\01_Proyectos_ArcGIS\APRX\CL MLP PAO Aereo Image Server\SQLServer-amssclgis06_ArcGIS-Aereo.sde\OWD.AMD_CL_MLP_PAO_IF_Ortho_Geosupport_OVR\\Ov_i9A2_L01_R0000FDCF_C0000D57D
381,17608,\\amssclgis08.ams.gmams.cl\CL_MLP_PAO\01_Proyectos_ArcGIS\APRX\CL MLP PAO Aereo Image Server\SQLServer-amssclgis06_ArcGIS-Aereo.sde\OWD.AMD_CL_MLP_PAO_IF_Ortho_Geosupport_OVR\\Ov_i9A2_L01_R0000FDD0_C0000D57C
382,17609,\\amssclgis08.ams.gmams.cl\CL_MLP_PAO\01_Proyectos_ArcGIS\APRX\CL MLP PAO Aereo Image Server\SQLServer-amssclgis06_ArcGIS-Aereo.sde\OWD.AMD_CL_MLP_PAO_IF_Ortho_Geosupport_OVR\\Ov_i9A2_L01_R0000FDCD_C0000D57B
383,17610,\\amssclgis08.ams.gmams.cl\CL_MLP_PAO\01_Proyectos_ArcGIS\APRX\CL MLP PAO Aereo Image Server\SQLServer-amssclgis06_ArcGIS-Aereo.sde\OWD.AMD_CL_MLP_PAO_IF_Ortho_Geosupport_OVR\\Ov_i9A2_L01_R0000FDCE_C0000D57A
384,17611,\\amssclgis08.ams.gmams.cl\CL_MLP_PAO\01_Proyectos_ArcGIS\APRX\CL MLP PAO Aereo Image Server\SQLServer-amssclgis06_ArcGIS-Aereo.sde\OWD.AMD_CL_MLP_PAO_IF_Ortho_Geosupport_OVR\\Ov_i9A2_L01_R0000FDCE_C0000D57B
385,17613,\\amssclgis08.ams.gmams.cl\CL_MLP_PAO\01_Proyectos_ArcGIS\APRX\CL MLP PAO Aereo Image Server\SQLServer-amssclgis06_ArcGIS-Aereo.sde\OWD.AMD_CL_MLP_PAO_IF_Ortho_Geosupport_OVR\\Ov_i9A2_L01_R0000FDCD_C0000D57C
386,17614,\\amssclgis08.ams.gmams.cl\CL_MLP_PAO\01_Proyectos_ArcGIS\APRX\CL MLP PAO Aereo Image Server\SQLServer-amssclgis06_ArcGIS-Aereo.sde\OWD.AMD_CL_MLP_PAO_IF_Ortho_Geosupport_OVR\\Ov_i9A2_L01_R0000FDCD_C0000D57E
387,17615,\\amssclgis08.ams.gmams.cl\CL_MLP_PAO\01_Proyectos_ArcGIS\APRX\CL MLP PAO Aereo Image Server\SQLServer-amssclgis06_ArcGIS-Aereo.sde\OWD.AMD_CL_MLP_PAO_IF_Ortho_Geosupport_OVR\\Ov_i9A2_L01_R0000FDCD_C0000D57D
388,19428,C:\Users\ESRLRI~1\AppData\Local\Temp\4b6b55659312aa55f0b12cae76f16c26.sde\OWD.AMD_CL_MLP_PAO_IF_Ortho_Geosupport_OVR\\Ov_i9A2_L01_R0000FDF8_C0000D513
389,19694,C:\Users\ESRLRI~1\AppData\Local\Temp\4b6b55659312aa55f0b12cae76f16c26.sde\OWD.AMD_CL_MLP_PAO_IF_Ortho_Geosupport_OVR\\Ov_i9A2_L01_R0000FDF2_C0000D511
390,19695,C:\Users\ESRLRI~1\AppData\Local\Temp\4b6b55659312aa55f0b12cae76f16c26.sde\OWD.AMD_CL_MLP_PAO_IF_Ortho_Geosupport_OVR\\Ov_i9A2_L01_R0000FDF2_C0000D512
391,19696,C:\Users\ESRLRI~1\AppData\Local\Temp\4b6b55659312aa55f0b12cae76f16c26.sde\OWD.AMD_CL_MLP_PAO_IF_Ortho_Geosupport_OVR\\Ov_i9A2_L01_R0000FDF2_C0000D513
392,19697,C:\Users\ESRLRI~1\AppData\Local\Temp\4b6b55659312aa55f0b12cae76f16c26.sde\OWD.AMD_CL_MLP_PAO_IF_Ortho_Geosupport_OVR\\Ov_i9A2_L01_R0000FDF2_C0000D514
393,19698,C:\Users\ESRLRI~1\AppData\Local\Temp\4b6b55659312aa55f0b12cae76f16c26.sde\OWD.AMD_CL_MLP_PAO_IF_Ortho_Geosupport_OVR\\Ov_i9A2_L01_R0000FDF2_C0000D515
394,19699,C:\Users\ESRLRI~1\AppData\Local\Temp\4b6b55659312aa55f0b12cae76f16c26.sde\OWD.AMD_CL_MLP_PAO_IF_Ortho_Geosupport_OVR\\Ov_i9A2_L01_R0000FDF2_C0000D516
395,19700,C:\Users\ESRLRI~1\AppData\Local\Temp\4b6b55659312aa55f0b12cae76f16c26.sde\OWD.AMD_CL_MLP_PAO_IF_Ortho_Geosupport_OVR\\Ov_i9A2_L01_R0000FDF2_C0000D517
396,19701,C:\Users\ESRLRI~1\AppData\Local\Temp\4b6b55659312aa55f0b12cae76f16c26.sde\OWD.AMD_CL_MLP_PAO_IF_Ortho_Geosupport_OVR\\Ov_i9A2_L01_R0000FDF2_C0000D518
397,19702,C:\Users\ESRLRI~1\AppData\Local\Temp\4b6b55659312aa55f0b12cae76f16c26.sde\OWD.AMD_CL_MLP_PAO_IF_Ortho_Geosupport_OVR\\Ov_i9A2_L01_R0000FDF2_C0000D519
398,19703,C:\Users\ESRLRI~1\AppData\Local\Temp\4b6b55659312aa55f0b12cae76f16c26.sde\OWD.AMD_CL_MLP_PAO_IF_Ortho_Geosupport_OVR\\Ov_i9A2_L01_R0000FDF2_C0000D51A
399,19704,C:\Users\ESRLRI~1\AppData\Local\Temp\4b6b55659312aa55f0b12cae76f16c26.sde\OWD.AMD_CL_MLP_PAO_IF_Ortho_Geosupport_OVR\\Ov_i9A2_L01_R0000FDF2_C0000D51B
400,19705,C:\Users\ESRLRI~1\AppData\Local\Temp\4b6b55659312aa55f0b12cae76f16c26.sde\OWD.AMD_CL_MLP_PAO_IF_Ortho_Geosupport_OVR\\Ov_i9A2_L01_R0000FDF2_C0000D51C
401,19706,C:\Users\ESRLRI~1\AppData\Local\Temp\4b6b55659312aa55f0b12cae76f16c26.sde\OWD.AMD_CL_MLP_PAO_IF_Ortho_Geosupport_OVR\\Ov_i9A2_L01_R0000FDF2_C0000D51D
402,19707,C:\Users\ESRLRI~1\AppData\Local\Temp\4b6b55659312aa55f0b12cae76f16c26.sde\OWD.AMD_CL_MLP_PAO_IF_Ortho_Geosupport_OVR\\Ov_i9A2_L01_R0000FDF2_C0000D51E
403,19708,C:\Users\ESRLRI~1\AppData\Local\Temp\4b6b55659312aa55f0b12cae76f16c26.sde\OWD.AMD_CL_MLP_PAO_IF_Ortho_Geosupport_OVR\\Ov_i9A2_L01_R0000FDF2_C0000D51F
404,19709,C:\Users\ESRLRI~1\AppData\Local\Temp\4b6b55659312aa55f0b12cae76f16c26.sde\OWD.AMD_CL_MLP_PAO_IF_Ortho_Geosupport_OVR\\Ov_i9A2_L01_R0000FDF2_C0000D520
405,19712,C:\Users\ESRLRI~1\AppData\Local\Temp\4b6b55659312aa55f0b12cae76f16c26.sde\OWD.AMD_CL_MLP_PAO_IF_Ortho_Geosupport_OVR\\Ov_i9A2_L01_R0000FDF2_C0000D523
406,19713,C:\Users\ESRLRI~1\AppData\Local\Temp\4b6b55659312aa55f0b12cae76f16c26.sde\OWD.AMD_CL_MLP_PAO_IF_Ortho_Geosupport_OVR\\Ov_i9A2_L01_R0000FDF2_C0000D524
407,19967,C:\Users\amsgiseeap\AppData\Local\Temp\ArcGISProTemp12292\Untitled\SQLServer-amssclgis06_ArcGIS-Aereo.sde\OWD.AMD_CL_MLP_PAO_IF_Ortho_Geosupport_OVR\\Ov_i9A2_L01_R0000FE03_C0000D548
408,19968,C:\Users\amsgiseeap\AppData\Local\Temp\ArcGISProTemp12292\Untitled\SQLServer-amssclgis06_ArcGIS-Aereo.sde\OWD.AMD_CL_MLP_PAO_IF_Ortho_Geosupport_OVR\\Ov_i9A2_L01_R0000FE03_C0000D549
409,19969,C:\Users\amsgiseeap\AppData\Local\Temp\ArcGISProTemp12292\Untitled\SQLServer-amssclgis06_ArcGIS-Aereo.sde\OWD.AMD_CL_MLP_PAO_IF_Ortho_Geosupport_OVR\\Ov_i9A2_L01_R0000FE03_C0000D54A
410,19970,C:\Users\amsgiseeap\AppData\Local\Temp\ArcGISProTemp12292\Untitled\SQLServer-amssclgis06_ArcGIS-Aereo.sde\OWD.AMD_CL_MLP_PAO_IF_Ortho_Geosupport_OVR\\Ov_i9A2_L01_R0000FE03_C0000D54B
411,19971,C:\Users\amsgiseeap\AppData\Local\Temp\ArcGISProTemp12292\Untitled\SQLServer-amssclgis06_ArcGIS-Aereo.sde\OWD.AMD_CL_MLP_PAO_IF_Ortho_Geosupport_OVR\\Ov_i9A2_L01_R0000FE03_C0000D54C
412,19972,C:\Users\amsgiseeap\AppData\Local\Temp\ArcGISProTemp12292\Untitled\SQLServer-amssclgis06_ArcGIS-Aereo.sde\OWD.AMD_CL_MLP_PAO_IF_Ortho_Geosupport_OVR\\Ov_i9A2_L01_R0000FE03_C0000D54D
413,19973,C:\Users\amsgiseeap\AppData\Local\Temp\ArcGISProTemp12292\Untitled\SQLServer-amssclgis06_ArcGIS-Aereo.sde\OWD.AMD_CL_MLP_PAO_IF_Ortho_Geosupport_OVR\\Ov_i9A2_L01_R0000FE03_C0000D54E
414,19980,C:\Users\amsgiseeap\AppData\Local\Temp\ArcGISProTemp12292\Untitled\SQLServer-amssclgis06_ArcGIS-Aereo.sde\OWD.AMD_CL_MLP_PAO_IF_Ortho_Geosupport_OVR\\Ov_i9A2_L01_R0000FE04_C0000D548
415,19981,C:\Users\amsgiseeap\AppData\Local\Temp\ArcGISProTemp12292\Untitled\SQLServer-amssclgis06_ArcGIS-Aereo.sde\OWD.AMD_CL_MLP_PAO_IF_Ortho_Geosupport_OVR\\Ov_i9A2_L01_R0000FE04_C0000D549
416,19982,C:\Users\amsgiseeap\AppData\Local\Temp\ArcGISProTemp12292\Untitled\SQLServer-amssclgis06_ArcGIS-Aereo.sde\OWD.AMD_CL_MLP_PAO_IF_Ortho_Geosupport_OVR\\Ov_i9A2_L01_R0000FE04_C0000D54A
417,19983,C:\Users\amsgiseeap\AppData\Local\Temp\ArcGISProTemp12292\Untitled\SQLServer-amssclgis06_ArcGIS-Aereo.sde\OWD.AMD_CL_MLP_PAO_IF_Ortho_Geosupport_OVR\\Ov_i9A2_L01_R0000FE04_C0000D54B
418,19984,C:\Users\amsgiseeap\AppData\Local\Temp\ArcGISProTemp12292\Untitled\SQLServer-amssclgis06_ArcGIS-Aereo.sde\OWD.AMD_CL_MLP_PAO_IF_Ortho_Geosupport_OVR\\Ov_i9A2_L01_R0000FE04_C0000D54C
419,19985,C:\Users\amsgiseeap\AppData\Local\Temp\ArcGISProTemp12292\Untitled\SQLServer-amssclgis06_ArcGIS-Aereo.sde\OWD.AMD_CL_MLP_PAO_IF_Ortho_Geosupport_OVR\\Ov_i9A2_L01_R0000FE04_C0000D54D
420,19986,C:\Users\amsgiseeap\AppData\Local\Temp\ArcGISProTemp12292\Untitled\SQLServer-amssclgis06_ArcGIS-Aereo.sde\OWD.AMD_CL_MLP_PAO_IF_Ortho_Geosupport_OVR\\Ov_i9A2_L01_R0000FE04_C0000D54E
421,19997,C:\Users\amsgiseeap\AppData\Local\Temp\ArcGISProTemp12292\Untitled\SQLServer-amssclgis06_ArcGIS-Aereo.sde\OWD.AMD_CL_MLP_PAO_IF_Ortho_Geosupport_OVR\\Ov_i9A2_L01_R0000FE04_C0000D559
422,20000,C:\Users\amsgiseeap\AppData\Local\Temp\ArcGISProTemp12292\Untitled\SQLServer-amssclgis06_ArcGIS-Aereo.sde\OWD.AMD_CL_MLP_PAO_IF_Ortho_Geosupport_OVR\\Ov_i9A2_L01_R0000FE05_C0000D548
423,20001,C:\Users\amsgiseeap\AppData\Local\Temp\ArcGISProTemp12292\Untitled\SQLServer-amssclgis06_ArcGIS-Aereo.sde\OWD.AMD_CL_MLP_PAO_IF_Ortho_Geosupport_OVR\\Ov_i9A2_L01_R0000FE05_C0000D549
424,20002,C:\Users\amsgiseeap\AppData\Local\Temp\ArcGISProTemp12292\Untitled\SQLServer-amssclgis06_ArcGIS-Aereo.sde\OWD.AMD_CL_MLP_PAO_IF_Ortho_Geosupport_OVR\\Ov_i9A2_L01_R0000FE05_C0000D54A
425,20003,C:\Users\amsgiseeap\AppData\Local\Temp\ArcGISProTemp12292\Untitled\SQLServer-amssclgis06_ArcGIS-Aereo.sde\OWD.AMD_CL_MLP_PAO_IF_Ortho_Geosupport_OVR\\Ov_i9A2_L01_R0000FE05_C0000D54B
426,20004,C:\Users\amsgiseeap\AppData\Local\Temp\ArcGISProTemp12292\Untitled\SQLServer-amssclgis06_ArcGIS-Aereo.sde\OWD.AMD_CL_MLP_PAO_IF_Ortho_Geosupport_OVR\\Ov_i9A2_L01_R0000FE05_C0000D54C
427,20005,C:\Users\amsgiseeap\AppData\Local\Temp\ArcGISProTemp12292\Untitled\SQLServer-amssclgis06_ArcGIS-Aereo.sde\OWD.AMD_CL_MLP_PAO_IF_Ortho_Geosupport_OVR\\Ov_i9A2_L01_R0000FE05_C0000D54D
428,20006,C:\Users\amsgiseeap\AppData\Local\Temp\ArcGISProTemp12292\Untitled\SQLServer-amssclgis06_ArcGIS-Aereo.sde\OWD.AMD_CL_MLP_PAO_IF_Ortho_Geosupport_OVR\\Ov_i9A2_L01_R0000FE05_C0000D54E
429,20015,C:\Users\amsgiseeap\AppData\Local\Temp\ArcGISProTemp12292\Untitled\SQLServer-amssclgis06_ArcGIS-Aereo.sde\OWD.AMD_CL_MLP_PAO_IF_Ortho_Geosupport_OVR\\Ov_i9A2_L01_R0000FE05_C0000D557
430,20021,C:\Users\amsgiseeap\AppData\Local\Temp\ArcGISProTemp12292\Untitled\SQLServer-amssclgis06_ArcGIS-Aereo.sde\OWD.AMD_CL_MLP_PAO_IF_Ortho_Geosupport_OVR\\Ov_i9A2_L01_R0000FE06_C0000D549
431,20022,C:\Users\amsgiseeap\AppData\Local\Temp\ArcGISProTemp12292\Untitled\SQLServer-amssclgis06_ArcGIS-Aereo.sde\OWD.AMD_CL_MLP_PAO_IF_Ortho_Geosupport_OVR\\Ov_i9A2_L01_R0000FE06_C0000D54A
432,20023,C:\Users\amsgiseeap\AppData\Local\Temp\ArcGISProTemp12292\Untitled\SQLServer-amssclgis06_ArcGIS-Aereo.sde\OWD.AMD_CL_MLP_PAO_IF_Ortho_Geosupport_OVR\\Ov_i9A2_L01_R0000FE06_C0000D54B
433,20024,C:\Users\amsgiseeap\AppData\Local\Temp\ArcGISProTemp12292\Untitled\SQLServer-amssclgis06_ArcGIS-Aereo.sde\OWD.AMD_CL_MLP_PAO_IF_Ortho_Geosupport_OVR\\Ov_i9A2_L01_R0000FE06_C0000D54C
434,20025,C:\Users\amsgiseeap\AppData\Local\Temp\ArcGISProTemp12292\Untitled\SQLServer-amssclgis06_ArcGIS-Aereo.sde\OWD.AMD_CL_MLP_PAO_IF_Ortho_Geosupport_OVR\\Ov_i9A2_L01_R0000FE06_C0000D54D
435,20026,C:\Users\amsgiseeap\AppData\Local\Temp\ArcGISProTemp12292\Untitled\SQLServer-amssclgis06_ArcGIS-Aereo.sde\OWD.AMD_CL_MLP_PAO_IF_Ortho_Geosupport_OVR\\Ov_i9A2_L01_R0000FE06_C0000D54E
436,20033,C:\Users\amsgiseeap\AppData\Local\Temp\ArcGISProTemp12292\Untitled\SQLServer-amssclgis06_ArcGIS-Aereo.sde\OWD.AMD_CL_MLP_PAO_IF_Ortho_Geosupport_OVR\\Ov_i9A2_L01_R0000FE06_C0000D555
437,20034,C:\Users\amsgiseeap\AppData\Local\Temp\ArcGISProTemp12292\Untitled\SQLServer-amssclgis06_ArcGIS-Aereo.sde\OWD.AMD_CL_MLP_PAO_IF_Ortho_Geosupport_OVR\\Ov_i9A2_L01_R0000FE06_C0000D556
438,20035,C:\Users\amsgiseeap\AppData\Local\Temp\ArcGISProTemp12292\Untitled\SQLServer-amssclgis06_ArcGIS-Aereo.sde\OWD.AMD_CL_MLP_PAO_IF_Ortho_Geosupport_OVR\\Ov_i9A2_L01_R0000FE06_C0000D557
439,20047,C:\Users\amsgiseeap\AppData\Local\Temp\ArcGISProTemp12292\Untitled\SQLServer-amssclgis06_ArcGIS-Aereo.sde\OWD.AMD_CL_MLP_PAO_IF_Ortho_Geosupport_OVR\\Ov_i9A2_L01_R0000FE07_C0000D555
440,20048,C:\Users\amsgiseeap\AppData\Local\Temp\ArcGISProTemp12292\Untitled\SQLServer-amssclgis06_ArcGIS-Aereo.sde\OWD.AMD_CL_MLP_PAO_IF_Ortho_Geosupport_OVR\\Ov_i9A2_L01_R0000FE07_C0000D556
441,20049,C:\Users\amsgiseeap\AppData\Local\Temp\ArcGISProTemp12292\Untitled\SQLServer-amssclgis06_ArcGIS-Aereo.sde\OWD.AMD_CL_MLP_PAO_IF_Ortho_Geosupport_OVR\\Ov_i9A2_L01_R0000FE07_C0000D557
442,20050,C:\Users\amsgiseeap\AppData\Local\Temp\ArcGISProTemp12292\Untitled\SQLServer-amssclgis06_ArcGIS-Aereo.sde\OWD.AMD_CL_MLP_PAO_IF_Ortho_Geosupport_OVR\\Ov_i9A2_L01_R0000FE07_C0000D558
443,20058,C:\Users\amsgiseeap\AppData\Local\Temp\ArcGISProTemp12292\Untitled\SQLServer-amssclgis06_ArcGIS-Aereo.sde\OWD.AMD_CL_MLP_PAO_IF_Ortho_Geosupport_OVR\\Ov_i9A2_L01_R0000FE08_C0000D556
444,20059,C:\Users\amsgiseeap\AppData\Local\Temp\ArcGISProTemp12292\Untitled\SQLServer-amssclgis06_ArcGIS-Aereo.sde\OWD.AMD_CL_MLP_PAO_IF_Ortho_Geosupport_OVR\\Ov_i9A2_L01_R0000FE08_C0000D557
445,20060,C:\Users\amsgiseeap\AppData\Local\Temp\ArcGISProTemp12292\Untitled\SQLServer-amssclgis06_ArcGIS-Aereo.sde\OWD.AMD_CL_MLP_PAO_IF_Ortho_Geosupport_OVR\\Ov_i9A2_L01_R0000FE08_C0000D558
446,20066,C:\Users\amsgiseeap\AppData\Local\Temp\ArcGISProTemp12292\Untitled\SQLServer-amssclgis06_ArcGIS-Aereo.sde\OWD.AMD_CL_MLP_PAO_IF_Ortho_Geosupport_OVR\\Ov_i9A2_L01_R0000FE09_C0000D555
447,20067,C:\Users\amsgiseeap\AppData\Local\Temp\ArcGISProTemp12292\Untitled\SQLServer-amssclgis06_ArcGIS-Aereo.sde\OWD.AMD_CL_MLP_PAO_IF_Ortho_Geosupport_OVR\\Ov_i9A2_L01_R0000FE09_C0000D556
448,20068,C:\Users\amsgiseeap\AppData\Local\Temp\ArcGISProTemp12292\Untitled\SQLServer-amssclgis06_ArcGIS-Aereo.sde\OWD.AMD_CL_MLP_PAO_IF_Ortho_Geosupport_OVR\\Ov_i9A2_L01_R0000FE09_C0000D557
449,20069,C:\Users\amsgiseeap\AppData\Local\Temp\ArcGISProTemp12292\Untitled\SQLServer-amssclgis06_ArcGIS-Aereo.sde\OWD.AMD_CL_MLP_PAO_IF_Ortho_Geosupport_OVR\\Ov_i9A2_L01_R0000FE09_C0000D558
450,20070,C:\Users\amsgiseeap\AppData\Local\Temp\ArcGISProTemp12292\Untitled\SQLServer-amssclgis06_ArcGIS-Aereo.sde\OWD.AMD_CL_MLP_PAO_IF_Ortho_Geosupport_OVR\\Ov_i9A2_L01_R0000FE09_C0000D559
451,20071,C:\Users\amsgiseeap\AppData\Local\Temp\ArcGISProTemp12292\Untitled\SQLServer-amssclgis06_ArcGIS-Aereo.sde\OWD.AMD_CL_MLP_PAO_IF_Ortho_Geosupport_OVR\\Ov_i9A2_L01_R0000FE09_C0000D55A
452,20072,C:\Users\amsgiseeap\AppData\Local\Temp\ArcGISProTemp12292\Untitled\SQLServer-amssclgis06_ArcGIS-Aereo.sde\OWD.AMD_CL_MLP_PAO_IF_Ortho_Geosupport_OVR\\Ov_i9A2_L01_R0000FE09_C0000D55B
453,20073,C:\Users\amsgiseeap\AppData\Local\Temp\ArcGISProTemp12292\Untitled\SQLServer-amssclgis06_ArcGIS-Aereo.sde\OWD.AMD_CL_MLP_PAO_IF_Ortho_Geosupport_OVR\\Ov_i9A2_L01_R0000FE09_C0000D55C
454,20074,C:\Users\amsgiseeap\AppData\Local\Temp\ArcGISProTemp12292\Untitled\SQLServer-amssclgis06_ArcGIS-Aereo.sde\OWD.AMD_CL_MLP_PAO_IF_Ortho_Geosupport_OVR\\Ov_i9A2_L01_R0000FE0A_C0000D556
455,20075,C:\Users\amsgiseeap\AppData\Local\Temp\ArcGISProTemp12292\Untitled\SQLServer-amssclgis06_ArcGIS-Aereo.sde\OWD.AMD_CL_MLP_PAO_IF_Ortho_Geosupport_OVR\\Ov_i9A2_L01_R0000FE0A_C0000D557
456,20076,C:\Users\amsgiseeap\AppData\Local\Temp\ArcGISProTemp12292\Untitled\SQLServer-amssclgis06_ArcGIS-Aereo.sde\OWD.AMD_CL_MLP_PAO_IF_Ortho_Geosupport_OVR\\Ov_i9A2_L01_R0000FE0A_C0000D558
457,20077,C:\Users\amsgiseeap\AppData\Local\Temp\ArcGISProTemp12292\Untitled\SQLServer-amssclgis06_ArcGIS-Aereo.sde\OWD.AMD_CL_MLP_PAO_IF_Ortho_Geosupport_OVR\\Ov_i9A2_L01_R0000FE0A_C0000D559
458,20078,C:\Users\amsgiseeap\AppData\Local\Temp\ArcGISProTemp12292\Untitled\SQLServer-amssclgis06_ArcGIS-Aereo.sde\OWD.AMD_CL_MLP_PAO_IF_Ortho_Geosupport_OVR\\Ov_i9A2_L01_R0000FE0A_C0000D55A
459,20079,C:\Users\amsgiseeap\AppData\Local\Temp\ArcGISProTemp12292\Untitled\SQLServer-amssclgis06_ArcGIS-Aereo.sde\OWD.AMD_CL_MLP_PAO_IF_Ortho_Geosupport_OVR\\Ov_i9A2_L01_R0000FE0A_C0000D55B
460,20087,C:\Users\amsgiseeap\AppData\Local\Temp\ArcGISProTemp12292\Untitled\SQLServer-amssclgis06_ArcGIS-Aereo.sde\OWD.AMD_CL_MLP_PAO_IF_Ortho_Geosupport_OVR\\Ov_i9A2_L01_R0000FE0A_C0000D58A
461,20097,C:\Users\amsgiseeap\AppData\Local\Temp\ArcGISProTemp12292\Untitled\SQLServer-amssclgis06_ArcGIS-Aereo.sde\OWD.AMD_CL_MLP_PAO_IF_Ortho_Geosupport_OVR\\Ov_i9A2_L01_R0000FE0B_C0000D58A
462,20117,C:\Users\amsgiseeap\AppData\Local\Temp\ArcGISProTemp12292\Untitled\SQLServer-amssclgis06_ArcGIS-Aereo.sde\OWD.AMD_CL_MLP_PAO_IF_Ortho_Geosupport_OVR\\Ov_i9A2_L01_R0000FE0D_C0000D58A
463,20125,C:\Users\amsgiseeap\AppData\Local\Temp\ArcGISProTemp12292\Untitled\SQLServer-amssclgis06_ArcGIS-Aereo.sde\OWD.AMD_CL_MLP_PAO_IF_Ortho_Geosupport_OVR\\Ov_i9A2_L01_R0000FE0E_C0000D58A
464,20132,C:\Users\amsgiseeap\AppData\Local\Temp\ArcGISProTemp12292\Untitled\SQLServer-amssclgis06_ArcGIS-Aereo.sde\OWD.AMD_CL_MLP_PAO_IF_Ortho_Geosupport_OVR\\Ov_i9A2_L01_R0000FE0F_C0000D58A
465,20137,C:\Users\amsgiseeap\AppData\Local\Temp\ArcGISProTemp12292\Untitled\SQLServer-amssclgis06_ArcGIS-Aereo.sde\OWD.AMD_CL_MLP_PAO_IF_Ortho_Geosupport_OVR\\Ov_i9A2_L01_R0000FE10_C0000D58A
466,20202,C:\Users\amsgiseeap\AppData\Local\Temp\ArcGISProTemp12292\Untitled\SQLServer-amssclgis06_ArcGIS-Aereo.sde\OWD.AMD_CL_MLP_PAO_IF_Ortho_Geosupport_OVR\\Ov_i9A2_L01_R0000FDF7_C0000D531
467,20270,C:\Users\amsgiseeap\AppData\Local\Temp\ArcGISProTemp12292\Untitled\SQLServer-amssclgis06_ArcGIS-Aereo.sde\OWD.AMD_CL_MLP_PAO_IF_Ortho_Geosupport_OVR\\Ov_i9A2_L01_R0000FE02_C0000D562
468,20302,C:\Users\amsgiseeap\AppData\Local\Temp\ArcGISProTemp12292\Untitled\SQLServer-amssclgis06_ArcGIS-Aereo.sde\OWD.AMD_CL_MLP_PAO_IF_Ortho_Geosupport_OVR\\Ov_i9A2_L01_R0000FDDD_C0000D583
469,20310,C:\Users\amsgiseeap\AppData\Local\Temp\ArcGISProTemp12292\Untitled\SQLServer-amssclgis06_ArcGIS-Aereo.sde\OWD.AMD_CL_MLP_PAO_IF_Ortho_Geosupport_OVR\\Ov_i9A2_L01_R0000FDE0_C0000D583
470,20311,C:\Users\amsgiseeap\AppData\Local\Temp\ArcGISProTemp12292\Untitled\SQLServer-amssclgis06_ArcGIS-Aereo.sde\OWD.AMD_CL_MLP_PAO_IF_Ortho_Geosupport_OVR\\Ov_i9A2_L01_R0000FDE1_C0000D580
471,20313,C:\Users\amsgiseeap\AppData\Local\Temp\ArcGISProTemp12292\Untitled\SQLServer-amssclgis06_ArcGIS-Aereo.sde\OWD.AMD_CL_MLP_PAO_IF_Ortho_Geosupport_OVR\\Ov_i9A2_L01_R0000FDE1_C0000D583
472,20316,C:\Users\amsgiseeap\AppData\Local\Temp\ArcGISProTemp12292\Untitled\SQLServer-amssclgis06_ArcGIS-Aereo.sde\OWD.AMD_CL_MLP_PAO_IF_Ortho_Geosupport_OVR\\Ov_i9A2_L01_R0000FDE2_C0000D583
473,20318,C:\Users\amsgiseeap\AppData\Local\Temp\ArcGISProTemp12292\Untitled\SQLServer-amssclgis06_ArcGIS-Aereo.sde\OWD.AMD_CL_MLP_PAO_IF_Ortho_Geosupport_OVR\\Ov_i9A2_L01_R0000FDE3_C0000D583
474,20319,C:\Users\amsgiseeap\AppData\Local\Temp\ArcGISProTemp12292\Untitled\SQLServer-amssclgis06_ArcGIS-Aereo.sde\OWD.AMD_CL_MLP_PAO_IF_Ortho_Geosupport_OVR\\Ov_i9A2_L01_R0000FDE4_C0000D583
475,20320,C:\Users\amsgiseeap\AppData\Local\Temp\ArcGISProTemp12292\Untitled\SQLServer-amssclgis06_ArcGIS-Aereo.sde\OWD.AMD_CL_MLP_PAO_IF_Ortho_Geosupport_OVR\\Ov_i9A2_L01_R0000FDE5_C0000D583
476,20325,C:\Users\amsgiseeap\AppData\Local\Temp\ArcGISProTemp12292\Untitled\SQLServer-amssclgis06_ArcGIS-Aereo.sde\OWD.AMD_CL_MLP_PAO_IF_Ortho_Geosupport_OVR\\Ov_i9A2_L01_R0000FDF1_C0000D530
477,20326,C:\Users\amsgiseeap\AppData\Local\Temp\ArcGISProTemp12292\Untitled\SQLServer-amssclgis06_ArcGIS-Aereo.sde\OWD.AMD_CL_MLP_PAO_IF_Ortho_Geosupport_OVR\\Ov_i9A2_L01_R0000FDF1_C0000D531
478,20327,C:\Users\amsgiseeap\AppData\Local\Temp\ArcGISProTemp12292\Untitled\SQLServer-amssclgis06_ArcGIS-Aereo.sde\OWD.AMD_CL_MLP_PAO_IF_Ortho_Geosupport_OVR\\Ov_i9A2_L01_R0000FDF1_C0000D532
479,20328,C:\Users\amsgiseeap\AppData\Local\Temp\ArcGISProTemp12292\Untitled\SQLServer-amssclgis06_ArcGIS-Aereo.sde\OWD.AMD_CL_MLP_PAO_IF_Ortho_Geosupport_OVR\\Ov_i9A2_L01_R0000FDF1_C0000D533
480,20332,C:\Users\amsgiseeap\AppData\Local\Temp\ArcGISProTemp12292\Untitled\SQLServer-amssclgis06_ArcGIS-Aereo.sde\OWD.AMD_CL_MLP_PAO_IF_Ortho_Geosupport_OVR\\Ov_i9A2_L01_R0000FDF2_C0000D534
481,20333,C:\Users\amsgiseeap\AppData\Local\Temp\ArcGISProTemp12292\Untitled\SQLServer-amssclgis06_ArcGIS-Aereo.sde\OWD.AMD_CL_MLP_PAO_IF_Ortho_Geosupport_OVR\\Ov_i9A2_L01_R0000FDF2_C0000D535
482,20334,C:\Users\amsgiseeap\AppData\Local\Temp\ArcGISProTemp12292\Untitled\SQLServer-amssclgis06_ArcGIS-Aereo.sde\OWD.AMD_CL_MLP_PAO_IF_Ortho_Geosupport_OVR\\Ov_i9A2_L01_R0000FDF2_C0000D536
483,20335,C:\Users\amsgiseeap\AppData\Local\Temp\ArcGISProTemp12292\Untitled\SQLServer-amssclgis06_ArcGIS-Aereo.sde\OWD.AMD_CL_MLP_PAO_IF_Ortho_Geosupport_OVR\\Ov_i9A2_L01_R0000FDF2_C0000D537
484,20336,C:\Users\amsgiseeap\AppData\Local\Temp\ArcGISProTemp12292\Untitled\SQLServer-amssclgis06_ArcGIS-Aereo.sde\OWD.AMD_CL_MLP_PAO_IF_Ortho_Geosupport_OVR\\Ov_i9A2_L01_R0000FDF2_C0000D538
485,20337,C:\Users\amsgiseeap\AppData\Local\Temp\ArcGISProTemp12292\Untitled\SQLServer-amssclgis06_ArcGIS-Aereo.sde\OWD.AMD_CL_MLP_PAO_IF_Ortho_Geosupport_OVR\\Ov_i9A2_L01_R0000FDF2_C0000D539
486,20338,C:\Users\amsgiseeap\AppData\Local\Temp\ArcGISProTemp12292\Untitled\SQLServer-amssclgis06_ArcGIS-Aereo.sde\OWD.AMD_CL_MLP_PAO_IF_Ortho_Geosupport_OVR\\Ov_i9A2_L01_R0000FDF2_C0000D53A
487,20339,C:\Users\amsgiseeap\AppData\Local\Temp\ArcGISProTemp12292\Untitled\SQLServer-amssclgis06_ArcGIS-Aereo.sde\OWD.AMD_CL_MLP_PAO_IF_Ortho_Geosupport_OVR\\Ov_i9A2_L01_R0000FDF2_C0000D53B
488,20340,C:\Users\amsgiseeap\AppData\Local\Temp\ArcGISProTemp12292\Untitled\SQLServer-amssclgis06_ArcGIS-Aereo.sde\OWD.AMD_CL_MLP_PAO_IF_Ortho_Geosupport_OVR\\Ov_i9A2_L01_R0000FDF2_C0000D53C
489,20341,C:\Users\amsgiseeap\AppData\Local\Temp\ArcGISProTemp12292\Untitled\SQLServer-amssclgis06_ArcGIS-Aereo.sde\OWD.AMD_CL_MLP_PAO_IF_Ortho_Geosupport_OVR\\Ov_i9A2_L01_R0000FDF2_C0000D53D
490,20342,C:\Users\amsgiseeap\AppData\Local\Temp\ArcGISProTemp12292\Untitled\SQLServer-amssclgis06_ArcGIS-Aereo.sde\OWD.AMD_CL_MLP_PAO_IF_Ortho_Geosupport_OVR\\Ov_i9A2_L01_R0000FDF2_C0000D53E
491,20344,C:\Users\amsgiseeap\AppData\Local\Temp\ArcGISProTemp12292\Untitled\SQLServer-amssclgis06_ArcGIS-Aereo.sde\OWD.AMD_CL_MLP_PAO_IF_Ortho_Geosupport_OVR\\Ov_i9A2_L01_R0000FDF3_C0000D532
492,20351,C:\Users\amsgiseeap\AppData\Local\Temp\ArcGISProTemp12292\Untitled\SQLServer-amssclgis06_ArcGIS-Aereo.sde\OWD.AMD_CL_MLP_PAO_IF_Ortho_Geosupport_OVR\\Ov_i9A2_L01_R0000FDF1_C0000D535
493,20352,C:\Users\amsgiseeap\AppData\Local\Temp\ArcGISProTemp12292\Untitled\SQLServer-amssclgis06_ArcGIS-Aereo.sde\OWD.AMD_CL_MLP_PAO_IF_Ortho_Geosupport_OVR\\Ov_i9A2_L01_R0000FDF1_C0000D536
494,20353,C:\Users\amsgiseeap\AppData\Local\Temp\ArcGISProTemp12292\Untitled\SQLServer-amssclgis06_ArcGIS-Aereo.sde\OWD.AMD_CL_MLP_PAO_IF_Ortho_Geosupport_OVR\\Ov_i9A2_L01_R0000FDF1_C0000D537
495,20354,C:\Users\amsgiseeap\AppData\Local\Temp\ArcGISProTemp12292\Untitled\SQLServer-amssclgis06_ArcGIS-Aereo.sde\OWD.AMD_CL_MLP_PAO_IF_Ortho_Geosupport_OVR\\Ov_i9A2_L01_R0000FDF1_C0000D538
496,20355,C:\Users\amsgiseeap\AppData\Local\Temp\ArcGISProTemp12292\Untitled\SQLServer-amssclgis06_ArcGIS-Aereo.sde\OWD.AMD_CL_MLP_PAO_IF_Ortho_Geosupport_OVR\\Ov_i9A2_L01_R0000FDF1_C0000D539
497,20356,C:\Users\amsgiseeap\AppData\Local\Temp\ArcGISProTemp12292\Untitled\SQLServer-amssclgis06_ArcGIS-Aereo.sde\OWD.AMD_CL_MLP_PAO_IF_Ortho_Geosupport_OVR\\Ov_i9A2_L01_R0000FDF1_C0000D53A
498,20357,C:\Users\amsgiseeap\AppData\Local\Temp\ArcGISProTemp12292\Untitled\SQLServer-amssclgis06_ArcGIS-Aereo.sde\OWD.AMD_CL_MLP_PAO_IF_Ortho_Geosupport_OVR\\Ov_i9A2_L01_R0000FDF1_C0000D53B
499,20358,C:\Users\amsgiseeap\AppData\Local\Temp\ArcGISProTemp12292\Untitled\SQLServer-amssclgis06_ArcGIS-Aereo.sde\OWD.AMD_CL_MLP_PAO_IF_Ortho_Geosupport_OVR\\Ov_i9A2_L01_R0000FDF1_C0000D53C
500,20359,C:\Users\amsgiseeap\AppData\Local\Temp\ArcGISProTemp12292\Untitled\SQLServer-amssclgis06_ArcGIS-Aereo.sde\OWD.AMD_CL_MLP_PAO_IF_Ortho_Geosupport_OVR\\Ov_i9A2_L01_R0000FDF1_C0000D53D
501,20360,C:\Users\amsgiseeap\AppData\Local\Temp\ArcGISProTemp12292\Untitled\SQLServer-amssclgis06_ArcGIS-Aereo.sde\OWD.AMD_CL_MLP_PAO_IF_Ortho_Geosupport_OVR\\Ov_i9A2_L01_R0000FDF1_C0000D53E
502,20361,C:\Users\amsgiseeap\AppData\Local\Temp\ArcGISProTemp12292\Untitled\SQLServer-amssclgis06_ArcGIS-Aereo.sde\OWD.AMD_CL_MLP_PAO_IF_Ortho_Geosupport_OVR\\Ov_i9A2_L01_R0000FDF1_C0000D53F
503,20362,C:\Users\amsgiseeap\AppData\Local\Temp\ArcGISProTemp12292\Untitled\SQLServer-amssclgis06_ArcGIS-Aereo.sde\OWD.AMD_CL_MLP_PAO_IF_Ortho_Geosupport_OVR\\Ov_i9A2_L01_R0000FDF1_C0000D540
504,20363,C:\Users\amsgiseeap\AppData\Local\Temp\ArcGISProTemp12292\Untitled\SQLServer-amssclgis06_ArcGIS-Aereo.sde\OWD.AMD_CL_MLP_PAO_IF_Ortho_Geosupport_OVR\\Ov_i9A2_L01_R0000FDF3_C0000D540
505,20364,C:\Users\amsgiseeap\AppData\Local\Temp\ArcGISProTemp12292\Untitled\SQLServer-amssclgis06_ArcGIS-Aereo.sde\OWD.AMD_CL_MLP_PAO_IF_Ortho_Geosupport_OVR\\Ov_i9A2_L01_R0000FDF4_C0000D540
506,20365,C:\Users\amsgiseeap\AppData\Local\Temp\ArcGISProTemp12292\Untitled\SQLServer-amssclgis06_ArcGIS-Aereo.sde\OWD.AMD_CL_MLP_PAO_IF_Ortho_Geosupport_OVR\\Ov_i9A2_L01_R0000FDF5_C0000D540
507,20366,C:\Users\amsgiseeap\AppData\Local\Temp\ArcGISProTemp12292\Untitled\SQLServer-amssclgis06_ArcGIS-Aereo.sde\OWD.AMD_CL_MLP_PAO_IF_Ortho_Geosupport_OVR\\Ov_i9A2_L01_R0000FDF6_C0000D540
508,20367,C:\Users\amsgiseeap\AppData\Local\Temp\ArcGISProTemp12292\Untitled\SQLServer-amssclgis06_ArcGIS-Aereo.sde\OWD.AMD_CL_MLP_PAO_IF_Ortho_Geosupport_OVR\\Ov_i9A2_L01_R0000FDF7_C0000D540
509,20368,C:\Users\amsgiseeap\AppData\Local\Temp\ArcGISProTemp12292\Untitled\SQLServer-amssclgis06_ArcGIS-Aereo.sde\OWD.AMD_CL_MLP_PAO_IF_Ortho_Geosupport_OVR\\Ov_i9A2_L01_R0000FDF8_C0000D540
510,20369,C:\Users\amsgiseeap\AppData\Local\Temp\ArcGISProTemp12292\Untitled\SQLServer-amssclgis06_ArcGIS-Aereo.sde\OWD.AMD_CL_MLP_PAO_IF_Ortho_Geosupport_OVR\\Ov_i9A2_L01_R0000FDF9_C0000D540
511,20370,C:\Users\amsgiseeap\AppData\Local\Temp\ArcGISProTemp12292\Untitled\SQLServer-amssclgis06_ArcGIS-Aereo.sde\OWD.AMD_CL_MLP_PAO_IF_Ortho_Geosupport_OVR\\Ov_i9A2_L01_R0000FDFA_C0000D540
512,20371,C:\Users\amsgiseeap\AppData\Local\Temp\ArcGISProTemp12292\Untitled\SQLServer-amssclgis06_ArcGIS-Aereo.sde\OWD.AMD_CL_MLP_PAO_IF_Ortho_Geosupport_OVR\\Ov_i9A2_L01_R0000FDFB_C0000D540
513,20372,C:\Users\amsgiseeap\AppData\Local\Temp\ArcGISProTemp12292\Untitled\SQLServer-amssclgis06_ArcGIS-Aereo.sde\OWD.AMD_CL_MLP_PAO_IF_Ortho_Geosupport_OVR\\Ov_i9A2_L01_R0000FDFC_C0000D540
514,20373,C:\Users\amsgiseeap\AppData\Local\Temp\ArcGISProTemp12292\Untitled\SQLServer-amssclgis06_ArcGIS-Aereo.sde\OWD.AMD_CL_MLP_PAO_IF_Ortho_Geosupport_OVR\\Ov_i9A2_L01_R0000FDFD_C0000D540
515,20374,C:\Users\amsgiseeap\AppData\Local\Temp\ArcGISProTemp12292\Untitled\SQLServer-amssclgis06_ArcGIS-Aereo.sde\OWD.AMD_CL_MLP_PAO_IF_Ortho_Geosupport_OVR\\Ov_i9A2_L01_R0000FDFE_C0000D540
516,20394,C:\Users\amsgiseeap\AppData\Local\Temp\ArcGISProTemp12292\Untitled\SQLServer-amssclgis06_ArcGIS-Aereo.sde\OWD.AMD_CL_MLP_PAO_IF_Ortho_Geosupport_OVR\\Ov_i9A2_L01_R0000FDFB_C0000D539
517,20403,C:\Users\amsgiseeap\AppData\Local\Temp\ArcGISProTemp12292\Untitled\SQLServer-amssclgis06_ArcGIS-Aereo.sde\OWD.AMD_CL_MLP_PAO_IF_Ortho_Geosupport_OVR\\Ov_i9A2_L01_R0000FDF1_C0000D525
518,20404,C:\Users\amsgiseeap\AppData\Local\Temp\ArcGISProTemp12292\Untitled\SQLServer-amssclgis06_ArcGIS-Aereo.sde\OWD.AMD_CL_MLP_PAO_IF_Ortho_Geosupport_OVR\\Ov_i9A2_L01_R0000FDF1_C0000D526
519,20405,C:\Users\amsgiseeap\AppData\Local\Temp\ArcGISProTemp12292\Untitled\SQLServer-amssclgis06_ArcGIS-Aereo.sde\OWD.AMD_CL_MLP_PAO_IF_Ortho_Geosupport_OVR\\Ov_i9A2_L01_R0000FDF1_C0000D527
520,20406,C:\Users\amsgiseeap\AppData\Local\Temp\ArcGISProTemp12292\Untitled\SQLServer-amssclgis06_ArcGIS-Aereo.sde\OWD.AMD_CL_MLP_PAO_IF_Ortho_Geosupport_OVR\\Ov_i9A2_L01_R0000FDF1_C0000D528
521,20407,C:\Users\amsgiseeap\AppData\Local\Temp\ArcGISProTemp12292\Untitled\SQLServer-amssclgis06_ArcGIS-Aereo.sde\OWD.AMD_CL_MLP_PAO_IF_Ortho_Geosupport_OVR\\Ov_i9A2_L01_R0000FDF1_C0000D529
522,20408,C:\Users\amsgiseeap\AppData\Local\Temp\ArcGISProTemp12292\Untitled\SQLServer-amssclgis06_ArcGIS-Aereo.sde\OWD.AMD_CL_MLP_PAO_IF_Ortho_Geosupport_OVR\\Ov_i9A2_L01_R0000FDF1_C0000D52A
523,20409,C:\Users\amsgiseeap\AppData\Local\Temp\ArcGISProTemp12292\Untitled\SQLServer-amssclgis06_ArcGIS-Aereo.sde\OWD.AMD_CL_MLP_PAO_IF_Ortho_Geosupport_OVR\\Ov_i9A2_L01_R0000FDF1_C0000D52B
524,20431,C:\Users\amsgiseeap\AppData\Local\Temp\ArcGISProTemp12292\Untitled\SQLServer-amssclgis06_ArcGIS-Aereo.sde\OWD.AMD_CL_MLP_PAO_IF_Ortho_Geosupport_OVR\\Ov_i9A2_L01_R0000FE09_C0000D55D
525,20432,C:\Users\amsgiseeap\AppData\Local\Temp\ArcGISProTemp12292\Untitled\SQLServer-amssclgis06_ArcGIS-Aereo.sde\OWD.AMD_CL_MLP_PAO_IF_Ortho_Geosupport_OVR\\Ov_i9A2_L01_R0000FE09_C0000D55E
526,20436,C:\Users\amsgiseeap\AppData\Local\Temp\ArcGISProTemp12292\Untitled\SQLServer-amssclgis06_ArcGIS-Aereo.sde\OWD.AMD_CL_MLP_PAO_IF_Ortho_Geosupport_OVR\\Ov_i9A2_L01_R0000FE09_C0000D55F
527,20447,C:\Users\amsgiseeap\AppData\Local\Temp\ArcGISProTemp12292\Untitled\SQLServer-amssclgis06_ArcGIS-Aereo.sde\OWD.AMD_CL_MLP_PAO_IF_Ortho_Geosupport_OVR\\Ov_i9A2_L01_R0000FE0A_C0000D560
528,20448,C:\Users\amsgiseeap\AppData\Local\Temp\ArcGISProTemp12292\Untitled\SQLServer-amssclgis06_ArcGIS-Aereo.sde\OWD.AMD_CL_MLP_PAO_IF_Ortho_Geosupport_OVR\\Ov_i9A2_L01_R0000FE0A_C0000D561
529,20457,C:\Users\amsgiseeap\AppData\Local\Temp\ArcGISProTemp12292\Untitled\SQLServer-amssclgis06_ArcGIS-Aereo.sde\OWD.AMD_CL_MLP_PAO_IF_Ortho_Geosupport_OVR\\Ov_i9A2_L01_R0000FDCC_C0000D57B
530,20458,C:\Users\amsgiseeap\AppData\Local\Temp\ArcGISProTemp12292\Untitled\SQLServer-amssclgis06_ArcGIS-Aereo.sde\OWD.AMD_CL_MLP_PAO_IF_Ortho_Geosupport_OVR\\Ov_i9A2_L01_R0000FDCC_C0000D57C
531,20459,C:\Users\amsgiseeap\AppData\Local\Temp\ArcGISProTemp12292\Untitled\SQLServer-amssclgis06_ArcGIS-Aereo.sde\OWD.AMD_CL_MLP_PAO_IF_Ortho_Geosupport_OVR\\Ov_i9A2_L01_R0000FDCC_C0000D57D
532,20465,C:\Users\amsgiseeap\AppData\Local\Temp\ArcGISProTemp12292\Untitled\SQLServer-amssclgis06_ArcGIS-Aereo.sde\OWD.AMD_CL_MLP_PAO_IF_Ortho_Geosupport_OVR\\Ov_i9A2_L01_R0000FDDC_C0000D581
533,20466,C:\Users\amsgiseeap\AppData\Local\Temp\ArcGISProTemp12292\Untitled\SQLServer-amssclgis06_ArcGIS-Aereo.sde\OWD.AMD_CL_MLP_PAO_IF_Ortho_Geosupport_OVR\\Ov_i9A2_L01_R0000FDDC_C0000D582
534,20467,C:\Users\amsgiseeap\AppData\Local\Temp\ArcGISProTemp12292\Untitled\SQLServer-amssclgis06_ArcGIS-Aereo.sde\OWD.AMD_CL_MLP_PAO_IF_Ortho_Geosupport_OVR\\Ov_i9A2_L01_R0000FDDC_C0000D583
535,20481,C:\Users\amsgiseeap\AppData\Local\Temp\ArcGISProTemp12292\Untitled\SQLServer-amssclgis06_ArcGIS-Aereo.sde\OWD.AMD_CL_MLP_PAO_IF_Ortho_Geosupport_OVR\\Ov_i9A2_L01_R0000FDCD_C0000D57F
536,20482,C:\Users\amsgiseeap\AppData\Local\Temp\ArcGISProTemp12292\Untitled\SQLServer-amssclgis06_ArcGIS-Aereo.sde\OWD.AMD_CL_MLP_PAO_IF_Ortho_Geosupport_OVR\\Ov_i9A2_L01_R0000FDCE_C0000D57F
537,20483,C:\Users\amsgiseeap\AppData\Local\Temp\ArcGISProTemp12292\Untitled\SQLServer-amssclgis06_ArcGIS-Aereo.sde\OWD.AMD_CL_MLP_PAO_IF_Ortho_Geosupport_OVR\\Ov_i9A2_L01_R0000FDCF_C0000D57F
538,20484,C:\Users\amsgiseeap\AppData\Local\Temp\ArcGISProTemp12292\Untitled\SQLServer-amssclgis06_ArcGIS-Aereo.sde\OWD.AMD_CL_MLP_PAO_IF_Ortho_Geosupport_OVR\\Ov_i9A2_L01_R0000FDD0_C0000D57F
539,20489,C:\Users\amsgiseeap\AppData\Local\Temp\ArcGISProTemp12292\Untitled\SQLServer-amssclgis06_ArcGIS-Aereo.sde\OWD.AMD_CL_MLP_PAO_IF_Ortho_Geosupport_OVR\\Ov_i9A2_L01_R0000FE04_C0000D587
540,20490,C:\Users\amsgiseeap\AppData\Local\Temp\ArcGISProTemp12292\Untitled\SQLServer-amssclgis06_ArcGIS-Aereo.sde\OWD.AMD_CL_MLP_PAO_IF_Ortho_Geosupport_OVR\\Ov_i9A2_L01_R0000FE05_C0000D587
541,20491,C:\Users\amsgiseeap\AppData\Local\Temp\ArcGISProTemp12292\Untitled\SQLServer-amssclgis06_ArcGIS-Aereo.sde\OWD.AMD_CL_MLP_PAO_IF_Ortho_Geosupport_OVR\\Ov_i9A2_L01_R0000FE06_C0000D587
542,20492,C:\Users\amsgiseeap\AppData\Local\Temp\ArcGISProTemp12292\Untitled\SQLServer-amssclgis06_ArcGIS-Aereo.sde\OWD.AMD_CL_MLP_PAO_IF_Ortho_Geosupport_OVR\\Ov_i9A2_L01_R0000FE07_C0000D587
543,20493,C:\Users\amsgiseeap\AppData\Local\Temp\ArcGISProTemp12292\Untitled\SQLServer-amssclgis06_ArcGIS-Aereo.sde\OWD.AMD_CL_MLP_PAO_IF_Ortho_Geosupport_OVR\\Ov_i9A2_L01_R0000FE08_C0000D587
544,20496,C:\Users\amsgiseeap\AppData\Local\Temp\ArcGISProTemp12292\Untitled\SQLServer-amssclgis06_ArcGIS-Aereo.sde\OWD.AMD_CL_MLP_PAO_IF_Ortho_Geosupport_OVR\\Ov_i9A2_L01_R0000FE09_C0000D588
545,20497,C:\Users\amsgiseeap\AppData\Local\Temp\ArcGISProTemp12292\Untitled\SQLServer-amssclgis06_ArcGIS-Aereo.sde\OWD.AMD_CL_MLP_PAO_IF_Ortho_Geosupport_OVR\\Ov_i9A2_L01_R0000FE09_C0000D589
546,20505,C:\Users\amsgiseeap\AppData\Local\Temp\ArcGISProTemp12292\Untitled\SQLServer-amssclgis06_ArcGIS-Aereo.sde\OWD.AMD_CL_MLP_PAO_IF_Ortho_Geosupport_OVR\\Ov_i9A2_L01_R0000FDFE_C0000D587
547,20506,C:\Users\amsgiseeap\AppData\Local\Temp\ArcGISProTemp12292\Untitled\SQLServer-amssclgis06_ArcGIS-Aereo.sde\OWD.AMD_CL_MLP_PAO_IF_Ortho_Geosupport_OVR\\Ov_i9A2_L01_R0000FDFF_C0000D587
548,20507,C:\Users\amsgiseeap\AppData\Local\Temp\ArcGISProTemp12292\Untitled\SQLServer-amssclgis06_ArcGIS-Aereo.sde\OWD.AMD_CL_MLP_PAO_IF_Ortho_Geosupport_OVR\\Ov_i9A2_L01_R0000FE00_C0000D587
549,20519,C:\Users\amsgiseeap\AppData\Local\Temp\ArcGISProTemp12292\Untitled\SQLServer-amssclgis06_ArcGIS-Aereo.sde\OWD.AMD_CL_MLP_PAO_IF_Ortho_Geosupport_OVR\\Ov_i9A2_L01_R0000FDFE_C0000D548
550,20523,C:\Users\amsgiseeap\AppData\Local\Temp\ArcGISProTemp12292\Untitled\SQLServer-amssclgis06_ArcGIS-Aereo.sde\OWD.AMD_CL_MLP_PAO_IF_Ortho_Geosupport_OVR\\Ov_i9A2_L01_R0000FE07_C0000D546
551,20524,C:\Users\amsgiseeap\AppData\Local\Temp\ArcGISProTemp12292\Untitled\SQLServer-amssclgis06_ArcGIS-Aereo.sde\OWD.AMD_CL_MLP_PAO_IF_Ortho_Geosupport_OVR\\Ov_i9A2_L01_R0000FE07_C0000D547
552,20526,C:\Users\amsgiseeap\AppData\Local\Temp\ArcGISProTemp12292\Untitled\SQLServer-amssclgis06_ArcGIS-Aereo.sde\OWD.AMD_CL_MLP_PAO_IF_Ortho_Geosupport_OVR\\Ov_i9A2_L01_R0000FDFF_C0000D548
553,20527,C:\Users\amsgiseeap\AppData\Local\Temp\ArcGISProTemp12292\Untitled\SQLServer-amssclgis06_ArcGIS-Aereo.sde\OWD.AMD_CL_MLP_PAO_IF_Ortho_Geosupport_OVR\\Ov_i9A2_L01_R0000FE00_C0000D548
554,20529,C:\Users\amsgiseeap\AppData\Local\Temp\ArcGISProTemp12292\Untitled\SQLServer-amssclgis06_ArcGIS-Aereo.sde\OWD.AMD_CL_MLP_PAO_IF_Ortho_Geosupport_OVR\\Ov_i9A2_L01_R0000FDDC_C0000D57F
555,20534,C:\Users\amsgiseeap\AppData\Local\Temp\ArcGISProTemp12292\Untitled\SQLServer-amssclgis06_ArcGIS-Aereo.sde\OWD.AMD_CL_MLP_PAO_IF_Ortho_Geosupport_OVR\\Ov_i9A2_L01_R0000FE0B_C0000D560
556,20535,C:\Users\amsgiseeap\AppData\Local\Temp\ArcGISProTemp12292\Untitled\SQLServer-amssclgis06_ArcGIS-Aereo.sde\OWD.AMD_CL_MLP_PAO_IF_Ortho_Geosupport_OVR\\Ov_i9A2_L01_R0000FE0B_C0000D561
557,20536,C:\Users\amsgiseeap\AppData\Local\Temp\ArcGISProTemp12292\Untitled\SQLServer-amssclgis06_ArcGIS-Aereo.sde\OWD.AMD_CL_MLP_PAO_IF_Ortho_Geosupport_OVR\\Ov_i9A2_L01_R0000FE0C_C0000D560
558,20538,C:\Users\amsgiseeap\AppData\Local\Temp\ArcGISProTemp12292\Untitled\SQLServer-amssclgis06_ArcGIS-Aereo.sde\OWD.AMD_CL_MLP_PAO_IF_Ortho_Geosupport_OVR\\Ov_i9A2_L01_R0000FE0D_C0000D552
559,20539,C:\Users\amsgiseeap\AppData\Local\Temp\ArcGISProTemp12292\Untitled\SQLServer-amssclgis06_ArcGIS-Aereo.sde\OWD.AMD_CL_MLP_PAO_IF_Ortho_Geosupport_OVR\\Ov_i9A2_L01_R0000FE0D_C0000D554
560,20540,C:\Users\amsgiseeap\AppData\Local\Temp\ArcGISProTemp12292\Untitled\SQLServer-amssclgis06_ArcGIS-Aereo.sde\OWD.AMD_CL_MLP_PAO_IF_Ortho_Geosupport_OVR\\Ov_i9A2_L01_R0000FDCC_C0000D57E
561,20541,C:\Users\amsgiseeap\AppData\Local\Temp\ArcGISProTemp12292\Untitled\SQLServer-amssclgis06_ArcGIS-Aereo.sde\OWD.AMD_CL_MLP_PAO_IF_Ortho_Geosupport_OVR\\Ov_i9A2_L01_R0000FDCC_C0000D57F
562,20543,C:\Users\amsgiseeap\AppData\Local\Temp\ArcGISProTemp12292\Untitled\SQLServer-amssclgis06_ArcGIS-Aereo.sde\OWD.AMD_CL_MLP_PAO_IF_Ortho_Geosupport_OVR\\Ov_i9A2_L01_R0000FDCC_C0000D57A
563,20547,C:\Users\amsgiseeap\AppData\Local\Temp\ArcGISProTemp12292\Untitled\SQLServer-amssclgis06_ArcGIS-Aereo.sde\OWD.AMD_CL_MLP_PAO_IF_Ortho_Geosupport_OVR\\Ov_i9A2_L01_R0000FEA6_C0000D716
564,20551,C:\Users\amsgiseeap\AppData\Local\Temp\ArcGISProTemp12292\Untitled\SQLServer-amssclgis06_ArcGIS-Aereo.sde\OWD.AMD_CL_MLP_PAO_IF_Ortho_Geosupport_OVR\\Ov_i9A2_L01_R0000FE09_C0000D58A
565,20554,C:\Users\amsgiseeap\AppData\Local\Temp\ArcGISProTemp12292\Untitled\SQLServer-amssclgis06_ArcGIS-Aereo.sde\OWD.AMD_CL_MLP_PAO_IF_Ortho_Geosupport_OVR\\Ov_i9A2_L01_R0000FE09_C0000D560
566,20559,C:\Users\amsgiseeap\AppData\Local\Temp\ArcGISProTemp12292\Untitled\SQLServer-amssclgis06_ArcGIS-Aereo.sde\OWD.AMD_CL_MLP_PAO_IF_Ortho_Geosupport_OVR\\Ov_i9A2_L01_R0000FDF7_C0000D507
567,20575,C:\Users\amsgiseeap\AppData\Local\Temp\ArcGISProTemp12292\Untitled\SQLServer-amssclgis06_ArcGIS-Aereo.sde\OWD.AMD_CL_MLP_PAO_IF_Ortho_Geosupport_OVR\\Ov_i9A2_L01_R0000FEA6_C0000D714
568,8881,\\amssclgis10.ams.gmams.cl\CL_MLP_PAO\El_Mauro_Drone\26_04\CL_MLP_PAO_IF_Ortho_26_04_11_Camino_Alternativo_Salamanca.tif
569,15186,\\amssclgis10.ams.gmams.cl\CL_MLP_PAO\El_Mauro_Drone\26_04\CL_MLP_PAO_IF_Ortho_26_04_16_Camino_Alternativo_Salamanca.tif
570,6636,\\amssclgis10.ams.gmams.cl\CL_MLP_PAO\El_Mauro_Drone\26_04\CL_MLP_PAO_IF_Ortho_26_04_02_Camino_Alternativo_Salamanca.tif
571,19310,\\amssclgis10.ams.gmams.cl\CL_MLP_PAO\El_Mauro_Drone\26_03_21\CL_MLP_PAO_IF_Ortho_26_03_21_Camino_Alternativo_Salamanca.tif
572,16382,\\amssclgis10.ams.gmams.cl\CL_MLP_PAO\El_Mauro_Drone\26_05\CL_MLP_PAO_IF_Ortho_26_05_03_Camino_Alternativo_Salamanca.tif
573,4971,\\amssclgis10.ams.gmams.cl\CL_MLP_PAO\Chacay_El_Mauro_Drone\26_03_28\CL_MLP_PAO_IF_Ortho_26_03_28_IIFF9-PA13.tif
574,15584,\\amssclgis10.ams.gmams.cl\CL_MLP_PAO\El_Mauro_Drone\26_05\CL_MLP_PAO_IF_Ortho_26_05_06_Camino_Alternativo_Salamanca.tif
575,15761,\\amssclgis10.ams.gmams.cl\CL_MLP_PAO\Puerto_Punta_Chungo_Drone\26_05\CL_MLP_PAO_IF_Ortho_26_05_03_EDT.tif
576,6739,\\amssclgis10.ams.gmams.cl\CL_MLP_PAO\Puerto_Punta_Chungo_Drone\26_03_30\CL_MLP_PAO_IF_Ortho_26_03_30_EDT.tif
577,18142,\\amssclgis10.ams.gmams.cl\CL_MLP_PAO\El_Mauro_Drone\26_01_20\CL_MLP_PAO_IF_Ortho_26_01_20_Linea-33-kV-NorteElMauro-Area3.tif
578,15182,\\amssclgis10.ams.gmams.cl\CL_MLP_PAO\Puerto_Punta_Chungo_Drone\26_04\CL_MLP_PAO_IF_Ortho_26_04_26_EDT.tif
579,15762,\\amssclgis10.ams.gmams.cl\CL_MLP_PAO\Puerto_Punta_Chungo_Drone\26_05\CL_MLP_PAO_IF_Ortho_26_05_09_EDT.tif
580,4506,\\amssclgis10.ams.gmams.cl\CL_MLP_PAO\El_Mauro_Drone\26_02_24\CL_MLP_PAO_IF_Ortho_26_02_24_Linea-33-kV-NorteElMauro-Area3.tif
581,9000,\\amssclgis10.ams.gmams.cl\CL_MLP_PAO\Puerto_Punta_Chungo_Drone\26_04\CL_MLP_PAO_IF_Ortho_26_04_11_EDT.tif
582,20601,C:\Users\amsgiseeap\AppData\Local\Temp\ArcGISProTemp12292\Untitled\SQLServer-amssclgis06_ArcGIS-Aereo.sde\OWD.AMD_CL_MLP_PAO_IF_Ortho_Geosupport_OVR\\Ov_i9A2_L02_R000054C1_C00004756
583,20602,C:\Users\amsgiseeap\AppData\Local\Temp\ArcGISProTemp12292\Untitled\SQLServer-amssclgis06_ArcGIS-Aereo.sde\OWD.AMD_CL_MLP_PAO_IF_Ortho_Geosupport_OVR\\Ov_i9A2_L02_R000054C2_C00004756
584,20603,C:\Users\amsgiseeap\AppData\Local\Temp\ArcGISProTemp12292\Untitled\SQLServer-amssclgis06_ArcGIS-Aereo.sde\OWD.AMD_CL_MLP_PAO_IF_Ortho_Geosupport_OVR\\Ov_i9A2_L02_R000054C3_C00004755
585,20604,C:\Users\amsgiseeap\AppData\Local\Temp\ArcGISProTemp12292\Untitled\SQLServer-amssclgis06_ArcGIS-Aereo.sde\OWD.AMD_CL_MLP_PAO_IF_Ortho_Geosupport_OVR\\Ov_i9A2_L02_R000054C4_C00004755
586,20607,C:\Users\amsgiseeap\AppData\Local\Temp\ArcGISProTemp12292\Untitled\SQLServer-amssclgis06_ArcGIS-Aereo.sde\OWD.AMD_CL_MLP_PAO_IF_Ortho_Geosupport_OVR\\Ov_i9A2_L02_R000054C2_C00004755
587,20611,C:\Users\amsgiseeap\AppData\Local\Temp\ArcGISProTemp12292\Untitled\SQLServer-amssclgis06_ArcGIS-Aereo.sde\OWD.AMD_CL_MLP_PAO_IF_Ortho_Geosupport_OVR\\Ov_i9A2_L02_R000054C2_C00004757
588,20613,C:\Users\amsgiseeap\AppData\Local\Temp\ArcGISProTemp12292\Untitled\SQLServer-amssclgis06_ArcGIS-Aereo.sde\OWD.AMD_CL_MLP_PAO_IF_Ortho_Geosupport_OVR\\Ov_i9A2_L02_R000054C1_C00004757
589,20624,C:\Users\amsgiseeap\AppData\Local\Temp\ArcGISProTemp12292\Untitled\SQLServer-amssclgis06_ArcGIS-Aereo.sde\OWD.AMD_CL_MLP_PAO_IF_Ortho_Geosupport_OVR\\Ov_i9A2_L02_R000054AC_C00004722
590,20625,C:\Users\amsgiseeap\AppData\Local\Temp\ArcGISProTemp12292\Untitled\SQLServer-amssclgis06_ArcGIS-Aereo.sde\OWD.AMD_CL_MLP_PAO_IF_Ortho_Geosupport_OVR\\Ov_i9A2_L02_R000054AC_C00004723
591,20626,C:\Users\amsgiseeap\AppData\Local\Temp\ArcGISProTemp12292\Untitled\SQLServer-amssclgis06_ArcGIS-Aereo.sde\OWD.AMD_CL_MLP_PAO_IF_Ortho_Geosupport_OVR\\Ov_i9A2_L02_R000054AC_C0000471D
592,20627,C:\Users\amsgiseeap\AppData\Local\Temp\ArcGISProTemp12292\Untitled\SQLServer-amssclgis06_ArcGIS-Aereo.sde\OWD.AMD_CL_MLP_PAO_IF_Ortho_Geosupport_OVR\\Ov_i9A2_L02_R000054AA_C00004720
593,20628,C:\Users\amsgiseeap\AppData\Local\Temp\ArcGISProTemp12292\Untitled\SQLServer-amssclgis06_ArcGIS-Aereo.sde\OWD.AMD_CL_MLP_PAO_IF_Ortho_Geosupport_OVR\\Ov_i9A2_L02_R000054AA_C00004721
594,20629,C:\Users\amsgiseeap\AppData\Local\Temp\ArcGISProTemp12292\Untitled\SQLServer-amssclgis06_ArcGIS-Aereo.sde\OWD.AMD_CL_MLP_PAO_IF_Ortho_Geosupport_OVR\\Ov_i9A2_L02_R000054AB_C00004720
595,20631,C:\Users\amsgiseeap\AppData\Local\Temp\ArcGISProTemp12292\Untitled\SQLServer-amssclgis06_ArcGIS-Aereo.sde\OWD.AMD_CL_MLP_PAO_IF_Ortho_Geosupport_OVR\\Ov_i9A2_L02_R000054AA_C00004723
596,20632,C:\Users\amsgiseeap\AppData\Local\Temp\ArcGISProTemp12292\Untitled\SQLServer-amssclgis06_ArcGIS-Aereo.sde\OWD.AMD_CL_MLP_PAO_IF_Ortho_Geosupport_OVR\\Ov_i9A2_L02_R000054AA_C00004722
597,20634,C:\Users\amsgiseeap\AppData\Local\Temp\ArcGISProTemp12292\Untitled\SQLServer-amssclgis06_ArcGIS-Aereo.sde\OWD.AMD_CL_MLP_PAO_IF_Ortho_Geosupport_OVR\\Ov_i9A2_L02_R000054A7_C00004701
598,20635,C:\Users\amsgiseeap\AppData\Local\Temp\ArcGISProTemp12292\Untitled\SQLServer-amssclgis06_ArcGIS-Aereo.sde\OWD.AMD_CL_MLP_PAO_IF_Ortho_Geosupport_OVR\\Ov_i9A2_L02_R000054A7_C00004702
599,6635,\\amssclgis10.ams.gmams.cl\CL_MLP_PAO\El_Mauro_Drone\26_04\CL_MLP_PAO_IF_Ortho_26_04_01_Pozos_PRP.tif
600,15195,\\amssclgis10.ams.gmams.cl\CL_MLP_PAO\El_Mauro_Drone\26_04\CL_MLP_PAO_IF_Ortho_26_04_22_EB3.tif
601,15214,\\amssclgis10.ams.gmams.cl\CL_MLP_PAO\El_Mauro_Drone\26_04\CL_MLP_PAO_IF_Ortho_26_04_22_EB3.tif
602,4675,\\amssclgis10.ams.gmams.cl\CL_MLP_PAO\El_Mauro_Drone\26_03_26\CL_MLP_PAO_IF_Ortho_26_03_26_Pozos_PRP.tif
603,15190,\\amssclgis10.ams.gmams.cl\CL_MLP_PAO\El_Mauro_Drone\26_04\CL_MLP_PAO_IF_Ortho_26_04_17_EB3.tif
604,15209,\\amssclgis10.ams.gmams.cl\CL_MLP_PAO\El_Mauro_Drone\26_04\CL_MLP_PAO_IF_Ortho_26_04_17_EB3.tif
605,5290,\\amssclgis10.ams.gmams.cl\CL_MLP_PAO\Chacay_Drone\26_03_27\CL_MLP_PAO_IF_Ortho_26_03_27_Estacion_Cabecera.tif
606,3922,\\amssclgis10.ams.gmams.cl\CL_MLP_PAO\El_Mauro_Drone\26_02_26\CL_MLP_PAO_IF_Ortho_26_02_26_EB3.tif
607,15405,\\amssclgis10.ams.gmams.cl\CL_MLP_PAO\Chacay_Drone\26_05\CL_MLP_PAO_IF_Ortho_26_05_09_Estacion_Cabecera.tif
608,8654,\\amssclgis10.ams.gmams.cl\CL_MLP_PAO\El_Mauro_Drone\26_04\CL_MLP_PAO_IF_Ortho_26_04_09_EB3.tif
609,15189,\\amssclgis10.ams.gmams.cl\CL_MLP_PAO\El_Mauro_Drone\26_04\CL_MLP_PAO_IF_Ortho_26_04_16_Pozos_PRP.tif
610,15201,\\amssclgis10.ams.gmams.cl\CL_MLP_PAO\El_Mauro_Drone\26_04\CL_MLP_PAO_IF_Ortho_26_04_25_Pozos_PRP.tif
611,15220,\\amssclgis10.ams.gmams.cl\CL_MLP_PAO\El_Mauro_Drone\26_04\CL_MLP_PAO_IF_Ortho_26_04_25_Pozos_PRP.tif
612,15586,\\amssclgis10.ams.gmams.cl\CL_MLP_PAO\El_Mauro_Drone\26_05\CL_MLP_PAO_IF_Ortho_26_05_08_Pozos_PRP.tif
613,4309,\\amssclgis10.ams.gmams.cl\CL_MLP_PAO\El_Mauro_Drone\26_03_12\CL_MLP_PAO_IF_Ortho_26_03_12_EB3.tif
614,5113,\\amssclgis10.ams.gmams.cl\CL_MLP_PAO\El_Mauro_Drone\26_03_27\CL_MLP_PAO_IF_Ortho_26_03_27_EB3.tif
615,5031,\\amssclgis10.ams.gmams.cl\CL_MLP_PAO\El_Mauro_Drone\26_03_20\CL_MLP_PAO_IF_Ortho_26_03_20_EB3.tif
616,4151,\\amssclgis10.ams.gmams.cl\CL_MLP_PAO\El_Mauro_Drone\26_03_04\CL_MLP_PAO_IF_Ortho_26_03_04_Linea-33-kV-NorteElMauro-Area3.tif
617,4152,\\amssclgis10.ams.gmams.cl\CL_MLP_PAO\El_Mauro_Drone\26_03_04\CL_MLP_PAO_IF_Ortho_26_03_04_EBD.tif
618,3345,\\amssclgis10.ams.gmams.cl\CL_MLP_PAO\Chacay_El_Mauro_Drone\26_02_21\CL_MLP_PAO_IF_Ortho_26_02_21_IIFF9-PA13.tif
619,2889,\\amssclgis10.ams.gmams.cl\CL_MLP_PAO\El_Mauro_Puerto_Punta_Chungo_Drone\26_02_11\CL_MLP_PAO_IF_Ortho_26_02_11_EB2.tif
620,4155,\\amssclgis10.ams.gmams.cl\CL_MLP_PAO\El_Mauro_Drone\26_03_07\CL_MLP_PAO_IF_Ortho_26_03_07_EB3.tif
621,15407,\\amssclgis10.ams.gmams.cl\CL_MLP_PAO\Chacay_El_Mauro_Drone\26_05\CL_MLP_PAO_IF_Ortho_26_05_02_EM2_S2.tif
622,2289,\\amssclgis10.ams.gmams.cl\CL_MLP_PAO\Chacay_El_Mauro_Drone\26_02_04\CL_MLP_PAO_IF_Ortho_26_02_04_IIFF9-PA13.tif
623,15581,\\amssclgis10.ams.gmams.cl\CL_MLP_PAO\Chacay_El_Mauro_Drone\26_05\CL_MLP_PAO_IF_Ortho_26_05_07_EM2_S2.tif
624,3998,\\amssclgis10.ams.gmams.cl\CL_MLP_PAO\Chacay_El_Mauro_Drone\26_03_04\CL_MLP_PAO_IF_Ortho_26_03_04_IIFF9-PA13.tif
625,8199,\\amssclgis10.ams.gmams.cl\CL_MLP_PAO\Chacay_El_Mauro_Drone\26_04\CL_MLP_PAO_IF_Ortho_26_04_11_EM2_S2.tif
626,18143,\\amssclgis10.ams.gmams.cl\CL_MLP_PAO\Chacay_El_Mauro_Drone\26_01_21\CL_MLP_PAO_IF_Ortho_26_01_21_IIFF9-PA13.tif
627,6426,\\amssclgis10.ams.gmams.cl\CL_MLP_PAO\Chacay_Drone\26_04\CL_MLP_PAO_IF_Ortho_26_04_03_Estacion_Cabecera.tif
628,2291,\\amssclgis10.ams.gmams.cl\CL_MLP_PAO\Chacay_El_Mauro_Drone\26_02_05\CL_MLP_PAO_IF_Ortho_26_02_05_ED2.tif
629,15759,\\amssclgis10.ams.gmams.cl\CL_MLP_PAO\El_Mauro_Puerto_Punta_Chungo_Drone\26_05\CL_MLP_PAO_IF_Ortho_26_05_02_EV2.tif
630,2803,\\amssclgis10.ams.gmams.cl\CL_MLP_PAO\Chacay_El_Mauro_Drone\26_02_12\CL_MLP_PAO_IF_Ortho_26_02_12_ED2.tif
631,15403,\\amssclgis10.ams.gmams.cl\CL_MLP_PAO\Chacay_Drone\26_05\CL_MLP_PAO_IF_Ortho_26_05_01_EM1.tif
632,15171,\\amssclgis10.ams.gmams.cl\CL_MLP_PAO\Chacay_El_Mauro_Drone\26_04\CL_MLP_PAO_IF_Ortho_26_04_15_EM2_S2.tif
633,3996,\\amssclgis10.ams.gmams.cl\CL_MLP_PAO\Chacay_Drone\26_03_13\CL_MLP_PAO_IF_Ortho_26_03_13_EM1.tif
634,1778,\\amssclgis10.ams.gmams.cl\CL_MLP_PAO\Chacay_Drone\26_01_16\CL_MLP_PAO_IF_Ortho_26_01_16_EM1.tif
635,18726,\\amssclgis10.ams.gmams.cl\CL_MLP_PAO\El_Mauro_Puerto_Punta_Chungo_Drone\26_01_31\CL_MLP_PAO_IF_Ortho_26_01_31_EV2_1.tif
636,2287,\\amssclgis10.ams.gmams.cl\CL_MLP_PAO\Chacay_Drone\26_02_06\CL_MLP_PAO_IF_Ortho_26_02_06_EM1.tif
637,15408,\\amssclgis10.ams.gmams.cl\CL_MLP_PAO\Chacay_El_Mauro_Drone\26_05\CL_MLP_PAO_IF_Ortho_26_05_03_ED2.tif
638,18731,\\amssclgis10.ams.gmams.cl\CL_MLP_PAO\El_Mauro_Puerto_Punta_Chungo_Drone\26_03_13\CL_MLP_PAO_IF_Ortho_26_03_13_EV2.tif
639,15173,\\amssclgis10.ams.gmams.cl\CL_MLP_PAO\Chacay_El_Mauro_Drone\26_04\CL_MLP_PAO_IF_Ortho_26_04_16_ED2.tif
640,4077,\\amssclgis10.ams.gmams.cl\CL_MLP_PAO\Chacay_El_Mauro_Drone\26_03_14\CL_MLP_PAO_IF_Ortho_26_03_14_IIFF9-PA13.tif
641,4078,\\amssclgis10.ams.gmams.cl\CL_MLP_PAO\Chacay_El_Mauro_Drone\26_03_15\CL_MLP_PAO_IF_Ortho_26_03_15_ED2.tif
642,3669,\\amssclgis10.ams.gmams.cl\CL_MLP_PAO\Chacay_El_Mauro_Drone\26_03_02\CL_MLP_PAO_IF_Ortho_26_03_02_ED2.tif
643,8195,\\amssclgis10.ams.gmams.cl\CL_MLP_PAO\Chacay_Drone\26_04\CL_MLP_PAO_IF_Ortho_26_04_09_EM1.tif
644,15580,\\amssclgis10.ams.gmams.cl\CL_MLP_PAO\Chacay_El_Mauro_Drone\26_05\CL_MLP_PAO_IF_Ortho_26_05_07_ED2.tif
645,2890,\\amssclgis10.ams.gmams.cl\CL_MLP_PAO\El_Mauro_Puerto_Punta_Chungo_Drone\26_02_11\CL_MLP_PAO_IF_Ortho_26_02_11_EV2.tif
646,3343,\\amssclgis10.ams.gmams.cl\CL_MLP_PAO\Chacay_El_Mauro_Drone\26_02_21\CL_MLP_PAO_IF_Ortho_26_02_21_ED2.tif
647,3268,\\amssclgis10.ams.gmams.cl\CL_MLP_PAO\Chacay_Drone\26_02_20\CL_MLP_PAO_IF_Ortho_26_02_20_EM1.tif
648,8998,\\amssclgis10.ams.gmams.cl\CL_MLP_PAO\El_Mauro_Puerto_Punta_Chungo_Drone\26_04\CL_MLP_PAO_IF_Ortho_26_04_12_EV2.tif
649,15168,\\amssclgis10.ams.gmams.cl\CL_MLP_PAO\Chacay_Drone\26_04\CL_MLP_PAO_IF_Ortho_26_04_18_Estacion_Cabecera.tif
650,15760,\\amssclgis10.ams.gmams.cl\CL_MLP_PAO\El_Mauro_Puerto_Punta_Chungo_Drone\26_05\CL_MLP_PAO_IF_Ortho_26_05_09_EV2.tif
651,6429,\\amssclgis10.ams.gmams.cl\CL_MLP_PAO\Chacay_El_Mauro_Drone\26_04\CL_MLP_PAO_IF_Ortho_26_04_01_EM2_2.tif
652,15175,\\amssclgis10.ams.gmams.cl\CL_MLP_PAO\Chacay_El_Mauro_Drone\26_04\CL_MLP_PAO_IF_Ortho_26_04_01_EM2.tif
653,15180,\\amssclgis10.ams.gmams.cl\CL_MLP_PAO\El_Mauro_Puerto_Punta_Chungo_Drone\26_04\CL_MLP_PAO_IF_Ortho_26_04_19_EV2.tif
654,3192,\\amssclgis10.ams.gmams.cl\CL_MLP_PAO\Chacay_El_Mauro_Drone\26_02_12\CL_MLP_PAO_IF_Ortho_26_02_12_IIFF9-PA13_1.tif
655,4569,\\amssclgis10.ams.gmams.cl\CL_MLP_PAO\Chacay_El_Mauro_Drone\26_03_19\CL_MLP_PAO_IF_Ortho_26_03_19_ED2.tif
656,3194,\\amssclgis10.ams.gmams.cl\CL_MLP_PAO\Chacay_Drone\26_02_11\CL_MLP_PAO_IF_Ortho_26_02_11_EM1_1.tif
657,1782,\\amssclgis10.ams.gmams.cl\CL_MLP_PAO\Chacay_El_Mauro_Drone\26_01_20\CL_MLP_PAO_IF_Ortho_26_01_20_EV1.tif
658,8198,\\amssclgis10.ams.gmams.cl\CL_MLP_PAO\Chacay_El_Mauro_Drone\26_04\CL_MLP_PAO_IF_Ortho_26_04_09_ED2.tif
659,18135,\\amssclgis10.ams.gmams.cl\CL_MLP_PAO\El_Mauro_Puerto_Punta_Chungo_Drone\26_01_04\CL_MLP_PAO_IF_Ortho_26_01_04_EV2.tif
660,2374,\\amssclgis10.ams.gmams.cl\CL_MLP_PAO\El_Mauro_Drone\26_02_04\CL_MLP_PAO_IF_Ortho_26_02_04_Linea-33-kV-NorteElMauro-Area3.tif
661,1780,\\amssclgis10.ams.gmams.cl\CL_MLP_PAO\Chacay_El_Mauro_Drone\26_01_10\CL_MLP_PAO_IF_Ortho_26_01_10_ED2.tif
662,6430,\\amssclgis10.ams.gmams.cl\CL_MLP_PAO\Chacay_El_Mauro_Drone\26_04\CL_MLP_PAO_IF_Ortho_26_04_02_ED2.tif
663,3196,\\amssclgis10.ams.gmams.cl\CL_MLP_PAO\El_Mauro_Puerto_Punta_Chungo_Drone\26_01_31\CL_MLP_PAO_IF_Ortho_26_01_31_EB2_1.tif
664,8426,\\amssclgis10.ams.gmams.cl\CL_MLP_PAO\El_Mauro_Drone\26_03_29\CL_MLP_PAO_IF_Ortho_26_03_29_EBR.tif
665,8428,\\amssclgis10.ams.gmams.cl\CL_MLP_PAO\El_Mauro_Drone\26_04\CL_MLP_PAO_IF_Ortho_26_04_04_EBR.tif
666,8539,\\amssclgis10.ams.gmams.cl\CL_MLP_PAO\El_Mauro_Drone\26_04\CL_MLP_PAO_IF_Ortho_26_04_05_EB3.tif
667,8884,\\amssclgis10.ams.gmams.cl\CL_MLP_PAO\El_Mauro_Drone\26_04\CL_MLP_PAO_IF_Ortho_26_04_18_EBR.tif
668,4570,\\amssclgis10.ams.gmams.cl\CL_MLP_PAO\Chacay_El_Mauro_Drone\26_03_26\CL_MLP_PAO_IF_Ortho_26_03_26_ED2.tif
669,15583,\\amssclgis10.ams.gmams.cl\CL_MLP_PAO\El_Mauro_Drone\26_05\CL_MLP_PAO_IF_Ortho_26_05_01_Pozos_PRP.tif
670,8196,\\amssclgis10.ams.gmams.cl\CL_MLP_PAO\Chacay_Drone\26_04\CL_MLP_PAO_IF_Ortho_26_04_10_Estacion_Cabecera.tif
671,3420,\\amssclgis10.ams.gmams.cl\CL_MLP_PAO\El_Mauro_Puerto_Punta_Chungo_Drone\26_02_20\CL_MLP_PAO_IF_Ortho_26_02_20_EV2.tif
672,8880,\\amssclgis10.ams.gmams.cl\CL_MLP_PAO\El_Mauro_Drone\26_04\CL_MLP_PAO_IF_Ortho_26_04_10_Pozos_PRP.tif
673,2447,\\amssclgis10.ams.gmams.cl\CL_MLP_PAO\El_Mauro_Puerto_Punta_Chungo_Drone\26_02_05\CL_MLP_PAO_IF_Ortho_26_02_05_EV2.tif
674,4378,\\amssclgis10.ams.gmams.cl\CL_MLP_PAO\El_Mauro_Drone\26_03_15\CL_MLP_PAO_IF_Ortho_26_03_15_Linea-33-kV-NorteElMauro-Area3_1.tif
675,5034,\\amssclgis10.ams.gmams.cl\CL_MLP_PAO\El_Mauro_Drone\26_03_26\CL_MLP_PAO_IF_Ortho_26_03_26_Camino_Alternativo_Salamanca.tif
676,3195,\\amssclgis10.ams.gmams.cl\CL_MLP_PAO\El_Mauro_Drone\26_01_31\CL_MLP_PAO_IF_Ortho_26_01_31_Linea-33-kV-NorteElMauro-Area3_1.tif
677,15404,\\amssclgis10.ams.gmams.cl\CL_MLP_PAO\Chacay_Drone\26_05\CL_MLP_PAO_IF_Ortho_26_05_09_EM1.tif
678,5527,\\amssclgis10.ams.gmams.cl\CL_MLP_PAO\El_Mauro_Puerto_Punta_Chungo_Drone\26_03_21\CL_MLP_PAO_IF_Ortho_26_03_21_EV2.tif
679,18136,\\amssclgis10.ams.gmams.cl\CL_MLP_PAO\El_Mauro_Drone\26_01_07\CL_MLP_PAO_IF_Ortho_26_01_07_Patio-19B-y-Armado.tif
680,4503,\\amssclgis10.ams.gmams.cl\CL_MLP_PAO\El_Mauro_Drone\26_02_21\CL_MLP_PAO_IF_Ortho_26_02_21_Patio-19B-y-Armado.tif
681,3747,\\amssclgis10.ams.gmams.cl\CL_MLP_PAO\El_Mauro_Drone\26_02_28\CL_MLP_PAO_IF_Ortho_26_02_28_Patio-19B-y-Armado.tif
682,18725,\\amssclgis10.ams.gmams.cl\CL_MLP_PAO\El_Mauro_Drone\26_01_22\CL_MLP_PAO_IF_Ortho_26_01_22_Patio-19B-y-Armado.tif
683,15193,\\amssclgis10.ams.gmams.cl\CL_MLP_PAO\El_Mauro_Drone\26_04\CL_MLP_PAO_IF_Ortho_26_04_18_Helipuerto.tif
684,15212,\\amssclgis10.ams.gmams.cl\CL_MLP_PAO\El_Mauro_Drone\26_04\CL_MLP_PAO_IF_Ortho_26_04_18_Helipuerto.tif
685,19309,\\amssclgis10.ams.gmams.cl\CL_MLP_PAO\El_Mauro_Drone\26_03_20\CL_MLP_PAO_IF_Ortho_26_03_20_Estacion_Drenes_El_Mauro.tif
686,18728,\\amssclgis10.ams.gmams.cl\CL_MLP_PAO\El_Mauro_Drone\26_02_14\CL_MLP_PAO_IF_Ortho_26_02_14_Subestacion-El-Mauro.tif
687,5291,\\amssclgis10.ams.gmams.cl\CL_MLP_PAO\Chacay_El_Mauro_Drone\26_03_18\CL_MLP_PAO_IF_Ortho_26_03_18_EM2_S2.tif
688,6322,\\amssclgis10.ams.gmams.cl\CL_MLP_PAO\El_Mauro_Puerto_Punta_Chungo_Drone\26_02_26\CL_MLP_PAO_IF_Ortho_26_02_26_TORRE_E85_A_E_125.tif
689,6530,\\amssclgis10.ams.gmams.cl\CL_MLP_PAO\Chacay_El_Mauro_Drone\26_04\CL_MLP_PAO_IF_Ortho_26_04_02_EM3.tif
690,5289,\\amssclgis10.ams.gmams.cl\CL_MLP_PAO\Chacay_Drone\26_03_20\CL_MLP_PAO_IF_Ortho_26_03_20_EM1.tif
691,3272,\\amssclgis10.ams.gmams.cl\CL_MLP_PAO\Chacay_El_Mauro_Drone\26_02_19\CL_MLP_PAO_IF_Ortho_26_02_19_ED1_IIFF7_DME8.tif
692,3344,\\amssclgis10.ams.gmams.cl\CL_MLP_PAO\Chacay_El_Mauro_Drone\26_02_21\CL_MLP_PAO_IF_Ortho_26_02_21_EV1.tif
693,5292,\\amssclgis10.ams.gmams.cl\CL_MLP_PAO\Chacay_El_Mauro_Drone\26_03_26\CL_MLP_PAO_IF_Ortho_26_03_26_EM3.tif
694,18729,\\amssclgis10.ams.gmams.cl\CL_MLP_PAO\El_Mauro_Puerto_Punta_Chungo_Drone\26_03_07\CL_MLP_PAO_IF_Ortho_26_03_07_EV2.tif
695,15167,\\amssclgis10.ams.gmams.cl\CL_MLP_PAO\Chacay_Drone\26_04\CL_MLP_PAO_IF_Ortho_26_04_18_EM1.tif
696,15406,\\amssclgis10.ams.gmams.cl\CL_MLP_PAO\Chacay_El_Mauro_Drone\26_05\CL_MLP_PAO_IF_Ortho_26_05_02_ED1.tif
697,4502,\\amssclgis10.ams.gmams.cl\CL_MLP_PAO\Chacay_El_Mauro_Drone\26_01_10\CL_MLP_PAO_IF_Ortho_26_01_10_ED1-IIFF7-DME8.tif
698,6425,\\amssclgis10.ams.gmams.cl\CL_MLP_PAO\Chacay_Drone\26_04\CL_MLP_PAO_IF_Ortho_26_04_03_EM1.tif
699,2800,\\amssclgis10.ams.gmams.cl\CL_MLP_PAO\Chacay_El_Mauro_Drone\26_02_04\CL_MLP_PAO_IF_Ortho_26_02_04_ED1-IIFF7-DME8.tif
700,6424,\\amssclgis10.ams.gmams.cl\CL_MLP_PAO\Chacay_Drone\26_03_29\CL_MLP_PAO_IF_Ortho_26_03_29_EM1.tif
701,15178,\\amssclgis10.ams.gmams.cl\CL_MLP_PAO\El_Mauro_Puerto_Punta_Chungo_Drone\26_04\CL_MLP_PAO_IF_Ortho_26_04_18_ED1.tif
702,3995,\\amssclgis10.ams.gmams.cl\CL_MLP_PAO\Chacay_Drone\26_03_06\CL_MLP_PAO_IF_Ortho_26_03_06_EM1.tif
703,15169,\\amssclgis10.ams.gmams.cl\CL_MLP_PAO\Chacay_Drone\26_04\CL_MLP_PAO_IF_Ortho_26_04_25_EM1.tif
704,4074,\\amssclgis10.ams.gmams.cl\CL_MLP_PAO\Chacay_El_Mauro_Drone\26_03_11\CL_MLP_PAO_IF_Ortho_26_03_11_EV1.tif
705,4075,\\amssclgis10.ams.gmams.cl\CL_MLP_PAO\Chacay_El_Mauro_Drone\26_03_14\CL_MLP_PAO_IF_Ortho_26_03_14_ED1-IIFF7-DME8.tif
706,1784,\\amssclgis10.ams.gmams.cl\CL_MLP_PAO\Chacay_El_Mauro_Drone\26_01_21\CL_MLP_PAO_IF_Ortho_26_01_21_ED1-IIFF7-DME8.tif
707,20636,C:\Users\amsgiseeap\AppData\Local\Temp\ArcGISProTemp12292\Untitled\SQLServer-amssclgis06_ArcGIS-Aereo.sde\OWD.AMD_CL_MLP_PAO_IF_Ortho_Geosupport_OVR\\Ov_i9A2_L03_R00001C4E_C000017B5
708,20637,C:\Users\amsgiseeap\AppData\Local\Temp\ArcGISProTemp12292\Untitled\SQLServer-amssclgis06_ArcGIS-Aereo.sde\OWD.AMD_CL_MLP_PAO_IF_Ortho_Geosupport_OVR\\Ov_i9A2_L03_R00001C4F_C000017B5
709,20638,C:\Users\amsgiseeap\AppData\Local\Temp\ArcGISProTemp12292\Untitled\SQLServer-amssclgis06_ArcGIS-Aereo.sde\OWD.AMD_CL_MLP_PAO_IF_Ortho_Geosupport_OVR\\Ov_i9A2_L03_R00001C4B_C000017E5
710,20639,C:\Users\amsgiseeap\AppData\Local\Temp\ArcGISProTemp12292\Untitled\SQLServer-amssclgis06_ArcGIS-Aereo.sde\OWD.AMD_CL_MLP_PAO_IF_Ortho_Geosupport_OVR\\Ov_i9A2_L03_R00001C4B_C000017E6
711,20640,C:\Users\amsgiseeap\AppData\Local\Temp\ArcGISProTemp12292\Untitled\SQLServer-amssclgis06_ArcGIS-Aereo.sde\OWD.AMD_CL_MLP_PAO_IF_Ortho_Geosupport_OVR\\Ov_i9A2_L03_R00001C40_C00001785
712,20641,C:\Users\amsgiseeap\AppData\Local\Temp\ArcGISProTemp12292\Untitled\SQLServer-amssclgis06_ArcGIS-Aereo.sde\OWD.AMD_CL_MLP_PAO_IF_Ortho_Geosupport_OVR\\Ov_i9A2_L03_R00001C39_C000017A9
713,20642,C:\Users\amsgiseeap\AppData\Local\Temp\ArcGISProTemp12292\Untitled\SQLServer-amssclgis06_ArcGIS-Aereo.sde\OWD.AMD_CL_MLP_PAO_IF_Ortho_Geosupport_OVR\\Ov_i9A2_L03_R00001C3A_C000017A9
714,20643,C:\Users\amsgiseeap\AppData\Local\Temp\ArcGISProTemp12292\Untitled\SQLServer-amssclgis06_ArcGIS-Aereo.sde\OWD.AMD_CL_MLP_PAO_IF_Ortho_Geosupport_OVR\\Ov_i9A2_L03_R00001C3F_C000017C1
715,20644,C:\Users\amsgiseeap\AppData\Local\Temp\ArcGISProTemp12292\Untitled\SQLServer-amssclgis06_ArcGIS-Aereo.sde\OWD.AMD_CL_MLP_PAO_IF_Ortho_Geosupport_OVR\\Ov_i9A2_L03_R00001C40_C000017C4
716,20645,C:\Users\amsgiseeap\AppData\Local\Temp\ArcGISProTemp12292\Untitled\SQLServer-amssclgis06_ArcGIS-Aereo.sde\OWD.AMD_CL_MLP_PAO_IF_Ortho_Geosupport_OVR\\Ov_i9A2_L03_R00001C37_C000017AB
717,20652,C:\Users\amsgiseeap\AppData\Local\Temp\ArcGISProTemp12292\Untitled\SQLServer-amssclgis06_ArcGIS-Aereo.sde\OWD.AMD_CL_MLP_PAO_IF_Ortho_Geosupport_OVR\\Ov_i9A2_L03_R00001C39_C000017B4
718,20658,C:\Users\amsgiseeap\AppData\Local\Temp\ArcGISProTemp12292\Untitled\SQLServer-amssclgis06_ArcGIS-Aereo.sde\OWD.AMD_CL_MLP_PAO_IF_Ortho_Geosupport_OVR\\Ov_i9A2_L03_R00001C38_C000017B6
719,20660,C:\Users\amsgiseeap\AppData\Local\Temp\ArcGISProTemp12292\Untitled\SQLServer-amssclgis06_ArcGIS-Aereo.sde\OWD.AMD_CL_MLP_PAO_IF_Ortho_Geosupport_OVR\\Ov_i9A2_L03_R00001C46_C000017E2
720,15172,\\amssclgis10.ams.gmams.cl\CL_MLP_PAO\Chacay_El_Mauro_Drone\26_04\CL_MLP_PAO_IF_Ortho_26_04_15_EV1.tif
721,2292,\\amssclgis10.ams.gmams.cl\CL_MLP_PAO\Chacay_El_Mauro_Drone\26_02_05\CL_MLP_PAO_IF_Ortho_26_02_05_EV1.tif
722,4073,\\amssclgis10.ams.gmams.cl\CL_MLP_PAO\Chacay_El_Mauro_Drone\26_03_07\CL_MLP_PAO_IF_Ortho_26_03_07_ED1-IIFF7-DME8.tif
723,18727,\\amssclgis10.ams.gmams.cl\CL_MLP_PAO\Chacay_El_Mauro_Drone\26_02_10\CL_MLP_PAO_IF_Ortho_26_02_10_ED1-IIFF7-DME8.tif
724,16203,\\amssclgis10.ams.gmams.cl\CL_MLP_PAO\Chacay_El_Mauro_Drone\26_05\CL_MLP_PAO_IF_Ortho_26_05_01_EV1.tif
725,8197,\\amssclgis10.ams.gmams.cl\CL_MLP_PAO\Chacay_El_Mauro_Drone\26_04\CL_MLP_PAO_IF_Ortho_26_04_08_EV1.tif
726,1777,\\amssclgis10.ams.gmams.cl\CL_MLP_PAO\Chacay_Drone\26_01_11\CL_MLP_PAO_IF_Ortho_26_01_11_EM1.tif
727,6532,\\amssclgis10.ams.gmams.cl\CL_MLP_PAO\Chacay_El_Mauro_Drone\26_04\CL_MLP_PAO_IF_Ortho_26_04_05_EV1.tif
728,4969,\\amssclgis10.ams.gmams.cl\CL_MLP_PAO\Chacay_El_Mauro_Drone\26_03_27\CL_MLP_PAO_IF_Ortho_26_03_27_EV1.tif
729,15409,\\amssclgis10.ams.gmams.cl\CL_MLP_PAO\Chacay_El_Mauro_Drone\26_05\CL_MLP_PAO_IF_Ortho_26_05_03_EM3.tif
730,8311,\\amssclgis10.ams.gmams.cl\CL_MLP_PAO\Chacay_El_Mauro_Drone\26_04\CL_MLP_PAO_IF_Ortho_26_04_13_ED1-IIFF7-DME8.tif
731,8310,\\amssclgis10.ams.gmams.cl\CL_MLP_PAO\Chacay_El_Mauro_Drone\26_04\CL_MLP_PAO_IF_Ortho_26_04_11_EM3.tif
732,4568,\\amssclgis10.ams.gmams.cl\CL_MLP_PAO\Chacay_El_Mauro_Drone\26_03_18\CL_MLP_PAO_IF_Ortho_26_03_18_EV1.tif
733,3346,\\amssclgis10.ams.gmams.cl\CL_MLP_PAO\Chacay_El_Mauro_Drone\26_02_25\CL_MLP_PAO_IF_Ortho_26_02_25_EV1.tif
734,3347,\\amssclgis10.ams.gmams.cl\CL_MLP_PAO\Chacay_El_Mauro_Drone\26_02_26\CL_MLP_PAO_IF_Ortho_26_02_26_EV1.tif
735,16205,\\amssclgis10.ams.gmams.cl\CL_MLP_PAO\Chacay_El_Mauro_Drone\26_05\CL_MLP_PAO_IF_Ortho_26_05_07_EM3.tif
736,3191,\\amssclgis10.ams.gmams.cl\CL_MLP_PAO\Chacay_El_Mauro_Drone\26_02_11\CL_MLP_PAO_IF_Ortho_26_02_11_EV1_1.tif
737,6320,\\amssclgis10.ams.gmams.cl\CL_MLP_PAO\El_Mauro_Puerto_Punta_Chungo_Drone\26_02_11\CL_MLP_PAO_IF_Ortho_26_02_11_TORRE_E85_A_E_125.tif
738,15582,\\amssclgis10.ams.gmams.cl\CL_MLP_PAO\Chacay_El_Mauro_Drone\26_05\CL_MLP_PAO_IF_Ortho_26_05_09_EV1.tif
739,15174,\\amssclgis10.ams.gmams.cl\CL_MLP_PAO\Chacay_El_Mauro_Drone\26_04\CL_MLP_PAO_IF_Ortho_26_04_16_EM3.tif
740,1751,\\amssclgis10.ams.gmams.cl\CL_MLP_PAO\El_Mauro_Puerto_Punta_Chungo_Drone\26_01_03\CL_MLP_PAO_IF_Ortho_26_01_03_DME5A-DME17-a-NSTC-78p9.tif
741,5114,\\amssclgis10.ams.gmams.cl\CL_MLP_PAO\El_Mauro_Drone\26_03_27\CL_MLP_PAO_IF_Ortho_26_03_27_Helipuerto.tif
742,8540,\\amssclgis10.ams.gmams.cl\CL_MLP_PAO\El_Mauro_Drone\26_04\CL_MLP_PAO_IF_Ortho_26_04_05_Helipuerto.tif
743,4000,\\amssclgis10.ams.gmams.cl\CL_MLP_PAO\Chacay_El_Mauro_Drone\26_03_05\CL_MLP_PAO_IF_Ortho_26_03_05_EV1.tif
744,8769,\\amssclgis10.ams.gmams.cl\CL_MLP_PAO\El_Mauro_Drone\26_04\CL_MLP_PAO_IF_Ortho_26_04_10_Helipuerto.tif
745,4311,\\amssclgis10.ams.gmams.cl\CL_MLP_PAO\El_Mauro_Drone\26_03_13\CL_MLP_PAO_IF_Ortho_26_03_13_EM4.tif
746,6318,\\amssclgis10.ams.gmams.cl\CL_MLP_PAO\El_Mauro_Puerto_Punta_Chungo_Drone\26_01_09\CL_MLP_PAO_IF_Ortho_26_01_09_TORRE_E85_A_E_125.tif
747,3999,\\amssclgis10.ams.gmams.cl\CL_MLP_PAO\Chacay_El_Mauro_Drone\26_03_05\CL_MLP_PAO_IF_Ortho_26_03_05_ED2.tif
748,4441,\\amssclgis10.ams.gmams.cl\CL_MLP_PAO\El_Mauro_Puerto_Punta_Chungo_Drone\26_03_12\CL_MLP_PAO_IF_Ortho_26_03_12_TORRE_E85_A_E125.tif
749,4507,\\amssclgis10.ams.gmams.cl\CL_MLP_PAO\El_Mauro_Drone\26_02_25\CL_MLP_PAO_IF_Ortho_26_02_25_EM4.tif
750,6105,\\amssclgis10.ams.gmams.cl\CL_MLP_PAO\El_Mauro_Drone\26_02_19\CL_MLP_PAO_IF_Ortho_26_02_19_TORRES_E12_-_E30_PV4.tif
751,6319,\\amssclgis10.ams.gmams.cl\CL_MLP_PAO\El_Mauro_Puerto_Punta_Chungo_Drone\26_02_07\CL_MLP_PAO_IF_Ortho_26_02_07_TORRE_E85_A_E_125.tif
752,8424,\\amssclgis10.ams.gmams.cl\CL_MLP_PAO\El_Mauro_Drone\26_03_21\CL_MLP_PAO_IF_Ortho_26_03_21_Hidrociclones.tif
753,6100,\\amssclgis10.ams.gmams.cl\CL_MLP_PAO\El_Mauro_Drone\26_02_11\CL_MLP_PAO_IF_Ortho_26_02_11_TORRES_E12_-_E30_PV4.tif
754,5993,\\amssclgis10.ams.gmams.cl\CL_MLP_PAO\El_Mauro_Drone\26_02_01\CL_MLP_PAO_IF_Ortho_26_02_01_TORRES_E12_-_E30_PV4.tif
755,8768,\\amssclgis10.ams.gmams.cl\CL_MLP_PAO\El_Mauro_Drone\26_04\CL_MLP_PAO_IF_Ortho_26_04_10_EBD.tif
756,5994,\\amssclgis10.ams.gmams.cl\CL_MLP_PAO\El_Mauro_Drone\26_02_03\CL_MLP_PAO_IF_Ortho_26_02_03_TORRES_E12_-_E30_PV4.tif
757,5030,\\amssclgis10.ams.gmams.cl\CL_MLP_PAO\El_Mauro_Drone\26_03_19\CL_MLP_PAO_IF_Ortho_26_03_19_EM4.tif
758,4379,\\amssclgis10.ams.gmams.cl\CL_MLP_PAO\El_Mauro_Drone\26_03_16\CL_MLP_PAO_IF_Ortho_26_03_16_Patio-19B-y-Armado.tif
759,2883,\\amssclgis10.ams.gmams.cl\CL_MLP_PAO\El_Mauro_Drone\26_02_12\CL_MLP_PAO_IF_Ortho_26_02_12_Patio-19B-y-Armado.tif
760,15187,\\amssclgis10.ams.gmams.cl\CL_MLP_PAO\El_Mauro_Drone\26_04\CL_MLP_PAO_IF_Ortho_26_04_16_EBD.tif
761,2375,\\amssclgis10.ams.gmams.cl\CL_MLP_PAO\El_Mauro_Drone\26_02_06\CL_MLP_PAO_IF_Ortho_26_02_06_Patio-19B-y-Armado.tif
762,5204,\\amssclgis10.ams.gmams.cl\CL_MLP_PAO\El_Mauro_Puerto_Punta_Chungo_Drone\26_03_27\CL_MLP_PAO_IF_Ortho_26_03_27_TORRE_E85_A_E_125.tif
763,5035,\\amssclgis10.ams.gmams.cl\CL_MLP_PAO\El_Mauro_Drone\26_03_26\CL_MLP_PAO_IF_Ortho_26_03_26_EBD.tif
764,6321,\\amssclgis10.ams.gmams.cl\CL_MLP_PAO\El_Mauro_Puerto_Punta_Chungo_Drone\26_02_20\CL_MLP_PAO_IF_Ortho_26_02_20_TORRES_E84_A_E127.tif
765,3745,\\amssclgis10.ams.gmams.cl\CL_MLP_PAO\El_Mauro_Drone\26_02_26\CL_MLP_PAO_IF_Ortho_26_02_26_Subestacion-El-Mauro.tif
766,18140,\\amssclgis10.ams.gmams.cl\CL_MLP_PAO\El_Mauro_Drone\26_01_14\CL_MLP_PAO_IF_Ortho_26_01_14_Subestacion-El-Mauro.tif
767,4156,\\amssclgis10.ams.gmams.cl\CL_MLP_PAO\El_Mauro_Drone\26_03_07\CL_MLP_PAO_IF_Ortho_26_03_07_Patio-19B-y-Armado.tif
768,15200,\\amssclgis10.ams.gmams.cl\CL_MLP_PAO\El_Mauro_Drone\26_04\CL_MLP_PAO_IF_Ortho_26_04_25_EBD.tif
769,15219,\\amssclgis10.ams.gmams.cl\CL_MLP_PAO\El_Mauro_Drone\26_04\CL_MLP_PAO_IF_Ortho_26_04_25_EBD.tif
770,15585,\\amssclgis10.ams.gmams.cl\CL_MLP_PAO\El_Mauro_Drone\26_05\CL_MLP_PAO_IF_Ortho_26_05_08_EBD.tif
771,5396,\\amssclgis10.ams.gmams.cl\CL_MLP_PAO\El_Mauro_Drone\26_03_20\CL_MLP_PAO_IF_Ortho_26_03_20_Patio-19B-y-Armado.tif
772,8766,\\amssclgis10.ams.gmams.cl\CL_MLP_PAO\El_Mauro_Drone\26_04\CL_MLP_PAO_IF_Ortho_26_04_09_Subestacion-El-Mauro.tif
773,19316,\\amssclgis10.ams.gmams.cl\CL_MLP_PAO\El_Mauro_Puerto_Punta_Chungo_Drone\26_04\CL_MLP_PAO_IF_Ortho_26_04_04_MonteAranda-NSTC-Km-84p2-a-82p3.tif
774,16383,\\amssclgis10.ams.gmams.cl\CL_MLP_PAO\El_Mauro_Drone\26_05\CL_MLP_PAO_IF_Ortho_26_05_03_EBD.tif
775,15177,\\amssclgis10.ams.gmams.cl\CL_MLP_PAO\El_Mauro_Puerto_Punta_Chungo_Drone\26_04\CL_MLP_PAO_IF_Ortho_26_04_17_TORRE_E85_A_E_125.tif
776,5885,\\amssclgis10.ams.gmams.cl\CL_MLP_PAO\El_Mauro_Drone\26_01_07\CL_MLP_PAO_IF_Ortho_26_01_07_TORRES_E12_-_E30_PV4.tif
777,16386,\\amssclgis10.ams.gmams.cl\CL_MLP_PAO\El_Mauro_Drone\26_05\CL_MLP_PAO_IF_Ortho_26_05_08_Acceso_a_pozos.tif
778,8882,\\amssclgis10.ams.gmams.cl\CL_MLP_PAO\El_Mauro_Drone\26_04\CL_MLP_PAO_IF_Ortho_26_04_11_Pozos_PRP.tif
779,4310,\\amssclgis10.ams.gmams.cl\CL_MLP_PAO\El_Mauro_Drone\26_03_12\CL_MLP_PAO_IF_Ortho_26_03_12_Subestacion-El-Mauro.tif
780,2376,\\amssclgis10.ams.gmams.cl\CL_MLP_PAO\El_Mauro_Drone\26_02_06\CL_MLP_PAO_IF_Ortho_26_02_06_Subestacion-El-Mauro.tif
781,4504,\\amssclgis10.ams.gmams.cl\CL_MLP_PAO\El_Mauro_Drone\26_02_21\CL_MLP_PAO_IF_Ortho_26_02_21_Subestacion-El-Mauro.tif
782,19314,\\amssclgis10.ams.gmams.cl\CL_MLP_PAO\El_Mauro_Puerto_Punta_Chungo_Drone\26_04\CL_MLP_PAO_IF_Ortho_26_04_02_TORRE_E85_A_E_125.tif
783,5115,\\amssclgis10.ams.gmams.cl\CL_MLP_PAO\El_Mauro_Drone\26_03_27\CL_MLP_PAO_IF_Ortho_26_03_27_Subestacion-El-Mauro.tif
784,5202,\\amssclgis10.ams.gmams.cl\CL_MLP_PAO\El_Mauro_Puerto_Punta_Chungo_Drone\26_03_22\CL_MLP_PAO_IF_Ortho_26_03_22_MonteAranda-NSTC-Km-84p2-a-82p3.tif
785,4153,\\amssclgis10.ams.gmams.cl\CL_MLP_PAO\El_Mauro_Drone\26_03_06\CL_MLP_PAO_IF_Ortho_26_03_06_EM4.tif
786,4377,\\amssclgis10.ams.gmams.cl\CL_MLP_PAO\El_Mauro_Puerto_Punta_Chungo_Drone\26_03_08\CL_MLP_PAO_IF_Ortho_26_03_08_TORRES_E85_A_E125.tif
787,15191,\\amssclgis10.ams.gmams.cl\CL_MLP_PAO\El_Mauro_Drone\26_04\CL_MLP_PAO_IF_Ortho_26_04_17_Estacion_Intermedia.tif
788,15210,\\amssclgis10.ams.gmams.cl\CL_MLP_PAO\El_Mauro_Drone\26_04\CL_MLP_PAO_IF_Ortho_26_04_17_Estacion_Intermedia.tif
789,5399,\\amssclgis10.ams.gmams.cl\CL_MLP_PAO\El_Mauro_Puerto_Punta_Chungo_Drone\26_03_21\CL_MLP_PAO_IF_Ortho_26_03_21_TORRE_E85_A_E_125.tif
790,16563,\\amssclgis10.ams.gmams.cl\CL_MLP_PAO\El_Mauro_Puerto_Punta_Chungo_Drone\26_04\CL_MLP_PAO_IF_Ortho_26_04_29_TORRE_E85_A_E_125.tif
791,8999,\\amssclgis10.ams.gmams.cl\CL_MLP_PAO\El_Mauro_Puerto_Punta_Chungo_Drone\26_04\CL_MLP_PAO_IF_Ortho_26_04_12_TORRE_E85_A_E_125.tif
792,15181,\\amssclgis10.ams.gmams.cl\CL_MLP_PAO\El_Mauro_Puerto_Punta_Chungo_Drone\26_04\CL_MLP_PAO_IF_Ortho_26_04_25_TORRE_E85_A_E_125.tif
793,5397,\\amssclgis10.ams.gmams.cl\CL_MLP_PAO\El_Mauro_Drone\26_03_20\CL_MLP_PAO_IF_Ortho_26_03_20_Subestacion-El-Mauro.tif
794,18138,\\amssclgis10.ams.gmams.cl\CL_MLP_PAO\El_Mauro_Drone\26_01_14\CL_MLP_PAO_IF_Ortho_26_01_14_Linea-33-kV-NorteElMauro-Area6.tif
795,18139,\\amssclgis10.ams.gmams.cl\CL_MLP_PAO\El_Mauro_Drone\26_01_14\CL_MLP_PAO_IF_Ortho_26_01_14_Linea-33-kV-NorteElMauro-Area7.tif
796,8542,\\amssclgis10.ams.gmams.cl\CL_MLP_PAO\El_Mauro_Drone\26_04\CL_MLP_PAO_IF_Ortho_26_04_05_Subestacion-El-Mauro.tif
797,2882,\\amssclgis10.ams.gmams.cl\CL_MLP_PAO\El_Mauro_Drone\26_02_12\CL_MLP_PAO_IF_Ortho_26_02_12_EM4.tif
798,5991,\\amssclgis10.ams.gmams.cl\CL_MLP_PAO\El_Mauro_Drone\26_01_30\CL_MLP_PAO_IF_Ortho_26_01_30_Plataforma_Integrada_El_Mauro.tif
799,5992,\\amssclgis10.ams.gmams.cl\CL_MLP_PAO\El_Mauro_Drone\26_01_31\CL_MLP_PAO_IF_Ortho_26_01_31_Plataforma_Integrada_El_Mauro.tif
800,5990,\\amssclgis10.ams.gmams.cl\CL_MLP_PAO\El_Mauro_Drone\26_01_16\CL_MLP_PAO_IF_Ortho_26_01_16_Plataforma_Integrada_El_Mauro.tif
801,1755,\\amssclgis10.ams.gmams.cl\CL_MLP_PAO\El_Mauro_Puerto_Punta_Chungo_Drone\26_01_10\CL_MLP_PAO_IF_Ortho_26_01_10_MonteAranda-NSTC-Km-84p2-a-82p3.tif
802,1756,\\amssclgis10.ams.gmams.cl\CL_MLP_PAO\El_Mauro_Puerto_Punta_Chungo_Drone\26_01_17\CL_MLP_PAO_IF_Ortho_26_01_17_MonteAranda-NSTC-Km-84p2-a-82p3.tif
803,1758,\\amssclgis10.ams.gmams.cl\CL_MLP_PAO\El_Mauro_Puerto_Punta_Chungo_Drone\26_01_21\CL_MLP_PAO_IF_Ortho_26_01_21_InstalacionesTipay.tif
804,1783,\\amssclgis10.ams.gmams.cl\CL_MLP_PAO\Chacay_El_Mauro_Drone\26_01_21\CL_MLP_PAO_IF_Ortho_26_01_21_DME9-PA12-IIFF8.tif
805,2288,\\amssclgis10.ams.gmams.cl\CL_MLP_PAO\Chacay_El_Mauro_Drone\26_02_04\CL_MLP_PAO_IF_Ortho_26_02_04_DME9_PA12_IIFF8.tif
806,2290,\\amssclgis10.ams.gmams.cl\CL_MLP_PAO\Chacay_El_Mauro_Drone\26_02_05\CL_MLP_PAO_IF_Ortho_26_02_05_33-kV-NSTC-Km-74p7-a-75p5.tif
807,2446,\\amssclgis10.ams.gmams.cl\CL_MLP_PAO\El_Mauro_Puerto_Punta_Chungo_Drone\26_01_31\CL_MLP_PAO_IF_Ortho_26_01_31_MonteAranda-NSTC-Km-84p2-a-82p3.tif
808,2880,\\amssclgis10.ams.gmams.cl\CL_MLP_PAO\El_Mauro_Drone\26_02_09\CL_MLP_PAO_IF_Ortho_26_02_09_EM4.tif
809,2887,\\amssclgis10.ams.gmams.cl\CL_MLP_PAO\El_Mauro_Puerto_Punta_Chungo_Drone\26_02_07\CL_MLP_PAO_IF_Ortho_26_02_07_MonteAranda-NSTC-Km-84p2-a-82p3.tif
810,2891,\\amssclgis10.ams.gmams.cl\CL_MLP_PAO\El_Mauro_Puerto_Punta_Chungo_Drone\26_02_11\CL_MLP_PAO_IF_Ortho_26_02_11_MonteAranda-NSTC-Km-84p2-a-82p3.tif
811,3193,\\amssclgis10.ams.gmams.cl\CL_MLP_PAO\Chacay_El_Mauro_Drone\26_02_13\CL_MLP_PAO_IF_Ortho_26_02_13_DME9_PA12_IIFF8_1.tif
812,3269,\\amssclgis10.ams.gmams.cl\CL_MLP_PAO\Chacay_Drone\26_02_26\CL_MLP_PAO_IF_Ortho_26_02_26_EM2.tif
813,3271,\\amssclgis10.ams.gmams.cl\CL_MLP_PAO\Chacay_El_Mauro_Drone\26_02_18\CL_MLP_PAO_IF_Ortho_26_02_18_DME9-PA12-IIFF8.tif
814,3419,\\amssclgis10.ams.gmams.cl\CL_MLP_PAO\El_Mauro_Puerto_Punta_Chungo_Drone\26_02_19\CL_MLP_PAO_IF_Ortho_26_02_19_MonteAranda-NSTC-Km-84p2-a-82p3.tif
815,3422,\\amssclgis10.ams.gmams.cl\CL_MLP_PAO\El_Mauro_Puerto_Punta_Chungo_Drone\26_02_25\CL_MLP_PAO_IF_Ortho_26_02_25_MonteAranda-NSTC-Km-84p2-a-82p3.tif
816,3673,\\amssclgis10.ams.gmams.cl\CL_MLP_PAO\El_Mauro_Drone\26_02_20\CL_MLP_PAO_IF_Ortho_26_02_20_EM4.tif
817,3997,\\amssclgis10.ams.gmams.cl\CL_MLP_PAO\Chacay_El_Mauro_Drone\26_03_04\CL_MLP_PAO_IF_Ortho_26_03_04_DME9-PA12-IIFF8.tif
818,4076,\\amssclgis10.ams.gmams.cl\CL_MLP_PAO\Chacay_El_Mauro_Drone\26_03_14\CL_MLP_PAO_IF_Ortho_26_03_14_EM2.tif
819,4154,\\amssclgis10.ams.gmams.cl\CL_MLP_PAO\El_Mauro_Drone\26_03_06\CL_MLP_PAO_IF_Ortho_26_03_06_TORRES_E48_A_E84_PV4.tif
820,4157,\\amssclgis10.ams.gmams.cl\CL_MLP_PAO\El_Mauro_Drone\26_03_07\CL_MLP_PAO_IF_Ortho_26_03_07_Subestacion-El-Mauro.tif
821,4308,\\amssclgis10.ams.gmams.cl\CL_MLP_PAO\El_Mauro_Drone\26_03_11\CL_MLP_PAO_IF_Ortho_26_03_11_TORRES_E035_E048.tif
822,4381,\\amssclgis10.ams.gmams.cl\CL_MLP_PAO\El_Mauro_Puerto_Punta_Chungo_Drone\26_03_08\CL_MLP_PAO_IF_Ortho_26_03_08_MonteAranda-NSTC-Km-84p2-a-82p3.tif
823,4443,\\amssclgis10.ams.gmams.cl\CL_MLP_PAO\El_Mauro_Puerto_Punta_Chungo_Drone\26_03_13\CL_MLP_PAO_IF_Ortho_26_03_13_MonteAranda-NSTC-Km-84p2-a-82p3.tif
824,4567,\\amssclgis10.ams.gmams.cl\CL_MLP_PAO\Chacay_El_Mauro_Drone\26_03_18\CL_MLP_PAO_IF_Ortho_26_03_18_EM2.tif
825,5033,\\amssclgis10.ams.gmams.cl\CL_MLP_PAO\El_Mauro_Drone\26_03_21\CL_MLP_PAO_IF_Ortho_26_03_21_TORRES_E35_A_E48.tif
826,5111,\\amssclgis10.ams.gmams.cl\CL_MLP_PAO\El_Mauro_Drone\26_03_26\CL_MLP_PAO_IF_Ortho_26_03_26_Patio-19B-y-Armado.tif
827,5200,\\amssclgis10.ams.gmams.cl\CL_MLP_PAO\El_Mauro_Drone\26_03_28\CL_MLP_PAO_IF_Ortho_26_03_28_TORRES_E35_A_E48.tif
828,5201,\\amssclgis10.ams.gmams.cl\CL_MLP_PAO\El_Mauro_Puerto_Punta_Chungo_Drone\26_03_21\CL_MLP_PAO_IF_Ortho_26_03_21_TORRES_E48_A_E84_PV4.tif
829,5203,\\amssclgis10.ams.gmams.cl\CL_MLP_PAO\El_Mauro_Puerto_Punta_Chungo_Drone\26_03_26\CL_MLP_PAO_IF_Ortho_26_03_26_TORRES_E48_A_E84_PV4.tif
830,5293,\\amssclgis10.ams.gmams.cl\CL_MLP_PAO\El_Mauro_Drone\26_03_27\CL_MLP_PAO_IF_Ortho_26_03_27_Estacion_Intermedia.tif
831,5882,\\amssclgis10.ams.gmams.cl\CL_MLP_PAO\El_Mauro_Drone\25_12_19\CL_MLP_PAO_IF_Ortho_25_12_19_Plataforma_Integrada_El_Mauro.tif
832,5883,\\amssclgis10.ams.gmams.cl\CL_MLP_PAO\El_Mauro_Drone\25_12_26\CL_MLP_PAO_IF_Ortho_25_12_26_Plataforma_Integrada_El_Mauro.tif
833,5884,\\amssclgis10.ams.gmams.cl\CL_MLP_PAO\El_Mauro_Drone\26_01_02\CL_MLP_PAO_IF_Ortho_26_01_02_Plataforma_Integrada_El_Mauro.tif
834,5886,\\amssclgis10.ams.gmams.cl\CL_MLP_PAO\El_Mauro_Drone\26_01_08\CL_MLP_PAO_IF_Ortho_26_01_08_TORRES_E31_A_E48_PV4.tif
835,5887,\\amssclgis10.ams.gmams.cl\CL_MLP_PAO\El_Mauro_Drone\26_01_09\CL_MLP_PAO_IF_Ortho_26_01_09_Plataforma_Integrada_El_Mauro.tif
836,5995,\\amssclgis10.ams.gmams.cl\CL_MLP_PAO\El_Mauro_Puerto_Punta_Chungo_Drone\26_02_06\CL_MLP_PAO_IF_Ortho_26_02_06_TORRE_E48_A_E84_PV4.tif
837,5996,\\amssclgis10.ams.gmams.cl\CL_MLP_PAO\El_Mauro_Drone\26_02_07\CL_MLP_PAO_IF_Ortho_26_02_07_Plataforma_Integrada_El_Mauro.tif
838,6099,\\amssclgis10.ams.gmams.cl\CL_MLP_PAO\El_Mauro_Drone\26_02_09\CL_MLP_PAO_IF_Ortho_26_02_09_EM4_PR2.tif
839,6101,\\amssclgis10.ams.gmams.cl\CL_MLP_PAO\El_Mauro_Drone\26_02_13\CL_MLP_PAO_IF_Ortho_26_02_13_Plataforma_Integrada_El_Mauro.tif
840,6102,\\amssclgis10.ams.gmams.cl\CL_MLP_PAO\El_Mauro_Drone\26_02_14\CL_MLP_PAO_IF_Ortho_26_02_14_TORRES_E31_A_E48_PV4.tif
841,6104,\\amssclgis10.ams.gmams.cl\CL_MLP_PAO\El_Mauro_Drone\26_02_18\CL_MLP_PAO_IF_Ortho_26_02_18_TORRES_E48_A_E84_PV4.tif
842,6208,\\amssclgis10.ams.gmams.cl\CL_MLP_PAO\El_Mauro_Drone\26_02_20\CL_MLP_PAO_IF_Ortho_26_02_20_EM4_PR2.tif
843,6209,\\amssclgis10.ams.gmams.cl\CL_MLP_PAO\El_Mauro_Drone\26_02_20\CL_MLP_PAO_IF_Ortho_26_02_20_Plataforma_Integrada_El_Mauro.tif
844,6210,\\amssclgis10.ams.gmams.cl\CL_MLP_PAO\El_Mauro_Drone\26_02_22\CL_MLP_PAO_IF_Ortho_26_02_22_TORRES_E31_A_E48_PV4.tif
845,6211,\\amssclgis10.ams.gmams.cl\CL_MLP_PAO\El_Mauro_Drone\26_02_27\CL_MLP_PAO_IF_Ortho_26_02_27_Plataforma_Integrada_El_Mauro.tif
846,6212,\\amssclgis10.ams.gmams.cl\CL_MLP_PAO\El_Mauro_Drone\26_02_28\CL_MLP_PAO_IF_Ortho_26_02_28_TORRES_E35_A_E48.tif
847,6214,\\amssclgis10.ams.gmams.cl\CL_MLP_PAO\El_Mauro_Drone\26_03_01\CL_MLP_PAO_IF_Ortho_26_03_01_Subestacion-El-Mauro_A_E35.tif
848,6317,\\amssclgis10.ams.gmams.cl\CL_MLP_PAO\El_Mauro_Puerto_Punta_Chungo_Drone\26_01_07\CL_MLP_PAO_IF_Ortho_26_01_07_TORRE_E48_A_E84_PV4.tif
849,6533,\\amssclgis10.ams.gmams.cl\CL_MLP_PAO\El_Mauro_Drone\26_03_29\CL_MLP_PAO_IF_Ortho_26_03_29_Acceso_a_pozos.tif
850,6534,\\amssclgis10.ams.gmams.cl\CL_MLP_PAO\El_Mauro_Drone\26_03_29\CL_MLP_PAO_IF_Ortho_26_03_29_EM4.tif
851,6637,\\amssclgis10.ams.gmams.cl\CL_MLP_PAO\El_Mauro_Drone\26_04\CL_MLP_PAO_IF_Ortho_26_04_02_EM4.tif
852,6638,\\amssclgis10.ams.gmams.cl\CL_MLP_PAO\El_Mauro_Drone\26_04\CL_MLP_PAO_IF_Ortho_26_04_02_Pozos_PRP.tif
853,6639,\\amssclgis10.ams.gmams.cl\CL_MLP_PAO\El_Mauro_Drone\26_04\CL_MLP_PAO_IF_Ortho_26_04_02_TORRES_E35_A_E48.tif
854,7396,\\amssclgis10.ams.gmams.cl\CL_MLP_PAO\El_Mauro_Puerto_Punta_Chungo_Drone\26_03_11\CL_MLP_PAO_IF_Ortho_26_03_11_TORRES_E48_A_E84_PV4.tif
855,7397,\\amssclgis10.ams.gmams.cl\CL_MLP_PAO\El_Mauro_Drone\26_03_08\CL_MLP_PAO_IF_Ortho_26_03_08_Subestacion-El-Mauro_A_E35.tif
856,8312,\\amssclgis10.ams.gmams.cl\CL_MLP_PAO\El_Mauro_Drone\26_03_06\CL_MLP_PAO_IF_Ortho_26_03_06_Plataforma_Integrada_El_Mauro.tif
857,8313,\\amssclgis10.ams.gmams.cl\CL_MLP_PAO\El_Mauro_Drone\26_03_13\CL_MLP_PAO_IF_Ortho_26_03_13_Plataforma_Integrada_El_Mauro.tif
858,8314,\\amssclgis10.ams.gmams.cl\CL_MLP_PAO\El_Mauro_Drone\26_03_19\CL_MLP_PAO_IF_Ortho_26_03_19_Plataforma_Integrada_El_Mauro.tif
859,8425,\\amssclgis10.ams.gmams.cl\CL_MLP_PAO\El_Mauro_Drone\26_03_26\CL_MLP_PAO_IF_Ortho_26_03_26_Plataforma_Integrada_El_Mauro.tif
860,8427,\\amssclgis10.ams.gmams.cl\CL_MLP_PAO\El_Mauro_Drone\26_04\CL_MLP_PAO_IF_Ortho_26_04_02_Plataforma_Integrada_El_Mauro.tif
861,8538,\\amssclgis10.ams.gmams.cl\CL_MLP_PAO\El_Mauro_Drone\26_04\CL_MLP_PAO_IF_Ortho_26_04_04_Estacion_Intermedia.tif
862,8541,\\amssclgis10.ams.gmams.cl\CL_MLP_PAO\El_Mauro_Drone\26_04\CL_MLP_PAO_IF_Ortho_26_04_05_Patio-19B-y-Armado.tif
863,8652,\\amssclgis10.ams.gmams.cl\CL_MLP_PAO\El_Mauro_Drone\26_04\CL_MLP_PAO_IF_Ortho_26_04_05_Subestacion-El-Mauro_A_E35.tif
864,8653,\\amssclgis10.ams.gmams.cl\CL_MLP_PAO\El_Mauro_Drone\26_04\CL_MLP_PAO_IF_Ortho_26_04_08_TORRES_E35_A_E48.tif
865,8655,\\amssclgis10.ams.gmams.cl\CL_MLP_PAO\El_Mauro_Drone\26_04\CL_MLP_PAO_IF_Ortho_26_04_09_Estacion_Intermedia.tif
866,8656,\\amssclgis10.ams.gmams.cl\CL_MLP_PAO\El_Mauro_Drone\26_04\CL_MLP_PAO_IF_Ortho_26_04_09_Plataforma_Integrada_El_Mauro.tif
867,8767,\\amssclgis10.ams.gmams.cl\CL_MLP_PAO\El_Mauro_Drone\26_04\CL_MLP_PAO_IF_Ortho_26_04_09_Subestacion-El-Mauro_A_E35.tif
868,8770,\\amssclgis10.ams.gmams.cl\CL_MLP_PAO\El_Mauro_Drone\26_04\CL_MLP_PAO_IF_Ortho_26_04_10_Patio-19B-y-Armado.tif
869,8883,\\amssclgis10.ams.gmams.cl\CL_MLP_PAO\El_Mauro_Drone\26_04\CL_MLP_PAO_IF_Ortho_26_04_13_EM4.tif
870,8996,\\amssclgis10.ams.gmams.cl\CL_MLP_PAO\El_Mauro_Puerto_Punta_Chungo_Drone\26_04\CL_MLP_PAO_IF_Ortho_26_04_10_TORRES_E48_A_E84_PV4.tif
871,8997,\\amssclgis10.ams.gmams.cl\CL_MLP_PAO\El_Mauro_Puerto_Punta_Chungo_Drone\26_04\CL_MLP_PAO_IF_Ortho_26_04_11_MonteAranda-NSTC-Km-84p2-a-82p3.tif
872,15587,\\amssclgis10.ams.gmams.cl\CL_MLP_PAO\El_Mauro_Drone\26_04\CL_MLP_PAO_IF_Ortho_26_04_30_TORRES_E35_A_E48.tif
873,16204,\\amssclgis10.ams.gmams.cl\CL_MLP_PAO\Chacay_El_Mauro_Drone\26_05\CL_MLP_PAO_IF_Ortho_26_05_02_EM2.tif
874,16206,\\amssclgis10.ams.gmams.cl\CL_MLP_PAO\El_Mauro_Drone\26_04\CL_MLP_PAO_IF_Ortho_26_04_30_EM4.tif
875,16379,\\amssclgis10.ams.gmams.cl\CL_MLP_PAO\El_Mauro_Drone\26_05\CL_MLP_PAO_IF_Ortho_26_05_08_EM4.tif
876,16380,\\amssclgis10.ams.gmams.cl\CL_MLP_PAO\El_Mauro_Drone\26_05\CL_MLP_PAO_IF_Ortho_26_05_01_Acceso_a_pozos.tif
877,16381,\\amssclgis10.ams.gmams.cl\CL_MLP_PAO\El_Mauro_Drone\26_05\CL_MLP_PAO_IF_Ortho_26_05_02_Subestacion-El-Mauro_A_E35.tif
878,16384,\\amssclgis10.ams.gmams.cl\CL_MLP_PAO\El_Mauro_Drone\26_05\CL_MLP_PAO_IF_Ortho_26_05_06_TORRES_E35_A_E48.tif
879,16385,\\amssclgis10.ams.gmams.cl\CL_MLP_PAO\El_Mauro_Drone\26_05\CL_MLP_PAO_IF_Ortho_26_05_07_Estacion_Intermedia.tif
880,16564,\\amssclgis10.ams.gmams.cl\CL_MLP_PAO\El_Mauro_Puerto_Punta_Chungo_Drone\26_05\CL_MLP_PAO_IF_Ortho_26_05_02_TORRES_E48_A_E84_PV4.tif
881,16565,\\amssclgis10.ams.gmams.cl\CL_MLP_PAO\El_Mauro_Puerto_Punta_Chungo_Drone\26_05\CL_MLP_PAO_IF_Ortho_26_05_03_MonteAranda-NSTC-Km-84p2-a-82p3.tif
882,16750,\\amssclgis10.ams.gmams.cl\CL_MLP_PAO\El_Mauro_Drone\26_05\CL_MLP_PAO_IF_Ortho_26_05_08_Subestacion-El-Mauro_A_E35.tif
883,18137,\\amssclgis10.ams.gmams.cl\CL_MLP_PAO\El_Mauro_Drone\26_01_14\CL_MLP_PAO_IF_Ortho_26_01_14_Linea-33-kV-NorteElMauro-Area1.tif
884,18141,\\amssclgis10.ams.gmams.cl\CL_MLP_PAO\El_Mauro_Drone\26_01_16\CL_MLP_PAO_IF_Ortho_26_01_16_Linea-33-kV-NorteElMauro-Area3.tif
885,18730,\\amssclgis10.ams.gmams.cl\CL_MLP_PAO\El_Mauro_Drone\26_03_08\CL_MLP_PAO_IF_Ortho_26_03_08_TORRES_E35_A_E48.tif
886,19308,\\amssclgis10.ams.gmams.cl\CL_MLP_PAO\El_Mauro_Drone\26_03_14\CL_MLP_PAO_IF_Ortho_26_03_14_Subestacion-El-Mauro_A_E35_.tif
887,19311,\\amssclgis10.ams.gmams.cl\CL_MLP_PAO\El_Mauro_Puerto_Punta_Chungo_Drone\26_03_27\CL_MLP_PAO_IF_Ortho_26_03_27_MonteAranda-NSTC-Km-84p2-a-82p3.tif
888,19312,\\amssclgis10.ams.gmams.cl\CL_MLP_PAO\Chacay_El_Mauro_Drone\26_03_28\CL_MLP_PAO_IF_Ortho_26_03_28_EM2.tif
889,19313,\\amssclgis10.ams.gmams.cl\CL_MLP_PAO\El_Mauro_Drone\26_03_29\CL_MLP_PAO_IF_Ortho_26_03_29_Subestacion-El-Mauro_A_E35_.tif
890,19315,\\amssclgis10.ams.gmams.cl\CL_MLP_PAO\El_Mauro_Puerto_Punta_Chungo_Drone\26_04\CL_MLP_PAO_IF_Ortho_26_04_02_TORRES_E48_A_E84_PV4.tif
891,15185,\\amssclgis10.ams.gmams.cl\CL_MLP_PAO\El_Mauro_Drone\26_04\CL_MLP_PAO_IF_Ortho_26_04_16_Acceso_a_pozos.tif
892,15170,\\amssclgis10.ams.gmams.cl\CL_MLP_PAO\Chacay_El_Mauro_Drone\26_04\CL_MLP_PAO_IF_Ortho_26_04_15_EM2.tif
893,15188,\\amssclgis10.ams.gmams.cl\CL_MLP_PAO\El_Mauro_Drone\26_04\CL_MLP_PAO_IF_Ortho_26_04_16_EM4.tif
894,15179,\\amssclgis10.ams.gmams.cl\CL_MLP_PAO\El_Mauro_Puerto_Punta_Chungo_Drone\26_04\CL_MLP_PAO_IF_Ortho_26_04_18_MonteAranda-NSTC-Km-84p2-a-82p3.tif
895,15198,\\amssclgis10.ams.gmams.cl\CL_MLP_PAO\El_Mauro_Drone\26_04\CL_MLP_PAO_IF_Ortho_26_04_23_TORRES_E35_A_E48.tif
896,15217,\\amssclgis10.ams.gmams.cl\CL_MLP_PAO\El_Mauro_Drone\26_04\CL_MLP_PAO_IF_Ortho_26_04_23_TORRES_E35_A_E48.tif
897,15199,\\amssclgis10.ams.gmams.cl\CL_MLP_PAO\El_Mauro_Drone\26_04\CL_MLP_PAO_IF_Ortho_26_04_24_Patio-19B-y-Armado.tif
898,15218,\\amssclgis10.ams.gmams.cl\CL_MLP_PAO\El_Mauro_Drone\26_04\CL_MLP_PAO_IF_Ortho_26_04_24_Patio-19B-y-Armado.tif
899,15196,\\amssclgis10.ams.gmams.cl\CL_MLP_PAO\El_Mauro_Drone\26_04\CL_MLP_PAO_IF_Ortho_26_04_22_Estacion_Intermedia.tif
900,15215,\\amssclgis10.ams.gmams.cl\CL_MLP_PAO\El_Mauro_Drone\26_04\CL_MLP_PAO_IF_Ortho_26_04_22_Estacion_Intermedia.tif
901,15184,\\amssclgis10.ams.gmams.cl\CL_MLP_PAO\El_Mauro_Drone\26_04\CL_MLP_PAO_IF_Ortho_26_04_15_TORRES_E35_A_E48.tif
902,15183,\\amssclgis10.ams.gmams.cl\CL_MLP_PAO\El_Mauro_Drone\26_04\CL_MLP_PAO_IF_Ortho_26_04_01_EBD.tif
903,15197,\\amssclgis10.ams.gmams.cl\CL_MLP_PAO\El_Mauro_Drone\26_04\CL_MLP_PAO_IF_Ortho_26_04_22_Subestacion-El-Mauro.tif
904,15216,\\amssclgis10.ams.gmams.cl\CL_MLP_PAO\El_Mauro_Drone\26_04\CL_MLP_PAO_IF_Ortho_26_04_22_Subestacion-El-Mauro.tif
905,15192,\\amssclgis10.ams.gmams.cl\CL_MLP_PAO\El_Mauro_Drone\26_04\CL_MLP_PAO_IF_Ortho_26_04_17_Subestacion-El-Mauro.tif
906,15211,\\amssclgis10.ams.gmams.cl\CL_MLP_PAO\El_Mauro_Drone\26_04\CL_MLP_PAO_IF_Ortho_26_04_17_Subestacion-El-Mauro.tif
907,15194,\\amssclgis10.ams.gmams.cl\CL_MLP_PAO\El_Mauro_Drone\26_04\CL_MLP_PAO_IF_Ortho_26_04_18_Patio-19B-y-Armado.tif
908,15213,\\amssclgis10.ams.gmams.cl\CL_MLP_PAO\El_Mauro_Drone\26_04\CL_MLP_PAO_IF_Ortho_26_04_18_Patio-19B-y-Armado.tif
909,15176,\\amssclgis10.ams.gmams.cl\CL_MLP_PAO\El_Mauro_Puerto_Punta_Chungo_Drone\26_04\CL_MLP_PAO_IF_Ortho_26_04_16_TORRES_E48_A_E84_PV4.tif
910,17634,\\amssclgis08.ams.gmams.cl\CL_MLP_PAO\01_Proyectos_ArcGIS\APRX\CL MLP PAO Aereo Image Server\SQLServer-amssclgis06_ArcGIS-Aereo.sde\OWD.AMD_CL_MLP_PAO_IF_Ortho_Geosupport_OVR\\Ov_i9A2_L03_R0000096C_C000007F6
911,17635,\\amssclgis08.ams.gmams.cl\CL_MLP_PAO\01_Proyectos_ArcGIS\APRX\CL MLP PAO Aereo Image Server\SQLServer-amssclgis06_ArcGIS-Aereo.sde\OWD.AMD_CL_MLP_PAO_IF_Ortho_Geosupport_OVR\\Ov_i9A2_L03_R0000096D_C000007F6
912,20670,C:\Users\amsgiseeap\AppData\Local\Temp\ArcGISProTemp12292\Untitled\SQLServer-amssclgis06_ArcGIS-Aereo.sde\OWD.AMD_CL_MLP_PAO_IF_Ortho_Geosupport_OVR\\Ov_i9A2_L04_R00000967_C000007E5
913,20672,C:\Users\amsgiseeap\AppData\Local\Temp\ArcGISProTemp12292\Untitled\SQLServer-amssclgis06_ArcGIS-Aereo.sde\OWD.AMD_CL_MLP_PAO_IF_Ortho_Geosupport_OVR\\Ov_i9A2_L04_R00000968_C000007E6
914,20673,C:\Users\amsgiseeap\AppData\Local\Temp\ArcGISProTemp12292\Untitled\SQLServer-amssclgis06_ArcGIS-Aereo.sde\OWD.AMD_CL_MLP_PAO_IF_Ortho_Geosupport_OVR\\Ov_i9A2_L04_R00000968_C000007E7
915,20678,C:\Users\amsgiseeap\AppData\Local\Temp\ArcGISProTemp12292\Untitled\SQLServer-amssclgis06_ArcGIS-Aereo.sde\OWD.AMD_CL_MLP_PAO_IF_Ortho_Geosupport_OVR\\Ov_i9A2_L04_R00000968_C000007E4
916,20682,C:\Users\amsgiseeap\AppData\Local\Temp\ArcGISProTemp12292\Untitled\SQLServer-amssclgis06_ArcGIS-Aereo.sde\OWD.AMD_CL_MLP_PAO_IF_Ortho_Geosupport_OVR\\Ov_i9A2_L04_R00000969_C000007E9
917,20683,C:\Users\amsgiseeap\AppData\Local\Temp\ArcGISProTemp12292\Untitled\SQLServer-amssclgis06_ArcGIS-Aereo.sde\OWD.AMD_CL_MLP_PAO_IF_Ortho_Geosupport_OVR\\Ov_i9A2_L04_R0000096A_C000007ED
918,20684,C:\Users\amsgiseeap\AppData\Local\Temp\ArcGISProTemp12292\Untitled\SQLServer-amssclgis06_ArcGIS-Aereo.sde\OWD.AMD_CL_MLP_PAO_IF_Ortho_Geosupport_OVR\\Ov_i9A2_L04_R0000096B_C000007EC
919,20685,C:\Users\amsgiseeap\AppData\Local\Temp\ArcGISProTemp12292\Untitled\SQLServer-amssclgis06_ArcGIS-Aereo.sde\OWD.AMD_CL_MLP_PAO_IF_Ortho_Geosupport_OVR\\Ov_i9A2_L04_R0000096B_C000007ED
920,20687,C:\Users\amsgiseeap\AppData\Local\Temp\ArcGISProTemp12292\Untitled\SQLServer-amssclgis06_ArcGIS-Aereo.sde\OWD.AMD_CL_MLP_PAO_IF_Ortho_Geosupport_OVR\\Ov_i9A2_L04_R0000096B_C000007F5
921,20688,C:\Users\amsgiseeap\AppData\Local\Temp\ArcGISProTemp12292\Untitled\SQLServer-amssclgis06_ArcGIS-Aereo.sde\OWD.AMD_CL_MLP_PAO_IF_Ortho_Geosupport_OVR\\Ov_i9A2_L04_R0000096C_C000007F6
922,20689,C:\Users\amsgiseeap\AppData\Local\Temp\ArcGISProTemp12292\Untitled\SQLServer-amssclgis06_ArcGIS-Aereo.sde\OWD.AMD_CL_MLP_PAO_IF_Ortho_Geosupport_OVR\\Ov_i9A2_L04_R0000096D_C000007F6
923,20695,C:\Users\amsgiseeap\AppData\Local\Temp\ArcGISProTemp12292\Untitled\SQLServer-amssclgis06_ArcGIS-Aereo.sde\OWD.AMD_CL_MLP_PAO_IF_Ortho_Geosupport_OVR\\Ov_i9A2_L04_R00000966_C000007E8
924,20698,C:\Users\amsgiseeap\AppData\Local\Temp\ArcGISProTemp12292\Untitled\SQLServer-amssclgis06_ArcGIS-Aereo.sde\OWD.AMD_CL_MLP_PAO_IF_Ortho_Geosupport_OVR\\Ov_i9A2_L04_R0000096A_C000007EE
925,20699,C:\Users\amsgiseeap\AppData\Local\Temp\ArcGISProTemp12292\Untitled\SQLServer-amssclgis06_ArcGIS-Aereo.sde\OWD.AMD_CL_MLP_PAO_IF_Ortho_Geosupport_OVR\\Ov_i9A2_L04_R0000096A_C000007EF
926,17701,\\amssclgis08.ams.gmams.cl\CL_MLP_PAO\01_Proyectos_ArcGIS\APRX\CL MLP PAO Aereo Image Server\SQLServer-amssclgis06_ArcGIS-Aereo.sde\OWD.AMD_CL_MLP_PAO_IF_Ortho_Geosupport_OVR\\Ov_i9A2_L04_R00000324_C000002A7
