file_name,stem,extension,path,relative_path,size_mb,modified_at,match_key,exists_in_mosaic
DJI_20260529101422_0002_V.JPG,DJI_20260529101422_0002_V,.jpg,\\amssclgis10.ams.gmams.cl\CL_MLP_PAO\Vuelos_Drone_Sin_Procesar\INPUT\20260206_Geosupport_primera entrega\SOLO_JPG_02Jun26\GEOSP-BTRAN-000001\FOTOS +VIDEO ESTACION DE VALVULAS N°1 (prioridad 14)\DJI_20260529101422_0002_V.JPG,SOLO_JPG_02Jun26\GEOSP-BTRAN-000001\FOTOS +VIDEO ESTACION DE VALVULAS N°1 (prioridad 14)\DJI_20260529101422_0002_V.JPG,0.959,2026-06-11 10:59:23,\\amssclgis10.ams.gmams.cl\cl_mlp_pao\vuelos_drone_sin_procesar\input\20260206_geosupport_primera entrega\solo_jpg_02jun26\geosp-btran-000001\fotos +video estacion de valvulas n°1 (prioridad 14)\dji_20260529101422_0002_v.jpg,False
DJI_20260529101441_0004_V.JPG,DJI_20260529101441_0004_V,.jpg,\\amssclgis10.ams.gmams.cl\CL_MLP_PAO\Vuelos_Drone_Sin_Procesar\INPUT\20260206_Geosupport_primera entrega\SOLO_JPG_02Jun26\GEOSP-BTRAN-000001\FOTOS +VIDEO ESTACION DE VALVULAS N°1 (prioridad 14)\DJI_20260529101441_0004_V.JPG,SOLO_JPG_02Jun26\GEOSP-BTRAN-000001\FOTOS +VIDEO ESTACION DE VALVULAS N°1 (prioridad 14)\DJI_20260529101441_0004_V.JPG,0.956,2026-06-11 10:59:23,\\amssclgis10.ams.gmams.cl\cl_mlp_pao\vuelos_drone_sin_procesar\input\20260206_geosupport_primera entrega\solo_jpg_02jun26\geosp-btran-000001\fotos +video estacion de valvulas n°1 (prioridad 14)\dji_20260529101441_0004_v.jpg,False
DJI_20260529101449_0005_V.JPG,DJI_20260529101449_0005_V,.jpg,\\amssclgis10.ams.gmams.cl\CL_MLP_PAO\Vuelos_Drone_Sin_Procesar\INPUT\20260206_Geosupport_primera entrega\SOLO_JPG_02Jun26\GEOSP-BTRAN-000001\FOTOS +VIDEO ESTACION DE VALVULAS N°1 (prioridad 14)\DJI_20260529101449_0005_V.JPG,SOLO_JPG_02Jun26\GEOSP-BTRAN-000001\FOTOS +VIDEO ESTACION DE VALVULAS N°1 (prioridad 14)\DJI_20260529101449_0005_V.JPG,1.017,2026-06-11 10:59:23,\\amssclgis10.ams.gmams.cl\cl_mlp_pao\vuelos_drone_sin_procesar\input\20260206_geosupport_primera entrega\solo_jpg_02jun26\geosp-btran-000001\fotos +video estacion de valvulas n°1 (prioridad 14)\dji_20260529101449_0005_v.jpg,False
DJI_20260529101506_0006_V.JPG,DJI_20260529101506_0006_V,.jpg,\\amssclgis10.ams.gmams.cl\CL_MLP_PAO\Vuelos_Drone_Sin_Procesar\INPUT\20260206_Geosupport_primera entrega\SOLO_JPG_02Jun26\GEOSP-BTRAN-000001\FOTOS +VIDEO ESTACION DE VALVULAS N°1 (prioridad 14)\DJI_20260529101506_0006_V.JPG,SOLO_JPG_02Jun26\GEOSP-BTRAN-000001\FOTOS +VIDEO ESTACION DE VALVULAS N°1 (prioridad 14)\DJI_20260529101506_0006_V.JPG,0.933,2026-06-11 10:59:23,\\amssclgis10.ams.gmams.cl\cl_mlp_pao\vuelos_drone_sin_procesar\input\20260206_geosupport_primera entrega\solo_jpg_02jun26\geosp-btran-000001\fotos +video estacion de valvulas n°1 (prioridad 14)\dji_20260529101506_0006_v.jpg,False
DJI_20260529101533_0007_V.JPG,DJI_20260529101533_0007_V,.jpg,\\amssclgis10.ams.gmams.cl\CL_MLP_PAO\Vuelos_Drone_Sin_Procesar\INPUT\20260206_Geosupport_primera entrega\SOLO_JPG_02Jun26\GEOSP-BTRAN-000001\FOTOS +VIDEO ESTACION DE VALVULAS N°1 (prioridad 14)\DJI_20260529101533_0007_V.JPG,SOLO_JPG_02Jun26\GEOSP-BTRAN-000001\FOTOS +VIDEO ESTACION DE VALVULAS N°1 (prioridad 14)\DJI_20260529101533_0007_V.JPG,0.985,2026-06-11 10:59:23,\\amssclgis10.ams.gmams.cl\cl_mlp_pao\vuelos_drone_sin_procesar\input\20260206_geosupport_primera entrega\solo_jpg_02jun26\geosp-btran-000001\fotos +video estacion de valvulas n°1 (prioridad 14)\dji_20260529101533_0007_v.jpg,False
DJI_20260529101603_0008_V.JPG,DJI_20260529101603_0008_V,.jpg,\\amssclgis10.ams.gmams.cl\CL_MLP_PAO\Vuelos_Drone_Sin_Procesar\INPUT\20260206_Geosupport_primera entrega\SOLO_JPG_02Jun26\GEOSP-BTRAN-000001\FOTOS +VIDEO ESTACION DE VALVULAS N°1 (prioridad 14)\DJI_20260529101603_0008_V.JPG,SOLO_JPG_02Jun26\GEOSP-BTRAN-000001\FOTOS +VIDEO ESTACION DE VALVULAS N°1 (prioridad 14)\DJI_20260529101603_0008_V.JPG,1.17,2026-06-11 10:59:23,\\amssclgis10.ams.gmams.cl\cl_mlp_pao\vuelos_drone_sin_procesar\input\20260206_geosupport_primera entrega\solo_jpg_02jun26\geosp-btran-000001\fotos +video estacion de valvulas n°1 (prioridad 14)\dji_20260529101603_0008_v.jpg,False
DJI_20250820094414_0002_V.JPG,DJI_20250820094414_0002_V,.jpg,\\amssclgis10.ams.gmams.cl\CL_MLP_PAO\Vuelos_Drone_Sin_Procesar\INPUT\20260206_Geosupport_primera entrega\SOLO_JPG_02Jun26\GEOSP-TRN-000901\DJI_20250820094414_0002_V.JPG,SOLO_JPG_02Jun26\GEOSP-TRN-000901\DJI_20250820094414_0002_V.JPG,1.157,2026-06-11 10:59:24,\\amssclgis10.ams.gmams.cl\cl_mlp_pao\vuelos_drone_sin_procesar\input\20260206_geosupport_primera entrega\solo_jpg_02jun26\geosp-trn-000901\dji_20250820094414_0002_v.jpg,False
DJI_20250820094426_0004_V.JPG,DJI_20250820094426_0004_V,.jpg,\\amssclgis10.ams.gmams.cl\CL_MLP_PAO\Vuelos_Drone_Sin_Procesar\INPUT\20260206_Geosupport_primera entrega\SOLO_JPG_02Jun26\GEOSP-TRN-000901\DJI_20250820094426_0004_V.JPG,SOLO_JPG_02Jun26\GEOSP-TRN-000901\DJI_20250820094426_0004_V.JPG,1.183,2026-06-11 10:59:24,\\amssclgis10.ams.gmams.cl\cl_mlp_pao\vuelos_drone_sin_procesar\input\20260206_geosupport_primera entrega\solo_jpg_02jun26\geosp-trn-000901\dji_20250820094426_0004_v.jpg,False
DJI_20250820094432_0005_V.JPG,DJI_20250820094432_0005_V,.jpg,\\amssclgis10.ams.gmams.cl\CL_MLP_PAO\Vuelos_Drone_Sin_Procesar\INPUT\20260206_Geosupport_primera entrega\SOLO_JPG_02Jun26\GEOSP-TRN-000901\DJI_20250820094432_0005_V.JPG,SOLO_JPG_02Jun26\GEOSP-TRN-000901\DJI_20250820094432_0005_V.JPG,1.215,2026-06-11 10:59:24,\\amssclgis10.ams.gmams.cl\cl_mlp_pao\vuelos_drone_sin_procesar\input\20260206_geosupport_primera entrega\solo_jpg_02jun26\geosp-trn-000901\dji_20250820094432_0005_v.jpg,False
DJI_20250820094437_0006_V.JPG,DJI_20250820094437_0006_V,.jpg,\\amssclgis10.ams.gmams.cl\CL_MLP_PAO\Vuelos_Drone_Sin_Procesar\INPUT\20260206_Geosupport_primera entrega\SOLO_JPG_02Jun26\GEOSP-TRN-000901\DJI_20250820094437_0006_V.JPG,SOLO_JPG_02Jun26\GEOSP-TRN-000901\DJI_20250820094437_0006_V.JPG,1.188,2026-06-11 10:59:25,\\amssclgis10.ams.gmams.cl\cl_mlp_pao\vuelos_drone_sin_procesar\input\20260206_geosupport_primera entrega\solo_jpg_02jun26\geosp-trn-000901\dji_20250820094437_0006_v.jpg,False
DJI_20250820094443_0007_V.JPG,DJI_20250820094443_0007_V,.jpg,\\amssclgis10.ams.gmams.cl\CL_MLP_PAO\Vuelos_Drone_Sin_Procesar\INPUT\20260206_Geosupport_primera entrega\SOLO_JPG_02Jun26\GEOSP-TRN-000901\DJI_20250820094443_0007_V.JPG,SOLO_JPG_02Jun26\GEOSP-TRN-000901\DJI_20250820094443_0007_V.JPG,1.226,2026-06-11 10:59:25,\\amssclgis10.ams.gmams.cl\cl_mlp_pao\vuelos_drone_sin_procesar\input\20260206_geosupport_primera entrega\solo_jpg_02jun26\geosp-trn-000901\dji_20250820094443_0007_v.jpg,False
DJI_20250820094445_0008_V.JPG,DJI_20250820094445_0008_V,.jpg,\\amssclgis10.ams.gmams.cl\CL_MLP_PAO\Vuelos_Drone_Sin_Procesar\INPUT\20260206_Geosupport_primera entrega\SOLO_JPG_02Jun26\GEOSP-TRN-000901\DJI_20250820094445_0008_V.JPG,SOLO_JPG_02Jun26\GEOSP-TRN-000901\DJI_20250820094445_0008_V.JPG,1.217,2026-06-11 10:59:25,\\amssclgis10.ams.gmams.cl\cl_mlp_pao\vuelos_drone_sin_procesar\input\20260206_geosupport_primera entrega\solo_jpg_02jun26\geosp-trn-000901\dji_20250820094445_0008_v.jpg,False
DJI_20250820094447_0009_V.JPG,DJI_20250820094447_0009_V,.jpg,\\amssclgis10.ams.gmams.cl\CL_MLP_PAO\Vuelos_Drone_Sin_Procesar\INPUT\20260206_Geosupport_primera entrega\SOLO_JPG_02Jun26\GEOSP-TRN-000901\DJI_20250820094447_0009_V.JPG,SOLO_JPG_02Jun26\GEOSP-TRN-000901\DJI_20250820094447_0009_V.JPG,1.22,2026-06-11 10:59:25,\\amssclgis10.ams.gmams.cl\cl_mlp_pao\vuelos_drone_sin_procesar\input\20260206_geosupport_primera entrega\solo_jpg_02jun26\geosp-trn-000901\dji_20250820094447_0009_v.jpg,False
DJI_20250820094449_0010_V.JPG,DJI_20250820094449_0010_V,.jpg,\\amssclgis10.ams.gmams.cl\CL_MLP_PAO\Vuelos_Drone_Sin_Procesar\INPUT\20260206_Geosupport_primera entrega\SOLO_JPG_02Jun26\GEOSP-TRN-000901\DJI_20250820094449_0010_V.JPG,SOLO_JPG_02Jun26\GEOSP-TRN-000901\DJI_20250820094449_0010_V.JPG,1.229,2026-06-11 10:59:26,\\amssclgis10.ams.gmams.cl\cl_mlp_pao\vuelos_drone_sin_procesar\input\20260206_geosupport_primera entrega\solo_jpg_02jun26\geosp-trn-000901\dji_20250820094449_0010_v.jpg,False
DJI_20250820094451_0011_V.JPG,DJI_20250820094451_0011_V,.jpg,\\amssclgis10.ams.gmams.cl\CL_MLP_PAO\Vuelos_Drone_Sin_Procesar\INPUT\20260206_Geosupport_primera entrega\SOLO_JPG_02Jun26\GEOSP-TRN-000901\DJI_20250820094451_0011_V.JPG,SOLO_JPG_02Jun26\GEOSP-TRN-000901\DJI_20250820094451_0011_V.JPG,1.241,2026-06-11 10:59:26,\\amssclgis10.ams.gmams.cl\cl_mlp_pao\vuelos_drone_sin_procesar\input\20260206_geosupport_primera entrega\solo_jpg_02jun26\geosp-trn-000901\dji_20250820094451_0011_v.jpg,False
DJI_20250820094454_0012_V.JPG,DJI_20250820094454_0012_V,.jpg,\\amssclgis10.ams.gmams.cl\CL_MLP_PAO\Vuelos_Drone_Sin_Procesar\INPUT\20260206_Geosupport_primera entrega\SOLO_JPG_02Jun26\GEOSP-TRN-000901\DJI_20250820094454_0012_V.JPG,SOLO_JPG_02Jun26\GEOSP-TRN-000901\DJI_20250820094454_0012_V.JPG,1.23,2026-06-11 10:59:26,\\amssclgis10.ams.gmams.cl\cl_mlp_pao\vuelos_drone_sin_procesar\input\20260206_geosupport_primera entrega\solo_jpg_02jun26\geosp-trn-000901\dji_20250820094454_0012_v.jpg,False
DJI_20250820094456_0013_V.JPG,DJI_20250820094456_0013_V,.jpg,\\amssclgis10.ams.gmams.cl\CL_MLP_PAO\Vuelos_Drone_Sin_Procesar\INPUT\20260206_Geosupport_primera entrega\SOLO_JPG_02Jun26\GEOSP-TRN-000901\DJI_20250820094456_0013_V.JPG,SOLO_JPG_02Jun26\GEOSP-TRN-000901\DJI_20250820094456_0013_V.JPG,1.242,2026-06-11 10:59:26,\\amssclgis10.ams.gmams.cl\cl_mlp_pao\vuelos_drone_sin_procesar\input\20260206_geosupport_primera entrega\solo_jpg_02jun26\geosp-trn-000901\dji_20250820094456_0013_v.jpg,False
DJI_20250820094500_0014_V.JPG,DJI_20250820094500_0014_V,.jpg,\\amssclgis10.ams.gmams.cl\CL_MLP_PAO\Vuelos_Drone_Sin_Procesar\INPUT\20260206_Geosupport_primera entrega\SOLO_JPG_02Jun26\GEOSP-TRN-000901\DJI_20250820094500_0014_V.JPG,SOLO_JPG_02Jun26\GEOSP-TRN-000901\DJI_20250820094500_0014_V.JPG,1.241,2026-06-11 10:59:27,\\amssclgis10.ams.gmams.cl\cl_mlp_pao\vuelos_drone_sin_procesar\input\20260206_geosupport_primera entrega\solo_jpg_02jun26\geosp-trn-000901\dji_20250820094500_0014_v.jpg,False
DJI_20250820094504_0015_V.JPG,DJI_20250820094504_0015_V,.jpg,\\amssclgis10.ams.gmams.cl\CL_MLP_PAO\Vuelos_Drone_Sin_Procesar\INPUT\20260206_Geosupport_primera entrega\SOLO_JPG_02Jun26\GEOSP-TRN-000901\DJI_20250820094504_0015_V.JPG,SOLO_JPG_02Jun26\GEOSP-TRN-000901\DJI_20250820094504_0015_V.JPG,1.224,2026-06-11 10:59:27,\\amssclgis10.ams.gmams.cl\cl_mlp_pao\vuelos_drone_sin_procesar\input\20260206_geosupport_primera entrega\solo_jpg_02jun26\geosp-trn-000901\dji_20250820094504_0015_v.jpg,False
DJI_20250820094507_0016_V.JPG,DJI_20250820094507_0016_V,.jpg,\\amssclgis10.ams.gmams.cl\CL_MLP_PAO\Vuelos_Drone_Sin_Procesar\INPUT\20260206_Geosupport_primera entrega\SOLO_JPG_02Jun26\GEOSP-TRN-000901\DJI_20250820094507_0016_V.JPG,SOLO_JPG_02Jun26\GEOSP-TRN-000901\DJI_20250820094507_0016_V.JPG,1.183,2026-06-11 10:59:27,\\amssclgis10.ams.gmams.cl\cl_mlp_pao\vuelos_drone_sin_procesar\input\20260206_geosupport_primera entrega\solo_jpg_02jun26\geosp-trn-000901\dji_20250820094507_0016_v.jpg,False
DJI_20250820094511_0017_V.JPG,DJI_20250820094511_0017_V,.jpg,\\amssclgis10.ams.gmams.cl\CL_MLP_PAO\Vuelos_Drone_Sin_Procesar\INPUT\20260206_Geosupport_primera entrega\SOLO_JPG_02Jun26\GEOSP-TRN-000901\DJI_20250820094511_0017_V.JPG,SOLO_JPG_02Jun26\GEOSP-TRN-000901\DJI_20250820094511_0017_V.JPG,1.189,2026-06-11 10:59:28,\\amssclgis10.ams.gmams.cl\cl_mlp_pao\vuelos_drone_sin_procesar\input\20260206_geosupport_primera entrega\solo_jpg_02jun26\geosp-trn-000901\dji_20250820094511_0017_v.jpg,False
DJI_20250820094514_0018_V.JPG,DJI_20250820094514_0018_V,.jpg,\\amssclgis10.ams.gmams.cl\CL_MLP_PAO\Vuelos_Drone_Sin_Procesar\INPUT\20260206_Geosupport_primera entrega\SOLO_JPG_02Jun26\GEOSP-TRN-000901\DJI_20250820094514_0018_V.JPG,SOLO_JPG_02Jun26\GEOSP-TRN-000901\DJI_20250820094514_0018_V.JPG,1.185,2026-06-11 10:59:28,\\amssclgis10.ams.gmams.cl\cl_mlp_pao\vuelos_drone_sin_procesar\input\20260206_geosupport_primera entrega\solo_jpg_02jun26\geosp-trn-000901\dji_20250820094514_0018_v.jpg,False
DJI_20250820094517_0019_V.JPG,DJI_20250820094517_0019_V,.jpg,\\amssclgis10.ams.gmams.cl\CL_MLP_PAO\Vuelos_Drone_Sin_Procesar\INPUT\20260206_Geosupport_primera entrega\SOLO_JPG_02Jun26\GEOSP-TRN-000901\DJI_20250820094517_0019_V.JPG,SOLO_JPG_02Jun26\GEOSP-TRN-000901\DJI_20250820094517_0019_V.JPG,1.174,2026-06-11 10:59:28,\\amssclgis10.ams.gmams.cl\cl_mlp_pao\vuelos_drone_sin_procesar\input\20260206_geosupport_primera entrega\solo_jpg_02jun26\geosp-trn-000901\dji_20250820094517_0019_v.jpg,False
DJI_20250820094521_0020_V.JPG,DJI_20250820094521_0020_V,.jpg,\\amssclgis10.ams.gmams.cl\CL_MLP_PAO\Vuelos_Drone_Sin_Procesar\INPUT\20260206_Geosupport_primera entrega\SOLO_JPG_02Jun26\GEOSP-TRN-000901\DJI_20250820094521_0020_V.JPG,SOLO_JPG_02Jun26\GEOSP-TRN-000901\DJI_20250820094521_0020_V.JPG,1.133,2026-06-11 10:59:28,\\amssclgis10.ams.gmams.cl\cl_mlp_pao\vuelos_drone_sin_procesar\input\20260206_geosupport_primera entrega\solo_jpg_02jun26\geosp-trn-000901\dji_20250820094521_0020_v.jpg,False
DJI_20250820094523_0021_V.JPG,DJI_20250820094523_0021_V,.jpg,\\amssclgis10.ams.gmams.cl\CL_MLP_PAO\Vuelos_Drone_Sin_Procesar\INPUT\20260206_Geosupport_primera entrega\SOLO_JPG_02Jun26\GEOSP-TRN-000901\DJI_20250820094523_0021_V.JPG,SOLO_JPG_02Jun26\GEOSP-TRN-000901\DJI_20250820094523_0021_V.JPG,1.127,2026-06-11 10:59:29,\\amssclgis10.ams.gmams.cl\cl_mlp_pao\vuelos_drone_sin_procesar\input\20260206_geosupport_primera entrega\solo_jpg_02jun26\geosp-trn-000901\dji_20250820094523_0021_v.jpg,False
DJI_20250820094528_0022_V.JPG,DJI_20250820094528_0022_V,.jpg,\\amssclgis10.ams.gmams.cl\CL_MLP_PAO\Vuelos_Drone_Sin_Procesar\INPUT\20260206_Geosupport_primera entrega\SOLO_JPG_02Jun26\GEOSP-TRN-000901\DJI_20250820094528_0022_V.JPG,SOLO_JPG_02Jun26\GEOSP-TRN-000901\DJI_20250820094528_0022_V.JPG,1.116,2026-06-11 10:59:29,\\amssclgis10.ams.gmams.cl\cl_mlp_pao\vuelos_drone_sin_procesar\input\20260206_geosupport_primera entrega\solo_jpg_02jun26\geosp-trn-000901\dji_20250820094528_0022_v.jpg,False
DJI_20250820094539_0023_V.JPG,DJI_20250820094539_0023_V,.jpg,\\amssclgis10.ams.gmams.cl\CL_MLP_PAO\Vuelos_Drone_Sin_Procesar\INPUT\20260206_Geosupport_primera entrega\SOLO_JPG_02Jun26\GEOSP-TRN-000901\DJI_20250820094539_0023_V.JPG,SOLO_JPG_02Jun26\GEOSP-TRN-000901\DJI_20250820094539_0023_V.JPG,1.151,2026-06-11 10:59:29,\\amssclgis10.ams.gmams.cl\cl_mlp_pao\vuelos_drone_sin_procesar\input\20260206_geosupport_primera entrega\solo_jpg_02jun26\geosp-trn-000901\dji_20250820094539_0023_v.jpg,False
DJI_20250829133156_0042_V.JPG,DJI_20250829133156_0042_V,.jpg,\\amssclgis10.ams.gmams.cl\CL_MLP_PAO\Vuelos_Drone_Sin_Procesar\INPUT\20260206_Geosupport_primera entrega\SOLO_JPG_02Jun26\GEOSP-TRN-000943\GS_FOTOS_EB2\DJI_20250829133156_0042_V.JPG,SOLO_JPG_02Jun26\GEOSP-TRN-000943\GS_FOTOS_EB2\DJI_20250829133156_0042_V.JPG,1.15,2026-06-11 10:59:29,\\amssclgis10.ams.gmams.cl\cl_mlp_pao\vuelos_drone_sin_procesar\input\20260206_geosupport_primera entrega\solo_jpg_02jun26\geosp-trn-000943\gs_fotos_eb2\dji_20250829133156_0042_v.jpg,False
DJI_20250829133221_0075_V.JPG,DJI_20250829133221_0075_V,.jpg,\\amssclgis10.ams.gmams.cl\CL_MLP_PAO\Vuelos_Drone_Sin_Procesar\INPUT\20260206_Geosupport_primera entrega\SOLO_JPG_02Jun26\GEOSP-TRN-000943\GS_FOTOS_EB2\DJI_20250829133221_0075_V.JPG,SOLO_JPG_02Jun26\GEOSP-TRN-000943\GS_FOTOS_EB2\DJI_20250829133221_0075_V.JPG,1.06,2026-06-11 10:59:30,\\amssclgis10.ams.gmams.cl\cl_mlp_pao\vuelos_drone_sin_procesar\input\20260206_geosupport_primera entrega\solo_jpg_02jun26\geosp-trn-000943\gs_fotos_eb2\dji_20250829133221_0075_v.jpg,False
DJI_20250829133234_0092_V.JPG,DJI_20250829133234_0092_V,.jpg,\\amssclgis10.ams.gmams.cl\CL_MLP_PAO\Vuelos_Drone_Sin_Procesar\INPUT\20260206_Geosupport_primera entrega\SOLO_JPG_02Jun26\GEOSP-TRN-000943\GS_FOTOS_EB2\DJI_20250829133234_0092_V.JPG,SOLO_JPG_02Jun26\GEOSP-TRN-000943\GS_FOTOS_EB2\DJI_20250829133234_0092_V.JPG,1.036,2026-06-11 10:59:30,\\amssclgis10.ams.gmams.cl\cl_mlp_pao\vuelos_drone_sin_procesar\input\20260206_geosupport_primera entrega\solo_jpg_02jun26\geosp-trn-000943\gs_fotos_eb2\dji_20250829133234_0092_v.jpg,False
DJI_20250829140945_0001_V.JPG,DJI_20250829140945_0001_V,.jpg,\\amssclgis10.ams.gmams.cl\CL_MLP_PAO\Vuelos_Drone_Sin_Procesar\INPUT\20260206_Geosupport_primera entrega\SOLO_JPG_02Jun26\GEOSP-TRN-000943\GS_FOTOS_EB2\DJI_20250829140945_0001_V.JPG,SOLO_JPG_02Jun26\GEOSP-TRN-000943\GS_FOTOS_EB2\DJI_20250829140945_0001_V.JPG,1.011,2026-06-11 10:59:30,\\amssclgis10.ams.gmams.cl\cl_mlp_pao\vuelos_drone_sin_procesar\input\20260206_geosupport_primera entrega\solo_jpg_02jun26\geosp-trn-000943\gs_fotos_eb2\dji_20250829140945_0001_v.jpg,False
DJI_20250829141002_0003_V.JPG,DJI_20250829141002_0003_V,.jpg,\\amssclgis10.ams.gmams.cl\CL_MLP_PAO\Vuelos_Drone_Sin_Procesar\INPUT\20260206_Geosupport_primera entrega\SOLO_JPG_02Jun26\GEOSP-TRN-000943\GS_FOTOS_EB2\DJI_20250829141002_0003_V.JPG,SOLO_JPG_02Jun26\GEOSP-TRN-000943\GS_FOTOS_EB2\DJI_20250829141002_0003_V.JPG,1.054,2026-06-11 10:59:31,\\amssclgis10.ams.gmams.cl\cl_mlp_pao\vuelos_drone_sin_procesar\input\20260206_geosupport_primera entrega\solo_jpg_02jun26\geosp-trn-000943\gs_fotos_eb2\dji_20250829141002_0003_v.jpg,False
DJI_20250829141035_0004_V.JPG,DJI_20250829141035_0004_V,.jpg,\\amssclgis10.ams.gmams.cl\CL_MLP_PAO\Vuelos_Drone_Sin_Procesar\INPUT\20260206_Geosupport_primera entrega\SOLO_JPG_02Jun26\GEOSP-TRN-000943\GS_FOTOS_EB2\DJI_20250829141035_0004_V.JPG,SOLO_JPG_02Jun26\GEOSP-TRN-000943\GS_FOTOS_EB2\DJI_20250829141035_0004_V.JPG,1.033,2026-06-11 10:59:31,\\amssclgis10.ams.gmams.cl\cl_mlp_pao\vuelos_drone_sin_procesar\input\20260206_geosupport_primera entrega\solo_jpg_02jun26\geosp-trn-000943\gs_fotos_eb2\dji_20250829141035_0004_v.jpg,False
DJI_20250829141052_0005_V.JPG,DJI_20250829141052_0005_V,.jpg,\\amssclgis10.ams.gmams.cl\CL_MLP_PAO\Vuelos_Drone_Sin_Procesar\INPUT\20260206_Geosupport_primera entrega\SOLO_JPG_02Jun26\GEOSP-TRN-000943\GS_FOTOS_EB2\DJI_20250829141052_0005_V.JPG,SOLO_JPG_02Jun26\GEOSP-TRN-000943\GS_FOTOS_EB2\DJI_20250829141052_0005_V.JPG,1.052,2026-06-11 10:59:31,\\amssclgis10.ams.gmams.cl\cl_mlp_pao\vuelos_drone_sin_procesar\input\20260206_geosupport_primera entrega\solo_jpg_02jun26\geosp-trn-000943\gs_fotos_eb2\dji_20250829141052_0005_v.jpg,False
DJI_20250904100430_0011_V.JPG,DJI_20250904100430_0011_V,.jpg,\\amssclgis10.ams.gmams.cl\CL_MLP_PAO\Vuelos_Drone_Sin_Procesar\INPUT\20260206_Geosupport_primera entrega\SOLO_JPG_02Jun26\GEOSP-TRN-000974\GS_AFD_04-09-2025 ESTACION DE BOMBEO N°2\DJI_20250904100430_0011_V.JPG,SOLO_JPG_02Jun26\GEOSP-TRN-000974\GS_AFD_04-09-2025 ESTACION DE BOMBEO N°2\DJI_20250904100430_0011_V.JPG,1.188,2026-06-11 10:59:31,\\amssclgis10.ams.gmams.cl\cl_mlp_pao\vuelos_drone_sin_procesar\input\20260206_geosupport_primera entrega\solo_jpg_02jun26\geosp-trn-000974\gs_afd_04-09-2025 estacion de bombeo n°2\dji_20250904100430_0011_v.jpg,False
DJI_20250904100452_0012_V.JPG,DJI_20250904100452_0012_V,.jpg,\\amssclgis10.ams.gmams.cl\CL_MLP_PAO\Vuelos_Drone_Sin_Procesar\INPUT\20260206_Geosupport_primera entrega\SOLO_JPG_02Jun26\GEOSP-TRN-000974\GS_AFD_04-09-2025 ESTACION DE BOMBEO N°2\DJI_20250904100452_0012_V.JPG,SOLO_JPG_02Jun26\GEOSP-TRN-000974\GS_AFD_04-09-2025 ESTACION DE BOMBEO N°2\DJI_20250904100452_0012_V.JPG,1.259,2026-06-11 10:59:32,\\amssclgis10.ams.gmams.cl\cl_mlp_pao\vuelos_drone_sin_procesar\input\20260206_geosupport_primera entrega\solo_jpg_02jun26\geosp-trn-000974\gs_afd_04-09-2025 estacion de bombeo n°2\dji_20250904100452_0012_v.jpg,False
DJI_20250904100512_0013_V.JPG,DJI_20250904100512_0013_V,.jpg,\\amssclgis10.ams.gmams.cl\CL_MLP_PAO\Vuelos_Drone_Sin_Procesar\INPUT\20260206_Geosupport_primera entrega\SOLO_JPG_02Jun26\GEOSP-TRN-000974\GS_AFD_04-09-2025 ESTACION DE BOMBEO N°2\DJI_20250904100512_0013_V.JPG,SOLO_JPG_02Jun26\GEOSP-TRN-000974\GS_AFD_04-09-2025 ESTACION DE BOMBEO N°2\DJI_20250904100512_0013_V.JPG,1.118,2026-06-11 10:59:32,\\amssclgis10.ams.gmams.cl\cl_mlp_pao\vuelos_drone_sin_procesar\input\20260206_geosupport_primera entrega\solo_jpg_02jun26\geosp-trn-000974\gs_afd_04-09-2025 estacion de bombeo n°2\dji_20250904100512_0013_v.jpg,False
DJI_20250904100527_0014_V.JPG,DJI_20250904100527_0014_V,.jpg,\\amssclgis10.ams.gmams.cl\CL_MLP_PAO\Vuelos_Drone_Sin_Procesar\INPUT\20260206_Geosupport_primera entrega\SOLO_JPG_02Jun26\GEOSP-TRN-000974\GS_AFD_04-09-2025 ESTACION DE BOMBEO N°2\DJI_20250904100527_0014_V.JPG,SOLO_JPG_02Jun26\GEOSP-TRN-000974\GS_AFD_04-09-2025 ESTACION DE BOMBEO N°2\DJI_20250904100527_0014_V.JPG,1.086,2026-06-11 10:59:32,\\amssclgis10.ams.gmams.cl\cl_mlp_pao\vuelos_drone_sin_procesar\input\20260206_geosupport_primera entrega\solo_jpg_02jun26\geosp-trn-000974\gs_afd_04-09-2025 estacion de bombeo n°2\dji_20250904100527_0014_v.jpg,False
DJI_20250904100541_0015_V.JPG,DJI_20250904100541_0015_V,.jpg,\\amssclgis10.ams.gmams.cl\CL_MLP_PAO\Vuelos_Drone_Sin_Procesar\INPUT\20260206_Geosupport_primera entrega\SOLO_JPG_02Jun26\GEOSP-TRN-000974\GS_AFD_04-09-2025 ESTACION DE BOMBEO N°2\DJI_20250904100541_0015_V.JPG,SOLO_JPG_02Jun26\GEOSP-TRN-000974\GS_AFD_04-09-2025 ESTACION DE BOMBEO N°2\DJI_20250904100541_0015_V.JPG,1.08,2026-06-11 10:59:32,\\amssclgis10.ams.gmams.cl\cl_mlp_pao\vuelos_drone_sin_procesar\input\20260206_geosupport_primera entrega\solo_jpg_02jun26\geosp-trn-000974\gs_afd_04-09-2025 estacion de bombeo n°2\dji_20250904100541_0015_v.jpg,False
DJI_20250912134411_0001_V.JPG,DJI_20250912134411_0001_V,.jpg,\\amssclgis10.ams.gmams.cl\CL_MLP_PAO\Vuelos_Drone_Sin_Procesar\INPUT\20260206_Geosupport_primera entrega\SOLO_JPG_02Jun26\GEOSP-TRN-001009\GS_AFD_EB2\DJI_20250912134411_0001_V.JPG,SOLO_JPG_02Jun26\GEOSP-TRN-001009\GS_AFD_EB2\DJI_20250912134411_0001_V.JPG,1.125,2026-06-11 10:59:33,\\amssclgis10.ams.gmams.cl\cl_mlp_pao\vuelos_drone_sin_procesar\input\20260206_geosupport_primera entrega\solo_jpg_02jun26\geosp-trn-001009\gs_afd_eb2\dji_20250912134411_0001_v.jpg,False
DJI_20250912134428_0003_V.JPG,DJI_20250912134428_0003_V,.jpg,\\amssclgis10.ams.gmams.cl\CL_MLP_PAO\Vuelos_Drone_Sin_Procesar\INPUT\20260206_Geosupport_primera entrega\SOLO_JPG_02Jun26\GEOSP-TRN-001009\GS_AFD_EB2\DJI_20250912134428_0003_V.JPG,SOLO_JPG_02Jun26\GEOSP-TRN-001009\GS_AFD_EB2\DJI_20250912134428_0003_V.JPG,1.21,2026-06-11 10:59:33,\\amssclgis10.ams.gmams.cl\cl_mlp_pao\vuelos_drone_sin_procesar\input\20260206_geosupport_primera entrega\solo_jpg_02jun26\geosp-trn-001009\gs_afd_eb2\dji_20250912134428_0003_v.jpg,False
DJI_20250912134447_0004_V.JPG,DJI_20250912134447_0004_V,.jpg,\\amssclgis10.ams.gmams.cl\CL_MLP_PAO\Vuelos_Drone_Sin_Procesar\INPUT\20260206_Geosupport_primera entrega\SOLO_JPG_02Jun26\GEOSP-TRN-001009\GS_AFD_EB2\DJI_20250912134447_0004_V.JPG,SOLO_JPG_02Jun26\GEOSP-TRN-001009\GS_AFD_EB2\DJI_20250912134447_0004_V.JPG,1.242,2026-06-11 10:59:33,\\amssclgis10.ams.gmams.cl\cl_mlp_pao\vuelos_drone_sin_procesar\input\20260206_geosupport_primera entrega\solo_jpg_02jun26\geosp-trn-001009\gs_afd_eb2\dji_20250912134447_0004_v.jpg,False
DJI_20250912134502_0005_V.JPG,DJI_20250912134502_0005_V,.jpg,\\amssclgis10.ams.gmams.cl\CL_MLP_PAO\Vuelos_Drone_Sin_Procesar\INPUT\20260206_Geosupport_primera entrega\SOLO_JPG_02Jun26\GEOSP-TRN-001009\GS_AFD_EB2\DJI_20250912134502_0005_V.JPG,SOLO_JPG_02Jun26\GEOSP-TRN-001009\GS_AFD_EB2\DJI_20250912134502_0005_V.JPG,1.144,2026-06-11 10:59:34,\\amssclgis10.ams.gmams.cl\cl_mlp_pao\vuelos_drone_sin_procesar\input\20260206_geosupport_primera entrega\solo_jpg_02jun26\geosp-trn-001009\gs_afd_eb2\dji_20250912134502_0005_v.jpg,False
DJI_20250927145056_0001_V.JPG,DJI_20250927145056_0001_V,.jpg,\\amssclgis10.ams.gmams.cl\CL_MLP_PAO\Vuelos_Drone_Sin_Procesar\INPUT\20260206_Geosupport_primera entrega\SOLO_JPG_02Jun26\GEOSP-TRN-001070\GS_AFD_ESTACION DE BOMBEO N°2\DJI_20250927145056_0001_V.JPG,SOLO_JPG_02Jun26\GEOSP-TRN-001070\GS_AFD_ESTACION DE BOMBEO N°2\DJI_20250927145056_0001_V.JPG,1.187,2026-06-11 10:59:34,\\amssclgis10.ams.gmams.cl\cl_mlp_pao\vuelos_drone_sin_procesar\input\20260206_geosupport_primera entrega\solo_jpg_02jun26\geosp-trn-001070\gs_afd_estacion de bombeo n°2\dji_20250927145056_0001_v.jpg,False
DJI_20250927145110_0003_V.JPG,DJI_20250927145110_0003_V,.jpg,\\amssclgis10.ams.gmams.cl\CL_MLP_PAO\Vuelos_Drone_Sin_Procesar\INPUT\20260206_Geosupport_primera entrega\SOLO_JPG_02Jun26\GEOSP-TRN-001070\GS_AFD_ESTACION DE BOMBEO N°2\DJI_20250927145110_0003_V.JPG,SOLO_JPG_02Jun26\GEOSP-TRN-001070\GS_AFD_ESTACION DE BOMBEO N°2\DJI_20250927145110_0003_V.JPG,1.176,2026-06-11 10:59:34,\\amssclgis10.ams.gmams.cl\cl_mlp_pao\vuelos_drone_sin_procesar\input\20260206_geosupport_primera entrega\solo_jpg_02jun26\geosp-trn-001070\gs_afd_estacion de bombeo n°2\dji_20250927145110_0003_v.jpg,False
DJI_20250927145130_0004_V.JPG,DJI_20250927145130_0004_V,.jpg,\\amssclgis10.ams.gmams.cl\CL_MLP_PAO\Vuelos_Drone_Sin_Procesar\INPUT\20260206_Geosupport_primera entrega\SOLO_JPG_02Jun26\GEOSP-TRN-001070\GS_AFD_ESTACION DE BOMBEO N°2\DJI_20250927145130_0004_V.JPG,SOLO_JPG_02Jun26\GEOSP-TRN-001070\GS_AFD_ESTACION DE BOMBEO N°2\DJI_20250927145130_0004_V.JPG,1.155,2026-06-11 10:59:34,\\amssclgis10.ams.gmams.cl\cl_mlp_pao\vuelos_drone_sin_procesar\input\20260206_geosupport_primera entrega\solo_jpg_02jun26\geosp-trn-001070\gs_afd_estacion de bombeo n°2\dji_20250927145130_0004_v.jpg,False
DJI_20250927145146_0005_V.JPG,DJI_20250927145146_0005_V,.jpg,\\amssclgis10.ams.gmams.cl\CL_MLP_PAO\Vuelos_Drone_Sin_Procesar\INPUT\20260206_Geosupport_primera entrega\SOLO_JPG_02Jun26\GEOSP-TRN-001070\GS_AFD_ESTACION DE BOMBEO N°2\DJI_20250927145146_0005_V.JPG,SOLO_JPG_02Jun26\GEOSP-TRN-001070\GS_AFD_ESTACION DE BOMBEO N°2\DJI_20250927145146_0005_V.JPG,1.177,2026-06-11 10:59:35,\\amssclgis10.ams.gmams.cl\cl_mlp_pao\vuelos_drone_sin_procesar\input\20260206_geosupport_primera entrega\solo_jpg_02jun26\geosp-trn-001070\gs_afd_estacion de bombeo n°2\dji_20250927145146_0005_v.jpg,False
DJI_20251002100749_0001_V.JPG,DJI_20251002100749_0001_V,.jpg,\\amssclgis10.ams.gmams.cl\CL_MLP_PAO\Vuelos_Drone_Sin_Procesar\INPUT\20260206_Geosupport_primera entrega\SOLO_JPG_02Jun26\GEOSP-TRN-001093\GS_AFD_ESTACION DE BOMBEO N°2 01-10-2025\DJI_20251002100749_0001_V.JPG,SOLO_JPG_02Jun26\GEOSP-TRN-001093\GS_AFD_ESTACION DE BOMBEO N°2 01-10-2025\DJI_20251002100749_0001_V.JPG,1.259,2026-06-11 10:59:35,\\amssclgis10.ams.gmams.cl\cl_mlp_pao\vuelos_drone_sin_procesar\input\20260206_geosupport_primera entrega\solo_jpg_02jun26\geosp-trn-001093\gs_afd_estacion de bombeo n°2 01-10-2025\dji_20251002100749_0001_v.jpg,False
DJI_20251002100751_0003_V.JPG,DJI_20251002100751_0003_V,.jpg,\\amssclgis10.ams.gmams.cl\CL_MLP_PAO\Vuelos_Drone_Sin_Procesar\INPUT\20260206_Geosupport_primera entrega\SOLO_JPG_02Jun26\GEOSP-TRN-001093\GS_AFD_ESTACION DE BOMBEO N°2 01-10-2025\DJI_20251002100751_0003_V.JPG,SOLO_JPG_02Jun26\GEOSP-TRN-001093\GS_AFD_ESTACION DE BOMBEO N°2 01-10-2025\DJI_20251002100751_0003_V.JPG,1.275,2026-06-11 10:59:35,\\amssclgis10.ams.gmams.cl\cl_mlp_pao\vuelos_drone_sin_procesar\input\20260206_geosupport_primera entrega\solo_jpg_02jun26\geosp-trn-001093\gs_afd_estacion de bombeo n°2 01-10-2025\dji_20251002100751_0003_v.jpg,False
DJI_20251002100845_0005_V.JPG,DJI_20251002100845_0005_V,.jpg,\\amssclgis10.ams.gmams.cl\CL_MLP_PAO\Vuelos_Drone_Sin_Procesar\INPUT\20260206_Geosupport_primera entrega\SOLO_JPG_02Jun26\GEOSP-TRN-001093\GS_AFD_ESTACION DE BOMBEO N°2 01-10-2025\DJI_20251002100845_0005_V.JPG,SOLO_JPG_02Jun26\GEOSP-TRN-001093\GS_AFD_ESTACION DE BOMBEO N°2 01-10-2025\DJI_20251002100845_0005_V.JPG,1.029,2026-06-11 10:59:35,\\amssclgis10.ams.gmams.cl\cl_mlp_pao\vuelos_drone_sin_procesar\input\20260206_geosupport_primera entrega\solo_jpg_02jun26\geosp-trn-001093\gs_afd_estacion de bombeo n°2 01-10-2025\dji_20251002100845_0005_v.jpg,False
DJI_20251002100850_0006_V.JPG,DJI_20251002100850_0006_V,.jpg,\\amssclgis10.ams.gmams.cl\CL_MLP_PAO\Vuelos_Drone_Sin_Procesar\INPUT\20260206_Geosupport_primera entrega\SOLO_JPG_02Jun26\GEOSP-TRN-001093\GS_AFD_ESTACION DE BOMBEO N°2 01-10-2025\DJI_20251002100850_0006_V.JPG,SOLO_JPG_02Jun26\GEOSP-TRN-001093\GS_AFD_ESTACION DE BOMBEO N°2 01-10-2025\DJI_20251002100850_0006_V.JPG,1.012,2026-06-11 10:59:35,\\amssclgis10.ams.gmams.cl\cl_mlp_pao\vuelos_drone_sin_procesar\input\20260206_geosupport_primera entrega\solo_jpg_02jun26\geosp-trn-001093\gs_afd_estacion de bombeo n°2 01-10-2025\dji_20251002100850_0006_v.jpg,False
DJI_20251002100854_0007_V.JPG,DJI_20251002100854_0007_V,.jpg,\\amssclgis10.ams.gmams.cl\CL_MLP_PAO\Vuelos_Drone_Sin_Procesar\INPUT\20260206_Geosupport_primera entrega\SOLO_JPG_02Jun26\GEOSP-TRN-001093\GS_AFD_ESTACION DE BOMBEO N°2 01-10-2025\DJI_20251002100854_0007_V.JPG,SOLO_JPG_02Jun26\GEOSP-TRN-001093\GS_AFD_ESTACION DE BOMBEO N°2 01-10-2025\DJI_20251002100854_0007_V.JPG,0.996,2026-06-11 10:59:36,\\amssclgis10.ams.gmams.cl\cl_mlp_pao\vuelos_drone_sin_procesar\input\20260206_geosupport_primera entrega\solo_jpg_02jun26\geosp-trn-001093\gs_afd_estacion de bombeo n°2 01-10-2025\dji_20251002100854_0007_v.jpg,False
DJI_20251002100858_0008_V.JPG,DJI_20251002100858_0008_V,.jpg,\\amssclgis10.ams.gmams.cl\CL_MLP_PAO\Vuelos_Drone_Sin_Procesar\INPUT\20260206_Geosupport_primera entrega\SOLO_JPG_02Jun26\GEOSP-TRN-001093\GS_AFD_ESTACION DE BOMBEO N°2 01-10-2025\DJI_20251002100858_0008_V.JPG,SOLO_JPG_02Jun26\GEOSP-TRN-001093\GS_AFD_ESTACION DE BOMBEO N°2 01-10-2025\DJI_20251002100858_0008_V.JPG,0.998,2026-06-11 10:59:36,\\amssclgis10.ams.gmams.cl\cl_mlp_pao\vuelos_drone_sin_procesar\input\20260206_geosupport_primera entrega\solo_jpg_02jun26\geosp-trn-001093\gs_afd_estacion de bombeo n°2 01-10-2025\dji_20251002100858_0008_v.jpg,False
DJI_20251002100921_0009_V.JPG,DJI_20251002100921_0009_V,.jpg,\\amssclgis10.ams.gmams.cl\CL_MLP_PAO\Vuelos_Drone_Sin_Procesar\INPUT\20260206_Geosupport_primera entrega\SOLO_JPG_02Jun26\GEOSP-TRN-001093\GS_AFD_ESTACION DE BOMBEO N°2 01-10-2025\DJI_20251002100921_0009_V.JPG,SOLO_JPG_02Jun26\GEOSP-TRN-001093\GS_AFD_ESTACION DE BOMBEO N°2 01-10-2025\DJI_20251002100921_0009_V.JPG,0.997,2026-06-11 10:59:36,\\amssclgis10.ams.gmams.cl\cl_mlp_pao\vuelos_drone_sin_procesar\input\20260206_geosupport_primera entrega\solo_jpg_02jun26\geosp-trn-001093\gs_afd_estacion de bombeo n°2 01-10-2025\dji_20251002100921_0009_v.jpg,False
DJI_20251002100927_0010_V.JPG,DJI_20251002100927_0010_V,.jpg,\\amssclgis10.ams.gmams.cl\CL_MLP_PAO\Vuelos_Drone_Sin_Procesar\INPUT\20260206_Geosupport_primera entrega\SOLO_JPG_02Jun26\GEOSP-TRN-001093\GS_AFD_ESTACION DE BOMBEO N°2 01-10-2025\DJI_20251002100927_0010_V.JPG,SOLO_JPG_02Jun26\GEOSP-TRN-001093\GS_AFD_ESTACION DE BOMBEO N°2 01-10-2025\DJI_20251002100927_0010_V.JPG,0.986,2026-06-11 10:59:36,\\amssclgis10.ams.gmams.cl\cl_mlp_pao\vuelos_drone_sin_procesar\input\20260206_geosupport_primera entrega\solo_jpg_02jun26\geosp-trn-001093\gs_afd_estacion de bombeo n°2 01-10-2025\dji_20251002100927_0010_v.jpg,False
DJI_20251002100935_0011_V.JPG,DJI_20251002100935_0011_V,.jpg,\\amssclgis10.ams.gmams.cl\CL_MLP_PAO\Vuelos_Drone_Sin_Procesar\INPUT\20260206_Geosupport_primera entrega\SOLO_JPG_02Jun26\GEOSP-TRN-001093\GS_AFD_ESTACION DE BOMBEO N°2 01-10-2025\DJI_20251002100935_0011_V.JPG,SOLO_JPG_02Jun26\GEOSP-TRN-001093\GS_AFD_ESTACION DE BOMBEO N°2 01-10-2025\DJI_20251002100935_0011_V.JPG,0.96,2026-06-11 10:59:36,\\amssclgis10.ams.gmams.cl\cl_mlp_pao\vuelos_drone_sin_procesar\input\20260206_geosupport_primera entrega\solo_jpg_02jun26\geosp-trn-001093\gs_afd_estacion de bombeo n°2 01-10-2025\dji_20251002100935_0011_v.jpg,False
DJI_20251002100941_0012_V.JPG,DJI_20251002100941_0012_V,.jpg,\\amssclgis10.ams.gmams.cl\CL_MLP_PAO\Vuelos_Drone_Sin_Procesar\INPUT\20260206_Geosupport_primera entrega\SOLO_JPG_02Jun26\GEOSP-TRN-001093\GS_AFD_ESTACION DE BOMBEO N°2 01-10-2025\DJI_20251002100941_0012_V.JPG,SOLO_JPG_02Jun26\GEOSP-TRN-001093\GS_AFD_ESTACION DE BOMBEO N°2 01-10-2025\DJI_20251002100941_0012_V.JPG,0.918,2026-06-11 10:59:36,\\amssclgis10.ams.gmams.cl\cl_mlp_pao\vuelos_drone_sin_procesar\input\20260206_geosupport_primera entrega\solo_jpg_02jun26\geosp-trn-001093\gs_afd_estacion de bombeo n°2 01-10-2025\dji_20251002100941_0012_v.jpg,False
DJI_20251002100945_0013_V.JPG,DJI_20251002100945_0013_V,.jpg,\\amssclgis10.ams.gmams.cl\CL_MLP_PAO\Vuelos_Drone_Sin_Procesar\INPUT\20260206_Geosupport_primera entrega\SOLO_JPG_02Jun26\GEOSP-TRN-001093\GS_AFD_ESTACION DE BOMBEO N°2 01-10-2025\DJI_20251002100945_0013_V.JPG,SOLO_JPG_02Jun26\GEOSP-TRN-001093\GS_AFD_ESTACION DE BOMBEO N°2 01-10-2025\DJI_20251002100945_0013_V.JPG,0.92,2026-06-11 10:59:36,\\amssclgis10.ams.gmams.cl\cl_mlp_pao\vuelos_drone_sin_procesar\input\20260206_geosupport_primera entrega\solo_jpg_02jun26\geosp-trn-001093\gs_afd_estacion de bombeo n°2 01-10-2025\dji_20251002100945_0013_v.jpg,False
DJI_20251002100956_0014_V.JPG,DJI_20251002100956_0014_V,.jpg,\\amssclgis10.ams.gmams.cl\CL_MLP_PAO\Vuelos_Drone_Sin_Procesar\INPUT\20260206_Geosupport_primera entrega\SOLO_JPG_02Jun26\GEOSP-TRN-001093\GS_AFD_ESTACION DE BOMBEO N°2 01-10-2025\DJI_20251002100956_0014_V.JPG,SOLO_JPG_02Jun26\GEOSP-TRN-001093\GS_AFD_ESTACION DE BOMBEO N°2 01-10-2025\DJI_20251002100956_0014_V.JPG,0.881,2026-06-11 10:59:36,\\amssclgis10.ams.gmams.cl\cl_mlp_pao\vuelos_drone_sin_procesar\input\20260206_geosupport_primera entrega\solo_jpg_02jun26\geosp-trn-001093\gs_afd_estacion de bombeo n°2 01-10-2025\dji_20251002100956_0014_v.jpg,False
DJI_20251002101007_0015_V.JPG,DJI_20251002101007_0015_V,.jpg,\\amssclgis10.ams.gmams.cl\CL_MLP_PAO\Vuelos_Drone_Sin_Procesar\INPUT\20260206_Geosupport_primera entrega\SOLO_JPG_02Jun26\GEOSP-TRN-001093\GS_AFD_ESTACION DE BOMBEO N°2 01-10-2025\DJI_20251002101007_0015_V.JPG,SOLO_JPG_02Jun26\GEOSP-TRN-001093\GS_AFD_ESTACION DE BOMBEO N°2 01-10-2025\DJI_20251002101007_0015_V.JPG,0.891,2026-06-11 10:59:37,\\amssclgis10.ams.gmams.cl\cl_mlp_pao\vuelos_drone_sin_procesar\input\20260206_geosupport_primera entrega\solo_jpg_02jun26\geosp-trn-001093\gs_afd_estacion de bombeo n°2 01-10-2025\dji_20251002101007_0015_v.jpg,False
DJI_20251002101018_0016_V.JPG,DJI_20251002101018_0016_V,.jpg,\\amssclgis10.ams.gmams.cl\CL_MLP_PAO\Vuelos_Drone_Sin_Procesar\INPUT\20260206_Geosupport_primera entrega\SOLO_JPG_02Jun26\GEOSP-TRN-001093\GS_AFD_ESTACION DE BOMBEO N°2 01-10-2025\DJI_20251002101018_0016_V.JPG,SOLO_JPG_02Jun26\GEOSP-TRN-001093\GS_AFD_ESTACION DE BOMBEO N°2 01-10-2025\DJI_20251002101018_0016_V.JPG,0.893,2026-06-11 10:59:37,\\amssclgis10.ams.gmams.cl\cl_mlp_pao\vuelos_drone_sin_procesar\input\20260206_geosupport_primera entrega\solo_jpg_02jun26\geosp-trn-001093\gs_afd_estacion de bombeo n°2 01-10-2025\dji_20251002101018_0016_v.jpg,False
DJI_20251002101023_0017_V.JPG,DJI_20251002101023_0017_V,.jpg,\\amssclgis10.ams.gmams.cl\CL_MLP_PAO\Vuelos_Drone_Sin_Procesar\INPUT\20260206_Geosupport_primera entrega\SOLO_JPG_02Jun26\GEOSP-TRN-001093\GS_AFD_ESTACION DE BOMBEO N°2 01-10-2025\DJI_20251002101023_0017_V.JPG,SOLO_JPG_02Jun26\GEOSP-TRN-001093\GS_AFD_ESTACION DE BOMBEO N°2 01-10-2025\DJI_20251002101023_0017_V.JPG,0.882,2026-06-11 10:59:37,\\amssclgis10.ams.gmams.cl\cl_mlp_pao\vuelos_drone_sin_procesar\input\20260206_geosupport_primera entrega\solo_jpg_02jun26\geosp-trn-001093\gs_afd_estacion de bombeo n°2 01-10-2025\dji_20251002101023_0017_v.jpg,False
DJI_20251002101042_0018_V.JPG,DJI_20251002101042_0018_V,.jpg,\\amssclgis10.ams.gmams.cl\CL_MLP_PAO\Vuelos_Drone_Sin_Procesar\INPUT\20260206_Geosupport_primera entrega\SOLO_JPG_02Jun26\GEOSP-TRN-001093\GS_AFD_ESTACION DE BOMBEO N°2 01-10-2025\DJI_20251002101042_0018_V.JPG,SOLO_JPG_02Jun26\GEOSP-TRN-001093\GS_AFD_ESTACION DE BOMBEO N°2 01-10-2025\DJI_20251002101042_0018_V.JPG,0.889,2026-06-11 10:59:37,\\amssclgis10.ams.gmams.cl\cl_mlp_pao\vuelos_drone_sin_procesar\input\20260206_geosupport_primera entrega\solo_jpg_02jun26\geosp-trn-001093\gs_afd_estacion de bombeo n°2 01-10-2025\dji_20251002101042_0018_v.jpg,False
DJI_20251002101108_0019_V.JPG,DJI_20251002101108_0019_V,.jpg,\\amssclgis10.ams.gmams.cl\CL_MLP_PAO\Vuelos_Drone_Sin_Procesar\INPUT\20260206_Geosupport_primera entrega\SOLO_JPG_02Jun26\GEOSP-TRN-001093\GS_AFD_ESTACION DE BOMBEO N°2 01-10-2025\DJI_20251002101108_0019_V.JPG,SOLO_JPG_02Jun26\GEOSP-TRN-001093\GS_AFD_ESTACION DE BOMBEO N°2 01-10-2025\DJI_20251002101108_0019_V.JPG,0.954,2026-06-11 10:59:37,\\amssclgis10.ams.gmams.cl\cl_mlp_pao\vuelos_drone_sin_procesar\input\20260206_geosupport_primera entrega\solo_jpg_02jun26\geosp-trn-001093\gs_afd_estacion de bombeo n°2 01-10-2025\dji_20251002101108_0019_v.jpg,False
DJI_20251002101635_0020_V.JPG,DJI_20251002101635_0020_V,.jpg,\\amssclgis10.ams.gmams.cl\CL_MLP_PAO\Vuelos_Drone_Sin_Procesar\INPUT\20260206_Geosupport_primera entrega\SOLO_JPG_02Jun26\GEOSP-TRN-001093\GS_AFD_ESTACION DE BOMBEO N°2 01-10-2025\DJI_20251002101635_0020_V.JPG,SOLO_JPG_02Jun26\GEOSP-TRN-001093\GS_AFD_ESTACION DE BOMBEO N°2 01-10-2025\DJI_20251002101635_0020_V.JPG,1.239,2026-06-11 10:59:37,\\amssclgis10.ams.gmams.cl\cl_mlp_pao\vuelos_drone_sin_procesar\input\20260206_geosupport_primera entrega\solo_jpg_02jun26\geosp-trn-001093\gs_afd_estacion de bombeo n°2 01-10-2025\dji_20251002101635_0020_v.jpg,False
DJI_20251002101637_0021_V.JPG,DJI_20251002101637_0021_V,.jpg,\\amssclgis10.ams.gmams.cl\CL_MLP_PAO\Vuelos_Drone_Sin_Procesar\INPUT\20260206_Geosupport_primera entrega\SOLO_JPG_02Jun26\GEOSP-TRN-001093\GS_AFD_ESTACION DE BOMBEO N°2 01-10-2025\DJI_20251002101637_0021_V.JPG,SOLO_JPG_02Jun26\GEOSP-TRN-001093\GS_AFD_ESTACION DE BOMBEO N°2 01-10-2025\DJI_20251002101637_0021_V.JPG,1.24,2026-06-11 10:59:38,\\amssclgis10.ams.gmams.cl\cl_mlp_pao\vuelos_drone_sin_procesar\input\20260206_geosupport_primera entrega\solo_jpg_02jun26\geosp-trn-001093\gs_afd_estacion de bombeo n°2 01-10-2025\dji_20251002101637_0021_v.jpg,False
DJI_20251002101642_0022_V.JPG,DJI_20251002101642_0022_V,.jpg,\\amssclgis10.ams.gmams.cl\CL_MLP_PAO\Vuelos_Drone_Sin_Procesar\INPUT\20260206_Geosupport_primera entrega\SOLO_JPG_02Jun26\GEOSP-TRN-001093\GS_AFD_ESTACION DE BOMBEO N°2 01-10-2025\DJI_20251002101642_0022_V.JPG,SOLO_JPG_02Jun26\GEOSP-TRN-001093\GS_AFD_ESTACION DE BOMBEO N°2 01-10-2025\DJI_20251002101642_0022_V.JPG,1.221,2026-06-11 10:59:38,\\amssclgis10.ams.gmams.cl\cl_mlp_pao\vuelos_drone_sin_procesar\input\20260206_geosupport_primera entrega\solo_jpg_02jun26\geosp-trn-001093\gs_afd_estacion de bombeo n°2 01-10-2025\dji_20251002101642_0022_v.jpg,False
DJI_20251002101647_0023_V.JPG,DJI_20251002101647_0023_V,.jpg,\\amssclgis10.ams.gmams.cl\CL_MLP_PAO\Vuelos_Drone_Sin_Procesar\INPUT\20260206_Geosupport_primera entrega\SOLO_JPG_02Jun26\GEOSP-TRN-001093\GS_AFD_ESTACION DE BOMBEO N°2 01-10-2025\DJI_20251002101647_0023_V.JPG,SOLO_JPG_02Jun26\GEOSP-TRN-001093\GS_AFD_ESTACION DE BOMBEO N°2 01-10-2025\DJI_20251002101647_0023_V.JPG,1.233,2026-06-11 10:59:38,\\amssclgis10.ams.gmams.cl\cl_mlp_pao\vuelos_drone_sin_procesar\input\20260206_geosupport_primera entrega\solo_jpg_02jun26\geosp-trn-001093\gs_afd_estacion de bombeo n°2 01-10-2025\dji_20251002101647_0023_v.jpg,False
DJI_20251002101650_0024_V.JPG,DJI_20251002101650_0024_V,.jpg,\\amssclgis10.ams.gmams.cl\CL_MLP_PAO\Vuelos_Drone_Sin_Procesar\INPUT\20260206_Geosupport_primera entrega\SOLO_JPG_02Jun26\GEOSP-TRN-001093\GS_AFD_ESTACION DE BOMBEO N°2 01-10-2025\DJI_20251002101650_0024_V.JPG,SOLO_JPG_02Jun26\GEOSP-TRN-001093\GS_AFD_ESTACION DE BOMBEO N°2 01-10-2025\DJI_20251002101650_0024_V.JPG,1.23,2026-06-11 10:59:38,\\amssclgis10.ams.gmams.cl\cl_mlp_pao\vuelos_drone_sin_procesar\input\20260206_geosupport_primera entrega\solo_jpg_02jun26\geosp-trn-001093\gs_afd_estacion de bombeo n°2 01-10-2025\dji_20251002101650_0024_v.jpg,False
DJI_20251011154557_0001_V.JPG,DJI_20251011154557_0001_V,.jpg,\\amssclgis10.ams.gmams.cl\CL_MLP_PAO\Vuelos_Drone_Sin_Procesar\INPUT\20260206_Geosupport_primera entrega\SOLO_JPG_02Jun26\GEOSP-TRN-001155\GS_AFD_EB2\DJI_20251011154557_0001_V.JPG,SOLO_JPG_02Jun26\GEOSP-TRN-001155\GS_AFD_EB2\DJI_20251011154557_0001_V.JPG,1.142,2026-06-11 10:59:39,\\amssclgis10.ams.gmams.cl\cl_mlp_pao\vuelos_drone_sin_procesar\input\20260206_geosupport_primera entrega\solo_jpg_02jun26\geosp-trn-001155\gs_afd_eb2\dji_20251011154557_0001_v.jpg,False
DJI_20251011154611_0003_V.JPG,DJI_20251011154611_0003_V,.jpg,\\amssclgis10.ams.gmams.cl\CL_MLP_PAO\Vuelos_Drone_Sin_Procesar\INPUT\20260206_Geosupport_primera entrega\SOLO_JPG_02Jun26\GEOSP-TRN-001155\GS_AFD_EB2\DJI_20251011154611_0003_V.JPG,SOLO_JPG_02Jun26\GEOSP-TRN-001155\GS_AFD_EB2\DJI_20251011154611_0003_V.JPG,1.176,2026-06-11 10:59:39,\\amssclgis10.ams.gmams.cl\cl_mlp_pao\vuelos_drone_sin_procesar\input\20260206_geosupport_primera entrega\solo_jpg_02jun26\geosp-trn-001155\gs_afd_eb2\dji_20251011154611_0003_v.jpg,False
DJI_20251011154628_0004_V.JPG,DJI_20251011154628_0004_V,.jpg,\\amssclgis10.ams.gmams.cl\CL_MLP_PAO\Vuelos_Drone_Sin_Procesar\INPUT\20260206_Geosupport_primera entrega\SOLO_JPG_02Jun26\GEOSP-TRN-001155\GS_AFD_EB2\DJI_20251011154628_0004_V.JPG,SOLO_JPG_02Jun26\GEOSP-TRN-001155\GS_AFD_EB2\DJI_20251011154628_0004_V.JPG,1.18,2026-06-11 10:59:39,\\amssclgis10.ams.gmams.cl\cl_mlp_pao\vuelos_drone_sin_procesar\input\20260206_geosupport_primera entrega\solo_jpg_02jun26\geosp-trn-001155\gs_afd_eb2\dji_20251011154628_0004_v.jpg,False
DJI_20251011154641_0005_V.JPG,DJI_20251011154641_0005_V,.jpg,\\amssclgis10.ams.gmams.cl\CL_MLP_PAO\Vuelos_Drone_Sin_Procesar\INPUT\20260206_Geosupport_primera entrega\SOLO_JPG_02Jun26\GEOSP-TRN-001155\GS_AFD_EB2\DJI_20251011154641_0005_V.JPG,SOLO_JPG_02Jun26\GEOSP-TRN-001155\GS_AFD_EB2\DJI_20251011154641_0005_V.JPG,1.136,2026-06-11 10:59:40,\\amssclgis10.ams.gmams.cl\cl_mlp_pao\vuelos_drone_sin_procesar\input\20260206_geosupport_primera entrega\solo_jpg_02jun26\geosp-trn-001155\gs_afd_eb2\dji_20251011154641_0005_v.jpg,False
DJI_20251011154645_0006_V.JPG,DJI_20251011154645_0006_V,.jpg,\\amssclgis10.ams.gmams.cl\CL_MLP_PAO\Vuelos_Drone_Sin_Procesar\INPUT\20260206_Geosupport_primera entrega\SOLO_JPG_02Jun26\GEOSP-TRN-001155\GS_AFD_EB2\DJI_20251011154645_0006_V.JPG,SOLO_JPG_02Jun26\GEOSP-TRN-001155\GS_AFD_EB2\DJI_20251011154645_0006_V.JPG,1.156,2026-06-11 10:59:40,\\amssclgis10.ams.gmams.cl\cl_mlp_pao\vuelos_drone_sin_procesar\input\20260206_geosupport_primera entrega\solo_jpg_02jun26\geosp-trn-001155\gs_afd_eb2\dji_20251011154645_0006_v.jpg,False
DJI_20251011154700_0007_V.JPG,DJI_20251011154700_0007_V,.jpg,\\amssclgis10.ams.gmams.cl\CL_MLP_PAO\Vuelos_Drone_Sin_Procesar\INPUT\20260206_Geosupport_primera entrega\SOLO_JPG_02Jun26\GEOSP-TRN-001155\GS_AFD_EB2\DJI_20251011154700_0007_V.JPG,SOLO_JPG_02Jun26\GEOSP-TRN-001155\GS_AFD_EB2\DJI_20251011154700_0007_V.JPG,1.122,2026-06-11 10:59:40,\\amssclgis10.ams.gmams.cl\cl_mlp_pao\vuelos_drone_sin_procesar\input\20260206_geosupport_primera entrega\solo_jpg_02jun26\geosp-trn-001155\gs_afd_eb2\dji_20251011154700_0007_v.jpg,False
DJI_20251011154738_0008_V.JPG,DJI_20251011154738_0008_V,.jpg,\\amssclgis10.ams.gmams.cl\CL_MLP_PAO\Vuelos_Drone_Sin_Procesar\INPUT\20260206_Geosupport_primera entrega\SOLO_JPG_02Jun26\GEOSP-TRN-001155\GS_AFD_EB2\DJI_20251011154738_0008_V.JPG,SOLO_JPG_02Jun26\GEOSP-TRN-001155\GS_AFD_EB2\DJI_20251011154738_0008_V.JPG,1.072,2026-06-11 10:59:40,\\amssclgis10.ams.gmams.cl\cl_mlp_pao\vuelos_drone_sin_procesar\input\20260206_geosupport_primera entrega\solo_jpg_02jun26\geosp-trn-001155\gs_afd_eb2\dji_20251011154738_0008_v.jpg,False
DJI_20251011154745_0009_V.JPG,DJI_20251011154745_0009_V,.jpg,\\amssclgis10.ams.gmams.cl\CL_MLP_PAO\Vuelos_Drone_Sin_Procesar\INPUT\20260206_Geosupport_primera entrega\SOLO_JPG_02Jun26\GEOSP-TRN-001155\GS_AFD_EB2\DJI_20251011154745_0009_V.JPG,SOLO_JPG_02Jun26\GEOSP-TRN-001155\GS_AFD_EB2\DJI_20251011154745_0009_V.JPG,1.079,2026-06-11 10:59:41,\\amssclgis10.ams.gmams.cl\cl_mlp_pao\vuelos_drone_sin_procesar\input\20260206_geosupport_primera entrega\solo_jpg_02jun26\geosp-trn-001155\gs_afd_eb2\dji_20251011154745_0009_v.jpg,False
DJI_20251011154751_0010_V.JPG,DJI_20251011154751_0010_V,.jpg,\\amssclgis10.ams.gmams.cl\CL_MLP_PAO\Vuelos_Drone_Sin_Procesar\INPUT\20260206_Geosupport_primera entrega\SOLO_JPG_02Jun26\GEOSP-TRN-001155\GS_AFD_EB2\DJI_20251011154751_0010_V.JPG,SOLO_JPG_02Jun26\GEOSP-TRN-001155\GS_AFD_EB2\DJI_20251011154751_0010_V.JPG,1.107,2026-06-11 10:59:41,\\amssclgis10.ams.gmams.cl\cl_mlp_pao\vuelos_drone_sin_procesar\input\20260206_geosupport_primera entrega\solo_jpg_02jun26\geosp-trn-001155\gs_afd_eb2\dji_20251011154751_0010_v.jpg,False
DJI_20251011154759_0011_V.JPG,DJI_20251011154759_0011_V,.jpg,\\amssclgis10.ams.gmams.cl\CL_MLP_PAO\Vuelos_Drone_Sin_Procesar\INPUT\20260206_Geosupport_primera entrega\SOLO_JPG_02Jun26\GEOSP-TRN-001155\GS_AFD_EB2\DJI_20251011154759_0011_V.JPG,SOLO_JPG_02Jun26\GEOSP-TRN-001155\GS_AFD_EB2\DJI_20251011154759_0011_V.JPG,1.05,2026-06-11 10:59:41,\\amssclgis10.ams.gmams.cl\cl_mlp_pao\vuelos_drone_sin_procesar\input\20260206_geosupport_primera entrega\solo_jpg_02jun26\geosp-trn-001155\gs_afd_eb2\dji_20251011154759_0011_v.jpg,False
DJI_20251011155628_0025_V.JPG,DJI_20251011155628_0025_V,.jpg,\\amssclgis10.ams.gmams.cl\CL_MLP_PAO\Vuelos_Drone_Sin_Procesar\INPUT\20260206_Geosupport_primera entrega\SOLO_JPG_02Jun26\GEOSP-TRN-001155\GS_AFD_EB2\DJI_20251011155628_0025_V.JPG,SOLO_JPG_02Jun26\GEOSP-TRN-001155\GS_AFD_EB2\DJI_20251011155628_0025_V.JPG,1.104,2026-06-11 10:59:41,\\amssclgis10.ams.gmams.cl\cl_mlp_pao\vuelos_drone_sin_procesar\input\20260206_geosupport_primera entrega\solo_jpg_02jun26\geosp-trn-001155\gs_afd_eb2\dji_20251011155628_0025_v.jpg,False
DJI_20251011155629_0026_V.JPG,DJI_20251011155629_0026_V,.jpg,\\amssclgis10.ams.gmams.cl\CL_MLP_PAO\Vuelos_Drone_Sin_Procesar\INPUT\20260206_Geosupport_primera entrega\SOLO_JPG_02Jun26\GEOSP-TRN-001155\GS_AFD_EB2\DJI_20251011155629_0026_V.JPG,SOLO_JPG_02Jun26\GEOSP-TRN-001155\GS_AFD_EB2\DJI_20251011155629_0026_V.JPG,1.101,2026-06-11 10:59:42,\\amssclgis10.ams.gmams.cl\cl_mlp_pao\vuelos_drone_sin_procesar\input\20260206_geosupport_primera entrega\solo_jpg_02jun26\geosp-trn-001155\gs_afd_eb2\dji_20251011155629_0026_v.jpg,False
DJI_20251015171604_0002_V.JPG,DJI_20251015171604_0002_V,.jpg,\\amssclgis10.ams.gmams.cl\CL_MLP_PAO\Vuelos_Drone_Sin_Procesar\INPUT\20260206_Geosupport_primera entrega\SOLO_JPG_02Jun26\GEOSP-TRN-001183\GS_AFD_EB2_1-10-2025\DJI_20251015171604_0002_V.JPG,SOLO_JPG_02Jun26\GEOSP-TRN-001183\GS_AFD_EB2_1-10-2025\DJI_20251015171604_0002_V.JPG,0.974,2026-06-11 10:59:42,\\amssclgis10.ams.gmams.cl\cl_mlp_pao\vuelos_drone_sin_procesar\input\20260206_geosupport_primera entrega\solo_jpg_02jun26\geosp-trn-001183\gs_afd_eb2_1-10-2025\dji_20251015171604_0002_v.jpg,False
DJI_20251015171612_0003_V.JPG,DJI_20251015171612_0003_V,.jpg,\\amssclgis10.ams.gmams.cl\CL_MLP_PAO\Vuelos_Drone_Sin_Procesar\INPUT\20260206_Geosupport_primera entrega\SOLO_JPG_02Jun26\GEOSP-TRN-001183\GS_AFD_EB2_1-10-2025\DJI_20251015171612_0003_V.JPG,SOLO_JPG_02Jun26\GEOSP-TRN-001183\GS_AFD_EB2_1-10-2025\DJI_20251015171612_0003_V.JPG,0.983,2026-06-11 10:59:42,\\amssclgis10.ams.gmams.cl\cl_mlp_pao\vuelos_drone_sin_procesar\input\20260206_geosupport_primera entrega\solo_jpg_02jun26\geosp-trn-001183\gs_afd_eb2_1-10-2025\dji_20251015171612_0003_v.jpg,False
DJI_20251015171619_0004_V.JPG,DJI_20251015171619_0004_V,.jpg,\\amssclgis10.ams.gmams.cl\CL_MLP_PAO\Vuelos_Drone_Sin_Procesar\INPUT\20260206_Geosupport_primera entrega\SOLO_JPG_02Jun26\GEOSP-TRN-001183\GS_AFD_EB2_1-10-2025\DJI_20251015171619_0004_V.JPG,SOLO_JPG_02Jun26\GEOSP-TRN-001183\GS_AFD_EB2_1-10-2025\DJI_20251015171619_0004_V.JPG,0.969,2026-06-11 10:59:42,\\amssclgis10.ams.gmams.cl\cl_mlp_pao\vuelos_drone_sin_procesar\input\20260206_geosupport_primera entrega\solo_jpg_02jun26\geosp-trn-001183\gs_afd_eb2_1-10-2025\dji_20251015171619_0004_v.jpg,False
DJI_20251015171638_0005_V.JPG,DJI_20251015171638_0005_V,.jpg,\\amssclgis10.ams.gmams.cl\CL_MLP_PAO\Vuelos_Drone_Sin_Procesar\INPUT\20260206_Geosupport_primera entrega\SOLO_JPG_02Jun26\GEOSP-TRN-001183\GS_AFD_EB2_1-10-2025\DJI_20251015171638_0005_V.JPG,SOLO_JPG_02Jun26\GEOSP-TRN-001183\GS_AFD_EB2_1-10-2025\DJI_20251015171638_0005_V.JPG,0.902,2026-06-11 10:59:42,\\amssclgis10.ams.gmams.cl\cl_mlp_pao\vuelos_drone_sin_procesar\input\20260206_geosupport_primera entrega\solo_jpg_02jun26\geosp-trn-001183\gs_afd_eb2_1-10-2025\dji_20251015171638_0005_v.jpg,False
DJI_20251015171643_0006_V.JPG,DJI_20251015171643_0006_V,.jpg,\\amssclgis10.ams.gmams.cl\CL_MLP_PAO\Vuelos_Drone_Sin_Procesar\INPUT\20260206_Geosupport_primera entrega\SOLO_JPG_02Jun26\GEOSP-TRN-001183\GS_AFD_EB2_1-10-2025\DJI_20251015171643_0006_V.JPG,SOLO_JPG_02Jun26\GEOSP-TRN-001183\GS_AFD_EB2_1-10-2025\DJI_20251015171643_0006_V.JPG,0.887,2026-06-11 10:59:42,\\amssclgis10.ams.gmams.cl\cl_mlp_pao\vuelos_drone_sin_procesar\input\20260206_geosupport_primera entrega\solo_jpg_02jun26\geosp-trn-001183\gs_afd_eb2_1-10-2025\dji_20251015171643_0006_v.jpg,False
DJI_20251015171703_0007_V.JPG,DJI_20251015171703_0007_V,.jpg,\\amssclgis10.ams.gmams.cl\CL_MLP_PAO\Vuelos_Drone_Sin_Procesar\INPUT\20260206_Geosupport_primera entrega\SOLO_JPG_02Jun26\GEOSP-TRN-001183\GS_AFD_EB2_1-10-2025\DJI_20251015171703_0007_V.JPG,SOLO_JPG_02Jun26\GEOSP-TRN-001183\GS_AFD_EB2_1-10-2025\DJI_20251015171703_0007_V.JPG,0.912,2026-06-11 10:59:43,\\amssclgis10.ams.gmams.cl\cl_mlp_pao\vuelos_drone_sin_procesar\input\20260206_geosupport_primera entrega\solo_jpg_02jun26\geosp-trn-001183\gs_afd_eb2_1-10-2025\dji_20251015171703_0007_v.jpg,False
DJI_20251015171709_0008_V.JPG,DJI_20251015171709_0008_V,.jpg,\\amssclgis10.ams.gmams.cl\CL_MLP_PAO\Vuelos_Drone_Sin_Procesar\INPUT\20260206_Geosupport_primera entrega\SOLO_JPG_02Jun26\GEOSP-TRN-001183\GS_AFD_EB2_1-10-2025\DJI_20251015171709_0008_V.JPG,SOLO_JPG_02Jun26\GEOSP-TRN-001183\GS_AFD_EB2_1-10-2025\DJI_20251015171709_0008_V.JPG,0.919,2026-06-11 10:59:43,\\amssclgis10.ams.gmams.cl\cl_mlp_pao\vuelos_drone_sin_procesar\input\20260206_geosupport_primera entrega\solo_jpg_02jun26\geosp-trn-001183\gs_afd_eb2_1-10-2025\dji_20251015171709_0008_v.jpg,False
DJI_20251015171723_0009_V.JPG,DJI_20251015171723_0009_V,.jpg,\\amssclgis10.ams.gmams.cl\CL_MLP_PAO\Vuelos_Drone_Sin_Procesar\INPUT\20260206_Geosupport_primera entrega\SOLO_JPG_02Jun26\GEOSP-TRN-001183\GS_AFD_EB2_1-10-2025\DJI_20251015171723_0009_V.JPG,SOLO_JPG_02Jun26\GEOSP-TRN-001183\GS_AFD_EB2_1-10-2025\DJI_20251015171723_0009_V.JPG,0.907,2026-06-11 10:59:43,\\amssclgis10.ams.gmams.cl\cl_mlp_pao\vuelos_drone_sin_procesar\input\20260206_geosupport_primera entrega\solo_jpg_02jun26\geosp-trn-001183\gs_afd_eb2_1-10-2025\dji_20251015171723_0009_v.jpg,False
DJI_20251015171725_0010_V.JPG,DJI_20251015171725_0010_V,.jpg,\\amssclgis10.ams.gmams.cl\CL_MLP_PAO\Vuelos_Drone_Sin_Procesar\INPUT\20260206_Geosupport_primera entrega\SOLO_JPG_02Jun26\GEOSP-TRN-001183\GS_AFD_EB2_1-10-2025\DJI_20251015171725_0010_V.JPG,SOLO_JPG_02Jun26\GEOSP-TRN-001183\GS_AFD_EB2_1-10-2025\DJI_20251015171725_0010_V.JPG,0.893,2026-06-11 10:59:43,\\amssclgis10.ams.gmams.cl\cl_mlp_pao\vuelos_drone_sin_procesar\input\20260206_geosupport_primera entrega\solo_jpg_02jun26\geosp-trn-001183\gs_afd_eb2_1-10-2025\dji_20251015171725_0010_v.jpg,False
DJI_20251015171737_0011_V.JPG,DJI_20251015171737_0011_V,.jpg,\\amssclgis10.ams.gmams.cl\CL_MLP_PAO\Vuelos_Drone_Sin_Procesar\INPUT\20260206_Geosupport_primera entrega\SOLO_JPG_02Jun26\GEOSP-TRN-001183\GS_AFD_EB2_1-10-2025\DJI_20251015171737_0011_V.JPG,SOLO_JPG_02Jun26\GEOSP-TRN-001183\GS_AFD_EB2_1-10-2025\DJI_20251015171737_0011_V.JPG,0.876,2026-06-11 10:59:43,\\amssclgis10.ams.gmams.cl\cl_mlp_pao\vuelos_drone_sin_procesar\input\20260206_geosupport_primera entrega\solo_jpg_02jun26\geosp-trn-001183\gs_afd_eb2_1-10-2025\dji_20251015171737_0011_v.jpg,False
DJI_20251015171740_0012_V.JPG,DJI_20251015171740_0012_V,.jpg,\\amssclgis10.ams.gmams.cl\CL_MLP_PAO\Vuelos_Drone_Sin_Procesar\INPUT\20260206_Geosupport_primera entrega\SOLO_JPG_02Jun26\GEOSP-TRN-001183\GS_AFD_EB2_1-10-2025\DJI_20251015171740_0012_V.JPG,SOLO_JPG_02Jun26\GEOSP-TRN-001183\GS_AFD_EB2_1-10-2025\DJI_20251015171740_0012_V.JPG,0.858,2026-06-11 10:59:43,\\amssclgis10.ams.gmams.cl\cl_mlp_pao\vuelos_drone_sin_procesar\input\20260206_geosupport_primera entrega\solo_jpg_02jun26\geosp-trn-001183\gs_afd_eb2_1-10-2025\dji_20251015171740_0012_v.jpg,False
DJI_20251015171753_0013_V.JPG,DJI_20251015171753_0013_V,.jpg,\\amssclgis10.ams.gmams.cl\CL_MLP_PAO\Vuelos_Drone_Sin_Procesar\INPUT\20260206_Geosupport_primera entrega\SOLO_JPG_02Jun26\GEOSP-TRN-001183\GS_AFD_EB2_1-10-2025\DJI_20251015171753_0013_V.JPG,SOLO_JPG_02Jun26\GEOSP-TRN-001183\GS_AFD_EB2_1-10-2025\DJI_20251015171753_0013_V.JPG,0.85,2026-06-11 10:59:43,\\amssclgis10.ams.gmams.cl\cl_mlp_pao\vuelos_drone_sin_procesar\input\20260206_geosupport_primera entrega\solo_jpg_02jun26\geosp-trn-001183\gs_afd_eb2_1-10-2025\dji_20251015171753_0013_v.jpg,False
DJI_20251015171801_0014_V.JPG,DJI_20251015171801_0014_V,.jpg,\\amssclgis10.ams.gmams.cl\CL_MLP_PAO\Vuelos_Drone_Sin_Procesar\INPUT\20260206_Geosupport_primera entrega\SOLO_JPG_02Jun26\GEOSP-TRN-001183\GS_AFD_EB2_1-10-2025\DJI_20251015171801_0014_V.JPG,SOLO_JPG_02Jun26\GEOSP-TRN-001183\GS_AFD_EB2_1-10-2025\DJI_20251015171801_0014_V.JPG,0.845,2026-06-11 10:59:44,\\amssclgis10.ams.gmams.cl\cl_mlp_pao\vuelos_drone_sin_procesar\input\20260206_geosupport_primera entrega\solo_jpg_02jun26\geosp-trn-001183\gs_afd_eb2_1-10-2025\dji_20251015171801_0014_v.jpg,False
DJI_20251015171806_0015_V.JPG,DJI_20251015171806_0015_V,.jpg,\\amssclgis10.ams.gmams.cl\CL_MLP_PAO\Vuelos_Drone_Sin_Procesar\INPUT\20260206_Geosupport_primera entrega\SOLO_JPG_02Jun26\GEOSP-TRN-001183\GS_AFD_EB2_1-10-2025\DJI_20251015171806_0015_V.JPG,SOLO_JPG_02Jun26\GEOSP-TRN-001183\GS_AFD_EB2_1-10-2025\DJI_20251015171806_0015_V.JPG,0.848,2026-06-11 10:59:44,\\amssclgis10.ams.gmams.cl\cl_mlp_pao\vuelos_drone_sin_procesar\input\20260206_geosupport_primera entrega\solo_jpg_02jun26\geosp-trn-001183\gs_afd_eb2_1-10-2025\dji_20251015171806_0015_v.jpg,False
DJI_20251015171811_0016_V.JPG,DJI_20251015171811_0016_V,.jpg,\\amssclgis10.ams.gmams.cl\CL_MLP_PAO\Vuelos_Drone_Sin_Procesar\INPUT\20260206_Geosupport_primera entrega\SOLO_JPG_02Jun26\GEOSP-TRN-001183\GS_AFD_EB2_1-10-2025\DJI_20251015171811_0016_V.JPG,SOLO_JPG_02Jun26\GEOSP-TRN-001183\GS_AFD_EB2_1-10-2025\DJI_20251015171811_0016_V.JPG,0.825,2026-06-11 10:59:44,\\amssclgis10.ams.gmams.cl\cl_mlp_pao\vuelos_drone_sin_procesar\input\20260206_geosupport_primera entrega\solo_jpg_02jun26\geosp-trn-001183\gs_afd_eb2_1-10-2025\dji_20251015171811_0016_v.jpg,False
DJI_20251015171831_0017_V.JPG,DJI_20251015171831_0017_V,.jpg,\\amssclgis10.ams.gmams.cl\CL_MLP_PAO\Vuelos_Drone_Sin_Procesar\INPUT\20260206_Geosupport_primera entrega\SOLO_JPG_02Jun26\GEOSP-TRN-001183\GS_AFD_EB2_1-10-2025\DJI_20251015171831_0017_V.JPG,SOLO_JPG_02Jun26\GEOSP-TRN-001183\GS_AFD_EB2_1-10-2025\DJI_20251015171831_0017_V.JPG,0.878,2026-06-11 10:59:44,\\amssclgis10.ams.gmams.cl\cl_mlp_pao\vuelos_drone_sin_procesar\input\20260206_geosupport_primera entrega\solo_jpg_02jun26\geosp-trn-001183\gs_afd_eb2_1-10-2025\dji_20251015171831_0017_v.jpg,False
DJI_20251015171841_0018_V.JPG,DJI_20251015171841_0018_V,.jpg,\\amssclgis10.ams.gmams.cl\CL_MLP_PAO\Vuelos_Drone_Sin_Procesar\INPUT\20260206_Geosupport_primera entrega\SOLO_JPG_02Jun26\GEOSP-TRN-001183\GS_AFD_EB2_1-10-2025\DJI_20251015171841_0018_V.JPG,SOLO_JPG_02Jun26\GEOSP-TRN-001183\GS_AFD_EB2_1-10-2025\DJI_20251015171841_0018_V.JPG,0.917,2026-06-11 10:59:44,\\amssclgis10.ams.gmams.cl\cl_mlp_pao\vuelos_drone_sin_procesar\input\20260206_geosupport_primera entrega\solo_jpg_02jun26\geosp-trn-001183\gs_afd_eb2_1-10-2025\dji_20251015171841_0018_v.jpg,False
DJI_20251015171847_0019_V.JPG,DJI_20251015171847_0019_V,.jpg,\\amssclgis10.ams.gmams.cl\CL_MLP_PAO\Vuelos_Drone_Sin_Procesar\INPUT\20260206_Geosupport_primera entrega\SOLO_JPG_02Jun26\GEOSP-TRN-001183\GS_AFD_EB2_1-10-2025\DJI_20251015171847_0019_V.JPG,SOLO_JPG_02Jun26\GEOSP-TRN-001183\GS_AFD_EB2_1-10-2025\DJI_20251015171847_0019_V.JPG,0.932,2026-06-11 10:59:44,\\amssclgis10.ams.gmams.cl\cl_mlp_pao\vuelos_drone_sin_procesar\input\20260206_geosupport_primera entrega\solo_jpg_02jun26\geosp-trn-001183\gs_afd_eb2_1-10-2025\dji_20251015171847_0019_v.jpg,False
DJI_20251015171849_0020_V.JPG,DJI_20251015171849_0020_V,.jpg,\\amssclgis10.ams.gmams.cl\CL_MLP_PAO\Vuelos_Drone_Sin_Procesar\INPUT\20260206_Geosupport_primera entrega\SOLO_JPG_02Jun26\GEOSP-TRN-001183\GS_AFD_EB2_1-10-2025\DJI_20251015171849_0020_V.JPG,SOLO_JPG_02Jun26\GEOSP-TRN-001183\GS_AFD_EB2_1-10-2025\DJI_20251015171849_0020_V.JPG,0.925,2026-06-11 10:59:44,\\amssclgis10.ams.gmams.cl\cl_mlp_pao\vuelos_drone_sin_procesar\input\20260206_geosupport_primera entrega\solo_jpg_02jun26\geosp-trn-001183\gs_afd_eb2_1-10-2025\dji_20251015171849_0020_v.jpg,False
DJI_20251015172004_0021_V.JPG,DJI_20251015172004_0021_V,.jpg,\\amssclgis10.ams.gmams.cl\CL_MLP_PAO\Vuelos_Drone_Sin_Procesar\INPUT\20260206_Geosupport_primera entrega\SOLO_JPG_02Jun26\GEOSP-TRN-001183\GS_AFD_EB2_1-10-2025\DJI_20251015172004_0021_V.JPG,SOLO_JPG_02Jun26\GEOSP-TRN-001183\GS_AFD_EB2_1-10-2025\DJI_20251015172004_0021_V.JPG,1.208,2026-06-11 10:59:45,\\amssclgis10.ams.gmams.cl\cl_mlp_pao\vuelos_drone_sin_procesar\input\20260206_geosupport_primera entrega\solo_jpg_02jun26\geosp-trn-001183\gs_afd_eb2_1-10-2025\dji_20251015172004_0021_v.jpg,False
DJI_20251015172027_0023_V.JPG,DJI_20251015172027_0023_V,.jpg,\\amssclgis10.ams.gmams.cl\CL_MLP_PAO\Vuelos_Drone_Sin_Procesar\INPUT\20260206_Geosupport_primera entrega\SOLO_JPG_02Jun26\GEOSP-TRN-001183\GS_AFD_EB2_1-10-2025\DJI_20251015172027_0023_V.JPG,SOLO_JPG_02Jun26\GEOSP-TRN-001183\GS_AFD_EB2_1-10-2025\DJI_20251015172027_0023_V.JPG,1.184,2026-06-11 10:59:45,\\amssclgis10.ams.gmams.cl\cl_mlp_pao\vuelos_drone_sin_procesar\input\20260206_geosupport_primera entrega\solo_jpg_02jun26\geosp-trn-001183\gs_afd_eb2_1-10-2025\dji_20251015172027_0023_v.jpg,False
DJI_20251015172034_0024_V.JPG,DJI_20251015172034_0024_V,.jpg,\\amssclgis10.ams.gmams.cl\CL_MLP_PAO\Vuelos_Drone_Sin_Procesar\INPUT\20260206_Geosupport_primera entrega\SOLO_JPG_02Jun26\GEOSP-TRN-001183\GS_AFD_EB2_1-10-2025\DJI_20251015172034_0024_V.JPG,SOLO_JPG_02Jun26\GEOSP-TRN-001183\GS_AFD_EB2_1-10-2025\DJI_20251015172034_0024_V.JPG,1.119,2026-06-11 10:59:45,\\amssclgis10.ams.gmams.cl\cl_mlp_pao\vuelos_drone_sin_procesar\input\20260206_geosupport_primera entrega\solo_jpg_02jun26\geosp-trn-001183\gs_afd_eb2_1-10-2025\dji_20251015172034_0024_v.jpg,False
DJI_20251015172040_0025_V.JPG,DJI_20251015172040_0025_V,.jpg,\\amssclgis10.ams.gmams.cl\CL_MLP_PAO\Vuelos_Drone_Sin_Procesar\INPUT\20260206_Geosupport_primera entrega\SOLO_JPG_02Jun26\GEOSP-TRN-001183\GS_AFD_EB2_1-10-2025\DJI_20251015172040_0025_V.JPG,SOLO_JPG_02Jun26\GEOSP-TRN-001183\GS_AFD_EB2_1-10-2025\DJI_20251015172040_0025_V.JPG,1.103,2026-06-11 10:59:46,\\amssclgis10.ams.gmams.cl\cl_mlp_pao\vuelos_drone_sin_procesar\input\20260206_geosupport_primera entrega\solo_jpg_02jun26\geosp-trn-001183\gs_afd_eb2_1-10-2025\dji_20251015172040_0025_v.jpg,False
DJI_20251015172046_0026_V.JPG,DJI_20251015172046_0026_V,.jpg,\\amssclgis10.ams.gmams.cl\CL_MLP_PAO\Vuelos_Drone_Sin_Procesar\INPUT\20260206_Geosupport_primera entrega\SOLO_JPG_02Jun26\GEOSP-TRN-001183\GS_AFD_EB2_1-10-2025\DJI_20251015172046_0026_V.JPG,SOLO_JPG_02Jun26\GEOSP-TRN-001183\GS_AFD_EB2_1-10-2025\DJI_20251015172046_0026_V.JPG,1.086,2026-06-11 10:59:46,\\amssclgis10.ams.gmams.cl\cl_mlp_pao\vuelos_drone_sin_procesar\input\20260206_geosupport_primera entrega\solo_jpg_02jun26\geosp-trn-001183\gs_afd_eb2_1-10-2025\dji_20251015172046_0026_v.jpg,False
DJI_20251015172052_0027_V.JPG,DJI_20251015172052_0027_V,.jpg,\\amssclgis10.ams.gmams.cl\CL_MLP_PAO\Vuelos_Drone_Sin_Procesar\INPUT\20260206_Geosupport_primera entrega\SOLO_JPG_02Jun26\GEOSP-TRN-001183\GS_AFD_EB2_1-10-2025\DJI_20251015172052_0027_V.JPG,SOLO_JPG_02Jun26\GEOSP-TRN-001183\GS_AFD_EB2_1-10-2025\DJI_20251015172052_0027_V.JPG,1.105,2026-06-11 10:59:46,\\amssclgis10.ams.gmams.cl\cl_mlp_pao\vuelos_drone_sin_procesar\input\20260206_geosupport_primera entrega\solo_jpg_02jun26\geosp-trn-001183\gs_afd_eb2_1-10-2025\dji_20251015172052_0027_v.jpg,False
DJI_20251025154642_0001_V.JPG,DJI_20251025154642_0001_V,.jpg,\\amssclgis10.ams.gmams.cl\CL_MLP_PAO\Vuelos_Drone_Sin_Procesar\INPUT\20260206_Geosupport_primera entrega\SOLO_JPG_02Jun26\GEOSP-TRN-001238\AFD ESTACION DE BOMBEO N°2\DJI_20251025154642_0001_V.JPG,SOLO_JPG_02Jun26\GEOSP-TRN-001238\AFD ESTACION DE BOMBEO N°2\DJI_20251025154642_0001_V.JPG,1.145,2026-06-11 10:59:46,\\amssclgis10.ams.gmams.cl\cl_mlp_pao\vuelos_drone_sin_procesar\input\20260206_geosupport_primera entrega\solo_jpg_02jun26\geosp-trn-001238\afd estacion de bombeo n°2\dji_20251025154642_0001_v.jpg,False
DJI_20251025154650_0003_V.JPG,DJI_20251025154650_0003_V,.jpg,\\amssclgis10.ams.gmams.cl\CL_MLP_PAO\Vuelos_Drone_Sin_Procesar\INPUT\20260206_Geosupport_primera entrega\SOLO_JPG_02Jun26\GEOSP-TRN-001238\AFD ESTACION DE BOMBEO N°2\DJI_20251025154650_0003_V.JPG,SOLO_JPG_02Jun26\GEOSP-TRN-001238\AFD ESTACION DE BOMBEO N°2\DJI_20251025154650_0003_V.JPG,1.153,2026-06-11 10:59:47,\\amssclgis10.ams.gmams.cl\cl_mlp_pao\vuelos_drone_sin_procesar\input\20260206_geosupport_primera entrega\solo_jpg_02jun26\geosp-trn-001238\afd estacion de bombeo n°2\dji_20251025154650_0003_v.jpg,False
DJI_20251025154654_0004_V.JPG,DJI_20251025154654_0004_V,.jpg,\\amssclgis10.ams.gmams.cl\CL_MLP_PAO\Vuelos_Drone_Sin_Procesar\INPUT\20260206_Geosupport_primera entrega\SOLO_JPG_02Jun26\GEOSP-TRN-001238\AFD ESTACION DE BOMBEO N°2\DJI_20251025154654_0004_V.JPG,SOLO_JPG_02Jun26\GEOSP-TRN-001238\AFD ESTACION DE BOMBEO N°2\DJI_20251025154654_0004_V.JPG,1.182,2026-06-11 10:59:47,\\amssclgis10.ams.gmams.cl\cl_mlp_pao\vuelos_drone_sin_procesar\input\20260206_geosupport_primera entrega\solo_jpg_02jun26\geosp-trn-001238\afd estacion de bombeo n°2\dji_20251025154654_0004_v.jpg,False
DJI_20251025154655_0005_V.JPG,DJI_20251025154655_0005_V,.jpg,\\amssclgis10.ams.gmams.cl\CL_MLP_PAO\Vuelos_Drone_Sin_Procesar\INPUT\20260206_Geosupport_primera entrega\SOLO_JPG_02Jun26\GEOSP-TRN-001238\AFD ESTACION DE BOMBEO N°2\DJI_20251025154655_0005_V.JPG,SOLO_JPG_02Jun26\GEOSP-TRN-001238\AFD ESTACION DE BOMBEO N°2\DJI_20251025154655_0005_V.JPG,1.206,2026-06-11 10:59:47,\\amssclgis10.ams.gmams.cl\cl_mlp_pao\vuelos_drone_sin_procesar\input\20260206_geosupport_primera entrega\solo_jpg_02jun26\geosp-trn-001238\afd estacion de bombeo n°2\dji_20251025154655_0005_v.jpg,False
DJI_20251025154712_0006_V.JPG,DJI_20251025154712_0006_V,.jpg,\\amssclgis10.ams.gmams.cl\CL_MLP_PAO\Vuelos_Drone_Sin_Procesar\INPUT\20260206_Geosupport_primera entrega\SOLO_JPG_02Jun26\GEOSP-TRN-001238\AFD ESTACION DE BOMBEO N°2\DJI_20251025154712_0006_V.JPG,SOLO_JPG_02Jun26\GEOSP-TRN-001238\AFD ESTACION DE BOMBEO N°2\DJI_20251025154712_0006_V.JPG,1.186,2026-06-11 10:59:48,\\amssclgis10.ams.gmams.cl\cl_mlp_pao\vuelos_drone_sin_procesar\input\20260206_geosupport_primera entrega\solo_jpg_02jun26\geosp-trn-001238\afd estacion de bombeo n°2\dji_20251025154712_0006_v.jpg,False
DJI_20251025154725_0007_V.JPG,DJI_20251025154725_0007_V,.jpg,\\amssclgis10.ams.gmams.cl\CL_MLP_PAO\Vuelos_Drone_Sin_Procesar\INPUT\20260206_Geosupport_primera entrega\SOLO_JPG_02Jun26\GEOSP-TRN-001238\AFD ESTACION DE BOMBEO N°2\DJI_20251025154725_0007_V.JPG,SOLO_JPG_02Jun26\GEOSP-TRN-001238\AFD ESTACION DE BOMBEO N°2\DJI_20251025154725_0007_V.JPG,1.237,2026-06-11 10:59:48,\\amssclgis10.ams.gmams.cl\cl_mlp_pao\vuelos_drone_sin_procesar\input\20260206_geosupport_primera entrega\solo_jpg_02jun26\geosp-trn-001238\afd estacion de bombeo n°2\dji_20251025154725_0007_v.jpg,False
DJI_20251025154739_0008_V.JPG,DJI_20251025154739_0008_V,.jpg,\\amssclgis10.ams.gmams.cl\CL_MLP_PAO\Vuelos_Drone_Sin_Procesar\INPUT\20260206_Geosupport_primera entrega\SOLO_JPG_02Jun26\GEOSP-TRN-001238\AFD ESTACION DE BOMBEO N°2\DJI_20251025154739_0008_V.JPG,SOLO_JPG_02Jun26\GEOSP-TRN-001238\AFD ESTACION DE BOMBEO N°2\DJI_20251025154739_0008_V.JPG,1.178,2026-06-11 10:59:48,\\amssclgis10.ams.gmams.cl\cl_mlp_pao\vuelos_drone_sin_procesar\input\20260206_geosupport_primera entrega\solo_jpg_02jun26\geosp-trn-001238\afd estacion de bombeo n°2\dji_20251025154739_0008_v.jpg,False
DJI_20251025154744_0009_V.JPG,DJI_20251025154744_0009_V,.jpg,\\amssclgis10.ams.gmams.cl\CL_MLP_PAO\Vuelos_Drone_Sin_Procesar\INPUT\20260206_Geosupport_primera entrega\SOLO_JPG_02Jun26\GEOSP-TRN-001238\AFD ESTACION DE BOMBEO N°2\DJI_20251025154744_0009_V.JPG,SOLO_JPG_02Jun26\GEOSP-TRN-001238\AFD ESTACION DE BOMBEO N°2\DJI_20251025154744_0009_V.JPG,1.177,2026-06-11 10:59:48,\\amssclgis10.ams.gmams.cl\cl_mlp_pao\vuelos_drone_sin_procesar\input\20260206_geosupport_primera entrega\solo_jpg_02jun26\geosp-trn-001238\afd estacion de bombeo n°2\dji_20251025154744_0009_v.jpg,False
DJI_20251025154747_0010_V.JPG,DJI_20251025154747_0010_V,.jpg,\\amssclgis10.ams.gmams.cl\CL_MLP_PAO\Vuelos_Drone_Sin_Procesar\INPUT\20260206_Geosupport_primera entrega\SOLO_JPG_02Jun26\GEOSP-TRN-001238\AFD ESTACION DE BOMBEO N°2\DJI_20251025154747_0010_V.JPG,SOLO_JPG_02Jun26\GEOSP-TRN-001238\AFD ESTACION DE BOMBEO N°2\DJI_20251025154747_0010_V.JPG,1.146,2026-06-11 10:59:49,\\amssclgis10.ams.gmams.cl\cl_mlp_pao\vuelos_drone_sin_procesar\input\20260206_geosupport_primera entrega\solo_jpg_02jun26\geosp-trn-001238\afd estacion de bombeo n°2\dji_20251025154747_0010_v.jpg,False
DJI_20251025154801_0011_V.JPG,DJI_20251025154801_0011_V,.jpg,\\amssclgis10.ams.gmams.cl\CL_MLP_PAO\Vuelos_Drone_Sin_Procesar\INPUT\20260206_Geosupport_primera entrega\SOLO_JPG_02Jun26\GEOSP-TRN-001238\AFD ESTACION DE BOMBEO N°2\DJI_20251025154801_0011_V.JPG,SOLO_JPG_02Jun26\GEOSP-TRN-001238\AFD ESTACION DE BOMBEO N°2\DJI_20251025154801_0011_V.JPG,1.152,2026-06-11 10:59:49,\\amssclgis10.ams.gmams.cl\cl_mlp_pao\vuelos_drone_sin_procesar\input\20260206_geosupport_primera entrega\solo_jpg_02jun26\geosp-trn-001238\afd estacion de bombeo n°2\dji_20251025154801_0011_v.jpg,False
DJI_20251025154804_0012_V.JPG,DJI_20251025154804_0012_V,.jpg,\\amssclgis10.ams.gmams.cl\CL_MLP_PAO\Vuelos_Drone_Sin_Procesar\INPUT\20260206_Geosupport_primera entrega\SOLO_JPG_02Jun26\GEOSP-TRN-001238\AFD ESTACION DE BOMBEO N°2\DJI_20251025154804_0012_V.JPG,SOLO_JPG_02Jun26\GEOSP-TRN-001238\AFD ESTACION DE BOMBEO N°2\DJI_20251025154804_0012_V.JPG,1.142,2026-06-11 10:59:49,\\amssclgis10.ams.gmams.cl\cl_mlp_pao\vuelos_drone_sin_procesar\input\20260206_geosupport_primera entrega\solo_jpg_02jun26\geosp-trn-001238\afd estacion de bombeo n°2\dji_20251025154804_0012_v.jpg,False
DJI_20251025154820_0013_V.JPG,DJI_20251025154820_0013_V,.jpg,\\amssclgis10.ams.gmams.cl\CL_MLP_PAO\Vuelos_Drone_Sin_Procesar\INPUT\20260206_Geosupport_primera entrega\SOLO_JPG_02Jun26\GEOSP-TRN-001238\AFD ESTACION DE BOMBEO N°2\DJI_20251025154820_0013_V.JPG,SOLO_JPG_02Jun26\GEOSP-TRN-001238\AFD ESTACION DE BOMBEO N°2\DJI_20251025154820_0013_V.JPG,1.046,2026-06-11 10:59:50,\\amssclgis10.ams.gmams.cl\cl_mlp_pao\vuelos_drone_sin_procesar\input\20260206_geosupport_primera entrega\solo_jpg_02jun26\geosp-trn-001238\afd estacion de bombeo n°2\dji_20251025154820_0013_v.jpg,False
DJI_20251025154856_0014_V.JPG,DJI_20251025154856_0014_V,.jpg,\\amssclgis10.ams.gmams.cl\CL_MLP_PAO\Vuelos_Drone_Sin_Procesar\INPUT\20260206_Geosupport_primera entrega\SOLO_JPG_02Jun26\GEOSP-TRN-001238\AFD ESTACION DE BOMBEO N°2\DJI_20251025154856_0014_V.JPG,SOLO_JPG_02Jun26\GEOSP-TRN-001238\AFD ESTACION DE BOMBEO N°2\DJI_20251025154856_0014_V.JPG,1.077,2026-06-11 10:59:50,\\amssclgis10.ams.gmams.cl\cl_mlp_pao\vuelos_drone_sin_procesar\input\20260206_geosupport_primera entrega\solo_jpg_02jun26\geosp-trn-001238\afd estacion de bombeo n°2\dji_20251025154856_0014_v.jpg,False
DJI_20251025154902_0015_V.JPG,DJI_20251025154902_0015_V,.jpg,\\amssclgis10.ams.gmams.cl\CL_MLP_PAO\Vuelos_Drone_Sin_Procesar\INPUT\20260206_Geosupport_primera entrega\SOLO_JPG_02Jun26\GEOSP-TRN-001238\AFD ESTACION DE BOMBEO N°2\DJI_20251025154902_0015_V.JPG,SOLO_JPG_02Jun26\GEOSP-TRN-001238\AFD ESTACION DE BOMBEO N°2\DJI_20251025154902_0015_V.JPG,1.132,2026-06-11 10:59:50,\\amssclgis10.ams.gmams.cl\cl_mlp_pao\vuelos_drone_sin_procesar\input\20260206_geosupport_primera entrega\solo_jpg_02jun26\geosp-trn-001238\afd estacion de bombeo n°2\dji_20251025154902_0015_v.jpg,False
DJI_20251025154903_0016_V.JPG,DJI_20251025154903_0016_V,.jpg,\\amssclgis10.ams.gmams.cl\CL_MLP_PAO\Vuelos_Drone_Sin_Procesar\INPUT\20260206_Geosupport_primera entrega\SOLO_JPG_02Jun26\GEOSP-TRN-001238\AFD ESTACION DE BOMBEO N°2\DJI_20251025154903_0016_V.JPG,SOLO_JPG_02Jun26\GEOSP-TRN-001238\AFD ESTACION DE BOMBEO N°2\DJI_20251025154903_0016_V.JPG,1.131,2026-06-11 10:59:50,\\amssclgis10.ams.gmams.cl\cl_mlp_pao\vuelos_drone_sin_procesar\input\20260206_geosupport_primera entrega\solo_jpg_02jun26\geosp-trn-001238\afd estacion de bombeo n°2\dji_20251025154903_0016_v.jpg,False
DJI_20251025154916_0017_V.JPG,DJI_20251025154916_0017_V,.jpg,\\amssclgis10.ams.gmams.cl\CL_MLP_PAO\Vuelos_Drone_Sin_Procesar\INPUT\20260206_Geosupport_primera entrega\SOLO_JPG_02Jun26\GEOSP-TRN-001238\AFD ESTACION DE BOMBEO N°2\DJI_20251025154916_0017_V.JPG,SOLO_JPG_02Jun26\GEOSP-TRN-001238\AFD ESTACION DE BOMBEO N°2\DJI_20251025154916_0017_V.JPG,0.922,2026-06-11 10:59:51,\\amssclgis10.ams.gmams.cl\cl_mlp_pao\vuelos_drone_sin_procesar\input\20260206_geosupport_primera entrega\solo_jpg_02jun26\geosp-trn-001238\afd estacion de bombeo n°2\dji_20251025154916_0017_v.jpg,False
DJI_20251025154933_0018_V.JPG,DJI_20251025154933_0018_V,.jpg,\\amssclgis10.ams.gmams.cl\CL_MLP_PAO\Vuelos_Drone_Sin_Procesar\INPUT\20260206_Geosupport_primera entrega\SOLO_JPG_02Jun26\GEOSP-TRN-001238\AFD ESTACION DE BOMBEO N°2\DJI_20251025154933_0018_V.JPG,SOLO_JPG_02Jun26\GEOSP-TRN-001238\AFD ESTACION DE BOMBEO N°2\DJI_20251025154933_0018_V.JPG,0.975,2026-06-11 10:59:51,\\amssclgis10.ams.gmams.cl\cl_mlp_pao\vuelos_drone_sin_procesar\input\20260206_geosupport_primera entrega\solo_jpg_02jun26\geosp-trn-001238\afd estacion de bombeo n°2\dji_20251025154933_0018_v.jpg,False
DJI_20251025154943_0019_V.JPG,DJI_20251025154943_0019_V,.jpg,\\amssclgis10.ams.gmams.cl\CL_MLP_PAO\Vuelos_Drone_Sin_Procesar\INPUT\20260206_Geosupport_primera entrega\SOLO_JPG_02Jun26\GEOSP-TRN-001238\AFD ESTACION DE BOMBEO N°2\DJI_20251025154943_0019_V.JPG,SOLO_JPG_02Jun26\GEOSP-TRN-001238\AFD ESTACION DE BOMBEO N°2\DJI_20251025154943_0019_V.JPG,0.843,2026-06-11 10:59:51,\\amssclgis10.ams.gmams.cl\cl_mlp_pao\vuelos_drone_sin_procesar\input\20260206_geosupport_primera entrega\solo_jpg_02jun26\geosp-trn-001238\afd estacion de bombeo n°2\dji_20251025154943_0019_v.jpg,False
DJI_20251025154954_0020_V.JPG,DJI_20251025154954_0020_V,.jpg,\\amssclgis10.ams.gmams.cl\CL_MLP_PAO\Vuelos_Drone_Sin_Procesar\INPUT\20260206_Geosupport_primera entrega\SOLO_JPG_02Jun26\GEOSP-TRN-001238\AFD ESTACION DE BOMBEO N°2\DJI_20251025154954_0020_V.JPG,SOLO_JPG_02Jun26\GEOSP-TRN-001238\AFD ESTACION DE BOMBEO N°2\DJI_20251025154954_0020_V.JPG,0.851,2026-06-11 10:59:51,\\amssclgis10.ams.gmams.cl\cl_mlp_pao\vuelos_drone_sin_procesar\input\20260206_geosupport_primera entrega\solo_jpg_02jun26\geosp-trn-001238\afd estacion de bombeo n°2\dji_20251025154954_0020_v.jpg,False
DJI_20251025155019_0021_V.JPG,DJI_20251025155019_0021_V,.jpg,\\amssclgis10.ams.gmams.cl\CL_MLP_PAO\Vuelos_Drone_Sin_Procesar\INPUT\20260206_Geosupport_primera entrega\SOLO_JPG_02Jun26\GEOSP-TRN-001238\AFD ESTACION DE BOMBEO N°2\DJI_20251025155019_0021_V.JPG,SOLO_JPG_02Jun26\GEOSP-TRN-001238\AFD ESTACION DE BOMBEO N°2\DJI_20251025155019_0021_V.JPG,0.851,2026-06-11 10:59:52,\\amssclgis10.ams.gmams.cl\cl_mlp_pao\vuelos_drone_sin_procesar\input\20260206_geosupport_primera entrega\solo_jpg_02jun26\geosp-trn-001238\afd estacion de bombeo n°2\dji_20251025155019_0021_v.jpg,False
DJI_20251029163259_0001_V.JPG,DJI_20251029163259_0001_V,.jpg,\\amssclgis10.ams.gmams.cl\CL_MLP_PAO\Vuelos_Drone_Sin_Procesar\INPUT\20260206_Geosupport_primera entrega\SOLO_JPG_02Jun26\GEOSP-TRN-001261\GS_AFD_29-10-2025 ESTACION DE BOMBEO N°2\DJI_20251029163259_0001_V.JPG,SOLO_JPG_02Jun26\GEOSP-TRN-001261\GS_AFD_29-10-2025 ESTACION DE BOMBEO N°2\DJI_20251029163259_0001_V.JPG,1.1,2026-06-11 10:59:52,\\amssclgis10.ams.gmams.cl\cl_mlp_pao\vuelos_drone_sin_procesar\input\20260206_geosupport_primera entrega\solo_jpg_02jun26\geosp-trn-001261\gs_afd_29-10-2025 estacion de bombeo n°2\dji_20251029163259_0001_v.jpg,False
DJI_20251029163304_0003_V.JPG,DJI_20251029163304_0003_V,.jpg,\\amssclgis10.ams.gmams.cl\CL_MLP_PAO\Vuelos_Drone_Sin_Procesar\INPUT\20260206_Geosupport_primera entrega\SOLO_JPG_02Jun26\GEOSP-TRN-001261\GS_AFD_29-10-2025 ESTACION DE BOMBEO N°2\DJI_20251029163304_0003_V.JPG,SOLO_JPG_02Jun26\GEOSP-TRN-001261\GS_AFD_29-10-2025 ESTACION DE BOMBEO N°2\DJI_20251029163304_0003_V.JPG,1.09,2026-06-11 10:59:52,\\amssclgis10.ams.gmams.cl\cl_mlp_pao\vuelos_drone_sin_procesar\input\20260206_geosupport_primera entrega\solo_jpg_02jun26\geosp-trn-001261\gs_afd_29-10-2025 estacion de bombeo n°2\dji_20251029163304_0003_v.jpg,False
DJI_20251029163306_0004_V.JPG,DJI_20251029163306_0004_V,.jpg,\\amssclgis10.ams.gmams.cl\CL_MLP_PAO\Vuelos_Drone_Sin_Procesar\INPUT\20260206_Geosupport_primera entrega\SOLO_JPG_02Jun26\GEOSP-TRN-001261\GS_AFD_29-10-2025 ESTACION DE BOMBEO N°2\DJI_20251029163306_0004_V.JPG,SOLO_JPG_02Jun26\GEOSP-TRN-001261\GS_AFD_29-10-2025 ESTACION DE BOMBEO N°2\DJI_20251029163306_0004_V.JPG,1.097,2026-06-11 10:59:53,\\amssclgis10.ams.gmams.cl\cl_mlp_pao\vuelos_drone_sin_procesar\input\20260206_geosupport_primera entrega\solo_jpg_02jun26\geosp-trn-001261\gs_afd_29-10-2025 estacion de bombeo n°2\dji_20251029163306_0004_v.jpg,False
DJI_20251029163307_0005_V.JPG,DJI_20251029163307_0005_V,.jpg,\\amssclgis10.ams.gmams.cl\CL_MLP_PAO\Vuelos_Drone_Sin_Procesar\INPUT\20260206_Geosupport_primera entrega\SOLO_JPG_02Jun26\GEOSP-TRN-001261\GS_AFD_29-10-2025 ESTACION DE BOMBEO N°2\DJI_20251029163307_0005_V.JPG,SOLO_JPG_02Jun26\GEOSP-TRN-001261\GS_AFD_29-10-2025 ESTACION DE BOMBEO N°2\DJI_20251029163307_0005_V.JPG,1.099,2026-06-11 10:59:53,\\amssclgis10.ams.gmams.cl\cl_mlp_pao\vuelos_drone_sin_procesar\input\20260206_geosupport_primera entrega\solo_jpg_02jun26\geosp-trn-001261\gs_afd_29-10-2025 estacion de bombeo n°2\dji_20251029163307_0005_v.jpg,False
DJI_20251029163308_0006_V.JPG,DJI_20251029163308_0006_V,.jpg,\\amssclgis10.ams.gmams.cl\CL_MLP_PAO\Vuelos_Drone_Sin_Procesar\INPUT\20260206_Geosupport_primera entrega\SOLO_JPG_02Jun26\GEOSP-TRN-001261\GS_AFD_29-10-2025 ESTACION DE BOMBEO N°2\DJI_20251029163308_0006_V.JPG,SOLO_JPG_02Jun26\GEOSP-TRN-001261\GS_AFD_29-10-2025 ESTACION DE BOMBEO N°2\DJI_20251029163308_0006_V.JPG,1.091,2026-06-11 10:59:53,\\amssclgis10.ams.gmams.cl\cl_mlp_pao\vuelos_drone_sin_procesar\input\20260206_geosupport_primera entrega\solo_jpg_02jun26\geosp-trn-001261\gs_afd_29-10-2025 estacion de bombeo n°2\dji_20251029163308_0006_v.jpg,False
DJI_20251029163309_0007_V.JPG,DJI_20251029163309_0007_V,.jpg,\\amssclgis10.ams.gmams.cl\CL_MLP_PAO\Vuelos_Drone_Sin_Procesar\INPUT\20260206_Geosupport_primera entrega\SOLO_JPG_02Jun26\GEOSP-TRN-001261\GS_AFD_29-10-2025 ESTACION DE BOMBEO N°2\DJI_20251029163309_0007_V.JPG,SOLO_JPG_02Jun26\GEOSP-TRN-001261\GS_AFD_29-10-2025 ESTACION DE BOMBEO N°2\DJI_20251029163309_0007_V.JPG,1.087,2026-06-11 10:59:53,\\amssclgis10.ams.gmams.cl\cl_mlp_pao\vuelos_drone_sin_procesar\input\20260206_geosupport_primera entrega\solo_jpg_02jun26\geosp-trn-001261\gs_afd_29-10-2025 estacion de bombeo n°2\dji_20251029163309_0007_v.jpg,False
DJI_20251029163311_0008_V.JPG,DJI_20251029163311_0008_V,.jpg,\\amssclgis10.ams.gmams.cl\CL_MLP_PAO\Vuelos_Drone_Sin_Procesar\INPUT\20260206_Geosupport_primera entrega\SOLO_JPG_02Jun26\GEOSP-TRN-001261\GS_AFD_29-10-2025 ESTACION DE BOMBEO N°2\DJI_20251029163311_0008_V.JPG,SOLO_JPG_02Jun26\GEOSP-TRN-001261\GS_AFD_29-10-2025 ESTACION DE BOMBEO N°2\DJI_20251029163311_0008_V.JPG,1.094,2026-06-11 10:59:54,\\amssclgis10.ams.gmams.cl\cl_mlp_pao\vuelos_drone_sin_procesar\input\20260206_geosupport_primera entrega\solo_jpg_02jun26\geosp-trn-001261\gs_afd_29-10-2025 estacion de bombeo n°2\dji_20251029163311_0008_v.jpg,False
DJI_20251029163313_0009_V.JPG,DJI_20251029163313_0009_V,.jpg,\\amssclgis10.ams.gmams.cl\CL_MLP_PAO\Vuelos_Drone_Sin_Procesar\INPUT\20260206_Geosupport_primera entrega\SOLO_JPG_02Jun26\GEOSP-TRN-001261\GS_AFD_29-10-2025 ESTACION DE BOMBEO N°2\DJI_20251029163313_0009_V.JPG,SOLO_JPG_02Jun26\GEOSP-TRN-001261\GS_AFD_29-10-2025 ESTACION DE BOMBEO N°2\DJI_20251029163313_0009_V.JPG,1.079,2026-06-11 10:59:54,\\amssclgis10.ams.gmams.cl\cl_mlp_pao\vuelos_drone_sin_procesar\input\20260206_geosupport_primera entrega\solo_jpg_02jun26\geosp-trn-001261\gs_afd_29-10-2025 estacion de bombeo n°2\dji_20251029163313_0009_v.jpg,False
DJI_20251029163316_0010_V.JPG,DJI_20251029163316_0010_V,.jpg,\\amssclgis10.ams.gmams.cl\CL_MLP_PAO\Vuelos_Drone_Sin_Procesar\INPUT\20260206_Geosupport_primera entrega\SOLO_JPG_02Jun26\GEOSP-TRN-001261\GS_AFD_29-10-2025 ESTACION DE BOMBEO N°2\DJI_20251029163316_0010_V.JPG,SOLO_JPG_02Jun26\GEOSP-TRN-001261\GS_AFD_29-10-2025 ESTACION DE BOMBEO N°2\DJI_20251029163316_0010_V.JPG,1.058,2026-06-11 10:59:54,\\amssclgis10.ams.gmams.cl\cl_mlp_pao\vuelos_drone_sin_procesar\input\20260206_geosupport_primera entrega\solo_jpg_02jun26\geosp-trn-001261\gs_afd_29-10-2025 estacion de bombeo n°2\dji_20251029163316_0010_v.jpg,False
DJI_20251029163318_0011_V.JPG,DJI_20251029163318_0011_V,.jpg,\\amssclgis10.ams.gmams.cl\CL_MLP_PAO\Vuelos_Drone_Sin_Procesar\INPUT\20260206_Geosupport_primera entrega\SOLO_JPG_02Jun26\GEOSP-TRN-001261\GS_AFD_29-10-2025 ESTACION DE BOMBEO N°2\DJI_20251029163318_0011_V.JPG,SOLO_JPG_02Jun26\GEOSP-TRN-001261\GS_AFD_29-10-2025 ESTACION DE BOMBEO N°2\DJI_20251029163318_0011_V.JPG,1.07,2026-06-11 10:59:54,\\amssclgis10.ams.gmams.cl\cl_mlp_pao\vuelos_drone_sin_procesar\input\20260206_geosupport_primera entrega\solo_jpg_02jun26\geosp-trn-001261\gs_afd_29-10-2025 estacion de bombeo n°2\dji_20251029163318_0011_v.jpg,False
DJI_20251029163319_0012_V.JPG,DJI_20251029163319_0012_V,.jpg,\\amssclgis10.ams.gmams.cl\CL_MLP_PAO\Vuelos_Drone_Sin_Procesar\INPUT\20260206_Geosupport_primera entrega\SOLO_JPG_02Jun26\GEOSP-TRN-001261\GS_AFD_29-10-2025 ESTACION DE BOMBEO N°2\DJI_20251029163319_0012_V.JPG,SOLO_JPG_02Jun26\GEOSP-TRN-001261\GS_AFD_29-10-2025 ESTACION DE BOMBEO N°2\DJI_20251029163319_0012_V.JPG,1.08,2026-06-11 10:59:55,\\amssclgis10.ams.gmams.cl\cl_mlp_pao\vuelos_drone_sin_procesar\input\20260206_geosupport_primera entrega\solo_jpg_02jun26\geosp-trn-001261\gs_afd_29-10-2025 estacion de bombeo n°2\dji_20251029163319_0012_v.jpg,False
DJI_20251029163320_0013_V.JPG,DJI_20251029163320_0013_V,.jpg,\\amssclgis10.ams.gmams.cl\CL_MLP_PAO\Vuelos_Drone_Sin_Procesar\INPUT\20260206_Geosupport_primera entrega\SOLO_JPG_02Jun26\GEOSP-TRN-001261\GS_AFD_29-10-2025 ESTACION DE BOMBEO N°2\DJI_20251029163320_0013_V.JPG,SOLO_JPG_02Jun26\GEOSP-TRN-001261\GS_AFD_29-10-2025 ESTACION DE BOMBEO N°2\DJI_20251029163320_0013_V.JPG,1.064,2026-06-11 10:59:55,\\amssclgis10.ams.gmams.cl\cl_mlp_pao\vuelos_drone_sin_procesar\input\20260206_geosupport_primera entrega\solo_jpg_02jun26\geosp-trn-001261\gs_afd_29-10-2025 estacion de bombeo n°2\dji_20251029163320_0013_v.jpg,False
DJI_20251029163322_0014_V.JPG,DJI_20251029163322_0014_V,.jpg,\\amssclgis10.ams.gmams.cl\CL_MLP_PAO\Vuelos_Drone_Sin_Procesar\INPUT\20260206_Geosupport_primera entrega\SOLO_JPG_02Jun26\GEOSP-TRN-001261\GS_AFD_29-10-2025 ESTACION DE BOMBEO N°2\DJI_20251029163322_0014_V.JPG,SOLO_JPG_02Jun26\GEOSP-TRN-001261\GS_AFD_29-10-2025 ESTACION DE BOMBEO N°2\DJI_20251029163322_0014_V.JPG,1.088,2026-06-11 10:59:55,\\amssclgis10.ams.gmams.cl\cl_mlp_pao\vuelos_drone_sin_procesar\input\20260206_geosupport_primera entrega\solo_jpg_02jun26\geosp-trn-001261\gs_afd_29-10-2025 estacion de bombeo n°2\dji_20251029163322_0014_v.jpg,False
DJI_20251029163323_0015_V.JPG,DJI_20251029163323_0015_V,.jpg,\\amssclgis10.ams.gmams.cl\CL_MLP_PAO\Vuelos_Drone_Sin_Procesar\INPUT\20260206_Geosupport_primera entrega\SOLO_JPG_02Jun26\GEOSP-TRN-001261\GS_AFD_29-10-2025 ESTACION DE BOMBEO N°2\DJI_20251029163323_0015_V.JPG,SOLO_JPG_02Jun26\GEOSP-TRN-001261\GS_AFD_29-10-2025 ESTACION DE BOMBEO N°2\DJI_20251029163323_0015_V.JPG,1.082,2026-06-11 10:59:56,\\amssclgis10.ams.gmams.cl\cl_mlp_pao\vuelos_drone_sin_procesar\input\20260206_geosupport_primera entrega\solo_jpg_02jun26\geosp-trn-001261\gs_afd_29-10-2025 estacion de bombeo n°2\dji_20251029163323_0015_v.jpg,False
DJI_20251029163324_0016_V.JPG,DJI_20251029163324_0016_V,.jpg,\\amssclgis10.ams.gmams.cl\CL_MLP_PAO\Vuelos_Drone_Sin_Procesar\INPUT\20260206_Geosupport_primera entrega\SOLO_JPG_02Jun26\GEOSP-TRN-001261\GS_AFD_29-10-2025 ESTACION DE BOMBEO N°2\DJI_20251029163324_0016_V.JPG,SOLO_JPG_02Jun26\GEOSP-TRN-001261\GS_AFD_29-10-2025 ESTACION DE BOMBEO N°2\DJI_20251029163324_0016_V.JPG,1.107,2026-06-11 10:59:56,\\amssclgis10.ams.gmams.cl\cl_mlp_pao\vuelos_drone_sin_procesar\input\20260206_geosupport_primera entrega\solo_jpg_02jun26\geosp-trn-001261\gs_afd_29-10-2025 estacion de bombeo n°2\dji_20251029163324_0016_v.jpg,False
DJI_20251029163326_0017_V.JPG,DJI_20251029163326_0017_V,.jpg,\\amssclgis10.ams.gmams.cl\CL_MLP_PAO\Vuelos_Drone_Sin_Procesar\INPUT\20260206_Geosupport_primera entrega\SOLO_JPG_02Jun26\GEOSP-TRN-001261\GS_AFD_29-10-2025 ESTACION DE BOMBEO N°2\DJI_20251029163326_0017_V.JPG,SOLO_JPG_02Jun26\GEOSP-TRN-001261\GS_AFD_29-10-2025 ESTACION DE BOMBEO N°2\DJI_20251029163326_0017_V.JPG,1.129,2026-06-11 10:59:56,\\amssclgis10.ams.gmams.cl\cl_mlp_pao\vuelos_drone_sin_procesar\input\20260206_geosupport_primera entrega\solo_jpg_02jun26\geosp-trn-001261\gs_afd_29-10-2025 estacion de bombeo n°2\dji_20251029163326_0017_v.jpg,False
DJI_20251029163327_0018_V.JPG,DJI_20251029163327_0018_V,.jpg,\\amssclgis10.ams.gmams.cl\CL_MLP_PAO\Vuelos_Drone_Sin_Procesar\INPUT\20260206_Geosupport_primera entrega\SOLO_JPG_02Jun26\GEOSP-TRN-001261\GS_AFD_29-10-2025 ESTACION DE BOMBEO N°2\DJI_20251029163327_0018_V.JPG,SOLO_JPG_02Jun26\GEOSP-TRN-001261\GS_AFD_29-10-2025 ESTACION DE BOMBEO N°2\DJI_20251029163327_0018_V.JPG,1.121,2026-06-11 10:59:57,\\amssclgis10.ams.gmams.cl\cl_mlp_pao\vuelos_drone_sin_procesar\input\20260206_geosupport_primera entrega\solo_jpg_02jun26\geosp-trn-001261\gs_afd_29-10-2025 estacion de bombeo n°2\dji_20251029163327_0018_v.jpg,False
DJI_20251029163328_0019_V.JPG,DJI_20251029163328_0019_V,.jpg,\\amssclgis10.ams.gmams.cl\CL_MLP_PAO\Vuelos_Drone_Sin_Procesar\INPUT\20260206_Geosupport_primera entrega\SOLO_JPG_02Jun26\GEOSP-TRN-001261\GS_AFD_29-10-2025 ESTACION DE BOMBEO N°2\DJI_20251029163328_0019_V.JPG,SOLO_JPG_02Jun26\GEOSP-TRN-001261\GS_AFD_29-10-2025 ESTACION DE BOMBEO N°2\DJI_20251029163328_0019_V.JPG,1.094,2026-06-11 10:59:57,\\amssclgis10.ams.gmams.cl\cl_mlp_pao\vuelos_drone_sin_procesar\input\20260206_geosupport_primera entrega\solo_jpg_02jun26\geosp-trn-001261\gs_afd_29-10-2025 estacion de bombeo n°2\dji_20251029163328_0019_v.jpg,False
DJI_20251029163329_0020_V.JPG,DJI_20251029163329_0020_V,.jpg,\\amssclgis10.ams.gmams.cl\CL_MLP_PAO\Vuelos_Drone_Sin_Procesar\INPUT\20260206_Geosupport_primera entrega\SOLO_JPG_02Jun26\GEOSP-TRN-001261\GS_AFD_29-10-2025 ESTACION DE BOMBEO N°2\DJI_20251029163329_0020_V.JPG,SOLO_JPG_02Jun26\GEOSP-TRN-001261\GS_AFD_29-10-2025 ESTACION DE BOMBEO N°2\DJI_20251029163329_0020_V.JPG,1.1,2026-06-11 10:59:58,\\amssclgis10.ams.gmams.cl\cl_mlp_pao\vuelos_drone_sin_procesar\input\20260206_geosupport_primera entrega\solo_jpg_02jun26\geosp-trn-001261\gs_afd_29-10-2025 estacion de bombeo n°2\dji_20251029163329_0020_v.jpg,False
DJI_20251029163331_0021_V.JPG,DJI_20251029163331_0021_V,.jpg,\\amssclgis10.ams.gmams.cl\CL_MLP_PAO\Vuelos_Drone_Sin_Procesar\INPUT\20260206_Geosupport_primera entrega\SOLO_JPG_02Jun26\GEOSP-TRN-001261\GS_AFD_29-10-2025 ESTACION DE BOMBEO N°2\DJI_20251029163331_0021_V.JPG,SOLO_JPG_02Jun26\GEOSP-TRN-001261\GS_AFD_29-10-2025 ESTACION DE BOMBEO N°2\DJI_20251029163331_0021_V.JPG,1.121,2026-06-11 10:59:58,\\amssclgis10.ams.gmams.cl\cl_mlp_pao\vuelos_drone_sin_procesar\input\20260206_geosupport_primera entrega\solo_jpg_02jun26\geosp-trn-001261\gs_afd_29-10-2025 estacion de bombeo n°2\dji_20251029163331_0021_v.jpg,False
DJI_20251029163332_0022_V.JPG,DJI_20251029163332_0022_V,.jpg,\\amssclgis10.ams.gmams.cl\CL_MLP_PAO\Vuelos_Drone_Sin_Procesar\INPUT\20260206_Geosupport_primera entrega\SOLO_JPG_02Jun26\GEOSP-TRN-001261\GS_AFD_29-10-2025 ESTACION DE BOMBEO N°2\DJI_20251029163332_0022_V.JPG,SOLO_JPG_02Jun26\GEOSP-TRN-001261\GS_AFD_29-10-2025 ESTACION DE BOMBEO N°2\DJI_20251029163332_0022_V.JPG,1.098,2026-06-11 10:59:59,\\amssclgis10.ams.gmams.cl\cl_mlp_pao\vuelos_drone_sin_procesar\input\20260206_geosupport_primera entrega\solo_jpg_02jun26\geosp-trn-001261\gs_afd_29-10-2025 estacion de bombeo n°2\dji_20251029163332_0022_v.jpg,False
DJI_20251029163333_0023_V.JPG,DJI_20251029163333_0023_V,.jpg,\\amssclgis10.ams.gmams.cl\CL_MLP_PAO\Vuelos_Drone_Sin_Procesar\INPUT\20260206_Geosupport_primera entrega\SOLO_JPG_02Jun26\GEOSP-TRN-001261\GS_AFD_29-10-2025 ESTACION DE BOMBEO N°2\DJI_20251029163333_0023_V.JPG,SOLO_JPG_02Jun26\GEOSP-TRN-001261\GS_AFD_29-10-2025 ESTACION DE BOMBEO N°2\DJI_20251029163333_0023_V.JPG,1.085,2026-06-11 10:59:59,\\amssclgis10.ams.gmams.cl\cl_mlp_pao\vuelos_drone_sin_procesar\input\20260206_geosupport_primera entrega\solo_jpg_02jun26\geosp-trn-001261\gs_afd_29-10-2025 estacion de bombeo n°2\dji_20251029163333_0023_v.jpg,False
DJI_20251029163335_0024_V.JPG,DJI_20251029163335_0024_V,.jpg,\\amssclgis10.ams.gmams.cl\CL_MLP_PAO\Vuelos_Drone_Sin_Procesar\INPUT\20260206_Geosupport_primera entrega\SOLO_JPG_02Jun26\GEOSP-TRN-001261\GS_AFD_29-10-2025 ESTACION DE BOMBEO N°2\DJI_20251029163335_0024_V.JPG,SOLO_JPG_02Jun26\GEOSP-TRN-001261\GS_AFD_29-10-2025 ESTACION DE BOMBEO N°2\DJI_20251029163335_0024_V.JPG,1.084,2026-06-11 11:00:00,\\amssclgis10.ams.gmams.cl\cl_mlp_pao\vuelos_drone_sin_procesar\input\20260206_geosupport_primera entrega\solo_jpg_02jun26\geosp-trn-001261\gs_afd_29-10-2025 estacion de bombeo n°2\dji_20251029163335_0024_v.jpg,False
DJI_20251029163337_0025_V.JPG,DJI_20251029163337_0025_V,.jpg,\\amssclgis10.ams.gmams.cl\CL_MLP_PAO\Vuelos_Drone_Sin_Procesar\INPUT\20260206_Geosupport_primera entrega\SOLO_JPG_02Jun26\GEOSP-TRN-001261\GS_AFD_29-10-2025 ESTACION DE BOMBEO N°2\DJI_20251029163337_0025_V.JPG,SOLO_JPG_02Jun26\GEOSP-TRN-001261\GS_AFD_29-10-2025 ESTACION DE BOMBEO N°2\DJI_20251029163337_0025_V.JPG,1.063,2026-06-11 11:00:00,\\amssclgis10.ams.gmams.cl\cl_mlp_pao\vuelos_drone_sin_procesar\input\20260206_geosupport_primera entrega\solo_jpg_02jun26\geosp-trn-001261\gs_afd_29-10-2025 estacion de bombeo n°2\dji_20251029163337_0025_v.jpg,False
DJI_20251029163339_0026_V.JPG,DJI_20251029163339_0026_V,.jpg,\\amssclgis10.ams.gmams.cl\CL_MLP_PAO\Vuelos_Drone_Sin_Procesar\INPUT\20260206_Geosupport_primera entrega\SOLO_JPG_02Jun26\GEOSP-TRN-001261\GS_AFD_29-10-2025 ESTACION DE BOMBEO N°2\DJI_20251029163339_0026_V.JPG,SOLO_JPG_02Jun26\GEOSP-TRN-001261\GS_AFD_29-10-2025 ESTACION DE BOMBEO N°2\DJI_20251029163339_0026_V.JPG,1.103,2026-06-11 11:00:01,\\amssclgis10.ams.gmams.cl\cl_mlp_pao\vuelos_drone_sin_procesar\input\20260206_geosupport_primera entrega\solo_jpg_02jun26\geosp-trn-001261\gs_afd_29-10-2025 estacion de bombeo n°2\dji_20251029163339_0026_v.jpg,False
DJI_20251029163340_0027_V.JPG,DJI_20251029163340_0027_V,.jpg,\\amssclgis10.ams.gmams.cl\CL_MLP_PAO\Vuelos_Drone_Sin_Procesar\INPUT\20260206_Geosupport_primera entrega\SOLO_JPG_02Jun26\GEOSP-TRN-001261\GS_AFD_29-10-2025 ESTACION DE BOMBEO N°2\DJI_20251029163340_0027_V.JPG,SOLO_JPG_02Jun26\GEOSP-TRN-001261\GS_AFD_29-10-2025 ESTACION DE BOMBEO N°2\DJI_20251029163340_0027_V.JPG,1.09,2026-06-11 11:00:01,\\amssclgis10.ams.gmams.cl\cl_mlp_pao\vuelos_drone_sin_procesar\input\20260206_geosupport_primera entrega\solo_jpg_02jun26\geosp-trn-001261\gs_afd_29-10-2025 estacion de bombeo n°2\dji_20251029163340_0027_v.jpg,False
DJI_20251029163342_0028_V.JPG,DJI_20251029163342_0028_V,.jpg,\\amssclgis10.ams.gmams.cl\CL_MLP_PAO\Vuelos_Drone_Sin_Procesar\INPUT\20260206_Geosupport_primera entrega\SOLO_JPG_02Jun26\GEOSP-TRN-001261\GS_AFD_29-10-2025 ESTACION DE BOMBEO N°2\DJI_20251029163342_0028_V.JPG,SOLO_JPG_02Jun26\GEOSP-TRN-001261\GS_AFD_29-10-2025 ESTACION DE BOMBEO N°2\DJI_20251029163342_0028_V.JPG,1.085,2026-06-11 11:00:02,\\amssclgis10.ams.gmams.cl\cl_mlp_pao\vuelos_drone_sin_procesar\input\20260206_geosupport_primera entrega\solo_jpg_02jun26\geosp-trn-001261\gs_afd_29-10-2025 estacion de bombeo n°2\dji_20251029163342_0028_v.jpg,False
DJI_20251029163343_0029_V.JPG,DJI_20251029163343_0029_V,.jpg,\\amssclgis10.ams.gmams.cl\CL_MLP_PAO\Vuelos_Drone_Sin_Procesar\INPUT\20260206_Geosupport_primera entrega\SOLO_JPG_02Jun26\GEOSP-TRN-001261\GS_AFD_29-10-2025 ESTACION DE BOMBEO N°2\DJI_20251029163343_0029_V.JPG,SOLO_JPG_02Jun26\GEOSP-TRN-001261\GS_AFD_29-10-2025 ESTACION DE BOMBEO N°2\DJI_20251029163343_0029_V.JPG,1.112,2026-06-11 11:00:03,\\amssclgis10.ams.gmams.cl\cl_mlp_pao\vuelos_drone_sin_procesar\input\20260206_geosupport_primera entrega\solo_jpg_02jun26\geosp-trn-001261\gs_afd_29-10-2025 estacion de bombeo n°2\dji_20251029163343_0029_v.jpg,False
DJI_20251029163345_0030_V.JPG,DJI_20251029163345_0030_V,.jpg,\\amssclgis10.ams.gmams.cl\CL_MLP_PAO\Vuelos_Drone_Sin_Procesar\INPUT\20260206_Geosupport_primera entrega\SOLO_JPG_02Jun26\GEOSP-TRN-001261\GS_AFD_29-10-2025 ESTACION DE BOMBEO N°2\DJI_20251029163345_0030_V.JPG,SOLO_JPG_02Jun26\GEOSP-TRN-001261\GS_AFD_29-10-2025 ESTACION DE BOMBEO N°2\DJI_20251029163345_0030_V.JPG,1.119,2026-06-11 11:00:03,\\amssclgis10.ams.gmams.cl\cl_mlp_pao\vuelos_drone_sin_procesar\input\20260206_geosupport_primera entrega\solo_jpg_02jun26\geosp-trn-001261\gs_afd_29-10-2025 estacion de bombeo n°2\dji_20251029163345_0030_v.jpg,False
DJI_20251029163346_0031_V.JPG,DJI_20251029163346_0031_V,.jpg,\\amssclgis10.ams.gmams.cl\CL_MLP_PAO\Vuelos_Drone_Sin_Procesar\INPUT\20260206_Geosupport_primera entrega\SOLO_JPG_02Jun26\GEOSP-TRN-001261\GS_AFD_29-10-2025 ESTACION DE BOMBEO N°2\DJI_20251029163346_0031_V.JPG,SOLO_JPG_02Jun26\GEOSP-TRN-001261\GS_AFD_29-10-2025 ESTACION DE BOMBEO N°2\DJI_20251029163346_0031_V.JPG,1.117,2026-06-11 11:00:04,\\amssclgis10.ams.gmams.cl\cl_mlp_pao\vuelos_drone_sin_procesar\input\20260206_geosupport_primera entrega\solo_jpg_02jun26\geosp-trn-001261\gs_afd_29-10-2025 estacion de bombeo n°2\dji_20251029163346_0031_v.jpg,False
DJI_20251029163347_0032_V.JPG,DJI_20251029163347_0032_V,.jpg,\\amssclgis10.ams.gmams.cl\CL_MLP_PAO\Vuelos_Drone_Sin_Procesar\INPUT\20260206_Geosupport_primera entrega\SOLO_JPG_02Jun26\GEOSP-TRN-001261\GS_AFD_29-10-2025 ESTACION DE BOMBEO N°2\DJI_20251029163347_0032_V.JPG,SOLO_JPG_02Jun26\GEOSP-TRN-001261\GS_AFD_29-10-2025 ESTACION DE BOMBEO N°2\DJI_20251029163347_0032_V.JPG,1.143,2026-06-11 11:00:04,\\amssclgis10.ams.gmams.cl\cl_mlp_pao\vuelos_drone_sin_procesar\input\20260206_geosupport_primera entrega\solo_jpg_02jun26\geosp-trn-001261\gs_afd_29-10-2025 estacion de bombeo n°2\dji_20251029163347_0032_v.jpg,False
DJI_20251029163353_0033_V.JPG,DJI_20251029163353_0033_V,.jpg,\\amssclgis10.ams.gmams.cl\CL_MLP_PAO\Vuelos_Drone_Sin_Procesar\INPUT\20260206_Geosupport_primera entrega\SOLO_JPG_02Jun26\GEOSP-TRN-001261\GS_AFD_29-10-2025 ESTACION DE BOMBEO N°2\DJI_20251029163353_0033_V.JPG,SOLO_JPG_02Jun26\GEOSP-TRN-001261\GS_AFD_29-10-2025 ESTACION DE BOMBEO N°2\DJI_20251029163353_0033_V.JPG,1.079,2026-06-11 11:00:05,\\amssclgis10.ams.gmams.cl\cl_mlp_pao\vuelos_drone_sin_procesar\input\20260206_geosupport_primera entrega\solo_jpg_02jun26\geosp-trn-001261\gs_afd_29-10-2025 estacion de bombeo n°2\dji_20251029163353_0033_v.jpg,False
DJI_20251029163354_0034_V.JPG,DJI_20251029163354_0034_V,.jpg,\\amssclgis10.ams.gmams.cl\CL_MLP_PAO\Vuelos_Drone_Sin_Procesar\INPUT\20260206_Geosupport_primera entrega\SOLO_JPG_02Jun26\GEOSP-TRN-001261\GS_AFD_29-10-2025 ESTACION DE BOMBEO N°2\DJI_20251029163354_0034_V.JPG,SOLO_JPG_02Jun26\GEOSP-TRN-001261\GS_AFD_29-10-2025 ESTACION DE BOMBEO N°2\DJI_20251029163354_0034_V.JPG,1.078,2026-06-11 11:00:06,\\amssclgis10.ams.gmams.cl\cl_mlp_pao\vuelos_drone_sin_procesar\input\20260206_geosupport_primera entrega\solo_jpg_02jun26\geosp-trn-001261\gs_afd_29-10-2025 estacion de bombeo n°2\dji_20251029163354_0034_v.jpg,False
DJI_20251029163355_0035_V.JPG,DJI_20251029163355_0035_V,.jpg,\\amssclgis10.ams.gmams.cl\CL_MLP_PAO\Vuelos_Drone_Sin_Procesar\INPUT\20260206_Geosupport_primera entrega\SOLO_JPG_02Jun26\GEOSP-TRN-001261\GS_AFD_29-10-2025 ESTACION DE BOMBEO N°2\DJI_20251029163355_0035_V.JPG,SOLO_JPG_02Jun26\GEOSP-TRN-001261\GS_AFD_29-10-2025 ESTACION DE BOMBEO N°2\DJI_20251029163355_0035_V.JPG,1.095,2026-06-11 11:00:06,\\amssclgis10.ams.gmams.cl\cl_mlp_pao\vuelos_drone_sin_procesar\input\20260206_geosupport_primera entrega\solo_jpg_02jun26\geosp-trn-001261\gs_afd_29-10-2025 estacion de bombeo n°2\dji_20251029163355_0035_v.jpg,False
DJI_20251029163356_0036_V.JPG,DJI_20251029163356_0036_V,.jpg,\\amssclgis10.ams.gmams.cl\CL_MLP_PAO\Vuelos_Drone_Sin_Procesar\INPUT\20260206_Geosupport_primera entrega\SOLO_JPG_02Jun26\GEOSP-TRN-001261\GS_AFD_29-10-2025 ESTACION DE BOMBEO N°2\DJI_20251029163356_0036_V.JPG,SOLO_JPG_02Jun26\GEOSP-TRN-001261\GS_AFD_29-10-2025 ESTACION DE BOMBEO N°2\DJI_20251029163356_0036_V.JPG,1.109,2026-06-11 11:00:07,\\amssclgis10.ams.gmams.cl\cl_mlp_pao\vuelos_drone_sin_procesar\input\20260206_geosupport_primera entrega\solo_jpg_02jun26\geosp-trn-001261\gs_afd_29-10-2025 estacion de bombeo n°2\dji_20251029163356_0036_v.jpg,False
DJI_20251029163357_0037_V.JPG,DJI_20251029163357_0037_V,.jpg,\\amssclgis10.ams.gmams.cl\CL_MLP_PAO\Vuelos_Drone_Sin_Procesar\INPUT\20260206_Geosupport_primera entrega\SOLO_JPG_02Jun26\GEOSP-TRN-001261\GS_AFD_29-10-2025 ESTACION DE BOMBEO N°2\DJI_20251029163357_0037_V.JPG,SOLO_JPG_02Jun26\GEOSP-TRN-001261\GS_AFD_29-10-2025 ESTACION DE BOMBEO N°2\DJI_20251029163357_0037_V.JPG,1.097,2026-06-11 11:00:08,\\amssclgis10.ams.gmams.cl\cl_mlp_pao\vuelos_drone_sin_procesar\input\20260206_geosupport_primera entrega\solo_jpg_02jun26\geosp-trn-001261\gs_afd_29-10-2025 estacion de bombeo n°2\dji_20251029163357_0037_v.jpg,False
DJI_20251029163359_0038_V.JPG,DJI_20251029163359_0038_V,.jpg,\\amssclgis10.ams.gmams.cl\CL_MLP_PAO\Vuelos_Drone_Sin_Procesar\INPUT\20260206_Geosupport_primera entrega\SOLO_JPG_02Jun26\GEOSP-TRN-001261\GS_AFD_29-10-2025 ESTACION DE BOMBEO N°2\DJI_20251029163359_0038_V.JPG,SOLO_JPG_02Jun26\GEOSP-TRN-001261\GS_AFD_29-10-2025 ESTACION DE BOMBEO N°2\DJI_20251029163359_0038_V.JPG,1.104,2026-06-11 11:00:08,\\amssclgis10.ams.gmams.cl\cl_mlp_pao\vuelos_drone_sin_procesar\input\20260206_geosupport_primera entrega\solo_jpg_02jun26\geosp-trn-001261\gs_afd_29-10-2025 estacion de bombeo n°2\dji_20251029163359_0038_v.jpg,False
DJI_20251029163414_0039_V.JPG,DJI_20251029163414_0039_V,.jpg,\\amssclgis10.ams.gmams.cl\CL_MLP_PAO\Vuelos_Drone_Sin_Procesar\INPUT\20260206_Geosupport_primera entrega\SOLO_JPG_02Jun26\GEOSP-TRN-001261\GS_AFD_29-10-2025 ESTACION DE BOMBEO N°2\DJI_20251029163414_0039_V.JPG,SOLO_JPG_02Jun26\GEOSP-TRN-001261\GS_AFD_29-10-2025 ESTACION DE BOMBEO N°2\DJI_20251029163414_0039_V.JPG,1.068,2026-06-11 11:00:09,\\amssclgis10.ams.gmams.cl\cl_mlp_pao\vuelos_drone_sin_procesar\input\20260206_geosupport_primera entrega\solo_jpg_02jun26\geosp-trn-001261\gs_afd_29-10-2025 estacion de bombeo n°2\dji_20251029163414_0039_v.jpg,False
DJI_20251107111138_0001_V.JPG,DJI_20251107111138_0001_V,.jpg,\\amssclgis10.ams.gmams.cl\CL_MLP_PAO\Vuelos_Drone_Sin_Procesar\INPUT\20260206_Geosupport_primera entrega\SOLO_JPG_02Jun26\GEOSP-TRN-001319\GS_AFD_EB2_07-11-2025\DJI_20251107111138_0001_V.JPG,SOLO_JPG_02Jun26\GEOSP-TRN-001319\GS_AFD_EB2_07-11-2025\DJI_20251107111138_0001_V.JPG,1.146,2026-06-11 11:00:09,\\amssclgis10.ams.gmams.cl\cl_mlp_pao\vuelos_drone_sin_procesar\input\20260206_geosupport_primera entrega\solo_jpg_02jun26\geosp-trn-001319\gs_afd_eb2_07-11-2025\dji_20251107111138_0001_v.jpg,False
DJI_20251107111210_0003_V.JPG,DJI_20251107111210_0003_V,.jpg,\\amssclgis10.ams.gmams.cl\CL_MLP_PAO\Vuelos_Drone_Sin_Procesar\INPUT\20260206_Geosupport_primera entrega\SOLO_JPG_02Jun26\GEOSP-TRN-001319\GS_AFD_EB2_07-11-2025\DJI_20251107111210_0003_V.JPG,SOLO_JPG_02Jun26\GEOSP-TRN-001319\GS_AFD_EB2_07-11-2025\DJI_20251107111210_0003_V.JPG,1.086,2026-06-11 11:00:10,\\amssclgis10.ams.gmams.cl\cl_mlp_pao\vuelos_drone_sin_procesar\input\20260206_geosupport_primera entrega\solo_jpg_02jun26\geosp-trn-001319\gs_afd_eb2_07-11-2025\dji_20251107111210_0003_v.jpg,False
DJI_20251107111225_0004_V.JPG,DJI_20251107111225_0004_V,.jpg,\\amssclgis10.ams.gmams.cl\CL_MLP_PAO\Vuelos_Drone_Sin_Procesar\INPUT\20260206_Geosupport_primera entrega\SOLO_JPG_02Jun26\GEOSP-TRN-001319\GS_AFD_EB2_07-11-2025\DJI_20251107111225_0004_V.JPG,SOLO_JPG_02Jun26\GEOSP-TRN-001319\GS_AFD_EB2_07-11-2025\DJI_20251107111225_0004_V.JPG,1.072,2026-06-11 11:00:10,\\amssclgis10.ams.gmams.cl\cl_mlp_pao\vuelos_drone_sin_procesar\input\20260206_geosupport_primera entrega\solo_jpg_02jun26\geosp-trn-001319\gs_afd_eb2_07-11-2025\dji_20251107111225_0004_v.jpg,False
DJI_20251107111239_0005_V.JPG,DJI_20251107111239_0005_V,.jpg,\\amssclgis10.ams.gmams.cl\CL_MLP_PAO\Vuelos_Drone_Sin_Procesar\INPUT\20260206_Geosupport_primera entrega\SOLO_JPG_02Jun26\GEOSP-TRN-001319\GS_AFD_EB2_07-11-2025\DJI_20251107111239_0005_V.JPG,SOLO_JPG_02Jun26\GEOSP-TRN-001319\GS_AFD_EB2_07-11-2025\DJI_20251107111239_0005_V.JPG,1.07,2026-06-11 11:00:11,\\amssclgis10.ams.gmams.cl\cl_mlp_pao\vuelos_drone_sin_procesar\input\20260206_geosupport_primera entrega\solo_jpg_02jun26\geosp-trn-001319\gs_afd_eb2_07-11-2025\dji_20251107111239_0005_v.jpg,False
DJI_20251107111248_0006_V.JPG,DJI_20251107111248_0006_V,.jpg,\\amssclgis10.ams.gmams.cl\CL_MLP_PAO\Vuelos_Drone_Sin_Procesar\INPUT\20260206_Geosupport_primera entrega\SOLO_JPG_02Jun26\GEOSP-TRN-001319\GS_AFD_EB2_07-11-2025\DJI_20251107111248_0006_V.JPG,SOLO_JPG_02Jun26\GEOSP-TRN-001319\GS_AFD_EB2_07-11-2025\DJI_20251107111248_0006_V.JPG,1.126,2026-06-11 11:00:11,\\amssclgis10.ams.gmams.cl\cl_mlp_pao\vuelos_drone_sin_procesar\input\20260206_geosupport_primera entrega\solo_jpg_02jun26\geosp-trn-001319\gs_afd_eb2_07-11-2025\dji_20251107111248_0006_v.jpg,False
DJI_20251107111255_0007_V.JPG,DJI_20251107111255_0007_V,.jpg,\\amssclgis10.ams.gmams.cl\CL_MLP_PAO\Vuelos_Drone_Sin_Procesar\INPUT\20260206_Geosupport_primera entrega\SOLO_JPG_02Jun26\GEOSP-TRN-001319\GS_AFD_EB2_07-11-2025\DJI_20251107111255_0007_V.JPG,SOLO_JPG_02Jun26\GEOSP-TRN-001319\GS_AFD_EB2_07-11-2025\DJI_20251107111255_0007_V.JPG,1.222,2026-06-11 11:00:12,\\amssclgis10.ams.gmams.cl\cl_mlp_pao\vuelos_drone_sin_procesar\input\20260206_geosupport_primera entrega\solo_jpg_02jun26\geosp-trn-001319\gs_afd_eb2_07-11-2025\dji_20251107111255_0007_v.jpg,False
DJI_20251107111306_0008_V.JPG,DJI_20251107111306_0008_V,.jpg,\\amssclgis10.ams.gmams.cl\CL_MLP_PAO\Vuelos_Drone_Sin_Procesar\INPUT\20260206_Geosupport_primera entrega\SOLO_JPG_02Jun26\GEOSP-TRN-001319\GS_AFD_EB2_07-11-2025\DJI_20251107111306_0008_V.JPG,SOLO_JPG_02Jun26\GEOSP-TRN-001319\GS_AFD_EB2_07-11-2025\DJI_20251107111306_0008_V.JPG,1.216,2026-06-11 11:00:13,\\amssclgis10.ams.gmams.cl\cl_mlp_pao\vuelos_drone_sin_procesar\input\20260206_geosupport_primera entrega\solo_jpg_02jun26\geosp-trn-001319\gs_afd_eb2_07-11-2025\dji_20251107111306_0008_v.jpg,False
DJI_20251112160046_0002_V.JPG,DJI_20251112160046_0002_V,.jpg,\\amssclgis10.ams.gmams.cl\CL_MLP_PAO\Vuelos_Drone_Sin_Procesar\INPUT\20260206_Geosupport_primera entrega\SOLO_JPG_02Jun26\GEOSP-TRN-001354\DJI_202511121556_007\DJI_20251112160046_0002_V.JPG,SOLO_JPG_02Jun26\GEOSP-TRN-001354\DJI_202511121556_007\DJI_20251112160046_0002_V.JPG,0.883,2026-06-11 11:00:13,\\amssclgis10.ams.gmams.cl\cl_mlp_pao\vuelos_drone_sin_procesar\input\20260206_geosupport_primera entrega\solo_jpg_02jun26\geosp-trn-001354\dji_202511121556_007\dji_20251112160046_0002_v.jpg,False
DJI_20251112160056_0003_V.JPG,DJI_20251112160056_0003_V,.jpg,\\amssclgis10.ams.gmams.cl\CL_MLP_PAO\Vuelos_Drone_Sin_Procesar\INPUT\20260206_Geosupport_primera entrega\SOLO_JPG_02Jun26\GEOSP-TRN-001354\DJI_202511121556_007\DJI_20251112160056_0003_V.JPG,SOLO_JPG_02Jun26\GEOSP-TRN-001354\DJI_202511121556_007\DJI_20251112160056_0003_V.JPG,0.879,2026-06-11 11:00:13,\\amssclgis10.ams.gmams.cl\cl_mlp_pao\vuelos_drone_sin_procesar\input\20260206_geosupport_primera entrega\solo_jpg_02jun26\geosp-trn-001354\dji_202511121556_007\dji_20251112160056_0003_v.jpg,False
DJI_20251112160110_0004_V.JPG,DJI_20251112160110_0004_V,.jpg,\\amssclgis10.ams.gmams.cl\CL_MLP_PAO\Vuelos_Drone_Sin_Procesar\INPUT\20260206_Geosupport_primera entrega\SOLO_JPG_02Jun26\GEOSP-TRN-001354\DJI_202511121556_007\DJI_20251112160110_0004_V.JPG,SOLO_JPG_02Jun26\GEOSP-TRN-001354\DJI_202511121556_007\DJI_20251112160110_0004_V.JPG,0.871,2026-06-11 11:00:14,\\amssclgis10.ams.gmams.cl\cl_mlp_pao\vuelos_drone_sin_procesar\input\20260206_geosupport_primera entrega\solo_jpg_02jun26\geosp-trn-001354\dji_202511121556_007\dji_20251112160110_0004_v.jpg,False
DJI_20251112160118_0005_V.JPG,DJI_20251112160118_0005_V,.jpg,\\amssclgis10.ams.gmams.cl\CL_MLP_PAO\Vuelos_Drone_Sin_Procesar\INPUT\20260206_Geosupport_primera entrega\SOLO_JPG_02Jun26\GEOSP-TRN-001354\DJI_202511121556_007\DJI_20251112160118_0005_V.JPG,SOLO_JPG_02Jun26\GEOSP-TRN-001354\DJI_202511121556_007\DJI_20251112160118_0005_V.JPG,0.867,2026-06-11 11:00:14,\\amssclgis10.ams.gmams.cl\cl_mlp_pao\vuelos_drone_sin_procesar\input\20260206_geosupport_primera entrega\solo_jpg_02jun26\geosp-trn-001354\dji_202511121556_007\dji_20251112160118_0005_v.jpg,False
DJI_20251112160124_0006_V.JPG,DJI_20251112160124_0006_V,.jpg,\\amssclgis10.ams.gmams.cl\CL_MLP_PAO\Vuelos_Drone_Sin_Procesar\INPUT\20260206_Geosupport_primera entrega\SOLO_JPG_02Jun26\GEOSP-TRN-001354\DJI_202511121556_007\DJI_20251112160124_0006_V.JPG,SOLO_JPG_02Jun26\GEOSP-TRN-001354\DJI_202511121556_007\DJI_20251112160124_0006_V.JPG,0.878,2026-06-11 11:00:14,\\amssclgis10.ams.gmams.cl\cl_mlp_pao\vuelos_drone_sin_procesar\input\20260206_geosupport_primera entrega\solo_jpg_02jun26\geosp-trn-001354\dji_202511121556_007\dji_20251112160124_0006_v.jpg,False
DJI_20251112160132_0007_V.JPG,DJI_20251112160132_0007_V,.jpg,\\amssclgis10.ams.gmams.cl\CL_MLP_PAO\Vuelos_Drone_Sin_Procesar\INPUT\20260206_Geosupport_primera entrega\SOLO_JPG_02Jun26\GEOSP-TRN-001354\DJI_202511121556_007\DJI_20251112160132_0007_V.JPG,SOLO_JPG_02Jun26\GEOSP-TRN-001354\DJI_202511121556_007\DJI_20251112160132_0007_V.JPG,0.871,2026-06-11 11:00:14,\\amssclgis10.ams.gmams.cl\cl_mlp_pao\vuelos_drone_sin_procesar\input\20260206_geosupport_primera entrega\solo_jpg_02jun26\geosp-trn-001354\dji_202511121556_007\dji_20251112160132_0007_v.jpg,False
DJI_20251112160145_0008_V.JPG,DJI_20251112160145_0008_V,.jpg,\\amssclgis10.ams.gmams.cl\CL_MLP_PAO\Vuelos_Drone_Sin_Procesar\INPUT\20260206_Geosupport_primera entrega\SOLO_JPG_02Jun26\GEOSP-TRN-001354\DJI_202511121556_007\DJI_20251112160145_0008_V.JPG,SOLO_JPG_02Jun26\GEOSP-TRN-001354\DJI_202511121556_007\DJI_20251112160145_0008_V.JPG,0.861,2026-06-11 11:00:15,\\amssclgis10.ams.gmams.cl\cl_mlp_pao\vuelos_drone_sin_procesar\input\20260206_geosupport_primera entrega\solo_jpg_02jun26\geosp-trn-001354\dji_202511121556_007\dji_20251112160145_0008_v.jpg,False
DJI_20251112160154_0009_V.JPG,DJI_20251112160154_0009_V,.jpg,\\amssclgis10.ams.gmams.cl\CL_MLP_PAO\Vuelos_Drone_Sin_Procesar\INPUT\20260206_Geosupport_primera entrega\SOLO_JPG_02Jun26\GEOSP-TRN-001354\DJI_202511121556_007\DJI_20251112160154_0009_V.JPG,SOLO_JPG_02Jun26\GEOSP-TRN-001354\DJI_202511121556_007\DJI_20251112160154_0009_V.JPG,0.872,2026-06-11 11:00:15,\\amssclgis10.ams.gmams.cl\cl_mlp_pao\vuelos_drone_sin_procesar\input\20260206_geosupport_primera entrega\solo_jpg_02jun26\geosp-trn-001354\dji_202511121556_007\dji_20251112160154_0009_v.jpg,False
DJI_20251112160205_0010_V.JPG,DJI_20251112160205_0010_V,.jpg,\\amssclgis10.ams.gmams.cl\CL_MLP_PAO\Vuelos_Drone_Sin_Procesar\INPUT\20260206_Geosupport_primera entrega\SOLO_JPG_02Jun26\GEOSP-TRN-001354\DJI_202511121556_007\DJI_20251112160205_0010_V.JPG,SOLO_JPG_02Jun26\GEOSP-TRN-001354\DJI_202511121556_007\DJI_20251112160205_0010_V.JPG,0.889,2026-06-11 11:00:15,\\amssclgis10.ams.gmams.cl\cl_mlp_pao\vuelos_drone_sin_procesar\input\20260206_geosupport_primera entrega\solo_jpg_02jun26\geosp-trn-001354\dji_202511121556_007\dji_20251112160205_0010_v.jpg,False
DJI_20251112160212_0011_V.JPG,DJI_20251112160212_0011_V,.jpg,\\amssclgis10.ams.gmams.cl\CL_MLP_PAO\Vuelos_Drone_Sin_Procesar\INPUT\20260206_Geosupport_primera entrega\SOLO_JPG_02Jun26\GEOSP-TRN-001354\DJI_202511121556_007\DJI_20251112160212_0011_V.JPG,SOLO_JPG_02Jun26\GEOSP-TRN-001354\DJI_202511121556_007\DJI_20251112160212_0011_V.JPG,0.885,2026-06-11 11:00:16,\\amssclgis10.ams.gmams.cl\cl_mlp_pao\vuelos_drone_sin_procesar\input\20260206_geosupport_primera entrega\solo_jpg_02jun26\geosp-trn-001354\dji_202511121556_007\dji_20251112160212_0011_v.jpg,False
DJI_20251112160225_0012_V.JPG,DJI_20251112160225_0012_V,.jpg,\\amssclgis10.ams.gmams.cl\CL_MLP_PAO\Vuelos_Drone_Sin_Procesar\INPUT\20260206_Geosupport_primera entrega\SOLO_JPG_02Jun26\GEOSP-TRN-001354\DJI_202511121556_007\DJI_20251112160225_0012_V.JPG,SOLO_JPG_02Jun26\GEOSP-TRN-001354\DJI_202511121556_007\DJI_20251112160225_0012_V.JPG,0.929,2026-06-11 11:00:16,\\amssclgis10.ams.gmams.cl\cl_mlp_pao\vuelos_drone_sin_procesar\input\20260206_geosupport_primera entrega\solo_jpg_02jun26\geosp-trn-001354\dji_202511121556_007\dji_20251112160225_0012_v.jpg,False
DJI_20251112160232_0013_V.JPG,DJI_20251112160232_0013_V,.jpg,\\amssclgis10.ams.gmams.cl\CL_MLP_PAO\Vuelos_Drone_Sin_Procesar\INPUT\20260206_Geosupport_primera entrega\SOLO_JPG_02Jun26\GEOSP-TRN-001354\DJI_202511121556_007\DJI_20251112160232_0013_V.JPG,SOLO_JPG_02Jun26\GEOSP-TRN-001354\DJI_202511121556_007\DJI_20251112160232_0013_V.JPG,0.913,2026-06-11 11:00:16,\\amssclgis10.ams.gmams.cl\cl_mlp_pao\vuelos_drone_sin_procesar\input\20260206_geosupport_primera entrega\solo_jpg_02jun26\geosp-trn-001354\dji_202511121556_007\dji_20251112160232_0013_v.jpg,False
DJI_20251112160239_0014_V.JPG,DJI_20251112160239_0014_V,.jpg,\\amssclgis10.ams.gmams.cl\CL_MLP_PAO\Vuelos_Drone_Sin_Procesar\INPUT\20260206_Geosupport_primera entrega\SOLO_JPG_02Jun26\GEOSP-TRN-001354\DJI_202511121556_007\DJI_20251112160239_0014_V.JPG,SOLO_JPG_02Jun26\GEOSP-TRN-001354\DJI_202511121556_007\DJI_20251112160239_0014_V.JPG,0.897,2026-06-11 11:00:16,\\amssclgis10.ams.gmams.cl\cl_mlp_pao\vuelos_drone_sin_procesar\input\20260206_geosupport_primera entrega\solo_jpg_02jun26\geosp-trn-001354\dji_202511121556_007\dji_20251112160239_0014_v.jpg,False
DJI_20251112160247_0015_V.JPG,DJI_20251112160247_0015_V,.jpg,\\amssclgis10.ams.gmams.cl\CL_MLP_PAO\Vuelos_Drone_Sin_Procesar\INPUT\20260206_Geosupport_primera entrega\SOLO_JPG_02Jun26\GEOSP-TRN-001354\DJI_202511121556_007\DJI_20251112160247_0015_V.JPG,SOLO_JPG_02Jun26\GEOSP-TRN-001354\DJI_202511121556_007\DJI_20251112160247_0015_V.JPG,0.884,2026-06-11 11:00:17,\\amssclgis10.ams.gmams.cl\cl_mlp_pao\vuelos_drone_sin_procesar\input\20260206_geosupport_primera entrega\solo_jpg_02jun26\geosp-trn-001354\dji_202511121556_007\dji_20251112160247_0015_v.jpg,False
DJI_20251112160258_0016_V.JPG,DJI_20251112160258_0016_V,.jpg,\\amssclgis10.ams.gmams.cl\CL_MLP_PAO\Vuelos_Drone_Sin_Procesar\INPUT\20260206_Geosupport_primera entrega\SOLO_JPG_02Jun26\GEOSP-TRN-001354\DJI_202511121556_007\DJI_20251112160258_0016_V.JPG,SOLO_JPG_02Jun26\GEOSP-TRN-001354\DJI_202511121556_007\DJI_20251112160258_0016_V.JPG,0.889,2026-06-11 11:00:17,\\amssclgis10.ams.gmams.cl\cl_mlp_pao\vuelos_drone_sin_procesar\input\20260206_geosupport_primera entrega\solo_jpg_02jun26\geosp-trn-001354\dji_202511121556_007\dji_20251112160258_0016_v.jpg,False
DJI_20251112160309_0017_V.JPG,DJI_20251112160309_0017_V,.jpg,\\amssclgis10.ams.gmams.cl\CL_MLP_PAO\Vuelos_Drone_Sin_Procesar\INPUT\20260206_Geosupport_primera entrega\SOLO_JPG_02Jun26\GEOSP-TRN-001354\DJI_202511121556_007\DJI_20251112160309_0017_V.JPG,SOLO_JPG_02Jun26\GEOSP-TRN-001354\DJI_202511121556_007\DJI_20251112160309_0017_V.JPG,0.888,2026-06-11 11:00:17,\\amssclgis10.ams.gmams.cl\cl_mlp_pao\vuelos_drone_sin_procesar\input\20260206_geosupport_primera entrega\solo_jpg_02jun26\geosp-trn-001354\dji_202511121556_007\dji_20251112160309_0017_v.jpg,False
DJI_20251112160317_0018_V.JPG,DJI_20251112160317_0018_V,.jpg,\\amssclgis10.ams.gmams.cl\CL_MLP_PAO\Vuelos_Drone_Sin_Procesar\INPUT\20260206_Geosupport_primera entrega\SOLO_JPG_02Jun26\GEOSP-TRN-001354\DJI_202511121556_007\DJI_20251112160317_0018_V.JPG,SOLO_JPG_02Jun26\GEOSP-TRN-001354\DJI_202511121556_007\DJI_20251112160317_0018_V.JPG,0.888,2026-06-11 11:00:17,\\amssclgis10.ams.gmams.cl\cl_mlp_pao\vuelos_drone_sin_procesar\input\20260206_geosupport_primera entrega\solo_jpg_02jun26\geosp-trn-001354\dji_202511121556_007\dji_20251112160317_0018_v.jpg,False
DJI_20251112160328_0019_V.JPG,DJI_20251112160328_0019_V,.jpg,\\amssclgis10.ams.gmams.cl\CL_MLP_PAO\Vuelos_Drone_Sin_Procesar\INPUT\20260206_Geosupport_primera entrega\SOLO_JPG_02Jun26\GEOSP-TRN-001354\DJI_202511121556_007\DJI_20251112160328_0019_V.JPG,SOLO_JPG_02Jun26\GEOSP-TRN-001354\DJI_202511121556_007\DJI_20251112160328_0019_V.JPG,0.884,2026-06-11 11:00:18,\\amssclgis10.ams.gmams.cl\cl_mlp_pao\vuelos_drone_sin_procesar\input\20260206_geosupport_primera entrega\solo_jpg_02jun26\geosp-trn-001354\dji_202511121556_007\dji_20251112160328_0019_v.jpg,False
DJI_20251112160345_0020_V.JPG,DJI_20251112160345_0020_V,.jpg,\\amssclgis10.ams.gmams.cl\CL_MLP_PAO\Vuelos_Drone_Sin_Procesar\INPUT\20260206_Geosupport_primera entrega\SOLO_JPG_02Jun26\GEOSP-TRN-001354\DJI_202511121556_007\DJI_20251112160345_0020_V.JPG,SOLO_JPG_02Jun26\GEOSP-TRN-001354\DJI_202511121556_007\DJI_20251112160345_0020_V.JPG,0.848,2026-06-11 11:00:18,\\amssclgis10.ams.gmams.cl\cl_mlp_pao\vuelos_drone_sin_procesar\input\20260206_geosupport_primera entrega\solo_jpg_02jun26\geosp-trn-001354\dji_202511121556_007\dji_20251112160345_0020_v.jpg,False
DJI_20251112160352_0021_V.JPG,DJI_20251112160352_0021_V,.jpg,\\amssclgis10.ams.gmams.cl\CL_MLP_PAO\Vuelos_Drone_Sin_Procesar\INPUT\20260206_Geosupport_primera entrega\SOLO_JPG_02Jun26\GEOSP-TRN-001354\DJI_202511121556_007\DJI_20251112160352_0021_V.JPG,SOLO_JPG_02Jun26\GEOSP-TRN-001354\DJI_202511121556_007\DJI_20251112160352_0021_V.JPG,0.85,2026-06-11 11:00:18,\\amssclgis10.ams.gmams.cl\cl_mlp_pao\vuelos_drone_sin_procesar\input\20260206_geosupport_primera entrega\solo_jpg_02jun26\geosp-trn-001354\dji_202511121556_007\dji_20251112160352_0021_v.jpg,False
DJI_20251112160424_0022_V.JPG,DJI_20251112160424_0022_V,.jpg,\\amssclgis10.ams.gmams.cl\CL_MLP_PAO\Vuelos_Drone_Sin_Procesar\INPUT\20260206_Geosupport_primera entrega\SOLO_JPG_02Jun26\GEOSP-TRN-001354\DJI_202511121556_007\DJI_20251112160424_0022_V.JPG,SOLO_JPG_02Jun26\GEOSP-TRN-001354\DJI_202511121556_007\DJI_20251112160424_0022_V.JPG,1.131,2026-06-11 11:00:19,\\amssclgis10.ams.gmams.cl\cl_mlp_pao\vuelos_drone_sin_procesar\input\20260206_geosupport_primera entrega\solo_jpg_02jun26\geosp-trn-001354\dji_202511121556_007\dji_20251112160424_0022_v.jpg,False
DJI_20251112160432_0024_V.JPG,DJI_20251112160432_0024_V,.jpg,\\amssclgis10.ams.gmams.cl\CL_MLP_PAO\Vuelos_Drone_Sin_Procesar\INPUT\20260206_Geosupport_primera entrega\SOLO_JPG_02Jun26\GEOSP-TRN-001354\DJI_202511121556_007\DJI_20251112160432_0024_V.JPG,SOLO_JPG_02Jun26\GEOSP-TRN-001354\DJI_202511121556_007\DJI_20251112160432_0024_V.JPG,1.127,2026-06-11 11:00:20,\\amssclgis10.ams.gmams.cl\cl_mlp_pao\vuelos_drone_sin_procesar\input\20260206_geosupport_primera entrega\solo_jpg_02jun26\geosp-trn-001354\dji_202511121556_007\dji_20251112160432_0024_v.jpg,False
DJI_20251112160440_0025_V.JPG,DJI_20251112160440_0025_V,.jpg,\\amssclgis10.ams.gmams.cl\CL_MLP_PAO\Vuelos_Drone_Sin_Procesar\INPUT\20260206_Geosupport_primera entrega\SOLO_JPG_02Jun26\GEOSP-TRN-001354\DJI_202511121556_007\DJI_20251112160440_0025_V.JPG,SOLO_JPG_02Jun26\GEOSP-TRN-001354\DJI_202511121556_007\DJI_20251112160440_0025_V.JPG,1.144,2026-06-11 11:00:20,\\amssclgis10.ams.gmams.cl\cl_mlp_pao\vuelos_drone_sin_procesar\input\20260206_geosupport_primera entrega\solo_jpg_02jun26\geosp-trn-001354\dji_202511121556_007\dji_20251112160440_0025_v.jpg,False
DJI_20251112160454_0026_V.JPG,DJI_20251112160454_0026_V,.jpg,\\amssclgis10.ams.gmams.cl\CL_MLP_PAO\Vuelos_Drone_Sin_Procesar\INPUT\20260206_Geosupport_primera entrega\SOLO_JPG_02Jun26\GEOSP-TRN-001354\DJI_202511121556_007\DJI_20251112160454_0026_V.JPG,SOLO_JPG_02Jun26\GEOSP-TRN-001354\DJI_202511121556_007\DJI_20251112160454_0026_V.JPG,1.032,2026-06-11 11:00:21,\\amssclgis10.ams.gmams.cl\cl_mlp_pao\vuelos_drone_sin_procesar\input\20260206_geosupport_primera entrega\solo_jpg_02jun26\geosp-trn-001354\dji_202511121556_007\dji_20251112160454_0026_v.jpg,False
DJI_20251112160501_0027_V.JPG,DJI_20251112160501_0027_V,.jpg,\\amssclgis10.ams.gmams.cl\CL_MLP_PAO\Vuelos_Drone_Sin_Procesar\INPUT\20260206_Geosupport_primera entrega\SOLO_JPG_02Jun26\GEOSP-TRN-001354\DJI_202511121556_007\DJI_20251112160501_0027_V.JPG,SOLO_JPG_02Jun26\GEOSP-TRN-001354\DJI_202511121556_007\DJI_20251112160501_0027_V.JPG,1.055,2026-06-11 11:00:22,\\amssclgis10.ams.gmams.cl\cl_mlp_pao\vuelos_drone_sin_procesar\input\20260206_geosupport_primera entrega\solo_jpg_02jun26\geosp-trn-001354\dji_202511121556_007\dji_20251112160501_0027_v.jpg,False
DJI_20251112160506_0028_V.JPG,DJI_20251112160506_0028_V,.jpg,\\amssclgis10.ams.gmams.cl\CL_MLP_PAO\Vuelos_Drone_Sin_Procesar\INPUT\20260206_Geosupport_primera entrega\SOLO_JPG_02Jun26\GEOSP-TRN-001354\DJI_202511121556_007\DJI_20251112160506_0028_V.JPG,SOLO_JPG_02Jun26\GEOSP-TRN-001354\DJI_202511121556_007\DJI_20251112160506_0028_V.JPG,1.023,2026-06-11 11:00:22,\\amssclgis10.ams.gmams.cl\cl_mlp_pao\vuelos_drone_sin_procesar\input\20260206_geosupport_primera entrega\solo_jpg_02jun26\geosp-trn-001354\dji_202511121556_007\dji_20251112160506_0028_v.jpg,False
DJI_20251112160512_0029_V.JPG,DJI_20251112160512_0029_V,.jpg,\\amssclgis10.ams.gmams.cl\CL_MLP_PAO\Vuelos_Drone_Sin_Procesar\INPUT\20260206_Geosupport_primera entrega\SOLO_JPG_02Jun26\GEOSP-TRN-001354\DJI_202511121556_007\DJI_20251112160512_0029_V.JPG,SOLO_JPG_02Jun26\GEOSP-TRN-001354\DJI_202511121556_007\DJI_20251112160512_0029_V.JPG,1.1,2026-06-11 11:00:23,\\amssclgis10.ams.gmams.cl\cl_mlp_pao\vuelos_drone_sin_procesar\input\20260206_geosupport_primera entrega\solo_jpg_02jun26\geosp-trn-001354\dji_202511121556_007\dji_20251112160512_0029_v.jpg,False
DJI_20251122165222_0012_V.JPG,DJI_20251122165222_0012_V,.jpg,\\amssclgis10.ams.gmams.cl\CL_MLP_PAO\Vuelos_Drone_Sin_Procesar\INPUT\20260206_Geosupport_primera entrega\SOLO_JPG_02Jun26\GEOSP-TRN-001388\GS_AFD_ESTACION DE BOMBEO N°2_211125\DJI_20251122165222_0012_V.JPG,SOLO_JPG_02Jun26\GEOSP-TRN-001388\GS_AFD_ESTACION DE BOMBEO N°2_211125\DJI_20251122165222_0012_V.JPG,1.229,2026-06-11 11:00:24,\\amssclgis10.ams.gmams.cl\cl_mlp_pao\vuelos_drone_sin_procesar\input\20260206_geosupport_primera entrega\solo_jpg_02jun26\geosp-trn-001388\gs_afd_estacion de bombeo n°2_211125\dji_20251122165222_0012_v.jpg,False
DJI_20251122165232_0013_V.JPG,DJI_20251122165232_0013_V,.jpg,\\amssclgis10.ams.gmams.cl\CL_MLP_PAO\Vuelos_Drone_Sin_Procesar\INPUT\20260206_Geosupport_primera entrega\SOLO_JPG_02Jun26\GEOSP-TRN-001388\GS_AFD_ESTACION DE BOMBEO N°2_211125\DJI_20251122165232_0013_V.JPG,SOLO_JPG_02Jun26\GEOSP-TRN-001388\GS_AFD_ESTACION DE BOMBEO N°2_211125\DJI_20251122165232_0013_V.JPG,1.069,2026-06-11 11:00:24,\\amssclgis10.ams.gmams.cl\cl_mlp_pao\vuelos_drone_sin_procesar\input\20260206_geosupport_primera entrega\solo_jpg_02jun26\geosp-trn-001388\gs_afd_estacion de bombeo n°2_211125\dji_20251122165232_0013_v.jpg,False
DJI_20251122165246_0014_V.JPG,DJI_20251122165246_0014_V,.jpg,\\amssclgis10.ams.gmams.cl\CL_MLP_PAO\Vuelos_Drone_Sin_Procesar\INPUT\20260206_Geosupport_primera entrega\SOLO_JPG_02Jun26\GEOSP-TRN-001388\GS_AFD_ESTACION DE BOMBEO N°2_211125\DJI_20251122165246_0014_V.JPG,SOLO_JPG_02Jun26\GEOSP-TRN-001388\GS_AFD_ESTACION DE BOMBEO N°2_211125\DJI_20251122165246_0014_V.JPG,1.148,2026-06-11 11:00:25,\\amssclgis10.ams.gmams.cl\cl_mlp_pao\vuelos_drone_sin_procesar\input\20260206_geosupport_primera entrega\solo_jpg_02jun26\geosp-trn-001388\gs_afd_estacion de bombeo n°2_211125\dji_20251122165246_0014_v.jpg,False
DJI_20251122165252_0015_V.JPG,DJI_20251122165252_0015_V,.jpg,\\amssclgis10.ams.gmams.cl\CL_MLP_PAO\Vuelos_Drone_Sin_Procesar\INPUT\20260206_Geosupport_primera entrega\SOLO_JPG_02Jun26\GEOSP-TRN-001388\GS_AFD_ESTACION DE BOMBEO N°2_211125\DJI_20251122165252_0015_V.JPG,SOLO_JPG_02Jun26\GEOSP-TRN-001388\GS_AFD_ESTACION DE BOMBEO N°2_211125\DJI_20251122165252_0015_V.JPG,0.793,2026-06-11 11:00:25,\\amssclgis10.ams.gmams.cl\cl_mlp_pao\vuelos_drone_sin_procesar\input\20260206_geosupport_primera entrega\solo_jpg_02jun26\geosp-trn-001388\gs_afd_estacion de bombeo n°2_211125\dji_20251122165252_0015_v.jpg,False
DJI_20251122165326_0016_V.JPG,DJI_20251122165326_0016_V,.jpg,\\amssclgis10.ams.gmams.cl\CL_MLP_PAO\Vuelos_Drone_Sin_Procesar\INPUT\20260206_Geosupport_primera entrega\SOLO_JPG_02Jun26\GEOSP-TRN-001388\GS_AFD_ESTACION DE BOMBEO N°2_211125\DJI_20251122165326_0016_V.JPG,SOLO_JPG_02Jun26\GEOSP-TRN-001388\GS_AFD_ESTACION DE BOMBEO N°2_211125\DJI_20251122165326_0016_V.JPG,1.138,2026-06-11 11:00:26,\\amssclgis10.ams.gmams.cl\cl_mlp_pao\vuelos_drone_sin_procesar\input\20260206_geosupport_primera entrega\solo_jpg_02jun26\geosp-trn-001388\gs_afd_estacion de bombeo n°2_211125\dji_20251122165326_0016_v.jpg,False
DJI_20251122165331_0017_V.JPG,DJI_20251122165331_0017_V,.jpg,\\amssclgis10.ams.gmams.cl\CL_MLP_PAO\Vuelos_Drone_Sin_Procesar\INPUT\20260206_Geosupport_primera entrega\SOLO_JPG_02Jun26\GEOSP-TRN-001388\GS_AFD_ESTACION DE BOMBEO N°2_211125\DJI_20251122165331_0017_V.JPG,SOLO_JPG_02Jun26\GEOSP-TRN-001388\GS_AFD_ESTACION DE BOMBEO N°2_211125\DJI_20251122165331_0017_V.JPG,1.003,2026-06-11 11:00:26,\\amssclgis10.ams.gmams.cl\cl_mlp_pao\vuelos_drone_sin_procesar\input\20260206_geosupport_primera entrega\solo_jpg_02jun26\geosp-trn-001388\gs_afd_estacion de bombeo n°2_211125\dji_20251122165331_0017_v.jpg,False
DJI_20251122165349_0018_V.JPG,DJI_20251122165349_0018_V,.jpg,\\amssclgis10.ams.gmams.cl\CL_MLP_PAO\Vuelos_Drone_Sin_Procesar\INPUT\20260206_Geosupport_primera entrega\SOLO_JPG_02Jun26\GEOSP-TRN-001388\GS_AFD_ESTACION DE BOMBEO N°2_211125\DJI_20251122165349_0018_V.JPG,SOLO_JPG_02Jun26\GEOSP-TRN-001388\GS_AFD_ESTACION DE BOMBEO N°2_211125\DJI_20251122165349_0018_V.JPG,1.184,2026-06-11 11:00:27,\\amssclgis10.ams.gmams.cl\cl_mlp_pao\vuelos_drone_sin_procesar\input\20260206_geosupport_primera entrega\solo_jpg_02jun26\geosp-trn-001388\gs_afd_estacion de bombeo n°2_211125\dji_20251122165349_0018_v.jpg,False
DJI_20251122165418_0019_V.JPG,DJI_20251122165418_0019_V,.jpg,\\amssclgis10.ams.gmams.cl\CL_MLP_PAO\Vuelos_Drone_Sin_Procesar\INPUT\20260206_Geosupport_primera entrega\SOLO_JPG_02Jun26\GEOSP-TRN-001388\GS_AFD_ESTACION DE BOMBEO N°2_211125\DJI_20251122165418_0019_V.JPG,SOLO_JPG_02Jun26\GEOSP-TRN-001388\GS_AFD_ESTACION DE BOMBEO N°2_211125\DJI_20251122165418_0019_V.JPG,1.101,2026-06-11 11:00:27,\\amssclgis10.ams.gmams.cl\cl_mlp_pao\vuelos_drone_sin_procesar\input\20260206_geosupport_primera entrega\solo_jpg_02jun26\geosp-trn-001388\gs_afd_estacion de bombeo n°2_211125\dji_20251122165418_0019_v.jpg,False
DJI_20251122165459_0020_V.JPG,DJI_20251122165459_0020_V,.jpg,\\amssclgis10.ams.gmams.cl\CL_MLP_PAO\Vuelos_Drone_Sin_Procesar\INPUT\20260206_Geosupport_primera entrega\SOLO_JPG_02Jun26\GEOSP-TRN-001388\GS_AFD_ESTACION DE BOMBEO N°2_211125\DJI_20251122165459_0020_V.JPG,SOLO_JPG_02Jun26\GEOSP-TRN-001388\GS_AFD_ESTACION DE BOMBEO N°2_211125\DJI_20251122165459_0020_V.JPG,1.206,2026-06-11 11:00:28,\\amssclgis10.ams.gmams.cl\cl_mlp_pao\vuelos_drone_sin_procesar\input\20260206_geosupport_primera entrega\solo_jpg_02jun26\geosp-trn-001388\gs_afd_estacion de bombeo n°2_211125\dji_20251122165459_0020_v.jpg,False
DJI_20251122165525_0021_V.JPG,DJI_20251122165525_0021_V,.jpg,\\amssclgis10.ams.gmams.cl\CL_MLP_PAO\Vuelos_Drone_Sin_Procesar\INPUT\20260206_Geosupport_primera entrega\SOLO_JPG_02Jun26\GEOSP-TRN-001388\GS_AFD_ESTACION DE BOMBEO N°2_211125\DJI_20251122165525_0021_V.JPG,SOLO_JPG_02Jun26\GEOSP-TRN-001388\GS_AFD_ESTACION DE BOMBEO N°2_211125\DJI_20251122165525_0021_V.JPG,1.236,2026-06-11 11:00:29,\\amssclgis10.ams.gmams.cl\cl_mlp_pao\vuelos_drone_sin_procesar\input\20260206_geosupport_primera entrega\solo_jpg_02jun26\geosp-trn-001388\gs_afd_estacion de bombeo n°2_211125\dji_20251122165525_0021_v.jpg,False
DJI_20251128133551_0002_V.JPG,DJI_20251128133551_0002_V,.jpg,\\amssclgis10.ams.gmams.cl\CL_MLP_PAO\Vuelos_Drone_Sin_Procesar\INPUT\20260206_Geosupport_primera entrega\SOLO_JPG_02Jun26\GEOSP-TRN-001426\GS_AFD_ESTACION DE BOMBEO N°2 28-11-2025\DJI_20251128133551_0002_V.JPG,SOLO_JPG_02Jun26\GEOSP-TRN-001426\GS_AFD_ESTACION DE BOMBEO N°2 28-11-2025\DJI_20251128133551_0002_V.JPG,0.902,2026-06-11 11:00:29,\\amssclgis10.ams.gmams.cl\cl_mlp_pao\vuelos_drone_sin_procesar\input\20260206_geosupport_primera entrega\solo_jpg_02jun26\geosp-trn-001426\gs_afd_estacion de bombeo n°2 28-11-2025\dji_20251128133551_0002_v.jpg,False
DJI_20251128133559_0003_V.JPG,DJI_20251128133559_0003_V,.jpg,\\amssclgis10.ams.gmams.cl\CL_MLP_PAO\Vuelos_Drone_Sin_Procesar\INPUT\20260206_Geosupport_primera entrega\SOLO_JPG_02Jun26\GEOSP-TRN-001426\GS_AFD_ESTACION DE BOMBEO N°2 28-11-2025\DJI_20251128133559_0003_V.JPG,SOLO_JPG_02Jun26\GEOSP-TRN-001426\GS_AFD_ESTACION DE BOMBEO N°2 28-11-2025\DJI_20251128133559_0003_V.JPG,0.892,2026-06-11 11:00:29,\\amssclgis10.ams.gmams.cl\cl_mlp_pao\vuelos_drone_sin_procesar\input\20260206_geosupport_primera entrega\solo_jpg_02jun26\geosp-trn-001426\gs_afd_estacion de bombeo n°2 28-11-2025\dji_20251128133559_0003_v.jpg,False
DJI_20251128133605_0004_V.JPG,DJI_20251128133605_0004_V,.jpg,\\amssclgis10.ams.gmams.cl\CL_MLP_PAO\Vuelos_Drone_Sin_Procesar\INPUT\20260206_Geosupport_primera entrega\SOLO_JPG_02Jun26\GEOSP-TRN-001426\GS_AFD_ESTACION DE BOMBEO N°2 28-11-2025\DJI_20251128133605_0004_V.JPG,SOLO_JPG_02Jun26\GEOSP-TRN-001426\GS_AFD_ESTACION DE BOMBEO N°2 28-11-2025\DJI_20251128133605_0004_V.JPG,0.886,2026-06-11 11:00:30,\\amssclgis10.ams.gmams.cl\cl_mlp_pao\vuelos_drone_sin_procesar\input\20260206_geosupport_primera entrega\solo_jpg_02jun26\geosp-trn-001426\gs_afd_estacion de bombeo n°2 28-11-2025\dji_20251128133605_0004_v.jpg,False
DJI_20251128133613_0005_V.JPG,DJI_20251128133613_0005_V,.jpg,\\amssclgis10.ams.gmams.cl\CL_MLP_PAO\Vuelos_Drone_Sin_Procesar\INPUT\20260206_Geosupport_primera entrega\SOLO_JPG_02Jun26\GEOSP-TRN-001426\GS_AFD_ESTACION DE BOMBEO N°2 28-11-2025\DJI_20251128133613_0005_V.JPG,SOLO_JPG_02Jun26\GEOSP-TRN-001426\GS_AFD_ESTACION DE BOMBEO N°2 28-11-2025\DJI_20251128133613_0005_V.JPG,0.881,2026-06-11 11:00:30,\\amssclgis10.ams.gmams.cl\cl_mlp_pao\vuelos_drone_sin_procesar\input\20260206_geosupport_primera entrega\solo_jpg_02jun26\geosp-trn-001426\gs_afd_estacion de bombeo n°2 28-11-2025\dji_20251128133613_0005_v.jpg,False
DJI_20251128133620_0006_V.JPG,DJI_20251128133620_0006_V,.jpg,\\amssclgis10.ams.gmams.cl\CL_MLP_PAO\Vuelos_Drone_Sin_Procesar\INPUT\20260206_Geosupport_primera entrega\SOLO_JPG_02Jun26\GEOSP-TRN-001426\GS_AFD_ESTACION DE BOMBEO N°2 28-11-2025\DJI_20251128133620_0006_V.JPG,SOLO_JPG_02Jun26\GEOSP-TRN-001426\GS_AFD_ESTACION DE BOMBEO N°2 28-11-2025\DJI_20251128133620_0006_V.JPG,0.858,2026-06-11 11:00:30,\\amssclgis10.ams.gmams.cl\cl_mlp_pao\vuelos_drone_sin_procesar\input\20260206_geosupport_primera entrega\solo_jpg_02jun26\geosp-trn-001426\gs_afd_estacion de bombeo n°2 28-11-2025\dji_20251128133620_0006_v.jpg,False
DJI_20251128133630_0007_V.JPG,DJI_20251128133630_0007_V,.jpg,\\amssclgis10.ams.gmams.cl\CL_MLP_PAO\Vuelos_Drone_Sin_Procesar\INPUT\20260206_Geosupport_primera entrega\SOLO_JPG_02Jun26\GEOSP-TRN-001426\GS_AFD_ESTACION DE BOMBEO N°2 28-11-2025\DJI_20251128133630_0007_V.JPG,SOLO_JPG_02Jun26\GEOSP-TRN-001426\GS_AFD_ESTACION DE BOMBEO N°2 28-11-2025\DJI_20251128133630_0007_V.JPG,0.845,2026-06-11 11:00:31,\\amssclgis10.ams.gmams.cl\cl_mlp_pao\vuelos_drone_sin_procesar\input\20260206_geosupport_primera entrega\solo_jpg_02jun26\geosp-trn-001426\gs_afd_estacion de bombeo n°2 28-11-2025\dji_20251128133630_0007_v.jpg,False
DJI_20251128133639_0008_V.JPG,DJI_20251128133639_0008_V,.jpg,\\amssclgis10.ams.gmams.cl\CL_MLP_PAO\Vuelos_Drone_Sin_Procesar\INPUT\20260206_Geosupport_primera entrega\SOLO_JPG_02Jun26\GEOSP-TRN-001426\GS_AFD_ESTACION DE BOMBEO N°2 28-11-2025\DJI_20251128133639_0008_V.JPG,SOLO_JPG_02Jun26\GEOSP-TRN-001426\GS_AFD_ESTACION DE BOMBEO N°2 28-11-2025\DJI_20251128133639_0008_V.JPG,0.827,2026-06-11 11:00:31,\\amssclgis10.ams.gmams.cl\cl_mlp_pao\vuelos_drone_sin_procesar\input\20260206_geosupport_primera entrega\solo_jpg_02jun26\geosp-trn-001426\gs_afd_estacion de bombeo n°2 28-11-2025\dji_20251128133639_0008_v.jpg,False
DJI_20251128133644_0009_V.JPG,DJI_20251128133644_0009_V,.jpg,\\amssclgis10.ams.gmams.cl\CL_MLP_PAO\Vuelos_Drone_Sin_Procesar\INPUT\20260206_Geosupport_primera entrega\SOLO_JPG_02Jun26\GEOSP-TRN-001426\GS_AFD_ESTACION DE BOMBEO N°2 28-11-2025\DJI_20251128133644_0009_V.JPG,SOLO_JPG_02Jun26\GEOSP-TRN-001426\GS_AFD_ESTACION DE BOMBEO N°2 28-11-2025\DJI_20251128133644_0009_V.JPG,0.817,2026-06-11 11:00:31,\\amssclgis10.ams.gmams.cl\cl_mlp_pao\vuelos_drone_sin_procesar\input\20260206_geosupport_primera entrega\solo_jpg_02jun26\geosp-trn-001426\gs_afd_estacion de bombeo n°2 28-11-2025\dji_20251128133644_0009_v.jpg,False
DJI_20251128133651_0010_V.JPG,DJI_20251128133651_0010_V,.jpg,\\amssclgis10.ams.gmams.cl\CL_MLP_PAO\Vuelos_Drone_Sin_Procesar\INPUT\20260206_Geosupport_primera entrega\SOLO_JPG_02Jun26\GEOSP-TRN-001426\GS_AFD_ESTACION DE BOMBEO N°2 28-11-2025\DJI_20251128133651_0010_V.JPG,SOLO_JPG_02Jun26\GEOSP-TRN-001426\GS_AFD_ESTACION DE BOMBEO N°2 28-11-2025\DJI_20251128133651_0010_V.JPG,0.823,2026-06-11 11:00:32,\\amssclgis10.ams.gmams.cl\cl_mlp_pao\vuelos_drone_sin_procesar\input\20260206_geosupport_primera entrega\solo_jpg_02jun26\geosp-trn-001426\gs_afd_estacion de bombeo n°2 28-11-2025\dji_20251128133651_0010_v.jpg,False
DJI_20251128133659_0011_V.JPG,DJI_20251128133659_0011_V,.jpg,\\amssclgis10.ams.gmams.cl\CL_MLP_PAO\Vuelos_Drone_Sin_Procesar\INPUT\20260206_Geosupport_primera entrega\SOLO_JPG_02Jun26\GEOSP-TRN-001426\GS_AFD_ESTACION DE BOMBEO N°2 28-11-2025\DJI_20251128133659_0011_V.JPG,SOLO_JPG_02Jun26\GEOSP-TRN-001426\GS_AFD_ESTACION DE BOMBEO N°2 28-11-2025\DJI_20251128133659_0011_V.JPG,0.841,2026-06-11 11:00:32,\\amssclgis10.ams.gmams.cl\cl_mlp_pao\vuelos_drone_sin_procesar\input\20260206_geosupport_primera entrega\solo_jpg_02jun26\geosp-trn-001426\gs_afd_estacion de bombeo n°2 28-11-2025\dji_20251128133659_0011_v.jpg,False
DJI_20251128133705_0012_V.JPG,DJI_20251128133705_0012_V,.jpg,\\amssclgis10.ams.gmams.cl\CL_MLP_PAO\Vuelos_Drone_Sin_Procesar\INPUT\20260206_Geosupport_primera entrega\SOLO_JPG_02Jun26\GEOSP-TRN-001426\GS_AFD_ESTACION DE BOMBEO N°2 28-11-2025\DJI_20251128133705_0012_V.JPG,SOLO_JPG_02Jun26\GEOSP-TRN-001426\GS_AFD_ESTACION DE BOMBEO N°2 28-11-2025\DJI_20251128133705_0012_V.JPG,0.84,2026-06-11 11:00:32,\\amssclgis10.ams.gmams.cl\cl_mlp_pao\vuelos_drone_sin_procesar\input\20260206_geosupport_primera entrega\solo_jpg_02jun26\geosp-trn-001426\gs_afd_estacion de bombeo n°2 28-11-2025\dji_20251128133705_0012_v.jpg,False
DJI_20251128133710_0013_V.JPG,DJI_20251128133710_0013_V,.jpg,\\amssclgis10.ams.gmams.cl\CL_MLP_PAO\Vuelos_Drone_Sin_Procesar\INPUT\20260206_Geosupport_primera entrega\SOLO_JPG_02Jun26\GEOSP-TRN-001426\GS_AFD_ESTACION DE BOMBEO N°2 28-11-2025\DJI_20251128133710_0013_V.JPG,SOLO_JPG_02Jun26\GEOSP-TRN-001426\GS_AFD_ESTACION DE BOMBEO N°2 28-11-2025\DJI_20251128133710_0013_V.JPG,0.805,2026-06-11 11:00:33,\\amssclgis10.ams.gmams.cl\cl_mlp_pao\vuelos_drone_sin_procesar\input\20260206_geosupport_primera entrega\solo_jpg_02jun26\geosp-trn-001426\gs_afd_estacion de bombeo n°2 28-11-2025\dji_20251128133710_0013_v.jpg,False
DJI_20251128133714_0014_V.JPG,DJI_20251128133714_0014_V,.jpg,\\amssclgis10.ams.gmams.cl\CL_MLP_PAO\Vuelos_Drone_Sin_Procesar\INPUT\20260206_Geosupport_primera entrega\SOLO_JPG_02Jun26\GEOSP-TRN-001426\GS_AFD_ESTACION DE BOMBEO N°2 28-11-2025\DJI_20251128133714_0014_V.JPG,SOLO_JPG_02Jun26\GEOSP-TRN-001426\GS_AFD_ESTACION DE BOMBEO N°2 28-11-2025\DJI_20251128133714_0014_V.JPG,0.811,2026-06-11 11:00:33,\\amssclgis10.ams.gmams.cl\cl_mlp_pao\vuelos_drone_sin_procesar\input\20260206_geosupport_primera entrega\solo_jpg_02jun26\geosp-trn-001426\gs_afd_estacion de bombeo n°2 28-11-2025\dji_20251128133714_0014_v.jpg,False
DJI_20251128133723_0015_V.JPG,DJI_20251128133723_0015_V,.jpg,\\amssclgis10.ams.gmams.cl\CL_MLP_PAO\Vuelos_Drone_Sin_Procesar\INPUT\20260206_Geosupport_primera entrega\SOLO_JPG_02Jun26\GEOSP-TRN-001426\GS_AFD_ESTACION DE BOMBEO N°2 28-11-2025\DJI_20251128133723_0015_V.JPG,SOLO_JPG_02Jun26\GEOSP-TRN-001426\GS_AFD_ESTACION DE BOMBEO N°2 28-11-2025\DJI_20251128133723_0015_V.JPG,0.798,2026-06-11 11:00:33,\\amssclgis10.ams.gmams.cl\cl_mlp_pao\vuelos_drone_sin_procesar\input\20260206_geosupport_primera entrega\solo_jpg_02jun26\geosp-trn-001426\gs_afd_estacion de bombeo n°2 28-11-2025\dji_20251128133723_0015_v.jpg,False
DJI_20251128133736_0016_V.JPG,DJI_20251128133736_0016_V,.jpg,\\amssclgis10.ams.gmams.cl\CL_MLP_PAO\Vuelos_Drone_Sin_Procesar\INPUT\20260206_Geosupport_primera entrega\SOLO_JPG_02Jun26\GEOSP-TRN-001426\GS_AFD_ESTACION DE BOMBEO N°2 28-11-2025\DJI_20251128133736_0016_V.JPG,SOLO_JPG_02Jun26\GEOSP-TRN-001426\GS_AFD_ESTACION DE BOMBEO N°2 28-11-2025\DJI_20251128133736_0016_V.JPG,0.878,2026-06-11 11:00:34,\\amssclgis10.ams.gmams.cl\cl_mlp_pao\vuelos_drone_sin_procesar\input\20260206_geosupport_primera entrega\solo_jpg_02jun26\geosp-trn-001426\gs_afd_estacion de bombeo n°2 28-11-2025\dji_20251128133736_0016_v.jpg,False
DJI_20251128133755_0017_V.JPG,DJI_20251128133755_0017_V,.jpg,\\amssclgis10.ams.gmams.cl\CL_MLP_PAO\Vuelos_Drone_Sin_Procesar\INPUT\20260206_Geosupport_primera entrega\SOLO_JPG_02Jun26\GEOSP-TRN-001426\GS_AFD_ESTACION DE BOMBEO N°2 28-11-2025\DJI_20251128133755_0017_V.JPG,SOLO_JPG_02Jun26\GEOSP-TRN-001426\GS_AFD_ESTACION DE BOMBEO N°2 28-11-2025\DJI_20251128133755_0017_V.JPG,0.865,2026-06-11 11:00:34,\\amssclgis10.ams.gmams.cl\cl_mlp_pao\vuelos_drone_sin_procesar\input\20260206_geosupport_primera entrega\solo_jpg_02jun26\geosp-trn-001426\gs_afd_estacion de bombeo n°2 28-11-2025\dji_20251128133755_0017_v.jpg,False
DJI_20251128133803_0018_V.JPG,DJI_20251128133803_0018_V,.jpg,\\amssclgis10.ams.gmams.cl\CL_MLP_PAO\Vuelos_Drone_Sin_Procesar\INPUT\20260206_Geosupport_primera entrega\SOLO_JPG_02Jun26\GEOSP-TRN-001426\GS_AFD_ESTACION DE BOMBEO N°2 28-11-2025\DJI_20251128133803_0018_V.JPG,SOLO_JPG_02Jun26\GEOSP-TRN-001426\GS_AFD_ESTACION DE BOMBEO N°2 28-11-2025\DJI_20251128133803_0018_V.JPG,0.869,2026-06-11 11:00:34,\\amssclgis10.ams.gmams.cl\cl_mlp_pao\vuelos_drone_sin_procesar\input\20260206_geosupport_primera entrega\solo_jpg_02jun26\geosp-trn-001426\gs_afd_estacion de bombeo n°2 28-11-2025\dji_20251128133803_0018_v.jpg,False
DJI_20251128133810_0019_V.JPG,DJI_20251128133810_0019_V,.jpg,\\amssclgis10.ams.gmams.cl\CL_MLP_PAO\Vuelos_Drone_Sin_Procesar\INPUT\20260206_Geosupport_primera entrega\SOLO_JPG_02Jun26\GEOSP-TRN-001426\GS_AFD_ESTACION DE BOMBEO N°2 28-11-2025\DJI_20251128133810_0019_V.JPG,SOLO_JPG_02Jun26\GEOSP-TRN-001426\GS_AFD_ESTACION DE BOMBEO N°2 28-11-2025\DJI_20251128133810_0019_V.JPG,0.894,2026-06-11 11:00:35,\\amssclgis10.ams.gmams.cl\cl_mlp_pao\vuelos_drone_sin_procesar\input\20260206_geosupport_primera entrega\solo_jpg_02jun26\geosp-trn-001426\gs_afd_estacion de bombeo n°2 28-11-2025\dji_20251128133810_0019_v.jpg,False
DJI_20251128133816_0020_V.JPG,DJI_20251128133816_0020_V,.jpg,\\amssclgis10.ams.gmams.cl\CL_MLP_PAO\Vuelos_Drone_Sin_Procesar\INPUT\20260206_Geosupport_primera entrega\SOLO_JPG_02Jun26\GEOSP-TRN-001426\GS_AFD_ESTACION DE BOMBEO N°2 28-11-2025\DJI_20251128133816_0020_V.JPG,SOLO_JPG_02Jun26\GEOSP-TRN-001426\GS_AFD_ESTACION DE BOMBEO N°2 28-11-2025\DJI_20251128133816_0020_V.JPG,0.901,2026-06-11 11:00:35,\\amssclgis10.ams.gmams.cl\cl_mlp_pao\vuelos_drone_sin_procesar\input\20260206_geosupport_primera entrega\solo_jpg_02jun26\geosp-trn-001426\gs_afd_estacion de bombeo n°2 28-11-2025\dji_20251128133816_0020_v.jpg,False
DJI_20251128133920_0021_V.JPG,DJI_20251128133920_0021_V,.jpg,\\amssclgis10.ams.gmams.cl\CL_MLP_PAO\Vuelos_Drone_Sin_Procesar\INPUT\20260206_Geosupport_primera entrega\SOLO_JPG_02Jun26\GEOSP-TRN-001426\GS_AFD_ESTACION DE BOMBEO N°2 28-11-2025\DJI_20251128133920_0021_V.JPG,SOLO_JPG_02Jun26\GEOSP-TRN-001426\GS_AFD_ESTACION DE BOMBEO N°2 28-11-2025\DJI_20251128133920_0021_V.JPG,1.073,2026-06-11 11:00:36,\\amssclgis10.ams.gmams.cl\cl_mlp_pao\vuelos_drone_sin_procesar\input\20260206_geosupport_primera entrega\solo_jpg_02jun26\geosp-trn-001426\gs_afd_estacion de bombeo n°2 28-11-2025\dji_20251128133920_0021_v.jpg,False
DJI_20251128133931_0023_V.JPG,DJI_20251128133931_0023_V,.jpg,\\amssclgis10.ams.gmams.cl\CL_MLP_PAO\Vuelos_Drone_Sin_Procesar\INPUT\20260206_Geosupport_primera entrega\SOLO_JPG_02Jun26\GEOSP-TRN-001426\GS_AFD_ESTACION DE BOMBEO N°2 28-11-2025\DJI_20251128133931_0023_V.JPG,SOLO_JPG_02Jun26\GEOSP-TRN-001426\GS_AFD_ESTACION DE BOMBEO N°2 28-11-2025\DJI_20251128133931_0023_V.JPG,1.156,2026-06-11 11:00:36,\\amssclgis10.ams.gmams.cl\cl_mlp_pao\vuelos_drone_sin_procesar\input\20260206_geosupport_primera entrega\solo_jpg_02jun26\geosp-trn-001426\gs_afd_estacion de bombeo n°2 28-11-2025\dji_20251128133931_0023_v.jpg,False
DJI_20251206092616_0002_V.JPG,DJI_20251206092616_0002_V,.jpg,\\amssclgis10.ams.gmams.cl\CL_MLP_PAO\Vuelos_Drone_Sin_Procesar\INPUT\20260206_Geosupport_primera entrega\SOLO_JPG_02Jun26\GEOSP-TRN-001462\AFD_EB2_06-12-2025\DJI_20251206092616_0002_V.JPG,SOLO_JPG_02Jun26\GEOSP-TRN-001462\AFD_EB2_06-12-2025\DJI_20251206092616_0002_V.JPG,1.06,2026-06-11 11:00:37,\\amssclgis10.ams.gmams.cl\cl_mlp_pao\vuelos_drone_sin_procesar\input\20260206_geosupport_primera entrega\solo_jpg_02jun26\geosp-trn-001462\afd_eb2_06-12-2025\dji_20251206092616_0002_v.jpg,False
DJI_20251206092636_0003_V.JPG,DJI_20251206092636_0003_V,.jpg,\\amssclgis10.ams.gmams.cl\CL_MLP_PAO\Vuelos_Drone_Sin_Procesar\INPUT\20260206_Geosupport_primera entrega\SOLO_JPG_02Jun26\GEOSP-TRN-001462\AFD_EB2_06-12-2025\DJI_20251206092636_0003_V.JPG,SOLO_JPG_02Jun26\GEOSP-TRN-001462\AFD_EB2_06-12-2025\DJI_20251206092636_0003_V.JPG,1.045,2026-06-11 11:00:38,\\amssclgis10.ams.gmams.cl\cl_mlp_pao\vuelos_drone_sin_procesar\input\20260206_geosupport_primera entrega\solo_jpg_02jun26\geosp-trn-001462\afd_eb2_06-12-2025\dji_20251206092636_0003_v.jpg,False
DJI_20251206092706_0004_V.JPG,DJI_20251206092706_0004_V,.jpg,\\amssclgis10.ams.gmams.cl\CL_MLP_PAO\Vuelos_Drone_Sin_Procesar\INPUT\20260206_Geosupport_primera entrega\SOLO_JPG_02Jun26\GEOSP-TRN-001462\AFD_EB2_06-12-2025\DJI_20251206092706_0004_V.JPG,SOLO_JPG_02Jun26\GEOSP-TRN-001462\AFD_EB2_06-12-2025\DJI_20251206092706_0004_V.JPG,0.97,2026-06-11 11:00:38,\\amssclgis10.ams.gmams.cl\cl_mlp_pao\vuelos_drone_sin_procesar\input\20260206_geosupport_primera entrega\solo_jpg_02jun26\geosp-trn-001462\afd_eb2_06-12-2025\dji_20251206092706_0004_v.jpg,False
DJI_20251206092724_0005_V.JPG,DJI_20251206092724_0005_V,.jpg,\\amssclgis10.ams.gmams.cl\CL_MLP_PAO\Vuelos_Drone_Sin_Procesar\INPUT\20260206_Geosupport_primera entrega\SOLO_JPG_02Jun26\GEOSP-TRN-001462\AFD_EB2_06-12-2025\DJI_20251206092724_0005_V.JPG,SOLO_JPG_02Jun26\GEOSP-TRN-001462\AFD_EB2_06-12-2025\DJI_20251206092724_0005_V.JPG,0.798,2026-06-11 11:00:39,\\amssclgis10.ams.gmams.cl\cl_mlp_pao\vuelos_drone_sin_procesar\input\20260206_geosupport_primera entrega\solo_jpg_02jun26\geosp-trn-001462\afd_eb2_06-12-2025\dji_20251206092724_0005_v.jpg,False
DJI_20251206092738_0006_V.JPG,DJI_20251206092738_0006_V,.jpg,\\amssclgis10.ams.gmams.cl\CL_MLP_PAO\Vuelos_Drone_Sin_Procesar\INPUT\20260206_Geosupport_primera entrega\SOLO_JPG_02Jun26\GEOSP-TRN-001462\AFD_EB2_06-12-2025\DJI_20251206092738_0006_V.JPG,SOLO_JPG_02Jun26\GEOSP-TRN-001462\AFD_EB2_06-12-2025\DJI_20251206092738_0006_V.JPG,0.954,2026-06-11 11:00:40,\\amssclgis10.ams.gmams.cl\cl_mlp_pao\vuelos_drone_sin_procesar\input\20260206_geosupport_primera entrega\solo_jpg_02jun26\geosp-trn-001462\afd_eb2_06-12-2025\dji_20251206092738_0006_v.jpg,False
DJI_20251206092751_0008_V.JPG,DJI_20251206092751_0008_V,.jpg,\\amssclgis10.ams.gmams.cl\CL_MLP_PAO\Vuelos_Drone_Sin_Procesar\INPUT\20260206_Geosupport_primera entrega\SOLO_JPG_02Jun26\GEOSP-TRN-001462\AFD_EB2_06-12-2025\DJI_20251206092751_0008_V.JPG,SOLO_JPG_02Jun26\GEOSP-TRN-001462\AFD_EB2_06-12-2025\DJI_20251206092751_0008_V.JPG,1.051,2026-06-11 11:00:40,\\amssclgis10.ams.gmams.cl\cl_mlp_pao\vuelos_drone_sin_procesar\input\20260206_geosupport_primera entrega\solo_jpg_02jun26\geosp-trn-001462\afd_eb2_06-12-2025\dji_20251206092751_0008_v.jpg,False
DJI_20251206092807_0009_V.JPG,DJI_20251206092807_0009_V,.jpg,\\amssclgis10.ams.gmams.cl\CL_MLP_PAO\Vuelos_Drone_Sin_Procesar\INPUT\20260206_Geosupport_primera entrega\SOLO_JPG_02Jun26\GEOSP-TRN-001462\AFD_EB2_06-12-2025\DJI_20251206092807_0009_V.JPG,SOLO_JPG_02Jun26\GEOSP-TRN-001462\AFD_EB2_06-12-2025\DJI_20251206092807_0009_V.JPG,1.04,2026-06-11 11:00:41,\\amssclgis10.ams.gmams.cl\cl_mlp_pao\vuelos_drone_sin_procesar\input\20260206_geosupport_primera entrega\solo_jpg_02jun26\geosp-trn-001462\afd_eb2_06-12-2025\dji_20251206092807_0009_v.jpg,False
DJI_20251206092841_0010_V.JPG,DJI_20251206092841_0010_V,.jpg,\\amssclgis10.ams.gmams.cl\CL_MLP_PAO\Vuelos_Drone_Sin_Procesar\INPUT\20260206_Geosupport_primera entrega\SOLO_JPG_02Jun26\GEOSP-TRN-001462\AFD_EB2_06-12-2025\DJI_20251206092841_0010_V.JPG,SOLO_JPG_02Jun26\GEOSP-TRN-001462\AFD_EB2_06-12-2025\DJI_20251206092841_0010_V.JPG,0.884,2026-06-11 11:00:42,\\amssclgis10.ams.gmams.cl\cl_mlp_pao\vuelos_drone_sin_procesar\input\20260206_geosupport_primera entrega\solo_jpg_02jun26\geosp-trn-001462\afd_eb2_06-12-2025\dji_20251206092841_0010_v.jpg,False
DJI_20251210091850_0002_V.JPG,DJI_20251210091850_0002_V,.jpg,\\amssclgis10.ams.gmams.cl\CL_MLP_PAO\Vuelos_Drone_Sin_Procesar\INPUT\20260206_Geosupport_primera entrega\SOLO_JPG_02Jun26\GEOSP-TRN-001492\GS_AFD_Estacion de bombeo n°2\DJI_20251210091850_0002_V.JPG,SOLO_JPG_02Jun26\GEOSP-TRN-001492\GS_AFD_Estacion de bombeo n°2\DJI_20251210091850_0002_V.JPG,0.701,2026-06-11 11:00:42,\\amssclgis10.ams.gmams.cl\cl_mlp_pao\vuelos_drone_sin_procesar\input\20260206_geosupport_primera entrega\solo_jpg_02jun26\geosp-trn-001492\gs_afd_estacion de bombeo n°2\dji_20251210091850_0002_v.jpg,False
DJI_20251210091857_0003_V.JPG,DJI_20251210091857_0003_V,.jpg,\\amssclgis10.ams.gmams.cl\CL_MLP_PAO\Vuelos_Drone_Sin_Procesar\INPUT\20260206_Geosupport_primera entrega\SOLO_JPG_02Jun26\GEOSP-TRN-001492\GS_AFD_Estacion de bombeo n°2\DJI_20251210091857_0003_V.JPG,SOLO_JPG_02Jun26\GEOSP-TRN-001492\GS_AFD_Estacion de bombeo n°2\DJI_20251210091857_0003_V.JPG,0.719,2026-06-11 11:00:42,\\amssclgis10.ams.gmams.cl\cl_mlp_pao\vuelos_drone_sin_procesar\input\20260206_geosupport_primera entrega\solo_jpg_02jun26\geosp-trn-001492\gs_afd_estacion de bombeo n°2\dji_20251210091857_0003_v.jpg,False
DJI_20251210091859_0004_V.JPG,DJI_20251210091859_0004_V,.jpg,\\amssclgis10.ams.gmams.cl\CL_MLP_PAO\Vuelos_Drone_Sin_Procesar\INPUT\20260206_Geosupport_primera entrega\SOLO_JPG_02Jun26\GEOSP-TRN-001492\GS_AFD_Estacion de bombeo n°2\DJI_20251210091859_0004_V.JPG,SOLO_JPG_02Jun26\GEOSP-TRN-001492\GS_AFD_Estacion de bombeo n°2\DJI_20251210091859_0004_V.JPG,0.721,2026-06-11 11:00:43,\\amssclgis10.ams.gmams.cl\cl_mlp_pao\vuelos_drone_sin_procesar\input\20260206_geosupport_primera entrega\solo_jpg_02jun26\geosp-trn-001492\gs_afd_estacion de bombeo n°2\dji_20251210091859_0004_v.jpg,False
DJI_20251210091902_0005_V.JPG,DJI_20251210091902_0005_V,.jpg,\\amssclgis10.ams.gmams.cl\CL_MLP_PAO\Vuelos_Drone_Sin_Procesar\INPUT\20260206_Geosupport_primera entrega\SOLO_JPG_02Jun26\GEOSP-TRN-001492\GS_AFD_Estacion de bombeo n°2\DJI_20251210091902_0005_V.JPG,SOLO_JPG_02Jun26\GEOSP-TRN-001492\GS_AFD_Estacion de bombeo n°2\DJI_20251210091902_0005_V.JPG,0.719,2026-06-11 11:00:43,\\amssclgis10.ams.gmams.cl\cl_mlp_pao\vuelos_drone_sin_procesar\input\20260206_geosupport_primera entrega\solo_jpg_02jun26\geosp-trn-001492\gs_afd_estacion de bombeo n°2\dji_20251210091902_0005_v.jpg,False
DJI_20251210091905_0006_V.JPG,DJI_20251210091905_0006_V,.jpg,\\amssclgis10.ams.gmams.cl\CL_MLP_PAO\Vuelos_Drone_Sin_Procesar\INPUT\20260206_Geosupport_primera entrega\SOLO_JPG_02Jun26\GEOSP-TRN-001492\GS_AFD_Estacion de bombeo n°2\DJI_20251210091905_0006_V.JPG,SOLO_JPG_02Jun26\GEOSP-TRN-001492\GS_AFD_Estacion de bombeo n°2\DJI_20251210091905_0006_V.JPG,0.7,2026-06-11 11:00:43,\\amssclgis10.ams.gmams.cl\cl_mlp_pao\vuelos_drone_sin_procesar\input\20260206_geosupport_primera entrega\solo_jpg_02jun26\geosp-trn-001492\gs_afd_estacion de bombeo n°2\dji_20251210091905_0006_v.jpg,False
DJI_20251210091907_0007_V.JPG,DJI_20251210091907_0007_V,.jpg,\\amssclgis10.ams.gmams.cl\CL_MLP_PAO\Vuelos_Drone_Sin_Procesar\INPUT\20260206_Geosupport_primera entrega\SOLO_JPG_02Jun26\GEOSP-TRN-001492\GS_AFD_Estacion de bombeo n°2\DJI_20251210091907_0007_V.JPG,SOLO_JPG_02Jun26\GEOSP-TRN-001492\GS_AFD_Estacion de bombeo n°2\DJI_20251210091907_0007_V.JPG,0.698,2026-06-11 11:00:44,\\amssclgis10.ams.gmams.cl\cl_mlp_pao\vuelos_drone_sin_procesar\input\20260206_geosupport_primera entrega\solo_jpg_02jun26\geosp-trn-001492\gs_afd_estacion de bombeo n°2\dji_20251210091907_0007_v.jpg,False
DJI_20251210091908_0008_V.JPG,DJI_20251210091908_0008_V,.jpg,\\amssclgis10.ams.gmams.cl\CL_MLP_PAO\Vuelos_Drone_Sin_Procesar\INPUT\20260206_Geosupport_primera entrega\SOLO_JPG_02Jun26\GEOSP-TRN-001492\GS_AFD_Estacion de bombeo n°2\DJI_20251210091908_0008_V.JPG,SOLO_JPG_02Jun26\GEOSP-TRN-001492\GS_AFD_Estacion de bombeo n°2\DJI_20251210091908_0008_V.JPG,0.692,2026-06-11 11:00:44,\\amssclgis10.ams.gmams.cl\cl_mlp_pao\vuelos_drone_sin_procesar\input\20260206_geosupport_primera entrega\solo_jpg_02jun26\geosp-trn-001492\gs_afd_estacion de bombeo n°2\dji_20251210091908_0008_v.jpg,False
DJI_20251210091911_0009_V.JPG,DJI_20251210091911_0009_V,.jpg,\\amssclgis10.ams.gmams.cl\CL_MLP_PAO\Vuelos_Drone_Sin_Procesar\INPUT\20260206_Geosupport_primera entrega\SOLO_JPG_02Jun26\GEOSP-TRN-001492\GS_AFD_Estacion de bombeo n°2\DJI_20251210091911_0009_V.JPG,SOLO_JPG_02Jun26\GEOSP-TRN-001492\GS_AFD_Estacion de bombeo n°2\DJI_20251210091911_0009_V.JPG,0.684,2026-06-11 11:00:44,\\amssclgis10.ams.gmams.cl\cl_mlp_pao\vuelos_drone_sin_procesar\input\20260206_geosupport_primera entrega\solo_jpg_02jun26\geosp-trn-001492\gs_afd_estacion de bombeo n°2\dji_20251210091911_0009_v.jpg,False
DJI_20251210091913_0010_V.JPG,DJI_20251210091913_0010_V,.jpg,\\amssclgis10.ams.gmams.cl\CL_MLP_PAO\Vuelos_Drone_Sin_Procesar\INPUT\20260206_Geosupport_primera entrega\SOLO_JPG_02Jun26\GEOSP-TRN-001492\GS_AFD_Estacion de bombeo n°2\DJI_20251210091913_0010_V.JPG,SOLO_JPG_02Jun26\GEOSP-TRN-001492\GS_AFD_Estacion de bombeo n°2\DJI_20251210091913_0010_V.JPG,0.702,2026-06-11 11:00:45,\\amssclgis10.ams.gmams.cl\cl_mlp_pao\vuelos_drone_sin_procesar\input\20260206_geosupport_primera entrega\solo_jpg_02jun26\geosp-trn-001492\gs_afd_estacion de bombeo n°2\dji_20251210091913_0010_v.jpg,False
DJI_20251210091914_0011_V.JPG,DJI_20251210091914_0011_V,.jpg,\\amssclgis10.ams.gmams.cl\CL_MLP_PAO\Vuelos_Drone_Sin_Procesar\INPUT\20260206_Geosupport_primera entrega\SOLO_JPG_02Jun26\GEOSP-TRN-001492\GS_AFD_Estacion de bombeo n°2\DJI_20251210091914_0011_V.JPG,SOLO_JPG_02Jun26\GEOSP-TRN-001492\GS_AFD_Estacion de bombeo n°2\DJI_20251210091914_0011_V.JPG,0.702,2026-06-11 11:00:45,\\amssclgis10.ams.gmams.cl\cl_mlp_pao\vuelos_drone_sin_procesar\input\20260206_geosupport_primera entrega\solo_jpg_02jun26\geosp-trn-001492\gs_afd_estacion de bombeo n°2\dji_20251210091914_0011_v.jpg,False
DJI_20251210091916_0012_V.JPG,DJI_20251210091916_0012_V,.jpg,\\amssclgis10.ams.gmams.cl\CL_MLP_PAO\Vuelos_Drone_Sin_Procesar\INPUT\20260206_Geosupport_primera entrega\SOLO_JPG_02Jun26\GEOSP-TRN-001492\GS_AFD_Estacion de bombeo n°2\DJI_20251210091916_0012_V.JPG,SOLO_JPG_02Jun26\GEOSP-TRN-001492\GS_AFD_Estacion de bombeo n°2\DJI_20251210091916_0012_V.JPG,0.702,2026-06-11 11:00:45,\\amssclgis10.ams.gmams.cl\cl_mlp_pao\vuelos_drone_sin_procesar\input\20260206_geosupport_primera entrega\solo_jpg_02jun26\geosp-trn-001492\gs_afd_estacion de bombeo n°2\dji_20251210091916_0012_v.jpg,False
DJI_20251210091917_0013_V.JPG,DJI_20251210091917_0013_V,.jpg,\\amssclgis10.ams.gmams.cl\CL_MLP_PAO\Vuelos_Drone_Sin_Procesar\INPUT\20260206_Geosupport_primera entrega\SOLO_JPG_02Jun26\GEOSP-TRN-001492\GS_AFD_Estacion de bombeo n°2\DJI_20251210091917_0013_V.JPG,SOLO_JPG_02Jun26\GEOSP-TRN-001492\GS_AFD_Estacion de bombeo n°2\DJI_20251210091917_0013_V.JPG,0.701,2026-06-11 11:00:46,\\amssclgis10.ams.gmams.cl\cl_mlp_pao\vuelos_drone_sin_procesar\input\20260206_geosupport_primera entrega\solo_jpg_02jun26\geosp-trn-001492\gs_afd_estacion de bombeo n°2\dji_20251210091917_0013_v.jpg,False
DJI_20251210091920_0014_V.JPG,DJI_20251210091920_0014_V,.jpg,\\amssclgis10.ams.gmams.cl\CL_MLP_PAO\Vuelos_Drone_Sin_Procesar\INPUT\20260206_Geosupport_primera entrega\SOLO_JPG_02Jun26\GEOSP-TRN-001492\GS_AFD_Estacion de bombeo n°2\DJI_20251210091920_0014_V.JPG,SOLO_JPG_02Jun26\GEOSP-TRN-001492\GS_AFD_Estacion de bombeo n°2\DJI_20251210091920_0014_V.JPG,0.702,2026-06-11 11:00:46,\\amssclgis10.ams.gmams.cl\cl_mlp_pao\vuelos_drone_sin_procesar\input\20260206_geosupport_primera entrega\solo_jpg_02jun26\geosp-trn-001492\gs_afd_estacion de bombeo n°2\dji_20251210091920_0014_v.jpg,False
DJI_20251210091922_0015_V.JPG,DJI_20251210091922_0015_V,.jpg,\\amssclgis10.ams.gmams.cl\CL_MLP_PAO\Vuelos_Drone_Sin_Procesar\INPUT\20260206_Geosupport_primera entrega\SOLO_JPG_02Jun26\GEOSP-TRN-001492\GS_AFD_Estacion de bombeo n°2\DJI_20251210091922_0015_V.JPG,SOLO_JPG_02Jun26\GEOSP-TRN-001492\GS_AFD_Estacion de bombeo n°2\DJI_20251210091922_0015_V.JPG,0.703,2026-06-11 11:00:47,\\amssclgis10.ams.gmams.cl\cl_mlp_pao\vuelos_drone_sin_procesar\input\20260206_geosupport_primera entrega\solo_jpg_02jun26\geosp-trn-001492\gs_afd_estacion de bombeo n°2\dji_20251210091922_0015_v.jpg,False
DJI_20251210091926_0016_V.JPG,DJI_20251210091926_0016_V,.jpg,\\amssclgis10.ams.gmams.cl\CL_MLP_PAO\Vuelos_Drone_Sin_Procesar\INPUT\20260206_Geosupport_primera entrega\SOLO_JPG_02Jun26\GEOSP-TRN-001492\GS_AFD_Estacion de bombeo n°2\DJI_20251210091926_0016_V.JPG,SOLO_JPG_02Jun26\GEOSP-TRN-001492\GS_AFD_Estacion de bombeo n°2\DJI_20251210091926_0016_V.JPG,0.707,2026-06-11 11:00:47,\\amssclgis10.ams.gmams.cl\cl_mlp_pao\vuelos_drone_sin_procesar\input\20260206_geosupport_primera entrega\solo_jpg_02jun26\geosp-trn-001492\gs_afd_estacion de bombeo n°2\dji_20251210091926_0016_v.jpg,False
DJI_20251210091927_0017_V.JPG,DJI_20251210091927_0017_V,.jpg,\\amssclgis10.ams.gmams.cl\CL_MLP_PAO\Vuelos_Drone_Sin_Procesar\INPUT\20260206_Geosupport_primera entrega\SOLO_JPG_02Jun26\GEOSP-TRN-001492\GS_AFD_Estacion de bombeo n°2\DJI_20251210091927_0017_V.JPG,SOLO_JPG_02Jun26\GEOSP-TRN-001492\GS_AFD_Estacion de bombeo n°2\DJI_20251210091927_0017_V.JPG,0.684,2026-06-11 11:00:47,\\amssclgis10.ams.gmams.cl\cl_mlp_pao\vuelos_drone_sin_procesar\input\20260206_geosupport_primera entrega\solo_jpg_02jun26\geosp-trn-001492\gs_afd_estacion de bombeo n°2\dji_20251210091927_0017_v.jpg,False
DJI_20251210091928_0018_V.JPG,DJI_20251210091928_0018_V,.jpg,\\amssclgis10.ams.gmams.cl\CL_MLP_PAO\Vuelos_Drone_Sin_Procesar\INPUT\20260206_Geosupport_primera entrega\SOLO_JPG_02Jun26\GEOSP-TRN-001492\GS_AFD_Estacion de bombeo n°2\DJI_20251210091928_0018_V.JPG,SOLO_JPG_02Jun26\GEOSP-TRN-001492\GS_AFD_Estacion de bombeo n°2\DJI_20251210091928_0018_V.JPG,0.684,2026-06-11 11:00:47,\\amssclgis10.ams.gmams.cl\cl_mlp_pao\vuelos_drone_sin_procesar\input\20260206_geosupport_primera entrega\solo_jpg_02jun26\geosp-trn-001492\gs_afd_estacion de bombeo n°2\dji_20251210091928_0018_v.jpg,False
DJI_20251210091929_0019_V.JPG,DJI_20251210091929_0019_V,.jpg,\\amssclgis10.ams.gmams.cl\CL_MLP_PAO\Vuelos_Drone_Sin_Procesar\INPUT\20260206_Geosupport_primera entrega\SOLO_JPG_02Jun26\GEOSP-TRN-001492\GS_AFD_Estacion de bombeo n°2\DJI_20251210091929_0019_V.JPG,SOLO_JPG_02Jun26\GEOSP-TRN-001492\GS_AFD_Estacion de bombeo n°2\DJI_20251210091929_0019_V.JPG,0.687,2026-06-11 11:00:48,\\amssclgis10.ams.gmams.cl\cl_mlp_pao\vuelos_drone_sin_procesar\input\20260206_geosupport_primera entrega\solo_jpg_02jun26\geosp-trn-001492\gs_afd_estacion de bombeo n°2\dji_20251210091929_0019_v.jpg,False
DJI_20251210091931_0020_V.JPG,DJI_20251210091931_0020_V,.jpg,\\amssclgis10.ams.gmams.cl\CL_MLP_PAO\Vuelos_Drone_Sin_Procesar\INPUT\20260206_Geosupport_primera entrega\SOLO_JPG_02Jun26\GEOSP-TRN-001492\GS_AFD_Estacion de bombeo n°2\DJI_20251210091931_0020_V.JPG,SOLO_JPG_02Jun26\GEOSP-TRN-001492\GS_AFD_Estacion de bombeo n°2\DJI_20251210091931_0020_V.JPG,0.695,2026-06-11 11:00:48,\\amssclgis10.ams.gmams.cl\cl_mlp_pao\vuelos_drone_sin_procesar\input\20260206_geosupport_primera entrega\solo_jpg_02jun26\geosp-trn-001492\gs_afd_estacion de bombeo n°2\dji_20251210091931_0020_v.jpg,False
DJI_20251210091933_0021_V.JPG,DJI_20251210091933_0021_V,.jpg,\\amssclgis10.ams.gmams.cl\CL_MLP_PAO\Vuelos_Drone_Sin_Procesar\INPUT\20260206_Geosupport_primera entrega\SOLO_JPG_02Jun26\GEOSP-TRN-001492\GS_AFD_Estacion de bombeo n°2\DJI_20251210091933_0021_V.JPG,SOLO_JPG_02Jun26\GEOSP-TRN-001492\GS_AFD_Estacion de bombeo n°2\DJI_20251210091933_0021_V.JPG,0.695,2026-06-11 11:00:48,\\amssclgis10.ams.gmams.cl\cl_mlp_pao\vuelos_drone_sin_procesar\input\20260206_geosupport_primera entrega\solo_jpg_02jun26\geosp-trn-001492\gs_afd_estacion de bombeo n°2\dji_20251210091933_0021_v.jpg,False
DJI_20251210091934_0022_V.JPG,DJI_20251210091934_0022_V,.jpg,\\amssclgis10.ams.gmams.cl\CL_MLP_PAO\Vuelos_Drone_Sin_Procesar\INPUT\20260206_Geosupport_primera entrega\SOLO_JPG_02Jun26\GEOSP-TRN-001492\GS_AFD_Estacion de bombeo n°2\DJI_20251210091934_0022_V.JPG,SOLO_JPG_02Jun26\GEOSP-TRN-001492\GS_AFD_Estacion de bombeo n°2\DJI_20251210091934_0022_V.JPG,0.696,2026-06-11 11:00:49,\\amssclgis10.ams.gmams.cl\cl_mlp_pao\vuelos_drone_sin_procesar\input\20260206_geosupport_primera entrega\solo_jpg_02jun26\geosp-trn-001492\gs_afd_estacion de bombeo n°2\dji_20251210091934_0022_v.jpg,False
DJI_20251210091935_0023_V.JPG,DJI_20251210091935_0023_V,.jpg,\\amssclgis10.ams.gmams.cl\CL_MLP_PAO\Vuelos_Drone_Sin_Procesar\INPUT\20260206_Geosupport_primera entrega\SOLO_JPG_02Jun26\GEOSP-TRN-001492\GS_AFD_Estacion de bombeo n°2\DJI_20251210091935_0023_V.JPG,SOLO_JPG_02Jun26\GEOSP-TRN-001492\GS_AFD_Estacion de bombeo n°2\DJI_20251210091935_0023_V.JPG,0.695,2026-06-11 11:00:49,\\amssclgis10.ams.gmams.cl\cl_mlp_pao\vuelos_drone_sin_procesar\input\20260206_geosupport_primera entrega\solo_jpg_02jun26\geosp-trn-001492\gs_afd_estacion de bombeo n°2\dji_20251210091935_0023_v.jpg,False
DJI_20251210091937_0024_V.JPG,DJI_20251210091937_0024_V,.jpg,\\amssclgis10.ams.gmams.cl\CL_MLP_PAO\Vuelos_Drone_Sin_Procesar\INPUT\20260206_Geosupport_primera entrega\SOLO_JPG_02Jun26\GEOSP-TRN-001492\GS_AFD_Estacion de bombeo n°2\DJI_20251210091937_0024_V.JPG,SOLO_JPG_02Jun26\GEOSP-TRN-001492\GS_AFD_Estacion de bombeo n°2\DJI_20251210091937_0024_V.JPG,0.699,2026-06-11 11:00:49,\\amssclgis10.ams.gmams.cl\cl_mlp_pao\vuelos_drone_sin_procesar\input\20260206_geosupport_primera entrega\solo_jpg_02jun26\geosp-trn-001492\gs_afd_estacion de bombeo n°2\dji_20251210091937_0024_v.jpg,False
DJI_20251210091939_0025_V.JPG,DJI_20251210091939_0025_V,.jpg,\\amssclgis10.ams.gmams.cl\CL_MLP_PAO\Vuelos_Drone_Sin_Procesar\INPUT\20260206_Geosupport_primera entrega\SOLO_JPG_02Jun26\GEOSP-TRN-001492\GS_AFD_Estacion de bombeo n°2\DJI_20251210091939_0025_V.JPG,SOLO_JPG_02Jun26\GEOSP-TRN-001492\GS_AFD_Estacion de bombeo n°2\DJI_20251210091939_0025_V.JPG,0.696,2026-06-11 11:00:50,\\amssclgis10.ams.gmams.cl\cl_mlp_pao\vuelos_drone_sin_procesar\input\20260206_geosupport_primera entrega\solo_jpg_02jun26\geosp-trn-001492\gs_afd_estacion de bombeo n°2\dji_20251210091939_0025_v.jpg,False
DJI_20251210091943_0026_V.JPG,DJI_20251210091943_0026_V,.jpg,\\amssclgis10.ams.gmams.cl\CL_MLP_PAO\Vuelos_Drone_Sin_Procesar\INPUT\20260206_Geosupport_primera entrega\SOLO_JPG_02Jun26\GEOSP-TRN-001492\GS_AFD_Estacion de bombeo n°2\DJI_20251210091943_0026_V.JPG,SOLO_JPG_02Jun26\GEOSP-TRN-001492\GS_AFD_Estacion de bombeo n°2\DJI_20251210091943_0026_V.JPG,0.693,2026-06-11 11:00:50,\\amssclgis10.ams.gmams.cl\cl_mlp_pao\vuelos_drone_sin_procesar\input\20260206_geosupport_primera entrega\solo_jpg_02jun26\geosp-trn-001492\gs_afd_estacion de bombeo n°2\dji_20251210091943_0026_v.jpg,False
DJI_20251210091944_0027_V.JPG,DJI_20251210091944_0027_V,.jpg,\\amssclgis10.ams.gmams.cl\CL_MLP_PAO\Vuelos_Drone_Sin_Procesar\INPUT\20260206_Geosupport_primera entrega\SOLO_JPG_02Jun26\GEOSP-TRN-001492\GS_AFD_Estacion de bombeo n°2\DJI_20251210091944_0027_V.JPG,SOLO_JPG_02Jun26\GEOSP-TRN-001492\GS_AFD_Estacion de bombeo n°2\DJI_20251210091944_0027_V.JPG,0.697,2026-06-11 11:00:50,\\amssclgis10.ams.gmams.cl\cl_mlp_pao\vuelos_drone_sin_procesar\input\20260206_geosupport_primera entrega\solo_jpg_02jun26\geosp-trn-001492\gs_afd_estacion de bombeo n°2\dji_20251210091944_0027_v.jpg,False
DJI_20251210091946_0028_V.JPG,DJI_20251210091946_0028_V,.jpg,\\amssclgis10.ams.gmams.cl\CL_MLP_PAO\Vuelos_Drone_Sin_Procesar\INPUT\20260206_Geosupport_primera entrega\SOLO_JPG_02Jun26\GEOSP-TRN-001492\GS_AFD_Estacion de bombeo n°2\DJI_20251210091946_0028_V.JPG,SOLO_JPG_02Jun26\GEOSP-TRN-001492\GS_AFD_Estacion de bombeo n°2\DJI_20251210091946_0028_V.JPG,0.698,2026-06-11 11:00:51,\\amssclgis10.ams.gmams.cl\cl_mlp_pao\vuelos_drone_sin_procesar\input\20260206_geosupport_primera entrega\solo_jpg_02jun26\geosp-trn-001492\gs_afd_estacion de bombeo n°2\dji_20251210091946_0028_v.jpg,False
DJI_20251210091947_0029_V.JPG,DJI_20251210091947_0029_V,.jpg,\\amssclgis10.ams.gmams.cl\CL_MLP_PAO\Vuelos_Drone_Sin_Procesar\INPUT\20260206_Geosupport_primera entrega\SOLO_JPG_02Jun26\GEOSP-TRN-001492\GS_AFD_Estacion de bombeo n°2\DJI_20251210091947_0029_V.JPG,SOLO_JPG_02Jun26\GEOSP-TRN-001492\GS_AFD_Estacion de bombeo n°2\DJI_20251210091947_0029_V.JPG,0.695,2026-06-11 11:00:51,\\amssclgis10.ams.gmams.cl\cl_mlp_pao\vuelos_drone_sin_procesar\input\20260206_geosupport_primera entrega\solo_jpg_02jun26\geosp-trn-001492\gs_afd_estacion de bombeo n°2\dji_20251210091947_0029_v.jpg,False
DJI_20251210091948_0030_V.JPG,DJI_20251210091948_0030_V,.jpg,\\amssclgis10.ams.gmams.cl\CL_MLP_PAO\Vuelos_Drone_Sin_Procesar\INPUT\20260206_Geosupport_primera entrega\SOLO_JPG_02Jun26\GEOSP-TRN-001492\GS_AFD_Estacion de bombeo n°2\DJI_20251210091948_0030_V.JPG,SOLO_JPG_02Jun26\GEOSP-TRN-001492\GS_AFD_Estacion de bombeo n°2\DJI_20251210091948_0030_V.JPG,0.691,2026-06-11 11:00:51,\\amssclgis10.ams.gmams.cl\cl_mlp_pao\vuelos_drone_sin_procesar\input\20260206_geosupport_primera entrega\solo_jpg_02jun26\geosp-trn-001492\gs_afd_estacion de bombeo n°2\dji_20251210091948_0030_v.jpg,False
DJI_20251210092008_0032_V.JPG,DJI_20251210092008_0032_V,.jpg,\\amssclgis10.ams.gmams.cl\CL_MLP_PAO\Vuelos_Drone_Sin_Procesar\INPUT\20260206_Geosupport_primera entrega\SOLO_JPG_02Jun26\GEOSP-TRN-001492\GS_AFD_Estacion de bombeo n°2\DJI_20251210092008_0032_V.JPG,SOLO_JPG_02Jun26\GEOSP-TRN-001492\GS_AFD_Estacion de bombeo n°2\DJI_20251210092008_0032_V.JPG,0.636,2026-06-11 11:00:51,\\amssclgis10.ams.gmams.cl\cl_mlp_pao\vuelos_drone_sin_procesar\input\20260206_geosupport_primera entrega\solo_jpg_02jun26\geosp-trn-001492\gs_afd_estacion de bombeo n°2\dji_20251210092008_0032_v.jpg,False
DJI_20251210092013_0033_V.JPG,DJI_20251210092013_0033_V,.jpg,\\amssclgis10.ams.gmams.cl\CL_MLP_PAO\Vuelos_Drone_Sin_Procesar\INPUT\20260206_Geosupport_primera entrega\SOLO_JPG_02Jun26\GEOSP-TRN-001492\GS_AFD_Estacion de bombeo n°2\DJI_20251210092013_0033_V.JPG,SOLO_JPG_02Jun26\GEOSP-TRN-001492\GS_AFD_Estacion de bombeo n°2\DJI_20251210092013_0033_V.JPG,0.615,2026-06-11 11:00:52,\\amssclgis10.ams.gmams.cl\cl_mlp_pao\vuelos_drone_sin_procesar\input\20260206_geosupport_primera entrega\solo_jpg_02jun26\geosp-trn-001492\gs_afd_estacion de bombeo n°2\dji_20251210092013_0033_v.jpg,False
DJI_20251210092015_0034_V.JPG,DJI_20251210092015_0034_V,.jpg,\\amssclgis10.ams.gmams.cl\CL_MLP_PAO\Vuelos_Drone_Sin_Procesar\INPUT\20260206_Geosupport_primera entrega\SOLO_JPG_02Jun26\GEOSP-TRN-001492\GS_AFD_Estacion de bombeo n°2\DJI_20251210092015_0034_V.JPG,SOLO_JPG_02Jun26\GEOSP-TRN-001492\GS_AFD_Estacion de bombeo n°2\DJI_20251210092015_0034_V.JPG,0.601,2026-06-11 11:00:52,\\amssclgis10.ams.gmams.cl\cl_mlp_pao\vuelos_drone_sin_procesar\input\20260206_geosupport_primera entrega\solo_jpg_02jun26\geosp-trn-001492\gs_afd_estacion de bombeo n°2\dji_20251210092015_0034_v.jpg,False
DJI_20251210092017_0035_V.JPG,DJI_20251210092017_0035_V,.jpg,\\amssclgis10.ams.gmams.cl\CL_MLP_PAO\Vuelos_Drone_Sin_Procesar\INPUT\20260206_Geosupport_primera entrega\SOLO_JPG_02Jun26\GEOSP-TRN-001492\GS_AFD_Estacion de bombeo n°2\DJI_20251210092017_0035_V.JPG,SOLO_JPG_02Jun26\GEOSP-TRN-001492\GS_AFD_Estacion de bombeo n°2\DJI_20251210092017_0035_V.JPG,0.613,2026-06-11 11:00:52,\\amssclgis10.ams.gmams.cl\cl_mlp_pao\vuelos_drone_sin_procesar\input\20260206_geosupport_primera entrega\solo_jpg_02jun26\geosp-trn-001492\gs_afd_estacion de bombeo n°2\dji_20251210092017_0035_v.jpg,False
DJI_20251210092019_0036_V.JPG,DJI_20251210092019_0036_V,.jpg,\\amssclgis10.ams.gmams.cl\CL_MLP_PAO\Vuelos_Drone_Sin_Procesar\INPUT\20260206_Geosupport_primera entrega\SOLO_JPG_02Jun26\GEOSP-TRN-001492\GS_AFD_Estacion de bombeo n°2\DJI_20251210092019_0036_V.JPG,SOLO_JPG_02Jun26\GEOSP-TRN-001492\GS_AFD_Estacion de bombeo n°2\DJI_20251210092019_0036_V.JPG,0.618,2026-06-11 11:00:53,\\amssclgis10.ams.gmams.cl\cl_mlp_pao\vuelos_drone_sin_procesar\input\20260206_geosupport_primera entrega\solo_jpg_02jun26\geosp-trn-001492\gs_afd_estacion de bombeo n°2\dji_20251210092019_0036_v.jpg,False
DJI_20251210092020_0037_V.JPG,DJI_20251210092020_0037_V,.jpg,\\amssclgis10.ams.gmams.cl\CL_MLP_PAO\Vuelos_Drone_Sin_Procesar\INPUT\20260206_Geosupport_primera entrega\SOLO_JPG_02Jun26\GEOSP-TRN-001492\GS_AFD_Estacion de bombeo n°2\DJI_20251210092020_0037_V.JPG,SOLO_JPG_02Jun26\GEOSP-TRN-001492\GS_AFD_Estacion de bombeo n°2\DJI_20251210092020_0037_V.JPG,0.62,2026-06-11 11:00:53,\\amssclgis10.ams.gmams.cl\cl_mlp_pao\vuelos_drone_sin_procesar\input\20260206_geosupport_primera entrega\solo_jpg_02jun26\geosp-trn-001492\gs_afd_estacion de bombeo n°2\dji_20251210092020_0037_v.jpg,False
DJI_20251210092021_0038_V.JPG,DJI_20251210092021_0038_V,.jpg,\\amssclgis10.ams.gmams.cl\CL_MLP_PAO\Vuelos_Drone_Sin_Procesar\INPUT\20260206_Geosupport_primera entrega\SOLO_JPG_02Jun26\GEOSP-TRN-001492\GS_AFD_Estacion de bombeo n°2\DJI_20251210092021_0038_V.JPG,SOLO_JPG_02Jun26\GEOSP-TRN-001492\GS_AFD_Estacion de bombeo n°2\DJI_20251210092021_0038_V.JPG,0.629,2026-06-11 11:00:53,\\amssclgis10.ams.gmams.cl\cl_mlp_pao\vuelos_drone_sin_procesar\input\20260206_geosupport_primera entrega\solo_jpg_02jun26\geosp-trn-001492\gs_afd_estacion de bombeo n°2\dji_20251210092021_0038_v.jpg,False
DJI_20251210092041_0039_V.JPG,DJI_20251210092041_0039_V,.jpg,\\amssclgis10.ams.gmams.cl\CL_MLP_PAO\Vuelos_Drone_Sin_Procesar\INPUT\20260206_Geosupport_primera entrega\SOLO_JPG_02Jun26\GEOSP-TRN-001492\GS_AFD_Estacion de bombeo n°2\DJI_20251210092041_0039_V.JPG,SOLO_JPG_02Jun26\GEOSP-TRN-001492\GS_AFD_Estacion de bombeo n°2\DJI_20251210092041_0039_V.JPG,0.861,2026-06-11 11:00:54,\\amssclgis10.ams.gmams.cl\cl_mlp_pao\vuelos_drone_sin_procesar\input\20260206_geosupport_primera entrega\solo_jpg_02jun26\geosp-trn-001492\gs_afd_estacion de bombeo n°2\dji_20251210092041_0039_v.jpg,False
DJI_20251220132005_0001_V.JPG,DJI_20251220132005_0001_V,.jpg,\\amssclgis10.ams.gmams.cl\CL_MLP_PAO\Vuelos_Drone_Sin_Procesar\INPUT\20260206_Geosupport_primera entrega\SOLO_JPG_02Jun26\GEOSP-TRN-001553\AFD_EB2_20-12-2025\DJI_20251220132005_0001_V.JPG,SOLO_JPG_02Jun26\GEOSP-TRN-001553\AFD_EB2_20-12-2025\DJI_20251220132005_0001_V.JPG,1.128,2026-06-11 11:00:54,\\amssclgis10.ams.gmams.cl\cl_mlp_pao\vuelos_drone_sin_procesar\input\20260206_geosupport_primera entrega\solo_jpg_02jun26\geosp-trn-001553\afd_eb2_20-12-2025\dji_20251220132005_0001_v.jpg,False
DJI_20251220132023_0003_V.JPG,DJI_20251220132023_0003_V,.jpg,\\amssclgis10.ams.gmams.cl\CL_MLP_PAO\Vuelos_Drone_Sin_Procesar\INPUT\20260206_Geosupport_primera entrega\SOLO_JPG_02Jun26\GEOSP-TRN-001553\AFD_EB2_20-12-2025\DJI_20251220132023_0003_V.JPG,SOLO_JPG_02Jun26\GEOSP-TRN-001553\AFD_EB2_20-12-2025\DJI_20251220132023_0003_V.JPG,1.179,2026-06-11 11:00:55,\\amssclgis10.ams.gmams.cl\cl_mlp_pao\vuelos_drone_sin_procesar\input\20260206_geosupport_primera entrega\solo_jpg_02jun26\geosp-trn-001553\afd_eb2_20-12-2025\dji_20251220132023_0003_v.jpg,False
DJI_20251220132025_0004_V.JPG,DJI_20251220132025_0004_V,.jpg,\\amssclgis10.ams.gmams.cl\CL_MLP_PAO\Vuelos_Drone_Sin_Procesar\INPUT\20260206_Geosupport_primera entrega\SOLO_JPG_02Jun26\GEOSP-TRN-001553\AFD_EB2_20-12-2025\DJI_20251220132025_0004_V.JPG,SOLO_JPG_02Jun26\GEOSP-TRN-001553\AFD_EB2_20-12-2025\DJI_20251220132025_0004_V.JPG,1.188,2026-06-11 11:00:56,\\amssclgis10.ams.gmams.cl\cl_mlp_pao\vuelos_drone_sin_procesar\input\20260206_geosupport_primera entrega\solo_jpg_02jun26\geosp-trn-001553\afd_eb2_20-12-2025\dji_20251220132025_0004_v.jpg,False
DJI_20251220132050_0005_V.JPG,DJI_20251220132050_0005_V,.jpg,\\amssclgis10.ams.gmams.cl\CL_MLP_PAO\Vuelos_Drone_Sin_Procesar\INPUT\20260206_Geosupport_primera entrega\SOLO_JPG_02Jun26\GEOSP-TRN-001553\AFD_EB2_20-12-2025\DJI_20251220132050_0005_V.JPG,SOLO_JPG_02Jun26\GEOSP-TRN-001553\AFD_EB2_20-12-2025\DJI_20251220132050_0005_V.JPG,1.209,2026-06-11 11:00:57,\\amssclgis10.ams.gmams.cl\cl_mlp_pao\vuelos_drone_sin_procesar\input\20260206_geosupport_primera entrega\solo_jpg_02jun26\geosp-trn-001553\afd_eb2_20-12-2025\dji_20251220132050_0005_v.jpg,False
DJI_20251220132052_0006_V.JPG,DJI_20251220132052_0006_V,.jpg,\\amssclgis10.ams.gmams.cl\CL_MLP_PAO\Vuelos_Drone_Sin_Procesar\INPUT\20260206_Geosupport_primera entrega\SOLO_JPG_02Jun26\GEOSP-TRN-001553\AFD_EB2_20-12-2025\DJI_20251220132052_0006_V.JPG,SOLO_JPG_02Jun26\GEOSP-TRN-001553\AFD_EB2_20-12-2025\DJI_20251220132052_0006_V.JPG,1.181,2026-06-11 11:00:57,\\amssclgis10.ams.gmams.cl\cl_mlp_pao\vuelos_drone_sin_procesar\input\20260206_geosupport_primera entrega\solo_jpg_02jun26\geosp-trn-001553\afd_eb2_20-12-2025\dji_20251220132052_0006_v.jpg,False
DJI_20251220132107_0007_V.JPG,DJI_20251220132107_0007_V,.jpg,\\amssclgis10.ams.gmams.cl\CL_MLP_PAO\Vuelos_Drone_Sin_Procesar\INPUT\20260206_Geosupport_primera entrega\SOLO_JPG_02Jun26\GEOSP-TRN-001553\AFD_EB2_20-12-2025\DJI_20251220132107_0007_V.JPG,SOLO_JPG_02Jun26\GEOSP-TRN-001553\AFD_EB2_20-12-2025\DJI_20251220132107_0007_V.JPG,1.116,2026-06-11 11:00:58,\\amssclgis10.ams.gmams.cl\cl_mlp_pao\vuelos_drone_sin_procesar\input\20260206_geosupport_primera entrega\solo_jpg_02jun26\geosp-trn-001553\afd_eb2_20-12-2025\dji_20251220132107_0007_v.jpg,False
DJI_20251220132109_0008_V.JPG,DJI_20251220132109_0008_V,.jpg,\\amssclgis10.ams.gmams.cl\CL_MLP_PAO\Vuelos_Drone_Sin_Procesar\INPUT\20260206_Geosupport_primera entrega\SOLO_JPG_02Jun26\GEOSP-TRN-001553\AFD_EB2_20-12-2025\DJI_20251220132109_0008_V.JPG,SOLO_JPG_02Jun26\GEOSP-TRN-001553\AFD_EB2_20-12-2025\DJI_20251220132109_0008_V.JPG,1.112,2026-06-11 11:00:59,\\amssclgis10.ams.gmams.cl\cl_mlp_pao\vuelos_drone_sin_procesar\input\20260206_geosupport_primera entrega\solo_jpg_02jun26\geosp-trn-001553\afd_eb2_20-12-2025\dji_20251220132109_0008_v.jpg,False
DJI_20251220132222_0010_V.JPG,DJI_20251220132222_0010_V,.jpg,\\amssclgis10.ams.gmams.cl\CL_MLP_PAO\Vuelos_Drone_Sin_Procesar\INPUT\20260206_Geosupport_primera entrega\SOLO_JPG_02Jun26\GEOSP-TRN-001553\AFD_EB2_20-12-2025\DJI_20251220132222_0010_V.JPG,SOLO_JPG_02Jun26\GEOSP-TRN-001553\AFD_EB2_20-12-2025\DJI_20251220132222_0010_V.JPG,1.134,2026-06-11 11:01:00,\\amssclgis10.ams.gmams.cl\cl_mlp_pao\vuelos_drone_sin_procesar\input\20260206_geosupport_primera entrega\solo_jpg_02jun26\geosp-trn-001553\afd_eb2_20-12-2025\dji_20251220132222_0010_v.jpg,False
DJI_20251220132247_0011_V.JPG,DJI_20251220132247_0011_V,.jpg,\\amssclgis10.ams.gmams.cl\CL_MLP_PAO\Vuelos_Drone_Sin_Procesar\INPUT\20260206_Geosupport_primera entrega\SOLO_JPG_02Jun26\GEOSP-TRN-001553\AFD_EB2_20-12-2025\DJI_20251220132247_0011_V.JPG,SOLO_JPG_02Jun26\GEOSP-TRN-001553\AFD_EB2_20-12-2025\DJI_20251220132247_0011_V.JPG,1.055,2026-06-11 11:01:00,\\amssclgis10.ams.gmams.cl\cl_mlp_pao\vuelos_drone_sin_procesar\input\20260206_geosupport_primera entrega\solo_jpg_02jun26\geosp-trn-001553\afd_eb2_20-12-2025\dji_20251220132247_0011_v.jpg,False
DJI_20251220132257_0012_V.JPG,DJI_20251220132257_0012_V,.jpg,\\amssclgis10.ams.gmams.cl\CL_MLP_PAO\Vuelos_Drone_Sin_Procesar\INPUT\20260206_Geosupport_primera entrega\SOLO_JPG_02Jun26\GEOSP-TRN-001553\AFD_EB2_20-12-2025\DJI_20251220132257_0012_V.JPG,SOLO_JPG_02Jun26\GEOSP-TRN-001553\AFD_EB2_20-12-2025\DJI_20251220132257_0012_V.JPG,1.14,2026-06-11 11:01:01,\\amssclgis10.ams.gmams.cl\cl_mlp_pao\vuelos_drone_sin_procesar\input\20260206_geosupport_primera entrega\solo_jpg_02jun26\geosp-trn-001553\afd_eb2_20-12-2025\dji_20251220132257_0012_v.jpg,False
DJI_20260103103200_0103_V.JPG,DJI_20260103103200_0103_V,.jpg,\\amssclgis10.ams.gmams.cl\CL_MLP_PAO\Vuelos_Drone_Sin_Procesar\INPUT\20260206_Geosupport_primera entrega\SOLO_JPG_02Jun26\GEOSP-TRN-001642\GS_AFD+ORTOFOTO_EB2_03-01-26\DJI_20260103103200_0103_V.JPG,SOLO_JPG_02Jun26\GEOSP-TRN-001642\GS_AFD+ORTOFOTO_EB2_03-01-26\DJI_20260103103200_0103_V.JPG,1.116,2026-06-11 11:01:02,\\amssclgis10.ams.gmams.cl\cl_mlp_pao\vuelos_drone_sin_procesar\input\20260206_geosupport_primera entrega\solo_jpg_02jun26\geosp-trn-001642\gs_afd+ortofoto_eb2_03-01-26\dji_20260103103200_0103_v.jpg,False
DJI_20260103103210_0104_V.JPG,DJI_20260103103210_0104_V,.jpg,\\amssclgis10.ams.gmams.cl\CL_MLP_PAO\Vuelos_Drone_Sin_Procesar\INPUT\20260206_Geosupport_primera entrega\SOLO_JPG_02Jun26\GEOSP-TRN-001642\GS_AFD+ORTOFOTO_EB2_03-01-26\DJI_20260103103210_0104_V.JPG,SOLO_JPG_02Jun26\GEOSP-TRN-001642\GS_AFD+ORTOFOTO_EB2_03-01-26\DJI_20260103103210_0104_V.JPG,1.048,2026-06-11 11:01:02,\\amssclgis10.ams.gmams.cl\cl_mlp_pao\vuelos_drone_sin_procesar\input\20260206_geosupport_primera entrega\solo_jpg_02jun26\geosp-trn-001642\gs_afd+ortofoto_eb2_03-01-26\dji_20260103103210_0104_v.jpg,False
DJI_20260103103220_0105_V.JPG,DJI_20260103103220_0105_V,.jpg,\\amssclgis10.ams.gmams.cl\CL_MLP_PAO\Vuelos_Drone_Sin_Procesar\INPUT\20260206_Geosupport_primera entrega\SOLO_JPG_02Jun26\GEOSP-TRN-001642\GS_AFD+ORTOFOTO_EB2_03-01-26\DJI_20260103103220_0105_V.JPG,SOLO_JPG_02Jun26\GEOSP-TRN-001642\GS_AFD+ORTOFOTO_EB2_03-01-26\DJI_20260103103220_0105_V.JPG,0.958,2026-06-11 11:01:03,\\amssclgis10.ams.gmams.cl\cl_mlp_pao\vuelos_drone_sin_procesar\input\20260206_geosupport_primera entrega\solo_jpg_02jun26\geosp-trn-001642\gs_afd+ortofoto_eb2_03-01-26\dji_20260103103220_0105_v.jpg,False
DJI_20260103103230_0106_V.JPG,DJI_20260103103230_0106_V,.jpg,\\amssclgis10.ams.gmams.cl\CL_MLP_PAO\Vuelos_Drone_Sin_Procesar\INPUT\20260206_Geosupport_primera entrega\SOLO_JPG_02Jun26\GEOSP-TRN-001642\GS_AFD+ORTOFOTO_EB2_03-01-26\DJI_20260103103230_0106_V.JPG,SOLO_JPG_02Jun26\GEOSP-TRN-001642\GS_AFD+ORTOFOTO_EB2_03-01-26\DJI_20260103103230_0106_V.JPG,0.966,2026-06-11 11:01:04,\\amssclgis10.ams.gmams.cl\cl_mlp_pao\vuelos_drone_sin_procesar\input\20260206_geosupport_primera entrega\solo_jpg_02jun26\geosp-trn-001642\gs_afd+ortofoto_eb2_03-01-26\dji_20260103103230_0106_v.jpg,False
DJI_20260103103240_0107_V.JPG,DJI_20260103103240_0107_V,.jpg,\\amssclgis10.ams.gmams.cl\CL_MLP_PAO\Vuelos_Drone_Sin_Procesar\INPUT\20260206_Geosupport_primera entrega\SOLO_JPG_02Jun26\GEOSP-TRN-001642\GS_AFD+ORTOFOTO_EB2_03-01-26\DJI_20260103103240_0107_V.JPG,SOLO_JPG_02Jun26\GEOSP-TRN-001642\GS_AFD+ORTOFOTO_EB2_03-01-26\DJI_20260103103240_0107_V.JPG,1.074,2026-06-11 11:01:04,\\amssclgis10.ams.gmams.cl\cl_mlp_pao\vuelos_drone_sin_procesar\input\20260206_geosupport_primera entrega\solo_jpg_02jun26\geosp-trn-001642\gs_afd+ortofoto_eb2_03-01-26\dji_20260103103240_0107_v.jpg,False
DJI_20260103103254_0108_V.JPG,DJI_20260103103254_0108_V,.jpg,\\amssclgis10.ams.gmams.cl\CL_MLP_PAO\Vuelos_Drone_Sin_Procesar\INPUT\20260206_Geosupport_primera entrega\SOLO_JPG_02Jun26\GEOSP-TRN-001642\GS_AFD+ORTOFOTO_EB2_03-01-26\DJI_20260103103254_0108_V.JPG,SOLO_JPG_02Jun26\GEOSP-TRN-001642\GS_AFD+ORTOFOTO_EB2_03-01-26\DJI_20260103103254_0108_V.JPG,0.945,2026-06-11 11:01:04,\\amssclgis10.ams.gmams.cl\cl_mlp_pao\vuelos_drone_sin_procesar\input\20260206_geosupport_primera entrega\solo_jpg_02jun26\geosp-trn-001642\gs_afd+ortofoto_eb2_03-01-26\dji_20260103103254_0108_v.jpg,False
DJI_20260117115258_0002_V.JPG,DJI_20260117115258_0002_V,.jpg,\\amssclgis10.ams.gmams.cl\CL_MLP_PAO\Vuelos_Drone_Sin_Procesar\INPUT\20260206_Geosupport_primera entrega\SOLO_JPG_02Jun26\GEOSP-TRN-001732\GS_AFD_EB2_01-01-26\DJI_20260117115258_0002_V.JPG,SOLO_JPG_02Jun26\GEOSP-TRN-001732\GS_AFD_EB2_01-01-26\DJI_20260117115258_0002_V.JPG,1.234,2026-06-11 11:01:04,\\amssclgis10.ams.gmams.cl\cl_mlp_pao\vuelos_drone_sin_procesar\input\20260206_geosupport_primera entrega\solo_jpg_02jun26\geosp-trn-001732\gs_afd_eb2_01-01-26\dji_20260117115258_0002_v.jpg,False
DJI_20260117115259_0004_V.JPG,DJI_20260117115259_0004_V,.jpg,\\amssclgis10.ams.gmams.cl\CL_MLP_PAO\Vuelos_Drone_Sin_Procesar\INPUT\20260206_Geosupport_primera entrega\SOLO_JPG_02Jun26\GEOSP-TRN-001732\GS_AFD_EB2_01-01-26\DJI_20260117115259_0004_V.JPG,SOLO_JPG_02Jun26\GEOSP-TRN-001732\GS_AFD_EB2_01-01-26\DJI_20260117115259_0004_V.JPG,1.241,2026-06-11 11:01:05,\\amssclgis10.ams.gmams.cl\cl_mlp_pao\vuelos_drone_sin_procesar\input\20260206_geosupport_primera entrega\solo_jpg_02jun26\geosp-trn-001732\gs_afd_eb2_01-01-26\dji_20260117115259_0004_v.jpg,False
DJI_20260117115313_0005_V.JPG,DJI_20260117115313_0005_V,.jpg,\\amssclgis10.ams.gmams.cl\CL_MLP_PAO\Vuelos_Drone_Sin_Procesar\INPUT\20260206_Geosupport_primera entrega\SOLO_JPG_02Jun26\GEOSP-TRN-001732\GS_AFD_EB2_01-01-26\DJI_20260117115313_0005_V.JPG,SOLO_JPG_02Jun26\GEOSP-TRN-001732\GS_AFD_EB2_01-01-26\DJI_20260117115313_0005_V.JPG,1.07,2026-06-11 11:01:05,\\amssclgis10.ams.gmams.cl\cl_mlp_pao\vuelos_drone_sin_procesar\input\20260206_geosupport_primera entrega\solo_jpg_02jun26\geosp-trn-001732\gs_afd_eb2_01-01-26\dji_20260117115313_0005_v.jpg,False
DJI_20260117115315_0006_V.JPG,DJI_20260117115315_0006_V,.jpg,\\amssclgis10.ams.gmams.cl\CL_MLP_PAO\Vuelos_Drone_Sin_Procesar\INPUT\20260206_Geosupport_primera entrega\SOLO_JPG_02Jun26\GEOSP-TRN-001732\GS_AFD_EB2_01-01-26\DJI_20260117115315_0006_V.JPG,SOLO_JPG_02Jun26\GEOSP-TRN-001732\GS_AFD_EB2_01-01-26\DJI_20260117115315_0006_V.JPG,1.123,2026-06-11 11:01:05,\\amssclgis10.ams.gmams.cl\cl_mlp_pao\vuelos_drone_sin_procesar\input\20260206_geosupport_primera entrega\solo_jpg_02jun26\geosp-trn-001732\gs_afd_eb2_01-01-26\dji_20260117115315_0006_v.jpg,False
DJI_20260117115325_0007_V.JPG,DJI_20260117115325_0007_V,.jpg,\\amssclgis10.ams.gmams.cl\CL_MLP_PAO\Vuelos_Drone_Sin_Procesar\INPUT\20260206_Geosupport_primera entrega\SOLO_JPG_02Jun26\GEOSP-TRN-001732\GS_AFD_EB2_01-01-26\DJI_20260117115325_0007_V.JPG,SOLO_JPG_02Jun26\GEOSP-TRN-001732\GS_AFD_EB2_01-01-26\DJI_20260117115325_0007_V.JPG,1.103,2026-06-11 11:01:06,\\amssclgis10.ams.gmams.cl\cl_mlp_pao\vuelos_drone_sin_procesar\input\20260206_geosupport_primera entrega\solo_jpg_02jun26\geosp-trn-001732\gs_afd_eb2_01-01-26\dji_20260117115325_0007_v.jpg,False
DJI_20260117115327_0008_V.JPG,DJI_20260117115327_0008_V,.jpg,\\amssclgis10.ams.gmams.cl\CL_MLP_PAO\Vuelos_Drone_Sin_Procesar\INPUT\20260206_Geosupport_primera entrega\SOLO_JPG_02Jun26\GEOSP-TRN-001732\GS_AFD_EB2_01-01-26\DJI_20260117115327_0008_V.JPG,SOLO_JPG_02Jun26\GEOSP-TRN-001732\GS_AFD_EB2_01-01-26\DJI_20260117115327_0008_V.JPG,1.123,2026-06-11 11:01:06,\\amssclgis10.ams.gmams.cl\cl_mlp_pao\vuelos_drone_sin_procesar\input\20260206_geosupport_primera entrega\solo_jpg_02jun26\geosp-trn-001732\gs_afd_eb2_01-01-26\dji_20260117115327_0008_v.jpg,False
DJI_20260117115338_0009_V.JPG,DJI_20260117115338_0009_V,.jpg,\\amssclgis10.ams.gmams.cl\CL_MLP_PAO\Vuelos_Drone_Sin_Procesar\INPUT\20260206_Geosupport_primera entrega\SOLO_JPG_02Jun26\GEOSP-TRN-001732\GS_AFD_EB2_01-01-26\DJI_20260117115338_0009_V.JPG,SOLO_JPG_02Jun26\GEOSP-TRN-001732\GS_AFD_EB2_01-01-26\DJI_20260117115338_0009_V.JPG,1.143,2026-06-11 11:01:06,\\amssclgis10.ams.gmams.cl\cl_mlp_pao\vuelos_drone_sin_procesar\input\20260206_geosupport_primera entrega\solo_jpg_02jun26\geosp-trn-001732\gs_afd_eb2_01-01-26\dji_20260117115338_0009_v.jpg,False
DJI_20260117115342_0010_V.JPG,DJI_20260117115342_0010_V,.jpg,\\amssclgis10.ams.gmams.cl\CL_MLP_PAO\Vuelos_Drone_Sin_Procesar\INPUT\20260206_Geosupport_primera entrega\SOLO_JPG_02Jun26\GEOSP-TRN-001732\GS_AFD_EB2_01-01-26\DJI_20260117115342_0010_V.JPG,SOLO_JPG_02Jun26\GEOSP-TRN-001732\GS_AFD_EB2_01-01-26\DJI_20260117115342_0010_V.JPG,1.172,2026-06-11 11:01:06,\\amssclgis10.ams.gmams.cl\cl_mlp_pao\vuelos_drone_sin_procesar\input\20260206_geosupport_primera entrega\solo_jpg_02jun26\geosp-trn-001732\gs_afd_eb2_01-01-26\dji_20260117115342_0010_v.jpg,False
DJI_20260117115351_0011_V.JPG,DJI_20260117115351_0011_V,.jpg,\\amssclgis10.ams.gmams.cl\CL_MLP_PAO\Vuelos_Drone_Sin_Procesar\INPUT\20260206_Geosupport_primera entrega\SOLO_JPG_02Jun26\GEOSP-TRN-001732\GS_AFD_EB2_01-01-26\DJI_20260117115351_0011_V.JPG,SOLO_JPG_02Jun26\GEOSP-TRN-001732\GS_AFD_EB2_01-01-26\DJI_20260117115351_0011_V.JPG,1.255,2026-06-11 11:01:07,\\amssclgis10.ams.gmams.cl\cl_mlp_pao\vuelos_drone_sin_procesar\input\20260206_geosupport_primera entrega\solo_jpg_02jun26\geosp-trn-001732\gs_afd_eb2_01-01-26\dji_20260117115351_0011_v.jpg,False
DJI_20260117115352_0012_V.JPG,DJI_20260117115352_0012_V,.jpg,\\amssclgis10.ams.gmams.cl\CL_MLP_PAO\Vuelos_Drone_Sin_Procesar\INPUT\20260206_Geosupport_primera entrega\SOLO_JPG_02Jun26\GEOSP-TRN-001732\GS_AFD_EB2_01-01-26\DJI_20260117115352_0012_V.JPG,SOLO_JPG_02Jun26\GEOSP-TRN-001732\GS_AFD_EB2_01-01-26\DJI_20260117115352_0012_V.JPG,1.237,2026-06-11 11:01:07,\\amssclgis10.ams.gmams.cl\cl_mlp_pao\vuelos_drone_sin_procesar\input\20260206_geosupport_primera entrega\solo_jpg_02jun26\geosp-trn-001732\gs_afd_eb2_01-01-26\dji_20260117115352_0012_v.jpg,False
DJI_20260117115410_0013_V.JPG,DJI_20260117115410_0013_V,.jpg,\\amssclgis10.ams.gmams.cl\CL_MLP_PAO\Vuelos_Drone_Sin_Procesar\INPUT\20260206_Geosupport_primera entrega\SOLO_JPG_02Jun26\GEOSP-TRN-001732\GS_AFD_EB2_01-01-26\DJI_20260117115410_0013_V.JPG,SOLO_JPG_02Jun26\GEOSP-TRN-001732\GS_AFD_EB2_01-01-26\DJI_20260117115410_0013_V.JPG,1.04,2026-06-11 11:01:07,\\amssclgis10.ams.gmams.cl\cl_mlp_pao\vuelos_drone_sin_procesar\input\20260206_geosupport_primera entrega\solo_jpg_02jun26\geosp-trn-001732\gs_afd_eb2_01-01-26\dji_20260117115410_0013_v.jpg,False
DJI_20260117115411_0014_V.JPG,DJI_20260117115411_0014_V,.jpg,\\amssclgis10.ams.gmams.cl\CL_MLP_PAO\Vuelos_Drone_Sin_Procesar\INPUT\20260206_Geosupport_primera entrega\SOLO_JPG_02Jun26\GEOSP-TRN-001732\GS_AFD_EB2_01-01-26\DJI_20260117115411_0014_V.JPG,SOLO_JPG_02Jun26\GEOSP-TRN-001732\GS_AFD_EB2_01-01-26\DJI_20260117115411_0014_V.JPG,1.041,2026-06-11 11:01:07,\\amssclgis10.ams.gmams.cl\cl_mlp_pao\vuelos_drone_sin_procesar\input\20260206_geosupport_primera entrega\solo_jpg_02jun26\geosp-trn-001732\gs_afd_eb2_01-01-26\dji_20260117115411_0014_v.jpg,False
DJI_20260123181306_0002_V.JPG,DJI_20260123181306_0002_V,.jpg,\\amssclgis10.ams.gmams.cl\CL_MLP_PAO\Vuelos_Drone_Sin_Procesar\INPUT\20260206_Geosupport_primera entrega\SOLO_JPG_02Jun26\GEOSP-TRN-001784\GS_AFD_Estacion de bombeo n°2\DJI_20260123181306_0002_V.JPG,SOLO_JPG_02Jun26\GEOSP-TRN-001784\GS_AFD_Estacion de bombeo n°2\DJI_20260123181306_0002_V.JPG,0.884,2026-06-11 11:01:08,\\amssclgis10.ams.gmams.cl\cl_mlp_pao\vuelos_drone_sin_procesar\input\20260206_geosupport_primera entrega\solo_jpg_02jun26\geosp-trn-001784\gs_afd_estacion de bombeo n°2\dji_20260123181306_0002_v.jpg,False
DJI_20260123181336_0004_V.JPG,DJI_20260123181336_0004_V,.jpg,\\amssclgis10.ams.gmams.cl\CL_MLP_PAO\Vuelos_Drone_Sin_Procesar\INPUT\20260206_Geosupport_primera entrega\SOLO_JPG_02Jun26\GEOSP-TRN-001784\GS_AFD_Estacion de bombeo n°2\DJI_20260123181336_0004_V.JPG,SOLO_JPG_02Jun26\GEOSP-TRN-001784\GS_AFD_Estacion de bombeo n°2\DJI_20260123181336_0004_V.JPG,0.851,2026-06-11 11:01:08,\\amssclgis10.ams.gmams.cl\cl_mlp_pao\vuelos_drone_sin_procesar\input\20260206_geosupport_primera entrega\solo_jpg_02jun26\geosp-trn-001784\gs_afd_estacion de bombeo n°2\dji_20260123181336_0004_v.jpg,False
DJI_20260123181424_0005_V.JPG,DJI_20260123181424_0005_V,.jpg,\\amssclgis10.ams.gmams.cl\CL_MLP_PAO\Vuelos_Drone_Sin_Procesar\INPUT\20260206_Geosupport_primera entrega\SOLO_JPG_02Jun26\GEOSP-TRN-001784\GS_AFD_Estacion de bombeo n°2\DJI_20260123181424_0005_V.JPG,SOLO_JPG_02Jun26\GEOSP-TRN-001784\GS_AFD_Estacion de bombeo n°2\DJI_20260123181424_0005_V.JPG,0.847,2026-06-11 11:01:08,\\amssclgis10.ams.gmams.cl\cl_mlp_pao\vuelos_drone_sin_procesar\input\20260206_geosupport_primera entrega\solo_jpg_02jun26\geosp-trn-001784\gs_afd_estacion de bombeo n°2\dji_20260123181424_0005_v.jpg,False
DJI_20260123181508_0006_V.JPG,DJI_20260123181508_0006_V,.jpg,\\amssclgis10.ams.gmams.cl\CL_MLP_PAO\Vuelos_Drone_Sin_Procesar\INPUT\20260206_Geosupport_primera entrega\SOLO_JPG_02Jun26\GEOSP-TRN-001784\GS_AFD_Estacion de bombeo n°2\DJI_20260123181508_0006_V.JPG,SOLO_JPG_02Jun26\GEOSP-TRN-001784\GS_AFD_Estacion de bombeo n°2\DJI_20260123181508_0006_V.JPG,0.876,2026-06-11 11:01:08,\\amssclgis10.ams.gmams.cl\cl_mlp_pao\vuelos_drone_sin_procesar\input\20260206_geosupport_primera entrega\solo_jpg_02jun26\geosp-trn-001784\gs_afd_estacion de bombeo n°2\dji_20260123181508_0006_v.jpg,False
DJI_20260123181628_0007_V.JPG,DJI_20260123181628_0007_V,.jpg,\\amssclgis10.ams.gmams.cl\CL_MLP_PAO\Vuelos_Drone_Sin_Procesar\INPUT\20260206_Geosupport_primera entrega\SOLO_JPG_02Jun26\GEOSP-TRN-001784\GS_AFD_Estacion de bombeo n°2\DJI_20260123181628_0007_V.JPG,SOLO_JPG_02Jun26\GEOSP-TRN-001784\GS_AFD_Estacion de bombeo n°2\DJI_20260123181628_0007_V.JPG,1.074,2026-06-11 11:01:08,\\amssclgis10.ams.gmams.cl\cl_mlp_pao\vuelos_drone_sin_procesar\input\20260206_geosupport_primera entrega\solo_jpg_02jun26\geosp-trn-001784\gs_afd_estacion de bombeo n°2\dji_20260123181628_0007_v.jpg,False
DJI_20260123181633_0008_V.JPG,DJI_20260123181633_0008_V,.jpg,\\amssclgis10.ams.gmams.cl\CL_MLP_PAO\Vuelos_Drone_Sin_Procesar\INPUT\20260206_Geosupport_primera entrega\SOLO_JPG_02Jun26\GEOSP-TRN-001784\GS_AFD_Estacion de bombeo n°2\DJI_20260123181633_0008_V.JPG,SOLO_JPG_02Jun26\GEOSP-TRN-001784\GS_AFD_Estacion de bombeo n°2\DJI_20260123181633_0008_V.JPG,1.094,2026-06-11 11:01:09,\\amssclgis10.ams.gmams.cl\cl_mlp_pao\vuelos_drone_sin_procesar\input\20260206_geosupport_primera entrega\solo_jpg_02jun26\geosp-trn-001784\gs_afd_estacion de bombeo n°2\dji_20260123181633_0008_v.jpg,False
DJI_20260204114442_0002_V.JPG,DJI_20260204114442_0002_V,.jpg,\\amssclgis10.ams.gmams.cl\CL_MLP_PAO\Vuelos_Drone_Sin_Procesar\INPUT\20260206_Geosupport_primera entrega\SOLO_JPG_02Jun26\GEOSP-TRN-001868\GS_AFD_EB2 04-02-2026\DJI_20260204114442_0002_V.JPG,SOLO_JPG_02Jun26\GEOSP-TRN-001868\GS_AFD_EB2 04-02-2026\DJI_20260204114442_0002_V.JPG,0.881,2026-06-11 11:01:09,\\amssclgis10.ams.gmams.cl\cl_mlp_pao\vuelos_drone_sin_procesar\input\20260206_geosupport_primera entrega\solo_jpg_02jun26\geosp-trn-001868\gs_afd_eb2 04-02-2026\dji_20260204114442_0002_v.jpg,False
DJI_20260204114447_0004_V.JPG,DJI_20260204114447_0004_V,.jpg,\\amssclgis10.ams.gmams.cl\CL_MLP_PAO\Vuelos_Drone_Sin_Procesar\INPUT\20260206_Geosupport_primera entrega\SOLO_JPG_02Jun26\GEOSP-TRN-001868\GS_AFD_EB2 04-02-2026\DJI_20260204114447_0004_V.JPG,SOLO_JPG_02Jun26\GEOSP-TRN-001868\GS_AFD_EB2 04-02-2026\DJI_20260204114447_0004_V.JPG,0.845,2026-06-11 11:01:09,\\amssclgis10.ams.gmams.cl\cl_mlp_pao\vuelos_drone_sin_procesar\input\20260206_geosupport_primera entrega\solo_jpg_02jun26\geosp-trn-001868\gs_afd_eb2 04-02-2026\dji_20260204114447_0004_v.jpg,False
DJI_20260204114451_0005_V.JPG,DJI_20260204114451_0005_V,.jpg,\\amssclgis10.ams.gmams.cl\CL_MLP_PAO\Vuelos_Drone_Sin_Procesar\INPUT\20260206_Geosupport_primera entrega\SOLO_JPG_02Jun26\GEOSP-TRN-001868\GS_AFD_EB2 04-02-2026\DJI_20260204114451_0005_V.JPG,SOLO_JPG_02Jun26\GEOSP-TRN-001868\GS_AFD_EB2 04-02-2026\DJI_20260204114451_0005_V.JPG,0.81,2026-06-11 11:01:09,\\amssclgis10.ams.gmams.cl\cl_mlp_pao\vuelos_drone_sin_procesar\input\20260206_geosupport_primera entrega\solo_jpg_02jun26\geosp-trn-001868\gs_afd_eb2 04-02-2026\dji_20260204114451_0005_v.jpg,False
DJI_20260204114454_0006_V.JPG,DJI_20260204114454_0006_V,.jpg,\\amssclgis10.ams.gmams.cl\CL_MLP_PAO\Vuelos_Drone_Sin_Procesar\INPUT\20260206_Geosupport_primera entrega\SOLO_JPG_02Jun26\GEOSP-TRN-001868\GS_AFD_EB2 04-02-2026\DJI_20260204114454_0006_V.JPG,SOLO_JPG_02Jun26\GEOSP-TRN-001868\GS_AFD_EB2 04-02-2026\DJI_20260204114454_0006_V.JPG,0.805,2026-06-11 11:01:09,\\amssclgis10.ams.gmams.cl\cl_mlp_pao\vuelos_drone_sin_procesar\input\20260206_geosupport_primera entrega\solo_jpg_02jun26\geosp-trn-001868\gs_afd_eb2 04-02-2026\dji_20260204114454_0006_v.jpg,False
DJI_20260204114458_0007_V.JPG,DJI_20260204114458_0007_V,.jpg,\\amssclgis10.ams.gmams.cl\CL_MLP_PAO\Vuelos_Drone_Sin_Procesar\INPUT\20260206_Geosupport_primera entrega\SOLO_JPG_02Jun26\GEOSP-TRN-001868\GS_AFD_EB2 04-02-2026\DJI_20260204114458_0007_V.JPG,SOLO_JPG_02Jun26\GEOSP-TRN-001868\GS_AFD_EB2 04-02-2026\DJI_20260204114458_0007_V.JPG,0.767,2026-06-11 11:01:09,\\amssclgis10.ams.gmams.cl\cl_mlp_pao\vuelos_drone_sin_procesar\input\20260206_geosupport_primera entrega\solo_jpg_02jun26\geosp-trn-001868\gs_afd_eb2 04-02-2026\dji_20260204114458_0007_v.jpg,False
DJI_20260204114502_0008_V.JPG,DJI_20260204114502_0008_V,.jpg,\\amssclgis10.ams.gmams.cl\CL_MLP_PAO\Vuelos_Drone_Sin_Procesar\INPUT\20260206_Geosupport_primera entrega\SOLO_JPG_02Jun26\GEOSP-TRN-001868\GS_AFD_EB2 04-02-2026\DJI_20260204114502_0008_V.JPG,SOLO_JPG_02Jun26\GEOSP-TRN-001868\GS_AFD_EB2 04-02-2026\DJI_20260204114502_0008_V.JPG,0.746,2026-06-11 11:01:09,\\amssclgis10.ams.gmams.cl\cl_mlp_pao\vuelos_drone_sin_procesar\input\20260206_geosupport_primera entrega\solo_jpg_02jun26\geosp-trn-001868\gs_afd_eb2 04-02-2026\dji_20260204114502_0008_v.jpg,False
DJI_20260204114506_0009_V.JPG,DJI_20260204114506_0009_V,.jpg,\\amssclgis10.ams.gmams.cl\CL_MLP_PAO\Vuelos_Drone_Sin_Procesar\INPUT\20260206_Geosupport_primera entrega\SOLO_JPG_02Jun26\GEOSP-TRN-001868\GS_AFD_EB2 04-02-2026\DJI_20260204114506_0009_V.JPG,SOLO_JPG_02Jun26\GEOSP-TRN-001868\GS_AFD_EB2 04-02-2026\DJI_20260204114506_0009_V.JPG,0.804,2026-06-11 11:01:09,\\amssclgis10.ams.gmams.cl\cl_mlp_pao\vuelos_drone_sin_procesar\input\20260206_geosupport_primera entrega\solo_jpg_02jun26\geosp-trn-001868\gs_afd_eb2 04-02-2026\dji_20260204114506_0009_v.jpg,False
DJI_20260204114510_0010_V.JPG,DJI_20260204114510_0010_V,.jpg,\\amssclgis10.ams.gmams.cl\CL_MLP_PAO\Vuelos_Drone_Sin_Procesar\INPUT\20260206_Geosupport_primera entrega\SOLO_JPG_02Jun26\GEOSP-TRN-001868\GS_AFD_EB2 04-02-2026\DJI_20260204114510_0010_V.JPG,SOLO_JPG_02Jun26\GEOSP-TRN-001868\GS_AFD_EB2 04-02-2026\DJI_20260204114510_0010_V.JPG,0.825,2026-06-11 11:01:10,\\amssclgis10.ams.gmams.cl\cl_mlp_pao\vuelos_drone_sin_procesar\input\20260206_geosupport_primera entrega\solo_jpg_02jun26\geosp-trn-001868\gs_afd_eb2 04-02-2026\dji_20260204114510_0010_v.jpg,False
DJI_20260204114513_0011_V.JPG,DJI_20260204114513_0011_V,.jpg,\\amssclgis10.ams.gmams.cl\CL_MLP_PAO\Vuelos_Drone_Sin_Procesar\INPUT\20260206_Geosupport_primera entrega\SOLO_JPG_02Jun26\GEOSP-TRN-001868\GS_AFD_EB2 04-02-2026\DJI_20260204114513_0011_V.JPG,SOLO_JPG_02Jun26\GEOSP-TRN-001868\GS_AFD_EB2 04-02-2026\DJI_20260204114513_0011_V.JPG,0.838,2026-06-11 11:01:10,\\amssclgis10.ams.gmams.cl\cl_mlp_pao\vuelos_drone_sin_procesar\input\20260206_geosupport_primera entrega\solo_jpg_02jun26\geosp-trn-001868\gs_afd_eb2 04-02-2026\dji_20260204114513_0011_v.jpg,False
DJI_20260204114517_0012_V.JPG,DJI_20260204114517_0012_V,.jpg,\\amssclgis10.ams.gmams.cl\CL_MLP_PAO\Vuelos_Drone_Sin_Procesar\INPUT\20260206_Geosupport_primera entrega\SOLO_JPG_02Jun26\GEOSP-TRN-001868\GS_AFD_EB2 04-02-2026\DJI_20260204114517_0012_V.JPG,SOLO_JPG_02Jun26\GEOSP-TRN-001868\GS_AFD_EB2 04-02-2026\DJI_20260204114517_0012_V.JPG,0.845,2026-06-11 11:01:10,\\amssclgis10.ams.gmams.cl\cl_mlp_pao\vuelos_drone_sin_procesar\input\20260206_geosupport_primera entrega\solo_jpg_02jun26\geosp-trn-001868\gs_afd_eb2 04-02-2026\dji_20260204114517_0012_v.jpg,False
DJI_20260204114524_0013_V.JPG,DJI_20260204114524_0013_V,.jpg,\\amssclgis10.ams.gmams.cl\CL_MLP_PAO\Vuelos_Drone_Sin_Procesar\INPUT\20260206_Geosupport_primera entrega\SOLO_JPG_02Jun26\GEOSP-TRN-001868\GS_AFD_EB2 04-02-2026\DJI_20260204114524_0013_V.JPG,SOLO_JPG_02Jun26\GEOSP-TRN-001868\GS_AFD_EB2 04-02-2026\DJI_20260204114524_0013_V.JPG,0.891,2026-06-11 11:01:10,\\amssclgis10.ams.gmams.cl\cl_mlp_pao\vuelos_drone_sin_procesar\input\20260206_geosupport_primera entrega\solo_jpg_02jun26\geosp-trn-001868\gs_afd_eb2 04-02-2026\dji_20260204114524_0013_v.jpg,False
DJI_20260204114528_0014_V.JPG,DJI_20260204114528_0014_V,.jpg,\\amssclgis10.ams.gmams.cl\CL_MLP_PAO\Vuelos_Drone_Sin_Procesar\INPUT\20260206_Geosupport_primera entrega\SOLO_JPG_02Jun26\GEOSP-TRN-001868\GS_AFD_EB2 04-02-2026\DJI_20260204114528_0014_V.JPG,SOLO_JPG_02Jun26\GEOSP-TRN-001868\GS_AFD_EB2 04-02-2026\DJI_20260204114528_0014_V.JPG,0.897,2026-06-11 11:01:10,\\amssclgis10.ams.gmams.cl\cl_mlp_pao\vuelos_drone_sin_procesar\input\20260206_geosupport_primera entrega\solo_jpg_02jun26\geosp-trn-001868\gs_afd_eb2 04-02-2026\dji_20260204114528_0014_v.jpg,False
DJI_20260204114535_0015_V.JPG,DJI_20260204114535_0015_V,.jpg,\\amssclgis10.ams.gmams.cl\CL_MLP_PAO\Vuelos_Drone_Sin_Procesar\INPUT\20260206_Geosupport_primera entrega\SOLO_JPG_02Jun26\GEOSP-TRN-001868\GS_AFD_EB2 04-02-2026\DJI_20260204114535_0015_V.JPG,SOLO_JPG_02Jun26\GEOSP-TRN-001868\GS_AFD_EB2 04-02-2026\DJI_20260204114535_0015_V.JPG,0.887,2026-06-11 11:01:10,\\amssclgis10.ams.gmams.cl\cl_mlp_pao\vuelos_drone_sin_procesar\input\20260206_geosupport_primera entrega\solo_jpg_02jun26\geosp-trn-001868\gs_afd_eb2 04-02-2026\dji_20260204114535_0015_v.jpg,False
DJI_20260204114541_0016_V.JPG,DJI_20260204114541_0016_V,.jpg,\\amssclgis10.ams.gmams.cl\CL_MLP_PAO\Vuelos_Drone_Sin_Procesar\INPUT\20260206_Geosupport_primera entrega\SOLO_JPG_02Jun26\GEOSP-TRN-001868\GS_AFD_EB2 04-02-2026\DJI_20260204114541_0016_V.JPG,SOLO_JPG_02Jun26\GEOSP-TRN-001868\GS_AFD_EB2 04-02-2026\DJI_20260204114541_0016_V.JPG,0.874,2026-06-11 11:01:10,\\amssclgis10.ams.gmams.cl\cl_mlp_pao\vuelos_drone_sin_procesar\input\20260206_geosupport_primera entrega\solo_jpg_02jun26\geosp-trn-001868\gs_afd_eb2 04-02-2026\dji_20260204114541_0016_v.jpg,False
DJI_20260204114543_0017_V.JPG,DJI_20260204114543_0017_V,.jpg,\\amssclgis10.ams.gmams.cl\CL_MLP_PAO\Vuelos_Drone_Sin_Procesar\INPUT\20260206_Geosupport_primera entrega\SOLO_JPG_02Jun26\GEOSP-TRN-001868\GS_AFD_EB2 04-02-2026\DJI_20260204114543_0017_V.JPG,SOLO_JPG_02Jun26\GEOSP-TRN-001868\GS_AFD_EB2 04-02-2026\DJI_20260204114543_0017_V.JPG,0.874,2026-06-11 11:01:11,\\amssclgis10.ams.gmams.cl\cl_mlp_pao\vuelos_drone_sin_procesar\input\20260206_geosupport_primera entrega\solo_jpg_02jun26\geosp-trn-001868\gs_afd_eb2 04-02-2026\dji_20260204114543_0017_v.jpg,False
DJI_20260204114547_0018_V.JPG,DJI_20260204114547_0018_V,.jpg,\\amssclgis10.ams.gmams.cl\CL_MLP_PAO\Vuelos_Drone_Sin_Procesar\INPUT\20260206_Geosupport_primera entrega\SOLO_JPG_02Jun26\GEOSP-TRN-001868\GS_AFD_EB2 04-02-2026\DJI_20260204114547_0018_V.JPG,SOLO_JPG_02Jun26\GEOSP-TRN-001868\GS_AFD_EB2 04-02-2026\DJI_20260204114547_0018_V.JPG,0.861,2026-06-11 11:01:11,\\amssclgis10.ams.gmams.cl\cl_mlp_pao\vuelos_drone_sin_procesar\input\20260206_geosupport_primera entrega\solo_jpg_02jun26\geosp-trn-001868\gs_afd_eb2 04-02-2026\dji_20260204114547_0018_v.jpg,False
DJI_20260204114559_0019_V.JPG,DJI_20260204114559_0019_V,.jpg,\\amssclgis10.ams.gmams.cl\CL_MLP_PAO\Vuelos_Drone_Sin_Procesar\INPUT\20260206_Geosupport_primera entrega\SOLO_JPG_02Jun26\GEOSP-TRN-001868\GS_AFD_EB2 04-02-2026\DJI_20260204114559_0019_V.JPG,SOLO_JPG_02Jun26\GEOSP-TRN-001868\GS_AFD_EB2 04-02-2026\DJI_20260204114559_0019_V.JPG,0.977,2026-06-11 11:01:11,\\amssclgis10.ams.gmams.cl\cl_mlp_pao\vuelos_drone_sin_procesar\input\20260206_geosupport_primera entrega\solo_jpg_02jun26\geosp-trn-001868\gs_afd_eb2 04-02-2026\dji_20260204114559_0019_v.jpg,False
DJI_20260204114602_0020_V.JPG,DJI_20260204114602_0020_V,.jpg,\\amssclgis10.ams.gmams.cl\CL_MLP_PAO\Vuelos_Drone_Sin_Procesar\INPUT\20260206_Geosupport_primera entrega\SOLO_JPG_02Jun26\GEOSP-TRN-001868\GS_AFD_EB2 04-02-2026\DJI_20260204114602_0020_V.JPG,SOLO_JPG_02Jun26\GEOSP-TRN-001868\GS_AFD_EB2 04-02-2026\DJI_20260204114602_0020_V.JPG,0.831,2026-06-11 11:01:11,\\amssclgis10.ams.gmams.cl\cl_mlp_pao\vuelos_drone_sin_procesar\input\20260206_geosupport_primera entrega\solo_jpg_02jun26\geosp-trn-001868\gs_afd_eb2 04-02-2026\dji_20260204114602_0020_v.jpg,False
DJI_20260204114606_0021_V.JPG,DJI_20260204114606_0021_V,.jpg,\\amssclgis10.ams.gmams.cl\CL_MLP_PAO\Vuelos_Drone_Sin_Procesar\INPUT\20260206_Geosupport_primera entrega\SOLO_JPG_02Jun26\GEOSP-TRN-001868\GS_AFD_EB2 04-02-2026\DJI_20260204114606_0021_V.JPG,SOLO_JPG_02Jun26\GEOSP-TRN-001868\GS_AFD_EB2 04-02-2026\DJI_20260204114606_0021_V.JPG,0.769,2026-06-11 11:01:11,\\amssclgis10.ams.gmams.cl\cl_mlp_pao\vuelos_drone_sin_procesar\input\20260206_geosupport_primera entrega\solo_jpg_02jun26\geosp-trn-001868\gs_afd_eb2 04-02-2026\dji_20260204114606_0021_v.jpg,False
DJI_20260204114609_0022_V.JPG,DJI_20260204114609_0022_V,.jpg,\\amssclgis10.ams.gmams.cl\CL_MLP_PAO\Vuelos_Drone_Sin_Procesar\INPUT\20260206_Geosupport_primera entrega\SOLO_JPG_02Jun26\GEOSP-TRN-001868\GS_AFD_EB2 04-02-2026\DJI_20260204114609_0022_V.JPG,SOLO_JPG_02Jun26\GEOSP-TRN-001868\GS_AFD_EB2 04-02-2026\DJI_20260204114609_0022_V.JPG,0.796,2026-06-11 11:01:12,\\amssclgis10.ams.gmams.cl\cl_mlp_pao\vuelos_drone_sin_procesar\input\20260206_geosupport_primera entrega\solo_jpg_02jun26\geosp-trn-001868\gs_afd_eb2 04-02-2026\dji_20260204114609_0022_v.jpg,False
DJI_20260204114614_0023_V.JPG,DJI_20260204114614_0023_V,.jpg,\\amssclgis10.ams.gmams.cl\CL_MLP_PAO\Vuelos_Drone_Sin_Procesar\INPUT\20260206_Geosupport_primera entrega\SOLO_JPG_02Jun26\GEOSP-TRN-001868\GS_AFD_EB2 04-02-2026\DJI_20260204114614_0023_V.JPG,SOLO_JPG_02Jun26\GEOSP-TRN-001868\GS_AFD_EB2 04-02-2026\DJI_20260204114614_0023_V.JPG,1.143,2026-06-11 11:01:12,\\amssclgis10.ams.gmams.cl\cl_mlp_pao\vuelos_drone_sin_procesar\input\20260206_geosupport_primera entrega\solo_jpg_02jun26\geosp-trn-001868\gs_afd_eb2 04-02-2026\dji_20260204114614_0023_v.jpg,False
DJI_20260204114619_0024_V.JPG,DJI_20260204114619_0024_V,.jpg,\\amssclgis10.ams.gmams.cl\CL_MLP_PAO\Vuelos_Drone_Sin_Procesar\INPUT\20260206_Geosupport_primera entrega\SOLO_JPG_02Jun26\GEOSP-TRN-001868\GS_AFD_EB2 04-02-2026\DJI_20260204114619_0024_V.JPG,SOLO_JPG_02Jun26\GEOSP-TRN-001868\GS_AFD_EB2 04-02-2026\DJI_20260204114619_0024_V.JPG,1.114,2026-06-11 11:01:12,\\amssclgis10.ams.gmams.cl\cl_mlp_pao\vuelos_drone_sin_procesar\input\20260206_geosupport_primera entrega\solo_jpg_02jun26\geosp-trn-001868\gs_afd_eb2 04-02-2026\dji_20260204114619_0024_v.jpg,False
DJI_20260204114648_0025_V.JPG,DJI_20260204114648_0025_V,.jpg,\\amssclgis10.ams.gmams.cl\CL_MLP_PAO\Vuelos_Drone_Sin_Procesar\INPUT\20260206_Geosupport_primera entrega\SOLO_JPG_02Jun26\GEOSP-TRN-001868\GS_AFD_EB2 04-02-2026\DJI_20260204114648_0025_V.JPG,SOLO_JPG_02Jun26\GEOSP-TRN-001868\GS_AFD_EB2 04-02-2026\DJI_20260204114648_0025_V.JPG,0.69,2026-06-11 11:01:12,\\amssclgis10.ams.gmams.cl\cl_mlp_pao\vuelos_drone_sin_procesar\input\20260206_geosupport_primera entrega\solo_jpg_02jun26\geosp-trn-001868\gs_afd_eb2 04-02-2026\dji_20260204114648_0025_v.jpg,False
DJI_20260204114710_0026_V.JPG,DJI_20260204114710_0026_V,.jpg,\\amssclgis10.ams.gmams.cl\CL_MLP_PAO\Vuelos_Drone_Sin_Procesar\INPUT\20260206_Geosupport_primera entrega\SOLO_JPG_02Jun26\GEOSP-TRN-001868\GS_AFD_EB2 04-02-2026\DJI_20260204114710_0026_V.JPG,SOLO_JPG_02Jun26\GEOSP-TRN-001868\GS_AFD_EB2 04-02-2026\DJI_20260204114710_0026_V.JPG,0.992,2026-06-11 11:01:13,\\amssclgis10.ams.gmams.cl\cl_mlp_pao\vuelos_drone_sin_procesar\input\20260206_geosupport_primera entrega\solo_jpg_02jun26\geosp-trn-001868\gs_afd_eb2 04-02-2026\dji_20260204114710_0026_v.jpg,False
DJI_20260204114719_0027_V.JPG,DJI_20260204114719_0027_V,.jpg,\\amssclgis10.ams.gmams.cl\CL_MLP_PAO\Vuelos_Drone_Sin_Procesar\INPUT\20260206_Geosupport_primera entrega\SOLO_JPG_02Jun26\GEOSP-TRN-001868\GS_AFD_EB2 04-02-2026\DJI_20260204114719_0027_V.JPG,SOLO_JPG_02Jun26\GEOSP-TRN-001868\GS_AFD_EB2 04-02-2026\DJI_20260204114719_0027_V.JPG,0.994,2026-06-11 11:01:13,\\amssclgis10.ams.gmams.cl\cl_mlp_pao\vuelos_drone_sin_procesar\input\20260206_geosupport_primera entrega\solo_jpg_02jun26\geosp-trn-001868\gs_afd_eb2 04-02-2026\dji_20260204114719_0027_v.jpg,False
DJI_20260204114724_0028_V.JPG,DJI_20260204114724_0028_V,.jpg,\\amssclgis10.ams.gmams.cl\CL_MLP_PAO\Vuelos_Drone_Sin_Procesar\INPUT\20260206_Geosupport_primera entrega\SOLO_JPG_02Jun26\GEOSP-TRN-001868\GS_AFD_EB2 04-02-2026\DJI_20260204114724_0028_V.JPG,SOLO_JPG_02Jun26\GEOSP-TRN-001868\GS_AFD_EB2 04-02-2026\DJI_20260204114724_0028_V.JPG,0.932,2026-06-11 11:01:13,\\amssclgis10.ams.gmams.cl\cl_mlp_pao\vuelos_drone_sin_procesar\input\20260206_geosupport_primera entrega\solo_jpg_02jun26\geosp-trn-001868\gs_afd_eb2 04-02-2026\dji_20260204114724_0028_v.jpg,False
DJI_20260204114738_0029_V.JPG,DJI_20260204114738_0029_V,.jpg,\\amssclgis10.ams.gmams.cl\CL_MLP_PAO\Vuelos_Drone_Sin_Procesar\INPUT\20260206_Geosupport_primera entrega\SOLO_JPG_02Jun26\GEOSP-TRN-001868\GS_AFD_EB2 04-02-2026\DJI_20260204114738_0029_V.JPG,SOLO_JPG_02Jun26\GEOSP-TRN-001868\GS_AFD_EB2 04-02-2026\DJI_20260204114738_0029_V.JPG,0.804,2026-06-11 11:01:13,\\amssclgis10.ams.gmams.cl\cl_mlp_pao\vuelos_drone_sin_procesar\input\20260206_geosupport_primera entrega\solo_jpg_02jun26\geosp-trn-001868\gs_afd_eb2 04-02-2026\dji_20260204114738_0029_v.jpg,False
DJI_20260204114748_0030_V.JPG,DJI_20260204114748_0030_V,.jpg,\\amssclgis10.ams.gmams.cl\CL_MLP_PAO\Vuelos_Drone_Sin_Procesar\INPUT\20260206_Geosupport_primera entrega\SOLO_JPG_02Jun26\GEOSP-TRN-001868\GS_AFD_EB2 04-02-2026\DJI_20260204114748_0030_V.JPG,SOLO_JPG_02Jun26\GEOSP-TRN-001868\GS_AFD_EB2 04-02-2026\DJI_20260204114748_0030_V.JPG,0.706,2026-06-11 11:01:14,\\amssclgis10.ams.gmams.cl\cl_mlp_pao\vuelos_drone_sin_procesar\input\20260206_geosupport_primera entrega\solo_jpg_02jun26\geosp-trn-001868\gs_afd_eb2 04-02-2026\dji_20260204114748_0030_v.jpg,False
DJI_20260220104732_0003_V.JPG,DJI_20260220104732_0003_V,.jpg,\\amssclgis10.ams.gmams.cl\CL_MLP_PAO\Vuelos_Drone_Sin_Procesar\INPUT\20260206_Geosupport_primera entrega\SOLO_JPG_02Jun26\GEOSP-TRN-001975\GS_AFD_Estacion de bombeo n°2\DJI_20260220104732_0003_V.JPG,SOLO_JPG_02Jun26\GEOSP-TRN-001975\GS_AFD_Estacion de bombeo n°2\DJI_20260220104732_0003_V.JPG,0.851,2026-06-11 11:01:14,\\amssclgis10.ams.gmams.cl\cl_mlp_pao\vuelos_drone_sin_procesar\input\20260206_geosupport_primera entrega\solo_jpg_02jun26\geosp-trn-001975\gs_afd_estacion de bombeo n°2\dji_20260220104732_0003_v.jpg,False
DJI_20260220104738_0005_V.JPG,DJI_20260220104738_0005_V,.jpg,\\amssclgis10.ams.gmams.cl\CL_MLP_PAO\Vuelos_Drone_Sin_Procesar\INPUT\20260206_Geosupport_primera entrega\SOLO_JPG_02Jun26\GEOSP-TRN-001975\GS_AFD_Estacion de bombeo n°2\DJI_20260220104738_0005_V.JPG,SOLO_JPG_02Jun26\GEOSP-TRN-001975\GS_AFD_Estacion de bombeo n°2\DJI_20260220104738_0005_V.JPG,0.83,2026-06-11 11:01:14,\\amssclgis10.ams.gmams.cl\cl_mlp_pao\vuelos_drone_sin_procesar\input\20260206_geosupport_primera entrega\solo_jpg_02jun26\geosp-trn-001975\gs_afd_estacion de bombeo n°2\dji_20260220104738_0005_v.jpg,False
DJI_20260220104741_0006_V.JPG,DJI_20260220104741_0006_V,.jpg,\\amssclgis10.ams.gmams.cl\CL_MLP_PAO\Vuelos_Drone_Sin_Procesar\INPUT\20260206_Geosupport_primera entrega\SOLO_JPG_02Jun26\GEOSP-TRN-001975\GS_AFD_Estacion de bombeo n°2\DJI_20260220104741_0006_V.JPG,SOLO_JPG_02Jun26\GEOSP-TRN-001975\GS_AFD_Estacion de bombeo n°2\DJI_20260220104741_0006_V.JPG,0.824,2026-06-11 11:01:14,\\amssclgis10.ams.gmams.cl\cl_mlp_pao\vuelos_drone_sin_procesar\input\20260206_geosupport_primera entrega\solo_jpg_02jun26\geosp-trn-001975\gs_afd_estacion de bombeo n°2\dji_20260220104741_0006_v.jpg,False
DJI_20260220104745_0007_V.JPG,DJI_20260220104745_0007_V,.jpg,\\amssclgis10.ams.gmams.cl\CL_MLP_PAO\Vuelos_Drone_Sin_Procesar\INPUT\20260206_Geosupport_primera entrega\SOLO_JPG_02Jun26\GEOSP-TRN-001975\GS_AFD_Estacion de bombeo n°2\DJI_20260220104745_0007_V.JPG,SOLO_JPG_02Jun26\GEOSP-TRN-001975\GS_AFD_Estacion de bombeo n°2\DJI_20260220104745_0007_V.JPG,0.801,2026-06-11 11:01:14,\\amssclgis10.ams.gmams.cl\cl_mlp_pao\vuelos_drone_sin_procesar\input\20260206_geosupport_primera entrega\solo_jpg_02jun26\geosp-trn-001975\gs_afd_estacion de bombeo n°2\dji_20260220104745_0007_v.jpg,False
DJI_20260220104748_0008_V.JPG,DJI_20260220104748_0008_V,.jpg,\\amssclgis10.ams.gmams.cl\CL_MLP_PAO\Vuelos_Drone_Sin_Procesar\INPUT\20260206_Geosupport_primera entrega\SOLO_JPG_02Jun26\GEOSP-TRN-001975\GS_AFD_Estacion de bombeo n°2\DJI_20260220104748_0008_V.JPG,SOLO_JPG_02Jun26\GEOSP-TRN-001975\GS_AFD_Estacion de bombeo n°2\DJI_20260220104748_0008_V.JPG,0.794,2026-06-11 11:01:14,\\amssclgis10.ams.gmams.cl\cl_mlp_pao\vuelos_drone_sin_procesar\input\20260206_geosupport_primera entrega\solo_jpg_02jun26\geosp-trn-001975\gs_afd_estacion de bombeo n°2\dji_20260220104748_0008_v.jpg,False
DJI_20260220104752_0009_V.JPG,DJI_20260220104752_0009_V,.jpg,\\amssclgis10.ams.gmams.cl\CL_MLP_PAO\Vuelos_Drone_Sin_Procesar\INPUT\20260206_Geosupport_primera entrega\SOLO_JPG_02Jun26\GEOSP-TRN-001975\GS_AFD_Estacion de bombeo n°2\DJI_20260220104752_0009_V.JPG,SOLO_JPG_02Jun26\GEOSP-TRN-001975\GS_AFD_Estacion de bombeo n°2\DJI_20260220104752_0009_V.JPG,0.788,2026-06-11 11:01:14,\\amssclgis10.ams.gmams.cl\cl_mlp_pao\vuelos_drone_sin_procesar\input\20260206_geosupport_primera entrega\solo_jpg_02jun26\geosp-trn-001975\gs_afd_estacion de bombeo n°2\dji_20260220104752_0009_v.jpg,False
DJI_20260220104758_0010_V.JPG,DJI_20260220104758_0010_V,.jpg,\\amssclgis10.ams.gmams.cl\CL_MLP_PAO\Vuelos_Drone_Sin_Procesar\INPUT\20260206_Geosupport_primera entrega\SOLO_JPG_02Jun26\GEOSP-TRN-001975\GS_AFD_Estacion de bombeo n°2\DJI_20260220104758_0010_V.JPG,SOLO_JPG_02Jun26\GEOSP-TRN-001975\GS_AFD_Estacion de bombeo n°2\DJI_20260220104758_0010_V.JPG,0.755,2026-06-11 11:01:15,\\amssclgis10.ams.gmams.cl\cl_mlp_pao\vuelos_drone_sin_procesar\input\20260206_geosupport_primera entrega\solo_jpg_02jun26\geosp-trn-001975\gs_afd_estacion de bombeo n°2\dji_20260220104758_0010_v.jpg,False
DJI_20260220104801_0011_V.JPG,DJI_20260220104801_0011_V,.jpg,\\amssclgis10.ams.gmams.cl\CL_MLP_PAO\Vuelos_Drone_Sin_Procesar\INPUT\20260206_Geosupport_primera entrega\SOLO_JPG_02Jun26\GEOSP-TRN-001975\GS_AFD_Estacion de bombeo n°2\DJI_20260220104801_0011_V.JPG,SOLO_JPG_02Jun26\GEOSP-TRN-001975\GS_AFD_Estacion de bombeo n°2\DJI_20260220104801_0011_V.JPG,0.745,2026-06-11 11:01:15,\\amssclgis10.ams.gmams.cl\cl_mlp_pao\vuelos_drone_sin_procesar\input\20260206_geosupport_primera entrega\solo_jpg_02jun26\geosp-trn-001975\gs_afd_estacion de bombeo n°2\dji_20260220104801_0011_v.jpg,False
DJI_20260220104804_0012_V.JPG,DJI_20260220104804_0012_V,.jpg,\\amssclgis10.ams.gmams.cl\CL_MLP_PAO\Vuelos_Drone_Sin_Procesar\INPUT\20260206_Geosupport_primera entrega\SOLO_JPG_02Jun26\GEOSP-TRN-001975\GS_AFD_Estacion de bombeo n°2\DJI_20260220104804_0012_V.JPG,SOLO_JPG_02Jun26\GEOSP-TRN-001975\GS_AFD_Estacion de bombeo n°2\DJI_20260220104804_0012_V.JPG,0.741,2026-06-11 11:01:15,\\amssclgis10.ams.gmams.cl\cl_mlp_pao\vuelos_drone_sin_procesar\input\20260206_geosupport_primera entrega\solo_jpg_02jun26\geosp-trn-001975\gs_afd_estacion de bombeo n°2\dji_20260220104804_0012_v.jpg,False
DJI_20260220104807_0013_V.JPG,DJI_20260220104807_0013_V,.jpg,\\amssclgis10.ams.gmams.cl\CL_MLP_PAO\Vuelos_Drone_Sin_Procesar\INPUT\20260206_Geosupport_primera entrega\SOLO_JPG_02Jun26\GEOSP-TRN-001975\GS_AFD_Estacion de bombeo n°2\DJI_20260220104807_0013_V.JPG,SOLO_JPG_02Jun26\GEOSP-TRN-001975\GS_AFD_Estacion de bombeo n°2\DJI_20260220104807_0013_V.JPG,0.733,2026-06-11 11:01:15,\\amssclgis10.ams.gmams.cl\cl_mlp_pao\vuelos_drone_sin_procesar\input\20260206_geosupport_primera entrega\solo_jpg_02jun26\geosp-trn-001975\gs_afd_estacion de bombeo n°2\dji_20260220104807_0013_v.jpg,False
DJI_20260220104810_0014_V.JPG,DJI_20260220104810_0014_V,.jpg,\\amssclgis10.ams.gmams.cl\CL_MLP_PAO\Vuelos_Drone_Sin_Procesar\INPUT\20260206_Geosupport_primera entrega\SOLO_JPG_02Jun26\GEOSP-TRN-001975\GS_AFD_Estacion de bombeo n°2\DJI_20260220104810_0014_V.JPG,SOLO_JPG_02Jun26\GEOSP-TRN-001975\GS_AFD_Estacion de bombeo n°2\DJI_20260220104810_0014_V.JPG,0.738,2026-06-11 11:01:15,\\amssclgis10.ams.gmams.cl\cl_mlp_pao\vuelos_drone_sin_procesar\input\20260206_geosupport_primera entrega\solo_jpg_02jun26\geosp-trn-001975\gs_afd_estacion de bombeo n°2\dji_20260220104810_0014_v.jpg,False
DJI_20260220104815_0015_V.JPG,DJI_20260220104815_0015_V,.jpg,\\amssclgis10.ams.gmams.cl\CL_MLP_PAO\Vuelos_Drone_Sin_Procesar\INPUT\20260206_Geosupport_primera entrega\SOLO_JPG_02Jun26\GEOSP-TRN-001975\GS_AFD_Estacion de bombeo n°2\DJI_20260220104815_0015_V.JPG,SOLO_JPG_02Jun26\GEOSP-TRN-001975\GS_AFD_Estacion de bombeo n°2\DJI_20260220104815_0015_V.JPG,0.787,2026-06-11 11:01:15,\\amssclgis10.ams.gmams.cl\cl_mlp_pao\vuelos_drone_sin_procesar\input\20260206_geosupport_primera entrega\solo_jpg_02jun26\geosp-trn-001975\gs_afd_estacion de bombeo n°2\dji_20260220104815_0015_v.jpg,False
DJI_20260220104821_0016_V.JPG,DJI_20260220104821_0016_V,.jpg,\\amssclgis10.ams.gmams.cl\CL_MLP_PAO\Vuelos_Drone_Sin_Procesar\INPUT\20260206_Geosupport_primera entrega\SOLO_JPG_02Jun26\GEOSP-TRN-001975\GS_AFD_Estacion de bombeo n°2\DJI_20260220104821_0016_V.JPG,SOLO_JPG_02Jun26\GEOSP-TRN-001975\GS_AFD_Estacion de bombeo n°2\DJI_20260220104821_0016_V.JPG,0.814,2026-06-11 11:01:15,\\amssclgis10.ams.gmams.cl\cl_mlp_pao\vuelos_drone_sin_procesar\input\20260206_geosupport_primera entrega\solo_jpg_02jun26\geosp-trn-001975\gs_afd_estacion de bombeo n°2\dji_20260220104821_0016_v.jpg,False
DJI_20260220104824_0017_V.JPG,DJI_20260220104824_0017_V,.jpg,\\amssclgis10.ams.gmams.cl\CL_MLP_PAO\Vuelos_Drone_Sin_Procesar\INPUT\20260206_Geosupport_primera entrega\SOLO_JPG_02Jun26\GEOSP-TRN-001975\GS_AFD_Estacion de bombeo n°2\DJI_20260220104824_0017_V.JPG,SOLO_JPG_02Jun26\GEOSP-TRN-001975\GS_AFD_Estacion de bombeo n°2\DJI_20260220104824_0017_V.JPG,0.815,2026-06-11 11:01:15,\\amssclgis10.ams.gmams.cl\cl_mlp_pao\vuelos_drone_sin_procesar\input\20260206_geosupport_primera entrega\solo_jpg_02jun26\geosp-trn-001975\gs_afd_estacion de bombeo n°2\dji_20260220104824_0017_v.jpg,False
DJI_20260220104829_0018_V.JPG,DJI_20260220104829_0018_V,.jpg,\\amssclgis10.ams.gmams.cl\CL_MLP_PAO\Vuelos_Drone_Sin_Procesar\INPUT\20260206_Geosupport_primera entrega\SOLO_JPG_02Jun26\GEOSP-TRN-001975\GS_AFD_Estacion de bombeo n°2\DJI_20260220104829_0018_V.JPG,SOLO_JPG_02Jun26\GEOSP-TRN-001975\GS_AFD_Estacion de bombeo n°2\DJI_20260220104829_0018_V.JPG,0.816,2026-06-11 11:01:16,\\amssclgis10.ams.gmams.cl\cl_mlp_pao\vuelos_drone_sin_procesar\input\20260206_geosupport_primera entrega\solo_jpg_02jun26\geosp-trn-001975\gs_afd_estacion de bombeo n°2\dji_20260220104829_0018_v.jpg,False
DJI_20260220104837_0019_V.JPG,DJI_20260220104837_0019_V,.jpg,\\amssclgis10.ams.gmams.cl\CL_MLP_PAO\Vuelos_Drone_Sin_Procesar\INPUT\20260206_Geosupport_primera entrega\SOLO_JPG_02Jun26\GEOSP-TRN-001975\GS_AFD_Estacion de bombeo n°2\DJI_20260220104837_0019_V.JPG,SOLO_JPG_02Jun26\GEOSP-TRN-001975\GS_AFD_Estacion de bombeo n°2\DJI_20260220104837_0019_V.JPG,0.811,2026-06-11 11:01:16,\\amssclgis10.ams.gmams.cl\cl_mlp_pao\vuelos_drone_sin_procesar\input\20260206_geosupport_primera entrega\solo_jpg_02jun26\geosp-trn-001975\gs_afd_estacion de bombeo n°2\dji_20260220104837_0019_v.jpg,False
DJI_20260220104842_0020_V.JPG,DJI_20260220104842_0020_V,.jpg,\\amssclgis10.ams.gmams.cl\CL_MLP_PAO\Vuelos_Drone_Sin_Procesar\INPUT\20260206_Geosupport_primera entrega\SOLO_JPG_02Jun26\GEOSP-TRN-001975\GS_AFD_Estacion de bombeo n°2\DJI_20260220104842_0020_V.JPG,SOLO_JPG_02Jun26\GEOSP-TRN-001975\GS_AFD_Estacion de bombeo n°2\DJI_20260220104842_0020_V.JPG,0.786,2026-06-11 11:01:16,\\amssclgis10.ams.gmams.cl\cl_mlp_pao\vuelos_drone_sin_procesar\input\20260206_geosupport_primera entrega\solo_jpg_02jun26\geosp-trn-001975\gs_afd_estacion de bombeo n°2\dji_20260220104842_0020_v.jpg,False
DJI_20260220104847_0021_V.JPG,DJI_20260220104847_0021_V,.jpg,\\amssclgis10.ams.gmams.cl\CL_MLP_PAO\Vuelos_Drone_Sin_Procesar\INPUT\20260206_Geosupport_primera entrega\SOLO_JPG_02Jun26\GEOSP-TRN-001975\GS_AFD_Estacion de bombeo n°2\DJI_20260220104847_0021_V.JPG,SOLO_JPG_02Jun26\GEOSP-TRN-001975\GS_AFD_Estacion de bombeo n°2\DJI_20260220104847_0021_V.JPG,0.758,2026-06-11 11:01:16,\\amssclgis10.ams.gmams.cl\cl_mlp_pao\vuelos_drone_sin_procesar\input\20260206_geosupport_primera entrega\solo_jpg_02jun26\geosp-trn-001975\gs_afd_estacion de bombeo n°2\dji_20260220104847_0021_v.jpg,False
DJI_20260220104850_0022_V.JPG,DJI_20260220104850_0022_V,.jpg,\\amssclgis10.ams.gmams.cl\CL_MLP_PAO\Vuelos_Drone_Sin_Procesar\INPUT\20260206_Geosupport_primera entrega\SOLO_JPG_02Jun26\GEOSP-TRN-001975\GS_AFD_Estacion de bombeo n°2\DJI_20260220104850_0022_V.JPG,SOLO_JPG_02Jun26\GEOSP-TRN-001975\GS_AFD_Estacion de bombeo n°2\DJI_20260220104850_0022_V.JPG,0.736,2026-06-11 11:01:16,\\amssclgis10.ams.gmams.cl\cl_mlp_pao\vuelos_drone_sin_procesar\input\20260206_geosupport_primera entrega\solo_jpg_02jun26\geosp-trn-001975\gs_afd_estacion de bombeo n°2\dji_20260220104850_0022_v.jpg,False
DJI_20260220104856_0023_V.JPG,DJI_20260220104856_0023_V,.jpg,\\amssclgis10.ams.gmams.cl\CL_MLP_PAO\Vuelos_Drone_Sin_Procesar\INPUT\20260206_Geosupport_primera entrega\SOLO_JPG_02Jun26\GEOSP-TRN-001975\GS_AFD_Estacion de bombeo n°2\DJI_20260220104856_0023_V.JPG,SOLO_JPG_02Jun26\GEOSP-TRN-001975\GS_AFD_Estacion de bombeo n°2\DJI_20260220104856_0023_V.JPG,0.719,2026-06-11 11:01:16,\\amssclgis10.ams.gmams.cl\cl_mlp_pao\vuelos_drone_sin_procesar\input\20260206_geosupport_primera entrega\solo_jpg_02jun26\geosp-trn-001975\gs_afd_estacion de bombeo n°2\dji_20260220104856_0023_v.jpg,False
DJI_20260220104902_0024_V.JPG,DJI_20260220104902_0024_V,.jpg,\\amssclgis10.ams.gmams.cl\CL_MLP_PAO\Vuelos_Drone_Sin_Procesar\INPUT\20260206_Geosupport_primera entrega\SOLO_JPG_02Jun26\GEOSP-TRN-001975\GS_AFD_Estacion de bombeo n°2\DJI_20260220104902_0024_V.JPG,SOLO_JPG_02Jun26\GEOSP-TRN-001975\GS_AFD_Estacion de bombeo n°2\DJI_20260220104902_0024_V.JPG,0.78,2026-06-11 11:01:16,\\amssclgis10.ams.gmams.cl\cl_mlp_pao\vuelos_drone_sin_procesar\input\20260206_geosupport_primera entrega\solo_jpg_02jun26\geosp-trn-001975\gs_afd_estacion de bombeo n°2\dji_20260220104902_0024_v.jpg,False
DJI_20260220104915_0025_V.JPG,DJI_20260220104915_0025_V,.jpg,\\amssclgis10.ams.gmams.cl\CL_MLP_PAO\Vuelos_Drone_Sin_Procesar\INPUT\20260206_Geosupport_primera entrega\SOLO_JPG_02Jun26\GEOSP-TRN-001975\GS_AFD_Estacion de bombeo n°2\DJI_20260220104915_0025_V.JPG,SOLO_JPG_02Jun26\GEOSP-TRN-001975\GS_AFD_Estacion de bombeo n°2\DJI_20260220104915_0025_V.JPG,0.875,2026-06-11 11:01:17,\\amssclgis10.ams.gmams.cl\cl_mlp_pao\vuelos_drone_sin_procesar\input\20260206_geosupport_primera entrega\solo_jpg_02jun26\geosp-trn-001975\gs_afd_estacion de bombeo n°2\dji_20260220104915_0025_v.jpg,False
DJI_20260220104921_0026_V.JPG,DJI_20260220104921_0026_V,.jpg,\\amssclgis10.ams.gmams.cl\CL_MLP_PAO\Vuelos_Drone_Sin_Procesar\INPUT\20260206_Geosupport_primera entrega\SOLO_JPG_02Jun26\GEOSP-TRN-001975\GS_AFD_Estacion de bombeo n°2\DJI_20260220104921_0026_V.JPG,SOLO_JPG_02Jun26\GEOSP-TRN-001975\GS_AFD_Estacion de bombeo n°2\DJI_20260220104921_0026_V.JPG,0.929,2026-06-11 11:01:17,\\amssclgis10.ams.gmams.cl\cl_mlp_pao\vuelos_drone_sin_procesar\input\20260206_geosupport_primera entrega\solo_jpg_02jun26\geosp-trn-001975\gs_afd_estacion de bombeo n°2\dji_20260220104921_0026_v.jpg,False
DJI_20260220104930_0027_V.JPG,DJI_20260220104930_0027_V,.jpg,\\amssclgis10.ams.gmams.cl\CL_MLP_PAO\Vuelos_Drone_Sin_Procesar\INPUT\20260206_Geosupport_primera entrega\SOLO_JPG_02Jun26\GEOSP-TRN-001975\GS_AFD_Estacion de bombeo n°2\DJI_20260220104930_0027_V.JPG,SOLO_JPG_02Jun26\GEOSP-TRN-001975\GS_AFD_Estacion de bombeo n°2\DJI_20260220104930_0027_V.JPG,1.106,2026-06-11 11:01:17,\\amssclgis10.ams.gmams.cl\cl_mlp_pao\vuelos_drone_sin_procesar\input\20260206_geosupport_primera entrega\solo_jpg_02jun26\geosp-trn-001975\gs_afd_estacion de bombeo n°2\dji_20260220104930_0027_v.jpg,False
DJI_20260220104935_0028_V.JPG,DJI_20260220104935_0028_V,.jpg,\\amssclgis10.ams.gmams.cl\CL_MLP_PAO\Vuelos_Drone_Sin_Procesar\INPUT\20260206_Geosupport_primera entrega\SOLO_JPG_02Jun26\GEOSP-TRN-001975\GS_AFD_Estacion de bombeo n°2\DJI_20260220104935_0028_V.JPG,SOLO_JPG_02Jun26\GEOSP-TRN-001975\GS_AFD_Estacion de bombeo n°2\DJI_20260220104935_0028_V.JPG,1.022,2026-06-11 11:01:17,\\amssclgis10.ams.gmams.cl\cl_mlp_pao\vuelos_drone_sin_procesar\input\20260206_geosupport_primera entrega\solo_jpg_02jun26\geosp-trn-001975\gs_afd_estacion de bombeo n°2\dji_20260220104935_0028_v.jpg,False
DJI_20260220104939_0029_V.JPG,DJI_20260220104939_0029_V,.jpg,\\amssclgis10.ams.gmams.cl\CL_MLP_PAO\Vuelos_Drone_Sin_Procesar\INPUT\20260206_Geosupport_primera entrega\SOLO_JPG_02Jun26\GEOSP-TRN-001975\GS_AFD_Estacion de bombeo n°2\DJI_20260220104939_0029_V.JPG,SOLO_JPG_02Jun26\GEOSP-TRN-001975\GS_AFD_Estacion de bombeo n°2\DJI_20260220104939_0029_V.JPG,0.991,2026-06-11 11:01:17,\\amssclgis10.ams.gmams.cl\cl_mlp_pao\vuelos_drone_sin_procesar\input\20260206_geosupport_primera entrega\solo_jpg_02jun26\geosp-trn-001975\gs_afd_estacion de bombeo n°2\dji_20260220104939_0029_v.jpg,False
DJI_20260220105010_0030_V.JPG,DJI_20260220105010_0030_V,.jpg,\\amssclgis10.ams.gmams.cl\CL_MLP_PAO\Vuelos_Drone_Sin_Procesar\INPUT\20260206_Geosupport_primera entrega\SOLO_JPG_02Jun26\GEOSP-TRN-001975\GS_AFD_Estacion de bombeo n°2\DJI_20260220105010_0030_V.JPG,SOLO_JPG_02Jun26\GEOSP-TRN-001975\GS_AFD_Estacion de bombeo n°2\DJI_20260220105010_0030_V.JPG,0.757,2026-06-11 11:01:18,\\amssclgis10.ams.gmams.cl\cl_mlp_pao\vuelos_drone_sin_procesar\input\20260206_geosupport_primera entrega\solo_jpg_02jun26\geosp-trn-001975\gs_afd_estacion de bombeo n°2\dji_20260220105010_0030_v.jpg,False
DJI_20260220105020_0031_V.JPG,DJI_20260220105020_0031_V,.jpg,\\amssclgis10.ams.gmams.cl\CL_MLP_PAO\Vuelos_Drone_Sin_Procesar\INPUT\20260206_Geosupport_primera entrega\SOLO_JPG_02Jun26\GEOSP-TRN-001975\GS_AFD_Estacion de bombeo n°2\DJI_20260220105020_0031_V.JPG,SOLO_JPG_02Jun26\GEOSP-TRN-001975\GS_AFD_Estacion de bombeo n°2\DJI_20260220105020_0031_V.JPG,1.012,2026-06-11 11:01:18,\\amssclgis10.ams.gmams.cl\cl_mlp_pao\vuelos_drone_sin_procesar\input\20260206_geosupport_primera entrega\solo_jpg_02jun26\geosp-trn-001975\gs_afd_estacion de bombeo n°2\dji_20260220105020_0031_v.jpg,False
DJI_20260220105025_0032_V.JPG,DJI_20260220105025_0032_V,.jpg,\\amssclgis10.ams.gmams.cl\CL_MLP_PAO\Vuelos_Drone_Sin_Procesar\INPUT\20260206_Geosupport_primera entrega\SOLO_JPG_02Jun26\GEOSP-TRN-001975\GS_AFD_Estacion de bombeo n°2\DJI_20260220105025_0032_V.JPG,SOLO_JPG_02Jun26\GEOSP-TRN-001975\GS_AFD_Estacion de bombeo n°2\DJI_20260220105025_0032_V.JPG,1.176,2026-06-11 11:01:18,\\amssclgis10.ams.gmams.cl\cl_mlp_pao\vuelos_drone_sin_procesar\input\20260206_geosupport_primera entrega\solo_jpg_02jun26\geosp-trn-001975\gs_afd_estacion de bombeo n°2\dji_20260220105025_0032_v.jpg,False
DJI_20260220105048_0033_V.JPG,DJI_20260220105048_0033_V,.jpg,\\amssclgis10.ams.gmams.cl\CL_MLP_PAO\Vuelos_Drone_Sin_Procesar\INPUT\20260206_Geosupport_primera entrega\SOLO_JPG_02Jun26\GEOSP-TRN-001975\GS_AFD_Estacion de bombeo n°2\DJI_20260220105048_0033_V.JPG,SOLO_JPG_02Jun26\GEOSP-TRN-001975\GS_AFD_Estacion de bombeo n°2\DJI_20260220105048_0033_V.JPG,0.866,2026-06-11 11:01:18,\\amssclgis10.ams.gmams.cl\cl_mlp_pao\vuelos_drone_sin_procesar\input\20260206_geosupport_primera entrega\solo_jpg_02jun26\geosp-trn-001975\gs_afd_estacion de bombeo n°2\dji_20260220105048_0033_v.jpg,False
DJI_20260220105050_0034_V.JPG,DJI_20260220105050_0034_V,.jpg,\\amssclgis10.ams.gmams.cl\CL_MLP_PAO\Vuelos_Drone_Sin_Procesar\INPUT\20260206_Geosupport_primera entrega\SOLO_JPG_02Jun26\GEOSP-TRN-001975\GS_AFD_Estacion de bombeo n°2\DJI_20260220105050_0034_V.JPG,SOLO_JPG_02Jun26\GEOSP-TRN-001975\GS_AFD_Estacion de bombeo n°2\DJI_20260220105050_0034_V.JPG,0.915,2026-06-11 11:01:19,\\amssclgis10.ams.gmams.cl\cl_mlp_pao\vuelos_drone_sin_procesar\input\20260206_geosupport_primera entrega\solo_jpg_02jun26\geosp-trn-001975\gs_afd_estacion de bombeo n°2\dji_20260220105050_0034_v.jpg,False
DJI_20260225104115_0003_V.JPG,DJI_20260225104115_0003_V,.jpg,\\amssclgis10.ams.gmams.cl\CL_MLP_PAO\Vuelos_Drone_Sin_Procesar\INPUT\20260206_Geosupport_primera entrega\SOLO_JPG_02Jun26\GEOSP-TRN-002016\GS_AFD+ORTOFOTO_EB2_25-02-26\DJI_20260225104115_0003_V.JPG,SOLO_JPG_02Jun26\GEOSP-TRN-002016\GS_AFD+ORTOFOTO_EB2_25-02-26\DJI_20260225104115_0003_V.JPG,0.852,2026-06-11 11:01:19,\\amssclgis10.ams.gmams.cl\cl_mlp_pao\vuelos_drone_sin_procesar\input\20260206_geosupport_primera entrega\solo_jpg_02jun26\geosp-trn-002016\gs_afd+ortofoto_eb2_25-02-26\dji_20260225104115_0003_v.jpg,False
DJI_20260225104121_0004_V.JPG,DJI_20260225104121_0004_V,.jpg,\\amssclgis10.ams.gmams.cl\CL_MLP_PAO\Vuelos_Drone_Sin_Procesar\INPUT\20260206_Geosupport_primera entrega\SOLO_JPG_02Jun26\GEOSP-TRN-002016\GS_AFD+ORTOFOTO_EB2_25-02-26\DJI_20260225104121_0004_V.JPG,SOLO_JPG_02Jun26\GEOSP-TRN-002016\GS_AFD+ORTOFOTO_EB2_25-02-26\DJI_20260225104121_0004_V.JPG,1.062,2026-06-11 11:01:19,\\amssclgis10.ams.gmams.cl\cl_mlp_pao\vuelos_drone_sin_procesar\input\20260206_geosupport_primera entrega\solo_jpg_02jun26\geosp-trn-002016\gs_afd+ortofoto_eb2_25-02-26\dji_20260225104121_0004_v.jpg,False
DJI_20260225104202_0005_V.JPG,DJI_20260225104202_0005_V,.jpg,\\amssclgis10.ams.gmams.cl\CL_MLP_PAO\Vuelos_Drone_Sin_Procesar\INPUT\20260206_Geosupport_primera entrega\SOLO_JPG_02Jun26\GEOSP-TRN-002016\GS_AFD+ORTOFOTO_EB2_25-02-26\DJI_20260225104202_0005_V.JPG,SOLO_JPG_02Jun26\GEOSP-TRN-002016\GS_AFD+ORTOFOTO_EB2_25-02-26\DJI_20260225104202_0005_V.JPG,0.858,2026-06-11 11:01:19,\\amssclgis10.ams.gmams.cl\cl_mlp_pao\vuelos_drone_sin_procesar\input\20260206_geosupport_primera entrega\solo_jpg_02jun26\geosp-trn-002016\gs_afd+ortofoto_eb2_25-02-26\dji_20260225104202_0005_v.jpg,False
DJI_20260225104211_0006_V.JPG,DJI_20260225104211_0006_V,.jpg,\\amssclgis10.ams.gmams.cl\CL_MLP_PAO\Vuelos_Drone_Sin_Procesar\INPUT\20260206_Geosupport_primera entrega\SOLO_JPG_02Jun26\GEOSP-TRN-002016\GS_AFD+ORTOFOTO_EB2_25-02-26\DJI_20260225104211_0006_V.JPG,SOLO_JPG_02Jun26\GEOSP-TRN-002016\GS_AFD+ORTOFOTO_EB2_25-02-26\DJI_20260225104211_0006_V.JPG,0.761,2026-06-11 11:01:19,\\amssclgis10.ams.gmams.cl\cl_mlp_pao\vuelos_drone_sin_procesar\input\20260206_geosupport_primera entrega\solo_jpg_02jun26\geosp-trn-002016\gs_afd+ortofoto_eb2_25-02-26\dji_20260225104211_0006_v.jpg,False
DJI_20260225104233_0007_V.JPG,DJI_20260225104233_0007_V,.jpg,\\amssclgis10.ams.gmams.cl\CL_MLP_PAO\Vuelos_Drone_Sin_Procesar\INPUT\20260206_Geosupport_primera entrega\SOLO_JPG_02Jun26\GEOSP-TRN-002016\GS_AFD+ORTOFOTO_EB2_25-02-26\DJI_20260225104233_0007_V.JPG,SOLO_JPG_02Jun26\GEOSP-TRN-002016\GS_AFD+ORTOFOTO_EB2_25-02-26\DJI_20260225104233_0007_V.JPG,0.799,2026-06-11 11:01:20,\\amssclgis10.ams.gmams.cl\cl_mlp_pao\vuelos_drone_sin_procesar\input\20260206_geosupport_primera entrega\solo_jpg_02jun26\geosp-trn-002016\gs_afd+ortofoto_eb2_25-02-26\dji_20260225104233_0007_v.jpg,False
DJI_20260225104242_0008_V.JPG,DJI_20260225104242_0008_V,.jpg,\\amssclgis10.ams.gmams.cl\CL_MLP_PAO\Vuelos_Drone_Sin_Procesar\INPUT\20260206_Geosupport_primera entrega\SOLO_JPG_02Jun26\GEOSP-TRN-002016\GS_AFD+ORTOFOTO_EB2_25-02-26\DJI_20260225104242_0008_V.JPG,SOLO_JPG_02Jun26\GEOSP-TRN-002016\GS_AFD+ORTOFOTO_EB2_25-02-26\DJI_20260225104242_0008_V.JPG,0.997,2026-06-11 11:01:20,\\amssclgis10.ams.gmams.cl\cl_mlp_pao\vuelos_drone_sin_procesar\input\20260206_geosupport_primera entrega\solo_jpg_02jun26\geosp-trn-002016\gs_afd+ortofoto_eb2_25-02-26\dji_20260225104242_0008_v.jpg,False
DJI_20260225104301_0009_V.JPG,DJI_20260225104301_0009_V,.jpg,\\amssclgis10.ams.gmams.cl\CL_MLP_PAO\Vuelos_Drone_Sin_Procesar\INPUT\20260206_Geosupport_primera entrega\SOLO_JPG_02Jun26\GEOSP-TRN-002016\GS_AFD+ORTOFOTO_EB2_25-02-26\DJI_20260225104301_0009_V.JPG,SOLO_JPG_02Jun26\GEOSP-TRN-002016\GS_AFD+ORTOFOTO_EB2_25-02-26\DJI_20260225104301_0009_V.JPG,0.892,2026-06-11 11:01:20,\\amssclgis10.ams.gmams.cl\cl_mlp_pao\vuelos_drone_sin_procesar\input\20260206_geosupport_primera entrega\solo_jpg_02jun26\geosp-trn-002016\gs_afd+ortofoto_eb2_25-02-26\dji_20260225104301_0009_v.jpg,False
DJI_20260225104312_0010_V.JPG,DJI_20260225104312_0010_V,.jpg,\\amssclgis10.ams.gmams.cl\CL_MLP_PAO\Vuelos_Drone_Sin_Procesar\INPUT\20260206_Geosupport_primera entrega\SOLO_JPG_02Jun26\GEOSP-TRN-002016\GS_AFD+ORTOFOTO_EB2_25-02-26\DJI_20260225104312_0010_V.JPG,SOLO_JPG_02Jun26\GEOSP-TRN-002016\GS_AFD+ORTOFOTO_EB2_25-02-26\DJI_20260225104312_0010_V.JPG,0.948,2026-06-11 11:01:20,\\amssclgis10.ams.gmams.cl\cl_mlp_pao\vuelos_drone_sin_procesar\input\20260206_geosupport_primera entrega\solo_jpg_02jun26\geosp-trn-002016\gs_afd+ortofoto_eb2_25-02-26\dji_20260225104312_0010_v.jpg,False
DJI_20260225104335_0011_V.JPG,DJI_20260225104335_0011_V,.jpg,\\amssclgis10.ams.gmams.cl\CL_MLP_PAO\Vuelos_Drone_Sin_Procesar\INPUT\20260206_Geosupport_primera entrega\SOLO_JPG_02Jun26\GEOSP-TRN-002016\GS_AFD+ORTOFOTO_EB2_25-02-26\DJI_20260225104335_0011_V.JPG,SOLO_JPG_02Jun26\GEOSP-TRN-002016\GS_AFD+ORTOFOTO_EB2_25-02-26\DJI_20260225104335_0011_V.JPG,1.015,2026-06-11 11:01:21,\\amssclgis10.ams.gmams.cl\cl_mlp_pao\vuelos_drone_sin_procesar\input\20260206_geosupport_primera entrega\solo_jpg_02jun26\geosp-trn-002016\gs_afd+ortofoto_eb2_25-02-26\dji_20260225104335_0011_v.jpg,False
DJI_20260225104343_0012_V.JPG,DJI_20260225104343_0012_V,.jpg,\\amssclgis10.ams.gmams.cl\CL_MLP_PAO\Vuelos_Drone_Sin_Procesar\INPUT\20260206_Geosupport_primera entrega\SOLO_JPG_02Jun26\GEOSP-TRN-002016\GS_AFD+ORTOFOTO_EB2_25-02-26\DJI_20260225104343_0012_V.JPG,SOLO_JPG_02Jun26\GEOSP-TRN-002016\GS_AFD+ORTOFOTO_EB2_25-02-26\DJI_20260225104343_0012_V.JPG,0.957,2026-06-11 11:01:21,\\amssclgis10.ams.gmams.cl\cl_mlp_pao\vuelos_drone_sin_procesar\input\20260206_geosupport_primera entrega\solo_jpg_02jun26\geosp-trn-002016\gs_afd+ortofoto_eb2_25-02-26\dji_20260225104343_0012_v.jpg,False
DJI_20260225104354_0013_V.JPG,DJI_20260225104354_0013_V,.jpg,\\amssclgis10.ams.gmams.cl\CL_MLP_PAO\Vuelos_Drone_Sin_Procesar\INPUT\20260206_Geosupport_primera entrega\SOLO_JPG_02Jun26\GEOSP-TRN-002016\GS_AFD+ORTOFOTO_EB2_25-02-26\DJI_20260225104354_0013_V.JPG,SOLO_JPG_02Jun26\GEOSP-TRN-002016\GS_AFD+ORTOFOTO_EB2_25-02-26\DJI_20260225104354_0013_V.JPG,1.145,2026-06-11 11:01:21,\\amssclgis10.ams.gmams.cl\cl_mlp_pao\vuelos_drone_sin_procesar\input\20260206_geosupport_primera entrega\solo_jpg_02jun26\geosp-trn-002016\gs_afd+ortofoto_eb2_25-02-26\dji_20260225104354_0013_v.jpg,False
DJI_20260225104402_0014_V.JPG,DJI_20260225104402_0014_V,.jpg,\\amssclgis10.ams.gmams.cl\CL_MLP_PAO\Vuelos_Drone_Sin_Procesar\INPUT\20260206_Geosupport_primera entrega\SOLO_JPG_02Jun26\GEOSP-TRN-002016\GS_AFD+ORTOFOTO_EB2_25-02-26\DJI_20260225104402_0014_V.JPG,SOLO_JPG_02Jun26\GEOSP-TRN-002016\GS_AFD+ORTOFOTO_EB2_25-02-26\DJI_20260225104402_0014_V.JPG,0.958,2026-06-11 11:01:21,\\amssclgis10.ams.gmams.cl\cl_mlp_pao\vuelos_drone_sin_procesar\input\20260206_geosupport_primera entrega\solo_jpg_02jun26\geosp-trn-002016\gs_afd+ortofoto_eb2_25-02-26\dji_20260225104402_0014_v.jpg,False
DJI_20260225104441_0015_V.JPG,DJI_20260225104441_0015_V,.jpg,\\amssclgis10.ams.gmams.cl\CL_MLP_PAO\Vuelos_Drone_Sin_Procesar\INPUT\20260206_Geosupport_primera entrega\SOLO_JPG_02Jun26\GEOSP-TRN-002016\GS_AFD+ORTOFOTO_EB2_25-02-26\DJI_20260225104441_0015_V.JPG,SOLO_JPG_02Jun26\GEOSP-TRN-002016\GS_AFD+ORTOFOTO_EB2_25-02-26\DJI_20260225104441_0015_V.JPG,1.057,2026-06-11 11:01:21,\\amssclgis10.ams.gmams.cl\cl_mlp_pao\vuelos_drone_sin_procesar\input\20260206_geosupport_primera entrega\solo_jpg_02jun26\geosp-trn-002016\gs_afd+ortofoto_eb2_25-02-26\dji_20260225104441_0015_v.jpg,False
DJI_20260225104454_0016_V.JPG,DJI_20260225104454_0016_V,.jpg,\\amssclgis10.ams.gmams.cl\CL_MLP_PAO\Vuelos_Drone_Sin_Procesar\INPUT\20260206_Geosupport_primera entrega\SOLO_JPG_02Jun26\GEOSP-TRN-002016\GS_AFD+ORTOFOTO_EB2_25-02-26\DJI_20260225104454_0016_V.JPG,SOLO_JPG_02Jun26\GEOSP-TRN-002016\GS_AFD+ORTOFOTO_EB2_25-02-26\DJI_20260225104454_0016_V.JPG,1.14,2026-06-11 11:01:22,\\amssclgis10.ams.gmams.cl\cl_mlp_pao\vuelos_drone_sin_procesar\input\20260206_geosupport_primera entrega\solo_jpg_02jun26\geosp-trn-002016\gs_afd+ortofoto_eb2_25-02-26\dji_20260225104454_0016_v.jpg,False
DJI_20260307094612_0002_V.JPG,DJI_20260307094612_0002_V,.jpg,\\amssclgis10.ams.gmams.cl\CL_MLP_PAO\Vuelos_Drone_Sin_Procesar\INPUT\20260206_Geosupport_primera entrega\SOLO_JPG_02Jun26\GEOSP-TRN-002096\GS_AFD_EB2_07-03-2026\DJI_20260307094612_0002_V.JPG,SOLO_JPG_02Jun26\GEOSP-TRN-002096\GS_AFD_EB2_07-03-2026\DJI_20260307094612_0002_V.JPG,0.721,2026-06-11 11:01:22,\\amssclgis10.ams.gmams.cl\cl_mlp_pao\vuelos_drone_sin_procesar\input\20260206_geosupport_primera entrega\solo_jpg_02jun26\geosp-trn-002096\gs_afd_eb2_07-03-2026\dji_20260307094612_0002_v.jpg,False
DJI_20260307094619_0004_V.JPG,DJI_20260307094619_0004_V,.jpg,\\amssclgis10.ams.gmams.cl\CL_MLP_PAO\Vuelos_Drone_Sin_Procesar\INPUT\20260206_Geosupport_primera entrega\SOLO_JPG_02Jun26\GEOSP-TRN-002096\GS_AFD_EB2_07-03-2026\DJI_20260307094619_0004_V.JPG,SOLO_JPG_02Jun26\GEOSP-TRN-002096\GS_AFD_EB2_07-03-2026\DJI_20260307094619_0004_V.JPG,0.689,2026-06-11 11:01:22,\\amssclgis10.ams.gmams.cl\cl_mlp_pao\vuelos_drone_sin_procesar\input\20260206_geosupport_primera entrega\solo_jpg_02jun26\geosp-trn-002096\gs_afd_eb2_07-03-2026\dji_20260307094619_0004_v.jpg,False
DJI_20260307094624_0005_V.JPG,DJI_20260307094624_0005_V,.jpg,\\amssclgis10.ams.gmams.cl\CL_MLP_PAO\Vuelos_Drone_Sin_Procesar\INPUT\20260206_Geosupport_primera entrega\SOLO_JPG_02Jun26\GEOSP-TRN-002096\GS_AFD_EB2_07-03-2026\DJI_20260307094624_0005_V.JPG,SOLO_JPG_02Jun26\GEOSP-TRN-002096\GS_AFD_EB2_07-03-2026\DJI_20260307094624_0005_V.JPG,0.669,2026-06-11 11:01:22,\\amssclgis10.ams.gmams.cl\cl_mlp_pao\vuelos_drone_sin_procesar\input\20260206_geosupport_primera entrega\solo_jpg_02jun26\geosp-trn-002096\gs_afd_eb2_07-03-2026\dji_20260307094624_0005_v.jpg,False
DJI_20260307094631_0006_V.JPG,DJI_20260307094631_0006_V,.jpg,\\amssclgis10.ams.gmams.cl\CL_MLP_PAO\Vuelos_Drone_Sin_Procesar\INPUT\20260206_Geosupport_primera entrega\SOLO_JPG_02Jun26\GEOSP-TRN-002096\GS_AFD_EB2_07-03-2026\DJI_20260307094631_0006_V.JPG,SOLO_JPG_02Jun26\GEOSP-TRN-002096\GS_AFD_EB2_07-03-2026\DJI_20260307094631_0006_V.JPG,0.677,2026-06-11 11:01:22,\\amssclgis10.ams.gmams.cl\cl_mlp_pao\vuelos_drone_sin_procesar\input\20260206_geosupport_primera entrega\solo_jpg_02jun26\geosp-trn-002096\gs_afd_eb2_07-03-2026\dji_20260307094631_0006_v.jpg,False
DJI_20260307094701_0007_V.JPG,DJI_20260307094701_0007_V,.jpg,\\amssclgis10.ams.gmams.cl\CL_MLP_PAO\Vuelos_Drone_Sin_Procesar\INPUT\20260206_Geosupport_primera entrega\SOLO_JPG_02Jun26\GEOSP-TRN-002096\GS_AFD_EB2_07-03-2026\DJI_20260307094701_0007_V.JPG,SOLO_JPG_02Jun26\GEOSP-TRN-002096\GS_AFD_EB2_07-03-2026\DJI_20260307094701_0007_V.JPG,0.693,2026-06-11 11:01:22,\\amssclgis10.ams.gmams.cl\cl_mlp_pao\vuelos_drone_sin_procesar\input\20260206_geosupport_primera entrega\solo_jpg_02jun26\geosp-trn-002096\gs_afd_eb2_07-03-2026\dji_20260307094701_0007_v.jpg,False
DJI_20260307094706_0008_V.JPG,DJI_20260307094706_0008_V,.jpg,\\amssclgis10.ams.gmams.cl\CL_MLP_PAO\Vuelos_Drone_Sin_Procesar\INPUT\20260206_Geosupport_primera entrega\SOLO_JPG_02Jun26\GEOSP-TRN-002096\GS_AFD_EB2_07-03-2026\DJI_20260307094706_0008_V.JPG,SOLO_JPG_02Jun26\GEOSP-TRN-002096\GS_AFD_EB2_07-03-2026\DJI_20260307094706_0008_V.JPG,0.673,2026-06-11 11:01:22,\\amssclgis10.ams.gmams.cl\cl_mlp_pao\vuelos_drone_sin_procesar\input\20260206_geosupport_primera entrega\solo_jpg_02jun26\geosp-trn-002096\gs_afd_eb2_07-03-2026\dji_20260307094706_0008_v.jpg,False
DJI_20260307094712_0009_V.JPG,DJI_20260307094712_0009_V,.jpg,\\amssclgis10.ams.gmams.cl\CL_MLP_PAO\Vuelos_Drone_Sin_Procesar\INPUT\20260206_Geosupport_primera entrega\SOLO_JPG_02Jun26\GEOSP-TRN-002096\GS_AFD_EB2_07-03-2026\DJI_20260307094712_0009_V.JPG,SOLO_JPG_02Jun26\GEOSP-TRN-002096\GS_AFD_EB2_07-03-2026\DJI_20260307094712_0009_V.JPG,0.668,2026-06-11 11:01:22,\\amssclgis10.ams.gmams.cl\cl_mlp_pao\vuelos_drone_sin_procesar\input\20260206_geosupport_primera entrega\solo_jpg_02jun26\geosp-trn-002096\gs_afd_eb2_07-03-2026\dji_20260307094712_0009_v.jpg,False
DJI_20260307094724_0010_V.JPG,DJI_20260307094724_0010_V,.jpg,\\amssclgis10.ams.gmams.cl\CL_MLP_PAO\Vuelos_Drone_Sin_Procesar\INPUT\20260206_Geosupport_primera entrega\SOLO_JPG_02Jun26\GEOSP-TRN-002096\GS_AFD_EB2_07-03-2026\DJI_20260307094724_0010_V.JPG,SOLO_JPG_02Jun26\GEOSP-TRN-002096\GS_AFD_EB2_07-03-2026\DJI_20260307094724_0010_V.JPG,0.679,2026-06-11 11:01:23,\\amssclgis10.ams.gmams.cl\cl_mlp_pao\vuelos_drone_sin_procesar\input\20260206_geosupport_primera entrega\solo_jpg_02jun26\geosp-trn-002096\gs_afd_eb2_07-03-2026\dji_20260307094724_0010_v.jpg,False
DJI_20260307094736_0011_V.JPG,DJI_20260307094736_0011_V,.jpg,\\amssclgis10.ams.gmams.cl\CL_MLP_PAO\Vuelos_Drone_Sin_Procesar\INPUT\20260206_Geosupport_primera entrega\SOLO_JPG_02Jun26\GEOSP-TRN-002096\GS_AFD_EB2_07-03-2026\DJI_20260307094736_0011_V.JPG,SOLO_JPG_02Jun26\GEOSP-TRN-002096\GS_AFD_EB2_07-03-2026\DJI_20260307094736_0011_V.JPG,0.666,2026-06-11 11:01:23,\\amssclgis10.ams.gmams.cl\cl_mlp_pao\vuelos_drone_sin_procesar\input\20260206_geosupport_primera entrega\solo_jpg_02jun26\geosp-trn-002096\gs_afd_eb2_07-03-2026\dji_20260307094736_0011_v.jpg,False
DJI_20260307094751_0012_V.JPG,DJI_20260307094751_0012_V,.jpg,\\amssclgis10.ams.gmams.cl\CL_MLP_PAO\Vuelos_Drone_Sin_Procesar\INPUT\20260206_Geosupport_primera entrega\SOLO_JPG_02Jun26\GEOSP-TRN-002096\GS_AFD_EB2_07-03-2026\DJI_20260307094751_0012_V.JPG,SOLO_JPG_02Jun26\GEOSP-TRN-002096\GS_AFD_EB2_07-03-2026\DJI_20260307094751_0012_V.JPG,0.632,2026-06-11 11:01:23,\\amssclgis10.ams.gmams.cl\cl_mlp_pao\vuelos_drone_sin_procesar\input\20260206_geosupport_primera entrega\solo_jpg_02jun26\geosp-trn-002096\gs_afd_eb2_07-03-2026\dji_20260307094751_0012_v.jpg,False
DJI_20260307094804_0013_V.JPG,DJI_20260307094804_0013_V,.jpg,\\amssclgis10.ams.gmams.cl\CL_MLP_PAO\Vuelos_Drone_Sin_Procesar\INPUT\20260206_Geosupport_primera entrega\SOLO_JPG_02Jun26\GEOSP-TRN-002096\GS_AFD_EB2_07-03-2026\DJI_20260307094804_0013_V.JPG,SOLO_JPG_02Jun26\GEOSP-TRN-002096\GS_AFD_EB2_07-03-2026\DJI_20260307094804_0013_V.JPG,0.657,2026-06-11 11:01:23,\\amssclgis10.ams.gmams.cl\cl_mlp_pao\vuelos_drone_sin_procesar\input\20260206_geosupport_primera entrega\solo_jpg_02jun26\geosp-trn-002096\gs_afd_eb2_07-03-2026\dji_20260307094804_0013_v.jpg,False
DJI_20260307094816_0014_V.JPG,DJI_20260307094816_0014_V,.jpg,\\amssclgis10.ams.gmams.cl\CL_MLP_PAO\Vuelos_Drone_Sin_Procesar\INPUT\20260206_Geosupport_primera entrega\SOLO_JPG_02Jun26\GEOSP-TRN-002096\GS_AFD_EB2_07-03-2026\DJI_20260307094816_0014_V.JPG,SOLO_JPG_02Jun26\GEOSP-TRN-002096\GS_AFD_EB2_07-03-2026\DJI_20260307094816_0014_V.JPG,0.681,2026-06-11 11:01:23,\\amssclgis10.ams.gmams.cl\cl_mlp_pao\vuelos_drone_sin_procesar\input\20260206_geosupport_primera entrega\solo_jpg_02jun26\geosp-trn-002096\gs_afd_eb2_07-03-2026\dji_20260307094816_0014_v.jpg,False
DJI_20260307094821_0015_V.JPG,DJI_20260307094821_0015_V,.jpg,\\amssclgis10.ams.gmams.cl\CL_MLP_PAO\Vuelos_Drone_Sin_Procesar\INPUT\20260206_Geosupport_primera entrega\SOLO_JPG_02Jun26\GEOSP-TRN-002096\GS_AFD_EB2_07-03-2026\DJI_20260307094821_0015_V.JPG,SOLO_JPG_02Jun26\GEOSP-TRN-002096\GS_AFD_EB2_07-03-2026\DJI_20260307094821_0015_V.JPG,0.69,2026-06-11 11:01:23,\\amssclgis10.ams.gmams.cl\cl_mlp_pao\vuelos_drone_sin_procesar\input\20260206_geosupport_primera entrega\solo_jpg_02jun26\geosp-trn-002096\gs_afd_eb2_07-03-2026\dji_20260307094821_0015_v.jpg,False
DJI_20260307094828_0016_V.JPG,DJI_20260307094828_0016_V,.jpg,\\amssclgis10.ams.gmams.cl\CL_MLP_PAO\Vuelos_Drone_Sin_Procesar\INPUT\20260206_Geosupport_primera entrega\SOLO_JPG_02Jun26\GEOSP-TRN-002096\GS_AFD_EB2_07-03-2026\DJI_20260307094828_0016_V.JPG,SOLO_JPG_02Jun26\GEOSP-TRN-002096\GS_AFD_EB2_07-03-2026\DJI_20260307094828_0016_V.JPG,0.696,2026-06-11 11:01:23,\\amssclgis10.ams.gmams.cl\cl_mlp_pao\vuelos_drone_sin_procesar\input\20260206_geosupport_primera entrega\solo_jpg_02jun26\geosp-trn-002096\gs_afd_eb2_07-03-2026\dji_20260307094828_0016_v.jpg,False
DJI_20260307094858_0017_V.JPG,DJI_20260307094858_0017_V,.jpg,\\amssclgis10.ams.gmams.cl\CL_MLP_PAO\Vuelos_Drone_Sin_Procesar\INPUT\20260206_Geosupport_primera entrega\SOLO_JPG_02Jun26\GEOSP-TRN-002096\GS_AFD_EB2_07-03-2026\DJI_20260307094858_0017_V.JPG,SOLO_JPG_02Jun26\GEOSP-TRN-002096\GS_AFD_EB2_07-03-2026\DJI_20260307094858_0017_V.JPG,0.796,2026-06-11 11:01:24,\\amssclgis10.ams.gmams.cl\cl_mlp_pao\vuelos_drone_sin_procesar\input\20260206_geosupport_primera entrega\solo_jpg_02jun26\geosp-trn-002096\gs_afd_eb2_07-03-2026\dji_20260307094858_0017_v.jpg,False
DJI_20260307094936_0018_V.JPG,DJI_20260307094936_0018_V,.jpg,\\amssclgis10.ams.gmams.cl\CL_MLP_PAO\Vuelos_Drone_Sin_Procesar\INPUT\20260206_Geosupport_primera entrega\SOLO_JPG_02Jun26\GEOSP-TRN-002096\GS_AFD_EB2_07-03-2026\DJI_20260307094936_0018_V.JPG,SOLO_JPG_02Jun26\GEOSP-TRN-002096\GS_AFD_EB2_07-03-2026\DJI_20260307094936_0018_V.JPG,0.692,2026-06-11 11:01:24,\\amssclgis10.ams.gmams.cl\cl_mlp_pao\vuelos_drone_sin_procesar\input\20260206_geosupport_primera entrega\solo_jpg_02jun26\geosp-trn-002096\gs_afd_eb2_07-03-2026\dji_20260307094936_0018_v.jpg,False
DJI_20260307094951_0019_V.JPG,DJI_20260307094951_0019_V,.jpg,\\amssclgis10.ams.gmams.cl\CL_MLP_PAO\Vuelos_Drone_Sin_Procesar\INPUT\20260206_Geosupport_primera entrega\SOLO_JPG_02Jun26\GEOSP-TRN-002096\GS_AFD_EB2_07-03-2026\DJI_20260307094951_0019_V.JPG,SOLO_JPG_02Jun26\GEOSP-TRN-002096\GS_AFD_EB2_07-03-2026\DJI_20260307094951_0019_V.JPG,0.651,2026-06-11 11:01:24,\\amssclgis10.ams.gmams.cl\cl_mlp_pao\vuelos_drone_sin_procesar\input\20260206_geosupport_primera entrega\solo_jpg_02jun26\geosp-trn-002096\gs_afd_eb2_07-03-2026\dji_20260307094951_0019_v.jpg,False
DJI_20260307095001_0020_V.JPG,DJI_20260307095001_0020_V,.jpg,\\amssclgis10.ams.gmams.cl\CL_MLP_PAO\Vuelos_Drone_Sin_Procesar\INPUT\20260206_Geosupport_primera entrega\SOLO_JPG_02Jun26\GEOSP-TRN-002096\GS_AFD_EB2_07-03-2026\DJI_20260307095001_0020_V.JPG,SOLO_JPG_02Jun26\GEOSP-TRN-002096\GS_AFD_EB2_07-03-2026\DJI_20260307095001_0020_V.JPG,0.871,2026-06-11 11:01:24,\\amssclgis10.ams.gmams.cl\cl_mlp_pao\vuelos_drone_sin_procesar\input\20260206_geosupport_primera entrega\solo_jpg_02jun26\geosp-trn-002096\gs_afd_eb2_07-03-2026\dji_20260307095001_0020_v.jpg,False
DJI_20260307095009_0021_V.JPG,DJI_20260307095009_0021_V,.jpg,\\amssclgis10.ams.gmams.cl\CL_MLP_PAO\Vuelos_Drone_Sin_Procesar\INPUT\20260206_Geosupport_primera entrega\SOLO_JPG_02Jun26\GEOSP-TRN-002096\GS_AFD_EB2_07-03-2026\DJI_20260307095009_0021_V.JPG,SOLO_JPG_02Jun26\GEOSP-TRN-002096\GS_AFD_EB2_07-03-2026\DJI_20260307095009_0021_V.JPG,0.742,2026-06-11 11:01:25,\\amssclgis10.ams.gmams.cl\cl_mlp_pao\vuelos_drone_sin_procesar\input\20260206_geosupport_primera entrega\solo_jpg_02jun26\geosp-trn-002096\gs_afd_eb2_07-03-2026\dji_20260307095009_0021_v.jpg,False
DJI_20260307095024_0022_V.JPG,DJI_20260307095024_0022_V,.jpg,\\amssclgis10.ams.gmams.cl\CL_MLP_PAO\Vuelos_Drone_Sin_Procesar\INPUT\20260206_Geosupport_primera entrega\SOLO_JPG_02Jun26\GEOSP-TRN-002096\GS_AFD_EB2_07-03-2026\DJI_20260307095024_0022_V.JPG,SOLO_JPG_02Jun26\GEOSP-TRN-002096\GS_AFD_EB2_07-03-2026\DJI_20260307095024_0022_V.JPG,0.742,2026-06-11 11:01:25,\\amssclgis10.ams.gmams.cl\cl_mlp_pao\vuelos_drone_sin_procesar\input\20260206_geosupport_primera entrega\solo_jpg_02jun26\geosp-trn-002096\gs_afd_eb2_07-03-2026\dji_20260307095024_0022_v.jpg,False
DJI_20260307095053_0023_V.JPG,DJI_20260307095053_0023_V,.jpg,\\amssclgis10.ams.gmams.cl\CL_MLP_PAO\Vuelos_Drone_Sin_Procesar\INPUT\20260206_Geosupport_primera entrega\SOLO_JPG_02Jun26\GEOSP-TRN-002096\GS_AFD_EB2_07-03-2026\DJI_20260307095053_0023_V.JPG,SOLO_JPG_02Jun26\GEOSP-TRN-002096\GS_AFD_EB2_07-03-2026\DJI_20260307095053_0023_V.JPG,0.56,2026-06-11 11:01:25,\\amssclgis10.ams.gmams.cl\cl_mlp_pao\vuelos_drone_sin_procesar\input\20260206_geosupport_primera entrega\solo_jpg_02jun26\geosp-trn-002096\gs_afd_eb2_07-03-2026\dji_20260307095053_0023_v.jpg,False
DJI_20260307095059_0024_V.JPG,DJI_20260307095059_0024_V,.jpg,\\amssclgis10.ams.gmams.cl\CL_MLP_PAO\Vuelos_Drone_Sin_Procesar\INPUT\20260206_Geosupport_primera entrega\SOLO_JPG_02Jun26\GEOSP-TRN-002096\GS_AFD_EB2_07-03-2026\DJI_20260307095059_0024_V.JPG,SOLO_JPG_02Jun26\GEOSP-TRN-002096\GS_AFD_EB2_07-03-2026\DJI_20260307095059_0024_V.JPG,0.541,2026-06-11 11:01:25,\\amssclgis10.ams.gmams.cl\cl_mlp_pao\vuelos_drone_sin_procesar\input\20260206_geosupport_primera entrega\solo_jpg_02jun26\geosp-trn-002096\gs_afd_eb2_07-03-2026\dji_20260307095059_0024_v.jpg,False
DJI_20260307095121_0025_V.JPG,DJI_20260307095121_0025_V,.jpg,\\amssclgis10.ams.gmams.cl\CL_MLP_PAO\Vuelos_Drone_Sin_Procesar\INPUT\20260206_Geosupport_primera entrega\SOLO_JPG_02Jun26\GEOSP-TRN-002096\GS_AFD_EB2_07-03-2026\DJI_20260307095121_0025_V.JPG,SOLO_JPG_02Jun26\GEOSP-TRN-002096\GS_AFD_EB2_07-03-2026\DJI_20260307095121_0025_V.JPG,0.806,2026-06-11 11:01:25,\\amssclgis10.ams.gmams.cl\cl_mlp_pao\vuelos_drone_sin_procesar\input\20260206_geosupport_primera entrega\solo_jpg_02jun26\geosp-trn-002096\gs_afd_eb2_07-03-2026\dji_20260307095121_0025_v.jpg,False
DJI_20260307095134_0026_V.JPG,DJI_20260307095134_0026_V,.jpg,\\amssclgis10.ams.gmams.cl\CL_MLP_PAO\Vuelos_Drone_Sin_Procesar\INPUT\20260206_Geosupport_primera entrega\SOLO_JPG_02Jun26\GEOSP-TRN-002096\GS_AFD_EB2_07-03-2026\DJI_20260307095134_0026_V.JPG,SOLO_JPG_02Jun26\GEOSP-TRN-002096\GS_AFD_EB2_07-03-2026\DJI_20260307095134_0026_V.JPG,0.707,2026-06-11 11:01:26,\\amssclgis10.ams.gmams.cl\cl_mlp_pao\vuelos_drone_sin_procesar\input\20260206_geosupport_primera entrega\solo_jpg_02jun26\geosp-trn-002096\gs_afd_eb2_07-03-2026\dji_20260307095134_0026_v.jpg,False
DJI_20260307095140_0027_V.JPG,DJI_20260307095140_0027_V,.jpg,\\amssclgis10.ams.gmams.cl\CL_MLP_PAO\Vuelos_Drone_Sin_Procesar\INPUT\20260206_Geosupport_primera entrega\SOLO_JPG_02Jun26\GEOSP-TRN-002096\GS_AFD_EB2_07-03-2026\DJI_20260307095140_0027_V.JPG,SOLO_JPG_02Jun26\GEOSP-TRN-002096\GS_AFD_EB2_07-03-2026\DJI_20260307095140_0027_V.JPG,0.684,2026-06-11 11:01:26,\\amssclgis10.ams.gmams.cl\cl_mlp_pao\vuelos_drone_sin_procesar\input\20260206_geosupport_primera entrega\solo_jpg_02jun26\geosp-trn-002096\gs_afd_eb2_07-03-2026\dji_20260307095140_0027_v.jpg,False
DJI_20260307095149_0028_V.JPG,DJI_20260307095149_0028_V,.jpg,\\amssclgis10.ams.gmams.cl\CL_MLP_PAO\Vuelos_Drone_Sin_Procesar\INPUT\20260206_Geosupport_primera entrega\SOLO_JPG_02Jun26\GEOSP-TRN-002096\GS_AFD_EB2_07-03-2026\DJI_20260307095149_0028_V.JPG,SOLO_JPG_02Jun26\GEOSP-TRN-002096\GS_AFD_EB2_07-03-2026\DJI_20260307095149_0028_V.JPG,0.945,2026-06-11 11:01:26,\\amssclgis10.ams.gmams.cl\cl_mlp_pao\vuelos_drone_sin_procesar\input\20260206_geosupport_primera entrega\solo_jpg_02jun26\geosp-trn-002096\gs_afd_eb2_07-03-2026\dji_20260307095149_0028_v.jpg,False
DJI_20260313120140_0002_V.JPG,DJI_20260313120140_0002_V,.jpg,\\amssclgis10.ams.gmams.cl\CL_MLP_PAO\Vuelos_Drone_Sin_Procesar\INPUT\20260206_Geosupport_primera entrega\SOLO_JPG_02Jun26\GEOSP-TRN-002140\GS_AFD+ORTOFOTO_EB2_13-03-26\DJI_20260313120140_0002_V.JPG,SOLO_JPG_02Jun26\GEOSP-TRN-002140\GS_AFD+ORTOFOTO_EB2_13-03-26\DJI_20260313120140_0002_V.JPG,1.194,2026-06-11 11:01:26,\\amssclgis10.ams.gmams.cl\cl_mlp_pao\vuelos_drone_sin_procesar\input\20260206_geosupport_primera entrega\solo_jpg_02jun26\geosp-trn-002140\gs_afd+ortofoto_eb2_13-03-26\dji_20260313120140_0002_v.jpg,False
DJI_20260313120154_0004_V.JPG,DJI_20260313120154_0004_V,.jpg,\\amssclgis10.ams.gmams.cl\CL_MLP_PAO\Vuelos_Drone_Sin_Procesar\INPUT\20260206_Geosupport_primera entrega\SOLO_JPG_02Jun26\GEOSP-TRN-002140\GS_AFD+ORTOFOTO_EB2_13-03-26\DJI_20260313120154_0004_V.JPG,SOLO_JPG_02Jun26\GEOSP-TRN-002140\GS_AFD+ORTOFOTO_EB2_13-03-26\DJI_20260313120154_0004_V.JPG,1.163,2026-06-11 11:01:27,\\amssclgis10.ams.gmams.cl\cl_mlp_pao\vuelos_drone_sin_procesar\input\20260206_geosupport_primera entrega\solo_jpg_02jun26\geosp-trn-002140\gs_afd+ortofoto_eb2_13-03-26\dji_20260313120154_0004_v.jpg,False
DJI_20260313120159_0005_V.JPG,DJI_20260313120159_0005_V,.jpg,\\amssclgis10.ams.gmams.cl\CL_MLP_PAO\Vuelos_Drone_Sin_Procesar\INPUT\20260206_Geosupport_primera entrega\SOLO_JPG_02Jun26\GEOSP-TRN-002140\GS_AFD+ORTOFOTO_EB2_13-03-26\DJI_20260313120159_0005_V.JPG,SOLO_JPG_02Jun26\GEOSP-TRN-002140\GS_AFD+ORTOFOTO_EB2_13-03-26\DJI_20260313120159_0005_V.JPG,1.154,2026-06-11 11:01:27,\\amssclgis10.ams.gmams.cl\cl_mlp_pao\vuelos_drone_sin_procesar\input\20260206_geosupport_primera entrega\solo_jpg_02jun26\geosp-trn-002140\gs_afd+ortofoto_eb2_13-03-26\dji_20260313120159_0005_v.jpg,False
DJI_20260313120208_0006_V.JPG,DJI_20260313120208_0006_V,.jpg,\\amssclgis10.ams.gmams.cl\CL_MLP_PAO\Vuelos_Drone_Sin_Procesar\INPUT\20260206_Geosupport_primera entrega\SOLO_JPG_02Jun26\GEOSP-TRN-002140\GS_AFD+ORTOFOTO_EB2_13-03-26\DJI_20260313120208_0006_V.JPG,SOLO_JPG_02Jun26\GEOSP-TRN-002140\GS_AFD+ORTOFOTO_EB2_13-03-26\DJI_20260313120208_0006_V.JPG,1.166,2026-06-11 11:01:27,\\amssclgis10.ams.gmams.cl\cl_mlp_pao\vuelos_drone_sin_procesar\input\20260206_geosupport_primera entrega\solo_jpg_02jun26\geosp-trn-002140\gs_afd+ortofoto_eb2_13-03-26\dji_20260313120208_0006_v.jpg,False
DJI_20260313120215_0007_V.JPG,DJI_20260313120215_0007_V,.jpg,\\amssclgis10.ams.gmams.cl\CL_MLP_PAO\Vuelos_Drone_Sin_Procesar\INPUT\20260206_Geosupport_primera entrega\SOLO_JPG_02Jun26\GEOSP-TRN-002140\GS_AFD+ORTOFOTO_EB2_13-03-26\DJI_20260313120215_0007_V.JPG,SOLO_JPG_02Jun26\GEOSP-TRN-002140\GS_AFD+ORTOFOTO_EB2_13-03-26\DJI_20260313120215_0007_V.JPG,1.122,2026-06-11 11:01:28,\\amssclgis10.ams.gmams.cl\cl_mlp_pao\vuelos_drone_sin_procesar\input\20260206_geosupport_primera entrega\solo_jpg_02jun26\geosp-trn-002140\gs_afd+ortofoto_eb2_13-03-26\dji_20260313120215_0007_v.jpg,False
DJI_20260313120217_0008_V.JPG,DJI_20260313120217_0008_V,.jpg,\\amssclgis10.ams.gmams.cl\CL_MLP_PAO\Vuelos_Drone_Sin_Procesar\INPUT\20260206_Geosupport_primera entrega\SOLO_JPG_02Jun26\GEOSP-TRN-002140\GS_AFD+ORTOFOTO_EB2_13-03-26\DJI_20260313120217_0008_V.JPG,SOLO_JPG_02Jun26\GEOSP-TRN-002140\GS_AFD+ORTOFOTO_EB2_13-03-26\DJI_20260313120217_0008_V.JPG,1.088,2026-06-11 11:01:28,\\amssclgis10.ams.gmams.cl\cl_mlp_pao\vuelos_drone_sin_procesar\input\20260206_geosupport_primera entrega\solo_jpg_02jun26\geosp-trn-002140\gs_afd+ortofoto_eb2_13-03-26\dji_20260313120217_0008_v.jpg,False
DJI_20260313120219_0009_V.JPG,DJI_20260313120219_0009_V,.jpg,\\amssclgis10.ams.gmams.cl\CL_MLP_PAO\Vuelos_Drone_Sin_Procesar\INPUT\20260206_Geosupport_primera entrega\SOLO_JPG_02Jun26\GEOSP-TRN-002140\GS_AFD+ORTOFOTO_EB2_13-03-26\DJI_20260313120219_0009_V.JPG,SOLO_JPG_02Jun26\GEOSP-TRN-002140\GS_AFD+ORTOFOTO_EB2_13-03-26\DJI_20260313120219_0009_V.JPG,1.056,2026-06-11 11:01:28,\\amssclgis10.ams.gmams.cl\cl_mlp_pao\vuelos_drone_sin_procesar\input\20260206_geosupport_primera entrega\solo_jpg_02jun26\geosp-trn-002140\gs_afd+ortofoto_eb2_13-03-26\dji_20260313120219_0009_v.jpg,False
DJI_20260313120243_0010_V.JPG,DJI_20260313120243_0010_V,.jpg,\\amssclgis10.ams.gmams.cl\CL_MLP_PAO\Vuelos_Drone_Sin_Procesar\INPUT\20260206_Geosupport_primera entrega\SOLO_JPG_02Jun26\GEOSP-TRN-002140\GS_AFD+ORTOFOTO_EB2_13-03-26\DJI_20260313120243_0010_V.JPG,SOLO_JPG_02Jun26\GEOSP-TRN-002140\GS_AFD+ORTOFOTO_EB2_13-03-26\DJI_20260313120243_0010_V.JPG,1.114,2026-06-11 11:01:28,\\amssclgis10.ams.gmams.cl\cl_mlp_pao\vuelos_drone_sin_procesar\input\20260206_geosupport_primera entrega\solo_jpg_02jun26\geosp-trn-002140\gs_afd+ortofoto_eb2_13-03-26\dji_20260313120243_0010_v.jpg,False
DJI_20260313120245_0011_V.JPG,DJI_20260313120245_0011_V,.jpg,\\amssclgis10.ams.gmams.cl\CL_MLP_PAO\Vuelos_Drone_Sin_Procesar\INPUT\20260206_Geosupport_primera entrega\SOLO_JPG_02Jun26\GEOSP-TRN-002140\GS_AFD+ORTOFOTO_EB2_13-03-26\DJI_20260313120245_0011_V.JPG,SOLO_JPG_02Jun26\GEOSP-TRN-002140\GS_AFD+ORTOFOTO_EB2_13-03-26\DJI_20260313120245_0011_V.JPG,1.091,2026-06-11 11:01:29,\\amssclgis10.ams.gmams.cl\cl_mlp_pao\vuelos_drone_sin_procesar\input\20260206_geosupport_primera entrega\solo_jpg_02jun26\geosp-trn-002140\gs_afd+ortofoto_eb2_13-03-26\dji_20260313120245_0011_v.jpg,False
DJI_20260313120254_0012_V.JPG,DJI_20260313120254_0012_V,.jpg,\\amssclgis10.ams.gmams.cl\CL_MLP_PAO\Vuelos_Drone_Sin_Procesar\INPUT\20260206_Geosupport_primera entrega\SOLO_JPG_02Jun26\GEOSP-TRN-002140\GS_AFD+ORTOFOTO_EB2_13-03-26\DJI_20260313120254_0012_V.JPG,SOLO_JPG_02Jun26\GEOSP-TRN-002140\GS_AFD+ORTOFOTO_EB2_13-03-26\DJI_20260313120254_0012_V.JPG,1.122,2026-06-11 11:01:29,\\amssclgis10.ams.gmams.cl\cl_mlp_pao\vuelos_drone_sin_procesar\input\20260206_geosupport_primera entrega\solo_jpg_02jun26\geosp-trn-002140\gs_afd+ortofoto_eb2_13-03-26\dji_20260313120254_0012_v.jpg,False
DJI_20260313120258_0013_V.JPG,DJI_20260313120258_0013_V,.jpg,\\amssclgis10.ams.gmams.cl\CL_MLP_PAO\Vuelos_Drone_Sin_Procesar\INPUT\20260206_Geosupport_primera entrega\SOLO_JPG_02Jun26\GEOSP-TRN-002140\GS_AFD+ORTOFOTO_EB2_13-03-26\DJI_20260313120258_0013_V.JPG,SOLO_JPG_02Jun26\GEOSP-TRN-002140\GS_AFD+ORTOFOTO_EB2_13-03-26\DJI_20260313120258_0013_V.JPG,1.117,2026-06-11 11:01:29,\\amssclgis10.ams.gmams.cl\cl_mlp_pao\vuelos_drone_sin_procesar\input\20260206_geosupport_primera entrega\solo_jpg_02jun26\geosp-trn-002140\gs_afd+ortofoto_eb2_13-03-26\dji_20260313120258_0013_v.jpg,False
DJI_20260313120300_0014_V.JPG,DJI_20260313120300_0014_V,.jpg,\\amssclgis10.ams.gmams.cl\CL_MLP_PAO\Vuelos_Drone_Sin_Procesar\INPUT\20260206_Geosupport_primera entrega\SOLO_JPG_02Jun26\GEOSP-TRN-002140\GS_AFD+ORTOFOTO_EB2_13-03-26\DJI_20260313120300_0014_V.JPG,SOLO_JPG_02Jun26\GEOSP-TRN-002140\GS_AFD+ORTOFOTO_EB2_13-03-26\DJI_20260313120300_0014_V.JPG,1.123,2026-06-11 11:01:29,\\amssclgis10.ams.gmams.cl\cl_mlp_pao\vuelos_drone_sin_procesar\input\20260206_geosupport_primera entrega\solo_jpg_02jun26\geosp-trn-002140\gs_afd+ortofoto_eb2_13-03-26\dji_20260313120300_0014_v.jpg,False
DJI_20260313120416_0016_V.JPG,DJI_20260313120416_0016_V,.jpg,\\amssclgis10.ams.gmams.cl\CL_MLP_PAO\Vuelos_Drone_Sin_Procesar\INPUT\20260206_Geosupport_primera entrega\SOLO_JPG_02Jun26\GEOSP-TRN-002140\GS_AFD+ORTOFOTO_EB2_13-03-26\DJI_20260313120416_0016_V.JPG,SOLO_JPG_02Jun26\GEOSP-TRN-002140\GS_AFD+ORTOFOTO_EB2_13-03-26\DJI_20260313120416_0016_V.JPG,1.037,2026-06-11 11:01:30,\\amssclgis10.ams.gmams.cl\cl_mlp_pao\vuelos_drone_sin_procesar\input\20260206_geosupport_primera entrega\solo_jpg_02jun26\geosp-trn-002140\gs_afd+ortofoto_eb2_13-03-26\dji_20260313120416_0016_v.jpg,False
DJI_20260313120426_0017_V.JPG,DJI_20260313120426_0017_V,.jpg,\\amssclgis10.ams.gmams.cl\CL_MLP_PAO\Vuelos_Drone_Sin_Procesar\INPUT\20260206_Geosupport_primera entrega\SOLO_JPG_02Jun26\GEOSP-TRN-002140\GS_AFD+ORTOFOTO_EB2_13-03-26\DJI_20260313120426_0017_V.JPG,SOLO_JPG_02Jun26\GEOSP-TRN-002140\GS_AFD+ORTOFOTO_EB2_13-03-26\DJI_20260313120426_0017_V.JPG,1.043,2026-06-11 11:01:30,\\amssclgis10.ams.gmams.cl\cl_mlp_pao\vuelos_drone_sin_procesar\input\20260206_geosupport_primera entrega\solo_jpg_02jun26\geosp-trn-002140\gs_afd+ortofoto_eb2_13-03-26\dji_20260313120426_0017_v.jpg,False
DJI_20260322114522_0002_V.JPG,DJI_20260322114522_0002_V,.jpg,\\amssclgis10.ams.gmams.cl\CL_MLP_PAO\Vuelos_Drone_Sin_Procesar\INPUT\20260206_Geosupport_primera entrega\SOLO_JPG_02Jun26\GEOSP-TRN-002200\DJI_202603221138_027\DJI_20260322114522_0002_V.JPG,SOLO_JPG_02Jun26\GEOSP-TRN-002200\DJI_202603221138_027\DJI_20260322114522_0002_V.JPG,0.721,2026-06-11 11:01:30,\\amssclgis10.ams.gmams.cl\cl_mlp_pao\vuelos_drone_sin_procesar\input\20260206_geosupport_primera entrega\solo_jpg_02jun26\geosp-trn-002200\dji_202603221138_027\dji_20260322114522_0002_v.jpg,False
DJI_20260322114532_0004_V.JPG,DJI_20260322114532_0004_V,.jpg,\\amssclgis10.ams.gmams.cl\CL_MLP_PAO\Vuelos_Drone_Sin_Procesar\INPUT\20260206_Geosupport_primera entrega\SOLO_JPG_02Jun26\GEOSP-TRN-002200\DJI_202603221138_027\DJI_20260322114532_0004_V.JPG,SOLO_JPG_02Jun26\GEOSP-TRN-002200\DJI_202603221138_027\DJI_20260322114532_0004_V.JPG,0.703,2026-06-11 11:01:30,\\amssclgis10.ams.gmams.cl\cl_mlp_pao\vuelos_drone_sin_procesar\input\20260206_geosupport_primera entrega\solo_jpg_02jun26\geosp-trn-002200\dji_202603221138_027\dji_20260322114532_0004_v.jpg,False
DJI_20260322114536_0005_V.JPG,DJI_20260322114536_0005_V,.jpg,\\amssclgis10.ams.gmams.cl\CL_MLP_PAO\Vuelos_Drone_Sin_Procesar\INPUT\20260206_Geosupport_primera entrega\SOLO_JPG_02Jun26\GEOSP-TRN-002200\DJI_202603221138_027\DJI_20260322114536_0005_V.JPG,SOLO_JPG_02Jun26\GEOSP-TRN-002200\DJI_202603221138_027\DJI_20260322114536_0005_V.JPG,0.703,2026-06-11 11:01:30,\\amssclgis10.ams.gmams.cl\cl_mlp_pao\vuelos_drone_sin_procesar\input\20260206_geosupport_primera entrega\solo_jpg_02jun26\geosp-trn-002200\dji_202603221138_027\dji_20260322114536_0005_v.jpg,False
DJI_20260322114546_0006_V.JPG,DJI_20260322114546_0006_V,.jpg,\\amssclgis10.ams.gmams.cl\CL_MLP_PAO\Vuelos_Drone_Sin_Procesar\INPUT\20260206_Geosupport_primera entrega\SOLO_JPG_02Jun26\GEOSP-TRN-002200\DJI_202603221138_027\DJI_20260322114546_0006_V.JPG,SOLO_JPG_02Jun26\GEOSP-TRN-002200\DJI_202603221138_027\DJI_20260322114546_0006_V.JPG,0.704,2026-06-11 11:01:31,\\amssclgis10.ams.gmams.cl\cl_mlp_pao\vuelos_drone_sin_procesar\input\20260206_geosupport_primera entrega\solo_jpg_02jun26\geosp-trn-002200\dji_202603221138_027\dji_20260322114546_0006_v.jpg,False
DJI_20260322114558_0007_V.JPG,DJI_20260322114558_0007_V,.jpg,\\amssclgis10.ams.gmams.cl\CL_MLP_PAO\Vuelos_Drone_Sin_Procesar\INPUT\20260206_Geosupport_primera entrega\SOLO_JPG_02Jun26\GEOSP-TRN-002200\DJI_202603221138_027\DJI_20260322114558_0007_V.JPG,SOLO_JPG_02Jun26\GEOSP-TRN-002200\DJI_202603221138_027\DJI_20260322114558_0007_V.JPG,0.701,2026-06-11 11:01:31,\\amssclgis10.ams.gmams.cl\cl_mlp_pao\vuelos_drone_sin_procesar\input\20260206_geosupport_primera entrega\solo_jpg_02jun26\geosp-trn-002200\dji_202603221138_027\dji_20260322114558_0007_v.jpg,False
DJI_20260322114609_0008_V.JPG,DJI_20260322114609_0008_V,.jpg,\\amssclgis10.ams.gmams.cl\CL_MLP_PAO\Vuelos_Drone_Sin_Procesar\INPUT\20260206_Geosupport_primera entrega\SOLO_JPG_02Jun26\GEOSP-TRN-002200\DJI_202603221138_027\DJI_20260322114609_0008_V.JPG,SOLO_JPG_02Jun26\GEOSP-TRN-002200\DJI_202603221138_027\DJI_20260322114609_0008_V.JPG,0.69,2026-06-11 11:01:31,\\amssclgis10.ams.gmams.cl\cl_mlp_pao\vuelos_drone_sin_procesar\input\20260206_geosupport_primera entrega\solo_jpg_02jun26\geosp-trn-002200\dji_202603221138_027\dji_20260322114609_0008_v.jpg,False
DJI_20260322114614_0009_V.JPG,DJI_20260322114614_0009_V,.jpg,\\amssclgis10.ams.gmams.cl\CL_MLP_PAO\Vuelos_Drone_Sin_Procesar\INPUT\20260206_Geosupport_primera entrega\SOLO_JPG_02Jun26\GEOSP-TRN-002200\DJI_202603221138_027\DJI_20260322114614_0009_V.JPG,SOLO_JPG_02Jun26\GEOSP-TRN-002200\DJI_202603221138_027\DJI_20260322114614_0009_V.JPG,0.698,2026-06-11 11:01:31,\\amssclgis10.ams.gmams.cl\cl_mlp_pao\vuelos_drone_sin_procesar\input\20260206_geosupport_primera entrega\solo_jpg_02jun26\geosp-trn-002200\dji_202603221138_027\dji_20260322114614_0009_v.jpg,False
DJI_20260322114618_0010_V.JPG,DJI_20260322114618_0010_V,.jpg,\\amssclgis10.ams.gmams.cl\CL_MLP_PAO\Vuelos_Drone_Sin_Procesar\INPUT\20260206_Geosupport_primera entrega\SOLO_JPG_02Jun26\GEOSP-TRN-002200\DJI_202603221138_027\DJI_20260322114618_0010_V.JPG,SOLO_JPG_02Jun26\GEOSP-TRN-002200\DJI_202603221138_027\DJI_20260322114618_0010_V.JPG,0.701,2026-06-11 11:01:31,\\amssclgis10.ams.gmams.cl\cl_mlp_pao\vuelos_drone_sin_procesar\input\20260206_geosupport_primera entrega\solo_jpg_02jun26\geosp-trn-002200\dji_202603221138_027\dji_20260322114618_0010_v.jpg,False
DJI_20260322114621_0011_V.JPG,DJI_20260322114621_0011_V,.jpg,\\amssclgis10.ams.gmams.cl\CL_MLP_PAO\Vuelos_Drone_Sin_Procesar\INPUT\20260206_Geosupport_primera entrega\SOLO_JPG_02Jun26\GEOSP-TRN-002200\DJI_202603221138_027\DJI_20260322114621_0011_V.JPG,SOLO_JPG_02Jun26\GEOSP-TRN-002200\DJI_202603221138_027\DJI_20260322114621_0011_V.JPG,0.69,2026-06-11 11:01:31,\\amssclgis10.ams.gmams.cl\cl_mlp_pao\vuelos_drone_sin_procesar\input\20260206_geosupport_primera entrega\solo_jpg_02jun26\geosp-trn-002200\dji_202603221138_027\dji_20260322114621_0011_v.jpg,False
DJI_20260322114624_0012_V.JPG,DJI_20260322114624_0012_V,.jpg,\\amssclgis10.ams.gmams.cl\CL_MLP_PAO\Vuelos_Drone_Sin_Procesar\INPUT\20260206_Geosupport_primera entrega\SOLO_JPG_02Jun26\GEOSP-TRN-002200\DJI_202603221138_027\DJI_20260322114624_0012_V.JPG,SOLO_JPG_02Jun26\GEOSP-TRN-002200\DJI_202603221138_027\DJI_20260322114624_0012_V.JPG,0.701,2026-06-11 11:01:31,\\amssclgis10.ams.gmams.cl\cl_mlp_pao\vuelos_drone_sin_procesar\input\20260206_geosupport_primera entrega\solo_jpg_02jun26\geosp-trn-002200\dji_202603221138_027\dji_20260322114624_0012_v.jpg,False
DJI_20260322114630_0013_V.JPG,DJI_20260322114630_0013_V,.jpg,\\amssclgis10.ams.gmams.cl\CL_MLP_PAO\Vuelos_Drone_Sin_Procesar\INPUT\20260206_Geosupport_primera entrega\SOLO_JPG_02Jun26\GEOSP-TRN-002200\DJI_202603221138_027\DJI_20260322114630_0013_V.JPG,SOLO_JPG_02Jun26\GEOSP-TRN-002200\DJI_202603221138_027\DJI_20260322114630_0013_V.JPG,0.71,2026-06-11 11:01:31,\\amssclgis10.ams.gmams.cl\cl_mlp_pao\vuelos_drone_sin_procesar\input\20260206_geosupport_primera entrega\solo_jpg_02jun26\geosp-trn-002200\dji_202603221138_027\dji_20260322114630_0013_v.jpg,False
DJI_20260322114641_0014_V.JPG,DJI_20260322114641_0014_V,.jpg,\\amssclgis10.ams.gmams.cl\CL_MLP_PAO\Vuelos_Drone_Sin_Procesar\INPUT\20260206_Geosupport_primera entrega\SOLO_JPG_02Jun26\GEOSP-TRN-002200\DJI_202603221138_027\DJI_20260322114641_0014_V.JPG,SOLO_JPG_02Jun26\GEOSP-TRN-002200\DJI_202603221138_027\DJI_20260322114641_0014_V.JPG,0.697,2026-06-11 11:01:32,\\amssclgis10.ams.gmams.cl\cl_mlp_pao\vuelos_drone_sin_procesar\input\20260206_geosupport_primera entrega\solo_jpg_02jun26\geosp-trn-002200\dji_202603221138_027\dji_20260322114641_0014_v.jpg,False
DJI_20260322114645_0015_V.JPG,DJI_20260322114645_0015_V,.jpg,\\amssclgis10.ams.gmams.cl\CL_MLP_PAO\Vuelos_Drone_Sin_Procesar\INPUT\20260206_Geosupport_primera entrega\SOLO_JPG_02Jun26\GEOSP-TRN-002200\DJI_202603221138_027\DJI_20260322114645_0015_V.JPG,SOLO_JPG_02Jun26\GEOSP-TRN-002200\DJI_202603221138_027\DJI_20260322114645_0015_V.JPG,0.69,2026-06-11 11:01:32,\\amssclgis10.ams.gmams.cl\cl_mlp_pao\vuelos_drone_sin_procesar\input\20260206_geosupport_primera entrega\solo_jpg_02jun26\geosp-trn-002200\dji_202603221138_027\dji_20260322114645_0015_v.jpg,False
DJI_20260322114712_0016_V.JPG,DJI_20260322114712_0016_V,.jpg,\\amssclgis10.ams.gmams.cl\CL_MLP_PAO\Vuelos_Drone_Sin_Procesar\INPUT\20260206_Geosupport_primera entrega\SOLO_JPG_02Jun26\GEOSP-TRN-002200\DJI_202603221138_027\DJI_20260322114712_0016_V.JPG,SOLO_JPG_02Jun26\GEOSP-TRN-002200\DJI_202603221138_027\DJI_20260322114712_0016_V.JPG,0.791,2026-06-11 11:01:32,\\amssclgis10.ams.gmams.cl\cl_mlp_pao\vuelos_drone_sin_procesar\input\20260206_geosupport_primera entrega\solo_jpg_02jun26\geosp-trn-002200\dji_202603221138_027\dji_20260322114712_0016_v.jpg,False
DJI_20260322114729_0017_V.JPG,DJI_20260322114729_0017_V,.jpg,\\amssclgis10.ams.gmams.cl\CL_MLP_PAO\Vuelos_Drone_Sin_Procesar\INPUT\20260206_Geosupport_primera entrega\SOLO_JPG_02Jun26\GEOSP-TRN-002200\DJI_202603221138_027\DJI_20260322114729_0017_V.JPG,SOLO_JPG_02Jun26\GEOSP-TRN-002200\DJI_202603221138_027\DJI_20260322114729_0017_V.JPG,0.713,2026-06-11 11:01:32,\\amssclgis10.ams.gmams.cl\cl_mlp_pao\vuelos_drone_sin_procesar\input\20260206_geosupport_primera entrega\solo_jpg_02jun26\geosp-trn-002200\dji_202603221138_027\dji_20260322114729_0017_v.jpg,False
DJI_20260322114743_0018_V.JPG,DJI_20260322114743_0018_V,.jpg,\\amssclgis10.ams.gmams.cl\CL_MLP_PAO\Vuelos_Drone_Sin_Procesar\INPUT\20260206_Geosupport_primera entrega\SOLO_JPG_02Jun26\GEOSP-TRN-002200\DJI_202603221138_027\DJI_20260322114743_0018_V.JPG,SOLO_JPG_02Jun26\GEOSP-TRN-002200\DJI_202603221138_027\DJI_20260322114743_0018_V.JPG,0.92,2026-06-11 11:01:32,\\amssclgis10.ams.gmams.cl\cl_mlp_pao\vuelos_drone_sin_procesar\input\20260206_geosupport_primera entrega\solo_jpg_02jun26\geosp-trn-002200\dji_202603221138_027\dji_20260322114743_0018_v.jpg,False
DJI_20260322114748_0019_V.JPG,DJI_20260322114748_0019_V,.jpg,\\amssclgis10.ams.gmams.cl\CL_MLP_PAO\Vuelos_Drone_Sin_Procesar\INPUT\20260206_Geosupport_primera entrega\SOLO_JPG_02Jun26\GEOSP-TRN-002200\DJI_202603221138_027\DJI_20260322114748_0019_V.JPG,SOLO_JPG_02Jun26\GEOSP-TRN-002200\DJI_202603221138_027\DJI_20260322114748_0019_V.JPG,0.962,2026-06-11 11:01:32,\\amssclgis10.ams.gmams.cl\cl_mlp_pao\vuelos_drone_sin_procesar\input\20260206_geosupport_primera entrega\solo_jpg_02jun26\geosp-trn-002200\dji_202603221138_027\dji_20260322114748_0019_v.jpg,False
DJI_20260322114803_0020_V.JPG,DJI_20260322114803_0020_V,.jpg,\\amssclgis10.ams.gmams.cl\CL_MLP_PAO\Vuelos_Drone_Sin_Procesar\INPUT\20260206_Geosupport_primera entrega\SOLO_JPG_02Jun26\GEOSP-TRN-002200\DJI_202603221138_027\DJI_20260322114803_0020_V.JPG,SOLO_JPG_02Jun26\GEOSP-TRN-002200\DJI_202603221138_027\DJI_20260322114803_0020_V.JPG,0.672,2026-06-11 11:01:33,\\amssclgis10.ams.gmams.cl\cl_mlp_pao\vuelos_drone_sin_procesar\input\20260206_geosupport_primera entrega\solo_jpg_02jun26\geosp-trn-002200\dji_202603221138_027\dji_20260322114803_0020_v.jpg,False
DJI_20260322114812_0021_V.JPG,DJI_20260322114812_0021_V,.jpg,\\amssclgis10.ams.gmams.cl\CL_MLP_PAO\Vuelos_Drone_Sin_Procesar\INPUT\20260206_Geosupport_primera entrega\SOLO_JPG_02Jun26\GEOSP-TRN-002200\DJI_202603221138_027\DJI_20260322114812_0021_V.JPG,SOLO_JPG_02Jun26\GEOSP-TRN-002200\DJI_202603221138_027\DJI_20260322114812_0021_V.JPG,0.641,2026-06-11 11:01:33,\\amssclgis10.ams.gmams.cl\cl_mlp_pao\vuelos_drone_sin_procesar\input\20260206_geosupport_primera entrega\solo_jpg_02jun26\geosp-trn-002200\dji_202603221138_027\dji_20260322114812_0021_v.jpg,False
DJI_20260322114839_0022_V.JPG,DJI_20260322114839_0022_V,.jpg,\\amssclgis10.ams.gmams.cl\CL_MLP_PAO\Vuelos_Drone_Sin_Procesar\INPUT\20260206_Geosupport_primera entrega\SOLO_JPG_02Jun26\GEOSP-TRN-002200\DJI_202603221138_027\DJI_20260322114839_0022_V.JPG,SOLO_JPG_02Jun26\GEOSP-TRN-002200\DJI_202603221138_027\DJI_20260322114839_0022_V.JPG,0.888,2026-06-11 11:01:33,\\amssclgis10.ams.gmams.cl\cl_mlp_pao\vuelos_drone_sin_procesar\input\20260206_geosupport_primera entrega\solo_jpg_02jun26\geosp-trn-002200\dji_202603221138_027\dji_20260322114839_0022_v.jpg,False
DJI_20260322114856_0023_V.JPG,DJI_20260322114856_0023_V,.jpg,\\amssclgis10.ams.gmams.cl\CL_MLP_PAO\Vuelos_Drone_Sin_Procesar\INPUT\20260206_Geosupport_primera entrega\SOLO_JPG_02Jun26\GEOSP-TRN-002200\DJI_202603221138_027\DJI_20260322114856_0023_V.JPG,SOLO_JPG_02Jun26\GEOSP-TRN-002200\DJI_202603221138_027\DJI_20260322114856_0023_V.JPG,0.765,2026-06-11 11:01:33,\\amssclgis10.ams.gmams.cl\cl_mlp_pao\vuelos_drone_sin_procesar\input\20260206_geosupport_primera entrega\solo_jpg_02jun26\geosp-trn-002200\dji_202603221138_027\dji_20260322114856_0023_v.jpg,False
DJI_20260322114906_0024_V.JPG,DJI_20260322114906_0024_V,.jpg,\\amssclgis10.ams.gmams.cl\CL_MLP_PAO\Vuelos_Drone_Sin_Procesar\INPUT\20260206_Geosupport_primera entrega\SOLO_JPG_02Jun26\GEOSP-TRN-002200\DJI_202603221138_027\DJI_20260322114906_0024_V.JPG,SOLO_JPG_02Jun26\GEOSP-TRN-002200\DJI_202603221138_027\DJI_20260322114906_0024_V.JPG,0.725,2026-06-11 11:01:34,\\amssclgis10.ams.gmams.cl\cl_mlp_pao\vuelos_drone_sin_procesar\input\20260206_geosupport_primera entrega\solo_jpg_02jun26\geosp-trn-002200\dji_202603221138_027\dji_20260322114906_0024_v.jpg,False
DJI_20260322114910_0025_V.JPG,DJI_20260322114910_0025_V,.jpg,\\amssclgis10.ams.gmams.cl\CL_MLP_PAO\Vuelos_Drone_Sin_Procesar\INPUT\20260206_Geosupport_primera entrega\SOLO_JPG_02Jun26\GEOSP-TRN-002200\DJI_202603221138_027\DJI_20260322114910_0025_V.JPG,SOLO_JPG_02Jun26\GEOSP-TRN-002200\DJI_202603221138_027\DJI_20260322114910_0025_V.JPG,0.812,2026-06-11 11:01:34,\\amssclgis10.ams.gmams.cl\cl_mlp_pao\vuelos_drone_sin_procesar\input\20260206_geosupport_primera entrega\solo_jpg_02jun26\geosp-trn-002200\dji_202603221138_027\dji_20260322114910_0025_v.jpg,False
DJI_20260322114939_0026_V.JPG,DJI_20260322114939_0026_V,.jpg,\\amssclgis10.ams.gmams.cl\CL_MLP_PAO\Vuelos_Drone_Sin_Procesar\INPUT\20260206_Geosupport_primera entrega\SOLO_JPG_02Jun26\GEOSP-TRN-002200\DJI_202603221138_027\DJI_20260322114939_0026_V.JPG,SOLO_JPG_02Jun26\GEOSP-TRN-002200\DJI_202603221138_027\DJI_20260322114939_0026_V.JPG,0.964,2026-06-11 11:01:34,\\amssclgis10.ams.gmams.cl\cl_mlp_pao\vuelos_drone_sin_procesar\input\20260206_geosupport_primera entrega\solo_jpg_02jun26\geosp-trn-002200\dji_202603221138_027\dji_20260322114939_0026_v.jpg,False
DJI_20260322114958_0027_V.JPG,DJI_20260322114958_0027_V,.jpg,\\amssclgis10.ams.gmams.cl\CL_MLP_PAO\Vuelos_Drone_Sin_Procesar\INPUT\20260206_Geosupport_primera entrega\SOLO_JPG_02Jun26\GEOSP-TRN-002200\DJI_202603221138_027\DJI_20260322114958_0027_V.JPG,SOLO_JPG_02Jun26\GEOSP-TRN-002200\DJI_202603221138_027\DJI_20260322114958_0027_V.JPG,0.929,2026-06-11 11:01:34,\\amssclgis10.ams.gmams.cl\cl_mlp_pao\vuelos_drone_sin_procesar\input\20260206_geosupport_primera entrega\solo_jpg_02jun26\geosp-trn-002200\dji_202603221138_027\dji_20260322114958_0027_v.jpg,False
DJI_20260322115006_0028_V.JPG,DJI_20260322115006_0028_V,.jpg,\\amssclgis10.ams.gmams.cl\CL_MLP_PAO\Vuelos_Drone_Sin_Procesar\INPUT\20260206_Geosupport_primera entrega\SOLO_JPG_02Jun26\GEOSP-TRN-002200\DJI_202603221138_027\DJI_20260322115006_0028_V.JPG,SOLO_JPG_02Jun26\GEOSP-TRN-002200\DJI_202603221138_027\DJI_20260322115006_0028_V.JPG,0.75,2026-06-11 11:01:34,\\amssclgis10.ams.gmams.cl\cl_mlp_pao\vuelos_drone_sin_procesar\input\20260206_geosupport_primera entrega\solo_jpg_02jun26\geosp-trn-002200\dji_202603221138_027\dji_20260322115006_0028_v.jpg,False
DJI_20260322115020_0029_V.JPG,DJI_20260322115020_0029_V,.jpg,\\amssclgis10.ams.gmams.cl\CL_MLP_PAO\Vuelos_Drone_Sin_Procesar\INPUT\20260206_Geosupport_primera entrega\SOLO_JPG_02Jun26\GEOSP-TRN-002200\DJI_202603221138_027\DJI_20260322115020_0029_V.JPG,SOLO_JPG_02Jun26\GEOSP-TRN-002200\DJI_202603221138_027\DJI_20260322115020_0029_V.JPG,0.771,2026-06-11 11:01:34,\\amssclgis10.ams.gmams.cl\cl_mlp_pao\vuelos_drone_sin_procesar\input\20260206_geosupport_primera entrega\solo_jpg_02jun26\geosp-trn-002200\dji_202603221138_027\dji_20260322115020_0029_v.jpg,False
DJI_20260322115112_0030_V.JPG,DJI_20260322115112_0030_V,.jpg,\\amssclgis10.ams.gmams.cl\CL_MLP_PAO\Vuelos_Drone_Sin_Procesar\INPUT\20260206_Geosupport_primera entrega\SOLO_JPG_02Jun26\GEOSP-TRN-002200\DJI_202603221138_027\DJI_20260322115112_0030_V.JPG,SOLO_JPG_02Jun26\GEOSP-TRN-002200\DJI_202603221138_027\DJI_20260322115112_0030_V.JPG,0.734,2026-06-11 11:01:35,\\amssclgis10.ams.gmams.cl\cl_mlp_pao\vuelos_drone_sin_procesar\input\20260206_geosupport_primera entrega\solo_jpg_02jun26\geosp-trn-002200\dji_202603221138_027\dji_20260322115112_0030_v.jpg,False
DJI_20260327180111_0001_V.JPG,DJI_20260327180111_0001_V,.jpg,\\amssclgis10.ams.gmams.cl\CL_MLP_PAO\Vuelos_Drone_Sin_Procesar\INPUT\20260206_Geosupport_primera entrega\SOLO_JPG_02Jun26\GEOSP-TRN-002235\GS_AFD+ORTOFOTO_EB2_27-03-26\DJI_20260327180111_0001_V.JPG,SOLO_JPG_02Jun26\GEOSP-TRN-002235\GS_AFD+ORTOFOTO_EB2_27-03-26\DJI_20260327180111_0001_V.JPG,1.26,2026-06-11 11:01:35,\\amssclgis10.ams.gmams.cl\cl_mlp_pao\vuelos_drone_sin_procesar\input\20260206_geosupport_primera entrega\solo_jpg_02jun26\geosp-trn-002235\gs_afd+ortofoto_eb2_27-03-26\dji_20260327180111_0001_v.jpg,False
DJI_20260327180139_0003_V.JPG,DJI_20260327180139_0003_V,.jpg,\\amssclgis10.ams.gmams.cl\CL_MLP_PAO\Vuelos_Drone_Sin_Procesar\INPUT\20260206_Geosupport_primera entrega\SOLO_JPG_02Jun26\GEOSP-TRN-002235\GS_AFD+ORTOFOTO_EB2_27-03-26\DJI_20260327180139_0003_V.JPG,SOLO_JPG_02Jun26\GEOSP-TRN-002235\GS_AFD+ORTOFOTO_EB2_27-03-26\DJI_20260327180139_0003_V.JPG,1.09,2026-06-11 11:01:35,\\amssclgis10.ams.gmams.cl\cl_mlp_pao\vuelos_drone_sin_procesar\input\20260206_geosupport_primera entrega\solo_jpg_02jun26\geosp-trn-002235\gs_afd+ortofoto_eb2_27-03-26\dji_20260327180139_0003_v.jpg,False
DJI_20260327180149_0004_V.JPG,DJI_20260327180149_0004_V,.jpg,\\amssclgis10.ams.gmams.cl\CL_MLP_PAO\Vuelos_Drone_Sin_Procesar\INPUT\20260206_Geosupport_primera entrega\SOLO_JPG_02Jun26\GEOSP-TRN-002235\GS_AFD+ORTOFOTO_EB2_27-03-26\DJI_20260327180149_0004_V.JPG,SOLO_JPG_02Jun26\GEOSP-TRN-002235\GS_AFD+ORTOFOTO_EB2_27-03-26\DJI_20260327180149_0004_V.JPG,1.059,2026-06-11 11:01:35,\\amssclgis10.ams.gmams.cl\cl_mlp_pao\vuelos_drone_sin_procesar\input\20260206_geosupport_primera entrega\solo_jpg_02jun26\geosp-trn-002235\gs_afd+ortofoto_eb2_27-03-26\dji_20260327180149_0004_v.jpg,False
DJI_20260327180228_0005_V.JPG,DJI_20260327180228_0005_V,.jpg,\\amssclgis10.ams.gmams.cl\CL_MLP_PAO\Vuelos_Drone_Sin_Procesar\INPUT\20260206_Geosupport_primera entrega\SOLO_JPG_02Jun26\GEOSP-TRN-002235\GS_AFD+ORTOFOTO_EB2_27-03-26\DJI_20260327180228_0005_V.JPG,SOLO_JPG_02Jun26\GEOSP-TRN-002235\GS_AFD+ORTOFOTO_EB2_27-03-26\DJI_20260327180228_0005_V.JPG,1.276,2026-06-11 11:01:36,\\amssclgis10.ams.gmams.cl\cl_mlp_pao\vuelos_drone_sin_procesar\input\20260206_geosupport_primera entrega\solo_jpg_02jun26\geosp-trn-002235\gs_afd+ortofoto_eb2_27-03-26\dji_20260327180228_0005_v.jpg,False
DJI_20260327180239_0006_V.JPG,DJI_20260327180239_0006_V,.jpg,\\amssclgis10.ams.gmams.cl\CL_MLP_PAO\Vuelos_Drone_Sin_Procesar\INPUT\20260206_Geosupport_primera entrega\SOLO_JPG_02Jun26\GEOSP-TRN-002235\GS_AFD+ORTOFOTO_EB2_27-03-26\DJI_20260327180239_0006_V.JPG,SOLO_JPG_02Jun26\GEOSP-TRN-002235\GS_AFD+ORTOFOTO_EB2_27-03-26\DJI_20260327180239_0006_V.JPG,1.158,2026-06-11 11:01:36,\\amssclgis10.ams.gmams.cl\cl_mlp_pao\vuelos_drone_sin_procesar\input\20260206_geosupport_primera entrega\solo_jpg_02jun26\geosp-trn-002235\gs_afd+ortofoto_eb2_27-03-26\dji_20260327180239_0006_v.jpg,False
DJI_20260327180306_0007_V.JPG,DJI_20260327180306_0007_V,.jpg,\\amssclgis10.ams.gmams.cl\CL_MLP_PAO\Vuelos_Drone_Sin_Procesar\INPUT\20260206_Geosupport_primera entrega\SOLO_JPG_02Jun26\GEOSP-TRN-002235\GS_AFD+ORTOFOTO_EB2_27-03-26\DJI_20260327180306_0007_V.JPG,SOLO_JPG_02Jun26\GEOSP-TRN-002235\GS_AFD+ORTOFOTO_EB2_27-03-26\DJI_20260327180306_0007_V.JPG,0.79,2026-06-11 11:01:36,\\amssclgis10.ams.gmams.cl\cl_mlp_pao\vuelos_drone_sin_procesar\input\20260206_geosupport_primera entrega\solo_jpg_02jun26\geosp-trn-002235\gs_afd+ortofoto_eb2_27-03-26\dji_20260327180306_0007_v.jpg,False
DJI_20260327180323_0008_V.JPG,DJI_20260327180323_0008_V,.jpg,\\amssclgis10.ams.gmams.cl\CL_MLP_PAO\Vuelos_Drone_Sin_Procesar\INPUT\20260206_Geosupport_primera entrega\SOLO_JPG_02Jun26\GEOSP-TRN-002235\GS_AFD+ORTOFOTO_EB2_27-03-26\DJI_20260327180323_0008_V.JPG,SOLO_JPG_02Jun26\GEOSP-TRN-002235\GS_AFD+ORTOFOTO_EB2_27-03-26\DJI_20260327180323_0008_V.JPG,1.248,2026-06-11 11:01:36,\\amssclgis10.ams.gmams.cl\cl_mlp_pao\vuelos_drone_sin_procesar\input\20260206_geosupport_primera entrega\solo_jpg_02jun26\geosp-trn-002235\gs_afd+ortofoto_eb2_27-03-26\dji_20260327180323_0008_v.jpg,False
DJI_20260327180345_0009_V.JPG,DJI_20260327180345_0009_V,.jpg,\\amssclgis10.ams.gmams.cl\CL_MLP_PAO\Vuelos_Drone_Sin_Procesar\INPUT\20260206_Geosupport_primera entrega\SOLO_JPG_02Jun26\GEOSP-TRN-002235\GS_AFD+ORTOFOTO_EB2_27-03-26\DJI_20260327180345_0009_V.JPG,SOLO_JPG_02Jun26\GEOSP-TRN-002235\GS_AFD+ORTOFOTO_EB2_27-03-26\DJI_20260327180345_0009_V.JPG,0.928,2026-06-11 11:01:37,\\amssclgis10.ams.gmams.cl\cl_mlp_pao\vuelos_drone_sin_procesar\input\20260206_geosupport_primera entrega\solo_jpg_02jun26\geosp-trn-002235\gs_afd+ortofoto_eb2_27-03-26\dji_20260327180345_0009_v.jpg,False
DJI_20260327180350_0010_V.JPG,DJI_20260327180350_0010_V,.jpg,\\amssclgis10.ams.gmams.cl\CL_MLP_PAO\Vuelos_Drone_Sin_Procesar\INPUT\20260206_Geosupport_primera entrega\SOLO_JPG_02Jun26\GEOSP-TRN-002235\GS_AFD+ORTOFOTO_EB2_27-03-26\DJI_20260327180350_0010_V.JPG,SOLO_JPG_02Jun26\GEOSP-TRN-002235\GS_AFD+ORTOFOTO_EB2_27-03-26\DJI_20260327180350_0010_V.JPG,1.166,2026-06-11 11:01:37,\\amssclgis10.ams.gmams.cl\cl_mlp_pao\vuelos_drone_sin_procesar\input\20260206_geosupport_primera entrega\solo_jpg_02jun26\geosp-trn-002235\gs_afd+ortofoto_eb2_27-03-26\dji_20260327180350_0010_v.jpg,False
DJI_20260404101332_0001_V.JPG,DJI_20260404101332_0001_V,.jpg,\\amssclgis10.ams.gmams.cl\CL_MLP_PAO\Vuelos_Drone_Sin_Procesar\INPUT\20260206_Geosupport_primera entrega\SOLO_JPG_02Jun26\GEOSP-TRN-002300\DJI_202604041007_004\DJI_20260404101332_0001_V.JPG,SOLO_JPG_02Jun26\GEOSP-TRN-002300\DJI_202604041007_004\DJI_20260404101332_0001_V.JPG,1.173,2026-06-11 11:01:37,\\amssclgis10.ams.gmams.cl\cl_mlp_pao\vuelos_drone_sin_procesar\input\20260206_geosupport_primera entrega\solo_jpg_02jun26\geosp-trn-002300\dji_202604041007_004\dji_20260404101332_0001_v.jpg,False
DJI_20260404101333_0002_V.JPG,DJI_20260404101333_0002_V,.jpg,\\amssclgis10.ams.gmams.cl\CL_MLP_PAO\Vuelos_Drone_Sin_Procesar\INPUT\20260206_Geosupport_primera entrega\SOLO_JPG_02Jun26\GEOSP-TRN-002300\DJI_202604041007_004\DJI_20260404101333_0002_V.JPG,SOLO_JPG_02Jun26\GEOSP-TRN-002300\DJI_202604041007_004\DJI_20260404101333_0002_V.JPG,1.177,2026-06-11 11:01:37,\\amssclgis10.ams.gmams.cl\cl_mlp_pao\vuelos_drone_sin_procesar\input\20260206_geosupport_primera entrega\solo_jpg_02jun26\geosp-trn-002300\dji_202604041007_004\dji_20260404101333_0002_v.jpg,False
DJI_20260404101334_0003_V.JPG,DJI_20260404101334_0003_V,.jpg,\\amssclgis10.ams.gmams.cl\CL_MLP_PAO\Vuelos_Drone_Sin_Procesar\INPUT\20260206_Geosupport_primera entrega\SOLO_JPG_02Jun26\GEOSP-TRN-002300\DJI_202604041007_004\DJI_20260404101334_0003_V.JPG,SOLO_JPG_02Jun26\GEOSP-TRN-002300\DJI_202604041007_004\DJI_20260404101334_0003_V.JPG,1.176,2026-06-11 11:01:38,\\amssclgis10.ams.gmams.cl\cl_mlp_pao\vuelos_drone_sin_procesar\input\20260206_geosupport_primera entrega\solo_jpg_02jun26\geosp-trn-002300\dji_202604041007_004\dji_20260404101334_0003_v.jpg,False
DJI_20260404101335_0004_V.JPG,DJI_20260404101335_0004_V,.jpg,\\amssclgis10.ams.gmams.cl\CL_MLP_PAO\Vuelos_Drone_Sin_Procesar\INPUT\20260206_Geosupport_primera entrega\SOLO_JPG_02Jun26\GEOSP-TRN-002300\DJI_202604041007_004\DJI_20260404101335_0004_V.JPG,SOLO_JPG_02Jun26\GEOSP-TRN-002300\DJI_202604041007_004\DJI_20260404101335_0004_V.JPG,1.176,2026-06-11 11:01:38,\\amssclgis10.ams.gmams.cl\cl_mlp_pao\vuelos_drone_sin_procesar\input\20260206_geosupport_primera entrega\solo_jpg_02jun26\geosp-trn-002300\dji_202604041007_004\dji_20260404101335_0004_v.jpg,False
DJI_20260404101335_0005_V.JPG,DJI_20260404101335_0005_V,.jpg,\\amssclgis10.ams.gmams.cl\CL_MLP_PAO\Vuelos_Drone_Sin_Procesar\INPUT\20260206_Geosupport_primera entrega\SOLO_JPG_02Jun26\GEOSP-TRN-002300\DJI_202604041007_004\DJI_20260404101335_0005_V.JPG,SOLO_JPG_02Jun26\GEOSP-TRN-002300\DJI_202604041007_004\DJI_20260404101335_0005_V.JPG,1.171,2026-06-11 11:01:38,\\amssclgis10.ams.gmams.cl\cl_mlp_pao\vuelos_drone_sin_procesar\input\20260206_geosupport_primera entrega\solo_jpg_02jun26\geosp-trn-002300\dji_202604041007_004\dji_20260404101335_0005_v.jpg,False
DJI_20260404101336_0006_V.JPG,DJI_20260404101336_0006_V,.jpg,\\amssclgis10.ams.gmams.cl\CL_MLP_PAO\Vuelos_Drone_Sin_Procesar\INPUT\20260206_Geosupport_primera entrega\SOLO_JPG_02Jun26\GEOSP-TRN-002300\DJI_202604041007_004\DJI_20260404101336_0006_V.JPG,SOLO_JPG_02Jun26\GEOSP-TRN-002300\DJI_202604041007_004\DJI_20260404101336_0006_V.JPG,1.174,2026-06-11 11:01:39,\\amssclgis10.ams.gmams.cl\cl_mlp_pao\vuelos_drone_sin_procesar\input\20260206_geosupport_primera entrega\solo_jpg_02jun26\geosp-trn-002300\dji_202604041007_004\dji_20260404101336_0006_v.jpg,False
DJI_20260404101350_0007_V.JPG,DJI_20260404101350_0007_V,.jpg,\\amssclgis10.ams.gmams.cl\CL_MLP_PAO\Vuelos_Drone_Sin_Procesar\INPUT\20260206_Geosupport_primera entrega\SOLO_JPG_02Jun26\GEOSP-TRN-002300\DJI_202604041007_004\DJI_20260404101350_0007_V.JPG,SOLO_JPG_02Jun26\GEOSP-TRN-002300\DJI_202604041007_004\DJI_20260404101350_0007_V.JPG,1.195,2026-06-11 11:01:39,\\amssclgis10.ams.gmams.cl\cl_mlp_pao\vuelos_drone_sin_procesar\input\20260206_geosupport_primera entrega\solo_jpg_02jun26\geosp-trn-002300\dji_202604041007_004\dji_20260404101350_0007_v.jpg,False
DJI_20260404101351_0008_V.JPG,DJI_20260404101351_0008_V,.jpg,\\amssclgis10.ams.gmams.cl\CL_MLP_PAO\Vuelos_Drone_Sin_Procesar\INPUT\20260206_Geosupport_primera entrega\SOLO_JPG_02Jun26\GEOSP-TRN-002300\DJI_202604041007_004\DJI_20260404101351_0008_V.JPG,SOLO_JPG_02Jun26\GEOSP-TRN-002300\DJI_202604041007_004\DJI_20260404101351_0008_V.JPG,1.199,2026-06-11 11:01:39,\\amssclgis10.ams.gmams.cl\cl_mlp_pao\vuelos_drone_sin_procesar\input\20260206_geosupport_primera entrega\solo_jpg_02jun26\geosp-trn-002300\dji_202604041007_004\dji_20260404101351_0008_v.jpg,False
DJI_20260404101358_0009_V.JPG,DJI_20260404101358_0009_V,.jpg,\\amssclgis10.ams.gmams.cl\CL_MLP_PAO\Vuelos_Drone_Sin_Procesar\INPUT\20260206_Geosupport_primera entrega\SOLO_JPG_02Jun26\GEOSP-TRN-002300\DJI_202604041007_004\DJI_20260404101358_0009_V.JPG,SOLO_JPG_02Jun26\GEOSP-TRN-002300\DJI_202604041007_004\DJI_20260404101358_0009_V.JPG,1.229,2026-06-11 11:01:40,\\amssclgis10.ams.gmams.cl\cl_mlp_pao\vuelos_drone_sin_procesar\input\20260206_geosupport_primera entrega\solo_jpg_02jun26\geosp-trn-002300\dji_202604041007_004\dji_20260404101358_0009_v.jpg,False
DJI_20260404101359_0010_V.JPG,DJI_20260404101359_0010_V,.jpg,\\amssclgis10.ams.gmams.cl\CL_MLP_PAO\Vuelos_Drone_Sin_Procesar\INPUT\20260206_Geosupport_primera entrega\SOLO_JPG_02Jun26\GEOSP-TRN-002300\DJI_202604041007_004\DJI_20260404101359_0010_V.JPG,SOLO_JPG_02Jun26\GEOSP-TRN-002300\DJI_202604041007_004\DJI_20260404101359_0010_V.JPG,1.221,2026-06-11 11:01:40,\\amssclgis10.ams.gmams.cl\cl_mlp_pao\vuelos_drone_sin_procesar\input\20260206_geosupport_primera entrega\solo_jpg_02jun26\geosp-trn-002300\dji_202604041007_004\dji_20260404101359_0010_v.jpg,False
DJI_20260404101419_0011_V.JPG,DJI_20260404101419_0011_V,.jpg,\\amssclgis10.ams.gmams.cl\CL_MLP_PAO\Vuelos_Drone_Sin_Procesar\INPUT\20260206_Geosupport_primera entrega\SOLO_JPG_02Jun26\GEOSP-TRN-002300\DJI_202604041007_004\DJI_20260404101419_0011_V.JPG,SOLO_JPG_02Jun26\GEOSP-TRN-002300\DJI_202604041007_004\DJI_20260404101419_0011_V.JPG,1.229,2026-06-11 11:01:40,\\amssclgis10.ams.gmams.cl\cl_mlp_pao\vuelos_drone_sin_procesar\input\20260206_geosupport_primera entrega\solo_jpg_02jun26\geosp-trn-002300\dji_202604041007_004\dji_20260404101419_0011_v.jpg,False
DJI_20260404101420_0012_V.JPG,DJI_20260404101420_0012_V,.jpg,\\amssclgis10.ams.gmams.cl\CL_MLP_PAO\Vuelos_Drone_Sin_Procesar\INPUT\20260206_Geosupport_primera entrega\SOLO_JPG_02Jun26\GEOSP-TRN-002300\DJI_202604041007_004\DJI_20260404101420_0012_V.JPG,SOLO_JPG_02Jun26\GEOSP-TRN-002300\DJI_202604041007_004\DJI_20260404101420_0012_V.JPG,1.215,2026-06-11 11:01:40,\\amssclgis10.ams.gmams.cl\cl_mlp_pao\vuelos_drone_sin_procesar\input\20260206_geosupport_primera entrega\solo_jpg_02jun26\geosp-trn-002300\dji_202604041007_004\dji_20260404101420_0012_v.jpg,False
DJI_20260404101421_0013_V.JPG,DJI_20260404101421_0013_V,.jpg,\\amssclgis10.ams.gmams.cl\CL_MLP_PAO\Vuelos_Drone_Sin_Procesar\INPUT\20260206_Geosupport_primera entrega\SOLO_JPG_02Jun26\GEOSP-TRN-002300\DJI_202604041007_004\DJI_20260404101421_0013_V.JPG,SOLO_JPG_02Jun26\GEOSP-TRN-002300\DJI_202604041007_004\DJI_20260404101421_0013_V.JPG,1.23,2026-06-11 11:01:41,\\amssclgis10.ams.gmams.cl\cl_mlp_pao\vuelos_drone_sin_procesar\input\20260206_geosupport_primera entrega\solo_jpg_02jun26\geosp-trn-002300\dji_202604041007_004\dji_20260404101421_0013_v.jpg,False
DJI_20260404101422_0014_V.JPG,DJI_20260404101422_0014_V,.jpg,\\amssclgis10.ams.gmams.cl\CL_MLP_PAO\Vuelos_Drone_Sin_Procesar\INPUT\20260206_Geosupport_primera entrega\SOLO_JPG_02Jun26\GEOSP-TRN-002300\DJI_202604041007_004\DJI_20260404101422_0014_V.JPG,SOLO_JPG_02Jun26\GEOSP-TRN-002300\DJI_202604041007_004\DJI_20260404101422_0014_V.JPG,1.215,2026-06-11 11:01:41,\\amssclgis10.ams.gmams.cl\cl_mlp_pao\vuelos_drone_sin_procesar\input\20260206_geosupport_primera entrega\solo_jpg_02jun26\geosp-trn-002300\dji_202604041007_004\dji_20260404101422_0014_v.jpg,False
DJI_20260404101445_0015_V.JPG,DJI_20260404101445_0015_V,.jpg,\\amssclgis10.ams.gmams.cl\CL_MLP_PAO\Vuelos_Drone_Sin_Procesar\INPUT\20260206_Geosupport_primera entrega\SOLO_JPG_02Jun26\GEOSP-TRN-002300\DJI_202604041007_004\DJI_20260404101445_0015_V.JPG,SOLO_JPG_02Jun26\GEOSP-TRN-002300\DJI_202604041007_004\DJI_20260404101445_0015_V.JPG,1.237,2026-06-11 11:01:41,\\amssclgis10.ams.gmams.cl\cl_mlp_pao\vuelos_drone_sin_procesar\input\20260206_geosupport_primera entrega\solo_jpg_02jun26\geosp-trn-002300\dji_202604041007_004\dji_20260404101445_0015_v.jpg,False
DJI_20260404101450_0016_V.JPG,DJI_20260404101450_0016_V,.jpg,\\amssclgis10.ams.gmams.cl\CL_MLP_PAO\Vuelos_Drone_Sin_Procesar\INPUT\20260206_Geosupport_primera entrega\SOLO_JPG_02Jun26\GEOSP-TRN-002300\DJI_202604041007_004\DJI_20260404101450_0016_V.JPG,SOLO_JPG_02Jun26\GEOSP-TRN-002300\DJI_202604041007_004\DJI_20260404101450_0016_V.JPG,1.179,2026-06-11 11:01:42,\\amssclgis10.ams.gmams.cl\cl_mlp_pao\vuelos_drone_sin_procesar\input\20260206_geosupport_primera entrega\solo_jpg_02jun26\geosp-trn-002300\dji_202604041007_004\dji_20260404101450_0016_v.jpg,False
DJI_20260404101456_0017_V.JPG,DJI_20260404101456_0017_V,.jpg,\\amssclgis10.ams.gmams.cl\CL_MLP_PAO\Vuelos_Drone_Sin_Procesar\INPUT\20260206_Geosupport_primera entrega\SOLO_JPG_02Jun26\GEOSP-TRN-002300\DJI_202604041007_004\DJI_20260404101456_0017_V.JPG,SOLO_JPG_02Jun26\GEOSP-TRN-002300\DJI_202604041007_004\DJI_20260404101456_0017_V.JPG,1.091,2026-06-11 11:01:42,\\amssclgis10.ams.gmams.cl\cl_mlp_pao\vuelos_drone_sin_procesar\input\20260206_geosupport_primera entrega\solo_jpg_02jun26\geosp-trn-002300\dji_202604041007_004\dji_20260404101456_0017_v.jpg,False
DJI_20260404101504_0018_V.JPG,DJI_20260404101504_0018_V,.jpg,\\amssclgis10.ams.gmams.cl\CL_MLP_PAO\Vuelos_Drone_Sin_Procesar\INPUT\20260206_Geosupport_primera entrega\SOLO_JPG_02Jun26\GEOSP-TRN-002300\DJI_202604041007_004\DJI_20260404101504_0018_V.JPG,SOLO_JPG_02Jun26\GEOSP-TRN-002300\DJI_202604041007_004\DJI_20260404101504_0018_V.JPG,0.981,2026-06-11 11:01:42,\\amssclgis10.ams.gmams.cl\cl_mlp_pao\vuelos_drone_sin_procesar\input\20260206_geosupport_primera entrega\solo_jpg_02jun26\geosp-trn-002300\dji_202604041007_004\dji_20260404101504_0018_v.jpg,False
DJI_20260404101509_0019_V.JPG,DJI_20260404101509_0019_V,.jpg,\\amssclgis10.ams.gmams.cl\CL_MLP_PAO\Vuelos_Drone_Sin_Procesar\INPUT\20260206_Geosupport_primera entrega\SOLO_JPG_02Jun26\GEOSP-TRN-002300\DJI_202604041007_004\DJI_20260404101509_0019_V.JPG,SOLO_JPG_02Jun26\GEOSP-TRN-002300\DJI_202604041007_004\DJI_20260404101509_0019_V.JPG,0.945,2026-06-11 11:01:43,\\amssclgis10.ams.gmams.cl\cl_mlp_pao\vuelos_drone_sin_procesar\input\20260206_geosupport_primera entrega\solo_jpg_02jun26\geosp-trn-002300\dji_202604041007_004\dji_20260404101509_0019_v.jpg,False
DJI_20260404101517_0020_V.JPG,DJI_20260404101517_0020_V,.jpg,\\amssclgis10.ams.gmams.cl\CL_MLP_PAO\Vuelos_Drone_Sin_Procesar\INPUT\20260206_Geosupport_primera entrega\SOLO_JPG_02Jun26\GEOSP-TRN-002300\DJI_202604041007_004\DJI_20260404101517_0020_V.JPG,SOLO_JPG_02Jun26\GEOSP-TRN-002300\DJI_202604041007_004\DJI_20260404101517_0020_V.JPG,0.928,2026-06-11 11:01:43,\\amssclgis10.ams.gmams.cl\cl_mlp_pao\vuelos_drone_sin_procesar\input\20260206_geosupport_primera entrega\solo_jpg_02jun26\geosp-trn-002300\dji_202604041007_004\dji_20260404101517_0020_v.jpg,False
DJI_20260404101525_0021_V.JPG,DJI_20260404101525_0021_V,.jpg,\\amssclgis10.ams.gmams.cl\CL_MLP_PAO\Vuelos_Drone_Sin_Procesar\INPUT\20260206_Geosupport_primera entrega\SOLO_JPG_02Jun26\GEOSP-TRN-002300\DJI_202604041007_004\DJI_20260404101525_0021_V.JPG,SOLO_JPG_02Jun26\GEOSP-TRN-002300\DJI_202604041007_004\DJI_20260404101525_0021_V.JPG,1.002,2026-06-11 11:01:43,\\amssclgis10.ams.gmams.cl\cl_mlp_pao\vuelos_drone_sin_procesar\input\20260206_geosupport_primera entrega\solo_jpg_02jun26\geosp-trn-002300\dji_202604041007_004\dji_20260404101525_0021_v.jpg,False
DJI_20260404101648_0024_V.JPG,DJI_20260404101648_0024_V,.jpg,\\amssclgis10.ams.gmams.cl\CL_MLP_PAO\Vuelos_Drone_Sin_Procesar\INPUT\20260206_Geosupport_primera entrega\SOLO_JPG_02Jun26\GEOSP-TRN-002300\DJI_202604041007_004\DJI_20260404101648_0024_V.JPG,SOLO_JPG_02Jun26\GEOSP-TRN-002300\DJI_202604041007_004\DJI_20260404101648_0024_V.JPG,0.9,2026-06-11 11:01:43,\\amssclgis10.ams.gmams.cl\cl_mlp_pao\vuelos_drone_sin_procesar\input\20260206_geosupport_primera entrega\solo_jpg_02jun26\geosp-trn-002300\dji_202604041007_004\dji_20260404101648_0024_v.jpg,False
DJI_20260404101652_0025_V.JPG,DJI_20260404101652_0025_V,.jpg,\\amssclgis10.ams.gmams.cl\CL_MLP_PAO\Vuelos_Drone_Sin_Procesar\INPUT\20260206_Geosupport_primera entrega\SOLO_JPG_02Jun26\GEOSP-TRN-002300\DJI_202604041007_004\DJI_20260404101652_0025_V.JPG,SOLO_JPG_02Jun26\GEOSP-TRN-002300\DJI_202604041007_004\DJI_20260404101652_0025_V.JPG,0.877,2026-06-11 11:01:43,\\amssclgis10.ams.gmams.cl\cl_mlp_pao\vuelos_drone_sin_procesar\input\20260206_geosupport_primera entrega\solo_jpg_02jun26\geosp-trn-002300\dji_202604041007_004\dji_20260404101652_0025_v.jpg,False
DJI_20260404101659_0026_V.JPG,DJI_20260404101659_0026_V,.jpg,\\amssclgis10.ams.gmams.cl\CL_MLP_PAO\Vuelos_Drone_Sin_Procesar\INPUT\20260206_Geosupport_primera entrega\SOLO_JPG_02Jun26\GEOSP-TRN-002300\DJI_202604041007_004\DJI_20260404101659_0026_V.JPG,SOLO_JPG_02Jun26\GEOSP-TRN-002300\DJI_202604041007_004\DJI_20260404101659_0026_V.JPG,0.769,2026-06-11 11:01:44,\\amssclgis10.ams.gmams.cl\cl_mlp_pao\vuelos_drone_sin_procesar\input\20260206_geosupport_primera entrega\solo_jpg_02jun26\geosp-trn-002300\dji_202604041007_004\dji_20260404101659_0026_v.jpg,False
DJI_20260404101702_0027_V.JPG,DJI_20260404101702_0027_V,.jpg,\\amssclgis10.ams.gmams.cl\CL_MLP_PAO\Vuelos_Drone_Sin_Procesar\INPUT\20260206_Geosupport_primera entrega\SOLO_JPG_02Jun26\GEOSP-TRN-002300\DJI_202604041007_004\DJI_20260404101702_0027_V.JPG,SOLO_JPG_02Jun26\GEOSP-TRN-002300\DJI_202604041007_004\DJI_20260404101702_0027_V.JPG,0.768,2026-06-11 11:01:44,\\amssclgis10.ams.gmams.cl\cl_mlp_pao\vuelos_drone_sin_procesar\input\20260206_geosupport_primera entrega\solo_jpg_02jun26\geosp-trn-002300\dji_202604041007_004\dji_20260404101702_0027_v.jpg,False
DJI_20260404101706_0028_V.JPG,DJI_20260404101706_0028_V,.jpg,\\amssclgis10.ams.gmams.cl\CL_MLP_PAO\Vuelos_Drone_Sin_Procesar\INPUT\20260206_Geosupport_primera entrega\SOLO_JPG_02Jun26\GEOSP-TRN-002300\DJI_202604041007_004\DJI_20260404101706_0028_V.JPG,SOLO_JPG_02Jun26\GEOSP-TRN-002300\DJI_202604041007_004\DJI_20260404101706_0028_V.JPG,0.748,2026-06-11 11:01:44,\\amssclgis10.ams.gmams.cl\cl_mlp_pao\vuelos_drone_sin_procesar\input\20260206_geosupport_primera entrega\solo_jpg_02jun26\geosp-trn-002300\dji_202604041007_004\dji_20260404101706_0028_v.jpg,False
DJI_20260404101710_0029_V.JPG,DJI_20260404101710_0029_V,.jpg,\\amssclgis10.ams.gmams.cl\CL_MLP_PAO\Vuelos_Drone_Sin_Procesar\INPUT\20260206_Geosupport_primera entrega\SOLO_JPG_02Jun26\GEOSP-TRN-002300\DJI_202604041007_004\DJI_20260404101710_0029_V.JPG,SOLO_JPG_02Jun26\GEOSP-TRN-002300\DJI_202604041007_004\DJI_20260404101710_0029_V.JPG,0.759,2026-06-11 11:01:44,\\amssclgis10.ams.gmams.cl\cl_mlp_pao\vuelos_drone_sin_procesar\input\20260206_geosupport_primera entrega\solo_jpg_02jun26\geosp-trn-002300\dji_202604041007_004\dji_20260404101710_0029_v.jpg,False
DJI_20260404101716_0030_V.JPG,DJI_20260404101716_0030_V,.jpg,\\amssclgis10.ams.gmams.cl\CL_MLP_PAO\Vuelos_Drone_Sin_Procesar\INPUT\20260206_Geosupport_primera entrega\SOLO_JPG_02Jun26\GEOSP-TRN-002300\DJI_202604041007_004\DJI_20260404101716_0030_V.JPG,SOLO_JPG_02Jun26\GEOSP-TRN-002300\DJI_202604041007_004\DJI_20260404101716_0030_V.JPG,0.806,2026-06-11 11:01:44,\\amssclgis10.ams.gmams.cl\cl_mlp_pao\vuelos_drone_sin_procesar\input\20260206_geosupport_primera entrega\solo_jpg_02jun26\geosp-trn-002300\dji_202604041007_004\dji_20260404101716_0030_v.jpg,False
DJI_20260404101720_0031_V.JPG,DJI_20260404101720_0031_V,.jpg,\\amssclgis10.ams.gmams.cl\CL_MLP_PAO\Vuelos_Drone_Sin_Procesar\INPUT\20260206_Geosupport_primera entrega\SOLO_JPG_02Jun26\GEOSP-TRN-002300\DJI_202604041007_004\DJI_20260404101720_0031_V.JPG,SOLO_JPG_02Jun26\GEOSP-TRN-002300\DJI_202604041007_004\DJI_20260404101720_0031_V.JPG,0.85,2026-06-11 11:01:44,\\amssclgis10.ams.gmams.cl\cl_mlp_pao\vuelos_drone_sin_procesar\input\20260206_geosupport_primera entrega\solo_jpg_02jun26\geosp-trn-002300\dji_202604041007_004\dji_20260404101720_0031_v.jpg,False
DJI_20260404101725_0032_V.JPG,DJI_20260404101725_0032_V,.jpg,\\amssclgis10.ams.gmams.cl\CL_MLP_PAO\Vuelos_Drone_Sin_Procesar\INPUT\20260206_Geosupport_primera entrega\SOLO_JPG_02Jun26\GEOSP-TRN-002300\DJI_202604041007_004\DJI_20260404101725_0032_V.JPG,SOLO_JPG_02Jun26\GEOSP-TRN-002300\DJI_202604041007_004\DJI_20260404101725_0032_V.JPG,0.896,2026-06-11 11:01:44,\\amssclgis10.ams.gmams.cl\cl_mlp_pao\vuelos_drone_sin_procesar\input\20260206_geosupport_primera entrega\solo_jpg_02jun26\geosp-trn-002300\dji_202604041007_004\dji_20260404101725_0032_v.jpg,False
DJI_20260404101735_0033_V.JPG,DJI_20260404101735_0033_V,.jpg,\\amssclgis10.ams.gmams.cl\CL_MLP_PAO\Vuelos_Drone_Sin_Procesar\INPUT\20260206_Geosupport_primera entrega\SOLO_JPG_02Jun26\GEOSP-TRN-002300\DJI_202604041007_004\DJI_20260404101735_0033_V.JPG,SOLO_JPG_02Jun26\GEOSP-TRN-002300\DJI_202604041007_004\DJI_20260404101735_0033_V.JPG,0.909,2026-06-11 11:01:45,\\amssclgis10.ams.gmams.cl\cl_mlp_pao\vuelos_drone_sin_procesar\input\20260206_geosupport_primera entrega\solo_jpg_02jun26\geosp-trn-002300\dji_202604041007_004\dji_20260404101735_0033_v.jpg,False
DJI_20260404101747_0034_V.JPG,DJI_20260404101747_0034_V,.jpg,\\amssclgis10.ams.gmams.cl\CL_MLP_PAO\Vuelos_Drone_Sin_Procesar\INPUT\20260206_Geosupport_primera entrega\SOLO_JPG_02Jun26\GEOSP-TRN-002300\DJI_202604041007_004\DJI_20260404101747_0034_V.JPG,SOLO_JPG_02Jun26\GEOSP-TRN-002300\DJI_202604041007_004\DJI_20260404101747_0034_V.JPG,0.91,2026-06-11 11:01:45,\\amssclgis10.ams.gmams.cl\cl_mlp_pao\vuelos_drone_sin_procesar\input\20260206_geosupport_primera entrega\solo_jpg_02jun26\geosp-trn-002300\dji_202604041007_004\dji_20260404101747_0034_v.jpg,False
DJI_20260404101752_0035_V.JPG,DJI_20260404101752_0035_V,.jpg,\\amssclgis10.ams.gmams.cl\CL_MLP_PAO\Vuelos_Drone_Sin_Procesar\INPUT\20260206_Geosupport_primera entrega\SOLO_JPG_02Jun26\GEOSP-TRN-002300\DJI_202604041007_004\DJI_20260404101752_0035_V.JPG,SOLO_JPG_02Jun26\GEOSP-TRN-002300\DJI_202604041007_004\DJI_20260404101752_0035_V.JPG,0.894,2026-06-11 11:01:45,\\amssclgis10.ams.gmams.cl\cl_mlp_pao\vuelos_drone_sin_procesar\input\20260206_geosupport_primera entrega\solo_jpg_02jun26\geosp-trn-002300\dji_202604041007_004\dji_20260404101752_0035_v.jpg,False
DJI_20260404101754_0036_V.JPG,DJI_20260404101754_0036_V,.jpg,\\amssclgis10.ams.gmams.cl\CL_MLP_PAO\Vuelos_Drone_Sin_Procesar\INPUT\20260206_Geosupport_primera entrega\SOLO_JPG_02Jun26\GEOSP-TRN-002300\DJI_202604041007_004\DJI_20260404101754_0036_V.JPG,SOLO_JPG_02Jun26\GEOSP-TRN-002300\DJI_202604041007_004\DJI_20260404101754_0036_V.JPG,0.902,2026-06-11 11:01:45,\\amssclgis10.ams.gmams.cl\cl_mlp_pao\vuelos_drone_sin_procesar\input\20260206_geosupport_primera entrega\solo_jpg_02jun26\geosp-trn-002300\dji_202604041007_004\dji_20260404101754_0036_v.jpg,False
DJI_20260404101759_0037_V.JPG,DJI_20260404101759_0037_V,.jpg,\\amssclgis10.ams.gmams.cl\CL_MLP_PAO\Vuelos_Drone_Sin_Procesar\INPUT\20260206_Geosupport_primera entrega\SOLO_JPG_02Jun26\GEOSP-TRN-002300\DJI_202604041007_004\DJI_20260404101759_0037_V.JPG,SOLO_JPG_02Jun26\GEOSP-TRN-002300\DJI_202604041007_004\DJI_20260404101759_0037_V.JPG,0.907,2026-06-11 11:01:45,\\amssclgis10.ams.gmams.cl\cl_mlp_pao\vuelos_drone_sin_procesar\input\20260206_geosupport_primera entrega\solo_jpg_02jun26\geosp-trn-002300\dji_202604041007_004\dji_20260404101759_0037_v.jpg,False
DJI_20260404101801_0038_V.JPG,DJI_20260404101801_0038_V,.jpg,\\amssclgis10.ams.gmams.cl\CL_MLP_PAO\Vuelos_Drone_Sin_Procesar\INPUT\20260206_Geosupport_primera entrega\SOLO_JPG_02Jun26\GEOSP-TRN-002300\DJI_202604041007_004\DJI_20260404101801_0038_V.JPG,SOLO_JPG_02Jun26\GEOSP-TRN-002300\DJI_202604041007_004\DJI_20260404101801_0038_V.JPG,0.926,2026-06-11 11:01:45,\\amssclgis10.ams.gmams.cl\cl_mlp_pao\vuelos_drone_sin_procesar\input\20260206_geosupport_primera entrega\solo_jpg_02jun26\geosp-trn-002300\dji_202604041007_004\dji_20260404101801_0038_v.jpg,False
DJI_20260404101804_0039_V.JPG,DJI_20260404101804_0039_V,.jpg,\\amssclgis10.ams.gmams.cl\CL_MLP_PAO\Vuelos_Drone_Sin_Procesar\INPUT\20260206_Geosupport_primera entrega\SOLO_JPG_02Jun26\GEOSP-TRN-002300\DJI_202604041007_004\DJI_20260404101804_0039_V.JPG,SOLO_JPG_02Jun26\GEOSP-TRN-002300\DJI_202604041007_004\DJI_20260404101804_0039_V.JPG,0.953,2026-06-11 11:01:45,\\amssclgis10.ams.gmams.cl\cl_mlp_pao\vuelos_drone_sin_procesar\input\20260206_geosupport_primera entrega\solo_jpg_02jun26\geosp-trn-002300\dji_202604041007_004\dji_20260404101804_0039_v.jpg,False
DJI_20260410162938_0001_V.JPG,DJI_20260410162938_0001_V,.jpg,\\amssclgis10.ams.gmams.cl\CL_MLP_PAO\Vuelos_Drone_Sin_Procesar\INPUT\20260206_Geosupport_primera entrega\SOLO_JPG_02Jun26\GEOSP-TRN-002356\GD_AFD+ORTOFOTO_EB2_12-04-26\DJI_20260410162938_0001_V.JPG,SOLO_JPG_02Jun26\GEOSP-TRN-002356\GD_AFD+ORTOFOTO_EB2_12-04-26\DJI_20260410162938_0001_V.JPG,1.264,2026-06-11 11:01:46,\\amssclgis10.ams.gmams.cl\cl_mlp_pao\vuelos_drone_sin_procesar\input\20260206_geosupport_primera entrega\solo_jpg_02jun26\geosp-trn-002356\gd_afd+ortofoto_eb2_12-04-26\dji_20260410162938_0001_v.jpg,False
DJI_20260410162939_0002_V.JPG,DJI_20260410162939_0002_V,.jpg,\\amssclgis10.ams.gmams.cl\CL_MLP_PAO\Vuelos_Drone_Sin_Procesar\INPUT\20260206_Geosupport_primera entrega\SOLO_JPG_02Jun26\GEOSP-TRN-002356\GD_AFD+ORTOFOTO_EB2_12-04-26\DJI_20260410162939_0002_V.JPG,SOLO_JPG_02Jun26\GEOSP-TRN-002356\GD_AFD+ORTOFOTO_EB2_12-04-26\DJI_20260410162939_0002_V.JPG,1.263,2026-06-11 11:01:46,\\amssclgis10.ams.gmams.cl\cl_mlp_pao\vuelos_drone_sin_procesar\input\20260206_geosupport_primera entrega\solo_jpg_02jun26\geosp-trn-002356\gd_afd+ortofoto_eb2_12-04-26\dji_20260410162939_0002_v.jpg,False
DJI_20260410162940_0003_V.JPG,DJI_20260410162940_0003_V,.jpg,\\amssclgis10.ams.gmams.cl\CL_MLP_PAO\Vuelos_Drone_Sin_Procesar\INPUT\20260206_Geosupport_primera entrega\SOLO_JPG_02Jun26\GEOSP-TRN-002356\GD_AFD+ORTOFOTO_EB2_12-04-26\DJI_20260410162940_0003_V.JPG,SOLO_JPG_02Jun26\GEOSP-TRN-002356\GD_AFD+ORTOFOTO_EB2_12-04-26\DJI_20260410162940_0003_V.JPG,1.26,2026-06-11 11:01:46,\\amssclgis10.ams.gmams.cl\cl_mlp_pao\vuelos_drone_sin_procesar\input\20260206_geosupport_primera entrega\solo_jpg_02jun26\geosp-trn-002356\gd_afd+ortofoto_eb2_12-04-26\dji_20260410162940_0003_v.jpg,False
DJI_20260410162958_0004_V.JPG,DJI_20260410162958_0004_V,.jpg,\\amssclgis10.ams.gmams.cl\CL_MLP_PAO\Vuelos_Drone_Sin_Procesar\INPUT\20260206_Geosupport_primera entrega\SOLO_JPG_02Jun26\GEOSP-TRN-002356\GD_AFD+ORTOFOTO_EB2_12-04-26\DJI_20260410162958_0004_V.JPG,SOLO_JPG_02Jun26\GEOSP-TRN-002356\GD_AFD+ORTOFOTO_EB2_12-04-26\DJI_20260410162958_0004_V.JPG,1.31,2026-06-11 11:01:47,\\amssclgis10.ams.gmams.cl\cl_mlp_pao\vuelos_drone_sin_procesar\input\20260206_geosupport_primera entrega\solo_jpg_02jun26\geosp-trn-002356\gd_afd+ortofoto_eb2_12-04-26\dji_20260410162958_0004_v.jpg,False
DJI_20260410163019_0005_V.JPG,DJI_20260410163019_0005_V,.jpg,\\amssclgis10.ams.gmams.cl\CL_MLP_PAO\Vuelos_Drone_Sin_Procesar\INPUT\20260206_Geosupport_primera entrega\SOLO_JPG_02Jun26\GEOSP-TRN-002356\GD_AFD+ORTOFOTO_EB2_12-04-26\DJI_20260410163019_0005_V.JPG,SOLO_JPG_02Jun26\GEOSP-TRN-002356\GD_AFD+ORTOFOTO_EB2_12-04-26\DJI_20260410163019_0005_V.JPG,1.283,2026-06-11 11:01:47,\\amssclgis10.ams.gmams.cl\cl_mlp_pao\vuelos_drone_sin_procesar\input\20260206_geosupport_primera entrega\solo_jpg_02jun26\geosp-trn-002356\gd_afd+ortofoto_eb2_12-04-26\dji_20260410163019_0005_v.jpg,False
DJI_20260410163029_0006_V.JPG,DJI_20260410163029_0006_V,.jpg,\\amssclgis10.ams.gmams.cl\CL_MLP_PAO\Vuelos_Drone_Sin_Procesar\INPUT\20260206_Geosupport_primera entrega\SOLO_JPG_02Jun26\GEOSP-TRN-002356\GD_AFD+ORTOFOTO_EB2_12-04-26\DJI_20260410163029_0006_V.JPG,SOLO_JPG_02Jun26\GEOSP-TRN-002356\GD_AFD+ORTOFOTO_EB2_12-04-26\DJI_20260410163029_0006_V.JPG,1.236,2026-06-11 11:01:47,\\amssclgis10.ams.gmams.cl\cl_mlp_pao\vuelos_drone_sin_procesar\input\20260206_geosupport_primera entrega\solo_jpg_02jun26\geosp-trn-002356\gd_afd+ortofoto_eb2_12-04-26\dji_20260410163029_0006_v.jpg,False
DJI_20260410163159_0008_V.JPG,DJI_20260410163159_0008_V,.jpg,\\amssclgis10.ams.gmams.cl\CL_MLP_PAO\Vuelos_Drone_Sin_Procesar\INPUT\20260206_Geosupport_primera entrega\SOLO_JPG_02Jun26\GEOSP-TRN-002356\GD_AFD+ORTOFOTO_EB2_12-04-26\DJI_20260410163159_0008_V.JPG,SOLO_JPG_02Jun26\GEOSP-TRN-002356\GD_AFD+ORTOFOTO_EB2_12-04-26\DJI_20260410163159_0008_V.JPG,1.108,2026-06-11 11:01:48,\\amssclgis10.ams.gmams.cl\cl_mlp_pao\vuelos_drone_sin_procesar\input\20260206_geosupport_primera entrega\solo_jpg_02jun26\geosp-trn-002356\gd_afd+ortofoto_eb2_12-04-26\dji_20260410163159_0008_v.jpg,False
DJI_20260410163219_0009_V.JPG,DJI_20260410163219_0009_V,.jpg,\\amssclgis10.ams.gmams.cl\CL_MLP_PAO\Vuelos_Drone_Sin_Procesar\INPUT\20260206_Geosupport_primera entrega\SOLO_JPG_02Jun26\GEOSP-TRN-002356\GD_AFD+ORTOFOTO_EB2_12-04-26\DJI_20260410163219_0009_V.JPG,SOLO_JPG_02Jun26\GEOSP-TRN-002356\GD_AFD+ORTOFOTO_EB2_12-04-26\DJI_20260410163219_0009_V.JPG,1.153,2026-06-11 11:01:48,\\amssclgis10.ams.gmams.cl\cl_mlp_pao\vuelos_drone_sin_procesar\input\20260206_geosupport_primera entrega\solo_jpg_02jun26\geosp-trn-002356\gd_afd+ortofoto_eb2_12-04-26\dji_20260410163219_0009_v.jpg,False
DJI_20260410163238_0010_V.JPG,DJI_20260410163238_0010_V,.jpg,\\amssclgis10.ams.gmams.cl\CL_MLP_PAO\Vuelos_Drone_Sin_Procesar\INPUT\20260206_Geosupport_primera entrega\SOLO_JPG_02Jun26\GEOSP-TRN-002356\GD_AFD+ORTOFOTO_EB2_12-04-26\DJI_20260410163238_0010_V.JPG,SOLO_JPG_02Jun26\GEOSP-TRN-002356\GD_AFD+ORTOFOTO_EB2_12-04-26\DJI_20260410163238_0010_V.JPG,1.181,2026-06-11 11:01:48,\\amssclgis10.ams.gmams.cl\cl_mlp_pao\vuelos_drone_sin_procesar\input\20260206_geosupport_primera entrega\solo_jpg_02jun26\geosp-trn-002356\gd_afd+ortofoto_eb2_12-04-26\dji_20260410163238_0010_v.jpg,False
DJI_20260410163252_0011_V.JPG,DJI_20260410163252_0011_V,.jpg,\\amssclgis10.ams.gmams.cl\CL_MLP_PAO\Vuelos_Drone_Sin_Procesar\INPUT\20260206_Geosupport_primera entrega\SOLO_JPG_02Jun26\GEOSP-TRN-002356\GD_AFD+ORTOFOTO_EB2_12-04-26\DJI_20260410163252_0011_V.JPG,SOLO_JPG_02Jun26\GEOSP-TRN-002356\GD_AFD+ORTOFOTO_EB2_12-04-26\DJI_20260410163252_0011_V.JPG,1.261,2026-06-11 11:01:48,\\amssclgis10.ams.gmams.cl\cl_mlp_pao\vuelos_drone_sin_procesar\input\20260206_geosupport_primera entrega\solo_jpg_02jun26\geosp-trn-002356\gd_afd+ortofoto_eb2_12-04-26\dji_20260410163252_0011_v.jpg,False
DJI_20260419090759_0001_V.JPG,DJI_20260419090759_0001_V,.jpg,\\amssclgis10.ams.gmams.cl\CL_MLP_PAO\Vuelos_Drone_Sin_Procesar\INPUT\20260206_Geosupport_primera entrega\SOLO_JPG_02Jun26\GEOSP-TRN-002415\DJI_202604190901_020\DJI_20260419090759_0001_V.JPG,SOLO_JPG_02Jun26\GEOSP-TRN-002415\DJI_202604190901_020\DJI_20260419090759_0001_V.JPG,1.289,2026-06-11 11:01:49,\\amssclgis10.ams.gmams.cl\cl_mlp_pao\vuelos_drone_sin_procesar\input\20260206_geosupport_primera entrega\solo_jpg_02jun26\geosp-trn-002415\dji_202604190901_020\dji_20260419090759_0001_v.jpg,False
DJI_20260419090849_0003_V.JPG,DJI_20260419090849_0003_V,.jpg,\\amssclgis10.ams.gmams.cl\CL_MLP_PAO\Vuelos_Drone_Sin_Procesar\INPUT\20260206_Geosupport_primera entrega\SOLO_JPG_02Jun26\GEOSP-TRN-002415\DJI_202604190901_020\DJI_20260419090849_0003_V.JPG,SOLO_JPG_02Jun26\GEOSP-TRN-002415\DJI_202604190901_020\DJI_20260419090849_0003_V.JPG,1.299,2026-06-11 11:01:49,\\amssclgis10.ams.gmams.cl\cl_mlp_pao\vuelos_drone_sin_procesar\input\20260206_geosupport_primera entrega\solo_jpg_02jun26\geosp-trn-002415\dji_202604190901_020\dji_20260419090849_0003_v.jpg,False
DJI_20260419090931_0004_V.JPG,DJI_20260419090931_0004_V,.jpg,\\amssclgis10.ams.gmams.cl\CL_MLP_PAO\Vuelos_Drone_Sin_Procesar\INPUT\20260206_Geosupport_primera entrega\SOLO_JPG_02Jun26\GEOSP-TRN-002415\DJI_202604190901_020\DJI_20260419090931_0004_V.JPG,SOLO_JPG_02Jun26\GEOSP-TRN-002415\DJI_202604190901_020\DJI_20260419090931_0004_V.JPG,1.352,2026-06-11 11:01:49,\\amssclgis10.ams.gmams.cl\cl_mlp_pao\vuelos_drone_sin_procesar\input\20260206_geosupport_primera entrega\solo_jpg_02jun26\geosp-trn-002415\dji_202604190901_020\dji_20260419090931_0004_v.jpg,False
DJI_20260419091018_0005_V.JPG,DJI_20260419091018_0005_V,.jpg,\\amssclgis10.ams.gmams.cl\CL_MLP_PAO\Vuelos_Drone_Sin_Procesar\INPUT\20260206_Geosupport_primera entrega\SOLO_JPG_02Jun26\GEOSP-TRN-002415\DJI_202604190901_020\DJI_20260419091018_0005_V.JPG,SOLO_JPG_02Jun26\GEOSP-TRN-002415\DJI_202604190901_020\DJI_20260419091018_0005_V.JPG,1.089,2026-06-11 11:01:50,\\amssclgis10.ams.gmams.cl\cl_mlp_pao\vuelos_drone_sin_procesar\input\20260206_geosupport_primera entrega\solo_jpg_02jun26\geosp-trn-002415\dji_202604190901_020\dji_20260419091018_0005_v.jpg,False
DJI_20260419091047_0006_V.JPG,DJI_20260419091047_0006_V,.jpg,\\amssclgis10.ams.gmams.cl\CL_MLP_PAO\Vuelos_Drone_Sin_Procesar\INPUT\20260206_Geosupport_primera entrega\SOLO_JPG_02Jun26\GEOSP-TRN-002415\DJI_202604190901_020\DJI_20260419091047_0006_V.JPG,SOLO_JPG_02Jun26\GEOSP-TRN-002415\DJI_202604190901_020\DJI_20260419091047_0006_V.JPG,1.23,2026-06-11 11:01:50,\\amssclgis10.ams.gmams.cl\cl_mlp_pao\vuelos_drone_sin_procesar\input\20260206_geosupport_primera entrega\solo_jpg_02jun26\geosp-trn-002415\dji_202604190901_020\dji_20260419091047_0006_v.jpg,False
DJI_20260419091131_0007_V.JPG,DJI_20260419091131_0007_V,.jpg,\\amssclgis10.ams.gmams.cl\CL_MLP_PAO\Vuelos_Drone_Sin_Procesar\INPUT\20260206_Geosupport_primera entrega\SOLO_JPG_02Jun26\GEOSP-TRN-002415\DJI_202604190901_020\DJI_20260419091131_0007_V.JPG,SOLO_JPG_02Jun26\GEOSP-TRN-002415\DJI_202604190901_020\DJI_20260419091131_0007_V.JPG,1.272,2026-06-11 11:01:50,\\amssclgis10.ams.gmams.cl\cl_mlp_pao\vuelos_drone_sin_procesar\input\20260206_geosupport_primera entrega\solo_jpg_02jun26\geosp-trn-002415\dji_202604190901_020\dji_20260419091131_0007_v.jpg,False
DJI_20260419091200_0008_V.JPG,DJI_20260419091200_0008_V,.jpg,\\amssclgis10.ams.gmams.cl\CL_MLP_PAO\Vuelos_Drone_Sin_Procesar\INPUT\20260206_Geosupport_primera entrega\SOLO_JPG_02Jun26\GEOSP-TRN-002415\DJI_202604190901_020\DJI_20260419091200_0008_V.JPG,SOLO_JPG_02Jun26\GEOSP-TRN-002415\DJI_202604190901_020\DJI_20260419091200_0008_V.JPG,1.286,2026-06-11 11:01:50,\\amssclgis10.ams.gmams.cl\cl_mlp_pao\vuelos_drone_sin_procesar\input\20260206_geosupport_primera entrega\solo_jpg_02jun26\geosp-trn-002415\dji_202604190901_020\dji_20260419091200_0008_v.jpg,False
DJI_20260419091242_0009_V.JPG,DJI_20260419091242_0009_V,.jpg,\\amssclgis10.ams.gmams.cl\CL_MLP_PAO\Vuelos_Drone_Sin_Procesar\INPUT\20260206_Geosupport_primera entrega\SOLO_JPG_02Jun26\GEOSP-TRN-002415\DJI_202604190901_020\DJI_20260419091242_0009_V.JPG,SOLO_JPG_02Jun26\GEOSP-TRN-002415\DJI_202604190901_020\DJI_20260419091242_0009_V.JPG,1.303,2026-06-11 11:01:51,\\amssclgis10.ams.gmams.cl\cl_mlp_pao\vuelos_drone_sin_procesar\input\20260206_geosupport_primera entrega\solo_jpg_02jun26\geosp-trn-002415\dji_202604190901_020\dji_20260419091242_0009_v.jpg,False
DJI_20260426091840_0001_V.JPG,DJI_20260426091840_0001_V,.jpg,\\amssclgis10.ams.gmams.cl\CL_MLP_PAO\Vuelos_Drone_Sin_Procesar\INPUT\20260206_Geosupport_primera entrega\SOLO_JPG_02Jun26\GEOSP-TRN-002456\GS_AFD_ORTOFOTO_EB2_260426\DJI_20260426091840_0001_V.JPG,SOLO_JPG_02Jun26\GEOSP-TRN-002456\GS_AFD_ORTOFOTO_EB2_260426\DJI_20260426091840_0001_V.JPG,1.206,2026-06-11 11:01:51,\\amssclgis10.ams.gmams.cl\cl_mlp_pao\vuelos_drone_sin_procesar\input\20260206_geosupport_primera entrega\solo_jpg_02jun26\geosp-trn-002456\gs_afd_ortofoto_eb2_260426\dji_20260426091840_0001_v.jpg,False
DJI_20260426091855_0002_V.JPG,DJI_20260426091855_0002_V,.jpg,\\amssclgis10.ams.gmams.cl\CL_MLP_PAO\Vuelos_Drone_Sin_Procesar\INPUT\20260206_Geosupport_primera entrega\SOLO_JPG_02Jun26\GEOSP-TRN-002456\GS_AFD_ORTOFOTO_EB2_260426\DJI_20260426091855_0002_V.JPG,SOLO_JPG_02Jun26\GEOSP-TRN-002456\GS_AFD_ORTOFOTO_EB2_260426\DJI_20260426091855_0002_V.JPG,1.09,2026-06-11 11:01:51,\\amssclgis10.ams.gmams.cl\cl_mlp_pao\vuelos_drone_sin_procesar\input\20260206_geosupport_primera entrega\solo_jpg_02jun26\geosp-trn-002456\gs_afd_ortofoto_eb2_260426\dji_20260426091855_0002_v.jpg,False
DJI_20260426091914_0003_V.JPG,DJI_20260426091914_0003_V,.jpg,\\amssclgis10.ams.gmams.cl\CL_MLP_PAO\Vuelos_Drone_Sin_Procesar\INPUT\20260206_Geosupport_primera entrega\SOLO_JPG_02Jun26\GEOSP-TRN-002456\GS_AFD_ORTOFOTO_EB2_260426\DJI_20260426091914_0003_V.JPG,SOLO_JPG_02Jun26\GEOSP-TRN-002456\GS_AFD_ORTOFOTO_EB2_260426\DJI_20260426091914_0003_V.JPG,1.26,2026-06-11 11:01:52,\\amssclgis10.ams.gmams.cl\cl_mlp_pao\vuelos_drone_sin_procesar\input\20260206_geosupport_primera entrega\solo_jpg_02jun26\geosp-trn-002456\gs_afd_ortofoto_eb2_260426\dji_20260426091914_0003_v.jpg,False
DJI_20260426091931_0004_V.JPG,DJI_20260426091931_0004_V,.jpg,\\amssclgis10.ams.gmams.cl\CL_MLP_PAO\Vuelos_Drone_Sin_Procesar\INPUT\20260206_Geosupport_primera entrega\SOLO_JPG_02Jun26\GEOSP-TRN-002456\GS_AFD_ORTOFOTO_EB2_260426\DJI_20260426091931_0004_V.JPG,SOLO_JPG_02Jun26\GEOSP-TRN-002456\GS_AFD_ORTOFOTO_EB2_260426\DJI_20260426091931_0004_V.JPG,1.226,2026-06-11 11:01:52,\\amssclgis10.ams.gmams.cl\cl_mlp_pao\vuelos_drone_sin_procesar\input\20260206_geosupport_primera entrega\solo_jpg_02jun26\geosp-trn-002456\gs_afd_ortofoto_eb2_260426\dji_20260426091931_0004_v.jpg,False
DJI_20260426091951_0005_V.JPG,DJI_20260426091951_0005_V,.jpg,\\amssclgis10.ams.gmams.cl\CL_MLP_PAO\Vuelos_Drone_Sin_Procesar\INPUT\20260206_Geosupport_primera entrega\SOLO_JPG_02Jun26\GEOSP-TRN-002456\GS_AFD_ORTOFOTO_EB2_260426\DJI_20260426091951_0005_V.JPG,SOLO_JPG_02Jun26\GEOSP-TRN-002456\GS_AFD_ORTOFOTO_EB2_260426\DJI_20260426091951_0005_V.JPG,1.159,2026-06-11 11:01:52,\\amssclgis10.ams.gmams.cl\cl_mlp_pao\vuelos_drone_sin_procesar\input\20260206_geosupport_primera entrega\solo_jpg_02jun26\geosp-trn-002456\gs_afd_ortofoto_eb2_260426\dji_20260426091951_0005_v.jpg,False
DJI_20260426092012_0006_V.JPG,DJI_20260426092012_0006_V,.jpg,\\amssclgis10.ams.gmams.cl\CL_MLP_PAO\Vuelos_Drone_Sin_Procesar\INPUT\20260206_Geosupport_primera entrega\SOLO_JPG_02Jun26\GEOSP-TRN-002456\GS_AFD_ORTOFOTO_EB2_260426\DJI_20260426092012_0006_V.JPG,SOLO_JPG_02Jun26\GEOSP-TRN-002456\GS_AFD_ORTOFOTO_EB2_260426\DJI_20260426092012_0006_V.JPG,1.098,2026-06-11 11:01:53,\\amssclgis10.ams.gmams.cl\cl_mlp_pao\vuelos_drone_sin_procesar\input\20260206_geosupport_primera entrega\solo_jpg_02jun26\geosp-trn-002456\gs_afd_ortofoto_eb2_260426\dji_20260426092012_0006_v.jpg,False
DJI_20260502153434_0001_V.JPG,DJI_20260502153434_0001_V,.jpg,\\amssclgis10.ams.gmams.cl\CL_MLP_PAO\Vuelos_Drone_Sin_Procesar\INPUT\20260206_Geosupport_primera entrega\SOLO_JPG_02Jun26\GEOSP-TRN-002522\DJI_202605021530_028\DJI_20260502153434_0001_V.JPG,SOLO_JPG_02Jun26\GEOSP-TRN-002522\DJI_202605021530_028\DJI_20260502153434_0001_V.JPG,1.113,2026-06-11 11:01:53,\\amssclgis10.ams.gmams.cl\cl_mlp_pao\vuelos_drone_sin_procesar\input\20260206_geosupport_primera entrega\solo_jpg_02jun26\geosp-trn-002522\dji_202605021530_028\dji_20260502153434_0001_v.jpg,False
DJI_20260502153500_0003_V.JPG,DJI_20260502153500_0003_V,.jpg,\\amssclgis10.ams.gmams.cl\CL_MLP_PAO\Vuelos_Drone_Sin_Procesar\INPUT\20260206_Geosupport_primera entrega\SOLO_JPG_02Jun26\GEOSP-TRN-002522\DJI_202605021530_028\DJI_20260502153500_0003_V.JPG,SOLO_JPG_02Jun26\GEOSP-TRN-002522\DJI_202605021530_028\DJI_20260502153500_0003_V.JPG,1.046,2026-06-11 11:01:53,\\amssclgis10.ams.gmams.cl\cl_mlp_pao\vuelos_drone_sin_procesar\input\20260206_geosupport_primera entrega\solo_jpg_02jun26\geosp-trn-002522\dji_202605021530_028\dji_20260502153500_0003_v.jpg,False
DJI_20260502153530_0004_V.JPG,DJI_20260502153530_0004_V,.jpg,\\amssclgis10.ams.gmams.cl\CL_MLP_PAO\Vuelos_Drone_Sin_Procesar\INPUT\20260206_Geosupport_primera entrega\SOLO_JPG_02Jun26\GEOSP-TRN-002522\DJI_202605021530_028\DJI_20260502153530_0004_V.JPG,SOLO_JPG_02Jun26\GEOSP-TRN-002522\DJI_202605021530_028\DJI_20260502153530_0004_V.JPG,0.974,2026-06-11 11:01:53,\\amssclgis10.ams.gmams.cl\cl_mlp_pao\vuelos_drone_sin_procesar\input\20260206_geosupport_primera entrega\solo_jpg_02jun26\geosp-trn-002522\dji_202605021530_028\dji_20260502153530_0004_v.jpg,False
DJI_20260502153605_0005_V[1].JPG,DJI_20260502153605_0005_V[1],.jpg,\\amssclgis10.ams.gmams.cl\CL_MLP_PAO\Vuelos_Drone_Sin_Procesar\INPUT\20260206_Geosupport_primera entrega\SOLO_JPG_02Jun26\GEOSP-TRN-002522\DJI_202605021530_028\DJI_20260502153605_0005_V[1].JPG,SOLO_JPG_02Jun26\GEOSP-TRN-002522\DJI_202605021530_028\DJI_20260502153605_0005_V[1].JPG,1.144,2026-06-11 11:01:53,\\amssclgis10.ams.gmams.cl\cl_mlp_pao\vuelos_drone_sin_procesar\input\20260206_geosupport_primera entrega\solo_jpg_02jun26\geosp-trn-002522\dji_202605021530_028\dji_20260502153605_0005_v[1].jpg,False
DJI_20260502153642_0006_V[1].JPG,DJI_20260502153642_0006_V[1],.jpg,\\amssclgis10.ams.gmams.cl\CL_MLP_PAO\Vuelos_Drone_Sin_Procesar\INPUT\20260206_Geosupport_primera entrega\SOLO_JPG_02Jun26\GEOSP-TRN-002522\DJI_202605021530_028\DJI_20260502153642_0006_V[1].JPG,SOLO_JPG_02Jun26\GEOSP-TRN-002522\DJI_202605021530_028\DJI_20260502153642_0006_V[1].JPG,1.224,2026-06-11 11:01:54,\\amssclgis10.ams.gmams.cl\cl_mlp_pao\vuelos_drone_sin_procesar\input\20260206_geosupport_primera entrega\solo_jpg_02jun26\geosp-trn-002522\dji_202605021530_028\dji_20260502153642_0006_v[1].jpg,False
DJI_20260502153707_0007_V[1].JPG,DJI_20260502153707_0007_V[1],.jpg,\\amssclgis10.ams.gmams.cl\CL_MLP_PAO\Vuelos_Drone_Sin_Procesar\INPUT\20260206_Geosupport_primera entrega\SOLO_JPG_02Jun26\GEOSP-TRN-002522\DJI_202605021530_028\DJI_20260502153707_0007_V[1].JPG,SOLO_JPG_02Jun26\GEOSP-TRN-002522\DJI_202605021530_028\DJI_20260502153707_0007_V[1].JPG,1.017,2026-06-11 11:01:54,\\amssclgis10.ams.gmams.cl\cl_mlp_pao\vuelos_drone_sin_procesar\input\20260206_geosupport_primera entrega\solo_jpg_02jun26\geosp-trn-002522\dji_202605021530_028\dji_20260502153707_0007_v[1].jpg,False
DJI_20260502153734_0008_V.JPG,DJI_20260502153734_0008_V,.jpg,\\amssclgis10.ams.gmams.cl\CL_MLP_PAO\Vuelos_Drone_Sin_Procesar\INPUT\20260206_Geosupport_primera entrega\SOLO_JPG_02Jun26\GEOSP-TRN-002522\DJI_202605021530_028\DJI_20260502153734_0008_V.JPG,SOLO_JPG_02Jun26\GEOSP-TRN-002522\DJI_202605021530_028\DJI_20260502153734_0008_V.JPG,1.234,2026-06-11 11:01:54,\\amssclgis10.ams.gmams.cl\cl_mlp_pao\vuelos_drone_sin_procesar\input\20260206_geosupport_primera entrega\solo_jpg_02jun26\geosp-trn-002522\dji_202605021530_028\dji_20260502153734_0008_v.jpg,False
DJI_20260502153756_0009_V.JPG,DJI_20260502153756_0009_V,.jpg,\\amssclgis10.ams.gmams.cl\CL_MLP_PAO\Vuelos_Drone_Sin_Procesar\INPUT\20260206_Geosupport_primera entrega\SOLO_JPG_02Jun26\GEOSP-TRN-002522\DJI_202605021530_028\DJI_20260502153756_0009_V.JPG,SOLO_JPG_02Jun26\GEOSP-TRN-002522\DJI_202605021530_028\DJI_20260502153756_0009_V.JPG,1.209,2026-06-11 11:01:54,\\amssclgis10.ams.gmams.cl\cl_mlp_pao\vuelos_drone_sin_procesar\input\20260206_geosupport_primera entrega\solo_jpg_02jun26\geosp-trn-002522\dji_202605021530_028\dji_20260502153756_0009_v.jpg,False
DJI_20260502153839_0010_V.JPG,DJI_20260502153839_0010_V,.jpg,\\amssclgis10.ams.gmams.cl\CL_MLP_PAO\Vuelos_Drone_Sin_Procesar\INPUT\20260206_Geosupport_primera entrega\SOLO_JPG_02Jun26\GEOSP-TRN-002522\DJI_202605021530_028\DJI_20260502153839_0010_V.JPG,SOLO_JPG_02Jun26\GEOSP-TRN-002522\DJI_202605021530_028\DJI_20260502153839_0010_V.JPG,1.192,2026-06-11 11:01:55,\\amssclgis10.ams.gmams.cl\cl_mlp_pao\vuelos_drone_sin_procesar\input\20260206_geosupport_primera entrega\solo_jpg_02jun26\geosp-trn-002522\dji_202605021530_028\dji_20260502153839_0010_v.jpg,False
DJI_20260502153904_0011_V.JPG,DJI_20260502153904_0011_V,.jpg,\\amssclgis10.ams.gmams.cl\CL_MLP_PAO\Vuelos_Drone_Sin_Procesar\INPUT\20260206_Geosupport_primera entrega\SOLO_JPG_02Jun26\GEOSP-TRN-002522\DJI_202605021530_028\DJI_20260502153904_0011_V.JPG,SOLO_JPG_02Jun26\GEOSP-TRN-002522\DJI_202605021530_028\DJI_20260502153904_0011_V.JPG,1.173,2026-06-11 11:01:55,\\amssclgis10.ams.gmams.cl\cl_mlp_pao\vuelos_drone_sin_procesar\input\20260206_geosupport_primera entrega\solo_jpg_02jun26\geosp-trn-002522\dji_202605021530_028\dji_20260502153904_0011_v.jpg,False
DJI_20260502153927_0012_V.JPG,DJI_20260502153927_0012_V,.jpg,\\amssclgis10.ams.gmams.cl\CL_MLP_PAO\Vuelos_Drone_Sin_Procesar\INPUT\20260206_Geosupport_primera entrega\SOLO_JPG_02Jun26\GEOSP-TRN-002522\DJI_202605021530_028\DJI_20260502153927_0012_V.JPG,SOLO_JPG_02Jun26\GEOSP-TRN-002522\DJI_202605021530_028\DJI_20260502153927_0012_V.JPG,1.181,2026-06-11 11:01:55,\\amssclgis10.ams.gmams.cl\cl_mlp_pao\vuelos_drone_sin_procesar\input\20260206_geosupport_primera entrega\solo_jpg_02jun26\geosp-trn-002522\dji_202605021530_028\dji_20260502153927_0012_v.jpg,False
DJI_20260509114340_0017_V.JPG,DJI_20260509114340_0017_V,.jpg,\\amssclgis10.ams.gmams.cl\CL_MLP_PAO\Vuelos_Drone_Sin_Procesar\INPUT\20260206_Geosupport_primera entrega\SOLO_JPG_02Jun26\GEOSP-TRN-002572\GS_AFD+Ortofoto_EDT_09-05-26\DJI_20260509114340_0017_V.JPG,SOLO_JPG_02Jun26\GEOSP-TRN-002572\GS_AFD+Ortofoto_EDT_09-05-26\DJI_20260509114340_0017_V.JPG,0.941,2026-06-11 11:01:56,\\amssclgis10.ams.gmams.cl\cl_mlp_pao\vuelos_drone_sin_procesar\input\20260206_geosupport_primera entrega\solo_jpg_02jun26\geosp-trn-002572\gs_afd+ortofoto_edt_09-05-26\dji_20260509114340_0017_v.jpg,False
DJI_20260509114353_0018_V.JPG,DJI_20260509114353_0018_V,.jpg,\\amssclgis10.ams.gmams.cl\CL_MLP_PAO\Vuelos_Drone_Sin_Procesar\INPUT\20260206_Geosupport_primera entrega\SOLO_JPG_02Jun26\GEOSP-TRN-002572\GS_AFD+Ortofoto_EDT_09-05-26\DJI_20260509114353_0018_V.JPG,SOLO_JPG_02Jun26\GEOSP-TRN-002572\GS_AFD+Ortofoto_EDT_09-05-26\DJI_20260509114353_0018_V.JPG,0.95,2026-06-11 11:01:56,\\amssclgis10.ams.gmams.cl\cl_mlp_pao\vuelos_drone_sin_procesar\input\20260206_geosupport_primera entrega\solo_jpg_02jun26\geosp-trn-002572\gs_afd+ortofoto_edt_09-05-26\dji_20260509114353_0018_v.jpg,False
DJI_20260509114356_0019_V.JPG,DJI_20260509114356_0019_V,.jpg,\\amssclgis10.ams.gmams.cl\CL_MLP_PAO\Vuelos_Drone_Sin_Procesar\INPUT\20260206_Geosupport_primera entrega\SOLO_JPG_02Jun26\GEOSP-TRN-002572\GS_AFD+Ortofoto_EDT_09-05-26\DJI_20260509114356_0019_V.JPG,SOLO_JPG_02Jun26\GEOSP-TRN-002572\GS_AFD+Ortofoto_EDT_09-05-26\DJI_20260509114356_0019_V.JPG,1.028,2026-06-11 11:01:56,\\amssclgis10.ams.gmams.cl\cl_mlp_pao\vuelos_drone_sin_procesar\input\20260206_geosupport_primera entrega\solo_jpg_02jun26\geosp-trn-002572\gs_afd+ortofoto_edt_09-05-26\dji_20260509114356_0019_v.jpg,False
DJI_20260509114415_0020_V.JPG,DJI_20260509114415_0020_V,.jpg,\\amssclgis10.ams.gmams.cl\CL_MLP_PAO\Vuelos_Drone_Sin_Procesar\INPUT\20260206_Geosupport_primera entrega\SOLO_JPG_02Jun26\GEOSP-TRN-002572\GS_AFD+Ortofoto_EDT_09-05-26\DJI_20260509114415_0020_V.JPG,SOLO_JPG_02Jun26\GEOSP-TRN-002572\GS_AFD+Ortofoto_EDT_09-05-26\DJI_20260509114415_0020_V.JPG,0.985,2026-06-11 11:01:56,\\amssclgis10.ams.gmams.cl\cl_mlp_pao\vuelos_drone_sin_procesar\input\20260206_geosupport_primera entrega\solo_jpg_02jun26\geosp-trn-002572\gs_afd+ortofoto_edt_09-05-26\dji_20260509114415_0020_v.jpg,False
DJI_20260509114425_0021_V.JPG,DJI_20260509114425_0021_V,.jpg,\\amssclgis10.ams.gmams.cl\CL_MLP_PAO\Vuelos_Drone_Sin_Procesar\INPUT\20260206_Geosupport_primera entrega\SOLO_JPG_02Jun26\GEOSP-TRN-002572\GS_AFD+Ortofoto_EDT_09-05-26\DJI_20260509114425_0021_V.JPG,SOLO_JPG_02Jun26\GEOSP-TRN-002572\GS_AFD+Ortofoto_EDT_09-05-26\DJI_20260509114425_0021_V.JPG,0.925,2026-06-11 11:01:57,\\amssclgis10.ams.gmams.cl\cl_mlp_pao\vuelos_drone_sin_procesar\input\20260206_geosupport_primera entrega\solo_jpg_02jun26\geosp-trn-002572\gs_afd+ortofoto_edt_09-05-26\dji_20260509114425_0021_v.jpg,False
DJI_20260509114448_0022_V.JPG,DJI_20260509114448_0022_V,.jpg,\\amssclgis10.ams.gmams.cl\CL_MLP_PAO\Vuelos_Drone_Sin_Procesar\INPUT\20260206_Geosupport_primera entrega\SOLO_JPG_02Jun26\GEOSP-TRN-002572\GS_AFD+Ortofoto_EDT_09-05-26\DJI_20260509114448_0022_V.JPG,SOLO_JPG_02Jun26\GEOSP-TRN-002572\GS_AFD+Ortofoto_EDT_09-05-26\DJI_20260509114448_0022_V.JPG,1.046,2026-06-11 11:01:57,\\amssclgis10.ams.gmams.cl\cl_mlp_pao\vuelos_drone_sin_procesar\input\20260206_geosupport_primera entrega\solo_jpg_02jun26\geosp-trn-002572\gs_afd+ortofoto_edt_09-05-26\dji_20260509114448_0022_v.jpg,False
DJI_20260509114455_0023_V.JPG,DJI_20260509114455_0023_V,.jpg,\\amssclgis10.ams.gmams.cl\CL_MLP_PAO\Vuelos_Drone_Sin_Procesar\INPUT\20260206_Geosupport_primera entrega\SOLO_JPG_02Jun26\GEOSP-TRN-002572\GS_AFD+Ortofoto_EDT_09-05-26\DJI_20260509114455_0023_V.JPG,SOLO_JPG_02Jun26\GEOSP-TRN-002572\GS_AFD+Ortofoto_EDT_09-05-26\DJI_20260509114455_0023_V.JPG,1.032,2026-06-11 11:01:57,\\amssclgis10.ams.gmams.cl\cl_mlp_pao\vuelos_drone_sin_procesar\input\20260206_geosupport_primera entrega\solo_jpg_02jun26\geosp-trn-002572\gs_afd+ortofoto_edt_09-05-26\dji_20260509114455_0023_v.jpg,False
DJI_20260509114503_0024_V.JPG,DJI_20260509114503_0024_V,.jpg,\\amssclgis10.ams.gmams.cl\CL_MLP_PAO\Vuelos_Drone_Sin_Procesar\INPUT\20260206_Geosupport_primera entrega\SOLO_JPG_02Jun26\GEOSP-TRN-002572\GS_AFD+Ortofoto_EDT_09-05-26\DJI_20260509114503_0024_V.JPG,SOLO_JPG_02Jun26\GEOSP-TRN-002572\GS_AFD+Ortofoto_EDT_09-05-26\DJI_20260509114503_0024_V.JPG,1.101,2026-06-11 11:01:57,\\amssclgis10.ams.gmams.cl\cl_mlp_pao\vuelos_drone_sin_procesar\input\20260206_geosupport_primera entrega\solo_jpg_02jun26\geosp-trn-002572\gs_afd+ortofoto_edt_09-05-26\dji_20260509114503_0024_v.jpg,False
DJI_20260509114509_0025_V.JPG,DJI_20260509114509_0025_V,.jpg,\\amssclgis10.ams.gmams.cl\CL_MLP_PAO\Vuelos_Drone_Sin_Procesar\INPUT\20260206_Geosupport_primera entrega\SOLO_JPG_02Jun26\GEOSP-TRN-002572\GS_AFD+Ortofoto_EDT_09-05-26\DJI_20260509114509_0025_V.JPG,SOLO_JPG_02Jun26\GEOSP-TRN-002572\GS_AFD+Ortofoto_EDT_09-05-26\DJI_20260509114509_0025_V.JPG,1.089,2026-06-11 11:01:58,\\amssclgis10.ams.gmams.cl\cl_mlp_pao\vuelos_drone_sin_procesar\input\20260206_geosupport_primera entrega\solo_jpg_02jun26\geosp-trn-002572\gs_afd+ortofoto_edt_09-05-26\dji_20260509114509_0025_v.jpg,False
DJI_20260509114522_0026_V.JPG,DJI_20260509114522_0026_V,.jpg,\\amssclgis10.ams.gmams.cl\CL_MLP_PAO\Vuelos_Drone_Sin_Procesar\INPUT\20260206_Geosupport_primera entrega\SOLO_JPG_02Jun26\GEOSP-TRN-002572\GS_AFD+Ortofoto_EDT_09-05-26\DJI_20260509114522_0026_V.JPG,SOLO_JPG_02Jun26\GEOSP-TRN-002572\GS_AFD+Ortofoto_EDT_09-05-26\DJI_20260509114522_0026_V.JPG,1.145,2026-06-11 11:01:58,\\amssclgis10.ams.gmams.cl\cl_mlp_pao\vuelos_drone_sin_procesar\input\20260206_geosupport_primera entrega\solo_jpg_02jun26\geosp-trn-002572\gs_afd+ortofoto_edt_09-05-26\dji_20260509114522_0026_v.jpg,False
DJI_20260509114530_0027_V.JPG,DJI_20260509114530_0027_V,.jpg,\\amssclgis10.ams.gmams.cl\CL_MLP_PAO\Vuelos_Drone_Sin_Procesar\INPUT\20260206_Geosupport_primera entrega\SOLO_JPG_02Jun26\GEOSP-TRN-002572\GS_AFD+Ortofoto_EDT_09-05-26\DJI_20260509114530_0027_V.JPG,SOLO_JPG_02Jun26\GEOSP-TRN-002572\GS_AFD+Ortofoto_EDT_09-05-26\DJI_20260509114530_0027_V.JPG,1.309,2026-06-11 11:01:58,\\amssclgis10.ams.gmams.cl\cl_mlp_pao\vuelos_drone_sin_procesar\input\20260206_geosupport_primera entrega\solo_jpg_02jun26\geosp-trn-002572\gs_afd+ortofoto_edt_09-05-26\dji_20260509114530_0027_v.jpg,False
DJI_20260509114557_0028_V.JPG,DJI_20260509114557_0028_V,.jpg,\\amssclgis10.ams.gmams.cl\CL_MLP_PAO\Vuelos_Drone_Sin_Procesar\INPUT\20260206_Geosupport_primera entrega\SOLO_JPG_02Jun26\GEOSP-TRN-002572\GS_AFD+Ortofoto_EDT_09-05-26\DJI_20260509114557_0028_V.JPG,SOLO_JPG_02Jun26\GEOSP-TRN-002572\GS_AFD+Ortofoto_EDT_09-05-26\DJI_20260509114557_0028_V.JPG,1.157,2026-06-11 11:01:59,\\amssclgis10.ams.gmams.cl\cl_mlp_pao\vuelos_drone_sin_procesar\input\20260206_geosupport_primera entrega\solo_jpg_02jun26\geosp-trn-002572\gs_afd+ortofoto_edt_09-05-26\dji_20260509114557_0028_v.jpg,False
DJI_20260509114622_0029_V.JPG,DJI_20260509114622_0029_V,.jpg,\\amssclgis10.ams.gmams.cl\CL_MLP_PAO\Vuelos_Drone_Sin_Procesar\INPUT\20260206_Geosupport_primera entrega\SOLO_JPG_02Jun26\GEOSP-TRN-002572\GS_AFD+Ortofoto_EDT_09-05-26\DJI_20260509114622_0029_V.JPG,SOLO_JPG_02Jun26\GEOSP-TRN-002572\GS_AFD+Ortofoto_EDT_09-05-26\DJI_20260509114622_0029_V.JPG,1.128,2026-06-11 11:01:59,\\amssclgis10.ams.gmams.cl\cl_mlp_pao\vuelos_drone_sin_procesar\input\20260206_geosupport_primera entrega\solo_jpg_02jun26\geosp-trn-002572\gs_afd+ortofoto_edt_09-05-26\dji_20260509114622_0029_v.jpg,False
DJI_20260509114636_0030_V.JPG,DJI_20260509114636_0030_V,.jpg,\\amssclgis10.ams.gmams.cl\CL_MLP_PAO\Vuelos_Drone_Sin_Procesar\INPUT\20260206_Geosupport_primera entrega\SOLO_JPG_02Jun26\GEOSP-TRN-002572\GS_AFD+Ortofoto_EDT_09-05-26\DJI_20260509114636_0030_V.JPG,SOLO_JPG_02Jun26\GEOSP-TRN-002572\GS_AFD+Ortofoto_EDT_09-05-26\DJI_20260509114636_0030_V.JPG,1.248,2026-06-11 11:01:59,\\amssclgis10.ams.gmams.cl\cl_mlp_pao\vuelos_drone_sin_procesar\input\20260206_geosupport_primera entrega\solo_jpg_02jun26\geosp-trn-002572\gs_afd+ortofoto_edt_09-05-26\dji_20260509114636_0030_v.jpg,False
DJI_20260509114642_0031_V.JPG,DJI_20260509114642_0031_V,.jpg,\\amssclgis10.ams.gmams.cl\CL_MLP_PAO\Vuelos_Drone_Sin_Procesar\INPUT\20260206_Geosupport_primera entrega\SOLO_JPG_02Jun26\GEOSP-TRN-002572\GS_AFD+Ortofoto_EDT_09-05-26\DJI_20260509114642_0031_V.JPG,SOLO_JPG_02Jun26\GEOSP-TRN-002572\GS_AFD+Ortofoto_EDT_09-05-26\DJI_20260509114642_0031_V.JPG,1.242,2026-06-11 11:01:59,\\amssclgis10.ams.gmams.cl\cl_mlp_pao\vuelos_drone_sin_procesar\input\20260206_geosupport_primera entrega\solo_jpg_02jun26\geosp-trn-002572\gs_afd+ortofoto_edt_09-05-26\dji_20260509114642_0031_v.jpg,False
DJI_20260509114651_0032_V.JPG,DJI_20260509114651_0032_V,.jpg,\\amssclgis10.ams.gmams.cl\CL_MLP_PAO\Vuelos_Drone_Sin_Procesar\INPUT\20260206_Geosupport_primera entrega\SOLO_JPG_02Jun26\GEOSP-TRN-002572\GS_AFD+Ortofoto_EDT_09-05-26\DJI_20260509114651_0032_V.JPG,SOLO_JPG_02Jun26\GEOSP-TRN-002572\GS_AFD+Ortofoto_EDT_09-05-26\DJI_20260509114651_0032_V.JPG,1.143,2026-06-11 11:02:00,\\amssclgis10.ams.gmams.cl\cl_mlp_pao\vuelos_drone_sin_procesar\input\20260206_geosupport_primera entrega\solo_jpg_02jun26\geosp-trn-002572\gs_afd+ortofoto_edt_09-05-26\dji_20260509114651_0032_v.jpg,False
DJI_20260509114654_0033_V.JPG,DJI_20260509114654_0033_V,.jpg,\\amssclgis10.ams.gmams.cl\CL_MLP_PAO\Vuelos_Drone_Sin_Procesar\INPUT\20260206_Geosupport_primera entrega\SOLO_JPG_02Jun26\GEOSP-TRN-002572\GS_AFD+Ortofoto_EDT_09-05-26\DJI_20260509114654_0033_V.JPG,SOLO_JPG_02Jun26\GEOSP-TRN-002572\GS_AFD+Ortofoto_EDT_09-05-26\DJI_20260509114654_0033_V.JPG,1.033,2026-06-11 11:02:00,\\amssclgis10.ams.gmams.cl\cl_mlp_pao\vuelos_drone_sin_procesar\input\20260206_geosupport_primera entrega\solo_jpg_02jun26\geosp-trn-002572\gs_afd+ortofoto_edt_09-05-26\dji_20260509114654_0033_v.jpg,False
DJI_20260509114701_0034_V.JPG,DJI_20260509114701_0034_V,.jpg,\\amssclgis10.ams.gmams.cl\CL_MLP_PAO\Vuelos_Drone_Sin_Procesar\INPUT\20260206_Geosupport_primera entrega\SOLO_JPG_02Jun26\GEOSP-TRN-002572\GS_AFD+Ortofoto_EDT_09-05-26\DJI_20260509114701_0034_V.JPG,SOLO_JPG_02Jun26\GEOSP-TRN-002572\GS_AFD+Ortofoto_EDT_09-05-26\DJI_20260509114701_0034_V.JPG,0.978,2026-06-11 11:02:00,\\amssclgis10.ams.gmams.cl\cl_mlp_pao\vuelos_drone_sin_procesar\input\20260206_geosupport_primera entrega\solo_jpg_02jun26\geosp-trn-002572\gs_afd+ortofoto_edt_09-05-26\dji_20260509114701_0034_v.jpg,False
DJI_20260509114707_0035_V.JPG,DJI_20260509114707_0035_V,.jpg,\\amssclgis10.ams.gmams.cl\CL_MLP_PAO\Vuelos_Drone_Sin_Procesar\INPUT\20260206_Geosupport_primera entrega\SOLO_JPG_02Jun26\GEOSP-TRN-002572\GS_AFD+Ortofoto_EDT_09-05-26\DJI_20260509114707_0035_V.JPG,SOLO_JPG_02Jun26\GEOSP-TRN-002572\GS_AFD+Ortofoto_EDT_09-05-26\DJI_20260509114707_0035_V.JPG,0.928,2026-06-11 11:02:00,\\amssclgis10.ams.gmams.cl\cl_mlp_pao\vuelos_drone_sin_procesar\input\20260206_geosupport_primera entrega\solo_jpg_02jun26\geosp-trn-002572\gs_afd+ortofoto_edt_09-05-26\dji_20260509114707_0035_v.jpg,False
DJI_20260509114713_0036_V.JPG,DJI_20260509114713_0036_V,.jpg,\\amssclgis10.ams.gmams.cl\CL_MLP_PAO\Vuelos_Drone_Sin_Procesar\INPUT\20260206_Geosupport_primera entrega\SOLO_JPG_02Jun26\GEOSP-TRN-002572\GS_AFD+Ortofoto_EDT_09-05-26\DJI_20260509114713_0036_V.JPG,SOLO_JPG_02Jun26\GEOSP-TRN-002572\GS_AFD+Ortofoto_EDT_09-05-26\DJI_20260509114713_0036_V.JPG,1.089,2026-06-11 11:02:01,\\amssclgis10.ams.gmams.cl\cl_mlp_pao\vuelos_drone_sin_procesar\input\20260206_geosupport_primera entrega\solo_jpg_02jun26\geosp-trn-002572\gs_afd+ortofoto_edt_09-05-26\dji_20260509114713_0036_v.jpg,False
DJI_20260509114720_0037_V.JPG,DJI_20260509114720_0037_V,.jpg,\\amssclgis10.ams.gmams.cl\CL_MLP_PAO\Vuelos_Drone_Sin_Procesar\INPUT\20260206_Geosupport_primera entrega\SOLO_JPG_02Jun26\GEOSP-TRN-002572\GS_AFD+Ortofoto_EDT_09-05-26\DJI_20260509114720_0037_V.JPG,SOLO_JPG_02Jun26\GEOSP-TRN-002572\GS_AFD+Ortofoto_EDT_09-05-26\DJI_20260509114720_0037_V.JPG,1.021,2026-06-11 11:02:01,\\amssclgis10.ams.gmams.cl\cl_mlp_pao\vuelos_drone_sin_procesar\input\20260206_geosupport_primera entrega\solo_jpg_02jun26\geosp-trn-002572\gs_afd+ortofoto_edt_09-05-26\dji_20260509114720_0037_v.jpg,False
DJI_20260509114728_0038_V.JPG,DJI_20260509114728_0038_V,.jpg,\\amssclgis10.ams.gmams.cl\CL_MLP_PAO\Vuelos_Drone_Sin_Procesar\INPUT\20260206_Geosupport_primera entrega\SOLO_JPG_02Jun26\GEOSP-TRN-002572\GS_AFD+Ortofoto_EDT_09-05-26\DJI_20260509114728_0038_V.JPG,SOLO_JPG_02Jun26\GEOSP-TRN-002572\GS_AFD+Ortofoto_EDT_09-05-26\DJI_20260509114728_0038_V.JPG,0.957,2026-06-11 11:02:01,\\amssclgis10.ams.gmams.cl\cl_mlp_pao\vuelos_drone_sin_procesar\input\20260206_geosupport_primera entrega\solo_jpg_02jun26\geosp-trn-002572\gs_afd+ortofoto_edt_09-05-26\dji_20260509114728_0038_v.jpg,False
DJI_20260509114733_0039_V.JPG,DJI_20260509114733_0039_V,.jpg,\\amssclgis10.ams.gmams.cl\CL_MLP_PAO\Vuelos_Drone_Sin_Procesar\INPUT\20260206_Geosupport_primera entrega\SOLO_JPG_02Jun26\GEOSP-TRN-002572\GS_AFD+Ortofoto_EDT_09-05-26\DJI_20260509114733_0039_V.JPG,SOLO_JPG_02Jun26\GEOSP-TRN-002572\GS_AFD+Ortofoto_EDT_09-05-26\DJI_20260509114733_0039_V.JPG,1.049,2026-06-11 11:02:02,\\amssclgis10.ams.gmams.cl\cl_mlp_pao\vuelos_drone_sin_procesar\input\20260206_geosupport_primera entrega\solo_jpg_02jun26\geosp-trn-002572\gs_afd+ortofoto_edt_09-05-26\dji_20260509114733_0039_v.jpg,False
DJI_20260509114736_0040_V.JPG,DJI_20260509114736_0040_V,.jpg,\\amssclgis10.ams.gmams.cl\CL_MLP_PAO\Vuelos_Drone_Sin_Procesar\INPUT\20260206_Geosupport_primera entrega\SOLO_JPG_02Jun26\GEOSP-TRN-002572\GS_AFD+Ortofoto_EDT_09-05-26\DJI_20260509114736_0040_V.JPG,SOLO_JPG_02Jun26\GEOSP-TRN-002572\GS_AFD+Ortofoto_EDT_09-05-26\DJI_20260509114736_0040_V.JPG,1.084,2026-06-11 11:02:02,\\amssclgis10.ams.gmams.cl\cl_mlp_pao\vuelos_drone_sin_procesar\input\20260206_geosupport_primera entrega\solo_jpg_02jun26\geosp-trn-002572\gs_afd+ortofoto_edt_09-05-26\dji_20260509114736_0040_v.jpg,False
DJI_20260509114750_0041_V.JPG,DJI_20260509114750_0041_V,.jpg,\\amssclgis10.ams.gmams.cl\CL_MLP_PAO\Vuelos_Drone_Sin_Procesar\INPUT\20260206_Geosupport_primera entrega\SOLO_JPG_02Jun26\GEOSP-TRN-002572\GS_AFD+Ortofoto_EDT_09-05-26\DJI_20260509114750_0041_V.JPG,SOLO_JPG_02Jun26\GEOSP-TRN-002572\GS_AFD+Ortofoto_EDT_09-05-26\DJI_20260509114750_0041_V.JPG,0.986,2026-06-11 11:02:02,\\amssclgis10.ams.gmams.cl\cl_mlp_pao\vuelos_drone_sin_procesar\input\20260206_geosupport_primera entrega\solo_jpg_02jun26\geosp-trn-002572\gs_afd+ortofoto_edt_09-05-26\dji_20260509114750_0041_v.jpg,False
DJI_20260509114753_0042_V.JPG,DJI_20260509114753_0042_V,.jpg,\\amssclgis10.ams.gmams.cl\CL_MLP_PAO\Vuelos_Drone_Sin_Procesar\INPUT\20260206_Geosupport_primera entrega\SOLO_JPG_02Jun26\GEOSP-TRN-002572\GS_AFD+Ortofoto_EDT_09-05-26\DJI_20260509114753_0042_V.JPG,SOLO_JPG_02Jun26\GEOSP-TRN-002572\GS_AFD+Ortofoto_EDT_09-05-26\DJI_20260509114753_0042_V.JPG,0.986,2026-06-11 11:02:02,\\amssclgis10.ams.gmams.cl\cl_mlp_pao\vuelos_drone_sin_procesar\input\20260206_geosupport_primera entrega\solo_jpg_02jun26\geosp-trn-002572\gs_afd+ortofoto_edt_09-05-26\dji_20260509114753_0042_v.jpg,False
DJI_20260508133643_0001_V.JPG,DJI_20260508133643_0001_V,.jpg,\\amssclgis10.ams.gmams.cl\CL_MLP_PAO\Vuelos_Drone_Sin_Procesar\INPUT\20260206_Geosupport_primera entrega\SOLO_JPG_02Jun26\GEOSP-TRN-002573\AFD DEP 13\DJI_20260508133643_0001_V.JPG,SOLO_JPG_02Jun26\GEOSP-TRN-002573\AFD DEP 13\DJI_20260508133643_0001_V.JPG,1.204,2026-06-11 11:02:04,\\amssclgis10.ams.gmams.cl\cl_mlp_pao\vuelos_drone_sin_procesar\input\20260206_geosupport_primera entrega\solo_jpg_02jun26\geosp-trn-002573\afd dep 13\dji_20260508133643_0001_v.jpg,False
DJI_20260508133647_0003_V.JPG,DJI_20260508133647_0003_V,.jpg,\\amssclgis10.ams.gmams.cl\CL_MLP_PAO\Vuelos_Drone_Sin_Procesar\INPUT\20260206_Geosupport_primera entrega\SOLO_JPG_02Jun26\GEOSP-TRN-002573\AFD DEP 13\DJI_20260508133647_0003_V.JPG,SOLO_JPG_02Jun26\GEOSP-TRN-002573\AFD DEP 13\DJI_20260508133647_0003_V.JPG,1.254,2026-06-11 11:02:04,\\amssclgis10.ams.gmams.cl\cl_mlp_pao\vuelos_drone_sin_procesar\input\20260206_geosupport_primera entrega\solo_jpg_02jun26\geosp-trn-002573\afd dep 13\dji_20260508133647_0003_v.jpg,False
DJI_20260508133651_0004_V.JPG,DJI_20260508133651_0004_V,.jpg,\\amssclgis10.ams.gmams.cl\CL_MLP_PAO\Vuelos_Drone_Sin_Procesar\INPUT\20260206_Geosupport_primera entrega\SOLO_JPG_02Jun26\GEOSP-TRN-002573\AFD DEP 13\DJI_20260508133651_0004_V.JPG,SOLO_JPG_02Jun26\GEOSP-TRN-002573\AFD DEP 13\DJI_20260508133651_0004_V.JPG,1.227,2026-06-11 11:02:04,\\amssclgis10.ams.gmams.cl\cl_mlp_pao\vuelos_drone_sin_procesar\input\20260206_geosupport_primera entrega\solo_jpg_02jun26\geosp-trn-002573\afd dep 13\dji_20260508133651_0004_v.jpg,False
DJI_20260508133655_0005_V.JPG,DJI_20260508133655_0005_V,.jpg,\\amssclgis10.ams.gmams.cl\CL_MLP_PAO\Vuelos_Drone_Sin_Procesar\INPUT\20260206_Geosupport_primera entrega\SOLO_JPG_02Jun26\GEOSP-TRN-002573\AFD DEP 13\DJI_20260508133655_0005_V.JPG,SOLO_JPG_02Jun26\GEOSP-TRN-002573\AFD DEP 13\DJI_20260508133655_0005_V.JPG,1.283,2026-06-11 11:02:05,\\amssclgis10.ams.gmams.cl\cl_mlp_pao\vuelos_drone_sin_procesar\input\20260206_geosupport_primera entrega\solo_jpg_02jun26\geosp-trn-002573\afd dep 13\dji_20260508133655_0005_v.jpg,False
DJI_20260508133659_0006_V.JPG,DJI_20260508133659_0006_V,.jpg,\\amssclgis10.ams.gmams.cl\CL_MLP_PAO\Vuelos_Drone_Sin_Procesar\INPUT\20260206_Geosupport_primera entrega\SOLO_JPG_02Jun26\GEOSP-TRN-002573\AFD DEP 13\DJI_20260508133659_0006_V.JPG,SOLO_JPG_02Jun26\GEOSP-TRN-002573\AFD DEP 13\DJI_20260508133659_0006_V.JPG,1.272,2026-06-11 11:02:05,\\amssclgis10.ams.gmams.cl\cl_mlp_pao\vuelos_drone_sin_procesar\input\20260206_geosupport_primera entrega\solo_jpg_02jun26\geosp-trn-002573\afd dep 13\dji_20260508133659_0006_v.jpg,False
DJI_20260508133704_0007_V.JPG,DJI_20260508133704_0007_V,.jpg,\\amssclgis10.ams.gmams.cl\CL_MLP_PAO\Vuelos_Drone_Sin_Procesar\INPUT\20260206_Geosupport_primera entrega\SOLO_JPG_02Jun26\GEOSP-TRN-002573\AFD DEP 13\DJI_20260508133704_0007_V.JPG,SOLO_JPG_02Jun26\GEOSP-TRN-002573\AFD DEP 13\DJI_20260508133704_0007_V.JPG,1.277,2026-06-11 11:02:05,\\amssclgis10.ams.gmams.cl\cl_mlp_pao\vuelos_drone_sin_procesar\input\20260206_geosupport_primera entrega\solo_jpg_02jun26\geosp-trn-002573\afd dep 13\dji_20260508133704_0007_v.jpg,False
DJI_20260508133706_0008_V.JPG,DJI_20260508133706_0008_V,.jpg,\\amssclgis10.ams.gmams.cl\CL_MLP_PAO\Vuelos_Drone_Sin_Procesar\INPUT\20260206_Geosupport_primera entrega\SOLO_JPG_02Jun26\GEOSP-TRN-002573\AFD DEP 13\DJI_20260508133706_0008_V.JPG,SOLO_JPG_02Jun26\GEOSP-TRN-002573\AFD DEP 13\DJI_20260508133706_0008_V.JPG,1.316,2026-06-11 11:02:05,\\amssclgis10.ams.gmams.cl\cl_mlp_pao\vuelos_drone_sin_procesar\input\20260206_geosupport_primera entrega\solo_jpg_02jun26\geosp-trn-002573\afd dep 13\dji_20260508133706_0008_v.jpg,False
DJI_20260508133708_0009_V.JPG,DJI_20260508133708_0009_V,.jpg,\\amssclgis10.ams.gmams.cl\CL_MLP_PAO\Vuelos_Drone_Sin_Procesar\INPUT\20260206_Geosupport_primera entrega\SOLO_JPG_02Jun26\GEOSP-TRN-002573\AFD DEP 13\DJI_20260508133708_0009_V.JPG,SOLO_JPG_02Jun26\GEOSP-TRN-002573\AFD DEP 13\DJI_20260508133708_0009_V.JPG,1.397,2026-06-11 11:02:06,\\amssclgis10.ams.gmams.cl\cl_mlp_pao\vuelos_drone_sin_procesar\input\20260206_geosupport_primera entrega\solo_jpg_02jun26\geosp-trn-002573\afd dep 13\dji_20260508133708_0009_v.jpg,False
DJI_20260508133721_0010_V.JPG,DJI_20260508133721_0010_V,.jpg,\\amssclgis10.ams.gmams.cl\CL_MLP_PAO\Vuelos_Drone_Sin_Procesar\INPUT\20260206_Geosupport_primera entrega\SOLO_JPG_02Jun26\GEOSP-TRN-002573\AFD DEP 13\DJI_20260508133721_0010_V.JPG,SOLO_JPG_02Jun26\GEOSP-TRN-002573\AFD DEP 13\DJI_20260508133721_0010_V.JPG,1.335,2026-06-11 11:02:06,\\amssclgis10.ams.gmams.cl\cl_mlp_pao\vuelos_drone_sin_procesar\input\20260206_geosupport_primera entrega\solo_jpg_02jun26\geosp-trn-002573\afd dep 13\dji_20260508133721_0010_v.jpg,False
DJI_20260508133726_0011_V.JPG,DJI_20260508133726_0011_V,.jpg,\\amssclgis10.ams.gmams.cl\CL_MLP_PAO\Vuelos_Drone_Sin_Procesar\INPUT\20260206_Geosupport_primera entrega\SOLO_JPG_02Jun26\GEOSP-TRN-002573\AFD DEP 13\DJI_20260508133726_0011_V.JPG,SOLO_JPG_02Jun26\GEOSP-TRN-002573\AFD DEP 13\DJI_20260508133726_0011_V.JPG,1.315,2026-06-11 11:02:06,\\amssclgis10.ams.gmams.cl\cl_mlp_pao\vuelos_drone_sin_procesar\input\20260206_geosupport_primera entrega\solo_jpg_02jun26\geosp-trn-002573\afd dep 13\dji_20260508133726_0011_v.jpg,False
DJI_20260508133729_0012_V.JPG,DJI_20260508133729_0012_V,.jpg,\\amssclgis10.ams.gmams.cl\CL_MLP_PAO\Vuelos_Drone_Sin_Procesar\INPUT\20260206_Geosupport_primera entrega\SOLO_JPG_02Jun26\GEOSP-TRN-002573\AFD DEP 13\DJI_20260508133729_0012_V.JPG,SOLO_JPG_02Jun26\GEOSP-TRN-002573\AFD DEP 13\DJI_20260508133729_0012_V.JPG,1.295,2026-06-11 11:02:06,\\amssclgis10.ams.gmams.cl\cl_mlp_pao\vuelos_drone_sin_procesar\input\20260206_geosupport_primera entrega\solo_jpg_02jun26\geosp-trn-002573\afd dep 13\dji_20260508133729_0012_v.jpg,False
DJI_20260508133736_0013_V.JPG,DJI_20260508133736_0013_V,.jpg,\\amssclgis10.ams.gmams.cl\CL_MLP_PAO\Vuelos_Drone_Sin_Procesar\INPUT\20260206_Geosupport_primera entrega\SOLO_JPG_02Jun26\GEOSP-TRN-002573\AFD DEP 13\DJI_20260508133736_0013_V.JPG,SOLO_JPG_02Jun26\GEOSP-TRN-002573\AFD DEP 13\DJI_20260508133736_0013_V.JPG,1.325,2026-06-11 11:02:07,\\amssclgis10.ams.gmams.cl\cl_mlp_pao\vuelos_drone_sin_procesar\input\20260206_geosupport_primera entrega\solo_jpg_02jun26\geosp-trn-002573\afd dep 13\dji_20260508133736_0013_v.jpg,False
DJI_20260508133742_0014_V.JPG,DJI_20260508133742_0014_V,.jpg,\\amssclgis10.ams.gmams.cl\CL_MLP_PAO\Vuelos_Drone_Sin_Procesar\INPUT\20260206_Geosupport_primera entrega\SOLO_JPG_02Jun26\GEOSP-TRN-002573\AFD DEP 13\DJI_20260508133742_0014_V.JPG,SOLO_JPG_02Jun26\GEOSP-TRN-002573\AFD DEP 13\DJI_20260508133742_0014_V.JPG,1.36,2026-06-11 11:02:07,\\amssclgis10.ams.gmams.cl\cl_mlp_pao\vuelos_drone_sin_procesar\input\20260206_geosupport_primera entrega\solo_jpg_02jun26\geosp-trn-002573\afd dep 13\dji_20260508133742_0014_v.jpg,False
DJI_20260508133745_0015_V.JPG,DJI_20260508133745_0015_V,.jpg,\\amssclgis10.ams.gmams.cl\CL_MLP_PAO\Vuelos_Drone_Sin_Procesar\INPUT\20260206_Geosupport_primera entrega\SOLO_JPG_02Jun26\GEOSP-TRN-002573\AFD DEP 13\DJI_20260508133745_0015_V.JPG,SOLO_JPG_02Jun26\GEOSP-TRN-002573\AFD DEP 13\DJI_20260508133745_0015_V.JPG,1.37,2026-06-11 11:02:07,\\amssclgis10.ams.gmams.cl\cl_mlp_pao\vuelos_drone_sin_procesar\input\20260206_geosupport_primera entrega\solo_jpg_02jun26\geosp-trn-002573\afd dep 13\dji_20260508133745_0015_v.jpg,False
DJI_20260508133748_0016_V.JPG,DJI_20260508133748_0016_V,.jpg,\\amssclgis10.ams.gmams.cl\CL_MLP_PAO\Vuelos_Drone_Sin_Procesar\INPUT\20260206_Geosupport_primera entrega\SOLO_JPG_02Jun26\GEOSP-TRN-002573\AFD DEP 13\DJI_20260508133748_0016_V.JPG,SOLO_JPG_02Jun26\GEOSP-TRN-002573\AFD DEP 13\DJI_20260508133748_0016_V.JPG,1.349,2026-06-11 11:02:08,\\amssclgis10.ams.gmams.cl\cl_mlp_pao\vuelos_drone_sin_procesar\input\20260206_geosupport_primera entrega\solo_jpg_02jun26\geosp-trn-002573\afd dep 13\dji_20260508133748_0016_v.jpg,False
DJI_20260508133750_0017_V.JPG,DJI_20260508133750_0017_V,.jpg,\\amssclgis10.ams.gmams.cl\CL_MLP_PAO\Vuelos_Drone_Sin_Procesar\INPUT\20260206_Geosupport_primera entrega\SOLO_JPG_02Jun26\GEOSP-TRN-002573\AFD DEP 13\DJI_20260508133750_0017_V.JPG,SOLO_JPG_02Jun26\GEOSP-TRN-002573\AFD DEP 13\DJI_20260508133750_0017_V.JPG,1.374,2026-06-11 11:02:08,\\amssclgis10.ams.gmams.cl\cl_mlp_pao\vuelos_drone_sin_procesar\input\20260206_geosupport_primera entrega\solo_jpg_02jun26\geosp-trn-002573\afd dep 13\dji_20260508133750_0017_v.jpg,False
DJI_20260508133754_0018_V.JPG,DJI_20260508133754_0018_V,.jpg,\\amssclgis10.ams.gmams.cl\CL_MLP_PAO\Vuelos_Drone_Sin_Procesar\INPUT\20260206_Geosupport_primera entrega\SOLO_JPG_02Jun26\GEOSP-TRN-002573\AFD DEP 13\DJI_20260508133754_0018_V.JPG,SOLO_JPG_02Jun26\GEOSP-TRN-002573\AFD DEP 13\DJI_20260508133754_0018_V.JPG,1.341,2026-06-11 11:02:08,\\amssclgis10.ams.gmams.cl\cl_mlp_pao\vuelos_drone_sin_procesar\input\20260206_geosupport_primera entrega\solo_jpg_02jun26\geosp-trn-002573\afd dep 13\dji_20260508133754_0018_v.jpg,False
DJI_20260508133800_0019_V.JPG,DJI_20260508133800_0019_V,.jpg,\\amssclgis10.ams.gmams.cl\CL_MLP_PAO\Vuelos_Drone_Sin_Procesar\INPUT\20260206_Geosupport_primera entrega\SOLO_JPG_02Jun26\GEOSP-TRN-002573\AFD DEP 13\DJI_20260508133800_0019_V.JPG,SOLO_JPG_02Jun26\GEOSP-TRN-002573\AFD DEP 13\DJI_20260508133800_0019_V.JPG,1.304,2026-06-11 11:02:08,\\amssclgis10.ams.gmams.cl\cl_mlp_pao\vuelos_drone_sin_procesar\input\20260206_geosupport_primera entrega\solo_jpg_02jun26\geosp-trn-002573\afd dep 13\dji_20260508133800_0019_v.jpg,False
GEOSP-TRN-001426_GS_ORTOFOTO EB2 28-12-2025.tif,GEOSP-TRN-001426_GS_ORTOFOTO EB2 28-12-2025,.tif,\\amssclgis10.ams.gmams.cl\CL_MLP_PAO\Vuelos_Drone_Sin_Procesar\INPUT\20260206_Geosupport_primera entrega\SOLO_TIF_02Jun26\GEOSP-TRN-001426_GS_ORTOFOTO EB2 28-12-2025.tif,SOLO_TIF_02Jun26\GEOSP-TRN-001426_GS_ORTOFOTO EB2 28-12-2025.tif,110.944,2026-06-11 10:37:57,\\amssclgis10.ams.gmams.cl\cl_mlp_pao\vuelos_drone_sin_procesar\input\20260206_geosupport_primera entrega\solo_tif_02jun26\geosp-trn-001426_gs_ortofoto eb2 28-12-2025.tif,False
GEOSP-TRN-001492_GS_ORTOFOTO_Estacion de bombeo n°2.tif,GEOSP-TRN-001492_GS_ORTOFOTO_Estacion de bombeo n°2,.tif,\\amssclgis10.ams.gmams.cl\CL_MLP_PAO\Vuelos_Drone_Sin_Procesar\INPUT\20260206_Geosupport_primera entrega\SOLO_TIF_02Jun26\GEOSP-TRN-001492_GS_ORTOFOTO_Estacion de bombeo n°2.tif,SOLO_TIF_02Jun26\GEOSP-TRN-001492_GS_ORTOFOTO_Estacion de bombeo n°2.tif,155.039,2026-06-11 10:38:02,\\amssclgis10.ams.gmams.cl\cl_mlp_pao\vuelos_drone_sin_procesar\input\20260206_geosupport_primera entrega\solo_tif_02jun26\geosp-trn-001492_gs_ortofoto_estacion de bombeo n°2.tif,False
GEOSP-TRN-001553_GS_ORTOFOTO_EB2_20-12-2025.tif,GEOSP-TRN-001553_GS_ORTOFOTO_EB2_20-12-2025,.tif,\\amssclgis10.ams.gmams.cl\CL_MLP_PAO\Vuelos_Drone_Sin_Procesar\INPUT\20260206_Geosupport_primera entrega\SOLO_TIF_02Jun26\GEOSP-TRN-001553_GS_ORTOFOTO_EB2_20-12-2025.tif,SOLO_TIF_02Jun26\GEOSP-TRN-001553_GS_ORTOFOTO_EB2_20-12-2025.tif,147.589,2026-06-11 10:38:05,\\amssclgis10.ams.gmams.cl\cl_mlp_pao\vuelos_drone_sin_procesar\input\20260206_geosupport_primera entrega\solo_tif_02jun26\geosp-trn-001553_gs_ortofoto_eb2_20-12-2025.tif,False
GEOSP-TRN-001642_ORTOFOTO_EB2_03-01-2026.tif,GEOSP-TRN-001642_ORTOFOTO_EB2_03-01-2026,.tif,\\amssclgis10.ams.gmams.cl\CL_MLP_PAO\Vuelos_Drone_Sin_Procesar\INPUT\20260206_Geosupport_primera entrega\SOLO_TIF_02Jun26\GEOSP-TRN-001642_ORTOFOTO_EB2_03-01-2026.tif,SOLO_TIF_02Jun26\GEOSP-TRN-001642_ORTOFOTO_EB2_03-01-2026.tif,180.745,2026-06-11 10:38:07,\\amssclgis10.ams.gmams.cl\cl_mlp_pao\vuelos_drone_sin_procesar\input\20260206_geosupport_primera entrega\solo_tif_02jun26\geosp-trn-001642_ortofoto_eb2_03-01-2026.tif,False
GEOSP-TRN-001732_GS_ORTOFOTO_EB2_17-01-26.tif,GEOSP-TRN-001732_GS_ORTOFOTO_EB2_17-01-26,.tif,\\amssclgis10.ams.gmams.cl\CL_MLP_PAO\Vuelos_Drone_Sin_Procesar\INPUT\20260206_Geosupport_primera entrega\SOLO_TIF_02Jun26\GEOSP-TRN-001732_GS_ORTOFOTO_EB2_17-01-26.tif,SOLO_TIF_02Jun26\GEOSP-TRN-001732_GS_ORTOFOTO_EB2_17-01-26.tif,164.324,2026-06-11 10:38:09,\\amssclgis10.ams.gmams.cl\cl_mlp_pao\vuelos_drone_sin_procesar\input\20260206_geosupport_primera entrega\solo_tif_02jun26\geosp-trn-001732_gs_ortofoto_eb2_17-01-26.tif,False
GEOSP-TRN-001784_GS_ORTOFOTO_Estacion de bombeo n°2.tif,GEOSP-TRN-001784_GS_ORTOFOTO_Estacion de bombeo n°2,.tif,\\amssclgis10.ams.gmams.cl\CL_MLP_PAO\Vuelos_Drone_Sin_Procesar\INPUT\20260206_Geosupport_primera entrega\SOLO_TIF_02Jun26\GEOSP-TRN-001784_GS_ORTOFOTO_Estacion de bombeo n°2.tif,SOLO_TIF_02Jun26\GEOSP-TRN-001784_GS_ORTOFOTO_Estacion de bombeo n°2.tif,96.611,2026-06-11 10:38:11,\\amssclgis10.ams.gmams.cl\cl_mlp_pao\vuelos_drone_sin_procesar\input\20260206_geosupport_primera entrega\solo_tif_02jun26\geosp-trn-001784_gs_ortofoto_estacion de bombeo n°2.tif,False
GEOSP-TRN-001868_GS_ORTOFOTO EB2 04-02-2026.tif,GEOSP-TRN-001868_GS_ORTOFOTO EB2 04-02-2026,.tif,\\amssclgis10.ams.gmams.cl\CL_MLP_PAO\Vuelos_Drone_Sin_Procesar\INPUT\20260206_Geosupport_primera entrega\SOLO_TIF_02Jun26\GEOSP-TRN-001868_GS_ORTOFOTO EB2 04-02-2026.tif,SOLO_TIF_02Jun26\GEOSP-TRN-001868_GS_ORTOFOTO EB2 04-02-2026.tif,128.088,2026-06-11 10:38:15,\\amssclgis10.ams.gmams.cl\cl_mlp_pao\vuelos_drone_sin_procesar\input\20260206_geosupport_primera entrega\solo_tif_02jun26\geosp-trn-001868_gs_ortofoto eb2 04-02-2026.tif,False
GEOSP-TRN-001975_GS_ORTOFOTO_Estacion de bombeo n°2.tif,GEOSP-TRN-001975_GS_ORTOFOTO_Estacion de bombeo n°2,.tif,\\amssclgis10.ams.gmams.cl\CL_MLP_PAO\Vuelos_Drone_Sin_Procesar\INPUT\20260206_Geosupport_primera entrega\SOLO_TIF_02Jun26\GEOSP-TRN-001975_GS_ORTOFOTO_Estacion de bombeo n°2.tif,SOLO_TIF_02Jun26\GEOSP-TRN-001975_GS_ORTOFOTO_Estacion de bombeo n°2.tif,147.604,2026-06-11 10:38:18,\\amssclgis10.ams.gmams.cl\cl_mlp_pao\vuelos_drone_sin_procesar\input\20260206_geosupport_primera entrega\solo_tif_02jun26\geosp-trn-001975_gs_ortofoto_estacion de bombeo n°2.tif,False
GEOSP-TRN-002016_GS_ORTOFOTO_EB2_26-02-26.tif,GEOSP-TRN-002016_GS_ORTOFOTO_EB2_26-02-26,.tif,\\amssclgis10.ams.gmams.cl\CL_MLP_PAO\Vuelos_Drone_Sin_Procesar\INPUT\20260206_Geosupport_primera entrega\SOLO_TIF_02Jun26\GEOSP-TRN-002016_GS_ORTOFOTO_EB2_26-02-26.tif,SOLO_TIF_02Jun26\GEOSP-TRN-002016_GS_ORTOFOTO_EB2_26-02-26.tif,39.182,2026-06-11 10:38:21,\\amssclgis10.ams.gmams.cl\cl_mlp_pao\vuelos_drone_sin_procesar\input\20260206_geosupport_primera entrega\solo_tif_02jun26\geosp-trn-002016_gs_ortofoto_eb2_26-02-26.tif,False
GEOSP-TRN-002096_GS_ORTOFOTO_EB2_07-03-2026.tif,GEOSP-TRN-002096_GS_ORTOFOTO_EB2_07-03-2026,.tif,\\amssclgis10.ams.gmams.cl\CL_MLP_PAO\Vuelos_Drone_Sin_Procesar\INPUT\20260206_Geosupport_primera entrega\SOLO_TIF_02Jun26\GEOSP-TRN-002096_GS_ORTOFOTO_EB2_07-03-2026.tif,SOLO_TIF_02Jun26\GEOSP-TRN-002096_GS_ORTOFOTO_EB2_07-03-2026.tif,225.507,2026-06-11 10:38:24,\\amssclgis10.ams.gmams.cl\cl_mlp_pao\vuelos_drone_sin_procesar\input\20260206_geosupport_primera entrega\solo_tif_02jun26\geosp-trn-002096_gs_ortofoto_eb2_07-03-2026.tif,False
GEOSP-TRN-002140_GS_ORTOFOTO_EB2_13-03-26.tif,GEOSP-TRN-002140_GS_ORTOFOTO_EB2_13-03-26,.tif,\\amssclgis10.ams.gmams.cl\CL_MLP_PAO\Vuelos_Drone_Sin_Procesar\INPUT\20260206_Geosupport_primera entrega\SOLO_TIF_02Jun26\GEOSP-TRN-002140_GS_ORTOFOTO_EB2_13-03-26.tif,SOLO_TIF_02Jun26\GEOSP-TRN-002140_GS_ORTOFOTO_EB2_13-03-26.tif,32.226,2026-06-11 10:38:27,\\amssclgis10.ams.gmams.cl\cl_mlp_pao\vuelos_drone_sin_procesar\input\20260206_geosupport_primera entrega\solo_tif_02jun26\geosp-trn-002140_gs_ortofoto_eb2_13-03-26.tif,False
GEOSP-TRN-002200_ORTOFOTO COMPLETA.tif,GEOSP-TRN-002200_ORTOFOTO COMPLETA,.tif,\\amssclgis10.ams.gmams.cl\CL_MLP_PAO\Vuelos_Drone_Sin_Procesar\INPUT\20260206_Geosupport_primera entrega\SOLO_TIF_02Jun26\GEOSP-TRN-002200_ORTOFOTO COMPLETA.tif,SOLO_TIF_02Jun26\GEOSP-TRN-002200_ORTOFOTO COMPLETA.tif,29.916,2026-06-11 10:38:35,\\amssclgis10.ams.gmams.cl\cl_mlp_pao\vuelos_drone_sin_procesar\input\20260206_geosupport_primera entrega\solo_tif_02jun26\geosp-trn-002200_ortofoto completa.tif,False
GEOSP-TRN-002235_GS_ORTOFOTO_EB2_27-03-26.tif,GEOSP-TRN-002235_GS_ORTOFOTO_EB2_27-03-26,.tif,\\amssclgis10.ams.gmams.cl\CL_MLP_PAO\Vuelos_Drone_Sin_Procesar\INPUT\20260206_Geosupport_primera entrega\SOLO_TIF_02Jun26\GEOSP-TRN-002235_GS_ORTOFOTO_EB2_27-03-26.tif,SOLO_TIF_02Jun26\GEOSP-TRN-002235_GS_ORTOFOTO_EB2_27-03-26.tif,29.406,2026-06-11 10:38:36,\\amssclgis10.ams.gmams.cl\cl_mlp_pao\vuelos_drone_sin_procesar\input\20260206_geosupport_primera entrega\solo_tif_02jun26\geosp-trn-002235_gs_ortofoto_eb2_27-03-26.tif,False
GEOSP-TRN-002300_ortofoto completa.tif,GEOSP-TRN-002300_ortofoto completa,.tif,\\amssclgis10.ams.gmams.cl\CL_MLP_PAO\Vuelos_Drone_Sin_Procesar\INPUT\20260206_Geosupport_primera entrega\SOLO_TIF_02Jun26\GEOSP-TRN-002300_ortofoto completa.tif,SOLO_TIF_02Jun26\GEOSP-TRN-002300_ortofoto completa.tif,50.335,2026-06-11 10:38:43,\\amssclgis10.ams.gmams.cl\cl_mlp_pao\vuelos_drone_sin_procesar\input\20260206_geosupport_primera entrega\solo_tif_02jun26\geosp-trn-002300_ortofoto completa.tif,False
GEOSP-TRN-002356_GS_ORTOFOTO_EB2_12-04-26.tif,GEOSP-TRN-002356_GS_ORTOFOTO_EB2_12-04-26,.tif,\\amssclgis10.ams.gmams.cl\CL_MLP_PAO\Vuelos_Drone_Sin_Procesar\INPUT\20260206_Geosupport_primera entrega\SOLO_TIF_02Jun26\GEOSP-TRN-002356_GS_ORTOFOTO_EB2_12-04-26.tif,SOLO_TIF_02Jun26\GEOSP-TRN-002356_GS_ORTOFOTO_EB2_12-04-26.tif,45.081,2026-06-11 10:38:44,\\amssclgis10.ams.gmams.cl\cl_mlp_pao\vuelos_drone_sin_procesar\input\20260206_geosupport_primera entrega\solo_tif_02jun26\geosp-trn-002356_gs_ortofoto_eb2_12-04-26.tif,False
GEOSP-TRN-002415_GS_ORTOFOTO_EB2_190426.tif,GEOSP-TRN-002415_GS_ORTOFOTO_EB2_190426,.tif,\\amssclgis10.ams.gmams.cl\CL_MLP_PAO\Vuelos_Drone_Sin_Procesar\INPUT\20260206_Geosupport_primera entrega\SOLO_TIF_02Jun26\GEOSP-TRN-002415_GS_ORTOFOTO_EB2_190426.tif,SOLO_TIF_02Jun26\GEOSP-TRN-002415_GS_ORTOFOTO_EB2_190426.tif,42.079,2026-06-11 10:38:47,\\amssclgis10.ams.gmams.cl\cl_mlp_pao\vuelos_drone_sin_procesar\input\20260206_geosupport_primera entrega\solo_tif_02jun26\geosp-trn-002415_gs_ortofoto_eb2_190426.tif,False
GEOSP-TRN-002456_ORTOFOTO_CORTADA_EB2_260426.tif,GEOSP-TRN-002456_ORTOFOTO_CORTADA_EB2_260426,.tif,\\amssclgis10.ams.gmams.cl\CL_MLP_PAO\Vuelos_Drone_Sin_Procesar\INPUT\20260206_Geosupport_primera entrega\SOLO_TIF_02Jun26\GEOSP-TRN-002456_ORTOFOTO_CORTADA_EB2_260426.tif,SOLO_TIF_02Jun26\GEOSP-TRN-002456_ORTOFOTO_CORTADA_EB2_260426.tif,38.723,2026-06-11 10:38:49,\\amssclgis10.ams.gmams.cl\cl_mlp_pao\vuelos_drone_sin_procesar\input\20260206_geosupport_primera entrega\solo_tif_02jun26\geosp-trn-002456_ortofoto_cortada_eb2_260426.tif,False
GEOSP-TRN-002504_1001-03-T-CS-202-4310-C-DW-23478[000].tif,GEOSP-TRN-002504_1001-03-T-CS-202-4310-C-DW-23478[000],.tif,\\amssclgis10.ams.gmams.cl\CL_MLP_PAO\Vuelos_Drone_Sin_Procesar\INPUT\20260206_Geosupport_primera entrega\SOLO_TIF_02Jun26\GEOSP-TRN-002504_1001-03-T-CS-202-4310-C-DW-23478[000].tif,SOLO_TIF_02Jun26\GEOSP-TRN-002504_1001-03-T-CS-202-4310-C-DW-23478[000].tif,41.831,2026-06-11 10:38:54,\\amssclgis10.ams.gmams.cl\cl_mlp_pao\vuelos_drone_sin_procesar\input\20260206_geosupport_primera entrega\solo_tif_02jun26\geosp-trn-002504_1001-03-t-cs-202-4310-c-dw-23478[000].tif,False
GEOSP-TRN-002507_GS_ORTOFOTO PLATAFORMA 30-04-2026.tif,GEOSP-TRN-002507_GS_ORTOFOTO PLATAFORMA 30-04-2026,.tif,\\amssclgis10.ams.gmams.cl\CL_MLP_PAO\Vuelos_Drone_Sin_Procesar\INPUT\20260206_Geosupport_primera entrega\SOLO_TIF_02Jun26\GEOSP-TRN-002507_GS_ORTOFOTO PLATAFORMA 30-04-2026.tif,SOLO_TIF_02Jun26\GEOSP-TRN-002507_GS_ORTOFOTO PLATAFORMA 30-04-2026.tif,852.631,2026-06-11 10:39:01,\\amssclgis10.ams.gmams.cl\cl_mlp_pao\vuelos_drone_sin_procesar\input\20260206_geosupport_primera entrega\solo_tif_02jun26\geosp-trn-002507_gs_ortofoto plataforma 30-04-2026.tif,False
GEOSP-TRN-002517_1001-03-T-CS-202-5600-C-DW-11486[000].tif,GEOSP-TRN-002517_1001-03-T-CS-202-5600-C-DW-11486[000],.tif,\\amssclgis10.ams.gmams.cl\CL_MLP_PAO\Vuelos_Drone_Sin_Procesar\INPUT\20260206_Geosupport_primera entrega\SOLO_TIF_02Jun26\GEOSP-TRN-002517_1001-03-T-CS-202-5600-C-DW-11486[000].tif,SOLO_TIF_02Jun26\GEOSP-TRN-002517_1001-03-T-CS-202-5600-C-DW-11486[000].tif,128.886,2026-06-11 10:39:03,\\amssclgis10.ams.gmams.cl\cl_mlp_pao\vuelos_drone_sin_procesar\input\20260206_geosupport_primera entrega\solo_tif_02jun26\geosp-trn-002517_1001-03-t-cs-202-5600-c-dw-11486[000].tif,False
GEOSP-TRN-002522_GS_ORTOFOTO_EB2_020526.tif,GEOSP-TRN-002522_GS_ORTOFOTO_EB2_020526,.tif,\\amssclgis10.ams.gmams.cl\CL_MLP_PAO\Vuelos_Drone_Sin_Procesar\INPUT\20260206_Geosupport_primera entrega\SOLO_TIF_02Jun26\GEOSP-TRN-002522_GS_ORTOFOTO_EB2_020526.tif,SOLO_TIF_02Jun26\GEOSP-TRN-002522_GS_ORTOFOTO_EB2_020526.tif,47.776,2026-06-11 10:39:05,\\amssclgis10.ams.gmams.cl\cl_mlp_pao\vuelos_drone_sin_procesar\input\20260206_geosupport_primera entrega\solo_tif_02jun26\geosp-trn-002522_gs_ortofoto_eb2_020526.tif,False
GEOSP-TRN-002551_1001-03-T-CS-202-5600-C-DW-11490[000].tif,GEOSP-TRN-002551_1001-03-T-CS-202-5600-C-DW-11490[000],.tif,\\amssclgis10.ams.gmams.cl\CL_MLP_PAO\Vuelos_Drone_Sin_Procesar\INPUT\20260206_Geosupport_primera entrega\SOLO_TIF_02Jun26\GEOSP-TRN-002551_1001-03-T-CS-202-5600-C-DW-11490[000].tif,SOLO_TIF_02Jun26\GEOSP-TRN-002551_1001-03-T-CS-202-5600-C-DW-11490[000].tif,37.785,2026-06-11 10:39:07,\\amssclgis10.ams.gmams.cl\cl_mlp_pao\vuelos_drone_sin_procesar\input\20260206_geosupport_primera entrega\solo_tif_02jun26\geosp-trn-002551_1001-03-t-cs-202-5600-c-dw-11490[000].tif,False
GEOSP-TRN-002562_1001-03-T-CS-202-5600-C-DW-11492[000].tif,GEOSP-TRN-002562_1001-03-T-CS-202-5600-C-DW-11492[000],.tif,\\amssclgis10.ams.gmams.cl\CL_MLP_PAO\Vuelos_Drone_Sin_Procesar\INPUT\20260206_Geosupport_primera entrega\SOLO_TIF_02Jun26\GEOSP-TRN-002562_1001-03-T-CS-202-5600-C-DW-11492[000].tif,SOLO_TIF_02Jun26\GEOSP-TRN-002562_1001-03-T-CS-202-5600-C-DW-11492[000].tif,47.647,2026-06-11 10:39:08,\\amssclgis10.ams.gmams.cl\cl_mlp_pao\vuelos_drone_sin_procesar\input\20260206_geosupport_primera entrega\solo_tif_02jun26\geosp-trn-002562_1001-03-t-cs-202-5600-c-dw-11492[000].tif,False
GEOSP-TRN-002566_1001-03-T-CS-202-5600-C-DW-11494[000].tif,GEOSP-TRN-002566_1001-03-T-CS-202-5600-C-DW-11494[000],.tif,\\amssclgis10.ams.gmams.cl\CL_MLP_PAO\Vuelos_Drone_Sin_Procesar\INPUT\20260206_Geosupport_primera entrega\SOLO_TIF_02Jun26\GEOSP-TRN-002566_1001-03-T-CS-202-5600-C-DW-11494[000].tif,SOLO_TIF_02Jun26\GEOSP-TRN-002566_1001-03-T-CS-202-5600-C-DW-11494[000].tif,62.129,2026-06-11 10:39:10,\\amssclgis10.ams.gmams.cl\cl_mlp_pao\vuelos_drone_sin_procesar\input\20260206_geosupport_primera entrega\solo_tif_02jun26\geosp-trn-002566_1001-03-t-cs-202-5600-c-dw-11494[000].tif,False
GEOSP-TRN-002572_GS_Ortofoto_EDT_09-05-26.tif,GEOSP-TRN-002572_GS_Ortofoto_EDT_09-05-26,.tif,\\amssclgis10.ams.gmams.cl\CL_MLP_PAO\Vuelos_Drone_Sin_Procesar\INPUT\20260206_Geosupport_primera entrega\SOLO_TIF_02Jun26\GEOSP-TRN-002572_GS_Ortofoto_EDT_09-05-26.tif,SOLO_TIF_02Jun26\GEOSP-TRN-002572_GS_Ortofoto_EDT_09-05-26.tif,32.658,2026-06-11 10:39:11,\\amssclgis10.ams.gmams.cl\cl_mlp_pao\vuelos_drone_sin_procesar\input\20260206_geosupport_primera entrega\solo_tif_02jun26\geosp-trn-002572_gs_ortofoto_edt_09-05-26.tif,False
GEOSP-TRN-002573_GS_ORTOFOTO DEP13 - PV5 (08-05-2026).tif,GEOSP-TRN-002573_GS_ORTOFOTO DEP13 - PV5 (08-05-2026),.tif,\\amssclgis10.ams.gmams.cl\CL_MLP_PAO\Vuelos_Drone_Sin_Procesar\INPUT\20260206_Geosupport_primera entrega\SOLO_TIF_02Jun26\GEOSP-TRN-002573_GS_ORTOFOTO DEP13 - PV5 (08-05-2026).tif,SOLO_TIF_02Jun26\GEOSP-TRN-002573_GS_ORTOFOTO DEP13 - PV5 (08-05-2026).tif,32.534,2026-06-11 10:39:15,\\amssclgis10.ams.gmams.cl\cl_mlp_pao\vuelos_drone_sin_procesar\input\20260206_geosupport_primera entrega\solo_tif_02jun26\geosp-trn-002573_gs_ortofoto dep13 - pv5 (08-05-2026).tif,False
GEOSP-TRN-002576_GS_ORTOFOTO PATIO SDRNP_08-05-2026.tif,GEOSP-TRN-002576_GS_ORTOFOTO PATIO SDRNP_08-05-2026,.tif,\\amssclgis10.ams.gmams.cl\CL_MLP_PAO\Vuelos_Drone_Sin_Procesar\INPUT\20260206_Geosupport_primera entrega\SOLO_TIF_02Jun26\GEOSP-TRN-002576_GS_ORTOFOTO PATIO SDRNP_08-05-2026.tif,SOLO_TIF_02Jun26\GEOSP-TRN-002576_GS_ORTOFOTO PATIO SDRNP_08-05-2026.tif,348.052,2026-06-11 10:39:20,\\amssclgis10.ams.gmams.cl\cl_mlp_pao\vuelos_drone_sin_procesar\input\20260206_geosupport_primera entrega\solo_tif_02jun26\geosp-trn-002576_gs_ortofoto patio sdrnp_08-05-2026.tif,False
GEOSP-TRN-002577_1001-03-T-CS-202-5600-C-DW-11500[000].tif,GEOSP-TRN-002577_1001-03-T-CS-202-5600-C-DW-11500[000],.tif,\\amssclgis10.ams.gmams.cl\CL_MLP_PAO\Vuelos_Drone_Sin_Procesar\INPUT\20260206_Geosupport_primera entrega\SOLO_TIF_02Jun26\GEOSP-TRN-002577_1001-03-T-CS-202-5600-C-DW-11500[000].tif,SOLO_TIF_02Jun26\GEOSP-TRN-002577_1001-03-T-CS-202-5600-C-DW-11500[000].tif,2.235,2026-06-11 10:39:21,\\amssclgis10.ams.gmams.cl\cl_mlp_pao\vuelos_drone_sin_procesar\input\20260206_geosupport_primera entrega\solo_tif_02jun26\geosp-trn-002577_1001-03-t-cs-202-5600-c-dw-11500[000].tif,False
GEOSP-TRN-002580_GS_Ortofoto Deposito Patio Pulmon.tif,GEOSP-TRN-002580_GS_Ortofoto Deposito Patio Pulmon,.tif,\\amssclgis10.ams.gmams.cl\CL_MLP_PAO\Vuelos_Drone_Sin_Procesar\INPUT\20260206_Geosupport_primera entrega\SOLO_TIF_02Jun26\GEOSP-TRN-002580_GS_Ortofoto Deposito Patio Pulmon.tif,SOLO_TIF_02Jun26\GEOSP-TRN-002580_GS_Ortofoto Deposito Patio Pulmon.tif,36.005,2026-06-11 10:39:24,\\amssclgis10.ams.gmams.cl\cl_mlp_pao\vuelos_drone_sin_procesar\input\20260206_geosupport_primera entrega\solo_tif_02jun26\geosp-trn-002580_gs_ortofoto deposito patio pulmon.tif,False
GEOSP-TRN-002587_1001-03-T-CS-202-5600-C-DW-11504[000].tif,GEOSP-TRN-002587_1001-03-T-CS-202-5600-C-DW-11504[000],.tif,\\amssclgis10.ams.gmams.cl\CL_MLP_PAO\Vuelos_Drone_Sin_Procesar\INPUT\20260206_Geosupport_primera entrega\SOLO_TIF_02Jun26\GEOSP-TRN-002587_1001-03-T-CS-202-5600-C-DW-11504[000].tif,SOLO_TIF_02Jun26\GEOSP-TRN-002587_1001-03-T-CS-202-5600-C-DW-11504[000].tif,11.14,2026-06-11 10:39:24,\\amssclgis10.ams.gmams.cl\cl_mlp_pao\vuelos_drone_sin_procesar\input\20260206_geosupport_primera entrega\solo_tif_02jun26\geosp-trn-002587_1001-03-t-cs-202-5600-c-dw-11504[000].tif,False
GEOSP-TRN-002588_1001-03-T-CS-202-5600-C-DW-11502[000].tif,GEOSP-TRN-002588_1001-03-T-CS-202-5600-C-DW-11502[000],.tif,\\amssclgis10.ams.gmams.cl\CL_MLP_PAO\Vuelos_Drone_Sin_Procesar\INPUT\20260206_Geosupport_primera entrega\SOLO_TIF_02Jun26\GEOSP-TRN-002588_1001-03-T-CS-202-5600-C-DW-11502[000].tif,SOLO_TIF_02Jun26\GEOSP-TRN-002588_1001-03-T-CS-202-5600-C-DW-11502[000].tif,5.468,2026-06-11 10:39:25,\\amssclgis10.ams.gmams.cl\cl_mlp_pao\vuelos_drone_sin_procesar\input\20260206_geosupport_primera entrega\solo_tif_02jun26\geosp-trn-002588_1001-03-t-cs-202-5600-c-dw-11502[000].tif,False
GEOSP-TRN-002590_1001-03-T-CS-202-5600-C-DW-11506[000].tif,GEOSP-TRN-002590_1001-03-T-CS-202-5600-C-DW-11506[000],.tif,\\amssclgis10.ams.gmams.cl\CL_MLP_PAO\Vuelos_Drone_Sin_Procesar\INPUT\20260206_Geosupport_primera entrega\SOLO_TIF_02Jun26\GEOSP-TRN-002590_1001-03-T-CS-202-5600-C-DW-11506[000].tif,SOLO_TIF_02Jun26\GEOSP-TRN-002590_1001-03-T-CS-202-5600-C-DW-11506[000].tif,3.543,2026-06-11 10:39:26,\\amssclgis10.ams.gmams.cl\cl_mlp_pao\vuelos_drone_sin_procesar\input\20260206_geosupport_primera entrega\solo_tif_02jun26\geosp-trn-002590_1001-03-t-cs-202-5600-c-dw-11506[000].tif,False
SIN_ID_GS_ORTOFOTO_ESTACION DE VALVULAS N°1 (prioridad 14)_29_05_26_.tif,SIN_ID_GS_ORTOFOTO_ESTACION DE VALVULAS N°1 (prioridad 14)_29_05_26_,.tif,\\amssclgis10.ams.gmams.cl\CL_MLP_PAO\Vuelos_Drone_Sin_Procesar\INPUT\20260206_Geosupport_primera entrega\SOLO_TIF_02Jun26\SIN_ID_GS_ORTOFOTO_ESTACION DE VALVULAS N°1 (prioridad 14)_29_05_26_.tif,SOLO_TIF_02Jun26\SIN_ID_GS_ORTOFOTO_ESTACION DE VALVULAS N°1 (prioridad 14)_29_05_26_.tif,717.701,2026-05-30 15:12:22,\\amssclgis10.ams.gmams.cl\cl_mlp_pao\vuelos_drone_sin_procesar\input\20260206_geosupport_primera entrega\solo_tif_02jun26\sin_id_gs_ortofoto_estacion de valvulas n°1 (prioridad 14)_29_05_26_.tif,False
