file_name,stem,extension,path,relative_path,size_mb,modified_at
DJI_20260506131542_0023_V.JPG,DJI_20260506131542_0023_V,.jpg,\\amssclgis10.ams.gmams.cl\CL_MLP_PAO\Vuelos_Drone_Sin_Procesar\INPUT\20260519_Geosupport\SOLO_JPG_19May26\GEOSP-TRN-002555\E89\DJI_20260506131542_0023_V.JPG,SOLO_JPG_19May26\GEOSP-TRN-002555\E89\DJI_20260506131542_0023_V.JPG,1.08,2026-06-08 10:29:36
DJI_20260506131554_0024_V.JPG,DJI_20260506131554_0024_V,.jpg,\\amssclgis10.ams.gmams.cl\CL_MLP_PAO\Vuelos_Drone_Sin_Procesar\INPUT\20260519_Geosupport\SOLO_JPG_19May26\GEOSP-TRN-002555\E89\DJI_20260506131554_0024_V.JPG,SOLO_JPG_19May26\GEOSP-TRN-002555\E89\DJI_20260506131554_0024_V.JPG,1.169,2026-06-08 10:29:36
DJI_20260506131616_0025_V.JPG,DJI_20260506131616_0025_V,.jpg,\\amssclgis10.ams.gmams.cl\CL_MLP_PAO\Vuelos_Drone_Sin_Procesar\INPUT\20260519_Geosupport\SOLO_JPG_19May26\GEOSP-TRN-002555\E89\DJI_20260506131616_0025_V.JPG,SOLO_JPG_19May26\GEOSP-TRN-002555\E89\DJI_20260506131616_0025_V.JPG,1.165,2026-06-08 10:29:37
DJI_20260506131625_0026_V.JPG,DJI_20260506131625_0026_V,.jpg,\\amssclgis10.ams.gmams.cl\CL_MLP_PAO\Vuelos_Drone_Sin_Procesar\INPUT\20260519_Geosupport\SOLO_JPG_19May26\GEOSP-TRN-002555\E89\DJI_20260506131625_0026_V.JPG,SOLO_JPG_19May26\GEOSP-TRN-002555\E89\DJI_20260506131625_0026_V.JPG,1.102,2026-06-08 10:29:37
DJI_20260506131633_0027_V.JPG,DJI_20260506131633_0027_V,.jpg,\\amssclgis10.ams.gmams.cl\CL_MLP_PAO\Vuelos_Drone_Sin_Procesar\INPUT\20260519_Geosupport\SOLO_JPG_19May26\GEOSP-TRN-002555\E90\DJI_20260506131633_0027_V.JPG,SOLO_JPG_19May26\GEOSP-TRN-002555\E90\DJI_20260506131633_0027_V.JPG,1.002,2026-06-08 10:29:37
DJI_20260506131650_0028_V.JPG,DJI_20260506131650_0028_V,.jpg,\\amssclgis10.ams.gmams.cl\CL_MLP_PAO\Vuelos_Drone_Sin_Procesar\INPUT\20260519_Geosupport\SOLO_JPG_19May26\GEOSP-TRN-002555\E90\DJI_20260506131650_0028_V.JPG,SOLO_JPG_19May26\GEOSP-TRN-002555\E90\DJI_20260506131650_0028_V.JPG,0.993,2026-06-08 10:29:37
DJI_20260506131700_0029_V.JPG,DJI_20260506131700_0029_V,.jpg,\\amssclgis10.ams.gmams.cl\CL_MLP_PAO\Vuelos_Drone_Sin_Procesar\INPUT\20260519_Geosupport\SOLO_JPG_19May26\GEOSP-TRN-002555\E90\DJI_20260506131700_0029_V.JPG,SOLO_JPG_19May26\GEOSP-TRN-002555\E90\DJI_20260506131700_0029_V.JPG,1.024,2026-06-08 10:29:38
DJI_20260506131717_0030_V.JPG,DJI_20260506131717_0030_V,.jpg,\\amssclgis10.ams.gmams.cl\CL_MLP_PAO\Vuelos_Drone_Sin_Procesar\INPUT\20260519_Geosupport\SOLO_JPG_19May26\GEOSP-TRN-002555\E90\DJI_20260506131717_0030_V.JPG,SOLO_JPG_19May26\GEOSP-TRN-002555\E90\DJI_20260506131717_0030_V.JPG,0.988,2026-06-08 10:29:38
DJI_20260506131733_0031_V.JPG,DJI_20260506131733_0031_V,.jpg,\\amssclgis10.ams.gmams.cl\CL_MLP_PAO\Vuelos_Drone_Sin_Procesar\INPUT\20260519_Geosupport\SOLO_JPG_19May26\GEOSP-TRN-002555\E90\DJI_20260506131733_0031_V.JPG,SOLO_JPG_19May26\GEOSP-TRN-002555\E90\DJI_20260506131733_0031_V.JPG,0.974,2026-06-08 10:29:38
DJI_20260506131744_0032_V.JPG,DJI_20260506131744_0032_V,.jpg,\\amssclgis10.ams.gmams.cl\CL_MLP_PAO\Vuelos_Drone_Sin_Procesar\INPUT\20260519_Geosupport\SOLO_JPG_19May26\GEOSP-TRN-002555\E91\DJI_20260506131744_0032_V.JPG,SOLO_JPG_19May26\GEOSP-TRN-002555\E91\DJI_20260506131744_0032_V.JPG,0.987,2026-06-08 10:29:38
DJI_20260506131802_0033_V.JPG,DJI_20260506131802_0033_V,.jpg,\\amssclgis10.ams.gmams.cl\CL_MLP_PAO\Vuelos_Drone_Sin_Procesar\INPUT\20260519_Geosupport\SOLO_JPG_19May26\GEOSP-TRN-002555\E91\DJI_20260506131802_0033_V.JPG,SOLO_JPG_19May26\GEOSP-TRN-002555\E91\DJI_20260506131802_0033_V.JPG,0.956,2026-06-08 10:29:39
DJI_20260506131815_0034_V.JPG,DJI_20260506131815_0034_V,.jpg,\\amssclgis10.ams.gmams.cl\CL_MLP_PAO\Vuelos_Drone_Sin_Procesar\INPUT\20260519_Geosupport\SOLO_JPG_19May26\GEOSP-TRN-002555\E91\DJI_20260506131815_0034_V.JPG,SOLO_JPG_19May26\GEOSP-TRN-002555\E91\DJI_20260506131815_0034_V.JPG,0.967,2026-06-08 10:29:39
DJI_20260506131831_0035_V.JPG,DJI_20260506131831_0035_V,.jpg,\\amssclgis10.ams.gmams.cl\CL_MLP_PAO\Vuelos_Drone_Sin_Procesar\INPUT\20260519_Geosupport\SOLO_JPG_19May26\GEOSP-TRN-002555\E91\DJI_20260506131831_0035_V.JPG,SOLO_JPG_19May26\GEOSP-TRN-002555\E91\DJI_20260506131831_0035_V.JPG,0.998,2026-06-08 10:29:39
DJI_20260506131844_0036_V.JPG,DJI_20260506131844_0036_V,.jpg,\\amssclgis10.ams.gmams.cl\CL_MLP_PAO\Vuelos_Drone_Sin_Procesar\INPUT\20260519_Geosupport\SOLO_JPG_19May26\GEOSP-TRN-002555\E91\DJI_20260506131844_0036_V.JPG,SOLO_JPG_19May26\GEOSP-TRN-002555\E91\DJI_20260506131844_0036_V.JPG,1.0,2026-06-08 10:29:40
DJI_20260506131859_0037_V.JPG,DJI_20260506131859_0037_V,.jpg,\\amssclgis10.ams.gmams.cl\CL_MLP_PAO\Vuelos_Drone_Sin_Procesar\INPUT\20260519_Geosupport\SOLO_JPG_19May26\GEOSP-TRN-002555\E92\DJI_20260506131859_0037_V.JPG,SOLO_JPG_19May26\GEOSP-TRN-002555\E92\DJI_20260506131859_0037_V.JPG,0.967,2026-06-08 10:29:40
DJI_20260506131917_0038_V.JPG,DJI_20260506131917_0038_V,.jpg,\\amssclgis10.ams.gmams.cl\CL_MLP_PAO\Vuelos_Drone_Sin_Procesar\INPUT\20260519_Geosupport\SOLO_JPG_19May26\GEOSP-TRN-002555\E92\DJI_20260506131917_0038_V.JPG,SOLO_JPG_19May26\GEOSP-TRN-002555\E92\DJI_20260506131917_0038_V.JPG,0.936,2026-06-08 10:29:40
DJI_20260506131926_0039_V.JPG,DJI_20260506131926_0039_V,.jpg,\\amssclgis10.ams.gmams.cl\CL_MLP_PAO\Vuelos_Drone_Sin_Procesar\INPUT\20260519_Geosupport\SOLO_JPG_19May26\GEOSP-TRN-002555\E92\DJI_20260506131926_0039_V.JPG,SOLO_JPG_19May26\GEOSP-TRN-002555\E92\DJI_20260506131926_0039_V.JPG,0.94,2026-06-08 10:29:40
DJI_20260506131937_0040_V.JPG,DJI_20260506131937_0040_V,.jpg,\\amssclgis10.ams.gmams.cl\CL_MLP_PAO\Vuelos_Drone_Sin_Procesar\INPUT\20260519_Geosupport\SOLO_JPG_19May26\GEOSP-TRN-002555\E92\DJI_20260506131937_0040_V.JPG,SOLO_JPG_19May26\GEOSP-TRN-002555\E92\DJI_20260506131937_0040_V.JPG,1.015,2026-06-08 10:29:41
DJI_20260506131950_0041_V.JPG,DJI_20260506131950_0041_V,.jpg,\\amssclgis10.ams.gmams.cl\CL_MLP_PAO\Vuelos_Drone_Sin_Procesar\INPUT\20260519_Geosupport\SOLO_JPG_19May26\GEOSP-TRN-002555\E92\DJI_20260506131950_0041_V.JPG,SOLO_JPG_19May26\GEOSP-TRN-002555\E92\DJI_20260506131950_0041_V.JPG,0.984,2026-06-08 10:29:41
DJI_20260506132006_0042_V.JPG,DJI_20260506132006_0042_V,.jpg,\\amssclgis10.ams.gmams.cl\CL_MLP_PAO\Vuelos_Drone_Sin_Procesar\INPUT\20260519_Geosupport\SOLO_JPG_19May26\GEOSP-TRN-002555\E93\DJI_20260506132006_0042_V.JPG,SOLO_JPG_19May26\GEOSP-TRN-002555\E93\DJI_20260506132006_0042_V.JPG,1.001,2026-06-08 10:29:41
DJI_20260506132025_0043_V.JPG,DJI_20260506132025_0043_V,.jpg,\\amssclgis10.ams.gmams.cl\CL_MLP_PAO\Vuelos_Drone_Sin_Procesar\INPUT\20260519_Geosupport\SOLO_JPG_19May26\GEOSP-TRN-002555\E93\DJI_20260506132025_0043_V.JPG,SOLO_JPG_19May26\GEOSP-TRN-002555\E93\DJI_20260506132025_0043_V.JPG,0.951,2026-06-08 10:29:42
DJI_20260506132036_0044_V.JPG,DJI_20260506132036_0044_V,.jpg,\\amssclgis10.ams.gmams.cl\CL_MLP_PAO\Vuelos_Drone_Sin_Procesar\INPUT\20260519_Geosupport\SOLO_JPG_19May26\GEOSP-TRN-002555\E93\DJI_20260506132036_0044_V.JPG,SOLO_JPG_19May26\GEOSP-TRN-002555\E93\DJI_20260506132036_0044_V.JPG,0.969,2026-06-08 10:29:42
DJI_20260506132050_0045_V.JPG,DJI_20260506132050_0045_V,.jpg,\\amssclgis10.ams.gmams.cl\CL_MLP_PAO\Vuelos_Drone_Sin_Procesar\INPUT\20260519_Geosupport\SOLO_JPG_19May26\GEOSP-TRN-002555\E93\DJI_20260506132050_0045_V.JPG,SOLO_JPG_19May26\GEOSP-TRN-002555\E93\DJI_20260506132050_0045_V.JPG,1.044,2026-06-08 10:29:42
DJI_20260506132107_0046_V.JPG,DJI_20260506132107_0046_V,.jpg,\\amssclgis10.ams.gmams.cl\CL_MLP_PAO\Vuelos_Drone_Sin_Procesar\INPUT\20260519_Geosupport\SOLO_JPG_19May26\GEOSP-TRN-002555\E93\DJI_20260506132107_0046_V.JPG,SOLO_JPG_19May26\GEOSP-TRN-002555\E93\DJI_20260506132107_0046_V.JPG,1.035,2026-06-08 10:29:42
DJI_20260506132748_0001_V.JPG,DJI_20260506132748_0001_V,.jpg,\\amssclgis10.ams.gmams.cl\CL_MLP_PAO\Vuelos_Drone_Sin_Procesar\INPUT\20260519_Geosupport\SOLO_JPG_19May26\GEOSP-TRN-002555\E94\DJI_20260506132748_0001_V.JPG,SOLO_JPG_19May26\GEOSP-TRN-002555\E94\DJI_20260506132748_0001_V.JPG,0.902,2026-06-08 10:29:43
DJI_20260506132820_0002_V.JPG,DJI_20260506132820_0002_V,.jpg,\\amssclgis10.ams.gmams.cl\CL_MLP_PAO\Vuelos_Drone_Sin_Procesar\INPUT\20260519_Geosupport\SOLO_JPG_19May26\GEOSP-TRN-002555\E94\DJI_20260506132820_0002_V.JPG,SOLO_JPG_19May26\GEOSP-TRN-002555\E94\DJI_20260506132820_0002_V.JPG,0.877,2026-06-08 10:29:43
DJI_20260506132829_0003_V.JPG,DJI_20260506132829_0003_V,.jpg,\\amssclgis10.ams.gmams.cl\CL_MLP_PAO\Vuelos_Drone_Sin_Procesar\INPUT\20260519_Geosupport\SOLO_JPG_19May26\GEOSP-TRN-002555\E94\DJI_20260506132829_0003_V.JPG,SOLO_JPG_19May26\GEOSP-TRN-002555\E94\DJI_20260506132829_0003_V.JPG,0.937,2026-06-08 10:29:43
DJI_20260506132842_0004_V.JPG,DJI_20260506132842_0004_V,.jpg,\\amssclgis10.ams.gmams.cl\CL_MLP_PAO\Vuelos_Drone_Sin_Procesar\INPUT\20260519_Geosupport\SOLO_JPG_19May26\GEOSP-TRN-002555\E94\DJI_20260506132842_0004_V.JPG,SOLO_JPG_19May26\GEOSP-TRN-002555\E94\DJI_20260506132842_0004_V.JPG,1.001,2026-06-08 10:29:43
DJI_20260506132852_0005_V.JPG,DJI_20260506132852_0005_V,.jpg,\\amssclgis10.ams.gmams.cl\CL_MLP_PAO\Vuelos_Drone_Sin_Procesar\INPUT\20260519_Geosupport\SOLO_JPG_19May26\GEOSP-TRN-002555\E94\DJI_20260506132852_0005_V.JPG,SOLO_JPG_19May26\GEOSP-TRN-002555\E94\DJI_20260506132852_0005_V.JPG,0.95,2026-06-08 10:29:44
DJI_20260506132904_0006_V.JPG,DJI_20260506132904_0006_V,.jpg,\\amssclgis10.ams.gmams.cl\CL_MLP_PAO\Vuelos_Drone_Sin_Procesar\INPUT\20260519_Geosupport\SOLO_JPG_19May26\GEOSP-TRN-002555\E95\DJI_20260506132904_0006_V.JPG,SOLO_JPG_19May26\GEOSP-TRN-002555\E95\DJI_20260506132904_0006_V.JPG,0.928,2026-06-08 10:29:44
DJI_20260506132919_0007_V.JPG,DJI_20260506132919_0007_V,.jpg,\\amssclgis10.ams.gmams.cl\CL_MLP_PAO\Vuelos_Drone_Sin_Procesar\INPUT\20260519_Geosupport\SOLO_JPG_19May26\GEOSP-TRN-002555\E95\DJI_20260506132919_0007_V.JPG,SOLO_JPG_19May26\GEOSP-TRN-002555\E95\DJI_20260506132919_0007_V.JPG,0.93,2026-06-08 10:29:44
DJI_20260506132931_0008_V.JPG,DJI_20260506132931_0008_V,.jpg,\\amssclgis10.ams.gmams.cl\CL_MLP_PAO\Vuelos_Drone_Sin_Procesar\INPUT\20260519_Geosupport\SOLO_JPG_19May26\GEOSP-TRN-002555\E95\DJI_20260506132931_0008_V.JPG,SOLO_JPG_19May26\GEOSP-TRN-002555\E95\DJI_20260506132931_0008_V.JPG,0.941,2026-06-08 10:29:44
DJI_20260506132939_0009_V.JPG,DJI_20260506132939_0009_V,.jpg,\\amssclgis10.ams.gmams.cl\CL_MLP_PAO\Vuelos_Drone_Sin_Procesar\INPUT\20260519_Geosupport\SOLO_JPG_19May26\GEOSP-TRN-002555\E95\DJI_20260506132939_0009_V.JPG,SOLO_JPG_19May26\GEOSP-TRN-002555\E95\DJI_20260506132939_0009_V.JPG,0.995,2026-06-08 10:29:45
DJI_20260506132950_0010_V.JPG,DJI_20260506132950_0010_V,.jpg,\\amssclgis10.ams.gmams.cl\CL_MLP_PAO\Vuelos_Drone_Sin_Procesar\INPUT\20260519_Geosupport\SOLO_JPG_19May26\GEOSP-TRN-002555\E95\DJI_20260506132950_0010_V.JPG,SOLO_JPG_19May26\GEOSP-TRN-002555\E95\DJI_20260506132950_0010_V.JPG,0.969,2026-06-08 10:29:45
DJI_20260506133004_0011_V.JPG,DJI_20260506133004_0011_V,.jpg,\\amssclgis10.ams.gmams.cl\CL_MLP_PAO\Vuelos_Drone_Sin_Procesar\INPUT\20260519_Geosupport\SOLO_JPG_19May26\GEOSP-TRN-002555\E96\DJI_20260506133004_0011_V.JPG,SOLO_JPG_19May26\GEOSP-TRN-002555\E96\DJI_20260506133004_0011_V.JPG,0.921,2026-06-08 10:29:45
DJI_20260506133022_0012_V.JPG,DJI_20260506133022_0012_V,.jpg,\\amssclgis10.ams.gmams.cl\CL_MLP_PAO\Vuelos_Drone_Sin_Procesar\INPUT\20260519_Geosupport\SOLO_JPG_19May26\GEOSP-TRN-002555\E96\DJI_20260506133022_0012_V.JPG,SOLO_JPG_19May26\GEOSP-TRN-002555\E96\DJI_20260506133022_0012_V.JPG,0.922,2026-06-08 10:29:46
DJI_20260506133035_0013_V.JPG,DJI_20260506133035_0013_V,.jpg,\\amssclgis10.ams.gmams.cl\CL_MLP_PAO\Vuelos_Drone_Sin_Procesar\INPUT\20260519_Geosupport\SOLO_JPG_19May26\GEOSP-TRN-002555\E96\DJI_20260506133035_0013_V.JPG,SOLO_JPG_19May26\GEOSP-TRN-002555\E96\DJI_20260506133035_0013_V.JPG,0.913,2026-06-08 10:29:46
DJI_20260506133048_0014_V.JPG,DJI_20260506133048_0014_V,.jpg,\\amssclgis10.ams.gmams.cl\CL_MLP_PAO\Vuelos_Drone_Sin_Procesar\INPUT\20260519_Geosupport\SOLO_JPG_19May26\GEOSP-TRN-002555\E96\DJI_20260506133048_0014_V.JPG,SOLO_JPG_19May26\GEOSP-TRN-002555\E96\DJI_20260506133048_0014_V.JPG,0.972,2026-06-08 10:29:46
DJI_20260506133058_0015_V.JPG,DJI_20260506133058_0015_V,.jpg,\\amssclgis10.ams.gmams.cl\CL_MLP_PAO\Vuelos_Drone_Sin_Procesar\INPUT\20260519_Geosupport\SOLO_JPG_19May26\GEOSP-TRN-002555\E96\DJI_20260506133058_0015_V.JPG,SOLO_JPG_19May26\GEOSP-TRN-002555\E96\DJI_20260506133058_0015_V.JPG,0.925,2026-06-08 10:29:46
DJI_20260506133108_0016_V.JPG,DJI_20260506133108_0016_V,.jpg,\\amssclgis10.ams.gmams.cl\CL_MLP_PAO\Vuelos_Drone_Sin_Procesar\INPUT\20260519_Geosupport\SOLO_JPG_19May26\GEOSP-TRN-002555\E97\DJI_20260506133108_0016_V.JPG,SOLO_JPG_19May26\GEOSP-TRN-002555\E97\DJI_20260506133108_0016_V.JPG,0.911,2026-06-08 10:29:47
DJI_20260506133124_0017_V.JPG,DJI_20260506133124_0017_V,.jpg,\\amssclgis10.ams.gmams.cl\CL_MLP_PAO\Vuelos_Drone_Sin_Procesar\INPUT\20260519_Geosupport\SOLO_JPG_19May26\GEOSP-TRN-002555\E97\DJI_20260506133124_0017_V.JPG,SOLO_JPG_19May26\GEOSP-TRN-002555\E97\DJI_20260506133124_0017_V.JPG,0.93,2026-06-08 10:29:47
DJI_20260506133146_0018_V.JPG,DJI_20260506133146_0018_V,.jpg,\\amssclgis10.ams.gmams.cl\CL_MLP_PAO\Vuelos_Drone_Sin_Procesar\INPUT\20260519_Geosupport\SOLO_JPG_19May26\GEOSP-TRN-002555\E97\DJI_20260506133146_0018_V.JPG,SOLO_JPG_19May26\GEOSP-TRN-002555\E97\DJI_20260506133146_0018_V.JPG,0.9,2026-06-08 10:29:47
DJI_20260506133200_0019_V.JPG,DJI_20260506133200_0019_V,.jpg,\\amssclgis10.ams.gmams.cl\CL_MLP_PAO\Vuelos_Drone_Sin_Procesar\INPUT\20260519_Geosupport\SOLO_JPG_19May26\GEOSP-TRN-002555\E97\DJI_20260506133200_0019_V.JPG,SOLO_JPG_19May26\GEOSP-TRN-002555\E97\DJI_20260506133200_0019_V.JPG,0.964,2026-06-08 10:29:47
DJI_20260506133212_0020_V.JPG,DJI_20260506133212_0020_V,.jpg,\\amssclgis10.ams.gmams.cl\CL_MLP_PAO\Vuelos_Drone_Sin_Procesar\INPUT\20260519_Geosupport\SOLO_JPG_19May26\GEOSP-TRN-002555\E97\DJI_20260506133212_0020_V.JPG,SOLO_JPG_19May26\GEOSP-TRN-002555\E97\DJI_20260506133212_0020_V.JPG,0.934,2026-06-08 10:29:48
DJI_20260506133222_0021_V.JPG,DJI_20260506133222_0021_V,.jpg,\\amssclgis10.ams.gmams.cl\CL_MLP_PAO\Vuelos_Drone_Sin_Procesar\INPUT\20260519_Geosupport\SOLO_JPG_19May26\GEOSP-TRN-002555\E98\DJI_20260506133222_0021_V.JPG,SOLO_JPG_19May26\GEOSP-TRN-002555\E98\DJI_20260506133222_0021_V.JPG,0.917,2026-06-08 10:29:48
DJI_20260506133237_0022_V.JPG,DJI_20260506133237_0022_V,.jpg,\\amssclgis10.ams.gmams.cl\CL_MLP_PAO\Vuelos_Drone_Sin_Procesar\INPUT\20260519_Geosupport\SOLO_JPG_19May26\GEOSP-TRN-002555\E98\DJI_20260506133237_0022_V.JPG,SOLO_JPG_19May26\GEOSP-TRN-002555\E98\DJI_20260506133237_0022_V.JPG,0.932,2026-06-08 10:29:48
DJI_20260506133247_0023_V.JPG,DJI_20260506133247_0023_V,.jpg,\\amssclgis10.ams.gmams.cl\CL_MLP_PAO\Vuelos_Drone_Sin_Procesar\INPUT\20260519_Geosupport\SOLO_JPG_19May26\GEOSP-TRN-002555\E98\DJI_20260506133247_0023_V.JPG,SOLO_JPG_19May26\GEOSP-TRN-002555\E98\DJI_20260506133247_0023_V.JPG,0.922,2026-06-08 10:29:48
DJI_20260506133257_0024_V.JPG,DJI_20260506133257_0024_V,.jpg,\\amssclgis10.ams.gmams.cl\CL_MLP_PAO\Vuelos_Drone_Sin_Procesar\INPUT\20260519_Geosupport\SOLO_JPG_19May26\GEOSP-TRN-002555\E98\DJI_20260506133257_0024_V.JPG,SOLO_JPG_19May26\GEOSP-TRN-002555\E98\DJI_20260506133257_0024_V.JPG,0.96,2026-06-08 10:29:49
DJI_20260506133308_0025_V.JPG,DJI_20260506133308_0025_V,.jpg,\\amssclgis10.ams.gmams.cl\CL_MLP_PAO\Vuelos_Drone_Sin_Procesar\INPUT\20260519_Geosupport\SOLO_JPG_19May26\GEOSP-TRN-002555\E98\DJI_20260506133308_0025_V.JPG,SOLO_JPG_19May26\GEOSP-TRN-002555\E98\DJI_20260506133308_0025_V.JPG,0.936,2026-06-08 10:29:49
DJI_20260506133321_0026_V.JPG,DJI_20260506133321_0026_V,.jpg,\\amssclgis10.ams.gmams.cl\CL_MLP_PAO\Vuelos_Drone_Sin_Procesar\INPUT\20260519_Geosupport\SOLO_JPG_19May26\GEOSP-TRN-002555\E99\DJI_20260506133321_0026_V.JPG,SOLO_JPG_19May26\GEOSP-TRN-002555\E99\DJI_20260506133321_0026_V.JPG,0.859,2026-06-08 10:29:49
DJI_20260506133340_0027_V.JPG,DJI_20260506133340_0027_V,.jpg,\\amssclgis10.ams.gmams.cl\CL_MLP_PAO\Vuelos_Drone_Sin_Procesar\INPUT\20260519_Geosupport\SOLO_JPG_19May26\GEOSP-TRN-002555\E99\DJI_20260506133340_0027_V.JPG,SOLO_JPG_19May26\GEOSP-TRN-002555\E99\DJI_20260506133340_0027_V.JPG,0.857,2026-06-08 10:29:50
DJI_20260506133351_0028_V.JPG,DJI_20260506133351_0028_V,.jpg,\\amssclgis10.ams.gmams.cl\CL_MLP_PAO\Vuelos_Drone_Sin_Procesar\INPUT\20260519_Geosupport\SOLO_JPG_19May26\GEOSP-TRN-002555\E99\DJI_20260506133351_0028_V.JPG,SOLO_JPG_19May26\GEOSP-TRN-002555\E99\DJI_20260506133351_0028_V.JPG,0.858,2026-06-08 10:29:50
DJI_20260506133402_0029_V.JPG,DJI_20260506133402_0029_V,.jpg,\\amssclgis10.ams.gmams.cl\CL_MLP_PAO\Vuelos_Drone_Sin_Procesar\INPUT\20260519_Geosupport\SOLO_JPG_19May26\GEOSP-TRN-002555\E99\DJI_20260506133402_0029_V.JPG,SOLO_JPG_19May26\GEOSP-TRN-002555\E99\DJI_20260506133402_0029_V.JPG,0.909,2026-06-08 10:29:50
DJI_20260506133414_0030_V.JPG,DJI_20260506133414_0030_V,.jpg,\\amssclgis10.ams.gmams.cl\CL_MLP_PAO\Vuelos_Drone_Sin_Procesar\INPUT\20260519_Geosupport\SOLO_JPG_19May26\GEOSP-TRN-002555\E99\DJI_20260506133414_0030_V.JPG,SOLO_JPG_19May26\GEOSP-TRN-002555\E99\DJI_20260506133414_0030_V.JPG,0.884,2026-06-08 10:29:50
DJI_20260510120148_0001_V.JPG,DJI_20260510120148_0001_V,.jpg,\\amssclgis10.ams.gmams.cl\CL_MLP_PAO\Vuelos_Drone_Sin_Procesar\INPUT\20260519_Geosupport\SOLO_JPG_19May26\GEOSP-TRN-002591\Fotos vértices + fotos postes + video\DJI_20260510120148_0001_V.JPG,SOLO_JPG_19May26\GEOSP-TRN-002591\Fotos vértices + fotos postes + video\DJI_20260510120148_0001_V.JPG,1.294,2026-06-08 10:29:51
DJI_20260510120149_0002_V.JPG,DJI_20260510120149_0002_V,.jpg,\\amssclgis10.ams.gmams.cl\CL_MLP_PAO\Vuelos_Drone_Sin_Procesar\INPUT\20260519_Geosupport\SOLO_JPG_19May26\GEOSP-TRN-002591\Fotos vértices + fotos postes + video\DJI_20260510120149_0002_V.JPG,SOLO_JPG_19May26\GEOSP-TRN-002591\Fotos vértices + fotos postes + video\DJI_20260510120149_0002_V.JPG,1.296,2026-06-08 10:29:51
DJI_20260510120212_0003_V.JPG,DJI_20260510120212_0003_V,.jpg,\\amssclgis10.ams.gmams.cl\CL_MLP_PAO\Vuelos_Drone_Sin_Procesar\INPUT\20260519_Geosupport\SOLO_JPG_19May26\GEOSP-TRN-002591\Fotos vértices + fotos postes + video\DJI_20260510120212_0003_V.JPG,SOLO_JPG_19May26\GEOSP-TRN-002591\Fotos vértices + fotos postes + video\DJI_20260510120212_0003_V.JPG,1.39,2026-06-08 10:29:51
DJI_20260510120245_0004_V.JPG,DJI_20260510120245_0004_V,.jpg,\\amssclgis10.ams.gmams.cl\CL_MLP_PAO\Vuelos_Drone_Sin_Procesar\INPUT\20260519_Geosupport\SOLO_JPG_19May26\GEOSP-TRN-002591\Fotos vértices + fotos postes + video\DJI_20260510120245_0004_V.JPG,SOLO_JPG_19May26\GEOSP-TRN-002591\Fotos vértices + fotos postes + video\DJI_20260510120245_0004_V.JPG,1.186,2026-06-08 10:29:52
DJI_20260510120324_0005_V.JPG,DJI_20260510120324_0005_V,.jpg,\\amssclgis10.ams.gmams.cl\CL_MLP_PAO\Vuelos_Drone_Sin_Procesar\INPUT\20260519_Geosupport\SOLO_JPG_19May26\GEOSP-TRN-002591\Fotos vértices + fotos postes + video\DJI_20260510120324_0005_V.JPG,SOLO_JPG_19May26\GEOSP-TRN-002591\Fotos vértices + fotos postes + video\DJI_20260510120324_0005_V.JPG,1.284,2026-06-08 10:29:52
DJI_20260510120337_0006_V.JPG,DJI_20260510120337_0006_V,.jpg,\\amssclgis10.ams.gmams.cl\CL_MLP_PAO\Vuelos_Drone_Sin_Procesar\INPUT\20260519_Geosupport\SOLO_JPG_19May26\GEOSP-TRN-002591\Fotos vértices + fotos postes + video\DJI_20260510120337_0006_V.JPG,SOLO_JPG_19May26\GEOSP-TRN-002591\Fotos vértices + fotos postes + video\DJI_20260510120337_0006_V.JPG,1.247,2026-06-08 10:29:53
DJI_20260510120740_0008_V.JPG,DJI_20260510120740_0008_V,.jpg,\\amssclgis10.ams.gmams.cl\CL_MLP_PAO\Vuelos_Drone_Sin_Procesar\INPUT\20260519_Geosupport\SOLO_JPG_19May26\GEOSP-TRN-002591\Fotos vértices + fotos postes + video\DJI_20260510120740_0008_V.JPG,SOLO_JPG_19May26\GEOSP-TRN-002591\Fotos vértices + fotos postes + video\DJI_20260510120740_0008_V.JPG,1.27,2026-06-08 10:29:53
DJI_20260510120753_0009_V.JPG,DJI_20260510120753_0009_V,.jpg,\\amssclgis10.ams.gmams.cl\CL_MLP_PAO\Vuelos_Drone_Sin_Procesar\INPUT\20260519_Geosupport\SOLO_JPG_19May26\GEOSP-TRN-002591\Fotos vértices + fotos postes + video\DJI_20260510120753_0009_V.JPG,SOLO_JPG_19May26\GEOSP-TRN-002591\Fotos vértices + fotos postes + video\DJI_20260510120753_0009_V.JPG,1.332,2026-06-08 10:29:53
DJI_20260510120801_0010_V.JPG,DJI_20260510120801_0010_V,.jpg,\\amssclgis10.ams.gmams.cl\CL_MLP_PAO\Vuelos_Drone_Sin_Procesar\INPUT\20260519_Geosupport\SOLO_JPG_19May26\GEOSP-TRN-002591\Fotos vértices + fotos postes + video\DJI_20260510120801_0010_V.JPG,SOLO_JPG_19May26\GEOSP-TRN-002591\Fotos vértices + fotos postes + video\DJI_20260510120801_0010_V.JPG,1.415,2026-06-08 10:29:54
DJI_20260510120836_0011_V.JPG,DJI_20260510120836_0011_V,.jpg,\\amssclgis10.ams.gmams.cl\CL_MLP_PAO\Vuelos_Drone_Sin_Procesar\INPUT\20260519_Geosupport\SOLO_JPG_19May26\GEOSP-TRN-002591\Fotos vértices + fotos postes + video\DJI_20260510120836_0011_V.JPG,SOLO_JPG_19May26\GEOSP-TRN-002591\Fotos vértices + fotos postes + video\DJI_20260510120836_0011_V.JPG,1.195,2026-06-08 10:29:54
DJI_20260510120847_0012_V.JPG,DJI_20260510120847_0012_V,.jpg,\\amssclgis10.ams.gmams.cl\CL_MLP_PAO\Vuelos_Drone_Sin_Procesar\INPUT\20260519_Geosupport\SOLO_JPG_19May26\GEOSP-TRN-002591\Fotos vértices + fotos postes + video\DJI_20260510120847_0012_V.JPG,SOLO_JPG_19May26\GEOSP-TRN-002591\Fotos vértices + fotos postes + video\DJI_20260510120847_0012_V.JPG,1.367,2026-06-08 10:29:55
DJI_20260510120920_0013_V.JPG,DJI_20260510120920_0013_V,.jpg,\\amssclgis10.ams.gmams.cl\CL_MLP_PAO\Vuelos_Drone_Sin_Procesar\INPUT\20260519_Geosupport\SOLO_JPG_19May26\GEOSP-TRN-002591\Fotos vértices + fotos postes + video\DJI_20260510120920_0013_V.JPG,SOLO_JPG_19May26\GEOSP-TRN-002591\Fotos vértices + fotos postes + video\DJI_20260510120920_0013_V.JPG,1.039,2026-06-08 10:29:55
DJI_20260510120932_0014_V.JPG,DJI_20260510120932_0014_V,.jpg,\\amssclgis10.ams.gmams.cl\CL_MLP_PAO\Vuelos_Drone_Sin_Procesar\INPUT\20260519_Geosupport\SOLO_JPG_19May26\GEOSP-TRN-002591\Fotos vértices + fotos postes + video\DJI_20260510120932_0014_V.JPG,SOLO_JPG_19May26\GEOSP-TRN-002591\Fotos vértices + fotos postes + video\DJI_20260510120932_0014_V.JPG,1.085,2026-06-08 10:29:55
DJI_20260510120944_0015_V.JPG,DJI_20260510120944_0015_V,.jpg,\\amssclgis10.ams.gmams.cl\CL_MLP_PAO\Vuelos_Drone_Sin_Procesar\INPUT\20260519_Geosupport\SOLO_JPG_19May26\GEOSP-TRN-002591\Fotos vértices + fotos postes + video\DJI_20260510120944_0015_V.JPG,SOLO_JPG_19May26\GEOSP-TRN-002591\Fotos vértices + fotos postes + video\DJI_20260510120944_0015_V.JPG,1.155,2026-06-08 10:29:56
DJI_20260510120954_0016_V.JPG,DJI_20260510120954_0016_V,.jpg,\\amssclgis10.ams.gmams.cl\CL_MLP_PAO\Vuelos_Drone_Sin_Procesar\INPUT\20260519_Geosupport\SOLO_JPG_19May26\GEOSP-TRN-002591\Fotos vértices + fotos postes + video\DJI_20260510120954_0016_V.JPG,SOLO_JPG_19May26\GEOSP-TRN-002591\Fotos vértices + fotos postes + video\DJI_20260510120954_0016_V.JPG,1.199,2026-06-08 10:29:56
DJI_20260510121003_0017_V.JPG,DJI_20260510121003_0017_V,.jpg,\\amssclgis10.ams.gmams.cl\CL_MLP_PAO\Vuelos_Drone_Sin_Procesar\INPUT\20260519_Geosupport\SOLO_JPG_19May26\GEOSP-TRN-002591\Fotos vértices + fotos postes + video\DJI_20260510121003_0017_V.JPG,SOLO_JPG_19May26\GEOSP-TRN-002591\Fotos vértices + fotos postes + video\DJI_20260510121003_0017_V.JPG,1.346,2026-06-08 10:29:56
DJI_20260510121026_0018_V.JPG,DJI_20260510121026_0018_V,.jpg,\\amssclgis10.ams.gmams.cl\CL_MLP_PAO\Vuelos_Drone_Sin_Procesar\INPUT\20260519_Geosupport\SOLO_JPG_19May26\GEOSP-TRN-002591\Fotos vértices + fotos postes + video\DJI_20260510121026_0018_V.JPG,SOLO_JPG_19May26\GEOSP-TRN-002591\Fotos vértices + fotos postes + video\DJI_20260510121026_0018_V.JPG,0.937,2026-06-08 10:29:57
DJI_20260510121035_0019_V.JPG,DJI_20260510121035_0019_V,.jpg,\\amssclgis10.ams.gmams.cl\CL_MLP_PAO\Vuelos_Drone_Sin_Procesar\INPUT\20260519_Geosupport\SOLO_JPG_19May26\GEOSP-TRN-002591\Fotos vértices + fotos postes + video\DJI_20260510121035_0019_V.JPG,SOLO_JPG_19May26\GEOSP-TRN-002591\Fotos vértices + fotos postes + video\DJI_20260510121035_0019_V.JPG,0.958,2026-06-08 10:29:57
DJI_20260510121046_0020_V.JPG,DJI_20260510121046_0020_V,.jpg,\\amssclgis10.ams.gmams.cl\CL_MLP_PAO\Vuelos_Drone_Sin_Procesar\INPUT\20260519_Geosupport\SOLO_JPG_19May26\GEOSP-TRN-002591\Fotos vértices + fotos postes + video\DJI_20260510121046_0020_V.JPG,SOLO_JPG_19May26\GEOSP-TRN-002591\Fotos vértices + fotos postes + video\DJI_20260510121046_0020_V.JPG,1.063,2026-06-08 10:29:58
DJI_20260510121055_0021_V.JPG,DJI_20260510121055_0021_V,.jpg,\\amssclgis10.ams.gmams.cl\CL_MLP_PAO\Vuelos_Drone_Sin_Procesar\INPUT\20260519_Geosupport\SOLO_JPG_19May26\GEOSP-TRN-002591\Fotos vértices + fotos postes + video\DJI_20260510121055_0021_V.JPG,SOLO_JPG_19May26\GEOSP-TRN-002591\Fotos vértices + fotos postes + video\DJI_20260510121055_0021_V.JPG,1.068,2026-06-08 10:29:58
DJI_20260510121102_0022_V.JPG,DJI_20260510121102_0022_V,.jpg,\\amssclgis10.ams.gmams.cl\CL_MLP_PAO\Vuelos_Drone_Sin_Procesar\INPUT\20260519_Geosupport\SOLO_JPG_19May26\GEOSP-TRN-002591\Fotos vértices + fotos postes + video\DJI_20260510121102_0022_V.JPG,SOLO_JPG_19May26\GEOSP-TRN-002591\Fotos vértices + fotos postes + video\DJI_20260510121102_0022_V.JPG,1.089,2026-06-08 10:29:58
DJI_20260510121143_0023_V.JPG,DJI_20260510121143_0023_V,.jpg,\\amssclgis10.ams.gmams.cl\CL_MLP_PAO\Vuelos_Drone_Sin_Procesar\INPUT\20260519_Geosupport\SOLO_JPG_19May26\GEOSP-TRN-002591\Fotos vértices + fotos postes + video\DJI_20260510121143_0023_V.JPG,SOLO_JPG_19May26\GEOSP-TRN-002591\Fotos vértices + fotos postes + video\DJI_20260510121143_0023_V.JPG,0.858,2026-06-08 10:29:59
DJI_20260510121151_0024_V.JPG,DJI_20260510121151_0024_V,.jpg,\\amssclgis10.ams.gmams.cl\CL_MLP_PAO\Vuelos_Drone_Sin_Procesar\INPUT\20260519_Geosupport\SOLO_JPG_19May26\GEOSP-TRN-002591\Fotos vértices + fotos postes + video\DJI_20260510121151_0024_V.JPG,SOLO_JPG_19May26\GEOSP-TRN-002591\Fotos vértices + fotos postes + video\DJI_20260510121151_0024_V.JPG,1.133,2026-06-08 10:29:59
DJI_20260510121200_0025_V.JPG,DJI_20260510121200_0025_V,.jpg,\\amssclgis10.ams.gmams.cl\CL_MLP_PAO\Vuelos_Drone_Sin_Procesar\INPUT\20260519_Geosupport\SOLO_JPG_19May26\GEOSP-TRN-002591\Fotos vértices + fotos postes + video\DJI_20260510121200_0025_V.JPG,SOLO_JPG_19May26\GEOSP-TRN-002591\Fotos vértices + fotos postes + video\DJI_20260510121200_0025_V.JPG,1.122,2026-06-08 10:30:00
DJI_20260510121209_0026_V.JPG,DJI_20260510121209_0026_V,.jpg,\\amssclgis10.ams.gmams.cl\CL_MLP_PAO\Vuelos_Drone_Sin_Procesar\INPUT\20260519_Geosupport\SOLO_JPG_19May26\GEOSP-TRN-002591\Fotos vértices + fotos postes + video\DJI_20260510121209_0026_V.JPG,SOLO_JPG_19May26\GEOSP-TRN-002591\Fotos vértices + fotos postes + video\DJI_20260510121209_0026_V.JPG,1.175,2026-06-08 10:30:00
DJI_20260510121219_0027_V.JPG,DJI_20260510121219_0027_V,.jpg,\\amssclgis10.ams.gmams.cl\CL_MLP_PAO\Vuelos_Drone_Sin_Procesar\INPUT\20260519_Geosupport\SOLO_JPG_19May26\GEOSP-TRN-002591\Fotos vértices + fotos postes + video\DJI_20260510121219_0027_V.JPG,SOLO_JPG_19May26\GEOSP-TRN-002591\Fotos vértices + fotos postes + video\DJI_20260510121219_0027_V.JPG,1.244,2026-06-08 10:30:00
DJI_20260506131307_0001_V.JPG,DJI_20260506131307_0001_V,.jpg,\\amssclgis10.ams.gmams.cl\CL_MLP_PAO\Vuelos_Drone_Sin_Procesar\INPUT\20260519_Geosupport\SOLO_JPG_19May26\GEOSP-TRN-002592\Fotos + Video\DJI_20260506131307_0001_V.JPG,SOLO_JPG_19May26\GEOSP-TRN-002592\Fotos + Video\DJI_20260506131307_0001_V.JPG,1.093,2026-06-08 10:30:01
DJI_20260506131308_0002_V.JPG,DJI_20260506131308_0002_V,.jpg,\\amssclgis10.ams.gmams.cl\CL_MLP_PAO\Vuelos_Drone_Sin_Procesar\INPUT\20260519_Geosupport\SOLO_JPG_19May26\GEOSP-TRN-002592\Fotos + Video\DJI_20260506131308_0002_V.JPG,SOLO_JPG_19May26\GEOSP-TRN-002592\Fotos + Video\DJI_20260506131308_0002_V.JPG,1.096,2026-06-08 10:30:01
DJI_20260506131333_0003_V.JPG,DJI_20260506131333_0003_V,.jpg,\\amssclgis10.ams.gmams.cl\CL_MLP_PAO\Vuelos_Drone_Sin_Procesar\INPUT\20260519_Geosupport\SOLO_JPG_19May26\GEOSP-TRN-002592\Fotos + Video\DJI_20260506131333_0003_V.JPG,SOLO_JPG_19May26\GEOSP-TRN-002592\Fotos + Video\DJI_20260506131333_0003_V.JPG,1.094,2026-06-08 10:30:01
DJI_20260506131351_0004_V.JPG,DJI_20260506131351_0004_V,.jpg,\\amssclgis10.ams.gmams.cl\CL_MLP_PAO\Vuelos_Drone_Sin_Procesar\INPUT\20260519_Geosupport\SOLO_JPG_19May26\GEOSP-TRN-002592\Fotos + Video\DJI_20260506131351_0004_V.JPG,SOLO_JPG_19May26\GEOSP-TRN-002592\Fotos + Video\DJI_20260506131351_0004_V.JPG,1.169,2026-06-08 10:30:02
DJI_20260506131414_0005_V.JPG,DJI_20260506131414_0005_V,.jpg,\\amssclgis10.ams.gmams.cl\CL_MLP_PAO\Vuelos_Drone_Sin_Procesar\INPUT\20260519_Geosupport\SOLO_JPG_19May26\GEOSP-TRN-002592\Fotos + Video\DJI_20260506131414_0005_V.JPG,SOLO_JPG_19May26\GEOSP-TRN-002592\Fotos + Video\DJI_20260506131414_0005_V.JPG,0.996,2026-06-08 10:30:02
DJI_20260506133312_0001_V.JPG,DJI_20260506133312_0001_V,.jpg,\\amssclgis10.ams.gmams.cl\CL_MLP_PAO\Vuelos_Drone_Sin_Procesar\INPUT\20260519_Geosupport\SOLO_JPG_19May26\GEOSP-TRN-002593\GS_AFD+ORTOFOTO_PATIO 19B_10-05-26\DJI_20260506133312_0001_V.JPG,SOLO_JPG_19May26\GEOSP-TRN-002593\GS_AFD+ORTOFOTO_PATIO 19B_10-05-26\DJI_20260506133312_0001_V.JPG,0.881,2026-06-08 10:30:03
DJI_20260506133339_0002_V.JPG,DJI_20260506133339_0002_V,.jpg,\\amssclgis10.ams.gmams.cl\CL_MLP_PAO\Vuelos_Drone_Sin_Procesar\INPUT\20260519_Geosupport\SOLO_JPG_19May26\GEOSP-TRN-002593\GS_AFD+ORTOFOTO_PATIO 19B_10-05-26\DJI_20260506133339_0002_V.JPG,SOLO_JPG_19May26\GEOSP-TRN-002593\GS_AFD+ORTOFOTO_PATIO 19B_10-05-26\DJI_20260506133339_0002_V.JPG,0.937,2026-06-08 10:30:03
DJI_20260506133417_0003_V.JPG,DJI_20260506133417_0003_V,.jpg,\\amssclgis10.ams.gmams.cl\CL_MLP_PAO\Vuelos_Drone_Sin_Procesar\INPUT\20260519_Geosupport\SOLO_JPG_19May26\GEOSP-TRN-002593\GS_AFD+ORTOFOTO_PATIO 19B_10-05-26\DJI_20260506133417_0003_V.JPG,SOLO_JPG_19May26\GEOSP-TRN-002593\GS_AFD+ORTOFOTO_PATIO 19B_10-05-26\DJI_20260506133417_0003_V.JPG,0.926,2026-06-08 10:30:03
DJI_20260506133451_0004_V.JPG,DJI_20260506133451_0004_V,.jpg,\\amssclgis10.ams.gmams.cl\CL_MLP_PAO\Vuelos_Drone_Sin_Procesar\INPUT\20260519_Geosupport\SOLO_JPG_19May26\GEOSP-TRN-002593\GS_AFD+ORTOFOTO_PATIO 19B_10-05-26\DJI_20260506133451_0004_V.JPG,SOLO_JPG_19May26\GEOSP-TRN-002593\GS_AFD+ORTOFOTO_PATIO 19B_10-05-26\DJI_20260506133451_0004_V.JPG,0.943,2026-06-08 10:30:04
DJI_20260507150646_0001_V.JPG,DJI_20260507150646_0001_V,.jpg,\\amssclgis10.ams.gmams.cl\CL_MLP_PAO\Vuelos_Drone_Sin_Procesar\INPUT\20260519_Geosupport\SOLO_JPG_19May26\GEOSP-TRN-002603\GS_AFD_ORTOFOTO_EM2_(prioridad 9)_100526\DJI_20260507150646_0001_V.JPG,SOLO_JPG_19May26\GEOSP-TRN-002603\GS_AFD_ORTOFOTO_EM2_(prioridad 9)_100526\DJI_20260507150646_0001_V.JPG,1.163,2026-06-08 10:30:04
DJI_20260507150651_0003_V.JPG,DJI_20260507150651_0003_V,.jpg,\\amssclgis10.ams.gmams.cl\CL_MLP_PAO\Vuelos_Drone_Sin_Procesar\INPUT\20260519_Geosupport\SOLO_JPG_19May26\GEOSP-TRN-002603\GS_AFD_ORTOFOTO_EM2_(prioridad 9)_100526\DJI_20260507150651_0003_V.JPG,SOLO_JPG_19May26\GEOSP-TRN-002603\GS_AFD_ORTOFOTO_EM2_(prioridad 9)_100526\DJI_20260507150651_0003_V.JPG,1.152,2026-06-08 10:30:04
DJI_20260507150654_0004_V.JPG,DJI_20260507150654_0004_V,.jpg,\\amssclgis10.ams.gmams.cl\CL_MLP_PAO\Vuelos_Drone_Sin_Procesar\INPUT\20260519_Geosupport\SOLO_JPG_19May26\GEOSP-TRN-002603\GS_AFD_ORTOFOTO_EM2_(prioridad 9)_100526\DJI_20260507150654_0004_V.JPG,SOLO_JPG_19May26\GEOSP-TRN-002603\GS_AFD_ORTOFOTO_EM2_(prioridad 9)_100526\DJI_20260507150654_0004_V.JPG,1.168,2026-06-08 10:30:05
DJI_20260507150659_0005_V.JPG,DJI_20260507150659_0005_V,.jpg,\\amssclgis10.ams.gmams.cl\CL_MLP_PAO\Vuelos_Drone_Sin_Procesar\INPUT\20260519_Geosupport\SOLO_JPG_19May26\GEOSP-TRN-002603\GS_AFD_ORTOFOTO_EM2_(prioridad 9)_100526\DJI_20260507150659_0005_V.JPG,SOLO_JPG_19May26\GEOSP-TRN-002603\GS_AFD_ORTOFOTO_EM2_(prioridad 9)_100526\DJI_20260507150659_0005_V.JPG,1.132,2026-06-08 10:30:05
DJI_20260507150715_0006_V.JPG,DJI_20260507150715_0006_V,.jpg,\\amssclgis10.ams.gmams.cl\CL_MLP_PAO\Vuelos_Drone_Sin_Procesar\INPUT\20260519_Geosupport\SOLO_JPG_19May26\GEOSP-TRN-002603\GS_AFD_ORTOFOTO_EM2_(prioridad 9)_100526\DJI_20260507150715_0006_V.JPG,SOLO_JPG_19May26\GEOSP-TRN-002603\GS_AFD_ORTOFOTO_EM2_(prioridad 9)_100526\DJI_20260507150715_0006_V.JPG,1.15,2026-06-08 10:30:05
DJI_20260507150720_0007_V.JPG,DJI_20260507150720_0007_V,.jpg,\\amssclgis10.ams.gmams.cl\CL_MLP_PAO\Vuelos_Drone_Sin_Procesar\INPUT\20260519_Geosupport\SOLO_JPG_19May26\GEOSP-TRN-002603\GS_AFD_ORTOFOTO_EM2_(prioridad 9)_100526\DJI_20260507150720_0007_V.JPG,SOLO_JPG_19May26\GEOSP-TRN-002603\GS_AFD_ORTOFOTO_EM2_(prioridad 9)_100526\DJI_20260507150720_0007_V.JPG,1.19,2026-06-08 10:30:06
DJI_20260507150724_0008_V.JPG,DJI_20260507150724_0008_V,.jpg,\\amssclgis10.ams.gmams.cl\CL_MLP_PAO\Vuelos_Drone_Sin_Procesar\INPUT\20260519_Geosupport\SOLO_JPG_19May26\GEOSP-TRN-002603\GS_AFD_ORTOFOTO_EM2_(prioridad 9)_100526\DJI_20260507150724_0008_V.JPG,SOLO_JPG_19May26\GEOSP-TRN-002603\GS_AFD_ORTOFOTO_EM2_(prioridad 9)_100526\DJI_20260507150724_0008_V.JPG,1.253,2026-06-08 10:30:06
DJI_20260507150727_0009_V.JPG,DJI_20260507150727_0009_V,.jpg,\\amssclgis10.ams.gmams.cl\CL_MLP_PAO\Vuelos_Drone_Sin_Procesar\INPUT\20260519_Geosupport\SOLO_JPG_19May26\GEOSP-TRN-002603\GS_AFD_ORTOFOTO_EM2_(prioridad 9)_100526\DJI_20260507150727_0009_V.JPG,SOLO_JPG_19May26\GEOSP-TRN-002603\GS_AFD_ORTOFOTO_EM2_(prioridad 9)_100526\DJI_20260507150727_0009_V.JPG,1.199,2026-06-08 10:30:06
DJI_20260507150801_0010_V.JPG,DJI_20260507150801_0010_V,.jpg,\\amssclgis10.ams.gmams.cl\CL_MLP_PAO\Vuelos_Drone_Sin_Procesar\INPUT\20260519_Geosupport\SOLO_JPG_19May26\GEOSP-TRN-002603\GS_AFD_ORTOFOTO_EM2_(prioridad 9)_100526\DJI_20260507150801_0010_V.JPG,SOLO_JPG_19May26\GEOSP-TRN-002603\GS_AFD_ORTOFOTO_EM2_(prioridad 9)_100526\DJI_20260507150801_0010_V.JPG,1.307,2026-06-08 10:30:07
DJI_20260507150806_0011_V.JPG,DJI_20260507150806_0011_V,.jpg,\\amssclgis10.ams.gmams.cl\CL_MLP_PAO\Vuelos_Drone_Sin_Procesar\INPUT\20260519_Geosupport\SOLO_JPG_19May26\GEOSP-TRN-002603\GS_AFD_ORTOFOTO_EM2_(prioridad 9)_100526\DJI_20260507150806_0011_V.JPG,SOLO_JPG_19May26\GEOSP-TRN-002603\GS_AFD_ORTOFOTO_EM2_(prioridad 9)_100526\DJI_20260507150806_0011_V.JPG,1.402,2026-06-08 10:30:07
DJI_20260507150808_0012_V.JPG,DJI_20260507150808_0012_V,.jpg,\\amssclgis10.ams.gmams.cl\CL_MLP_PAO\Vuelos_Drone_Sin_Procesar\INPUT\20260519_Geosupport\SOLO_JPG_19May26\GEOSP-TRN-002603\GS_AFD_ORTOFOTO_EM2_(prioridad 9)_100526\DJI_20260507150808_0012_V.JPG,SOLO_JPG_19May26\GEOSP-TRN-002603\GS_AFD_ORTOFOTO_EM2_(prioridad 9)_100526\DJI_20260507150808_0012_V.JPG,1.437,2026-06-08 10:30:07
DJI_20260507150811_0013_V.JPG,DJI_20260507150811_0013_V,.jpg,\\amssclgis10.ams.gmams.cl\CL_MLP_PAO\Vuelos_Drone_Sin_Procesar\INPUT\20260519_Geosupport\SOLO_JPG_19May26\GEOSP-TRN-002603\GS_AFD_ORTOFOTO_EM2_(prioridad 9)_100526\DJI_20260507150811_0013_V.JPG,SOLO_JPG_19May26\GEOSP-TRN-002603\GS_AFD_ORTOFOTO_EM2_(prioridad 9)_100526\DJI_20260507150811_0013_V.JPG,1.402,2026-06-08 10:30:07
DJI_20260507150813_0014_V.JPG,DJI_20260507150813_0014_V,.jpg,\\amssclgis10.ams.gmams.cl\CL_MLP_PAO\Vuelos_Drone_Sin_Procesar\INPUT\20260519_Geosupport\SOLO_JPG_19May26\GEOSP-TRN-002603\GS_AFD_ORTOFOTO_EM2_(prioridad 9)_100526\DJI_20260507150813_0014_V.JPG,SOLO_JPG_19May26\GEOSP-TRN-002603\GS_AFD_ORTOFOTO_EM2_(prioridad 9)_100526\DJI_20260507150813_0014_V.JPG,1.397,2026-06-08 10:30:08
DJI_20260507150821_0015_V.JPG,DJI_20260507150821_0015_V,.jpg,\\amssclgis10.ams.gmams.cl\CL_MLP_PAO\Vuelos_Drone_Sin_Procesar\INPUT\20260519_Geosupport\SOLO_JPG_19May26\GEOSP-TRN-002603\GS_AFD_ORTOFOTO_EM2_(prioridad 9)_100526\DJI_20260507150821_0015_V.JPG,SOLO_JPG_19May26\GEOSP-TRN-002603\GS_AFD_ORTOFOTO_EM2_(prioridad 9)_100526\DJI_20260507150821_0015_V.JPG,1.156,2026-06-08 10:30:08
DJI_20260507150831_0016_V.JPG,DJI_20260507150831_0016_V,.jpg,\\amssclgis10.ams.gmams.cl\CL_MLP_PAO\Vuelos_Drone_Sin_Procesar\INPUT\20260519_Geosupport\SOLO_JPG_19May26\GEOSP-TRN-002603\GS_AFD_ORTOFOTO_EM2_(prioridad 9)_100526\DJI_20260507150831_0016_V.JPG,SOLO_JPG_19May26\GEOSP-TRN-002603\GS_AFD_ORTOFOTO_EM2_(prioridad 9)_100526\DJI_20260507150831_0016_V.JPG,1.149,2026-06-08 10:30:08
DJI_20260507150835_0017_V.JPG,DJI_20260507150835_0017_V,.jpg,\\amssclgis10.ams.gmams.cl\CL_MLP_PAO\Vuelos_Drone_Sin_Procesar\INPUT\20260519_Geosupport\SOLO_JPG_19May26\GEOSP-TRN-002603\GS_AFD_ORTOFOTO_EM2_(prioridad 9)_100526\DJI_20260507150835_0017_V.JPG,SOLO_JPG_19May26\GEOSP-TRN-002603\GS_AFD_ORTOFOTO_EM2_(prioridad 9)_100526\DJI_20260507150835_0017_V.JPG,1.3,2026-06-08 10:30:09
DJI_20260507150840_0018_V.JPG,DJI_20260507150840_0018_V,.jpg,\\amssclgis10.ams.gmams.cl\CL_MLP_PAO\Vuelos_Drone_Sin_Procesar\INPUT\20260519_Geosupport\SOLO_JPG_19May26\GEOSP-TRN-002603\GS_AFD_ORTOFOTO_EM2_(prioridad 9)_100526\DJI_20260507150840_0018_V.JPG,SOLO_JPG_19May26\GEOSP-TRN-002603\GS_AFD_ORTOFOTO_EM2_(prioridad 9)_100526\DJI_20260507150840_0018_V.JPG,1.205,2026-06-08 10:30:09
DJI_20260507150902_0019_V.JPG,DJI_20260507150902_0019_V,.jpg,\\amssclgis10.ams.gmams.cl\CL_MLP_PAO\Vuelos_Drone_Sin_Procesar\INPUT\20260519_Geosupport\SOLO_JPG_19May26\GEOSP-TRN-002603\GS_AFD_ORTOFOTO_EM2_(prioridad 9)_100526\DJI_20260507150902_0019_V.JPG,SOLO_JPG_19May26\GEOSP-TRN-002603\GS_AFD_ORTOFOTO_EM2_(prioridad 9)_100526\DJI_20260507150902_0019_V.JPG,1.186,2026-06-08 10:30:09
DJI_20260507150910_0020_V.JPG,DJI_20260507150910_0020_V,.jpg,\\amssclgis10.ams.gmams.cl\CL_MLP_PAO\Vuelos_Drone_Sin_Procesar\INPUT\20260519_Geosupport\SOLO_JPG_19May26\GEOSP-TRN-002603\GS_AFD_ORTOFOTO_EM2_(prioridad 9)_100526\DJI_20260507150910_0020_V.JPG,SOLO_JPG_19May26\GEOSP-TRN-002603\GS_AFD_ORTOFOTO_EM2_(prioridad 9)_100526\DJI_20260507150910_0020_V.JPG,1.208,2026-06-08 10:30:09
DJI_20260507150914_0021_V.JPG,DJI_20260507150914_0021_V,.jpg,\\amssclgis10.ams.gmams.cl\CL_MLP_PAO\Vuelos_Drone_Sin_Procesar\INPUT\20260519_Geosupport\SOLO_JPG_19May26\GEOSP-TRN-002603\GS_AFD_ORTOFOTO_EM2_(prioridad 9)_100526\DJI_20260507150914_0021_V.JPG,SOLO_JPG_19May26\GEOSP-TRN-002603\GS_AFD_ORTOFOTO_EM2_(prioridad 9)_100526\DJI_20260507150914_0021_V.JPG,1.179,2026-06-08 10:30:09
DJI_20260507150919_0022_V.JPG,DJI_20260507150919_0022_V,.jpg,\\amssclgis10.ams.gmams.cl\CL_MLP_PAO\Vuelos_Drone_Sin_Procesar\INPUT\20260519_Geosupport\SOLO_JPG_19May26\GEOSP-TRN-002603\GS_AFD_ORTOFOTO_EM2_(prioridad 9)_100526\DJI_20260507150919_0022_V.JPG,SOLO_JPG_19May26\GEOSP-TRN-002603\GS_AFD_ORTOFOTO_EM2_(prioridad 9)_100526\DJI_20260507150919_0022_V.JPG,1.169,2026-06-08 10:30:10
DJI_20260507150923_0023_V.JPG,DJI_20260507150923_0023_V,.jpg,\\amssclgis10.ams.gmams.cl\CL_MLP_PAO\Vuelos_Drone_Sin_Procesar\INPUT\20260519_Geosupport\SOLO_JPG_19May26\GEOSP-TRN-002603\GS_AFD_ORTOFOTO_EM2_(prioridad 9)_100526\DJI_20260507150923_0023_V.JPG,SOLO_JPG_19May26\GEOSP-TRN-002603\GS_AFD_ORTOFOTO_EM2_(prioridad 9)_100526\DJI_20260507150923_0023_V.JPG,1.298,2026-06-08 10:30:10
DJI_20260507150930_0024_V.JPG,DJI_20260507150930_0024_V,.jpg,\\amssclgis10.ams.gmams.cl\CL_MLP_PAO\Vuelos_Drone_Sin_Procesar\INPUT\20260519_Geosupport\SOLO_JPG_19May26\GEOSP-TRN-002603\GS_AFD_ORTOFOTO_EM2_(prioridad 9)_100526\DJI_20260507150930_0024_V.JPG,SOLO_JPG_19May26\GEOSP-TRN-002603\GS_AFD_ORTOFOTO_EM2_(prioridad 9)_100526\DJI_20260507150930_0024_V.JPG,1.23,2026-06-08 10:30:10
DJI_20260507150934_0025_V.JPG,DJI_20260507150934_0025_V,.jpg,\\amssclgis10.ams.gmams.cl\CL_MLP_PAO\Vuelos_Drone_Sin_Procesar\INPUT\20260519_Geosupport\SOLO_JPG_19May26\GEOSP-TRN-002603\GS_AFD_ORTOFOTO_EM2_(prioridad 9)_100526\DJI_20260507150934_0025_V.JPG,SOLO_JPG_19May26\GEOSP-TRN-002603\GS_AFD_ORTOFOTO_EM2_(prioridad 9)_100526\DJI_20260507150934_0025_V.JPG,1.382,2026-06-08 10:30:10
DJI_20260507150938_0026_V.JPG,DJI_20260507150938_0026_V,.jpg,\\amssclgis10.ams.gmams.cl\CL_MLP_PAO\Vuelos_Drone_Sin_Procesar\INPUT\20260519_Geosupport\SOLO_JPG_19May26\GEOSP-TRN-002603\GS_AFD_ORTOFOTO_EM2_(prioridad 9)_100526\DJI_20260507150938_0026_V.JPG,SOLO_JPG_19May26\GEOSP-TRN-002603\GS_AFD_ORTOFOTO_EM2_(prioridad 9)_100526\DJI_20260507150938_0026_V.JPG,1.296,2026-06-08 10:30:11
DJI_20260507150949_0027_V.JPG,DJI_20260507150949_0027_V,.jpg,\\amssclgis10.ams.gmams.cl\CL_MLP_PAO\Vuelos_Drone_Sin_Procesar\INPUT\20260519_Geosupport\SOLO_JPG_19May26\GEOSP-TRN-002603\GS_AFD_ORTOFOTO_EM2_(prioridad 9)_100526\DJI_20260507150949_0027_V.JPG,SOLO_JPG_19May26\GEOSP-TRN-002603\GS_AFD_ORTOFOTO_EM2_(prioridad 9)_100526\DJI_20260507150949_0027_V.JPG,1.213,2026-06-08 10:30:11
DJI_20260507150955_0028_V.JPG,DJI_20260507150955_0028_V,.jpg,\\amssclgis10.ams.gmams.cl\CL_MLP_PAO\Vuelos_Drone_Sin_Procesar\INPUT\20260519_Geosupport\SOLO_JPG_19May26\GEOSP-TRN-002603\GS_AFD_ORTOFOTO_EM2_(prioridad 9)_100526\DJI_20260507150955_0028_V.JPG,SOLO_JPG_19May26\GEOSP-TRN-002603\GS_AFD_ORTOFOTO_EM2_(prioridad 9)_100526\DJI_20260507150955_0028_V.JPG,1.133,2026-06-08 10:30:11
DJI_20260507151001_0029_V.JPG,DJI_20260507151001_0029_V,.jpg,\\amssclgis10.ams.gmams.cl\CL_MLP_PAO\Vuelos_Drone_Sin_Procesar\INPUT\20260519_Geosupport\SOLO_JPG_19May26\GEOSP-TRN-002603\GS_AFD_ORTOFOTO_EM2_(prioridad 9)_100526\DJI_20260507151001_0029_V.JPG,SOLO_JPG_19May26\GEOSP-TRN-002603\GS_AFD_ORTOFOTO_EM2_(prioridad 9)_100526\DJI_20260507151001_0029_V.JPG,1.116,2026-06-08 10:30:11
DJI_20260507151007_0030_V.JPG,DJI_20260507151007_0030_V,.jpg,\\amssclgis10.ams.gmams.cl\CL_MLP_PAO\Vuelos_Drone_Sin_Procesar\INPUT\20260519_Geosupport\SOLO_JPG_19May26\GEOSP-TRN-002603\GS_AFD_ORTOFOTO_EM2_(prioridad 9)_100526\DJI_20260507151007_0030_V.JPG,SOLO_JPG_19May26\GEOSP-TRN-002603\GS_AFD_ORTOFOTO_EM2_(prioridad 9)_100526\DJI_20260507151007_0030_V.JPG,1.144,2026-06-08 10:30:12
DJI_20260507151022_0031_V.JPG,DJI_20260507151022_0031_V,.jpg,\\amssclgis10.ams.gmams.cl\CL_MLP_PAO\Vuelos_Drone_Sin_Procesar\INPUT\20260519_Geosupport\SOLO_JPG_19May26\GEOSP-TRN-002603\GS_AFD_ORTOFOTO_EM2_(prioridad 9)_100526\DJI_20260507151022_0031_V.JPG,SOLO_JPG_19May26\GEOSP-TRN-002603\GS_AFD_ORTOFOTO_EM2_(prioridad 9)_100526\DJI_20260507151022_0031_V.JPG,1.288,2026-06-08 10:30:12
DJI_20260507151027_0032_V.JPG,DJI_20260507151027_0032_V,.jpg,\\amssclgis10.ams.gmams.cl\CL_MLP_PAO\Vuelos_Drone_Sin_Procesar\INPUT\20260519_Geosupport\SOLO_JPG_19May26\GEOSP-TRN-002603\GS_AFD_ORTOFOTO_EM2_(prioridad 9)_100526\DJI_20260507151027_0032_V.JPG,SOLO_JPG_19May26\GEOSP-TRN-002603\GS_AFD_ORTOFOTO_EM2_(prioridad 9)_100526\DJI_20260507151027_0032_V.JPG,1.215,2026-06-08 10:30:12
DJI_20260507151029_0033_V.JPG,DJI_20260507151029_0033_V,.jpg,\\amssclgis10.ams.gmams.cl\CL_MLP_PAO\Vuelos_Drone_Sin_Procesar\INPUT\20260519_Geosupport\SOLO_JPG_19May26\GEOSP-TRN-002603\GS_AFD_ORTOFOTO_EM2_(prioridad 9)_100526\DJI_20260507151029_0033_V.JPG,SOLO_JPG_19May26\GEOSP-TRN-002603\GS_AFD_ORTOFOTO_EM2_(prioridad 9)_100526\DJI_20260507151029_0033_V.JPG,1.34,2026-06-08 10:30:13
DJI_20260507151033_0034_V.JPG,DJI_20260507151033_0034_V,.jpg,\\amssclgis10.ams.gmams.cl\CL_MLP_PAO\Vuelos_Drone_Sin_Procesar\INPUT\20260519_Geosupport\SOLO_JPG_19May26\GEOSP-TRN-002603\GS_AFD_ORTOFOTO_EM2_(prioridad 9)_100526\DJI_20260507151033_0034_V.JPG,SOLO_JPG_19May26\GEOSP-TRN-002603\GS_AFD_ORTOFOTO_EM2_(prioridad 9)_100526\DJI_20260507151033_0034_V.JPG,1.35,2026-06-08 10:30:13
DJI_20260507151041_0035_V.JPG,DJI_20260507151041_0035_V,.jpg,\\amssclgis10.ams.gmams.cl\CL_MLP_PAO\Vuelos_Drone_Sin_Procesar\INPUT\20260519_Geosupport\SOLO_JPG_19May26\GEOSP-TRN-002603\GS_AFD_ORTOFOTO_EM2_(prioridad 9)_100526\DJI_20260507151041_0035_V.JPG,SOLO_JPG_19May26\GEOSP-TRN-002603\GS_AFD_ORTOFOTO_EM2_(prioridad 9)_100526\DJI_20260507151041_0035_V.JPG,1.273,2026-06-08 10:30:13
DJI_20260507151045_0036_V.JPG,DJI_20260507151045_0036_V,.jpg,\\amssclgis10.ams.gmams.cl\CL_MLP_PAO\Vuelos_Drone_Sin_Procesar\INPUT\20260519_Geosupport\SOLO_JPG_19May26\GEOSP-TRN-002603\GS_AFD_ORTOFOTO_EM2_(prioridad 9)_100526\DJI_20260507151045_0036_V.JPG,SOLO_JPG_19May26\GEOSP-TRN-002603\GS_AFD_ORTOFOTO_EM2_(prioridad 9)_100526\DJI_20260507151045_0036_V.JPG,1.354,2026-06-08 10:30:14
DJI_20260507151047_0037_V.JPG,DJI_20260507151047_0037_V,.jpg,\\amssclgis10.ams.gmams.cl\CL_MLP_PAO\Vuelos_Drone_Sin_Procesar\INPUT\20260519_Geosupport\SOLO_JPG_19May26\GEOSP-TRN-002603\GS_AFD_ORTOFOTO_EM2_(prioridad 9)_100526\DJI_20260507151047_0037_V.JPG,SOLO_JPG_19May26\GEOSP-TRN-002603\GS_AFD_ORTOFOTO_EM2_(prioridad 9)_100526\DJI_20260507151047_0037_V.JPG,1.337,2026-06-08 10:30:14
DJI_20260507151051_0038_V.JPG,DJI_20260507151051_0038_V,.jpg,\\amssclgis10.ams.gmams.cl\CL_MLP_PAO\Vuelos_Drone_Sin_Procesar\INPUT\20260519_Geosupport\SOLO_JPG_19May26\GEOSP-TRN-002603\GS_AFD_ORTOFOTO_EM2_(prioridad 9)_100526\DJI_20260507151051_0038_V.JPG,SOLO_JPG_19May26\GEOSP-TRN-002603\GS_AFD_ORTOFOTO_EM2_(prioridad 9)_100526\DJI_20260507151051_0038_V.JPG,1.319,2026-06-08 10:30:14
DJI_20260507151115_0039_V.JPG,DJI_20260507151115_0039_V,.jpg,\\amssclgis10.ams.gmams.cl\CL_MLP_PAO\Vuelos_Drone_Sin_Procesar\INPUT\20260519_Geosupport\SOLO_JPG_19May26\GEOSP-TRN-002603\GS_AFD_ORTOFOTO_EM2_(prioridad 9)_100526\DJI_20260507151115_0039_V.JPG,SOLO_JPG_19May26\GEOSP-TRN-002603\GS_AFD_ORTOFOTO_EM2_(prioridad 9)_100526\DJI_20260507151115_0039_V.JPG,1.539,2026-06-08 10:30:15
DJI_20260507151120_0040_V.JPG,DJI_20260507151120_0040_V,.jpg,\\amssclgis10.ams.gmams.cl\CL_MLP_PAO\Vuelos_Drone_Sin_Procesar\INPUT\20260519_Geosupport\SOLO_JPG_19May26\GEOSP-TRN-002603\GS_AFD_ORTOFOTO_EM2_(prioridad 9)_100526\DJI_20260507151120_0040_V.JPG,SOLO_JPG_19May26\GEOSP-TRN-002603\GS_AFD_ORTOFOTO_EM2_(prioridad 9)_100526\DJI_20260507151120_0040_V.JPG,1.521,2026-06-08 10:30:15
DJI_20260507151130_0041_V.JPG,DJI_20260507151130_0041_V,.jpg,\\amssclgis10.ams.gmams.cl\CL_MLP_PAO\Vuelos_Drone_Sin_Procesar\INPUT\20260519_Geosupport\SOLO_JPG_19May26\GEOSP-TRN-002603\GS_AFD_ORTOFOTO_EM2_(prioridad 9)_100526\DJI_20260507151130_0041_V.JPG,SOLO_JPG_19May26\GEOSP-TRN-002603\GS_AFD_ORTOFOTO_EM2_(prioridad 9)_100526\DJI_20260507151130_0041_V.JPG,1.658,2026-06-08 10:30:15
DJI_20260507151137_0042_V.JPG,DJI_20260507151137_0042_V,.jpg,\\amssclgis10.ams.gmams.cl\CL_MLP_PAO\Vuelos_Drone_Sin_Procesar\INPUT\20260519_Geosupport\SOLO_JPG_19May26\GEOSP-TRN-002603\GS_AFD_ORTOFOTO_EM2_(prioridad 9)_100526\DJI_20260507151137_0042_V.JPG,SOLO_JPG_19May26\GEOSP-TRN-002603\GS_AFD_ORTOFOTO_EM2_(prioridad 9)_100526\DJI_20260507151137_0042_V.JPG,1.309,2026-06-08 10:30:15
DJI_20260507151150_0043_V.JPG,DJI_20260507151150_0043_V,.jpg,\\amssclgis10.ams.gmams.cl\CL_MLP_PAO\Vuelos_Drone_Sin_Procesar\INPUT\20260519_Geosupport\SOLO_JPG_19May26\GEOSP-TRN-002603\GS_AFD_ORTOFOTO_EM2_(prioridad 9)_100526\DJI_20260507151150_0043_V.JPG,SOLO_JPG_19May26\GEOSP-TRN-002603\GS_AFD_ORTOFOTO_EM2_(prioridad 9)_100526\DJI_20260507151150_0043_V.JPG,1.246,2026-06-08 10:30:16
DJI_20260507151154_0044_V.JPG,DJI_20260507151154_0044_V,.jpg,\\amssclgis10.ams.gmams.cl\CL_MLP_PAO\Vuelos_Drone_Sin_Procesar\INPUT\20260519_Geosupport\SOLO_JPG_19May26\GEOSP-TRN-002603\GS_AFD_ORTOFOTO_EM2_(prioridad 9)_100526\DJI_20260507151154_0044_V.JPG,SOLO_JPG_19May26\GEOSP-TRN-002603\GS_AFD_ORTOFOTO_EM2_(prioridad 9)_100526\DJI_20260507151154_0044_V.JPG,1.262,2026-06-08 10:30:16
DJI_20260507151158_0045_V.JPG,DJI_20260507151158_0045_V,.jpg,\\amssclgis10.ams.gmams.cl\CL_MLP_PAO\Vuelos_Drone_Sin_Procesar\INPUT\20260519_Geosupport\SOLO_JPG_19May26\GEOSP-TRN-002603\GS_AFD_ORTOFOTO_EM2_(prioridad 9)_100526\DJI_20260507151158_0045_V.JPG,SOLO_JPG_19May26\GEOSP-TRN-002603\GS_AFD_ORTOFOTO_EM2_(prioridad 9)_100526\DJI_20260507151158_0045_V.JPG,1.41,2026-06-08 10:30:16
DJI_20260507151204_0046_V.JPG,DJI_20260507151204_0046_V,.jpg,\\amssclgis10.ams.gmams.cl\CL_MLP_PAO\Vuelos_Drone_Sin_Procesar\INPUT\20260519_Geosupport\SOLO_JPG_19May26\GEOSP-TRN-002603\GS_AFD_ORTOFOTO_EM2_(prioridad 9)_100526\DJI_20260507151204_0046_V.JPG,SOLO_JPG_19May26\GEOSP-TRN-002603\GS_AFD_ORTOFOTO_EM2_(prioridad 9)_100526\DJI_20260507151204_0046_V.JPG,1.408,2026-06-08 10:30:16
DJI_20260507151214_0047_V.JPG,DJI_20260507151214_0047_V,.jpg,\\amssclgis10.ams.gmams.cl\CL_MLP_PAO\Vuelos_Drone_Sin_Procesar\INPUT\20260519_Geosupport\SOLO_JPG_19May26\GEOSP-TRN-002603\GS_AFD_ORTOFOTO_EM2_(prioridad 9)_100526\DJI_20260507151214_0047_V.JPG,SOLO_JPG_19May26\GEOSP-TRN-002603\GS_AFD_ORTOFOTO_EM2_(prioridad 9)_100526\DJI_20260507151214_0047_V.JPG,1.338,2026-06-08 10:30:17
DJI_20260507151219_0048_V.JPG,DJI_20260507151219_0048_V,.jpg,\\amssclgis10.ams.gmams.cl\CL_MLP_PAO\Vuelos_Drone_Sin_Procesar\INPUT\20260519_Geosupport\SOLO_JPG_19May26\GEOSP-TRN-002603\GS_AFD_ORTOFOTO_EM2_(prioridad 9)_100526\DJI_20260507151219_0048_V.JPG,SOLO_JPG_19May26\GEOSP-TRN-002603\GS_AFD_ORTOFOTO_EM2_(prioridad 9)_100526\DJI_20260507151219_0048_V.JPG,1.403,2026-06-08 10:30:17
DJI_20260507151223_0049_V.JPG,DJI_20260507151223_0049_V,.jpg,\\amssclgis10.ams.gmams.cl\CL_MLP_PAO\Vuelos_Drone_Sin_Procesar\INPUT\20260519_Geosupport\SOLO_JPG_19May26\GEOSP-TRN-002603\GS_AFD_ORTOFOTO_EM2_(prioridad 9)_100526\DJI_20260507151223_0049_V.JPG,SOLO_JPG_19May26\GEOSP-TRN-002603\GS_AFD_ORTOFOTO_EM2_(prioridad 9)_100526\DJI_20260507151223_0049_V.JPG,1.526,2026-06-08 10:30:17
DJI_20260507151229_0050_V.JPG,DJI_20260507151229_0050_V,.jpg,\\amssclgis10.ams.gmams.cl\CL_MLP_PAO\Vuelos_Drone_Sin_Procesar\INPUT\20260519_Geosupport\SOLO_JPG_19May26\GEOSP-TRN-002603\GS_AFD_ORTOFOTO_EM2_(prioridad 9)_100526\DJI_20260507151229_0050_V.JPG,SOLO_JPG_19May26\GEOSP-TRN-002603\GS_AFD_ORTOFOTO_EM2_(prioridad 9)_100526\DJI_20260507151229_0050_V.JPG,1.517,2026-06-08 10:30:17
DJI_20260507151233_0051_V.JPG,DJI_20260507151233_0051_V,.jpg,\\amssclgis10.ams.gmams.cl\CL_MLP_PAO\Vuelos_Drone_Sin_Procesar\INPUT\20260519_Geosupport\SOLO_JPG_19May26\GEOSP-TRN-002603\GS_AFD_ORTOFOTO_EM2_(prioridad 9)_100526\DJI_20260507151233_0051_V.JPG,SOLO_JPG_19May26\GEOSP-TRN-002603\GS_AFD_ORTOFOTO_EM2_(prioridad 9)_100526\DJI_20260507151233_0051_V.JPG,1.394,2026-06-08 10:30:18
DJI_20260507151239_0052_V.JPG,DJI_20260507151239_0052_V,.jpg,\\amssclgis10.ams.gmams.cl\CL_MLP_PAO\Vuelos_Drone_Sin_Procesar\INPUT\20260519_Geosupport\SOLO_JPG_19May26\GEOSP-TRN-002603\GS_AFD_ORTOFOTO_EM2_(prioridad 9)_100526\DJI_20260507151239_0052_V.JPG,SOLO_JPG_19May26\GEOSP-TRN-002603\GS_AFD_ORTOFOTO_EM2_(prioridad 9)_100526\DJI_20260507151239_0052_V.JPG,1.316,2026-06-08 10:30:18
DJI_20260507151243_0053_V.JPG,DJI_20260507151243_0053_V,.jpg,\\amssclgis10.ams.gmams.cl\CL_MLP_PAO\Vuelos_Drone_Sin_Procesar\INPUT\20260519_Geosupport\SOLO_JPG_19May26\GEOSP-TRN-002603\GS_AFD_ORTOFOTO_EM2_(prioridad 9)_100526\DJI_20260507151243_0053_V.JPG,SOLO_JPG_19May26\GEOSP-TRN-002603\GS_AFD_ORTOFOTO_EM2_(prioridad 9)_100526\DJI_20260507151243_0053_V.JPG,1.474,2026-06-08 10:30:18
DJI_20260507151249_0054_V.JPG,DJI_20260507151249_0054_V,.jpg,\\amssclgis10.ams.gmams.cl\CL_MLP_PAO\Vuelos_Drone_Sin_Procesar\INPUT\20260519_Geosupport\SOLO_JPG_19May26\GEOSP-TRN-002603\GS_AFD_ORTOFOTO_EM2_(prioridad 9)_100526\DJI_20260507151249_0054_V.JPG,SOLO_JPG_19May26\GEOSP-TRN-002603\GS_AFD_ORTOFOTO_EM2_(prioridad 9)_100526\DJI_20260507151249_0054_V.JPG,1.399,2026-06-08 10:30:18
DJI_20260507151253_0055_V.JPG,DJI_20260507151253_0055_V,.jpg,\\amssclgis10.ams.gmams.cl\CL_MLP_PAO\Vuelos_Drone_Sin_Procesar\INPUT\20260519_Geosupport\SOLO_JPG_19May26\GEOSP-TRN-002603\GS_AFD_ORTOFOTO_EM2_(prioridad 9)_100526\DJI_20260507151253_0055_V.JPG,SOLO_JPG_19May26\GEOSP-TRN-002603\GS_AFD_ORTOFOTO_EM2_(prioridad 9)_100526\DJI_20260507151253_0055_V.JPG,1.454,2026-06-08 10:30:19
DJI_20260507151257_0056_V.JPG,DJI_20260507151257_0056_V,.jpg,\\amssclgis10.ams.gmams.cl\CL_MLP_PAO\Vuelos_Drone_Sin_Procesar\INPUT\20260519_Geosupport\SOLO_JPG_19May26\GEOSP-TRN-002603\GS_AFD_ORTOFOTO_EM2_(prioridad 9)_100526\DJI_20260507151257_0056_V.JPG,SOLO_JPG_19May26\GEOSP-TRN-002603\GS_AFD_ORTOFOTO_EM2_(prioridad 9)_100526\DJI_20260507151257_0056_V.JPG,1.479,2026-06-08 10:30:19
DJI_20260507151303_0057_V.JPG,DJI_20260507151303_0057_V,.jpg,\\amssclgis10.ams.gmams.cl\CL_MLP_PAO\Vuelos_Drone_Sin_Procesar\INPUT\20260519_Geosupport\SOLO_JPG_19May26\GEOSP-TRN-002603\GS_AFD_ORTOFOTO_EM2_(prioridad 9)_100526\DJI_20260507151303_0057_V.JPG,SOLO_JPG_19May26\GEOSP-TRN-002603\GS_AFD_ORTOFOTO_EM2_(prioridad 9)_100526\DJI_20260507151303_0057_V.JPG,1.419,2026-06-08 10:30:20
DJI_20260507151308_0058_V.JPG,DJI_20260507151308_0058_V,.jpg,\\amssclgis10.ams.gmams.cl\CL_MLP_PAO\Vuelos_Drone_Sin_Procesar\INPUT\20260519_Geosupport\SOLO_JPG_19May26\GEOSP-TRN-002603\GS_AFD_ORTOFOTO_EM2_(prioridad 9)_100526\DJI_20260507151308_0058_V.JPG,SOLO_JPG_19May26\GEOSP-TRN-002603\GS_AFD_ORTOFOTO_EM2_(prioridad 9)_100526\DJI_20260507151308_0058_V.JPG,1.51,2026-06-08 10:30:20
DJI_20260507151311_0059_V.JPG,DJI_20260507151311_0059_V,.jpg,\\amssclgis10.ams.gmams.cl\CL_MLP_PAO\Vuelos_Drone_Sin_Procesar\INPUT\20260519_Geosupport\SOLO_JPG_19May26\GEOSP-TRN-002603\GS_AFD_ORTOFOTO_EM2_(prioridad 9)_100526\DJI_20260507151311_0059_V.JPG,SOLO_JPG_19May26\GEOSP-TRN-002603\GS_AFD_ORTOFOTO_EM2_(prioridad 9)_100526\DJI_20260507151311_0059_V.JPG,1.492,2026-06-08 10:30:21
DJI_20260507151323_0060_V.JPG,DJI_20260507151323_0060_V,.jpg,\\amssclgis10.ams.gmams.cl\CL_MLP_PAO\Vuelos_Drone_Sin_Procesar\INPUT\20260519_Geosupport\SOLO_JPG_19May26\GEOSP-TRN-002603\GS_AFD_ORTOFOTO_EM2_(prioridad 9)_100526\DJI_20260507151323_0060_V.JPG,SOLO_JPG_19May26\GEOSP-TRN-002603\GS_AFD_ORTOFOTO_EM2_(prioridad 9)_100526\DJI_20260507151323_0060_V.JPG,0.983,2026-06-08 10:30:21
DJI_20260507151333_0061_V.JPG,DJI_20260507151333_0061_V,.jpg,\\amssclgis10.ams.gmams.cl\CL_MLP_PAO\Vuelos_Drone_Sin_Procesar\INPUT\20260519_Geosupport\SOLO_JPG_19May26\GEOSP-TRN-002603\GS_AFD_ORTOFOTO_EM2_(prioridad 9)_100526\DJI_20260507151333_0061_V.JPG,SOLO_JPG_19May26\GEOSP-TRN-002603\GS_AFD_ORTOFOTO_EM2_(prioridad 9)_100526\DJI_20260507151333_0061_V.JPG,0.984,2026-06-08 10:30:21
DJI_20260507151340_0062_V.JPG,DJI_20260507151340_0062_V,.jpg,\\amssclgis10.ams.gmams.cl\CL_MLP_PAO\Vuelos_Drone_Sin_Procesar\INPUT\20260519_Geosupport\SOLO_JPG_19May26\GEOSP-TRN-002603\GS_AFD_ORTOFOTO_EM2_(prioridad 9)_100526\DJI_20260507151340_0062_V.JPG,SOLO_JPG_19May26\GEOSP-TRN-002603\GS_AFD_ORTOFOTO_EM2_(prioridad 9)_100526\DJI_20260507151340_0062_V.JPG,0.998,2026-06-08 10:30:22
DJI_20260507151348_0063_V.JPG,DJI_20260507151348_0063_V,.jpg,\\amssclgis10.ams.gmams.cl\CL_MLP_PAO\Vuelos_Drone_Sin_Procesar\INPUT\20260519_Geosupport\SOLO_JPG_19May26\GEOSP-TRN-002603\GS_AFD_ORTOFOTO_EM2_(prioridad 9)_100526\DJI_20260507151348_0063_V.JPG,SOLO_JPG_19May26\GEOSP-TRN-002603\GS_AFD_ORTOFOTO_EM2_(prioridad 9)_100526\DJI_20260507151348_0063_V.JPG,1.618,2026-06-08 10:30:22
DJI_20260507151356_0064_V.JPG,DJI_20260507151356_0064_V,.jpg,\\amssclgis10.ams.gmams.cl\CL_MLP_PAO\Vuelos_Drone_Sin_Procesar\INPUT\20260519_Geosupport\SOLO_JPG_19May26\GEOSP-TRN-002603\GS_AFD_ORTOFOTO_EM2_(prioridad 9)_100526\DJI_20260507151356_0064_V.JPG,SOLO_JPG_19May26\GEOSP-TRN-002603\GS_AFD_ORTOFOTO_EM2_(prioridad 9)_100526\DJI_20260507151356_0064_V.JPG,1.663,2026-06-08 10:30:23
DJI_20260507151402_0065_V.JPG,DJI_20260507151402_0065_V,.jpg,\\amssclgis10.ams.gmams.cl\CL_MLP_PAO\Vuelos_Drone_Sin_Procesar\INPUT\20260519_Geosupport\SOLO_JPG_19May26\GEOSP-TRN-002603\GS_AFD_ORTOFOTO_EM2_(prioridad 9)_100526\DJI_20260507151402_0065_V.JPG,SOLO_JPG_19May26\GEOSP-TRN-002603\GS_AFD_ORTOFOTO_EM2_(prioridad 9)_100526\DJI_20260507151402_0065_V.JPG,1.512,2026-06-08 10:30:23
DJI_20260507151408_0066_V.JPG,DJI_20260507151408_0066_V,.jpg,\\amssclgis10.ams.gmams.cl\CL_MLP_PAO\Vuelos_Drone_Sin_Procesar\INPUT\20260519_Geosupport\SOLO_JPG_19May26\GEOSP-TRN-002603\GS_AFD_ORTOFOTO_EM2_(prioridad 9)_100526\DJI_20260507151408_0066_V.JPG,SOLO_JPG_19May26\GEOSP-TRN-002603\GS_AFD_ORTOFOTO_EM2_(prioridad 9)_100526\DJI_20260507151408_0066_V.JPG,1.608,2026-06-08 10:30:23
DJI_20260507151418_0067_V.JPG,DJI_20260507151418_0067_V,.jpg,\\amssclgis10.ams.gmams.cl\CL_MLP_PAO\Vuelos_Drone_Sin_Procesar\INPUT\20260519_Geosupport\SOLO_JPG_19May26\GEOSP-TRN-002603\GS_AFD_ORTOFOTO_EM2_(prioridad 9)_100526\DJI_20260507151418_0067_V.JPG,SOLO_JPG_19May26\GEOSP-TRN-002603\GS_AFD_ORTOFOTO_EM2_(prioridad 9)_100526\DJI_20260507151418_0067_V.JPG,1.726,2026-06-08 10:30:24
DJI_20260507151442_0068_V.JPG,DJI_20260507151442_0068_V,.jpg,\\amssclgis10.ams.gmams.cl\CL_MLP_PAO\Vuelos_Drone_Sin_Procesar\INPUT\20260519_Geosupport\SOLO_JPG_19May26\GEOSP-TRN-002603\GS_AFD_ORTOFOTO_EM2_(prioridad 9)_100526\DJI_20260507151442_0068_V.JPG,SOLO_JPG_19May26\GEOSP-TRN-002603\GS_AFD_ORTOFOTO_EM2_(prioridad 9)_100526\DJI_20260507151442_0068_V.JPG,1.301,2026-06-08 10:30:24
DJI_20260507151447_0069_V.JPG,DJI_20260507151447_0069_V,.jpg,\\amssclgis10.ams.gmams.cl\CL_MLP_PAO\Vuelos_Drone_Sin_Procesar\INPUT\20260519_Geosupport\SOLO_JPG_19May26\GEOSP-TRN-002603\GS_AFD_ORTOFOTO_EM2_(prioridad 9)_100526\DJI_20260507151447_0069_V.JPG,SOLO_JPG_19May26\GEOSP-TRN-002603\GS_AFD_ORTOFOTO_EM2_(prioridad 9)_100526\DJI_20260507151447_0069_V.JPG,1.364,2026-06-08 10:30:25
DJI_20260507151453_0070_V.JPG,DJI_20260507151453_0070_V,.jpg,\\amssclgis10.ams.gmams.cl\CL_MLP_PAO\Vuelos_Drone_Sin_Procesar\INPUT\20260519_Geosupport\SOLO_JPG_19May26\GEOSP-TRN-002603\GS_AFD_ORTOFOTO_EM2_(prioridad 9)_100526\DJI_20260507151453_0070_V.JPG,SOLO_JPG_19May26\GEOSP-TRN-002603\GS_AFD_ORTOFOTO_EM2_(prioridad 9)_100526\DJI_20260507151453_0070_V.JPG,1.381,2026-06-08 10:30:25
DJI_20260507151501_0071_V.JPG,DJI_20260507151501_0071_V,.jpg,\\amssclgis10.ams.gmams.cl\CL_MLP_PAO\Vuelos_Drone_Sin_Procesar\INPUT\20260519_Geosupport\SOLO_JPG_19May26\GEOSP-TRN-002603\GS_AFD_ORTOFOTO_EM2_(prioridad 9)_100526\DJI_20260507151501_0071_V.JPG,SOLO_JPG_19May26\GEOSP-TRN-002603\GS_AFD_ORTOFOTO_EM2_(prioridad 9)_100526\DJI_20260507151501_0071_V.JPG,1.328,2026-06-08 10:30:26
DJI_20260507151515_0072_V.JPG,DJI_20260507151515_0072_V,.jpg,\\amssclgis10.ams.gmams.cl\CL_MLP_PAO\Vuelos_Drone_Sin_Procesar\INPUT\20260519_Geosupport\SOLO_JPG_19May26\GEOSP-TRN-002603\GS_AFD_ORTOFOTO_EM2_(prioridad 9)_100526\DJI_20260507151515_0072_V.JPG,SOLO_JPG_19May26\GEOSP-TRN-002603\GS_AFD_ORTOFOTO_EM2_(prioridad 9)_100526\DJI_20260507151515_0072_V.JPG,1.321,2026-06-08 10:30:26
DJI_20260507151523_0073_V.JPG,DJI_20260507151523_0073_V,.jpg,\\amssclgis10.ams.gmams.cl\CL_MLP_PAO\Vuelos_Drone_Sin_Procesar\INPUT\20260519_Geosupport\SOLO_JPG_19May26\GEOSP-TRN-002603\GS_AFD_ORTOFOTO_EM2_(prioridad 9)_100526\DJI_20260507151523_0073_V.JPG,SOLO_JPG_19May26\GEOSP-TRN-002603\GS_AFD_ORTOFOTO_EM2_(prioridad 9)_100526\DJI_20260507151523_0073_V.JPG,1.384,2026-06-08 10:30:26
DJI_20260507151527_0074_V.JPG,DJI_20260507151527_0074_V,.jpg,\\amssclgis10.ams.gmams.cl\CL_MLP_PAO\Vuelos_Drone_Sin_Procesar\INPUT\20260519_Geosupport\SOLO_JPG_19May26\GEOSP-TRN-002603\GS_AFD_ORTOFOTO_EM2_(prioridad 9)_100526\DJI_20260507151527_0074_V.JPG,SOLO_JPG_19May26\GEOSP-TRN-002603\GS_AFD_ORTOFOTO_EM2_(prioridad 9)_100526\DJI_20260507151527_0074_V.JPG,1.458,2026-06-08 10:30:27
DJI_20260507151533_0075_V.JPG,DJI_20260507151533_0075_V,.jpg,\\amssclgis10.ams.gmams.cl\CL_MLP_PAO\Vuelos_Drone_Sin_Procesar\INPUT\20260519_Geosupport\SOLO_JPG_19May26\GEOSP-TRN-002603\GS_AFD_ORTOFOTO_EM2_(prioridad 9)_100526\DJI_20260507151533_0075_V.JPG,SOLO_JPG_19May26\GEOSP-TRN-002603\GS_AFD_ORTOFOTO_EM2_(prioridad 9)_100526\DJI_20260507151533_0075_V.JPG,1.406,2026-06-08 10:30:27
DJI_20260507151542_0076_V.JPG,DJI_20260507151542_0076_V,.jpg,\\amssclgis10.ams.gmams.cl\CL_MLP_PAO\Vuelos_Drone_Sin_Procesar\INPUT\20260519_Geosupport\SOLO_JPG_19May26\GEOSP-TRN-002603\GS_AFD_ORTOFOTO_EM2_(prioridad 9)_100526\DJI_20260507151542_0076_V.JPG,SOLO_JPG_19May26\GEOSP-TRN-002603\GS_AFD_ORTOFOTO_EM2_(prioridad 9)_100526\DJI_20260507151542_0076_V.JPG,1.179,2026-06-08 10:30:28
DJI_20260507151545_0077_V.JPG,DJI_20260507151545_0077_V,.jpg,\\amssclgis10.ams.gmams.cl\CL_MLP_PAO\Vuelos_Drone_Sin_Procesar\INPUT\20260519_Geosupport\SOLO_JPG_19May26\GEOSP-TRN-002603\GS_AFD_ORTOFOTO_EM2_(prioridad 9)_100526\DJI_20260507151545_0077_V.JPG,SOLO_JPG_19May26\GEOSP-TRN-002603\GS_AFD_ORTOFOTO_EM2_(prioridad 9)_100526\DJI_20260507151545_0077_V.JPG,1.104,2026-06-08 10:30:28
DJI_20260507151549_0078_V.JPG,DJI_20260507151549_0078_V,.jpg,\\amssclgis10.ams.gmams.cl\CL_MLP_PAO\Vuelos_Drone_Sin_Procesar\INPUT\20260519_Geosupport\SOLO_JPG_19May26\GEOSP-TRN-002603\GS_AFD_ORTOFOTO_EM2_(prioridad 9)_100526\DJI_20260507151549_0078_V.JPG,SOLO_JPG_19May26\GEOSP-TRN-002603\GS_AFD_ORTOFOTO_EM2_(prioridad 9)_100526\DJI_20260507151549_0078_V.JPG,1.374,2026-06-08 10:30:29
DJI_20260507151553_0079_V.JPG,DJI_20260507151553_0079_V,.jpg,\\amssclgis10.ams.gmams.cl\CL_MLP_PAO\Vuelos_Drone_Sin_Procesar\INPUT\20260519_Geosupport\SOLO_JPG_19May26\GEOSP-TRN-002603\GS_AFD_ORTOFOTO_EM2_(prioridad 9)_100526\DJI_20260507151553_0079_V.JPG,SOLO_JPG_19May26\GEOSP-TRN-002603\GS_AFD_ORTOFOTO_EM2_(prioridad 9)_100526\DJI_20260507151553_0079_V.JPG,1.367,2026-06-08 10:30:29
DJI_20260507151602_0080_V.JPG,DJI_20260507151602_0080_V,.jpg,\\amssclgis10.ams.gmams.cl\CL_MLP_PAO\Vuelos_Drone_Sin_Procesar\INPUT\20260519_Geosupport\SOLO_JPG_19May26\GEOSP-TRN-002603\GS_AFD_ORTOFOTO_EM2_(prioridad 9)_100526\DJI_20260507151602_0080_V.JPG,SOLO_JPG_19May26\GEOSP-TRN-002603\GS_AFD_ORTOFOTO_EM2_(prioridad 9)_100526\DJI_20260507151602_0080_V.JPG,1.257,2026-06-08 10:30:29
DJI_20260507151607_0081_V.JPG,DJI_20260507151607_0081_V,.jpg,\\amssclgis10.ams.gmams.cl\CL_MLP_PAO\Vuelos_Drone_Sin_Procesar\INPUT\20260519_Geosupport\SOLO_JPG_19May26\GEOSP-TRN-002603\GS_AFD_ORTOFOTO_EM2_(prioridad 9)_100526\DJI_20260507151607_0081_V.JPG,SOLO_JPG_19May26\GEOSP-TRN-002603\GS_AFD_ORTOFOTO_EM2_(prioridad 9)_100526\DJI_20260507151607_0081_V.JPG,1.324,2026-06-08 10:30:30
DJI_20260507151617_0082_V.JPG,DJI_20260507151617_0082_V,.jpg,\\amssclgis10.ams.gmams.cl\CL_MLP_PAO\Vuelos_Drone_Sin_Procesar\INPUT\20260519_Geosupport\SOLO_JPG_19May26\GEOSP-TRN-002603\GS_AFD_ORTOFOTO_EM2_(prioridad 9)_100526\DJI_20260507151617_0082_V.JPG,SOLO_JPG_19May26\GEOSP-TRN-002603\GS_AFD_ORTOFOTO_EM2_(prioridad 9)_100526\DJI_20260507151617_0082_V.JPG,1.463,2026-06-08 10:30:30
DJI_20260507151625_0083_V.JPG,DJI_20260507151625_0083_V,.jpg,\\amssclgis10.ams.gmams.cl\CL_MLP_PAO\Vuelos_Drone_Sin_Procesar\INPUT\20260519_Geosupport\SOLO_JPG_19May26\GEOSP-TRN-002603\GS_AFD_ORTOFOTO_EM2_(prioridad 9)_100526\DJI_20260507151625_0083_V.JPG,SOLO_JPG_19May26\GEOSP-TRN-002603\GS_AFD_ORTOFOTO_EM2_(prioridad 9)_100526\DJI_20260507151625_0083_V.JPG,1.48,2026-06-08 10:30:31
DJI_20260507151632_0084_V.JPG,DJI_20260507151632_0084_V,.jpg,\\amssclgis10.ams.gmams.cl\CL_MLP_PAO\Vuelos_Drone_Sin_Procesar\INPUT\20260519_Geosupport\SOLO_JPG_19May26\GEOSP-TRN-002603\GS_AFD_ORTOFOTO_EM2_(prioridad 9)_100526\DJI_20260507151632_0084_V.JPG,SOLO_JPG_19May26\GEOSP-TRN-002603\GS_AFD_ORTOFOTO_EM2_(prioridad 9)_100526\DJI_20260507151632_0084_V.JPG,1.399,2026-06-08 10:30:31
DJI_20260507151643_0085_V.JPG,DJI_20260507151643_0085_V,.jpg,\\amssclgis10.ams.gmams.cl\CL_MLP_PAO\Vuelos_Drone_Sin_Procesar\INPUT\20260519_Geosupport\SOLO_JPG_19May26\GEOSP-TRN-002603\GS_AFD_ORTOFOTO_EM2_(prioridad 9)_100526\DJI_20260507151643_0085_V.JPG,SOLO_JPG_19May26\GEOSP-TRN-002603\GS_AFD_ORTOFOTO_EM2_(prioridad 9)_100526\DJI_20260507151643_0085_V.JPG,0.906,2026-06-08 10:30:32
DJI_20260507151648_0086_V.JPG,DJI_20260507151648_0086_V,.jpg,\\amssclgis10.ams.gmams.cl\CL_MLP_PAO\Vuelos_Drone_Sin_Procesar\INPUT\20260519_Geosupport\SOLO_JPG_19May26\GEOSP-TRN-002603\GS_AFD_ORTOFOTO_EM2_(prioridad 9)_100526\DJI_20260507151648_0086_V.JPG,SOLO_JPG_19May26\GEOSP-TRN-002603\GS_AFD_ORTOFOTO_EM2_(prioridad 9)_100526\DJI_20260507151648_0086_V.JPG,1.032,2026-06-08 10:30:32
DJI_20260507151651_0087_V.JPG,DJI_20260507151651_0087_V,.jpg,\\amssclgis10.ams.gmams.cl\CL_MLP_PAO\Vuelos_Drone_Sin_Procesar\INPUT\20260519_Geosupport\SOLO_JPG_19May26\GEOSP-TRN-002603\GS_AFD_ORTOFOTO_EM2_(prioridad 9)_100526\DJI_20260507151651_0087_V.JPG,SOLO_JPG_19May26\GEOSP-TRN-002603\GS_AFD_ORTOFOTO_EM2_(prioridad 9)_100526\DJI_20260507151651_0087_V.JPG,1.024,2026-06-08 10:30:33
DJI_20260507151655_0088_V.JPG,DJI_20260507151655_0088_V,.jpg,\\amssclgis10.ams.gmams.cl\CL_MLP_PAO\Vuelos_Drone_Sin_Procesar\INPUT\20260519_Geosupport\SOLO_JPG_19May26\GEOSP-TRN-002603\GS_AFD_ORTOFOTO_EM2_(prioridad 9)_100526\DJI_20260507151655_0088_V.JPG,SOLO_JPG_19May26\GEOSP-TRN-002603\GS_AFD_ORTOFOTO_EM2_(prioridad 9)_100526\DJI_20260507151655_0088_V.JPG,0.915,2026-06-08 10:30:33
DJI_20260507151658_0089_V.JPG,DJI_20260507151658_0089_V,.jpg,\\amssclgis10.ams.gmams.cl\CL_MLP_PAO\Vuelos_Drone_Sin_Procesar\INPUT\20260519_Geosupport\SOLO_JPG_19May26\GEOSP-TRN-002603\GS_AFD_ORTOFOTO_EM2_(prioridad 9)_100526\DJI_20260507151658_0089_V.JPG,SOLO_JPG_19May26\GEOSP-TRN-002603\GS_AFD_ORTOFOTO_EM2_(prioridad 9)_100526\DJI_20260507151658_0089_V.JPG,0.862,2026-06-08 10:30:34
DJI_20260507151704_0090_V.JPG,DJI_20260507151704_0090_V,.jpg,\\amssclgis10.ams.gmams.cl\CL_MLP_PAO\Vuelos_Drone_Sin_Procesar\INPUT\20260519_Geosupport\SOLO_JPG_19May26\GEOSP-TRN-002603\GS_AFD_ORTOFOTO_EM2_(prioridad 9)_100526\DJI_20260507151704_0090_V.JPG,SOLO_JPG_19May26\GEOSP-TRN-002603\GS_AFD_ORTOFOTO_EM2_(prioridad 9)_100526\DJI_20260507151704_0090_V.JPG,0.988,2026-06-08 10:30:35
DJI_20260507151708_0091_V.JPG,DJI_20260507151708_0091_V,.jpg,\\amssclgis10.ams.gmams.cl\CL_MLP_PAO\Vuelos_Drone_Sin_Procesar\INPUT\20260519_Geosupport\SOLO_JPG_19May26\GEOSP-TRN-002603\GS_AFD_ORTOFOTO_EM2_(prioridad 9)_100526\DJI_20260507151708_0091_V.JPG,SOLO_JPG_19May26\GEOSP-TRN-002603\GS_AFD_ORTOFOTO_EM2_(prioridad 9)_100526\DJI_20260507151708_0091_V.JPG,1.053,2026-06-08 10:30:35
DJI_20260507151710_0092_V.JPG,DJI_20260507151710_0092_V,.jpg,\\amssclgis10.ams.gmams.cl\CL_MLP_PAO\Vuelos_Drone_Sin_Procesar\INPUT\20260519_Geosupport\SOLO_JPG_19May26\GEOSP-TRN-002603\GS_AFD_ORTOFOTO_EM2_(prioridad 9)_100526\DJI_20260507151710_0092_V.JPG,SOLO_JPG_19May26\GEOSP-TRN-002603\GS_AFD_ORTOFOTO_EM2_(prioridad 9)_100526\DJI_20260507151710_0092_V.JPG,1.014,2026-06-08 10:30:36
DJI_20260507151713_0093_V.JPG,DJI_20260507151713_0093_V,.jpg,\\amssclgis10.ams.gmams.cl\CL_MLP_PAO\Vuelos_Drone_Sin_Procesar\INPUT\20260519_Geosupport\SOLO_JPG_19May26\GEOSP-TRN-002603\GS_AFD_ORTOFOTO_EM2_(prioridad 9)_100526\DJI_20260507151713_0093_V.JPG,SOLO_JPG_19May26\GEOSP-TRN-002603\GS_AFD_ORTOFOTO_EM2_(prioridad 9)_100526\DJI_20260507151713_0093_V.JPG,0.914,2026-06-08 10:30:36
DJI_20260507151719_0094_V.JPG,DJI_20260507151719_0094_V,.jpg,\\amssclgis10.ams.gmams.cl\CL_MLP_PAO\Vuelos_Drone_Sin_Procesar\INPUT\20260519_Geosupport\SOLO_JPG_19May26\GEOSP-TRN-002603\GS_AFD_ORTOFOTO_EM2_(prioridad 9)_100526\DJI_20260507151719_0094_V.JPG,SOLO_JPG_19May26\GEOSP-TRN-002603\GS_AFD_ORTOFOTO_EM2_(prioridad 9)_100526\DJI_20260507151719_0094_V.JPG,0.919,2026-06-08 10:30:37
DJI_20260507151724_0095_V.JPG,DJI_20260507151724_0095_V,.jpg,\\amssclgis10.ams.gmams.cl\CL_MLP_PAO\Vuelos_Drone_Sin_Procesar\INPUT\20260519_Geosupport\SOLO_JPG_19May26\GEOSP-TRN-002603\GS_AFD_ORTOFOTO_EM2_(prioridad 9)_100526\DJI_20260507151724_0095_V.JPG,SOLO_JPG_19May26\GEOSP-TRN-002603\GS_AFD_ORTOFOTO_EM2_(prioridad 9)_100526\DJI_20260507151724_0095_V.JPG,1.057,2026-06-08 10:30:37
DJI_20260507151726_0096_V.JPG,DJI_20260507151726_0096_V,.jpg,\\amssclgis10.ams.gmams.cl\CL_MLP_PAO\Vuelos_Drone_Sin_Procesar\INPUT\20260519_Geosupport\SOLO_JPG_19May26\GEOSP-TRN-002603\GS_AFD_ORTOFOTO_EM2_(prioridad 9)_100526\DJI_20260507151726_0096_V.JPG,SOLO_JPG_19May26\GEOSP-TRN-002603\GS_AFD_ORTOFOTO_EM2_(prioridad 9)_100526\DJI_20260507151726_0096_V.JPG,1.044,2026-06-08 10:30:37
DJI_20260507151730_0097_V.JPG,DJI_20260507151730_0097_V,.jpg,\\amssclgis10.ams.gmams.cl\CL_MLP_PAO\Vuelos_Drone_Sin_Procesar\INPUT\20260519_Geosupport\SOLO_JPG_19May26\GEOSP-TRN-002603\GS_AFD_ORTOFOTO_EM2_(prioridad 9)_100526\DJI_20260507151730_0097_V.JPG,SOLO_JPG_19May26\GEOSP-TRN-002603\GS_AFD_ORTOFOTO_EM2_(prioridad 9)_100526\DJI_20260507151730_0097_V.JPG,1.011,2026-06-08 10:30:38
DJI_20260507151743_0098_V.JPG,DJI_20260507151743_0098_V,.jpg,\\amssclgis10.ams.gmams.cl\CL_MLP_PAO\Vuelos_Drone_Sin_Procesar\INPUT\20260519_Geosupport\SOLO_JPG_19May26\GEOSP-TRN-002603\GS_AFD_ORTOFOTO_EM2_(prioridad 9)_100526\DJI_20260507151743_0098_V.JPG,SOLO_JPG_19May26\GEOSP-TRN-002603\GS_AFD_ORTOFOTO_EM2_(prioridad 9)_100526\DJI_20260507151743_0098_V.JPG,1.32,2026-06-08 10:30:38
DJI_20260507151746_0099_V.JPG,DJI_20260507151746_0099_V,.jpg,\\amssclgis10.ams.gmams.cl\CL_MLP_PAO\Vuelos_Drone_Sin_Procesar\INPUT\20260519_Geosupport\SOLO_JPG_19May26\GEOSP-TRN-002603\GS_AFD_ORTOFOTO_EM2_(prioridad 9)_100526\DJI_20260507151746_0099_V.JPG,SOLO_JPG_19May26\GEOSP-TRN-002603\GS_AFD_ORTOFOTO_EM2_(prioridad 9)_100526\DJI_20260507151746_0099_V.JPG,1.381,2026-06-08 10:30:38
DJI_20260507151749_0100_V.JPG,DJI_20260507151749_0100_V,.jpg,\\amssclgis10.ams.gmams.cl\CL_MLP_PAO\Vuelos_Drone_Sin_Procesar\INPUT\20260519_Geosupport\SOLO_JPG_19May26\GEOSP-TRN-002603\GS_AFD_ORTOFOTO_EM2_(prioridad 9)_100526\DJI_20260507151749_0100_V.JPG,SOLO_JPG_19May26\GEOSP-TRN-002603\GS_AFD_ORTOFOTO_EM2_(prioridad 9)_100526\DJI_20260507151749_0100_V.JPG,1.366,2026-06-08 10:30:38
DJI_20260507151751_0101_V.JPG,DJI_20260507151751_0101_V,.jpg,\\amssclgis10.ams.gmams.cl\CL_MLP_PAO\Vuelos_Drone_Sin_Procesar\INPUT\20260519_Geosupport\SOLO_JPG_19May26\GEOSP-TRN-002603\GS_AFD_ORTOFOTO_EM2_(prioridad 9)_100526\DJI_20260507151751_0101_V.JPG,SOLO_JPG_19May26\GEOSP-TRN-002603\GS_AFD_ORTOFOTO_EM2_(prioridad 9)_100526\DJI_20260507151751_0101_V.JPG,1.412,2026-06-08 10:30:39
DJI_20260507151757_0102_V.JPG,DJI_20260507151757_0102_V,.jpg,\\amssclgis10.ams.gmams.cl\CL_MLP_PAO\Vuelos_Drone_Sin_Procesar\INPUT\20260519_Geosupport\SOLO_JPG_19May26\GEOSP-TRN-002603\GS_AFD_ORTOFOTO_EM2_(prioridad 9)_100526\DJI_20260507151757_0102_V.JPG,SOLO_JPG_19May26\GEOSP-TRN-002603\GS_AFD_ORTOFOTO_EM2_(prioridad 9)_100526\DJI_20260507151757_0102_V.JPG,1.393,2026-06-08 10:30:39
DJI_20260507151801_0103_V.JPG,DJI_20260507151801_0103_V,.jpg,\\amssclgis10.ams.gmams.cl\CL_MLP_PAO\Vuelos_Drone_Sin_Procesar\INPUT\20260519_Geosupport\SOLO_JPG_19May26\GEOSP-TRN-002603\GS_AFD_ORTOFOTO_EM2_(prioridad 9)_100526\DJI_20260507151801_0103_V.JPG,SOLO_JPG_19May26\GEOSP-TRN-002603\GS_AFD_ORTOFOTO_EM2_(prioridad 9)_100526\DJI_20260507151801_0103_V.JPG,1.515,2026-06-08 10:30:39
DJI_20260507151803_0104_V.JPG,DJI_20260507151803_0104_V,.jpg,\\amssclgis10.ams.gmams.cl\CL_MLP_PAO\Vuelos_Drone_Sin_Procesar\INPUT\20260519_Geosupport\SOLO_JPG_19May26\GEOSP-TRN-002603\GS_AFD_ORTOFOTO_EM2_(prioridad 9)_100526\DJI_20260507151803_0104_V.JPG,SOLO_JPG_19May26\GEOSP-TRN-002603\GS_AFD_ORTOFOTO_EM2_(prioridad 9)_100526\DJI_20260507151803_0104_V.JPG,1.567,2026-06-08 10:30:40
DJI_20260507151806_0105_V.JPG,DJI_20260507151806_0105_V,.jpg,\\amssclgis10.ams.gmams.cl\CL_MLP_PAO\Vuelos_Drone_Sin_Procesar\INPUT\20260519_Geosupport\SOLO_JPG_19May26\GEOSP-TRN-002603\GS_AFD_ORTOFOTO_EM2_(prioridad 9)_100526\DJI_20260507151806_0105_V.JPG,SOLO_JPG_19May26\GEOSP-TRN-002603\GS_AFD_ORTOFOTO_EM2_(prioridad 9)_100526\DJI_20260507151806_0105_V.JPG,1.517,2026-06-08 10:30:40
DJI_20260507151819_0106_V.JPG,DJI_20260507151819_0106_V,.jpg,\\amssclgis10.ams.gmams.cl\CL_MLP_PAO\Vuelos_Drone_Sin_Procesar\INPUT\20260519_Geosupport\SOLO_JPG_19May26\GEOSP-TRN-002603\GS_AFD_ORTOFOTO_EM2_(prioridad 9)_100526\DJI_20260507151819_0106_V.JPG,SOLO_JPG_19May26\GEOSP-TRN-002603\GS_AFD_ORTOFOTO_EM2_(prioridad 9)_100526\DJI_20260507151819_0106_V.JPG,1.341,2026-06-08 10:30:40
DJI_20260507151821_0107_V.JPG,DJI_20260507151821_0107_V,.jpg,\\amssclgis10.ams.gmams.cl\CL_MLP_PAO\Vuelos_Drone_Sin_Procesar\INPUT\20260519_Geosupport\SOLO_JPG_19May26\GEOSP-TRN-002603\GS_AFD_ORTOFOTO_EM2_(prioridad 9)_100526\DJI_20260507151821_0107_V.JPG,SOLO_JPG_19May26\GEOSP-TRN-002603\GS_AFD_ORTOFOTO_EM2_(prioridad 9)_100526\DJI_20260507151821_0107_V.JPG,1.482,2026-06-08 10:30:40
DJI_20260507151824_0108_V.JPG,DJI_20260507151824_0108_V,.jpg,\\amssclgis10.ams.gmams.cl\CL_MLP_PAO\Vuelos_Drone_Sin_Procesar\INPUT\20260519_Geosupport\SOLO_JPG_19May26\GEOSP-TRN-002603\GS_AFD_ORTOFOTO_EM2_(prioridad 9)_100526\DJI_20260507151824_0108_V.JPG,SOLO_JPG_19May26\GEOSP-TRN-002603\GS_AFD_ORTOFOTO_EM2_(prioridad 9)_100526\DJI_20260507151824_0108_V.JPG,1.43,2026-06-08 10:30:41
DJI_20260507151826_0109_V.JPG,DJI_20260507151826_0109_V,.jpg,\\amssclgis10.ams.gmams.cl\CL_MLP_PAO\Vuelos_Drone_Sin_Procesar\INPUT\20260519_Geosupport\SOLO_JPG_19May26\GEOSP-TRN-002603\GS_AFD_ORTOFOTO_EM2_(prioridad 9)_100526\DJI_20260507151826_0109_V.JPG,SOLO_JPG_19May26\GEOSP-TRN-002603\GS_AFD_ORTOFOTO_EM2_(prioridad 9)_100526\DJI_20260507151826_0109_V.JPG,1.389,2026-06-08 10:30:41
DJI_20260507151831_0110_V.JPG,DJI_20260507151831_0110_V,.jpg,\\amssclgis10.ams.gmams.cl\CL_MLP_PAO\Vuelos_Drone_Sin_Procesar\INPUT\20260519_Geosupport\SOLO_JPG_19May26\GEOSP-TRN-002603\GS_AFD_ORTOFOTO_EM2_(prioridad 9)_100526\DJI_20260507151831_0110_V.JPG,SOLO_JPG_19May26\GEOSP-TRN-002603\GS_AFD_ORTOFOTO_EM2_(prioridad 9)_100526\DJI_20260507151831_0110_V.JPG,1.287,2026-06-08 10:30:41
DJI_20260507151834_0111_V.JPG,DJI_20260507151834_0111_V,.jpg,\\amssclgis10.ams.gmams.cl\CL_MLP_PAO\Vuelos_Drone_Sin_Procesar\INPUT\20260519_Geosupport\SOLO_JPG_19May26\GEOSP-TRN-002603\GS_AFD_ORTOFOTO_EM2_(prioridad 9)_100526\DJI_20260507151834_0111_V.JPG,SOLO_JPG_19May26\GEOSP-TRN-002603\GS_AFD_ORTOFOTO_EM2_(prioridad 9)_100526\DJI_20260507151834_0111_V.JPG,1.281,2026-06-08 10:30:42
DJI_20260507151837_0112_V.JPG,DJI_20260507151837_0112_V,.jpg,\\amssclgis10.ams.gmams.cl\CL_MLP_PAO\Vuelos_Drone_Sin_Procesar\INPUT\20260519_Geosupport\SOLO_JPG_19May26\GEOSP-TRN-002603\GS_AFD_ORTOFOTO_EM2_(prioridad 9)_100526\DJI_20260507151837_0112_V.JPG,SOLO_JPG_19May26\GEOSP-TRN-002603\GS_AFD_ORTOFOTO_EM2_(prioridad 9)_100526\DJI_20260507151837_0112_V.JPG,1.385,2026-06-08 10:30:42
DJI_20260507151840_0113_V.JPG,DJI_20260507151840_0113_V,.jpg,\\amssclgis10.ams.gmams.cl\CL_MLP_PAO\Vuelos_Drone_Sin_Procesar\INPUT\20260519_Geosupport\SOLO_JPG_19May26\GEOSP-TRN-002603\GS_AFD_ORTOFOTO_EM2_(prioridad 9)_100526\DJI_20260507151840_0113_V.JPG,SOLO_JPG_19May26\GEOSP-TRN-002603\GS_AFD_ORTOFOTO_EM2_(prioridad 9)_100526\DJI_20260507151840_0113_V.JPG,1.355,2026-06-08 10:30:42
DJI_20260507151844_0114_V.JPG,DJI_20260507151844_0114_V,.jpg,\\amssclgis10.ams.gmams.cl\CL_MLP_PAO\Vuelos_Drone_Sin_Procesar\INPUT\20260519_Geosupport\SOLO_JPG_19May26\GEOSP-TRN-002603\GS_AFD_ORTOFOTO_EM2_(prioridad 9)_100526\DJI_20260507151844_0114_V.JPG,SOLO_JPG_19May26\GEOSP-TRN-002603\GS_AFD_ORTOFOTO_EM2_(prioridad 9)_100526\DJI_20260507151844_0114_V.JPG,1.289,2026-06-08 10:30:42
DJI_20260507151846_0115_V.JPG,DJI_20260507151846_0115_V,.jpg,\\amssclgis10.ams.gmams.cl\CL_MLP_PAO\Vuelos_Drone_Sin_Procesar\INPUT\20260519_Geosupport\SOLO_JPG_19May26\GEOSP-TRN-002603\GS_AFD_ORTOFOTO_EM2_(prioridad 9)_100526\DJI_20260507151846_0115_V.JPG,SOLO_JPG_19May26\GEOSP-TRN-002603\GS_AFD_ORTOFOTO_EM2_(prioridad 9)_100526\DJI_20260507151846_0115_V.JPG,1.41,2026-06-08 10:30:43
DJI_20260507151848_0116_V.JPG,DJI_20260507151848_0116_V,.jpg,\\amssclgis10.ams.gmams.cl\CL_MLP_PAO\Vuelos_Drone_Sin_Procesar\INPUT\20260519_Geosupport\SOLO_JPG_19May26\GEOSP-TRN-002603\GS_AFD_ORTOFOTO_EM2_(prioridad 9)_100526\DJI_20260507151848_0116_V.JPG,SOLO_JPG_19May26\GEOSP-TRN-002603\GS_AFD_ORTOFOTO_EM2_(prioridad 9)_100526\DJI_20260507151848_0116_V.JPG,1.403,2026-06-08 10:30:43
DJI_20260507151852_0117_V.JPG,DJI_20260507151852_0117_V,.jpg,\\amssclgis10.ams.gmams.cl\CL_MLP_PAO\Vuelos_Drone_Sin_Procesar\INPUT\20260519_Geosupport\SOLO_JPG_19May26\GEOSP-TRN-002603\GS_AFD_ORTOFOTO_EM2_(prioridad 9)_100526\DJI_20260507151852_0117_V.JPG,SOLO_JPG_19May26\GEOSP-TRN-002603\GS_AFD_ORTOFOTO_EM2_(prioridad 9)_100526\DJI_20260507151852_0117_V.JPG,1.288,2026-06-08 10:30:43
DJI_20260510124246_0001_V.JPG,DJI_20260510124246_0001_V,.jpg,\\amssclgis10.ams.gmams.cl\CL_MLP_PAO\Vuelos_Drone_Sin_Procesar\INPUT\20260519_Geosupport\SOLO_JPG_19May26\GEOSP-TRN-002604\E48\DJI_20260510124246_0001_V.JPG,SOLO_JPG_19May26\GEOSP-TRN-002604\E48\DJI_20260510124246_0001_V.JPG,1.271,2026-06-08 10:30:44
DJI_20260510124315_0003_V.JPG,DJI_20260510124315_0003_V,.jpg,\\amssclgis10.ams.gmams.cl\CL_MLP_PAO\Vuelos_Drone_Sin_Procesar\INPUT\20260519_Geosupport\SOLO_JPG_19May26\GEOSP-TRN-002604\E48\DJI_20260510124315_0003_V.JPG,SOLO_JPG_19May26\GEOSP-TRN-002604\E48\DJI_20260510124315_0003_V.JPG,1.213,2026-06-08 10:30:44
DJI_20260510124333_0004_V.JPG,DJI_20260510124333_0004_V,.jpg,\\amssclgis10.ams.gmams.cl\CL_MLP_PAO\Vuelos_Drone_Sin_Procesar\INPUT\20260519_Geosupport\SOLO_JPG_19May26\GEOSP-TRN-002604\E48\DJI_20260510124333_0004_V.JPG,SOLO_JPG_19May26\GEOSP-TRN-002604\E48\DJI_20260510124333_0004_V.JPG,1.384,2026-06-08 10:30:44
DJI_20260510124350_0005_V.JPG,DJI_20260510124350_0005_V,.jpg,\\amssclgis10.ams.gmams.cl\CL_MLP_PAO\Vuelos_Drone_Sin_Procesar\INPUT\20260519_Geosupport\SOLO_JPG_19May26\GEOSP-TRN-002604\E48\DJI_20260510124350_0005_V.JPG,SOLO_JPG_19May26\GEOSP-TRN-002604\E48\DJI_20260510124350_0005_V.JPG,1.4,2026-06-08 10:30:45
DJI_20260510124405_0006_V.JPG,DJI_20260510124405_0006_V,.jpg,\\amssclgis10.ams.gmams.cl\CL_MLP_PAO\Vuelos_Drone_Sin_Procesar\INPUT\20260519_Geosupport\SOLO_JPG_19May26\GEOSP-TRN-002604\E48\DJI_20260510124405_0006_V.JPG,SOLO_JPG_19May26\GEOSP-TRN-002604\E48\DJI_20260510124405_0006_V.JPG,1.29,2026-06-08 10:30:45
DJI_20260510124418_0007_V.JPG,DJI_20260510124418_0007_V,.jpg,\\amssclgis10.ams.gmams.cl\CL_MLP_PAO\Vuelos_Drone_Sin_Procesar\INPUT\20260519_Geosupport\SOLO_JPG_19May26\GEOSP-TRN-002604\E49\DJI_20260510124418_0007_V.JPG,SOLO_JPG_19May26\GEOSP-TRN-002604\E49\DJI_20260510124418_0007_V.JPG,1.206,2026-06-08 10:30:45
DJI_20260510124435_0008_V.JPG,DJI_20260510124435_0008_V,.jpg,\\amssclgis10.ams.gmams.cl\CL_MLP_PAO\Vuelos_Drone_Sin_Procesar\INPUT\20260519_Geosupport\SOLO_JPG_19May26\GEOSP-TRN-002604\E49\DJI_20260510124435_0008_V.JPG,SOLO_JPG_19May26\GEOSP-TRN-002604\E49\DJI_20260510124435_0008_V.JPG,1.211,2026-06-08 10:30:45
DJI_20260510124444_0009_V.JPG,DJI_20260510124444_0009_V,.jpg,\\amssclgis10.ams.gmams.cl\CL_MLP_PAO\Vuelos_Drone_Sin_Procesar\INPUT\20260519_Geosupport\SOLO_JPG_19May26\GEOSP-TRN-002604\E49\DJI_20260510124444_0009_V.JPG,SOLO_JPG_19May26\GEOSP-TRN-002604\E49\DJI_20260510124444_0009_V.JPG,1.365,2026-06-08 10:30:46
DJI_20260510124505_0010_V.JPG,DJI_20260510124505_0010_V,.jpg,\\amssclgis10.ams.gmams.cl\CL_MLP_PAO\Vuelos_Drone_Sin_Procesar\INPUT\20260519_Geosupport\SOLO_JPG_19May26\GEOSP-TRN-002604\E49\DJI_20260510124505_0010_V.JPG,SOLO_JPG_19May26\GEOSP-TRN-002604\E49\DJI_20260510124505_0010_V.JPG,1.395,2026-06-08 10:30:46
DJI_20260510124522_0011_V.JPG,DJI_20260510124522_0011_V,.jpg,\\amssclgis10.ams.gmams.cl\CL_MLP_PAO\Vuelos_Drone_Sin_Procesar\INPUT\20260519_Geosupport\SOLO_JPG_19May26\GEOSP-TRN-002604\E49\DJI_20260510124522_0011_V.JPG,SOLO_JPG_19May26\GEOSP-TRN-002604\E49\DJI_20260510124522_0011_V.JPG,1.268,2026-06-08 10:30:46
DJI_20260510124541_0012_V.JPG,DJI_20260510124541_0012_V,.jpg,\\amssclgis10.ams.gmams.cl\CL_MLP_PAO\Vuelos_Drone_Sin_Procesar\INPUT\20260519_Geosupport\SOLO_JPG_19May26\GEOSP-TRN-002604\E50\DJI_20260510124541_0012_V.JPG,SOLO_JPG_19May26\GEOSP-TRN-002604\E50\DJI_20260510124541_0012_V.JPG,1.166,2026-06-08 10:30:46
DJI_20260510124607_0013_V.JPG,DJI_20260510124607_0013_V,.jpg,\\amssclgis10.ams.gmams.cl\CL_MLP_PAO\Vuelos_Drone_Sin_Procesar\INPUT\20260519_Geosupport\SOLO_JPG_19May26\GEOSP-TRN-002604\E50\DJI_20260510124607_0013_V.JPG,SOLO_JPG_19May26\GEOSP-TRN-002604\E50\DJI_20260510124607_0013_V.JPG,1.262,2026-06-08 10:30:47
DJI_20260510124616_0014_V.JPG,DJI_20260510124616_0014_V,.jpg,\\amssclgis10.ams.gmams.cl\CL_MLP_PAO\Vuelos_Drone_Sin_Procesar\INPUT\20260519_Geosupport\SOLO_JPG_19May26\GEOSP-TRN-002604\E50\DJI_20260510124616_0014_V.JPG,SOLO_JPG_19May26\GEOSP-TRN-002604\E50\DJI_20260510124616_0014_V.JPG,1.357,2026-06-08 10:30:47
DJI_20260510124628_0015_V.JPG,DJI_20260510124628_0015_V,.jpg,\\amssclgis10.ams.gmams.cl\CL_MLP_PAO\Vuelos_Drone_Sin_Procesar\INPUT\20260519_Geosupport\SOLO_JPG_19May26\GEOSP-TRN-002604\E50\DJI_20260510124628_0015_V.JPG,SOLO_JPG_19May26\GEOSP-TRN-002604\E50\DJI_20260510124628_0015_V.JPG,1.406,2026-06-08 10:30:47
DJI_20260510124641_0016_V.JPG,DJI_20260510124641_0016_V,.jpg,\\amssclgis10.ams.gmams.cl\CL_MLP_PAO\Vuelos_Drone_Sin_Procesar\INPUT\20260519_Geosupport\SOLO_JPG_19May26\GEOSP-TRN-002604\E50\DJI_20260510124641_0016_V.JPG,SOLO_JPG_19May26\GEOSP-TRN-002604\E50\DJI_20260510124641_0016_V.JPG,1.283,2026-06-08 10:30:48
DJI_20260510124659_0017_V.JPG,DJI_20260510124659_0017_V,.jpg,\\amssclgis10.ams.gmams.cl\CL_MLP_PAO\Vuelos_Drone_Sin_Procesar\INPUT\20260519_Geosupport\SOLO_JPG_19May26\GEOSP-TRN-002604\E51\DJI_20260510124659_0017_V.JPG,SOLO_JPG_19May26\GEOSP-TRN-002604\E51\DJI_20260510124659_0017_V.JPG,1.187,2026-06-08 10:30:48
DJI_20260510124718_0018_V.JPG,DJI_20260510124718_0018_V,.jpg,\\amssclgis10.ams.gmams.cl\CL_MLP_PAO\Vuelos_Drone_Sin_Procesar\INPUT\20260519_Geosupport\SOLO_JPG_19May26\GEOSP-TRN-002604\E51\DJI_20260510124718_0018_V.JPG,SOLO_JPG_19May26\GEOSP-TRN-002604\E51\DJI_20260510124718_0018_V.JPG,1.085,2026-06-08 10:30:48
DJI_20260510124727_0019_V.JPG,DJI_20260510124727_0019_V,.jpg,\\amssclgis10.ams.gmams.cl\CL_MLP_PAO\Vuelos_Drone_Sin_Procesar\INPUT\20260519_Geosupport\SOLO_JPG_19May26\GEOSP-TRN-002604\E51\DJI_20260510124727_0019_V.JPG,SOLO_JPG_19May26\GEOSP-TRN-002604\E51\DJI_20260510124727_0019_V.JPG,1.296,2026-06-08 10:30:49
DJI_20260510124740_0020_V.JPG,DJI_20260510124740_0020_V,.jpg,\\amssclgis10.ams.gmams.cl\CL_MLP_PAO\Vuelos_Drone_Sin_Procesar\INPUT\20260519_Geosupport\SOLO_JPG_19May26\GEOSP-TRN-002604\E51\DJI_20260510124740_0020_V.JPG,SOLO_JPG_19May26\GEOSP-TRN-002604\E51\DJI_20260510124740_0020_V.JPG,1.16,2026-06-08 10:30:49
DJI_20260510124750_0021_V.JPG,DJI_20260510124750_0021_V,.jpg,\\amssclgis10.ams.gmams.cl\CL_MLP_PAO\Vuelos_Drone_Sin_Procesar\INPUT\20260519_Geosupport\SOLO_JPG_19May26\GEOSP-TRN-002604\E51\DJI_20260510124750_0021_V.JPG,SOLO_JPG_19May26\GEOSP-TRN-002604\E51\DJI_20260510124750_0021_V.JPG,1.207,2026-06-08 10:30:49
DJI_20260510124805_0022_V.JPG,DJI_20260510124805_0022_V,.jpg,\\amssclgis10.ams.gmams.cl\CL_MLP_PAO\Vuelos_Drone_Sin_Procesar\INPUT\20260519_Geosupport\SOLO_JPG_19May26\GEOSP-TRN-002604\E52\DJI_20260510124805_0022_V.JPG,SOLO_JPG_19May26\GEOSP-TRN-002604\E52\DJI_20260510124805_0022_V.JPG,1.2,2026-06-08 10:30:49
DJI_20260510124820_0023_V.JPG,DJI_20260510124820_0023_V,.jpg,\\amssclgis10.ams.gmams.cl\CL_MLP_PAO\Vuelos_Drone_Sin_Procesar\INPUT\20260519_Geosupport\SOLO_JPG_19May26\GEOSP-TRN-002604\E52\DJI_20260510124820_0023_V.JPG,SOLO_JPG_19May26\GEOSP-TRN-002604\E52\DJI_20260510124820_0023_V.JPG,1.096,2026-06-08 10:30:50
DJI_20260510124828_0024_V.JPG,DJI_20260510124828_0024_V,.jpg,\\amssclgis10.ams.gmams.cl\CL_MLP_PAO\Vuelos_Drone_Sin_Procesar\INPUT\20260519_Geosupport\SOLO_JPG_19May26\GEOSP-TRN-002604\E52\DJI_20260510124828_0024_V.JPG,SOLO_JPG_19May26\GEOSP-TRN-002604\E52\DJI_20260510124828_0024_V.JPG,1.318,2026-06-08 10:30:50
DJI_20260510124839_0025_V.JPG,DJI_20260510124839_0025_V,.jpg,\\amssclgis10.ams.gmams.cl\CL_MLP_PAO\Vuelos_Drone_Sin_Procesar\INPUT\20260519_Geosupport\SOLO_JPG_19May26\GEOSP-TRN-002604\E52\DJI_20260510124839_0025_V.JPG,SOLO_JPG_19May26\GEOSP-TRN-002604\E52\DJI_20260510124839_0025_V.JPG,1.129,2026-06-08 10:30:50
DJI_20260510124849_0026_V.JPG,DJI_20260510124849_0026_V,.jpg,\\amssclgis10.ams.gmams.cl\CL_MLP_PAO\Vuelos_Drone_Sin_Procesar\INPUT\20260519_Geosupport\SOLO_JPG_19May26\GEOSP-TRN-002604\E52\DJI_20260510124849_0026_V.JPG,SOLO_JPG_19May26\GEOSP-TRN-002604\E52\DJI_20260510124849_0026_V.JPG,1.218,2026-06-08 10:30:51
DJI_20260510124902_0027_V.JPG,DJI_20260510124902_0027_V,.jpg,\\amssclgis10.ams.gmams.cl\CL_MLP_PAO\Vuelos_Drone_Sin_Procesar\INPUT\20260519_Geosupport\SOLO_JPG_19May26\GEOSP-TRN-002604\E53\DJI_20260510124902_0027_V.JPG,SOLO_JPG_19May26\GEOSP-TRN-002604\E53\DJI_20260510124902_0027_V.JPG,1.122,2026-06-08 10:30:51
DJI_20260510124921_0028_V.JPG,DJI_20260510124921_0028_V,.jpg,\\amssclgis10.ams.gmams.cl\CL_MLP_PAO\Vuelos_Drone_Sin_Procesar\INPUT\20260519_Geosupport\SOLO_JPG_19May26\GEOSP-TRN-002604\E53\DJI_20260510124921_0028_V.JPG,SOLO_JPG_19May26\GEOSP-TRN-002604\E53\DJI_20260510124921_0028_V.JPG,1.075,2026-06-08 10:30:51
DJI_20260510124934_0029_V.JPG,DJI_20260510124934_0029_V,.jpg,\\amssclgis10.ams.gmams.cl\CL_MLP_PAO\Vuelos_Drone_Sin_Procesar\INPUT\20260519_Geosupport\SOLO_JPG_19May26\GEOSP-TRN-002604\E53\DJI_20260510124934_0029_V.JPG,SOLO_JPG_19May26\GEOSP-TRN-002604\E53\DJI_20260510124934_0029_V.JPG,1.217,2026-06-08 10:30:52
DJI_20260510124948_0030_V.JPG,DJI_20260510124948_0030_V,.jpg,\\amssclgis10.ams.gmams.cl\CL_MLP_PAO\Vuelos_Drone_Sin_Procesar\INPUT\20260519_Geosupport\SOLO_JPG_19May26\GEOSP-TRN-002604\E53\DJI_20260510124948_0030_V.JPG,SOLO_JPG_19May26\GEOSP-TRN-002604\E53\DJI_20260510124948_0030_V.JPG,1.161,2026-06-08 10:30:52
DJI_20260510125003_0031_V.JPG,DJI_20260510125003_0031_V,.jpg,\\amssclgis10.ams.gmams.cl\CL_MLP_PAO\Vuelos_Drone_Sin_Procesar\INPUT\20260519_Geosupport\SOLO_JPG_19May26\GEOSP-TRN-002604\E53\DJI_20260510125003_0031_V.JPG,SOLO_JPG_19May26\GEOSP-TRN-002604\E53\DJI_20260510125003_0031_V.JPG,1.116,2026-06-08 10:30:52
DJI_20260510125020_0032_V.JPG,DJI_20260510125020_0032_V,.jpg,\\amssclgis10.ams.gmams.cl\CL_MLP_PAO\Vuelos_Drone_Sin_Procesar\INPUT\20260519_Geosupport\SOLO_JPG_19May26\GEOSP-TRN-002604\E54\DJI_20260510125020_0032_V.JPG,SOLO_JPG_19May26\GEOSP-TRN-002604\E54\DJI_20260510125020_0032_V.JPG,1.104,2026-06-08 10:30:53
DJI_20260510125035_0033_V.JPG,DJI_20260510125035_0033_V,.jpg,\\amssclgis10.ams.gmams.cl\CL_MLP_PAO\Vuelos_Drone_Sin_Procesar\INPUT\20260519_Geosupport\SOLO_JPG_19May26\GEOSP-TRN-002604\E54\DJI_20260510125035_0033_V.JPG,SOLO_JPG_19May26\GEOSP-TRN-002604\E54\DJI_20260510125035_0033_V.JPG,1.152,2026-06-08 10:30:53
DJI_20260510125044_0034_V.JPG,DJI_20260510125044_0034_V,.jpg,\\amssclgis10.ams.gmams.cl\CL_MLP_PAO\Vuelos_Drone_Sin_Procesar\INPUT\20260519_Geosupport\SOLO_JPG_19May26\GEOSP-TRN-002604\E54\DJI_20260510125044_0034_V.JPG,SOLO_JPG_19May26\GEOSP-TRN-002604\E54\DJI_20260510125044_0034_V.JPG,1.26,2026-06-08 10:30:54
DJI_20260510125058_0035_V.JPG,DJI_20260510125058_0035_V,.jpg,\\amssclgis10.ams.gmams.cl\CL_MLP_PAO\Vuelos_Drone_Sin_Procesar\INPUT\20260519_Geosupport\SOLO_JPG_19May26\GEOSP-TRN-002604\E54\DJI_20260510125058_0035_V.JPG,SOLO_JPG_19May26\GEOSP-TRN-002604\E54\DJI_20260510125058_0035_V.JPG,1.151,2026-06-08 10:30:54
DJI_20260510125110_0036_V.JPG,DJI_20260510125110_0036_V,.jpg,\\amssclgis10.ams.gmams.cl\CL_MLP_PAO\Vuelos_Drone_Sin_Procesar\INPUT\20260519_Geosupport\SOLO_JPG_19May26\GEOSP-TRN-002604\E54\DJI_20260510125110_0036_V.JPG,SOLO_JPG_19May26\GEOSP-TRN-002604\E54\DJI_20260510125110_0036_V.JPG,1.164,2026-06-08 10:30:54
DJI_20260510125148_0037_V.JPG,DJI_20260510125148_0037_V,.jpg,\\amssclgis10.ams.gmams.cl\CL_MLP_PAO\Vuelos_Drone_Sin_Procesar\INPUT\20260519_Geosupport\SOLO_JPG_19May26\GEOSP-TRN-002604\E55\DJI_20260510125148_0037_V.JPG,SOLO_JPG_19May26\GEOSP-TRN-002604\E55\DJI_20260510125148_0037_V.JPG,1.024,2026-06-08 10:30:55
DJI_20260510125213_0038_V.JPG,DJI_20260510125213_0038_V,.jpg,\\amssclgis10.ams.gmams.cl\CL_MLP_PAO\Vuelos_Drone_Sin_Procesar\INPUT\20260519_Geosupport\SOLO_JPG_19May26\GEOSP-TRN-002604\E55\DJI_20260510125213_0038_V.JPG,SOLO_JPG_19May26\GEOSP-TRN-002604\E55\DJI_20260510125213_0038_V.JPG,1.017,2026-06-08 10:30:55
DJI_20260510125222_0039_V.JPG,DJI_20260510125222_0039_V,.jpg,\\amssclgis10.ams.gmams.cl\CL_MLP_PAO\Vuelos_Drone_Sin_Procesar\INPUT\20260519_Geosupport\SOLO_JPG_19May26\GEOSP-TRN-002604\E55\DJI_20260510125222_0039_V.JPG,SOLO_JPG_19May26\GEOSP-TRN-002604\E55\DJI_20260510125222_0039_V.JPG,1.24,2026-06-08 10:30:55
DJI_20260510125241_0040_V.JPG,DJI_20260510125241_0040_V,.jpg,\\amssclgis10.ams.gmams.cl\CL_MLP_PAO\Vuelos_Drone_Sin_Procesar\INPUT\20260519_Geosupport\SOLO_JPG_19May26\GEOSP-TRN-002604\E55\DJI_20260510125241_0040_V.JPG,SOLO_JPG_19May26\GEOSP-TRN-002604\E55\DJI_20260510125241_0040_V.JPG,1.099,2026-06-08 10:30:56
DJI_20260510125257_0041_V.JPG,DJI_20260510125257_0041_V,.jpg,\\amssclgis10.ams.gmams.cl\CL_MLP_PAO\Vuelos_Drone_Sin_Procesar\INPUT\20260519_Geosupport\SOLO_JPG_19May26\GEOSP-TRN-002604\E55\DJI_20260510125257_0041_V.JPG,SOLO_JPG_19May26\GEOSP-TRN-002604\E55\DJI_20260510125257_0041_V.JPG,1.107,2026-06-08 10:30:56
DJI_20260510125309_0042_V.JPG,DJI_20260510125309_0042_V,.jpg,\\amssclgis10.ams.gmams.cl\CL_MLP_PAO\Vuelos_Drone_Sin_Procesar\INPUT\20260519_Geosupport\SOLO_JPG_19May26\GEOSP-TRN-002604\E56\DJI_20260510125309_0042_V.JPG,SOLO_JPG_19May26\GEOSP-TRN-002604\E56\DJI_20260510125309_0042_V.JPG,1.019,2026-06-08 10:30:56
DJI_20260510125326_0043_V.JPG,DJI_20260510125326_0043_V,.jpg,\\amssclgis10.ams.gmams.cl\CL_MLP_PAO\Vuelos_Drone_Sin_Procesar\INPUT\20260519_Geosupport\SOLO_JPG_19May26\GEOSP-TRN-002604\E56\DJI_20260510125326_0043_V.JPG,SOLO_JPG_19May26\GEOSP-TRN-002604\E56\DJI_20260510125326_0043_V.JPG,1.036,2026-06-08 10:30:57
DJI_20260510125339_0044_V.JPG,DJI_20260510125339_0044_V,.jpg,\\amssclgis10.ams.gmams.cl\CL_MLP_PAO\Vuelos_Drone_Sin_Procesar\INPUT\20260519_Geosupport\SOLO_JPG_19May26\GEOSP-TRN-002604\E56\DJI_20260510125339_0044_V.JPG,SOLO_JPG_19May26\GEOSP-TRN-002604\E56\DJI_20260510125339_0044_V.JPG,1.26,2026-06-08 10:30:57
DJI_20260510125355_0045_V.JPG,DJI_20260510125355_0045_V,.jpg,\\amssclgis10.ams.gmams.cl\CL_MLP_PAO\Vuelos_Drone_Sin_Procesar\INPUT\20260519_Geosupport\SOLO_JPG_19May26\GEOSP-TRN-002604\E56\DJI_20260510125355_0045_V.JPG,SOLO_JPG_19May26\GEOSP-TRN-002604\E56\DJI_20260510125355_0045_V.JPG,1.212,2026-06-08 10:30:57
DJI_20260510125409_0046_V.JPG,DJI_20260510125409_0046_V,.jpg,\\amssclgis10.ams.gmams.cl\CL_MLP_PAO\Vuelos_Drone_Sin_Procesar\INPUT\20260519_Geosupport\SOLO_JPG_19May26\GEOSP-TRN-002604\E56\DJI_20260510125409_0046_V.JPG,SOLO_JPG_19May26\GEOSP-TRN-002604\E56\DJI_20260510125409_0046_V.JPG,1.082,2026-06-08 10:30:58
DJI_20260510125446_0047_V.JPG,DJI_20260510125446_0047_V,.jpg,\\amssclgis10.ams.gmams.cl\CL_MLP_PAO\Vuelos_Drone_Sin_Procesar\INPUT\20260519_Geosupport\SOLO_JPG_19May26\GEOSP-TRN-002604\E57\DJI_20260510125446_0047_V.JPG,SOLO_JPG_19May26\GEOSP-TRN-002604\E57\DJI_20260510125446_0047_V.JPG,0.969,2026-06-08 10:30:58
DJI_20260510125503_0048_V.JPG,DJI_20260510125503_0048_V,.jpg,\\amssclgis10.ams.gmams.cl\CL_MLP_PAO\Vuelos_Drone_Sin_Procesar\INPUT\20260519_Geosupport\SOLO_JPG_19May26\GEOSP-TRN-002604\E57\DJI_20260510125503_0048_V.JPG,SOLO_JPG_19May26\GEOSP-TRN-002604\E57\DJI_20260510125503_0048_V.JPG,1.052,2026-06-08 10:30:58
DJI_20260510125516_0049_V.JPG,DJI_20260510125516_0049_V,.jpg,\\amssclgis10.ams.gmams.cl\CL_MLP_PAO\Vuelos_Drone_Sin_Procesar\INPUT\20260519_Geosupport\SOLO_JPG_19May26\GEOSP-TRN-002604\E57\DJI_20260510125516_0049_V.JPG,SOLO_JPG_19May26\GEOSP-TRN-002604\E57\DJI_20260510125516_0049_V.JPG,1.17,2026-06-08 10:30:59
DJI_20260510125530_0050_V.JPG,DJI_20260510125530_0050_V,.jpg,\\amssclgis10.ams.gmams.cl\CL_MLP_PAO\Vuelos_Drone_Sin_Procesar\INPUT\20260519_Geosupport\SOLO_JPG_19May26\GEOSP-TRN-002604\E57\DJI_20260510125530_0050_V.JPG,SOLO_JPG_19May26\GEOSP-TRN-002604\E57\DJI_20260510125530_0050_V.JPG,1.06,2026-06-08 10:30:59
DJI_20260510125542_0051_V.JPG,DJI_20260510125542_0051_V,.jpg,\\amssclgis10.ams.gmams.cl\CL_MLP_PAO\Vuelos_Drone_Sin_Procesar\INPUT\20260519_Geosupport\SOLO_JPG_19May26\GEOSP-TRN-002604\E57\DJI_20260510125542_0051_V.JPG,SOLO_JPG_19May26\GEOSP-TRN-002604\E57\DJI_20260510125542_0051_V.JPG,0.988,2026-06-08 10:30:59
DJI_20260510125555_0052_V.JPG,DJI_20260510125555_0052_V,.jpg,\\amssclgis10.ams.gmams.cl\CL_MLP_PAO\Vuelos_Drone_Sin_Procesar\INPUT\20260519_Geosupport\SOLO_JPG_19May26\GEOSP-TRN-002604\E58\DJI_20260510125555_0052_V.JPG,SOLO_JPG_19May26\GEOSP-TRN-002604\E58\DJI_20260510125555_0052_V.JPG,0.914,2026-06-08 10:31:00
DJI_20260510125617_0053_V.JPG,DJI_20260510125617_0053_V,.jpg,\\amssclgis10.ams.gmams.cl\CL_MLP_PAO\Vuelos_Drone_Sin_Procesar\INPUT\20260519_Geosupport\SOLO_JPG_19May26\GEOSP-TRN-002604\E58\DJI_20260510125617_0053_V.JPG,SOLO_JPG_19May26\GEOSP-TRN-002604\E58\DJI_20260510125617_0053_V.JPG,1.02,2026-06-08 10:31:00
DJI_20260510125627_0054_V.JPG,DJI_20260510125627_0054_V,.jpg,\\amssclgis10.ams.gmams.cl\CL_MLP_PAO\Vuelos_Drone_Sin_Procesar\INPUT\20260519_Geosupport\SOLO_JPG_19May26\GEOSP-TRN-002604\E58\DJI_20260510125627_0054_V.JPG,SOLO_JPG_19May26\GEOSP-TRN-002604\E58\DJI_20260510125627_0054_V.JPG,1.165,2026-06-08 10:31:00
DJI_20260510125640_0055_V.JPG,DJI_20260510125640_0055_V,.jpg,\\amssclgis10.ams.gmams.cl\CL_MLP_PAO\Vuelos_Drone_Sin_Procesar\INPUT\20260519_Geosupport\SOLO_JPG_19May26\GEOSP-TRN-002604\E58\DJI_20260510125640_0055_V.JPG,SOLO_JPG_19May26\GEOSP-TRN-002604\E58\DJI_20260510125640_0055_V.JPG,1.076,2026-06-08 10:31:01
DJI_20260510125657_0056_V.JPG,DJI_20260510125657_0056_V,.jpg,\\amssclgis10.ams.gmams.cl\CL_MLP_PAO\Vuelos_Drone_Sin_Procesar\INPUT\20260519_Geosupport\SOLO_JPG_19May26\GEOSP-TRN-002604\E58\DJI_20260510125657_0056_V.JPG,SOLO_JPG_19May26\GEOSP-TRN-002604\E58\DJI_20260510125657_0056_V.JPG,0.957,2026-06-08 10:31:01
DJI_20260510125710_0057_V.JPG,DJI_20260510125710_0057_V,.jpg,\\amssclgis10.ams.gmams.cl\CL_MLP_PAO\Vuelos_Drone_Sin_Procesar\INPUT\20260519_Geosupport\SOLO_JPG_19May26\GEOSP-TRN-002604\E59\DJI_20260510125710_0057_V.JPG,SOLO_JPG_19May26\GEOSP-TRN-002604\E59\DJI_20260510125710_0057_V.JPG,1.039,2026-06-08 10:31:02
DJI_20260510125730_0058_V.JPG,DJI_20260510125730_0058_V,.jpg,\\amssclgis10.ams.gmams.cl\CL_MLP_PAO\Vuelos_Drone_Sin_Procesar\INPUT\20260519_Geosupport\SOLO_JPG_19May26\GEOSP-TRN-002604\E59\DJI_20260510125730_0058_V.JPG,SOLO_JPG_19May26\GEOSP-TRN-002604\E59\DJI_20260510125730_0058_V.JPG,1.213,2026-06-08 10:31:02
DJI_20260510125743_0059_V.JPG,DJI_20260510125743_0059_V,.jpg,\\amssclgis10.ams.gmams.cl\CL_MLP_PAO\Vuelos_Drone_Sin_Procesar\INPUT\20260519_Geosupport\SOLO_JPG_19May26\GEOSP-TRN-002604\E59\DJI_20260510125743_0059_V.JPG,SOLO_JPG_19May26\GEOSP-TRN-002604\E59\DJI_20260510125743_0059_V.JPG,1.255,2026-06-08 10:31:02
DJI_20260510125756_0060_V.JPG,DJI_20260510125756_0060_V,.jpg,\\amssclgis10.ams.gmams.cl\CL_MLP_PAO\Vuelos_Drone_Sin_Procesar\INPUT\20260519_Geosupport\SOLO_JPG_19May26\GEOSP-TRN-002604\E59\DJI_20260510125756_0060_V.JPG,SOLO_JPG_19May26\GEOSP-TRN-002604\E59\DJI_20260510125756_0060_V.JPG,1.21,2026-06-08 10:31:03
DJI_20260510125816_0061_V.JPG,DJI_20260510125816_0061_V,.jpg,\\amssclgis10.ams.gmams.cl\CL_MLP_PAO\Vuelos_Drone_Sin_Procesar\INPUT\20260519_Geosupport\SOLO_JPG_19May26\GEOSP-TRN-002604\E59\DJI_20260510125816_0061_V.JPG,SOLO_JPG_19May26\GEOSP-TRN-002604\E59\DJI_20260510125816_0061_V.JPG,1.162,2026-06-08 10:31:03
DJI_20260510125828_0062_V.JPG,DJI_20260510125828_0062_V,.jpg,\\amssclgis10.ams.gmams.cl\CL_MLP_PAO\Vuelos_Drone_Sin_Procesar\INPUT\20260519_Geosupport\SOLO_JPG_19May26\GEOSP-TRN-002604\E60\DJI_20260510125828_0062_V.JPG,SOLO_JPG_19May26\GEOSP-TRN-002604\E60\DJI_20260510125828_0062_V.JPG,0.922,2026-06-08 10:31:03
DJI_20260510125841_0063_V.JPG,DJI_20260510125841_0063_V,.jpg,\\amssclgis10.ams.gmams.cl\CL_MLP_PAO\Vuelos_Drone_Sin_Procesar\INPUT\20260519_Geosupport\SOLO_JPG_19May26\GEOSP-TRN-002604\E60\DJI_20260510125841_0063_V.JPG,SOLO_JPG_19May26\GEOSP-TRN-002604\E60\DJI_20260510125841_0063_V.JPG,0.956,2026-06-08 10:31:04
DJI_20260510125851_0064_V.JPG,DJI_20260510125851_0064_V,.jpg,\\amssclgis10.ams.gmams.cl\CL_MLP_PAO\Vuelos_Drone_Sin_Procesar\INPUT\20260519_Geosupport\SOLO_JPG_19May26\GEOSP-TRN-002604\E60\DJI_20260510125851_0064_V.JPG,SOLO_JPG_19May26\GEOSP-TRN-002604\E60\DJI_20260510125851_0064_V.JPG,1.136,2026-06-08 10:31:04
DJI_20260510125908_0065_V.JPG,DJI_20260510125908_0065_V,.jpg,\\amssclgis10.ams.gmams.cl\CL_MLP_PAO\Vuelos_Drone_Sin_Procesar\INPUT\20260519_Geosupport\SOLO_JPG_19May26\GEOSP-TRN-002604\E60\DJI_20260510125908_0065_V.JPG,SOLO_JPG_19May26\GEOSP-TRN-002604\E60\DJI_20260510125908_0065_V.JPG,1.057,2026-06-08 10:31:04
DJI_20260510125929_0066_V.JPG,DJI_20260510125929_0066_V,.jpg,\\amssclgis10.ams.gmams.cl\CL_MLP_PAO\Vuelos_Drone_Sin_Procesar\INPUT\20260519_Geosupport\SOLO_JPG_19May26\GEOSP-TRN-002604\E60\DJI_20260510125929_0066_V.JPG,SOLO_JPG_19May26\GEOSP-TRN-002604\E60\DJI_20260510125929_0066_V.JPG,0.998,2026-06-08 10:31:05
DJI_20260510125940_0067_V.JPG,DJI_20260510125940_0067_V,.jpg,\\amssclgis10.ams.gmams.cl\CL_MLP_PAO\Vuelos_Drone_Sin_Procesar\INPUT\20260519_Geosupport\SOLO_JPG_19May26\GEOSP-TRN-002604\E61\DJI_20260510125940_0067_V.JPG,SOLO_JPG_19May26\GEOSP-TRN-002604\E61\DJI_20260510125940_0067_V.JPG,0.99,2026-06-08 10:31:05
DJI_20260510125953_0068_V.JPG,DJI_20260510125953_0068_V,.jpg,\\amssclgis10.ams.gmams.cl\CL_MLP_PAO\Vuelos_Drone_Sin_Procesar\INPUT\20260519_Geosupport\SOLO_JPG_19May26\GEOSP-TRN-002604\E61\DJI_20260510125953_0068_V.JPG,SOLO_JPG_19May26\GEOSP-TRN-002604\E61\DJI_20260510125953_0068_V.JPG,1.03,2026-06-08 10:31:05
DJI_20260510130004_0069_V.JPG,DJI_20260510130004_0069_V,.jpg,\\amssclgis10.ams.gmams.cl\CL_MLP_PAO\Vuelos_Drone_Sin_Procesar\INPUT\20260519_Geosupport\SOLO_JPG_19May26\GEOSP-TRN-002604\E61\DJI_20260510130004_0069_V.JPG,SOLO_JPG_19May26\GEOSP-TRN-002604\E61\DJI_20260510130004_0069_V.JPG,1.155,2026-06-08 10:31:06
DJI_20260510130017_0070_V.JPG,DJI_20260510130017_0070_V,.jpg,\\amssclgis10.ams.gmams.cl\CL_MLP_PAO\Vuelos_Drone_Sin_Procesar\INPUT\20260519_Geosupport\SOLO_JPG_19May26\GEOSP-TRN-002604\E61\DJI_20260510130017_0070_V.JPG,SOLO_JPG_19May26\GEOSP-TRN-002604\E61\DJI_20260510130017_0070_V.JPG,1.161,2026-06-08 10:31:06
DJI_20260510130030_0071_V.JPG,DJI_20260510130030_0071_V,.jpg,\\amssclgis10.ams.gmams.cl\CL_MLP_PAO\Vuelos_Drone_Sin_Procesar\INPUT\20260519_Geosupport\SOLO_JPG_19May26\GEOSP-TRN-002604\E61\DJI_20260510130030_0071_V.JPG,SOLO_JPG_19May26\GEOSP-TRN-002604\E61\DJI_20260510130030_0071_V.JPG,1.042,2026-06-08 10:31:06
DJI_20260510130040_0072_V.JPG,DJI_20260510130040_0072_V,.jpg,\\amssclgis10.ams.gmams.cl\CL_MLP_PAO\Vuelos_Drone_Sin_Procesar\INPUT\20260519_Geosupport\SOLO_JPG_19May26\GEOSP-TRN-002604\E62\DJI_20260510130040_0072_V.JPG,SOLO_JPG_19May26\GEOSP-TRN-002604\E62\DJI_20260510130040_0072_V.JPG,1.145,2026-06-08 10:31:07
DJI_20260510130050_0073_V.JPG,DJI_20260510130050_0073_V,.jpg,\\amssclgis10.ams.gmams.cl\CL_MLP_PAO\Vuelos_Drone_Sin_Procesar\INPUT\20260519_Geosupport\SOLO_JPG_19May26\GEOSP-TRN-002604\E62\DJI_20260510130050_0073_V.JPG,SOLO_JPG_19May26\GEOSP-TRN-002604\E62\DJI_20260510130050_0073_V.JPG,1.323,2026-06-08 10:31:07
DJI_20260510130058_0074_V.JPG,DJI_20260510130058_0074_V,.jpg,\\amssclgis10.ams.gmams.cl\CL_MLP_PAO\Vuelos_Drone_Sin_Procesar\INPUT\20260519_Geosupport\SOLO_JPG_19May26\GEOSP-TRN-002604\E62\DJI_20260510130058_0074_V.JPG,SOLO_JPG_19May26\GEOSP-TRN-002604\E62\DJI_20260510130058_0074_V.JPG,1.263,2026-06-08 10:31:08
DJI_20260510130118_0075_V.JPG,DJI_20260510130118_0075_V,.jpg,\\amssclgis10.ams.gmams.cl\CL_MLP_PAO\Vuelos_Drone_Sin_Procesar\INPUT\20260519_Geosupport\SOLO_JPG_19May26\GEOSP-TRN-002604\E62\DJI_20260510130118_0075_V.JPG,SOLO_JPG_19May26\GEOSP-TRN-002604\E62\DJI_20260510130118_0075_V.JPG,1.327,2026-06-08 10:31:08
DJI_20260510130130_0076_V.JPG,DJI_20260510130130_0076_V,.jpg,\\amssclgis10.ams.gmams.cl\CL_MLP_PAO\Vuelos_Drone_Sin_Procesar\INPUT\20260519_Geosupport\SOLO_JPG_19May26\GEOSP-TRN-002604\E62\DJI_20260510130130_0076_V.JPG,SOLO_JPG_19May26\GEOSP-TRN-002604\E62\DJI_20260510130130_0076_V.JPG,1.206,2026-06-08 10:31:08
DJI_20260510130138_0077_V.JPG,DJI_20260510130138_0077_V,.jpg,\\amssclgis10.ams.gmams.cl\CL_MLP_PAO\Vuelos_Drone_Sin_Procesar\INPUT\20260519_Geosupport\SOLO_JPG_19May26\GEOSP-TRN-002604\E63\DJI_20260510130138_0077_V.JPG,SOLO_JPG_19May26\GEOSP-TRN-002604\E63\DJI_20260510130138_0077_V.JPG,1.226,2026-06-08 10:31:09
DJI_20260510130154_0078_V.JPG,DJI_20260510130154_0078_V,.jpg,\\amssclgis10.ams.gmams.cl\CL_MLP_PAO\Vuelos_Drone_Sin_Procesar\INPUT\20260519_Geosupport\SOLO_JPG_19May26\GEOSP-TRN-002604\E63\DJI_20260510130154_0078_V.JPG,SOLO_JPG_19May26\GEOSP-TRN-002604\E63\DJI_20260510130154_0078_V.JPG,1.236,2026-06-08 10:31:09
DJI_20260510130204_0079_V.JPG,DJI_20260510130204_0079_V,.jpg,\\amssclgis10.ams.gmams.cl\CL_MLP_PAO\Vuelos_Drone_Sin_Procesar\INPUT\20260519_Geosupport\SOLO_JPG_19May26\GEOSP-TRN-002604\E63\DJI_20260510130204_0079_V.JPG,SOLO_JPG_19May26\GEOSP-TRN-002604\E63\DJI_20260510130204_0079_V.JPG,1.348,2026-06-08 10:31:09
DJI_20260510130215_0080_V.JPG,DJI_20260510130215_0080_V,.jpg,\\amssclgis10.ams.gmams.cl\CL_MLP_PAO\Vuelos_Drone_Sin_Procesar\INPUT\20260519_Geosupport\SOLO_JPG_19May26\GEOSP-TRN-002604\E63\DJI_20260510130215_0080_V.JPG,SOLO_JPG_19May26\GEOSP-TRN-002604\E63\DJI_20260510130215_0080_V.JPG,1.375,2026-06-08 10:31:10
DJI_20260510130226_0081_V.JPG,DJI_20260510130226_0081_V,.jpg,\\amssclgis10.ams.gmams.cl\CL_MLP_PAO\Vuelos_Drone_Sin_Procesar\INPUT\20260519_Geosupport\SOLO_JPG_19May26\GEOSP-TRN-002604\E63\DJI_20260510130226_0081_V.JPG,SOLO_JPG_19May26\GEOSP-TRN-002604\E63\DJI_20260510130226_0081_V.JPG,1.322,2026-06-08 10:31:10
DJI_20260510130237_0082_V.JPG,DJI_20260510130237_0082_V,.jpg,\\amssclgis10.ams.gmams.cl\CL_MLP_PAO\Vuelos_Drone_Sin_Procesar\INPUT\20260519_Geosupport\SOLO_JPG_19May26\GEOSP-TRN-002604\E64\DJI_20260510130237_0082_V.JPG,SOLO_JPG_19May26\GEOSP-TRN-002604\E64\DJI_20260510130237_0082_V.JPG,1.146,2026-06-08 10:31:10
DJI_20260510130248_0083_V.JPG,DJI_20260510130248_0083_V,.jpg,\\amssclgis10.ams.gmams.cl\CL_MLP_PAO\Vuelos_Drone_Sin_Procesar\INPUT\20260519_Geosupport\SOLO_JPG_19May26\GEOSP-TRN-002604\E64\DJI_20260510130248_0083_V.JPG,SOLO_JPG_19May26\GEOSP-TRN-002604\E64\DJI_20260510130248_0083_V.JPG,1.124,2026-06-08 10:31:11
DJI_20260510130256_0084_V.JPG,DJI_20260510130256_0084_V,.jpg,\\amssclgis10.ams.gmams.cl\CL_MLP_PAO\Vuelos_Drone_Sin_Procesar\INPUT\20260519_Geosupport\SOLO_JPG_19May26\GEOSP-TRN-002604\E64\DJI_20260510130256_0084_V.JPG,SOLO_JPG_19May26\GEOSP-TRN-002604\E64\DJI_20260510130256_0084_V.JPG,1.286,2026-06-08 10:31:11
DJI_20260510130305_0085_V.JPG,DJI_20260510130305_0085_V,.jpg,\\amssclgis10.ams.gmams.cl\CL_MLP_PAO\Vuelos_Drone_Sin_Procesar\INPUT\20260519_Geosupport\SOLO_JPG_19May26\GEOSP-TRN-002604\E64\DJI_20260510130305_0085_V.JPG,SOLO_JPG_19May26\GEOSP-TRN-002604\E64\DJI_20260510130305_0085_V.JPG,1.327,2026-06-08 10:31:11
DJI_20260510130313_0086_V.JPG,DJI_20260510130313_0086_V,.jpg,\\amssclgis10.ams.gmams.cl\CL_MLP_PAO\Vuelos_Drone_Sin_Procesar\INPUT\20260519_Geosupport\SOLO_JPG_19May26\GEOSP-TRN-002604\E64\DJI_20260510130313_0086_V.JPG,SOLO_JPG_19May26\GEOSP-TRN-002604\E64\DJI_20260510130313_0086_V.JPG,1.197,2026-06-08 10:31:12
DJI_20260510130325_0087_V.JPG,DJI_20260510130325_0087_V,.jpg,\\amssclgis10.ams.gmams.cl\CL_MLP_PAO\Vuelos_Drone_Sin_Procesar\INPUT\20260519_Geosupport\SOLO_JPG_19May26\GEOSP-TRN-002604\E65\DJI_20260510130325_0087_V.JPG,SOLO_JPG_19May26\GEOSP-TRN-002604\E65\DJI_20260510130325_0087_V.JPG,1.058,2026-06-08 10:31:12
DJI_20260510130337_0088_V.JPG,DJI_20260510130337_0088_V,.jpg,\\amssclgis10.ams.gmams.cl\CL_MLP_PAO\Vuelos_Drone_Sin_Procesar\INPUT\20260519_Geosupport\SOLO_JPG_19May26\GEOSP-TRN-002604\E65\DJI_20260510130337_0088_V.JPG,SOLO_JPG_19May26\GEOSP-TRN-002604\E65\DJI_20260510130337_0088_V.JPG,1.008,2026-06-08 10:31:12
DJI_20260510130344_0089_V.JPG,DJI_20260510130344_0089_V,.jpg,\\amssclgis10.ams.gmams.cl\CL_MLP_PAO\Vuelos_Drone_Sin_Procesar\INPUT\20260519_Geosupport\SOLO_JPG_19May26\GEOSP-TRN-002604\E65\DJI_20260510130344_0089_V.JPG,SOLO_JPG_19May26\GEOSP-TRN-002604\E65\DJI_20260510130344_0089_V.JPG,1.122,2026-06-08 10:31:13
DJI_20260510130351_0090_V.JPG,DJI_20260510130351_0090_V,.jpg,\\amssclgis10.ams.gmams.cl\CL_MLP_PAO\Vuelos_Drone_Sin_Procesar\INPUT\20260519_Geosupport\SOLO_JPG_19May26\GEOSP-TRN-002604\E65\DJI_20260510130351_0090_V.JPG,SOLO_JPG_19May26\GEOSP-TRN-002604\E65\DJI_20260510130351_0090_V.JPG,1.165,2026-06-08 10:31:13
DJI_20260510130356_0091_V.JPG,DJI_20260510130356_0091_V,.jpg,\\amssclgis10.ams.gmams.cl\CL_MLP_PAO\Vuelos_Drone_Sin_Procesar\INPUT\20260519_Geosupport\SOLO_JPG_19May26\GEOSP-TRN-002604\E65\DJI_20260510130356_0091_V.JPG,SOLO_JPG_19May26\GEOSP-TRN-002604\E65\DJI_20260510130356_0091_V.JPG,1.1,2026-06-08 10:31:13
DJI_20260510130406_0092_V.JPG,DJI_20260510130406_0092_V,.jpg,\\amssclgis10.ams.gmams.cl\CL_MLP_PAO\Vuelos_Drone_Sin_Procesar\INPUT\20260519_Geosupport\SOLO_JPG_19May26\GEOSP-TRN-002604\E66\DJI_20260510130406_0092_V.JPG,SOLO_JPG_19May26\GEOSP-TRN-002604\E66\DJI_20260510130406_0092_V.JPG,1.064,2026-06-08 10:31:14
DJI_20260510130418_0093_V.JPG,DJI_20260510130418_0093_V,.jpg,\\amssclgis10.ams.gmams.cl\CL_MLP_PAO\Vuelos_Drone_Sin_Procesar\INPUT\20260519_Geosupport\SOLO_JPG_19May26\GEOSP-TRN-002604\E66\DJI_20260510130418_0093_V.JPG,SOLO_JPG_19May26\GEOSP-TRN-002604\E66\DJI_20260510130418_0093_V.JPG,0.967,2026-06-08 10:31:14
DJI_20260510130431_0094_V.JPG,DJI_20260510130431_0094_V,.jpg,\\amssclgis10.ams.gmams.cl\CL_MLP_PAO\Vuelos_Drone_Sin_Procesar\INPUT\20260519_Geosupport\SOLO_JPG_19May26\GEOSP-TRN-002604\E66\DJI_20260510130431_0094_V.JPG,SOLO_JPG_19May26\GEOSP-TRN-002604\E66\DJI_20260510130431_0094_V.JPG,1.145,2026-06-08 10:31:14
DJI_20260510130444_0095_V.JPG,DJI_20260510130444_0095_V,.jpg,\\amssclgis10.ams.gmams.cl\CL_MLP_PAO\Vuelos_Drone_Sin_Procesar\INPUT\20260519_Geosupport\SOLO_JPG_19May26\GEOSP-TRN-002604\E66\DJI_20260510130444_0095_V.JPG,SOLO_JPG_19May26\GEOSP-TRN-002604\E66\DJI_20260510130444_0095_V.JPG,1.151,2026-06-08 10:31:15
DJI_20260510130454_0096_V.JPG,DJI_20260510130454_0096_V,.jpg,\\amssclgis10.ams.gmams.cl\CL_MLP_PAO\Vuelos_Drone_Sin_Procesar\INPUT\20260519_Geosupport\SOLO_JPG_19May26\GEOSP-TRN-002604\E66\DJI_20260510130454_0096_V.JPG,SOLO_JPG_19May26\GEOSP-TRN-002604\E66\DJI_20260510130454_0096_V.JPG,1.098,2026-06-08 10:31:15
DJI_20260510132201_0001_V.JPG,DJI_20260510132201_0001_V,.jpg,\\amssclgis10.ams.gmams.cl\CL_MLP_PAO\Vuelos_Drone_Sin_Procesar\INPUT\20260519_Geosupport\SOLO_JPG_19May26\GEOSP-TRN-002604\E67\DJI_20260510132201_0001_V.JPG,SOLO_JPG_19May26\GEOSP-TRN-002604\E67\DJI_20260510132201_0001_V.JPG,1.038,2026-06-08 10:31:15
DJI_20260510132230_0003_V.JPG,DJI_20260510132230_0003_V,.jpg,\\amssclgis10.ams.gmams.cl\CL_MLP_PAO\Vuelos_Drone_Sin_Procesar\INPUT\20260519_Geosupport\SOLO_JPG_19May26\GEOSP-TRN-002604\E67\DJI_20260510132230_0003_V.JPG,SOLO_JPG_19May26\GEOSP-TRN-002604\E67\DJI_20260510132230_0003_V.JPG,0.987,2026-06-08 10:31:16
DJI_20260510132247_0004_V.JPG,DJI_20260510132247_0004_V,.jpg,\\amssclgis10.ams.gmams.cl\CL_MLP_PAO\Vuelos_Drone_Sin_Procesar\INPUT\20260519_Geosupport\SOLO_JPG_19May26\GEOSP-TRN-002604\E67\DJI_20260510132247_0004_V.JPG,SOLO_JPG_19May26\GEOSP-TRN-002604\E67\DJI_20260510132247_0004_V.JPG,1.136,2026-06-08 10:31:16
DJI_20260510132305_0005_V.JPG,DJI_20260510132305_0005_V,.jpg,\\amssclgis10.ams.gmams.cl\CL_MLP_PAO\Vuelos_Drone_Sin_Procesar\INPUT\20260519_Geosupport\SOLO_JPG_19May26\GEOSP-TRN-002604\E67\DJI_20260510132305_0005_V.JPG,SOLO_JPG_19May26\GEOSP-TRN-002604\E67\DJI_20260510132305_0005_V.JPG,1.219,2026-06-08 10:31:16
DJI_20260510132315_0006_V.JPG,DJI_20260510132315_0006_V,.jpg,\\amssclgis10.ams.gmams.cl\CL_MLP_PAO\Vuelos_Drone_Sin_Procesar\INPUT\20260519_Geosupport\SOLO_JPG_19May26\GEOSP-TRN-002604\E67\DJI_20260510132315_0006_V.JPG,SOLO_JPG_19May26\GEOSP-TRN-002604\E67\DJI_20260510132315_0006_V.JPG,1.152,2026-06-08 10:31:17
DJI_20260510132326_0007_V.JPG,DJI_20260510132326_0007_V,.jpg,\\amssclgis10.ams.gmams.cl\CL_MLP_PAO\Vuelos_Drone_Sin_Procesar\INPUT\20260519_Geosupport\SOLO_JPG_19May26\GEOSP-TRN-002604\E68\DJI_20260510132326_0007_V.JPG,SOLO_JPG_19May26\GEOSP-TRN-002604\E68\DJI_20260510132326_0007_V.JPG,0.902,2026-06-08 10:31:17
DJI_20260510132346_0008_V.JPG,DJI_20260510132346_0008_V,.jpg,\\amssclgis10.ams.gmams.cl\CL_MLP_PAO\Vuelos_Drone_Sin_Procesar\INPUT\20260519_Geosupport\SOLO_JPG_19May26\GEOSP-TRN-002604\E68\DJI_20260510132346_0008_V.JPG,SOLO_JPG_19May26\GEOSP-TRN-002604\E68\DJI_20260510132346_0008_V.JPG,0.889,2026-06-08 10:31:18
DJI_20260510132400_0009_V.JPG,DJI_20260510132400_0009_V,.jpg,\\amssclgis10.ams.gmams.cl\CL_MLP_PAO\Vuelos_Drone_Sin_Procesar\INPUT\20260519_Geosupport\SOLO_JPG_19May26\GEOSP-TRN-002604\E68\DJI_20260510132400_0009_V.JPG,SOLO_JPG_19May26\GEOSP-TRN-002604\E68\DJI_20260510132400_0009_V.JPG,1.031,2026-06-08 10:31:18
DJI_20260510132416_0010_V.JPG,DJI_20260510132416_0010_V,.jpg,\\amssclgis10.ams.gmams.cl\CL_MLP_PAO\Vuelos_Drone_Sin_Procesar\INPUT\20260519_Geosupport\SOLO_JPG_19May26\GEOSP-TRN-002604\E68\DJI_20260510132416_0010_V.JPG,SOLO_JPG_19May26\GEOSP-TRN-002604\E68\DJI_20260510132416_0010_V.JPG,1.135,2026-06-08 10:31:18
DJI_20260510132428_0011_V.JPG,DJI_20260510132428_0011_V,.jpg,\\amssclgis10.ams.gmams.cl\CL_MLP_PAO\Vuelos_Drone_Sin_Procesar\INPUT\20260519_Geosupport\SOLO_JPG_19May26\GEOSP-TRN-002604\E68\DJI_20260510132428_0011_V.JPG,SOLO_JPG_19May26\GEOSP-TRN-002604\E68\DJI_20260510132428_0011_V.JPG,1.024,2026-06-08 10:31:18
DJI_20260510132440_0012_V.JPG,DJI_20260510132440_0012_V,.jpg,\\amssclgis10.ams.gmams.cl\CL_MLP_PAO\Vuelos_Drone_Sin_Procesar\INPUT\20260519_Geosupport\SOLO_JPG_19May26\GEOSP-TRN-002604\E69\DJI_20260510132440_0012_V.JPG,SOLO_JPG_19May26\GEOSP-TRN-002604\E69\DJI_20260510132440_0012_V.JPG,0.969,2026-06-08 10:31:19
DJI_20260510132500_0013_V.JPG,DJI_20260510132500_0013_V,.jpg,\\amssclgis10.ams.gmams.cl\CL_MLP_PAO\Vuelos_Drone_Sin_Procesar\INPUT\20260519_Geosupport\SOLO_JPG_19May26\GEOSP-TRN-002604\E69\DJI_20260510132500_0013_V.JPG,SOLO_JPG_19May26\GEOSP-TRN-002604\E69\DJI_20260510132500_0013_V.JPG,0.839,2026-06-08 10:31:19
DJI_20260510132512_0014_V.JPG,DJI_20260510132512_0014_V,.jpg,\\amssclgis10.ams.gmams.cl\CL_MLP_PAO\Vuelos_Drone_Sin_Procesar\INPUT\20260519_Geosupport\SOLO_JPG_19May26\GEOSP-TRN-002604\E69\DJI_20260510132512_0014_V.JPG,SOLO_JPG_19May26\GEOSP-TRN-002604\E69\DJI_20260510132512_0014_V.JPG,0.932,2026-06-08 10:31:19
DJI_20260510132531_0015_V.JPG,DJI_20260510132531_0015_V,.jpg,\\amssclgis10.ams.gmams.cl\CL_MLP_PAO\Vuelos_Drone_Sin_Procesar\INPUT\20260519_Geosupport\SOLO_JPG_19May26\GEOSP-TRN-002604\E69\DJI_20260510132531_0015_V.JPG,SOLO_JPG_19May26\GEOSP-TRN-002604\E69\DJI_20260510132531_0015_V.JPG,1.116,2026-06-08 10:31:20
DJI_20260510132545_0016_V.JPG,DJI_20260510132545_0016_V,.jpg,\\amssclgis10.ams.gmams.cl\CL_MLP_PAO\Vuelos_Drone_Sin_Procesar\INPUT\20260519_Geosupport\SOLO_JPG_19May26\GEOSP-TRN-002604\E69\DJI_20260510132545_0016_V.JPG,SOLO_JPG_19May26\GEOSP-TRN-002604\E69\DJI_20260510132545_0016_V.JPG,1.012,2026-06-08 10:31:20
DJI_20260510132606_0017_V.JPG,DJI_20260510132606_0017_V,.jpg,\\amssclgis10.ams.gmams.cl\CL_MLP_PAO\Vuelos_Drone_Sin_Procesar\INPUT\20260519_Geosupport\SOLO_JPG_19May26\GEOSP-TRN-002604\E70\DJI_20260510132606_0017_V.JPG,SOLO_JPG_19May26\GEOSP-TRN-002604\E70\DJI_20260510132606_0017_V.JPG,1.288,2026-06-08 10:31:20
DJI_20260510132625_0018_V.JPG,DJI_20260510132625_0018_V,.jpg,\\amssclgis10.ams.gmams.cl\CL_MLP_PAO\Vuelos_Drone_Sin_Procesar\INPUT\20260519_Geosupport\SOLO_JPG_19May26\GEOSP-TRN-002604\E70\DJI_20260510132625_0018_V.JPG,SOLO_JPG_19May26\GEOSP-TRN-002604\E70\DJI_20260510132625_0018_V.JPG,1.244,2026-06-08 10:31:21
DJI_20260510132638_0019_V.JPG,DJI_20260510132638_0019_V,.jpg,\\amssclgis10.ams.gmams.cl\CL_MLP_PAO\Vuelos_Drone_Sin_Procesar\INPUT\20260519_Geosupport\SOLO_JPG_19May26\GEOSP-TRN-002604\E70\DJI_20260510132638_0019_V.JPG,SOLO_JPG_19May26\GEOSP-TRN-002604\E70\DJI_20260510132638_0019_V.JPG,1.297,2026-06-08 10:31:21
DJI_20260510132648_0020_V.JPG,DJI_20260510132648_0020_V,.jpg,\\amssclgis10.ams.gmams.cl\CL_MLP_PAO\Vuelos_Drone_Sin_Procesar\INPUT\20260519_Geosupport\SOLO_JPG_19May26\GEOSP-TRN-002604\E70\DJI_20260510132648_0020_V.JPG,SOLO_JPG_19May26\GEOSP-TRN-002604\E70\DJI_20260510132648_0020_V.JPG,1.411,2026-06-08 10:31:21
DJI_20260510132701_0021_V.JPG,DJI_20260510132701_0021_V,.jpg,\\amssclgis10.ams.gmams.cl\CL_MLP_PAO\Vuelos_Drone_Sin_Procesar\INPUT\20260519_Geosupport\SOLO_JPG_19May26\GEOSP-TRN-002604\E70\DJI_20260510132701_0021_V.JPG,SOLO_JPG_19May26\GEOSP-TRN-002604\E70\DJI_20260510132701_0021_V.JPG,1.361,2026-06-08 10:31:22
DJI_20260510132715_0022_V.JPG,DJI_20260510132715_0022_V,.jpg,\\amssclgis10.ams.gmams.cl\CL_MLP_PAO\Vuelos_Drone_Sin_Procesar\INPUT\20260519_Geosupport\SOLO_JPG_19May26\GEOSP-TRN-002604\E71\DJI_20260510132715_0022_V.JPG,SOLO_JPG_19May26\GEOSP-TRN-002604\E71\DJI_20260510132715_0022_V.JPG,1.358,2026-06-08 10:31:22
DJI_20260510132824_0023_V.JPG,DJI_20260510132824_0023_V,.jpg,\\amssclgis10.ams.gmams.cl\CL_MLP_PAO\Vuelos_Drone_Sin_Procesar\INPUT\20260519_Geosupport\SOLO_JPG_19May26\GEOSP-TRN-002604\E71\DJI_20260510132824_0023_V.JPG,SOLO_JPG_19May26\GEOSP-TRN-002604\E71\DJI_20260510132824_0023_V.JPG,1.306,2026-06-08 10:31:23
DJI_20260510132836_0024_V.JPG,DJI_20260510132836_0024_V,.jpg,\\amssclgis10.ams.gmams.cl\CL_MLP_PAO\Vuelos_Drone_Sin_Procesar\INPUT\20260519_Geosupport\SOLO_JPG_19May26\GEOSP-TRN-002604\E71\DJI_20260510132836_0024_V.JPG,SOLO_JPG_19May26\GEOSP-TRN-002604\E71\DJI_20260510132836_0024_V.JPG,1.319,2026-06-08 10:31:23
DJI_20260510132844_0025_V.JPG,DJI_20260510132844_0025_V,.jpg,\\amssclgis10.ams.gmams.cl\CL_MLP_PAO\Vuelos_Drone_Sin_Procesar\INPUT\20260519_Geosupport\SOLO_JPG_19May26\GEOSP-TRN-002604\E71\DJI_20260510132844_0025_V.JPG,SOLO_JPG_19May26\GEOSP-TRN-002604\E71\DJI_20260510132844_0025_V.JPG,1.438,2026-06-08 10:31:23
DJI_20260510132852_0026_V.JPG,DJI_20260510132852_0026_V,.jpg,\\amssclgis10.ams.gmams.cl\CL_MLP_PAO\Vuelos_Drone_Sin_Procesar\INPUT\20260519_Geosupport\SOLO_JPG_19May26\GEOSP-TRN-002604\E71\DJI_20260510132852_0026_V.JPG,SOLO_JPG_19May26\GEOSP-TRN-002604\E71\DJI_20260510132852_0026_V.JPG,1.402,2026-06-08 10:31:24
DJI_20260510132908_0027_V.JPG,DJI_20260510132908_0027_V,.jpg,\\amssclgis10.ams.gmams.cl\CL_MLP_PAO\Vuelos_Drone_Sin_Procesar\INPUT\20260519_Geosupport\SOLO_JPG_19May26\GEOSP-TRN-002604\E72\DJI_20260510132908_0027_V.JPG,SOLO_JPG_19May26\GEOSP-TRN-002604\E72\DJI_20260510132908_0027_V.JPG,1.326,2026-06-08 10:31:24
DJI_20260510132923_0028_V.JPG,DJI_20260510132923_0028_V,.jpg,\\amssclgis10.ams.gmams.cl\CL_MLP_PAO\Vuelos_Drone_Sin_Procesar\INPUT\20260519_Geosupport\SOLO_JPG_19May26\GEOSP-TRN-002604\E72\DJI_20260510132923_0028_V.JPG,SOLO_JPG_19May26\GEOSP-TRN-002604\E72\DJI_20260510132923_0028_V.JPG,1.138,2026-06-08 10:31:24
DJI_20260510132936_0029_V.JPG,DJI_20260510132936_0029_V,.jpg,\\amssclgis10.ams.gmams.cl\CL_MLP_PAO\Vuelos_Drone_Sin_Procesar\INPUT\20260519_Geosupport\SOLO_JPG_19May26\GEOSP-TRN-002604\E72\DJI_20260510132936_0029_V.JPG,SOLO_JPG_19May26\GEOSP-TRN-002604\E72\DJI_20260510132936_0029_V.JPG,1.326,2026-06-08 10:31:25
DJI_20260510132950_0030_V.JPG,DJI_20260510132950_0030_V,.jpg,\\amssclgis10.ams.gmams.cl\CL_MLP_PAO\Vuelos_Drone_Sin_Procesar\INPUT\20260519_Geosupport\SOLO_JPG_19May26\GEOSP-TRN-002604\E72\DJI_20260510132950_0030_V.JPG,SOLO_JPG_19May26\GEOSP-TRN-002604\E72\DJI_20260510132950_0030_V.JPG,1.386,2026-06-08 10:31:25
DJI_20260510133002_0031_V.JPG,DJI_20260510133002_0031_V,.jpg,\\amssclgis10.ams.gmams.cl\CL_MLP_PAO\Vuelos_Drone_Sin_Procesar\INPUT\20260519_Geosupport\SOLO_JPG_19May26\GEOSP-TRN-002604\E72\DJI_20260510133002_0031_V.JPG,SOLO_JPG_19May26\GEOSP-TRN-002604\E72\DJI_20260510133002_0031_V.JPG,1.368,2026-06-08 10:31:25
DJI_20260510133015_0032_V.JPG,DJI_20260510133015_0032_V,.jpg,\\amssclgis10.ams.gmams.cl\CL_MLP_PAO\Vuelos_Drone_Sin_Procesar\INPUT\20260519_Geosupport\SOLO_JPG_19May26\GEOSP-TRN-002604\E73\DJI_20260510133015_0032_V.JPG,SOLO_JPG_19May26\GEOSP-TRN-002604\E73\DJI_20260510133015_0032_V.JPG,1.333,2026-06-08 10:31:26
DJI_20260510133037_0033_V.JPG,DJI_20260510133037_0033_V,.jpg,\\amssclgis10.ams.gmams.cl\CL_MLP_PAO\Vuelos_Drone_Sin_Procesar\INPUT\20260519_Geosupport\SOLO_JPG_19May26\GEOSP-TRN-002604\E73\DJI_20260510133037_0033_V.JPG,SOLO_JPG_19May26\GEOSP-TRN-002604\E73\DJI_20260510133037_0033_V.JPG,1.221,2026-06-08 10:31:26
DJI_20260510133049_0034_V.JPG,DJI_20260510133049_0034_V,.jpg,\\amssclgis10.ams.gmams.cl\CL_MLP_PAO\Vuelos_Drone_Sin_Procesar\INPUT\20260519_Geosupport\SOLO_JPG_19May26\GEOSP-TRN-002604\E73\DJI_20260510133049_0034_V.JPG,SOLO_JPG_19May26\GEOSP-TRN-002604\E73\DJI_20260510133049_0034_V.JPG,1.349,2026-06-08 10:31:26
DJI_20260510133100_0035_V.JPG,DJI_20260510133100_0035_V,.jpg,\\amssclgis10.ams.gmams.cl\CL_MLP_PAO\Vuelos_Drone_Sin_Procesar\INPUT\20260519_Geosupport\SOLO_JPG_19May26\GEOSP-TRN-002604\E73\DJI_20260510133100_0035_V.JPG,SOLO_JPG_19May26\GEOSP-TRN-002604\E73\DJI_20260510133100_0035_V.JPG,1.45,2026-06-08 10:31:27
DJI_20260510133116_0036_V.JPG,DJI_20260510133116_0036_V,.jpg,\\amssclgis10.ams.gmams.cl\CL_MLP_PAO\Vuelos_Drone_Sin_Procesar\INPUT\20260519_Geosupport\SOLO_JPG_19May26\GEOSP-TRN-002604\E73\DJI_20260510133116_0036_V.JPG,SOLO_JPG_19May26\GEOSP-TRN-002604\E73\DJI_20260510133116_0036_V.JPG,1.387,2026-06-08 10:31:27
DJI_20260510133129_0037_V.JPG,DJI_20260510133129_0037_V,.jpg,\\amssclgis10.ams.gmams.cl\CL_MLP_PAO\Vuelos_Drone_Sin_Procesar\INPUT\20260519_Geosupport\SOLO_JPG_19May26\GEOSP-TRN-002604\E74\DJI_20260510133129_0037_V.JPG,SOLO_JPG_19May26\GEOSP-TRN-002604\E74\DJI_20260510133129_0037_V.JPG,1.29,2026-06-08 10:31:28
DJI_20260510133142_0038_V.JPG,DJI_20260510133142_0038_V,.jpg,\\amssclgis10.ams.gmams.cl\CL_MLP_PAO\Vuelos_Drone_Sin_Procesar\INPUT\20260519_Geosupport\SOLO_JPG_19May26\GEOSP-TRN-002604\E74\DJI_20260510133142_0038_V.JPG,SOLO_JPG_19May26\GEOSP-TRN-002604\E74\DJI_20260510133142_0038_V.JPG,1.092,2026-06-08 10:31:28
DJI_20260510133155_0039_V.JPG,DJI_20260510133155_0039_V,.jpg,\\amssclgis10.ams.gmams.cl\CL_MLP_PAO\Vuelos_Drone_Sin_Procesar\INPUT\20260519_Geosupport\SOLO_JPG_19May26\GEOSP-TRN-002604\E74\DJI_20260510133155_0039_V.JPG,SOLO_JPG_19May26\GEOSP-TRN-002604\E74\DJI_20260510133155_0039_V.JPG,1.329,2026-06-08 10:31:28
DJI_20260510133217_0040_V.JPG,DJI_20260510133217_0040_V,.jpg,\\amssclgis10.ams.gmams.cl\CL_MLP_PAO\Vuelos_Drone_Sin_Procesar\INPUT\20260519_Geosupport\SOLO_JPG_19May26\GEOSP-TRN-002604\E74\DJI_20260510133217_0040_V.JPG,SOLO_JPG_19May26\GEOSP-TRN-002604\E74\DJI_20260510133217_0040_V.JPG,1.38,2026-06-08 10:31:29
DJI_20260510133230_0041_V.JPG,DJI_20260510133230_0041_V,.jpg,\\amssclgis10.ams.gmams.cl\CL_MLP_PAO\Vuelos_Drone_Sin_Procesar\INPUT\20260519_Geosupport\SOLO_JPG_19May26\GEOSP-TRN-002604\E74\DJI_20260510133230_0041_V.JPG,SOLO_JPG_19May26\GEOSP-TRN-002604\E74\DJI_20260510133230_0041_V.JPG,1.324,2026-06-08 10:31:29
DJI_20260510133251_0042_V.JPG,DJI_20260510133251_0042_V,.jpg,\\amssclgis10.ams.gmams.cl\CL_MLP_PAO\Vuelos_Drone_Sin_Procesar\INPUT\20260519_Geosupport\SOLO_JPG_19May26\GEOSP-TRN-002604\E75\DJI_20260510133251_0042_V.JPG,SOLO_JPG_19May26\GEOSP-TRN-002604\E75\DJI_20260510133251_0042_V.JPG,1.223,2026-06-08 10:31:29
DJI_20260510133308_0043_V.JPG,DJI_20260510133308_0043_V,.jpg,\\amssclgis10.ams.gmams.cl\CL_MLP_PAO\Vuelos_Drone_Sin_Procesar\INPUT\20260519_Geosupport\SOLO_JPG_19May26\GEOSP-TRN-002604\E75\DJI_20260510133308_0043_V.JPG,SOLO_JPG_19May26\GEOSP-TRN-002604\E75\DJI_20260510133308_0043_V.JPG,1.019,2026-06-08 10:31:30
DJI_20260510133319_0044_V.JPG,DJI_20260510133319_0044_V,.jpg,\\amssclgis10.ams.gmams.cl\CL_MLP_PAO\Vuelos_Drone_Sin_Procesar\INPUT\20260519_Geosupport\SOLO_JPG_19May26\GEOSP-TRN-002604\E75\DJI_20260510133319_0044_V.JPG,SOLO_JPG_19May26\GEOSP-TRN-002604\E75\DJI_20260510133319_0044_V.JPG,1.232,2026-06-08 10:31:30
DJI_20260510133336_0045_V.JPG,DJI_20260510133336_0045_V,.jpg,\\amssclgis10.ams.gmams.cl\CL_MLP_PAO\Vuelos_Drone_Sin_Procesar\INPUT\20260519_Geosupport\SOLO_JPG_19May26\GEOSP-TRN-002604\E75\DJI_20260510133336_0045_V.JPG,SOLO_JPG_19May26\GEOSP-TRN-002604\E75\DJI_20260510133336_0045_V.JPG,1.252,2026-06-08 10:31:30
DJI_20260510133348_0046_V.JPG,DJI_20260510133348_0046_V,.jpg,\\amssclgis10.ams.gmams.cl\CL_MLP_PAO\Vuelos_Drone_Sin_Procesar\INPUT\20260519_Geosupport\SOLO_JPG_19May26\GEOSP-TRN-002604\E75\DJI_20260510133348_0046_V.JPG,SOLO_JPG_19May26\GEOSP-TRN-002604\E75\DJI_20260510133348_0046_V.JPG,1.252,2026-06-08 10:31:31
DJI_20260510133405_0047_V.JPG,DJI_20260510133405_0047_V,.jpg,\\amssclgis10.ams.gmams.cl\CL_MLP_PAO\Vuelos_Drone_Sin_Procesar\INPUT\20260519_Geosupport\SOLO_JPG_19May26\GEOSP-TRN-002604\E76\DJI_20260510133405_0047_V.JPG,SOLO_JPG_19May26\GEOSP-TRN-002604\E76\DJI_20260510133405_0047_V.JPG,1.148,2026-06-08 10:31:31
DJI_20260510133422_0048_V.JPG,DJI_20260510133422_0048_V,.jpg,\\amssclgis10.ams.gmams.cl\CL_MLP_PAO\Vuelos_Drone_Sin_Procesar\INPUT\20260519_Geosupport\SOLO_JPG_19May26\GEOSP-TRN-002604\E76\DJI_20260510133422_0048_V.JPG,SOLO_JPG_19May26\GEOSP-TRN-002604\E76\DJI_20260510133422_0048_V.JPG,1.064,2026-06-08 10:31:31
DJI_20260510133430_0049_V.JPG,DJI_20260510133430_0049_V,.jpg,\\amssclgis10.ams.gmams.cl\CL_MLP_PAO\Vuelos_Drone_Sin_Procesar\INPUT\20260519_Geosupport\SOLO_JPG_19May26\GEOSP-TRN-002604\E76\DJI_20260510133430_0049_V.JPG,SOLO_JPG_19May26\GEOSP-TRN-002604\E76\DJI_20260510133430_0049_V.JPG,1.211,2026-06-08 10:31:32
DJI_20260510133441_0050_V.JPG,DJI_20260510133441_0050_V,.jpg,\\amssclgis10.ams.gmams.cl\CL_MLP_PAO\Vuelos_Drone_Sin_Procesar\INPUT\20260519_Geosupport\SOLO_JPG_19May26\GEOSP-TRN-002604\E76\DJI_20260510133441_0050_V.JPG,SOLO_JPG_19May26\GEOSP-TRN-002604\E76\DJI_20260510133441_0050_V.JPG,1.312,2026-06-08 10:31:32
DJI_20260510133449_0051_V.JPG,DJI_20260510133449_0051_V,.jpg,\\amssclgis10.ams.gmams.cl\CL_MLP_PAO\Vuelos_Drone_Sin_Procesar\INPUT\20260519_Geosupport\SOLO_JPG_19May26\GEOSP-TRN-002604\E76\DJI_20260510133449_0051_V.JPG,SOLO_JPG_19May26\GEOSP-TRN-002604\E76\DJI_20260510133449_0051_V.JPG,1.278,2026-06-08 10:31:33
DJI_20260510133500_0052_V.JPG,DJI_20260510133500_0052_V,.jpg,\\amssclgis10.ams.gmams.cl\CL_MLP_PAO\Vuelos_Drone_Sin_Procesar\INPUT\20260519_Geosupport\SOLO_JPG_19May26\GEOSP-TRN-002604\E77\DJI_20260510133500_0052_V.JPG,SOLO_JPG_19May26\GEOSP-TRN-002604\E77\DJI_20260510133500_0052_V.JPG,1.186,2026-06-08 10:31:33
DJI_20260510133509_0053_V.JPG,DJI_20260510133509_0053_V,.jpg,\\amssclgis10.ams.gmams.cl\CL_MLP_PAO\Vuelos_Drone_Sin_Procesar\INPUT\20260519_Geosupport\SOLO_JPG_19May26\GEOSP-TRN-002604\E77\DJI_20260510133509_0053_V.JPG,SOLO_JPG_19May26\GEOSP-TRN-002604\E77\DJI_20260510133509_0053_V.JPG,1.07,2026-06-08 10:31:33
DJI_20260510133519_0054_V.JPG,DJI_20260510133519_0054_V,.jpg,\\amssclgis10.ams.gmams.cl\CL_MLP_PAO\Vuelos_Drone_Sin_Procesar\INPUT\20260519_Geosupport\SOLO_JPG_19May26\GEOSP-TRN-002604\E77\DJI_20260510133519_0054_V.JPG,SOLO_JPG_19May26\GEOSP-TRN-002604\E77\DJI_20260510133519_0054_V.JPG,1.238,2026-06-08 10:31:34
DJI_20260510133530_0055_V.JPG,DJI_20260510133530_0055_V,.jpg,\\amssclgis10.ams.gmams.cl\CL_MLP_PAO\Vuelos_Drone_Sin_Procesar\INPUT\20260519_Geosupport\SOLO_JPG_19May26\GEOSP-TRN-002604\E77\DJI_20260510133530_0055_V.JPG,SOLO_JPG_19May26\GEOSP-TRN-002604\E77\DJI_20260510133530_0055_V.JPG,1.319,2026-06-08 10:31:34
DJI_20260510133541_0056_V.JPG,DJI_20260510133541_0056_V,.jpg,\\amssclgis10.ams.gmams.cl\CL_MLP_PAO\Vuelos_Drone_Sin_Procesar\INPUT\20260519_Geosupport\SOLO_JPG_19May26\GEOSP-TRN-002604\E77\DJI_20260510133541_0056_V.JPG,SOLO_JPG_19May26\GEOSP-TRN-002604\E77\DJI_20260510133541_0056_V.JPG,1.328,2026-06-08 10:31:34
DJI_20260510133553_0057_V.JPG,DJI_20260510133553_0057_V,.jpg,\\amssclgis10.ams.gmams.cl\CL_MLP_PAO\Vuelos_Drone_Sin_Procesar\INPUT\20260519_Geosupport\SOLO_JPG_19May26\GEOSP-TRN-002604\E78\DJI_20260510133553_0057_V.JPG,SOLO_JPG_19May26\GEOSP-TRN-002604\E78\DJI_20260510133553_0057_V.JPG,1.276,2026-06-08 10:31:35
DJI_20260510133602_0058_V.JPG,DJI_20260510133602_0058_V,.jpg,\\amssclgis10.ams.gmams.cl\CL_MLP_PAO\Vuelos_Drone_Sin_Procesar\INPUT\20260519_Geosupport\SOLO_JPG_19May26\GEOSP-TRN-002604\E78\DJI_20260510133602_0058_V.JPG,SOLO_JPG_19May26\GEOSP-TRN-002604\E78\DJI_20260510133602_0058_V.JPG,1.174,2026-06-08 10:31:35
DJI_20260510133610_0059_V.JPG,DJI_20260510133610_0059_V,.jpg,\\amssclgis10.ams.gmams.cl\CL_MLP_PAO\Vuelos_Drone_Sin_Procesar\INPUT\20260519_Geosupport\SOLO_JPG_19May26\GEOSP-TRN-002604\E78\DJI_20260510133610_0059_V.JPG,SOLO_JPG_19May26\GEOSP-TRN-002604\E78\DJI_20260510133610_0059_V.JPG,1.301,2026-06-08 10:31:35
DJI_20260510133623_0060_V.JPG,DJI_20260510133623_0060_V,.jpg,\\amssclgis10.ams.gmams.cl\CL_MLP_PAO\Vuelos_Drone_Sin_Procesar\INPUT\20260519_Geosupport\SOLO_JPG_19May26\GEOSP-TRN-002604\E78\DJI_20260510133623_0060_V.JPG,SOLO_JPG_19May26\GEOSP-TRN-002604\E78\DJI_20260510133623_0060_V.JPG,1.377,2026-06-08 10:31:36
DJI_20260510133630_0061_V.JPG,DJI_20260510133630_0061_V,.jpg,\\amssclgis10.ams.gmams.cl\CL_MLP_PAO\Vuelos_Drone_Sin_Procesar\INPUT\20260519_Geosupport\SOLO_JPG_19May26\GEOSP-TRN-002604\E78\DJI_20260510133630_0061_V.JPG,SOLO_JPG_19May26\GEOSP-TRN-002604\E78\DJI_20260510133630_0061_V.JPG,1.364,2026-06-08 10:31:36
DJI_20260510133640_0062_V.JPG,DJI_20260510133640_0062_V,.jpg,\\amssclgis10.ams.gmams.cl\CL_MLP_PAO\Vuelos_Drone_Sin_Procesar\INPUT\20260519_Geosupport\SOLO_JPG_19May26\GEOSP-TRN-002604\E79\DJI_20260510133640_0062_V.JPG,SOLO_JPG_19May26\GEOSP-TRN-002604\E79\DJI_20260510133640_0062_V.JPG,1.278,2026-06-08 10:31:36
DJI_20260510133653_0063_V.JPG,DJI_20260510133653_0063_V,.jpg,\\amssclgis10.ams.gmams.cl\CL_MLP_PAO\Vuelos_Drone_Sin_Procesar\INPUT\20260519_Geosupport\SOLO_JPG_19May26\GEOSP-TRN-002604\E79\DJI_20260510133653_0063_V.JPG,SOLO_JPG_19May26\GEOSP-TRN-002604\E79\DJI_20260510133653_0063_V.JPG,1.153,2026-06-08 10:31:37
DJI_20260510133703_0064_V.JPG,DJI_20260510133703_0064_V,.jpg,\\amssclgis10.ams.gmams.cl\CL_MLP_PAO\Vuelos_Drone_Sin_Procesar\INPUT\20260519_Geosupport\SOLO_JPG_19May26\GEOSP-TRN-002604\E79\DJI_20260510133703_0064_V.JPG,SOLO_JPG_19May26\GEOSP-TRN-002604\E79\DJI_20260510133703_0064_V.JPG,1.283,2026-06-08 10:31:37
DJI_20260510133717_0065_V.JPG,DJI_20260510133717_0065_V,.jpg,\\amssclgis10.ams.gmams.cl\CL_MLP_PAO\Vuelos_Drone_Sin_Procesar\INPUT\20260519_Geosupport\SOLO_JPG_19May26\GEOSP-TRN-002604\E79\DJI_20260510133717_0065_V.JPG,SOLO_JPG_19May26\GEOSP-TRN-002604\E79\DJI_20260510133717_0065_V.JPG,1.349,2026-06-08 10:31:37
DJI_20260510133726_0066_V.JPG,DJI_20260510133726_0066_V,.jpg,\\amssclgis10.ams.gmams.cl\CL_MLP_PAO\Vuelos_Drone_Sin_Procesar\INPUT\20260519_Geosupport\SOLO_JPG_19May26\GEOSP-TRN-002604\E79\DJI_20260510133726_0066_V.JPG,SOLO_JPG_19May26\GEOSP-TRN-002604\E79\DJI_20260510133726_0066_V.JPG,1.316,2026-06-08 10:31:38
DJI_20260510133737_0067_V.JPG,DJI_20260510133737_0067_V,.jpg,\\amssclgis10.ams.gmams.cl\CL_MLP_PAO\Vuelos_Drone_Sin_Procesar\INPUT\20260519_Geosupport\SOLO_JPG_19May26\GEOSP-TRN-002604\E80\DJI_20260510133737_0067_V.JPG,SOLO_JPG_19May26\GEOSP-TRN-002604\E80\DJI_20260510133737_0067_V.JPG,1.257,2026-06-08 10:31:38
DJI_20260510133758_0068_V.JPG,DJI_20260510133758_0068_V,.jpg,\\amssclgis10.ams.gmams.cl\CL_MLP_PAO\Vuelos_Drone_Sin_Procesar\INPUT\20260519_Geosupport\SOLO_JPG_19May26\GEOSP-TRN-002604\E80\DJI_20260510133758_0068_V.JPG,SOLO_JPG_19May26\GEOSP-TRN-002604\E80\DJI_20260510133758_0068_V.JPG,1.122,2026-06-08 10:31:38
DJI_20260510133808_0069_V.JPG,DJI_20260510133808_0069_V,.jpg,\\amssclgis10.ams.gmams.cl\CL_MLP_PAO\Vuelos_Drone_Sin_Procesar\INPUT\20260519_Geosupport\SOLO_JPG_19May26\GEOSP-TRN-002604\E80\DJI_20260510133808_0069_V.JPG,SOLO_JPG_19May26\GEOSP-TRN-002604\E80\DJI_20260510133808_0069_V.JPG,1.288,2026-06-08 10:31:39
DJI_20260510133818_0070_V.JPG,DJI_20260510133818_0070_V,.jpg,\\amssclgis10.ams.gmams.cl\CL_MLP_PAO\Vuelos_Drone_Sin_Procesar\INPUT\20260519_Geosupport\SOLO_JPG_19May26\GEOSP-TRN-002604\E80\DJI_20260510133818_0070_V.JPG,SOLO_JPG_19May26\GEOSP-TRN-002604\E80\DJI_20260510133818_0070_V.JPG,1.342,2026-06-08 10:31:39
DJI_20260510133824_0071_V.JPG,DJI_20260510133824_0071_V,.jpg,\\amssclgis10.ams.gmams.cl\CL_MLP_PAO\Vuelos_Drone_Sin_Procesar\INPUT\20260519_Geosupport\SOLO_JPG_19May26\GEOSP-TRN-002604\E80\DJI_20260510133824_0071_V.JPG,SOLO_JPG_19May26\GEOSP-TRN-002604\E80\DJI_20260510133824_0071_V.JPG,1.308,2026-06-08 10:31:39
DJI_20260510133834_0072_V.JPG,DJI_20260510133834_0072_V,.jpg,\\amssclgis10.ams.gmams.cl\CL_MLP_PAO\Vuelos_Drone_Sin_Procesar\INPUT\20260519_Geosupport\SOLO_JPG_19May26\GEOSP-TRN-002604\E81\DJI_20260510133834_0072_V.JPG,SOLO_JPG_19May26\GEOSP-TRN-002604\E81\DJI_20260510133834_0072_V.JPG,1.259,2026-06-08 10:31:40
DJI_20260510133844_0073_V.JPG,DJI_20260510133844_0073_V,.jpg,\\amssclgis10.ams.gmams.cl\CL_MLP_PAO\Vuelos_Drone_Sin_Procesar\INPUT\20260519_Geosupport\SOLO_JPG_19May26\GEOSP-TRN-002604\E81\DJI_20260510133844_0073_V.JPG,SOLO_JPG_19May26\GEOSP-TRN-002604\E81\DJI_20260510133844_0073_V.JPG,1.146,2026-06-08 10:31:40
DJI_20260510133857_0074_V.JPG,DJI_20260510133857_0074_V,.jpg,\\amssclgis10.ams.gmams.cl\CL_MLP_PAO\Vuelos_Drone_Sin_Procesar\INPUT\20260519_Geosupport\SOLO_JPG_19May26\GEOSP-TRN-002604\E81\DJI_20260510133857_0074_V.JPG,SOLO_JPG_19May26\GEOSP-TRN-002604\E81\DJI_20260510133857_0074_V.JPG,1.182,2026-06-08 10:31:40
DJI_20260510133908_0075_V.JPG,DJI_20260510133908_0075_V,.jpg,\\amssclgis10.ams.gmams.cl\CL_MLP_PAO\Vuelos_Drone_Sin_Procesar\INPUT\20260519_Geosupport\SOLO_JPG_19May26\GEOSP-TRN-002604\E81\DJI_20260510133908_0075_V.JPG,SOLO_JPG_19May26\GEOSP-TRN-002604\E81\DJI_20260510133908_0075_V.JPG,1.268,2026-06-08 10:31:41
DJI_20260510133919_0076_V.JPG,DJI_20260510133919_0076_V,.jpg,\\amssclgis10.ams.gmams.cl\CL_MLP_PAO\Vuelos_Drone_Sin_Procesar\INPUT\20260519_Geosupport\SOLO_JPG_19May26\GEOSP-TRN-002604\E81\DJI_20260510133919_0076_V.JPG,SOLO_JPG_19May26\GEOSP-TRN-002604\E81\DJI_20260510133919_0076_V.JPG,1.242,2026-06-08 10:31:41
DJI_20260510133931_0077_V.JPG,DJI_20260510133931_0077_V,.jpg,\\amssclgis10.ams.gmams.cl\CL_MLP_PAO\Vuelos_Drone_Sin_Procesar\INPUT\20260519_Geosupport\SOLO_JPG_19May26\GEOSP-TRN-002604\E82\DJI_20260510133931_0077_V.JPG,SOLO_JPG_19May26\GEOSP-TRN-002604\E82\DJI_20260510133931_0077_V.JPG,1.297,2026-06-08 10:31:41
DJI_20260510133941_0078_V.JPG,DJI_20260510133941_0078_V,.jpg,\\amssclgis10.ams.gmams.cl\CL_MLP_PAO\Vuelos_Drone_Sin_Procesar\INPUT\20260519_Geosupport\SOLO_JPG_19May26\GEOSP-TRN-002604\E82\DJI_20260510133941_0078_V.JPG,SOLO_JPG_19May26\GEOSP-TRN-002604\E82\DJI_20260510133941_0078_V.JPG,1.294,2026-06-08 10:31:42
DJI_20260510133952_0079_V.JPG,DJI_20260510133952_0079_V,.jpg,\\amssclgis10.ams.gmams.cl\CL_MLP_PAO\Vuelos_Drone_Sin_Procesar\INPUT\20260519_Geosupport\SOLO_JPG_19May26\GEOSP-TRN-002604\E82\DJI_20260510133952_0079_V.JPG,SOLO_JPG_19May26\GEOSP-TRN-002604\E82\DJI_20260510133952_0079_V.JPG,1.342,2026-06-08 10:31:42
DJI_20260510134003_0080_V.JPG,DJI_20260510134003_0080_V,.jpg,\\amssclgis10.ams.gmams.cl\CL_MLP_PAO\Vuelos_Drone_Sin_Procesar\INPUT\20260519_Geosupport\SOLO_JPG_19May26\GEOSP-TRN-002604\E82\DJI_20260510134003_0080_V.JPG,SOLO_JPG_19May26\GEOSP-TRN-002604\E82\DJI_20260510134003_0080_V.JPG,1.415,2026-06-08 10:31:42
DJI_20260510134015_0081_V.JPG,DJI_20260510134015_0081_V,.jpg,\\amssclgis10.ams.gmams.cl\CL_MLP_PAO\Vuelos_Drone_Sin_Procesar\INPUT\20260519_Geosupport\SOLO_JPG_19May26\GEOSP-TRN-002604\E82\DJI_20260510134015_0081_V.JPG,SOLO_JPG_19May26\GEOSP-TRN-002604\E82\DJI_20260510134015_0081_V.JPG,1.381,2026-06-08 10:31:43
DJI_20260510134030_0082_V.JPG,DJI_20260510134030_0082_V,.jpg,\\amssclgis10.ams.gmams.cl\CL_MLP_PAO\Vuelos_Drone_Sin_Procesar\INPUT\20260519_Geosupport\SOLO_JPG_19May26\GEOSP-TRN-002604\E83\DJI_20260510134030_0082_V.JPG,SOLO_JPG_19May26\GEOSP-TRN-002604\E83\DJI_20260510134030_0082_V.JPG,1.273,2026-06-08 10:31:43
DJI_20260510134040_0083_V.JPG,DJI_20260510134040_0083_V,.jpg,\\amssclgis10.ams.gmams.cl\CL_MLP_PAO\Vuelos_Drone_Sin_Procesar\INPUT\20260519_Geosupport\SOLO_JPG_19May26\GEOSP-TRN-002604\E83\DJI_20260510134040_0083_V.JPG,SOLO_JPG_19May26\GEOSP-TRN-002604\E83\DJI_20260510134040_0083_V.JPG,1.257,2026-06-08 10:31:43
DJI_20260510134052_0084_V.JPG,DJI_20260510134052_0084_V,.jpg,\\amssclgis10.ams.gmams.cl\CL_MLP_PAO\Vuelos_Drone_Sin_Procesar\INPUT\20260519_Geosupport\SOLO_JPG_19May26\GEOSP-TRN-002604\E83\DJI_20260510134052_0084_V.JPG,SOLO_JPG_19May26\GEOSP-TRN-002604\E83\DJI_20260510134052_0084_V.JPG,1.314,2026-06-08 10:31:44
DJI_20260510134101_0085_V.JPG,DJI_20260510134101_0085_V,.jpg,\\amssclgis10.ams.gmams.cl\CL_MLP_PAO\Vuelos_Drone_Sin_Procesar\INPUT\20260519_Geosupport\SOLO_JPG_19May26\GEOSP-TRN-002604\E83\DJI_20260510134101_0085_V.JPG,SOLO_JPG_19May26\GEOSP-TRN-002604\E83\DJI_20260510134101_0085_V.JPG,1.408,2026-06-08 10:31:44
DJI_20260510134114_0086_V.JPG,DJI_20260510134114_0086_V,.jpg,\\amssclgis10.ams.gmams.cl\CL_MLP_PAO\Vuelos_Drone_Sin_Procesar\INPUT\20260519_Geosupport\SOLO_JPG_19May26\GEOSP-TRN-002604\E83\DJI_20260510134114_0086_V.JPG,SOLO_JPG_19May26\GEOSP-TRN-002604\E83\DJI_20260510134114_0086_V.JPG,1.335,2026-06-08 10:31:44
DJI_20260510134129_0087_V.JPG,DJI_20260510134129_0087_V,.jpg,\\amssclgis10.ams.gmams.cl\CL_MLP_PAO\Vuelos_Drone_Sin_Procesar\INPUT\20260519_Geosupport\SOLO_JPG_19May26\GEOSP-TRN-002604\E84\DJI_20260510134129_0087_V.JPG,SOLO_JPG_19May26\GEOSP-TRN-002604\E84\DJI_20260510134129_0087_V.JPG,1.264,2026-06-08 10:31:45
DJI_20260510134139_0088_V.JPG,DJI_20260510134139_0088_V,.jpg,\\amssclgis10.ams.gmams.cl\CL_MLP_PAO\Vuelos_Drone_Sin_Procesar\INPUT\20260519_Geosupport\SOLO_JPG_19May26\GEOSP-TRN-002604\E84\DJI_20260510134139_0088_V.JPG,SOLO_JPG_19May26\GEOSP-TRN-002604\E84\DJI_20260510134139_0088_V.JPG,1.106,2026-06-08 10:31:45
DJI_20260510134148_0089_V.JPG,DJI_20260510134148_0089_V,.jpg,\\amssclgis10.ams.gmams.cl\CL_MLP_PAO\Vuelos_Drone_Sin_Procesar\INPUT\20260519_Geosupport\SOLO_JPG_19May26\GEOSP-TRN-002604\E84\DJI_20260510134148_0089_V.JPG,SOLO_JPG_19May26\GEOSP-TRN-002604\E84\DJI_20260510134148_0089_V.JPG,1.22,2026-06-08 10:31:45
DJI_20260510134201_0090_V.JPG,DJI_20260510134201_0090_V,.jpg,\\amssclgis10.ams.gmams.cl\CL_MLP_PAO\Vuelos_Drone_Sin_Procesar\INPUT\20260519_Geosupport\SOLO_JPG_19May26\GEOSP-TRN-002604\E84\DJI_20260510134201_0090_V.JPG,SOLO_JPG_19May26\GEOSP-TRN-002604\E84\DJI_20260510134201_0090_V.JPG,1.311,2026-06-08 10:31:46
DJI_20260510134213_0091_V.JPG,DJI_20260510134213_0091_V,.jpg,\\amssclgis10.ams.gmams.cl\CL_MLP_PAO\Vuelos_Drone_Sin_Procesar\INPUT\20260519_Geosupport\SOLO_JPG_19May26\GEOSP-TRN-002604\E84\DJI_20260510134213_0091_V.JPG,SOLO_JPG_19May26\GEOSP-TRN-002604\E84\DJI_20260510134213_0091_V.JPG,1.279,2026-06-08 10:31:46
DJI_20260510134226_0092_V.JPG,DJI_20260510134226_0092_V,.jpg,\\amssclgis10.ams.gmams.cl\CL_MLP_PAO\Vuelos_Drone_Sin_Procesar\INPUT\20260519_Geosupport\SOLO_JPG_19May26\GEOSP-TRN-002604\E85\DJI_20260510134226_0092_V.JPG,SOLO_JPG_19May26\GEOSP-TRN-002604\E85\DJI_20260510134226_0092_V.JPG,1.28,2026-06-08 10:31:46
DJI_20260510134237_0093_V.JPG,DJI_20260510134237_0093_V,.jpg,\\amssclgis10.ams.gmams.cl\CL_MLP_PAO\Vuelos_Drone_Sin_Procesar\INPUT\20260519_Geosupport\SOLO_JPG_19May26\GEOSP-TRN-002604\E85\DJI_20260510134237_0093_V.JPG,SOLO_JPG_19May26\GEOSP-TRN-002604\E85\DJI_20260510134237_0093_V.JPG,1.207,2026-06-08 10:31:47
DJI_20260510134245_0094_V.JPG,DJI_20260510134245_0094_V,.jpg,\\amssclgis10.ams.gmams.cl\CL_MLP_PAO\Vuelos_Drone_Sin_Procesar\INPUT\20260519_Geosupport\SOLO_JPG_19May26\GEOSP-TRN-002604\E85\DJI_20260510134245_0094_V.JPG,SOLO_JPG_19May26\GEOSP-TRN-002604\E85\DJI_20260510134245_0094_V.JPG,1.307,2026-06-08 10:31:47
DJI_20260510134253_0095_V.JPG,DJI_20260510134253_0095_V,.jpg,\\amssclgis10.ams.gmams.cl\CL_MLP_PAO\Vuelos_Drone_Sin_Procesar\INPUT\20260519_Geosupport\SOLO_JPG_19May26\GEOSP-TRN-002604\E85\DJI_20260510134253_0095_V.JPG,SOLO_JPG_19May26\GEOSP-TRN-002604\E85\DJI_20260510134253_0095_V.JPG,1.382,2026-06-08 10:31:47
DJI_20260510134259_0096_V.JPG,DJI_20260510134259_0096_V,.jpg,\\amssclgis10.ams.gmams.cl\CL_MLP_PAO\Vuelos_Drone_Sin_Procesar\INPUT\20260519_Geosupport\SOLO_JPG_19May26\GEOSP-TRN-002604\E85\DJI_20260510134259_0096_V.JPG,SOLO_JPG_19May26\GEOSP-TRN-002604\E85\DJI_20260510134259_0096_V.JPG,1.331,2026-06-08 10:31:48
DJI_20260510103943_0016_V.JPG,DJI_20260510103943_0016_V,.jpg,\\amssclgis10.ams.gmams.cl\CL_MLP_PAO\Vuelos_Drone_Sin_Procesar\INPUT\20260519_Geosupport\SOLO_JPG_19May26\GEOSP-TRN-002606\E125\DJI_20260510103943_0016_V.JPG,SOLO_JPG_19May26\GEOSP-TRN-002606\E125\DJI_20260510103943_0016_V.JPG,1.205,2026-06-08 10:31:48
DJI_20260510103959_0017_V.JPG,DJI_20260510103959_0017_V,.jpg,\\amssclgis10.ams.gmams.cl\CL_MLP_PAO\Vuelos_Drone_Sin_Procesar\INPUT\20260519_Geosupport\SOLO_JPG_19May26\GEOSP-TRN-002606\E125\DJI_20260510103959_0017_V.JPG,SOLO_JPG_19May26\GEOSP-TRN-002606\E125\DJI_20260510103959_0017_V.JPG,1.191,2026-06-08 10:31:49
DJI_20260510104017_0018_V.JPG,DJI_20260510104017_0018_V,.jpg,\\amssclgis10.ams.gmams.cl\CL_MLP_PAO\Vuelos_Drone_Sin_Procesar\INPUT\20260519_Geosupport\SOLO_JPG_19May26\GEOSP-TRN-002606\E125\DJI_20260510104017_0018_V.JPG,SOLO_JPG_19May26\GEOSP-TRN-002606\E125\DJI_20260510104017_0018_V.JPG,1.19,2026-06-08 10:31:49
DJI_20260510104025_0019_V.JPG,DJI_20260510104025_0019_V,.jpg,\\amssclgis10.ams.gmams.cl\CL_MLP_PAO\Vuelos_Drone_Sin_Procesar\INPUT\20260519_Geosupport\SOLO_JPG_19May26\GEOSP-TRN-002606\E125\DJI_20260510104025_0019_V.JPG,SOLO_JPG_19May26\GEOSP-TRN-002606\E125\DJI_20260510104025_0019_V.JPG,1.169,2026-06-08 10:31:49
DJI_20260510104041_0020_V.JPG,DJI_20260510104041_0020_V,.jpg,\\amssclgis10.ams.gmams.cl\CL_MLP_PAO\Vuelos_Drone_Sin_Procesar\INPUT\20260519_Geosupport\SOLO_JPG_19May26\GEOSP-TRN-002606\E125\DJI_20260510104041_0020_V.JPG,SOLO_JPG_19May26\GEOSP-TRN-002606\E125\DJI_20260510104041_0020_V.JPG,1.203,2026-06-08 10:31:50
DJI_20260510104113_0021_V.JPG,DJI_20260510104113_0021_V,.jpg,\\amssclgis10.ams.gmams.cl\CL_MLP_PAO\Vuelos_Drone_Sin_Procesar\INPUT\20260519_Geosupport\SOLO_JPG_19May26\GEOSP-TRN-002606\E127\DJI_20260510104113_0021_V.JPG,SOLO_JPG_19May26\GEOSP-TRN-002606\E127\DJI_20260510104113_0021_V.JPG,1.15,2026-06-08 10:31:50
DJI_20260510104135_0022_V.JPG,DJI_20260510104135_0022_V,.jpg,\\amssclgis10.ams.gmams.cl\CL_MLP_PAO\Vuelos_Drone_Sin_Procesar\INPUT\20260519_Geosupport\SOLO_JPG_19May26\GEOSP-TRN-002606\E127\DJI_20260510104135_0022_V.JPG,SOLO_JPG_19May26\GEOSP-TRN-002606\E127\DJI_20260510104135_0022_V.JPG,1.14,2026-06-08 10:31:50
DJI_20260510104212_0023_V.JPG,DJI_20260510104212_0023_V,.jpg,\\amssclgis10.ams.gmams.cl\CL_MLP_PAO\Vuelos_Drone_Sin_Procesar\INPUT\20260519_Geosupport\SOLO_JPG_19May26\GEOSP-TRN-002606\E127\DJI_20260510104212_0023_V.JPG,SOLO_JPG_19May26\GEOSP-TRN-002606\E127\DJI_20260510104212_0023_V.JPG,1.135,2026-06-08 10:31:51
DJI_20260510104222_0024_V.JPG,DJI_20260510104222_0024_V,.jpg,\\amssclgis10.ams.gmams.cl\CL_MLP_PAO\Vuelos_Drone_Sin_Procesar\INPUT\20260519_Geosupport\SOLO_JPG_19May26\GEOSP-TRN-002606\E127\DJI_20260510104222_0024_V.JPG,SOLO_JPG_19May26\GEOSP-TRN-002606\E127\DJI_20260510104222_0024_V.JPG,1.146,2026-06-08 10:31:51
DJI_20260510104242_0025_V.JPG,DJI_20260510104242_0025_V,.jpg,\\amssclgis10.ams.gmams.cl\CL_MLP_PAO\Vuelos_Drone_Sin_Procesar\INPUT\20260519_Geosupport\SOLO_JPG_19May26\GEOSP-TRN-002606\E127\DJI_20260510104242_0025_V.JPG,SOLO_JPG_19May26\GEOSP-TRN-002606\E127\DJI_20260510104242_0025_V.JPG,1.205,2026-06-08 10:31:51
DJI_20260510104350_0026_V.JPG,DJI_20260510104350_0026_V,.jpg,\\amssclgis10.ams.gmams.cl\CL_MLP_PAO\Vuelos_Drone_Sin_Procesar\INPUT\20260519_Geosupport\SOLO_JPG_19May26\GEOSP-TRN-002606\E133\DJI_20260510104350_0026_V.JPG,SOLO_JPG_19May26\GEOSP-TRN-002606\E133\DJI_20260510104350_0026_V.JPG,1.172,2026-06-08 10:31:52
DJI_20260510104414_0027_V.JPG,DJI_20260510104414_0027_V,.jpg,\\amssclgis10.ams.gmams.cl\CL_MLP_PAO\Vuelos_Drone_Sin_Procesar\INPUT\20260519_Geosupport\SOLO_JPG_19May26\GEOSP-TRN-002606\E133\DJI_20260510104414_0027_V.JPG,SOLO_JPG_19May26\GEOSP-TRN-002606\E133\DJI_20260510104414_0027_V.JPG,1.235,2026-06-08 10:31:52
DJI_20260510104423_0028_V.JPG,DJI_20260510104423_0028_V,.jpg,\\amssclgis10.ams.gmams.cl\CL_MLP_PAO\Vuelos_Drone_Sin_Procesar\INPUT\20260519_Geosupport\SOLO_JPG_19May26\GEOSP-TRN-002606\E133\DJI_20260510104423_0028_V.JPG,SOLO_JPG_19May26\GEOSP-TRN-002606\E133\DJI_20260510104423_0028_V.JPG,1.084,2026-06-08 10:31:52
DJI_20260510104433_0029_V.JPG,DJI_20260510104433_0029_V,.jpg,\\amssclgis10.ams.gmams.cl\CL_MLP_PAO\Vuelos_Drone_Sin_Procesar\INPUT\20260519_Geosupport\SOLO_JPG_19May26\GEOSP-TRN-002606\E133\DJI_20260510104433_0029_V.JPG,SOLO_JPG_19May26\GEOSP-TRN-002606\E133\DJI_20260510104433_0029_V.JPG,1.051,2026-06-08 10:31:53
DJI_20260510104444_0030_V.JPG,DJI_20260510104444_0030_V,.jpg,\\amssclgis10.ams.gmams.cl\CL_MLP_PAO\Vuelos_Drone_Sin_Procesar\INPUT\20260519_Geosupport\SOLO_JPG_19May26\GEOSP-TRN-002606\E133\DJI_20260510104444_0030_V.JPG,SOLO_JPG_19May26\GEOSP-TRN-002606\E133\DJI_20260510104444_0030_V.JPG,1.193,2026-06-08 10:31:53
DJI_20260510104508_0031_V.JPG,DJI_20260510104508_0031_V,.jpg,\\amssclgis10.ams.gmams.cl\CL_MLP_PAO\Vuelos_Drone_Sin_Procesar\INPUT\20260519_Geosupport\SOLO_JPG_19May26\GEOSP-TRN-002606\E134\DJI_20260510104508_0031_V.JPG,SOLO_JPG_19May26\GEOSP-TRN-002606\E134\DJI_20260510104508_0031_V.JPG,1.205,2026-06-08 10:31:53
DJI_20260510104524_0032_V.JPG,DJI_20260510104524_0032_V,.jpg,\\amssclgis10.ams.gmams.cl\CL_MLP_PAO\Vuelos_Drone_Sin_Procesar\INPUT\20260519_Geosupport\SOLO_JPG_19May26\GEOSP-TRN-002606\E134\DJI_20260510104524_0032_V.JPG,SOLO_JPG_19May26\GEOSP-TRN-002606\E134\DJI_20260510104524_0032_V.JPG,1.213,2026-06-08 10:31:53
DJI_20260510104539_0033_V.JPG,DJI_20260510104539_0033_V,.jpg,\\amssclgis10.ams.gmams.cl\CL_MLP_PAO\Vuelos_Drone_Sin_Procesar\INPUT\20260519_Geosupport\SOLO_JPG_19May26\GEOSP-TRN-002606\E134\DJI_20260510104539_0033_V.JPG,SOLO_JPG_19May26\GEOSP-TRN-002606\E134\DJI_20260510104539_0033_V.JPG,1.152,2026-06-08 10:31:54
DJI_20260510104552_0034_V.JPG,DJI_20260510104552_0034_V,.jpg,\\amssclgis10.ams.gmams.cl\CL_MLP_PAO\Vuelos_Drone_Sin_Procesar\INPUT\20260519_Geosupport\SOLO_JPG_19May26\GEOSP-TRN-002606\E134\DJI_20260510104552_0034_V.JPG,SOLO_JPG_19May26\GEOSP-TRN-002606\E134\DJI_20260510104552_0034_V.JPG,1.148,2026-06-08 10:31:54
DJI_20260510104607_0035_V.JPG,DJI_20260510104607_0035_V,.jpg,\\amssclgis10.ams.gmams.cl\CL_MLP_PAO\Vuelos_Drone_Sin_Procesar\INPUT\20260519_Geosupport\SOLO_JPG_19May26\GEOSP-TRN-002606\E134\DJI_20260510104607_0035_V.JPG,SOLO_JPG_19May26\GEOSP-TRN-002606\E134\DJI_20260510104607_0035_V.JPG,1.118,2026-06-08 10:31:55
DJI_20260510104624_0036_V.JPG,DJI_20260510104624_0036_V,.jpg,\\amssclgis10.ams.gmams.cl\CL_MLP_PAO\Vuelos_Drone_Sin_Procesar\INPUT\20260519_Geosupport\SOLO_JPG_19May26\GEOSP-TRN-002606\E135\DJI_20260510104624_0036_V.JPG,SOLO_JPG_19May26\GEOSP-TRN-002606\E135\DJI_20260510104624_0036_V.JPG,1.243,2026-06-08 10:31:55
DJI_20260510104648_0037_V.JPG,DJI_20260510104648_0037_V,.jpg,\\amssclgis10.ams.gmams.cl\CL_MLP_PAO\Vuelos_Drone_Sin_Procesar\INPUT\20260519_Geosupport\SOLO_JPG_19May26\GEOSP-TRN-002606\E135\DJI_20260510104648_0037_V.JPG,SOLO_JPG_19May26\GEOSP-TRN-002606\E135\DJI_20260510104648_0037_V.JPG,1.281,2026-06-08 10:31:55
DJI_20260510104708_0038_V.JPG,DJI_20260510104708_0038_V,.jpg,\\amssclgis10.ams.gmams.cl\CL_MLP_PAO\Vuelos_Drone_Sin_Procesar\INPUT\20260519_Geosupport\SOLO_JPG_19May26\GEOSP-TRN-002606\E135\DJI_20260510104708_0038_V.JPG,SOLO_JPG_19May26\GEOSP-TRN-002606\E135\DJI_20260510104708_0038_V.JPG,1.224,2026-06-08 10:31:56
DJI_20260510104718_0039_V.JPG,DJI_20260510104718_0039_V,.jpg,\\amssclgis10.ams.gmams.cl\CL_MLP_PAO\Vuelos_Drone_Sin_Procesar\INPUT\20260519_Geosupport\SOLO_JPG_19May26\GEOSP-TRN-002606\E135\DJI_20260510104718_0039_V.JPG,SOLO_JPG_19May26\GEOSP-TRN-002606\E135\DJI_20260510104718_0039_V.JPG,1.224,2026-06-08 10:31:56
DJI_20260510104727_0040_V.JPG,DJI_20260510104727_0040_V,.jpg,\\amssclgis10.ams.gmams.cl\CL_MLP_PAO\Vuelos_Drone_Sin_Procesar\INPUT\20260519_Geosupport\SOLO_JPG_19May26\GEOSP-TRN-002606\E135\DJI_20260510104727_0040_V.JPG,SOLO_JPG_19May26\GEOSP-TRN-002606\E135\DJI_20260510104727_0040_V.JPG,1.218,2026-06-08 10:31:56
DJI_20260510104757_0041_V.JPG,DJI_20260510104757_0041_V,.jpg,\\amssclgis10.ams.gmams.cl\CL_MLP_PAO\Vuelos_Drone_Sin_Procesar\INPUT\20260519_Geosupport\SOLO_JPG_19May26\GEOSP-TRN-002606\E136\DJI_20260510104757_0041_V.JPG,SOLO_JPG_19May26\GEOSP-TRN-002606\E136\DJI_20260510104757_0041_V.JPG,1.147,2026-06-08 10:31:57
DJI_20260510104810_0042_V.JPG,DJI_20260510104810_0042_V,.jpg,\\amssclgis10.ams.gmams.cl\CL_MLP_PAO\Vuelos_Drone_Sin_Procesar\INPUT\20260519_Geosupport\SOLO_JPG_19May26\GEOSP-TRN-002606\E136\DJI_20260510104810_0042_V.JPG,SOLO_JPG_19May26\GEOSP-TRN-002606\E136\DJI_20260510104810_0042_V.JPG,1.171,2026-06-08 10:31:57
DJI_20260510104822_0043_V.JPG,DJI_20260510104822_0043_V,.jpg,\\amssclgis10.ams.gmams.cl\CL_MLP_PAO\Vuelos_Drone_Sin_Procesar\INPUT\20260519_Geosupport\SOLO_JPG_19May26\GEOSP-TRN-002606\E136\DJI_20260510104822_0043_V.JPG,SOLO_JPG_19May26\GEOSP-TRN-002606\E136\DJI_20260510104822_0043_V.JPG,1.177,2026-06-08 10:31:57
DJI_20260510104833_0044_V.JPG,DJI_20260510104833_0044_V,.jpg,\\amssclgis10.ams.gmams.cl\CL_MLP_PAO\Vuelos_Drone_Sin_Procesar\INPUT\20260519_Geosupport\SOLO_JPG_19May26\GEOSP-TRN-002606\E136\DJI_20260510104833_0044_V.JPG,SOLO_JPG_19May26\GEOSP-TRN-002606\E136\DJI_20260510104833_0044_V.JPG,1.185,2026-06-08 10:31:58
DJI_20260510104845_0045_V.JPG,DJI_20260510104845_0045_V,.jpg,\\amssclgis10.ams.gmams.cl\CL_MLP_PAO\Vuelos_Drone_Sin_Procesar\INPUT\20260519_Geosupport\SOLO_JPG_19May26\GEOSP-TRN-002606\E136\DJI_20260510104845_0045_V.JPG,SOLO_JPG_19May26\GEOSP-TRN-002606\E136\DJI_20260510104845_0045_V.JPG,1.166,2026-06-08 10:31:58
DJI_20260510105234_0001_V.JPG,DJI_20260510105234_0001_V,.jpg,\\amssclgis10.ams.gmams.cl\CL_MLP_PAO\Vuelos_Drone_Sin_Procesar\INPUT\20260519_Geosupport\SOLO_JPG_19May26\GEOSP-TRN-002606\E137\DJI_20260510105234_0001_V.JPG,SOLO_JPG_19May26\GEOSP-TRN-002606\E137\DJI_20260510105234_0001_V.JPG,1.211,2026-06-08 10:31:58
DJI_20260510105254_0002_V.JPG,DJI_20260510105254_0002_V,.jpg,\\amssclgis10.ams.gmams.cl\CL_MLP_PAO\Vuelos_Drone_Sin_Procesar\INPUT\20260519_Geosupport\SOLO_JPG_19May26\GEOSP-TRN-002606\E137\DJI_20260510105254_0002_V.JPG,SOLO_JPG_19May26\GEOSP-TRN-002606\E137\DJI_20260510105254_0002_V.JPG,1.132,2026-06-08 10:31:59
DJI_20260510105306_0003_V.JPG,DJI_20260510105306_0003_V,.jpg,\\amssclgis10.ams.gmams.cl\CL_MLP_PAO\Vuelos_Drone_Sin_Procesar\INPUT\20260519_Geosupport\SOLO_JPG_19May26\GEOSP-TRN-002606\E137\DJI_20260510105306_0003_V.JPG,SOLO_JPG_19May26\GEOSP-TRN-002606\E137\DJI_20260510105306_0003_V.JPG,1.156,2026-06-08 10:31:59
DJI_20260510105318_0004_V.JPG,DJI_20260510105318_0004_V,.jpg,\\amssclgis10.ams.gmams.cl\CL_MLP_PAO\Vuelos_Drone_Sin_Procesar\INPUT\20260519_Geosupport\SOLO_JPG_19May26\GEOSP-TRN-002606\E137\DJI_20260510105318_0004_V.JPG,SOLO_JPG_19May26\GEOSP-TRN-002606\E137\DJI_20260510105318_0004_V.JPG,1.111,2026-06-08 10:31:59
DJI_20260510105331_0005_V.JPG,DJI_20260510105331_0005_V,.jpg,\\amssclgis10.ams.gmams.cl\CL_MLP_PAO\Vuelos_Drone_Sin_Procesar\INPUT\20260519_Geosupport\SOLO_JPG_19May26\GEOSP-TRN-002606\E137\DJI_20260510105331_0005_V.JPG,SOLO_JPG_19May26\GEOSP-TRN-002606\E137\DJI_20260510105331_0005_V.JPG,1.147,2026-06-08 10:32:00
DJI_20260510105341_0006_V.JPG,DJI_20260510105341_0006_V,.jpg,\\amssclgis10.ams.gmams.cl\CL_MLP_PAO\Vuelos_Drone_Sin_Procesar\INPUT\20260519_Geosupport\SOLO_JPG_19May26\GEOSP-TRN-002606\E138\DJI_20260510105341_0006_V.JPG,SOLO_JPG_19May26\GEOSP-TRN-002606\E138\DJI_20260510105341_0006_V.JPG,1.125,2026-06-08 10:32:00
DJI_20260510105359_0007_V.JPG,DJI_20260510105359_0007_V,.jpg,\\amssclgis10.ams.gmams.cl\CL_MLP_PAO\Vuelos_Drone_Sin_Procesar\INPUT\20260519_Geosupport\SOLO_JPG_19May26\GEOSP-TRN-002606\E138\DJI_20260510105359_0007_V.JPG,SOLO_JPG_19May26\GEOSP-TRN-002606\E138\DJI_20260510105359_0007_V.JPG,1.108,2026-06-08 10:32:00
DJI_20260510105409_0008_V.JPG,DJI_20260510105409_0008_V,.jpg,\\amssclgis10.ams.gmams.cl\CL_MLP_PAO\Vuelos_Drone_Sin_Procesar\INPUT\20260519_Geosupport\SOLO_JPG_19May26\GEOSP-TRN-002606\E138\DJI_20260510105409_0008_V.JPG,SOLO_JPG_19May26\GEOSP-TRN-002606\E138\DJI_20260510105409_0008_V.JPG,1.025,2026-06-08 10:32:01
DJI_20260510105419_0009_V.JPG,DJI_20260510105419_0009_V,.jpg,\\amssclgis10.ams.gmams.cl\CL_MLP_PAO\Vuelos_Drone_Sin_Procesar\INPUT\20260519_Geosupport\SOLO_JPG_19May26\GEOSP-TRN-002606\E138\DJI_20260510105419_0009_V.JPG,SOLO_JPG_19May26\GEOSP-TRN-002606\E138\DJI_20260510105419_0009_V.JPG,1.015,2026-06-08 10:32:01
DJI_20260510105427_0010_V.JPG,DJI_20260510105427_0010_V,.jpg,\\amssclgis10.ams.gmams.cl\CL_MLP_PAO\Vuelos_Drone_Sin_Procesar\INPUT\20260519_Geosupport\SOLO_JPG_19May26\GEOSP-TRN-002606\E138\DJI_20260510105427_0010_V.JPG,SOLO_JPG_19May26\GEOSP-TRN-002606\E138\DJI_20260510105427_0010_V.JPG,1.045,2026-06-08 10:32:01
DJI_20260510105437_0011_V.JPG,DJI_20260510105437_0011_V,.jpg,\\amssclgis10.ams.gmams.cl\CL_MLP_PAO\Vuelos_Drone_Sin_Procesar\INPUT\20260519_Geosupport\SOLO_JPG_19May26\GEOSP-TRN-002606\E139\DJI_20260510105437_0011_V.JPG,SOLO_JPG_19May26\GEOSP-TRN-002606\E139\DJI_20260510105437_0011_V.JPG,1.205,2026-06-08 10:32:02
DJI_20260510105454_0012_V.JPG,DJI_20260510105454_0012_V,.jpg,\\amssclgis10.ams.gmams.cl\CL_MLP_PAO\Vuelos_Drone_Sin_Procesar\INPUT\20260519_Geosupport\SOLO_JPG_19May26\GEOSP-TRN-002606\E139\DJI_20260510105454_0012_V.JPG,SOLO_JPG_19May26\GEOSP-TRN-002606\E139\DJI_20260510105454_0012_V.JPG,1.178,2026-06-08 10:32:02
DJI_20260510105504_0013_V.JPG,DJI_20260510105504_0013_V,.jpg,\\amssclgis10.ams.gmams.cl\CL_MLP_PAO\Vuelos_Drone_Sin_Procesar\INPUT\20260519_Geosupport\SOLO_JPG_19May26\GEOSP-TRN-002606\E139\DJI_20260510105504_0013_V.JPG,SOLO_JPG_19May26\GEOSP-TRN-002606\E139\DJI_20260510105504_0013_V.JPG,1.095,2026-06-08 10:32:02
DJI_20260510105510_0014_V.JPG,DJI_20260510105510_0014_V,.jpg,\\amssclgis10.ams.gmams.cl\CL_MLP_PAO\Vuelos_Drone_Sin_Procesar\INPUT\20260519_Geosupport\SOLO_JPG_19May26\GEOSP-TRN-002606\E139\DJI_20260510105510_0014_V.JPG,SOLO_JPG_19May26\GEOSP-TRN-002606\E139\DJI_20260510105510_0014_V.JPG,1.082,2026-06-08 10:32:03
DJI_20260510105525_0015_V.JPG,DJI_20260510105525_0015_V,.jpg,\\amssclgis10.ams.gmams.cl\CL_MLP_PAO\Vuelos_Drone_Sin_Procesar\INPUT\20260519_Geosupport\SOLO_JPG_19May26\GEOSP-TRN-002606\E139\DJI_20260510105525_0015_V.JPG,SOLO_JPG_19May26\GEOSP-TRN-002606\E139\DJI_20260510105525_0015_V.JPG,1.051,2026-06-08 10:32:03
DJI_20260510105532_0016_V.JPG,DJI_20260510105532_0016_V,.jpg,\\amssclgis10.ams.gmams.cl\CL_MLP_PAO\Vuelos_Drone_Sin_Procesar\INPUT\20260519_Geosupport\SOLO_JPG_19May26\GEOSP-TRN-002606\E140\DJI_20260510105532_0016_V.JPG,SOLO_JPG_19May26\GEOSP-TRN-002606\E140\DJI_20260510105532_0016_V.JPG,1.183,2026-06-08 10:32:03
DJI_20260510105548_0017_V.JPG,DJI_20260510105548_0017_V,.jpg,\\amssclgis10.ams.gmams.cl\CL_MLP_PAO\Vuelos_Drone_Sin_Procesar\INPUT\20260519_Geosupport\SOLO_JPG_19May26\GEOSP-TRN-002606\E140\DJI_20260510105548_0017_V.JPG,SOLO_JPG_19May26\GEOSP-TRN-002606\E140\DJI_20260510105548_0017_V.JPG,1.292,2026-06-08 10:32:04
DJI_20260510105559_0018_V.JPG,DJI_20260510105559_0018_V,.jpg,\\amssclgis10.ams.gmams.cl\CL_MLP_PAO\Vuelos_Drone_Sin_Procesar\INPUT\20260519_Geosupport\SOLO_JPG_19May26\GEOSP-TRN-002606\E140\DJI_20260510105559_0018_V.JPG,SOLO_JPG_19May26\GEOSP-TRN-002606\E140\DJI_20260510105559_0018_V.JPG,1.112,2026-06-08 10:32:04
DJI_20260510105612_0019_V.JPG,DJI_20260510105612_0019_V,.jpg,\\amssclgis10.ams.gmams.cl\CL_MLP_PAO\Vuelos_Drone_Sin_Procesar\INPUT\20260519_Geosupport\SOLO_JPG_19May26\GEOSP-TRN-002606\E140\DJI_20260510105612_0019_V.JPG,SOLO_JPG_19May26\GEOSP-TRN-002606\E140\DJI_20260510105612_0019_V.JPG,1.103,2026-06-08 10:32:04
DJI_20260510105622_0020_V.JPG,DJI_20260510105622_0020_V,.jpg,\\amssclgis10.ams.gmams.cl\CL_MLP_PAO\Vuelos_Drone_Sin_Procesar\INPUT\20260519_Geosupport\SOLO_JPG_19May26\GEOSP-TRN-002606\E140\DJI_20260510105622_0020_V.JPG,SOLO_JPG_19May26\GEOSP-TRN-002606\E140\DJI_20260510105622_0020_V.JPG,1.167,2026-06-08 10:32:05
DJI_20260510105633_0021_V.JPG,DJI_20260510105633_0021_V,.jpg,\\amssclgis10.ams.gmams.cl\CL_MLP_PAO\Vuelos_Drone_Sin_Procesar\INPUT\20260519_Geosupport\SOLO_JPG_19May26\GEOSP-TRN-002606\E141\DJI_20260510105633_0021_V.JPG,SOLO_JPG_19May26\GEOSP-TRN-002606\E141\DJI_20260510105633_0021_V.JPG,1.157,2026-06-08 10:32:05
DJI_20260510105657_0022_V.JPG,DJI_20260510105657_0022_V,.jpg,\\amssclgis10.ams.gmams.cl\CL_MLP_PAO\Vuelos_Drone_Sin_Procesar\INPUT\20260519_Geosupport\SOLO_JPG_19May26\GEOSP-TRN-002606\E141\DJI_20260510105657_0022_V.JPG,SOLO_JPG_19May26\GEOSP-TRN-002606\E141\DJI_20260510105657_0022_V.JPG,1.225,2026-06-08 10:32:05
DJI_20260510105708_0023_V.JPG,DJI_20260510105708_0023_V,.jpg,\\amssclgis10.ams.gmams.cl\CL_MLP_PAO\Vuelos_Drone_Sin_Procesar\INPUT\20260519_Geosupport\SOLO_JPG_19May26\GEOSP-TRN-002606\E141\DJI_20260510105708_0023_V.JPG,SOLO_JPG_19May26\GEOSP-TRN-002606\E141\DJI_20260510105708_0023_V.JPG,1.074,2026-06-08 10:32:06
DJI_20260510105716_0024_V.JPG,DJI_20260510105716_0024_V,.jpg,\\amssclgis10.ams.gmams.cl\CL_MLP_PAO\Vuelos_Drone_Sin_Procesar\INPUT\20260519_Geosupport\SOLO_JPG_19May26\GEOSP-TRN-002606\E141\DJI_20260510105716_0024_V.JPG,SOLO_JPG_19May26\GEOSP-TRN-002606\E141\DJI_20260510105716_0024_V.JPG,1.14,2026-06-08 10:32:06
DJI_20260510105727_0025_V.JPG,DJI_20260510105727_0025_V,.jpg,\\amssclgis10.ams.gmams.cl\CL_MLP_PAO\Vuelos_Drone_Sin_Procesar\INPUT\20260519_Geosupport\SOLO_JPG_19May26\GEOSP-TRN-002606\E141\DJI_20260510105727_0025_V.JPG,SOLO_JPG_19May26\GEOSP-TRN-002606\E141\DJI_20260510105727_0025_V.JPG,1.187,2026-06-08 10:32:06
DJI_20260510105736_0026_V.JPG,DJI_20260510105736_0026_V,.jpg,\\amssclgis10.ams.gmams.cl\CL_MLP_PAO\Vuelos_Drone_Sin_Procesar\INPUT\20260519_Geosupport\SOLO_JPG_19May26\GEOSP-TRN-002606\E142\DJI_20260510105736_0026_V.JPG,SOLO_JPG_19May26\GEOSP-TRN-002606\E142\DJI_20260510105736_0026_V.JPG,1.195,2026-06-08 10:32:07
DJI_20260510105756_0027_V.JPG,DJI_20260510105756_0027_V,.jpg,\\amssclgis10.ams.gmams.cl\CL_MLP_PAO\Vuelos_Drone_Sin_Procesar\INPUT\20260519_Geosupport\SOLO_JPG_19May26\GEOSP-TRN-002606\E142\DJI_20260510105756_0027_V.JPG,SOLO_JPG_19May26\GEOSP-TRN-002606\E142\DJI_20260510105756_0027_V.JPG,1.27,2026-06-08 10:32:07
DJI_20260510105809_0028_V.JPG,DJI_20260510105809_0028_V,.jpg,\\amssclgis10.ams.gmams.cl\CL_MLP_PAO\Vuelos_Drone_Sin_Procesar\INPUT\20260519_Geosupport\SOLO_JPG_19May26\GEOSP-TRN-002606\E142\DJI_20260510105809_0028_V.JPG,SOLO_JPG_19May26\GEOSP-TRN-002606\E142\DJI_20260510105809_0028_V.JPG,1.181,2026-06-08 10:32:07
DJI_20260510105825_0029_V.JPG,DJI_20260510105825_0029_V,.jpg,\\amssclgis10.ams.gmams.cl\CL_MLP_PAO\Vuelos_Drone_Sin_Procesar\INPUT\20260519_Geosupport\SOLO_JPG_19May26\GEOSP-TRN-002606\E142\DJI_20260510105825_0029_V.JPG,SOLO_JPG_19May26\GEOSP-TRN-002606\E142\DJI_20260510105825_0029_V.JPG,1.201,2026-06-08 10:32:08
DJI_20260510105835_0030_V.JPG,DJI_20260510105835_0030_V,.jpg,\\amssclgis10.ams.gmams.cl\CL_MLP_PAO\Vuelos_Drone_Sin_Procesar\INPUT\20260519_Geosupport\SOLO_JPG_19May26\GEOSP-TRN-002606\E142\DJI_20260510105835_0030_V.JPG,SOLO_JPG_19May26\GEOSP-TRN-002606\E142\DJI_20260510105835_0030_V.JPG,1.213,2026-06-08 10:32:08
DJI_20260510105846_0031_V.JPG,DJI_20260510105846_0031_V,.jpg,\\amssclgis10.ams.gmams.cl\CL_MLP_PAO\Vuelos_Drone_Sin_Procesar\INPUT\20260519_Geosupport\SOLO_JPG_19May26\GEOSP-TRN-002606\E143\DJI_20260510105846_0031_V.JPG,SOLO_JPG_19May26\GEOSP-TRN-002606\E143\DJI_20260510105846_0031_V.JPG,1.226,2026-06-08 10:32:08
DJI_20260510105901_0032_V.JPG,DJI_20260510105901_0032_V,.jpg,\\amssclgis10.ams.gmams.cl\CL_MLP_PAO\Vuelos_Drone_Sin_Procesar\INPUT\20260519_Geosupport\SOLO_JPG_19May26\GEOSP-TRN-002606\E143\DJI_20260510105901_0032_V.JPG,SOLO_JPG_19May26\GEOSP-TRN-002606\E143\DJI_20260510105901_0032_V.JPG,1.25,2026-06-08 10:32:09
DJI_20260510105911_0033_V.JPG,DJI_20260510105911_0033_V,.jpg,\\amssclgis10.ams.gmams.cl\CL_MLP_PAO\Vuelos_Drone_Sin_Procesar\INPUT\20260519_Geosupport\SOLO_JPG_19May26\GEOSP-TRN-002606\E143\DJI_20260510105911_0033_V.JPG,SOLO_JPG_19May26\GEOSP-TRN-002606\E143\DJI_20260510105911_0033_V.JPG,1.182,2026-06-08 10:32:09
DJI_20260510105919_0034_V.JPG,DJI_20260510105919_0034_V,.jpg,\\amssclgis10.ams.gmams.cl\CL_MLP_PAO\Vuelos_Drone_Sin_Procesar\INPUT\20260519_Geosupport\SOLO_JPG_19May26\GEOSP-TRN-002606\E143\DJI_20260510105919_0034_V.JPG,SOLO_JPG_19May26\GEOSP-TRN-002606\E143\DJI_20260510105919_0034_V.JPG,1.198,2026-06-08 10:32:09
DJI_20260510105928_0035_V.JPG,DJI_20260510105928_0035_V,.jpg,\\amssclgis10.ams.gmams.cl\CL_MLP_PAO\Vuelos_Drone_Sin_Procesar\INPUT\20260519_Geosupport\SOLO_JPG_19May26\GEOSP-TRN-002606\E143\DJI_20260510105928_0035_V.JPG,SOLO_JPG_19May26\GEOSP-TRN-002606\E143\DJI_20260510105928_0035_V.JPG,1.206,2026-06-08 10:32:10
DJI_20260510105938_0036_V.JPG,DJI_20260510105938_0036_V,.jpg,\\amssclgis10.ams.gmams.cl\CL_MLP_PAO\Vuelos_Drone_Sin_Procesar\INPUT\20260519_Geosupport\SOLO_JPG_19May26\GEOSP-TRN-002606\E144\DJI_20260510105938_0036_V.JPG,SOLO_JPG_19May26\GEOSP-TRN-002606\E144\DJI_20260510105938_0036_V.JPG,1.225,2026-06-08 10:32:10
DJI_20260510110000_0037_V.JPG,DJI_20260510110000_0037_V,.jpg,\\amssclgis10.ams.gmams.cl\CL_MLP_PAO\Vuelos_Drone_Sin_Procesar\INPUT\20260519_Geosupport\SOLO_JPG_19May26\GEOSP-TRN-002606\E144\DJI_20260510110000_0037_V.JPG,SOLO_JPG_19May26\GEOSP-TRN-002606\E144\DJI_20260510110000_0037_V.JPG,1.175,2026-06-08 10:32:10
DJI_20260510110013_0038_V.JPG,DJI_20260510110013_0038_V,.jpg,\\amssclgis10.ams.gmams.cl\CL_MLP_PAO\Vuelos_Drone_Sin_Procesar\INPUT\20260519_Geosupport\SOLO_JPG_19May26\GEOSP-TRN-002606\E144\DJI_20260510110013_0038_V.JPG,SOLO_JPG_19May26\GEOSP-TRN-002606\E144\DJI_20260510110013_0038_V.JPG,1.196,2026-06-08 10:32:11
DJI_20260510110023_0039_V.JPG,DJI_20260510110023_0039_V,.jpg,\\amssclgis10.ams.gmams.cl\CL_MLP_PAO\Vuelos_Drone_Sin_Procesar\INPUT\20260519_Geosupport\SOLO_JPG_19May26\GEOSP-TRN-002606\E144\DJI_20260510110023_0039_V.JPG,SOLO_JPG_19May26\GEOSP-TRN-002606\E144\DJI_20260510110023_0039_V.JPG,1.158,2026-06-08 10:32:11
DJI_20260510110038_0040_V.JPG,DJI_20260510110038_0040_V,.jpg,\\amssclgis10.ams.gmams.cl\CL_MLP_PAO\Vuelos_Drone_Sin_Procesar\INPUT\20260519_Geosupport\SOLO_JPG_19May26\GEOSP-TRN-002606\E144\DJI_20260510110038_0040_V.JPG,SOLO_JPG_19May26\GEOSP-TRN-002606\E144\DJI_20260510110038_0040_V.JPG,1.203,2026-06-08 10:32:11
DJI_20260510110049_0041_V.JPG,DJI_20260510110049_0041_V,.jpg,\\amssclgis10.ams.gmams.cl\CL_MLP_PAO\Vuelos_Drone_Sin_Procesar\INPUT\20260519_Geosupport\SOLO_JPG_19May26\GEOSP-TRN-002606\E145\DJI_20260510110049_0041_V.JPG,SOLO_JPG_19May26\GEOSP-TRN-002606\E145\DJI_20260510110049_0041_V.JPG,1.186,2026-06-08 10:32:11
DJI_20260510110110_0042_V.JPG,DJI_20260510110110_0042_V,.jpg,\\amssclgis10.ams.gmams.cl\CL_MLP_PAO\Vuelos_Drone_Sin_Procesar\INPUT\20260519_Geosupport\SOLO_JPG_19May26\GEOSP-TRN-002606\E145\DJI_20260510110110_0042_V.JPG,SOLO_JPG_19May26\GEOSP-TRN-002606\E145\DJI_20260510110110_0042_V.JPG,1.076,2026-06-08 10:32:12
DJI_20260510110121_0043_V.JPG,DJI_20260510110121_0043_V,.jpg,\\amssclgis10.ams.gmams.cl\CL_MLP_PAO\Vuelos_Drone_Sin_Procesar\INPUT\20260519_Geosupport\SOLO_JPG_19May26\GEOSP-TRN-002606\E145\DJI_20260510110121_0043_V.JPG,SOLO_JPG_19May26\GEOSP-TRN-002606\E145\DJI_20260510110121_0043_V.JPG,1.141,2026-06-08 10:32:12
DJI_20260510110132_0044_V.JPG,DJI_20260510110132_0044_V,.jpg,\\amssclgis10.ams.gmams.cl\CL_MLP_PAO\Vuelos_Drone_Sin_Procesar\INPUT\20260519_Geosupport\SOLO_JPG_19May26\GEOSP-TRN-002606\E145\DJI_20260510110132_0044_V.JPG,SOLO_JPG_19May26\GEOSP-TRN-002606\E145\DJI_20260510110132_0044_V.JPG,1.124,2026-06-08 10:32:12
DJI_20260510110145_0045_V.JPG,DJI_20260510110145_0045_V,.jpg,\\amssclgis10.ams.gmams.cl\CL_MLP_PAO\Vuelos_Drone_Sin_Procesar\INPUT\20260519_Geosupport\SOLO_JPG_19May26\GEOSP-TRN-002606\E145\DJI_20260510110145_0045_V.JPG,SOLO_JPG_19May26\GEOSP-TRN-002606\E145\DJI_20260510110145_0045_V.JPG,1.166,2026-06-08 10:32:13
DJI_20260510110155_0046_V.JPG,DJI_20260510110155_0046_V,.jpg,\\amssclgis10.ams.gmams.cl\CL_MLP_PAO\Vuelos_Drone_Sin_Procesar\INPUT\20260519_Geosupport\SOLO_JPG_19May26\GEOSP-TRN-002606\E146\DJI_20260510110155_0046_V.JPG,SOLO_JPG_19May26\GEOSP-TRN-002606\E146\DJI_20260510110155_0046_V.JPG,1.247,2026-06-08 10:32:13
DJI_20260510110223_0047_V.JPG,DJI_20260510110223_0047_V,.jpg,\\amssclgis10.ams.gmams.cl\CL_MLP_PAO\Vuelos_Drone_Sin_Procesar\INPUT\20260519_Geosupport\SOLO_JPG_19May26\GEOSP-TRN-002606\E146\DJI_20260510110223_0047_V.JPG,SOLO_JPG_19May26\GEOSP-TRN-002606\E146\DJI_20260510110223_0047_V.JPG,1.23,2026-06-08 10:32:13
DJI_20260510110233_0048_V.JPG,DJI_20260510110233_0048_V,.jpg,\\amssclgis10.ams.gmams.cl\CL_MLP_PAO\Vuelos_Drone_Sin_Procesar\INPUT\20260519_Geosupport\SOLO_JPG_19May26\GEOSP-TRN-002606\E146\DJI_20260510110233_0048_V.JPG,SOLO_JPG_19May26\GEOSP-TRN-002606\E146\DJI_20260510110233_0048_V.JPG,1.212,2026-06-08 10:32:14
DJI_20260510110240_0049_V.JPG,DJI_20260510110240_0049_V,.jpg,\\amssclgis10.ams.gmams.cl\CL_MLP_PAO\Vuelos_Drone_Sin_Procesar\INPUT\20260519_Geosupport\SOLO_JPG_19May26\GEOSP-TRN-002606\E146\DJI_20260510110240_0049_V.JPG,SOLO_JPG_19May26\GEOSP-TRN-002606\E146\DJI_20260510110240_0049_V.JPG,1.185,2026-06-08 10:32:14
DJI_20260510110252_0050_V.JPG,DJI_20260510110252_0050_V,.jpg,\\amssclgis10.ams.gmams.cl\CL_MLP_PAO\Vuelos_Drone_Sin_Procesar\INPUT\20260519_Geosupport\SOLO_JPG_19May26\GEOSP-TRN-002606\E146\DJI_20260510110252_0050_V.JPG,SOLO_JPG_19May26\GEOSP-TRN-002606\E146\DJI_20260510110252_0050_V.JPG,1.227,2026-06-08 10:32:14
DJI_20260510110310_0051_V.JPG,DJI_20260510110310_0051_V,.jpg,\\amssclgis10.ams.gmams.cl\CL_MLP_PAO\Vuelos_Drone_Sin_Procesar\INPUT\20260519_Geosupport\SOLO_JPG_19May26\GEOSP-TRN-002606\E147\DJI_20260510110310_0051_V.JPG,SOLO_JPG_19May26\GEOSP-TRN-002606\E147\DJI_20260510110310_0051_V.JPG,1.25,2026-06-08 10:32:15
DJI_20260510110331_0052_V.JPG,DJI_20260510110331_0052_V,.jpg,\\amssclgis10.ams.gmams.cl\CL_MLP_PAO\Vuelos_Drone_Sin_Procesar\INPUT\20260519_Geosupport\SOLO_JPG_19May26\GEOSP-TRN-002606\E147\DJI_20260510110331_0052_V.JPG,SOLO_JPG_19May26\GEOSP-TRN-002606\E147\DJI_20260510110331_0052_V.JPG,1.334,2026-06-08 10:32:15
DJI_20260510110344_0053_V.JPG,DJI_20260510110344_0053_V,.jpg,\\amssclgis10.ams.gmams.cl\CL_MLP_PAO\Vuelos_Drone_Sin_Procesar\INPUT\20260519_Geosupport\SOLO_JPG_19May26\GEOSP-TRN-002606\E147\DJI_20260510110344_0053_V.JPG,SOLO_JPG_19May26\GEOSP-TRN-002606\E147\DJI_20260510110344_0053_V.JPG,1.18,2026-06-08 10:32:15
DJI_20260510110354_0054_V.JPG,DJI_20260510110354_0054_V,.jpg,\\amssclgis10.ams.gmams.cl\CL_MLP_PAO\Vuelos_Drone_Sin_Procesar\INPUT\20260519_Geosupport\SOLO_JPG_19May26\GEOSP-TRN-002606\E147\DJI_20260510110354_0054_V.JPG,SOLO_JPG_19May26\GEOSP-TRN-002606\E147\DJI_20260510110354_0054_V.JPG,1.15,2026-06-08 10:32:16
DJI_20260510110411_0055_V.JPG,DJI_20260510110411_0055_V,.jpg,\\amssclgis10.ams.gmams.cl\CL_MLP_PAO\Vuelos_Drone_Sin_Procesar\INPUT\20260519_Geosupport\SOLO_JPG_19May26\GEOSP-TRN-002606\E147\DJI_20260510110411_0055_V.JPG,SOLO_JPG_19May26\GEOSP-TRN-002606\E147\DJI_20260510110411_0055_V.JPG,1.252,2026-06-08 10:32:16
DJI_20260510110427_0056_V.JPG,DJI_20260510110427_0056_V,.jpg,\\amssclgis10.ams.gmams.cl\CL_MLP_PAO\Vuelos_Drone_Sin_Procesar\INPUT\20260519_Geosupport\SOLO_JPG_19May26\GEOSP-TRN-002606\E148\DJI_20260510110427_0056_V.JPG,SOLO_JPG_19May26\GEOSP-TRN-002606\E148\DJI_20260510110427_0056_V.JPG,1.212,2026-06-08 10:32:16
DJI_20260510110446_0057_V.JPG,DJI_20260510110446_0057_V,.jpg,\\amssclgis10.ams.gmams.cl\CL_MLP_PAO\Vuelos_Drone_Sin_Procesar\INPUT\20260519_Geosupport\SOLO_JPG_19May26\GEOSP-TRN-002606\E148\DJI_20260510110446_0057_V.JPG,SOLO_JPG_19May26\GEOSP-TRN-002606\E148\DJI_20260510110446_0057_V.JPG,1.276,2026-06-08 10:32:17
DJI_20260510110457_0058_V.JPG,DJI_20260510110457_0058_V,.jpg,\\amssclgis10.ams.gmams.cl\CL_MLP_PAO\Vuelos_Drone_Sin_Procesar\INPUT\20260519_Geosupport\SOLO_JPG_19May26\GEOSP-TRN-002606\E148\DJI_20260510110457_0058_V.JPG,SOLO_JPG_19May26\GEOSP-TRN-002606\E148\DJI_20260510110457_0058_V.JPG,1.138,2026-06-08 10:32:17
DJI_20260510110505_0059_V.JPG,DJI_20260510110505_0059_V,.jpg,\\amssclgis10.ams.gmams.cl\CL_MLP_PAO\Vuelos_Drone_Sin_Procesar\INPUT\20260519_Geosupport\SOLO_JPG_19May26\GEOSP-TRN-002606\E148\DJI_20260510110505_0059_V.JPG,SOLO_JPG_19May26\GEOSP-TRN-002606\E148\DJI_20260510110505_0059_V.JPG,1.114,2026-06-08 10:32:17
DJI_20260510110520_0060_V.JPG,DJI_20260510110520_0060_V,.jpg,\\amssclgis10.ams.gmams.cl\CL_MLP_PAO\Vuelos_Drone_Sin_Procesar\INPUT\20260519_Geosupport\SOLO_JPG_19May26\GEOSP-TRN-002606\E148\DJI_20260510110520_0060_V.JPG,SOLO_JPG_19May26\GEOSP-TRN-002606\E148\DJI_20260510110520_0060_V.JPG,1.155,2026-06-08 10:32:18
DJI_20260510110532_0061_V.JPG,DJI_20260510110532_0061_V,.jpg,\\amssclgis10.ams.gmams.cl\CL_MLP_PAO\Vuelos_Drone_Sin_Procesar\INPUT\20260519_Geosupport\SOLO_JPG_19May26\GEOSP-TRN-002606\E149\DJI_20260510110532_0061_V.JPG,SOLO_JPG_19May26\GEOSP-TRN-002606\E149\DJI_20260510110532_0061_V.JPG,1.23,2026-06-08 10:32:18
DJI_20260510110556_0062_V.JPG,DJI_20260510110556_0062_V,.jpg,\\amssclgis10.ams.gmams.cl\CL_MLP_PAO\Vuelos_Drone_Sin_Procesar\INPUT\20260519_Geosupport\SOLO_JPG_19May26\GEOSP-TRN-002606\E149\DJI_20260510110556_0062_V.JPG,SOLO_JPG_19May26\GEOSP-TRN-002606\E149\DJI_20260510110556_0062_V.JPG,1.204,2026-06-08 10:32:19
DJI_20260510110611_0063_V.JPG,DJI_20260510110611_0063_V,.jpg,\\amssclgis10.ams.gmams.cl\CL_MLP_PAO\Vuelos_Drone_Sin_Procesar\INPUT\20260519_Geosupport\SOLO_JPG_19May26\GEOSP-TRN-002606\E149\DJI_20260510110611_0063_V.JPG,SOLO_JPG_19May26\GEOSP-TRN-002606\E149\DJI_20260510110611_0063_V.JPG,1.203,2026-06-08 10:32:19
DJI_20260510110623_0064_V.JPG,DJI_20260510110623_0064_V,.jpg,\\amssclgis10.ams.gmams.cl\CL_MLP_PAO\Vuelos_Drone_Sin_Procesar\INPUT\20260519_Geosupport\SOLO_JPG_19May26\GEOSP-TRN-002606\E149\DJI_20260510110623_0064_V.JPG,SOLO_JPG_19May26\GEOSP-TRN-002606\E149\DJI_20260510110623_0064_V.JPG,1.105,2026-06-08 10:32:19
DJI_20260510110634_0065_V.JPG,DJI_20260510110634_0065_V,.jpg,\\amssclgis10.ams.gmams.cl\CL_MLP_PAO\Vuelos_Drone_Sin_Procesar\INPUT\20260519_Geosupport\SOLO_JPG_19May26\GEOSP-TRN-002606\E149\DJI_20260510110634_0065_V.JPG,SOLO_JPG_19May26\GEOSP-TRN-002606\E149\DJI_20260510110634_0065_V.JPG,1.221,2026-06-08 10:32:20
DJI_20260510110719_0066_V.JPG,DJI_20260510110719_0066_V,.jpg,\\amssclgis10.ams.gmams.cl\CL_MLP_PAO\Vuelos_Drone_Sin_Procesar\INPUT\20260519_Geosupport\SOLO_JPG_19May26\GEOSP-TRN-002606\E150\DJI_20260510110719_0066_V.JPG,SOLO_JPG_19May26\GEOSP-TRN-002606\E150\DJI_20260510110719_0066_V.JPG,1.136,2026-06-08 10:32:20
DJI_20260510110744_0067_V.JPG,DJI_20260510110744_0067_V,.jpg,\\amssclgis10.ams.gmams.cl\CL_MLP_PAO\Vuelos_Drone_Sin_Procesar\INPUT\20260519_Geosupport\SOLO_JPG_19May26\GEOSP-TRN-002606\E150\DJI_20260510110744_0067_V.JPG,SOLO_JPG_19May26\GEOSP-TRN-002606\E150\DJI_20260510110744_0067_V.JPG,1.313,2026-06-08 10:32:20
DJI_20260510110752_0068_V.JPG,DJI_20260510110752_0068_V,.jpg,\\amssclgis10.ams.gmams.cl\CL_MLP_PAO\Vuelos_Drone_Sin_Procesar\INPUT\20260519_Geosupport\SOLO_JPG_19May26\GEOSP-TRN-002606\E150\DJI_20260510110752_0068_V.JPG,SOLO_JPG_19May26\GEOSP-TRN-002606\E150\DJI_20260510110752_0068_V.JPG,1.056,2026-06-08 10:32:21
DJI_20260510110807_0069_V.JPG,DJI_20260510110807_0069_V,.jpg,\\amssclgis10.ams.gmams.cl\CL_MLP_PAO\Vuelos_Drone_Sin_Procesar\INPUT\20260519_Geosupport\SOLO_JPG_19May26\GEOSP-TRN-002606\E150\DJI_20260510110807_0069_V.JPG,SOLO_JPG_19May26\GEOSP-TRN-002606\E150\DJI_20260510110807_0069_V.JPG,1.001,2026-06-08 10:32:21
DJI_20260510110824_0070_V.JPG,DJI_20260510110824_0070_V,.jpg,\\amssclgis10.ams.gmams.cl\CL_MLP_PAO\Vuelos_Drone_Sin_Procesar\INPUT\20260519_Geosupport\SOLO_JPG_19May26\GEOSP-TRN-002606\E150\DJI_20260510110824_0070_V.JPG,SOLO_JPG_19May26\GEOSP-TRN-002606\E150\DJI_20260510110824_0070_V.JPG,1.094,2026-06-08 10:32:21
DJI_20260510110848_0071_V.JPG,DJI_20260510110848_0071_V,.jpg,\\amssclgis10.ams.gmams.cl\CL_MLP_PAO\Vuelos_Drone_Sin_Procesar\INPUT\20260519_Geosupport\SOLO_JPG_19May26\GEOSP-TRN-002606\E151\DJI_20260510110848_0071_V.JPG,SOLO_JPG_19May26\GEOSP-TRN-002606\E151\DJI_20260510110848_0071_V.JPG,1.222,2026-06-08 10:32:22
DJI_20260510110905_0072_V.JPG,DJI_20260510110905_0072_V,.jpg,\\amssclgis10.ams.gmams.cl\CL_MLP_PAO\Vuelos_Drone_Sin_Procesar\INPUT\20260519_Geosupport\SOLO_JPG_19May26\GEOSP-TRN-002606\E151\DJI_20260510110905_0072_V.JPG,SOLO_JPG_19May26\GEOSP-TRN-002606\E151\DJI_20260510110905_0072_V.JPG,1.248,2026-06-08 10:32:22
DJI_20260510110914_0073_V.JPG,DJI_20260510110914_0073_V,.jpg,\\amssclgis10.ams.gmams.cl\CL_MLP_PAO\Vuelos_Drone_Sin_Procesar\INPUT\20260519_Geosupport\SOLO_JPG_19May26\GEOSP-TRN-002606\E151\DJI_20260510110914_0073_V.JPG,SOLO_JPG_19May26\GEOSP-TRN-002606\E151\DJI_20260510110914_0073_V.JPG,1.137,2026-06-08 10:32:22
DJI_20260510110924_0074_V.JPG,DJI_20260510110924_0074_V,.jpg,\\amssclgis10.ams.gmams.cl\CL_MLP_PAO\Vuelos_Drone_Sin_Procesar\INPUT\20260519_Geosupport\SOLO_JPG_19May26\GEOSP-TRN-002606\E151\DJI_20260510110924_0074_V.JPG,SOLO_JPG_19May26\GEOSP-TRN-002606\E151\DJI_20260510110924_0074_V.JPG,1.035,2026-06-08 10:32:23
DJI_20260510110935_0075_V.JPG,DJI_20260510110935_0075_V,.jpg,\\amssclgis10.ams.gmams.cl\CL_MLP_PAO\Vuelos_Drone_Sin_Procesar\INPUT\20260519_Geosupport\SOLO_JPG_19May26\GEOSP-TRN-002606\E151\DJI_20260510110935_0075_V.JPG,SOLO_JPG_19May26\GEOSP-TRN-002606\E151\DJI_20260510110935_0075_V.JPG,1.104,2026-06-08 10:32:23
DJI_20260510110947_0076_V.JPG,DJI_20260510110947_0076_V,.jpg,\\amssclgis10.ams.gmams.cl\CL_MLP_PAO\Vuelos_Drone_Sin_Procesar\INPUT\20260519_Geosupport\SOLO_JPG_19May26\GEOSP-TRN-002606\E152\DJI_20260510110947_0076_V.JPG,SOLO_JPG_19May26\GEOSP-TRN-002606\E152\DJI_20260510110947_0076_V.JPG,1.229,2026-06-08 10:32:23
DJI_20260510111007_0077_V.JPG,DJI_20260510111007_0077_V,.jpg,\\amssclgis10.ams.gmams.cl\CL_MLP_PAO\Vuelos_Drone_Sin_Procesar\INPUT\20260519_Geosupport\SOLO_JPG_19May26\GEOSP-TRN-002606\E152\DJI_20260510111007_0077_V.JPG,SOLO_JPG_19May26\GEOSP-TRN-002606\E152\DJI_20260510111007_0077_V.JPG,1.275,2026-06-08 10:32:24
DJI_20260510111018_0078_V.JPG,DJI_20260510111018_0078_V,.jpg,\\amssclgis10.ams.gmams.cl\CL_MLP_PAO\Vuelos_Drone_Sin_Procesar\INPUT\20260519_Geosupport\SOLO_JPG_19May26\GEOSP-TRN-002606\E152\DJI_20260510111018_0078_V.JPG,SOLO_JPG_19May26\GEOSP-TRN-002606\E152\DJI_20260510111018_0078_V.JPG,1.138,2026-06-08 10:32:24
DJI_20260510111029_0079_V.JPG,DJI_20260510111029_0079_V,.jpg,\\amssclgis10.ams.gmams.cl\CL_MLP_PAO\Vuelos_Drone_Sin_Procesar\INPUT\20260519_Geosupport\SOLO_JPG_19May26\GEOSP-TRN-002606\E152\DJI_20260510111029_0079_V.JPG,SOLO_JPG_19May26\GEOSP-TRN-002606\E152\DJI_20260510111029_0079_V.JPG,1.021,2026-06-08 10:32:24
DJI_20260510111040_0080_V.JPG,DJI_20260510111040_0080_V,.jpg,\\amssclgis10.ams.gmams.cl\CL_MLP_PAO\Vuelos_Drone_Sin_Procesar\INPUT\20260519_Geosupport\SOLO_JPG_19May26\GEOSP-TRN-002606\E152\DJI_20260510111040_0080_V.JPG,SOLO_JPG_19May26\GEOSP-TRN-002606\E152\DJI_20260510111040_0080_V.JPG,1.113,2026-06-08 10:32:25
DJI_20260510111055_0081_V.JPG,DJI_20260510111055_0081_V,.jpg,\\amssclgis10.ams.gmams.cl\CL_MLP_PAO\Vuelos_Drone_Sin_Procesar\INPUT\20260519_Geosupport\SOLO_JPG_19May26\GEOSP-TRN-002606\E154\DJI_20260510111055_0081_V.JPG,SOLO_JPG_19May26\GEOSP-TRN-002606\E154\DJI_20260510111055_0081_V.JPG,1.205,2026-06-08 10:32:25
DJI_20260510111124_0082_V.JPG,DJI_20260510111124_0082_V,.jpg,\\amssclgis10.ams.gmams.cl\CL_MLP_PAO\Vuelos_Drone_Sin_Procesar\INPUT\20260519_Geosupport\SOLO_JPG_19May26\GEOSP-TRN-002606\E154\DJI_20260510111124_0082_V.JPG,SOLO_JPG_19May26\GEOSP-TRN-002606\E154\DJI_20260510111124_0082_V.JPG,1.302,2026-06-08 10:32:25
DJI_20260510111135_0083_V.JPG,DJI_20260510111135_0083_V,.jpg,\\amssclgis10.ams.gmams.cl\CL_MLP_PAO\Vuelos_Drone_Sin_Procesar\INPUT\20260519_Geosupport\SOLO_JPG_19May26\GEOSP-TRN-002606\E154\DJI_20260510111135_0083_V.JPG,SOLO_JPG_19May26\GEOSP-TRN-002606\E154\DJI_20260510111135_0083_V.JPG,1.179,2026-06-08 10:32:26
DJI_20260510111151_0084_V.JPG,DJI_20260510111151_0084_V,.jpg,\\amssclgis10.ams.gmams.cl\CL_MLP_PAO\Vuelos_Drone_Sin_Procesar\INPUT\20260519_Geosupport\SOLO_JPG_19May26\GEOSP-TRN-002606\E154\DJI_20260510111151_0084_V.JPG,SOLO_JPG_19May26\GEOSP-TRN-002606\E154\DJI_20260510111151_0084_V.JPG,1.055,2026-06-08 10:32:26
DJI_20260510111202_0085_V.JPG,DJI_20260510111202_0085_V,.jpg,\\amssclgis10.ams.gmams.cl\CL_MLP_PAO\Vuelos_Drone_Sin_Procesar\INPUT\20260519_Geosupport\SOLO_JPG_19May26\GEOSP-TRN-002606\E154\DJI_20260510111202_0085_V.JPG,SOLO_JPG_19May26\GEOSP-TRN-002606\E154\DJI_20260510111202_0085_V.JPG,1.079,2026-06-08 10:32:26
DJI_20260510111214_0086_V.JPG,DJI_20260510111214_0086_V,.jpg,\\amssclgis10.ams.gmams.cl\CL_MLP_PAO\Vuelos_Drone_Sin_Procesar\INPUT\20260519_Geosupport\SOLO_JPG_19May26\GEOSP-TRN-002606\E156\DJI_20260510111214_0086_V.JPG,SOLO_JPG_19May26\GEOSP-TRN-002606\E156\DJI_20260510111214_0086_V.JPG,1.207,2026-06-08 10:32:27
DJI_20260510111241_0087_V.JPG,DJI_20260510111241_0087_V,.jpg,\\amssclgis10.ams.gmams.cl\CL_MLP_PAO\Vuelos_Drone_Sin_Procesar\INPUT\20260519_Geosupport\SOLO_JPG_19May26\GEOSP-TRN-002606\E156\DJI_20260510111241_0087_V.JPG,SOLO_JPG_19May26\GEOSP-TRN-002606\E156\DJI_20260510111241_0087_V.JPG,1.302,2026-06-08 10:32:27
DJI_20260510111250_0088_V.JPG,DJI_20260510111250_0088_V,.jpg,\\amssclgis10.ams.gmams.cl\CL_MLP_PAO\Vuelos_Drone_Sin_Procesar\INPUT\20260519_Geosupport\SOLO_JPG_19May26\GEOSP-TRN-002606\E156\DJI_20260510111250_0088_V.JPG,SOLO_JPG_19May26\GEOSP-TRN-002606\E156\DJI_20260510111250_0088_V.JPG,1.254,2026-06-08 10:32:27
DJI_20260510111259_0089_V.JPG,DJI_20260510111259_0089_V,.jpg,\\amssclgis10.ams.gmams.cl\CL_MLP_PAO\Vuelos_Drone_Sin_Procesar\INPUT\20260519_Geosupport\SOLO_JPG_19May26\GEOSP-TRN-002606\E156\DJI_20260510111259_0089_V.JPG,SOLO_JPG_19May26\GEOSP-TRN-002606\E156\DJI_20260510111259_0089_V.JPG,1.193,2026-06-08 10:32:28
DJI_20260510111309_0090_V.JPG,DJI_20260510111309_0090_V,.jpg,\\amssclgis10.ams.gmams.cl\CL_MLP_PAO\Vuelos_Drone_Sin_Procesar\INPUT\20260519_Geosupport\SOLO_JPG_19May26\GEOSP-TRN-002606\E156\DJI_20260510111309_0090_V.JPG,SOLO_JPG_19May26\GEOSP-TRN-002606\E156\DJI_20260510111309_0090_V.JPG,1.192,2026-06-08 10:32:28
DJI_20260510111317_0091_V.JPG,DJI_20260510111317_0091_V,.jpg,\\amssclgis10.ams.gmams.cl\CL_MLP_PAO\Vuelos_Drone_Sin_Procesar\INPUT\20260519_Geosupport\SOLO_JPG_19May26\GEOSP-TRN-002606\E157\DJI_20260510111317_0091_V.JPG,SOLO_JPG_19May26\GEOSP-TRN-002606\E157\DJI_20260510111317_0091_V.JPG,1.24,2026-06-08 10:32:29
DJI_20260510111346_0092_V.JPG,DJI_20260510111346_0092_V,.jpg,\\amssclgis10.ams.gmams.cl\CL_MLP_PAO\Vuelos_Drone_Sin_Procesar\INPUT\20260519_Geosupport\SOLO_JPG_19May26\GEOSP-TRN-002606\E157\DJI_20260510111346_0092_V.JPG,SOLO_JPG_19May26\GEOSP-TRN-002606\E157\DJI_20260510111346_0092_V.JPG,1.242,2026-06-08 10:32:29
DJI_20260510111357_0093_V.JPG,DJI_20260510111357_0093_V,.jpg,\\amssclgis10.ams.gmams.cl\CL_MLP_PAO\Vuelos_Drone_Sin_Procesar\INPUT\20260519_Geosupport\SOLO_JPG_19May26\GEOSP-TRN-002606\E157\DJI_20260510111357_0093_V.JPG,SOLO_JPG_19May26\GEOSP-TRN-002606\E157\DJI_20260510111357_0093_V.JPG,1.216,2026-06-08 10:32:29
DJI_20260510111404_0094_V.JPG,DJI_20260510111404_0094_V,.jpg,\\amssclgis10.ams.gmams.cl\CL_MLP_PAO\Vuelos_Drone_Sin_Procesar\INPUT\20260519_Geosupport\SOLO_JPG_19May26\GEOSP-TRN-002606\E157\DJI_20260510111404_0094_V.JPG,SOLO_JPG_19May26\GEOSP-TRN-002606\E157\DJI_20260510111404_0094_V.JPG,1.313,2026-06-08 10:32:30
DJI_20260510111418_0095_V.JPG,DJI_20260510111418_0095_V,.jpg,\\amssclgis10.ams.gmams.cl\CL_MLP_PAO\Vuelos_Drone_Sin_Procesar\INPUT\20260519_Geosupport\SOLO_JPG_19May26\GEOSP-TRN-002606\E157\DJI_20260510111418_0095_V.JPG,SOLO_JPG_19May26\GEOSP-TRN-002606\E157\DJI_20260510111418_0095_V.JPG,1.284,2026-06-08 10:32:30
DJI_20260513121059_0002_V.JPG,DJI_20260513121059_0002_V,.jpg,\\amssclgis10.ams.gmams.cl\CL_MLP_PAO\Vuelos_Drone_Sin_Procesar\INPUT\20260519_Geosupport\SOLO_JPG_19May26\GEOSP-TRN-002615\GS_AFD_EM2_13-05-2026\DJI_20260513121059_0002_V.JPG,SOLO_JPG_19May26\GEOSP-TRN-002615\GS_AFD_EM2_13-05-2026\DJI_20260513121059_0002_V.JPG,0.697,2026-06-08 10:32:30
DJI_20260513121102_0004_V.JPG,DJI_20260513121102_0004_V,.jpg,\\amssclgis10.ams.gmams.cl\CL_MLP_PAO\Vuelos_Drone_Sin_Procesar\INPUT\20260519_Geosupport\SOLO_JPG_19May26\GEOSP-TRN-002615\GS_AFD_EM2_13-05-2026\DJI_20260513121102_0004_V.JPG,SOLO_JPG_19May26\GEOSP-TRN-002615\GS_AFD_EM2_13-05-2026\DJI_20260513121102_0004_V.JPG,0.693,2026-06-08 10:32:30
DJI_20260513121107_0005_V.JPG,DJI_20260513121107_0005_V,.jpg,\\amssclgis10.ams.gmams.cl\CL_MLP_PAO\Vuelos_Drone_Sin_Procesar\INPUT\20260519_Geosupport\SOLO_JPG_19May26\GEOSP-TRN-002615\GS_AFD_EM2_13-05-2026\DJI_20260513121107_0005_V.JPG,SOLO_JPG_19May26\GEOSP-TRN-002615\GS_AFD_EM2_13-05-2026\DJI_20260513121107_0005_V.JPG,0.787,2026-06-08 10:32:30
DJI_20260513121115_0006_V.JPG,DJI_20260513121115_0006_V,.jpg,\\amssclgis10.ams.gmams.cl\CL_MLP_PAO\Vuelos_Drone_Sin_Procesar\INPUT\20260519_Geosupport\SOLO_JPG_19May26\GEOSP-TRN-002615\GS_AFD_EM2_13-05-2026\DJI_20260513121115_0006_V.JPG,SOLO_JPG_19May26\GEOSP-TRN-002615\GS_AFD_EM2_13-05-2026\DJI_20260513121115_0006_V.JPG,0.726,2026-06-08 10:32:31
DJI_20260513121123_0007_V.JPG,DJI_20260513121123_0007_V,.jpg,\\amssclgis10.ams.gmams.cl\CL_MLP_PAO\Vuelos_Drone_Sin_Procesar\INPUT\20260519_Geosupport\SOLO_JPG_19May26\GEOSP-TRN-002615\GS_AFD_EM2_13-05-2026\DJI_20260513121123_0007_V.JPG,SOLO_JPG_19May26\GEOSP-TRN-002615\GS_AFD_EM2_13-05-2026\DJI_20260513121123_0007_V.JPG,0.683,2026-06-08 10:32:31
DJI_20260513121130_0008_V.JPG,DJI_20260513121130_0008_V,.jpg,\\amssclgis10.ams.gmams.cl\CL_MLP_PAO\Vuelos_Drone_Sin_Procesar\INPUT\20260519_Geosupport\SOLO_JPG_19May26\GEOSP-TRN-002615\GS_AFD_EM2_13-05-2026\DJI_20260513121130_0008_V.JPG,SOLO_JPG_19May26\GEOSP-TRN-002615\GS_AFD_EM2_13-05-2026\DJI_20260513121130_0008_V.JPG,0.64,2026-06-08 10:32:31
DJI_20260513121149_0009_V.JPG,DJI_20260513121149_0009_V,.jpg,\\amssclgis10.ams.gmams.cl\CL_MLP_PAO\Vuelos_Drone_Sin_Procesar\INPUT\20260519_Geosupport\SOLO_JPG_19May26\GEOSP-TRN-002615\GS_AFD_EM2_13-05-2026\DJI_20260513121149_0009_V.JPG,SOLO_JPG_19May26\GEOSP-TRN-002615\GS_AFD_EM2_13-05-2026\DJI_20260513121149_0009_V.JPG,0.727,2026-06-08 10:32:31
DJI_20260513121154_0010_V.JPG,DJI_20260513121154_0010_V,.jpg,\\amssclgis10.ams.gmams.cl\CL_MLP_PAO\Vuelos_Drone_Sin_Procesar\INPUT\20260519_Geosupport\SOLO_JPG_19May26\GEOSP-TRN-002615\GS_AFD_EM2_13-05-2026\DJI_20260513121154_0010_V.JPG,SOLO_JPG_19May26\GEOSP-TRN-002615\GS_AFD_EM2_13-05-2026\DJI_20260513121154_0010_V.JPG,0.76,2026-06-08 10:32:31
DJI_20260513121203_0011_V.JPG,DJI_20260513121203_0011_V,.jpg,\\amssclgis10.ams.gmams.cl\CL_MLP_PAO\Vuelos_Drone_Sin_Procesar\INPUT\20260519_Geosupport\SOLO_JPG_19May26\GEOSP-TRN-002615\GS_AFD_EM2_13-05-2026\DJI_20260513121203_0011_V.JPG,SOLO_JPG_19May26\GEOSP-TRN-002615\GS_AFD_EM2_13-05-2026\DJI_20260513121203_0011_V.JPG,0.686,2026-06-08 10:32:31
DJI_20260513121207_0012_V.JPG,DJI_20260513121207_0012_V,.jpg,\\amssclgis10.ams.gmams.cl\CL_MLP_PAO\Vuelos_Drone_Sin_Procesar\INPUT\20260519_Geosupport\SOLO_JPG_19May26\GEOSP-TRN-002615\GS_AFD_EM2_13-05-2026\DJI_20260513121207_0012_V.JPG,SOLO_JPG_19May26\GEOSP-TRN-002615\GS_AFD_EM2_13-05-2026\DJI_20260513121207_0012_V.JPG,0.687,2026-06-08 10:32:32
DJI_20260513121216_0013_V.JPG,DJI_20260513121216_0013_V,.jpg,\\amssclgis10.ams.gmams.cl\CL_MLP_PAO\Vuelos_Drone_Sin_Procesar\INPUT\20260519_Geosupport\SOLO_JPG_19May26\GEOSP-TRN-002615\GS_AFD_EM2_13-05-2026\DJI_20260513121216_0013_V.JPG,SOLO_JPG_19May26\GEOSP-TRN-002615\GS_AFD_EM2_13-05-2026\DJI_20260513121216_0013_V.JPG,0.685,2026-06-08 10:32:32
DJI_20260513121220_0014_V.JPG,DJI_20260513121220_0014_V,.jpg,\\amssclgis10.ams.gmams.cl\CL_MLP_PAO\Vuelos_Drone_Sin_Procesar\INPUT\20260519_Geosupport\SOLO_JPG_19May26\GEOSP-TRN-002615\GS_AFD_EM2_13-05-2026\DJI_20260513121220_0014_V.JPG,SOLO_JPG_19May26\GEOSP-TRN-002615\GS_AFD_EM2_13-05-2026\DJI_20260513121220_0014_V.JPG,0.689,2026-06-08 10:32:32
DJI_20260513121223_0015_V.JPG,DJI_20260513121223_0015_V,.jpg,\\amssclgis10.ams.gmams.cl\CL_MLP_PAO\Vuelos_Drone_Sin_Procesar\INPUT\20260519_Geosupport\SOLO_JPG_19May26\GEOSP-TRN-002615\GS_AFD_EM2_13-05-2026\DJI_20260513121223_0015_V.JPG,SOLO_JPG_19May26\GEOSP-TRN-002615\GS_AFD_EM2_13-05-2026\DJI_20260513121223_0015_V.JPG,0.651,2026-06-08 10:32:32
DJI_20260513121228_0016_V.JPG,DJI_20260513121228_0016_V,.jpg,\\amssclgis10.ams.gmams.cl\CL_MLP_PAO\Vuelos_Drone_Sin_Procesar\INPUT\20260519_Geosupport\SOLO_JPG_19May26\GEOSP-TRN-002615\GS_AFD_EM2_13-05-2026\DJI_20260513121228_0016_V.JPG,SOLO_JPG_19May26\GEOSP-TRN-002615\GS_AFD_EM2_13-05-2026\DJI_20260513121228_0016_V.JPG,0.632,2026-06-08 10:32:32
DJI_20260513121250_0017_V.JPG,DJI_20260513121250_0017_V,.jpg,\\amssclgis10.ams.gmams.cl\CL_MLP_PAO\Vuelos_Drone_Sin_Procesar\INPUT\20260519_Geosupport\SOLO_JPG_19May26\GEOSP-TRN-002615\GS_AFD_EM2_13-05-2026\DJI_20260513121250_0017_V.JPG,SOLO_JPG_19May26\GEOSP-TRN-002615\GS_AFD_EM2_13-05-2026\DJI_20260513121250_0017_V.JPG,0.812,2026-06-08 10:32:33
DJI_20260513121258_0018_V.JPG,DJI_20260513121258_0018_V,.jpg,\\amssclgis10.ams.gmams.cl\CL_MLP_PAO\Vuelos_Drone_Sin_Procesar\INPUT\20260519_Geosupport\SOLO_JPG_19May26\GEOSP-TRN-002615\GS_AFD_EM2_13-05-2026\DJI_20260513121258_0018_V.JPG,SOLO_JPG_19May26\GEOSP-TRN-002615\GS_AFD_EM2_13-05-2026\DJI_20260513121258_0018_V.JPG,0.704,2026-06-08 10:32:33
DJI_20260513121300_0019_V.JPG,DJI_20260513121300_0019_V,.jpg,\\amssclgis10.ams.gmams.cl\CL_MLP_PAO\Vuelos_Drone_Sin_Procesar\INPUT\20260519_Geosupport\SOLO_JPG_19May26\GEOSP-TRN-002615\GS_AFD_EM2_13-05-2026\DJI_20260513121300_0019_V.JPG,SOLO_JPG_19May26\GEOSP-TRN-002615\GS_AFD_EM2_13-05-2026\DJI_20260513121300_0019_V.JPG,0.757,2026-06-08 10:32:33
DJI_20260513121303_0020_V.JPG,DJI_20260513121303_0020_V,.jpg,\\amssclgis10.ams.gmams.cl\CL_MLP_PAO\Vuelos_Drone_Sin_Procesar\INPUT\20260519_Geosupport\SOLO_JPG_19May26\GEOSP-TRN-002615\GS_AFD_EM2_13-05-2026\DJI_20260513121303_0020_V.JPG,SOLO_JPG_19May26\GEOSP-TRN-002615\GS_AFD_EM2_13-05-2026\DJI_20260513121303_0020_V.JPG,0.769,2026-06-08 10:32:34
DJI_20260513121308_0021_V.JPG,DJI_20260513121308_0021_V,.jpg,\\amssclgis10.ams.gmams.cl\CL_MLP_PAO\Vuelos_Drone_Sin_Procesar\INPUT\20260519_Geosupport\SOLO_JPG_19May26\GEOSP-TRN-002615\GS_AFD_EM2_13-05-2026\DJI_20260513121308_0021_V.JPG,SOLO_JPG_19May26\GEOSP-TRN-002615\GS_AFD_EM2_13-05-2026\DJI_20260513121308_0021_V.JPG,0.856,2026-06-08 10:32:34
DJI_20260513121323_0022_V.JPG,DJI_20260513121323_0022_V,.jpg,\\amssclgis10.ams.gmams.cl\CL_MLP_PAO\Vuelos_Drone_Sin_Procesar\INPUT\20260519_Geosupport\SOLO_JPG_19May26\GEOSP-TRN-002615\GS_AFD_EM2_13-05-2026\DJI_20260513121323_0022_V.JPG,SOLO_JPG_19May26\GEOSP-TRN-002615\GS_AFD_EM2_13-05-2026\DJI_20260513121323_0022_V.JPG,0.767,2026-06-08 10:32:34
DJI_20260513121326_0023_V.JPG,DJI_20260513121326_0023_V,.jpg,\\amssclgis10.ams.gmams.cl\CL_MLP_PAO\Vuelos_Drone_Sin_Procesar\INPUT\20260519_Geosupport\SOLO_JPG_19May26\GEOSP-TRN-002615\GS_AFD_EM2_13-05-2026\DJI_20260513121326_0023_V.JPG,SOLO_JPG_19May26\GEOSP-TRN-002615\GS_AFD_EM2_13-05-2026\DJI_20260513121326_0023_V.JPG,0.785,2026-06-08 10:32:35
DJI_20260513121330_0024_V.JPG,DJI_20260513121330_0024_V,.jpg,\\amssclgis10.ams.gmams.cl\CL_MLP_PAO\Vuelos_Drone_Sin_Procesar\INPUT\20260519_Geosupport\SOLO_JPG_19May26\GEOSP-TRN-002615\GS_AFD_EM2_13-05-2026\DJI_20260513121330_0024_V.JPG,SOLO_JPG_19May26\GEOSP-TRN-002615\GS_AFD_EM2_13-05-2026\DJI_20260513121330_0024_V.JPG,0.672,2026-06-08 10:32:35
DJI_20260513121332_0025_V.JPG,DJI_20260513121332_0025_V,.jpg,\\amssclgis10.ams.gmams.cl\CL_MLP_PAO\Vuelos_Drone_Sin_Procesar\INPUT\20260519_Geosupport\SOLO_JPG_19May26\GEOSP-TRN-002615\GS_AFD_EM2_13-05-2026\DJI_20260513121332_0025_V.JPG,SOLO_JPG_19May26\GEOSP-TRN-002615\GS_AFD_EM2_13-05-2026\DJI_20260513121332_0025_V.JPG,0.746,2026-06-08 10:32:35
DJI_20260513121338_0026_V.JPG,DJI_20260513121338_0026_V,.jpg,\\amssclgis10.ams.gmams.cl\CL_MLP_PAO\Vuelos_Drone_Sin_Procesar\INPUT\20260519_Geosupport\SOLO_JPG_19May26\GEOSP-TRN-002615\GS_AFD_EM2_13-05-2026\DJI_20260513121338_0026_V.JPG,SOLO_JPG_19May26\GEOSP-TRN-002615\GS_AFD_EM2_13-05-2026\DJI_20260513121338_0026_V.JPG,0.846,2026-06-08 10:32:36
DJI_20260513121344_0027_V.JPG,DJI_20260513121344_0027_V,.jpg,\\amssclgis10.ams.gmams.cl\CL_MLP_PAO\Vuelos_Drone_Sin_Procesar\INPUT\20260519_Geosupport\SOLO_JPG_19May26\GEOSP-TRN-002615\GS_AFD_EM2_13-05-2026\DJI_20260513121344_0027_V.JPG,SOLO_JPG_19May26\GEOSP-TRN-002615\GS_AFD_EM2_13-05-2026\DJI_20260513121344_0027_V.JPG,0.825,2026-06-08 10:32:36
DJI_20260513121347_0028_V.JPG,DJI_20260513121347_0028_V,.jpg,\\amssclgis10.ams.gmams.cl\CL_MLP_PAO\Vuelos_Drone_Sin_Procesar\INPUT\20260519_Geosupport\SOLO_JPG_19May26\GEOSP-TRN-002615\GS_AFD_EM2_13-05-2026\DJI_20260513121347_0028_V.JPG,SOLO_JPG_19May26\GEOSP-TRN-002615\GS_AFD_EM2_13-05-2026\DJI_20260513121347_0028_V.JPG,0.915,2026-06-08 10:32:36
DJI_20260513121352_0029_V.JPG,DJI_20260513121352_0029_V,.jpg,\\amssclgis10.ams.gmams.cl\CL_MLP_PAO\Vuelos_Drone_Sin_Procesar\INPUT\20260519_Geosupport\SOLO_JPG_19May26\GEOSP-TRN-002615\GS_AFD_EM2_13-05-2026\DJI_20260513121352_0029_V.JPG,SOLO_JPG_19May26\GEOSP-TRN-002615\GS_AFD_EM2_13-05-2026\DJI_20260513121352_0029_V.JPG,0.939,2026-06-08 10:32:36
DJI_20260513121407_0030_V.JPG,DJI_20260513121407_0030_V,.jpg,\\amssclgis10.ams.gmams.cl\CL_MLP_PAO\Vuelos_Drone_Sin_Procesar\INPUT\20260519_Geosupport\SOLO_JPG_19May26\GEOSP-TRN-002615\GS_AFD_EM2_13-05-2026\DJI_20260513121407_0030_V.JPG,SOLO_JPG_19May26\GEOSP-TRN-002615\GS_AFD_EM2_13-05-2026\DJI_20260513121407_0030_V.JPG,0.991,2026-06-08 10:32:37
DJI_20260513121412_0031_V.JPG,DJI_20260513121412_0031_V,.jpg,\\amssclgis10.ams.gmams.cl\CL_MLP_PAO\Vuelos_Drone_Sin_Procesar\INPUT\20260519_Geosupport\SOLO_JPG_19May26\GEOSP-TRN-002615\GS_AFD_EM2_13-05-2026\DJI_20260513121412_0031_V.JPG,SOLO_JPG_19May26\GEOSP-TRN-002615\GS_AFD_EM2_13-05-2026\DJI_20260513121412_0031_V.JPG,0.746,2026-06-08 10:32:37
DJI_20260513121416_0032_V.JPG,DJI_20260513121416_0032_V,.jpg,\\amssclgis10.ams.gmams.cl\CL_MLP_PAO\Vuelos_Drone_Sin_Procesar\INPUT\20260519_Geosupport\SOLO_JPG_19May26\GEOSP-TRN-002615\GS_AFD_EM2_13-05-2026\DJI_20260513121416_0032_V.JPG,SOLO_JPG_19May26\GEOSP-TRN-002615\GS_AFD_EM2_13-05-2026\DJI_20260513121416_0032_V.JPG,0.87,2026-06-08 10:32:38
DJI_20260513121422_0033_V.JPG,DJI_20260513121422_0033_V,.jpg,\\amssclgis10.ams.gmams.cl\CL_MLP_PAO\Vuelos_Drone_Sin_Procesar\INPUT\20260519_Geosupport\SOLO_JPG_19May26\GEOSP-TRN-002615\GS_AFD_EM2_13-05-2026\DJI_20260513121422_0033_V.JPG,SOLO_JPG_19May26\GEOSP-TRN-002615\GS_AFD_EM2_13-05-2026\DJI_20260513121422_0033_V.JPG,0.934,2026-06-08 10:32:38
DJI_20260513121504_0034_V.JPG,DJI_20260513121504_0034_V,.jpg,\\amssclgis10.ams.gmams.cl\CL_MLP_PAO\Vuelos_Drone_Sin_Procesar\INPUT\20260519_Geosupport\SOLO_JPG_19May26\GEOSP-TRN-002615\GS_AFD_EM2_13-05-2026\DJI_20260513121504_0034_V.JPG,SOLO_JPG_19May26\GEOSP-TRN-002615\GS_AFD_EM2_13-05-2026\DJI_20260513121504_0034_V.JPG,1.099,2026-06-08 10:32:38
DJI_20260513121507_0035_V.JPG,DJI_20260513121507_0035_V,.jpg,\\amssclgis10.ams.gmams.cl\CL_MLP_PAO\Vuelos_Drone_Sin_Procesar\INPUT\20260519_Geosupport\SOLO_JPG_19May26\GEOSP-TRN-002615\GS_AFD_EM2_13-05-2026\DJI_20260513121507_0035_V.JPG,SOLO_JPG_19May26\GEOSP-TRN-002615\GS_AFD_EM2_13-05-2026\DJI_20260513121507_0035_V.JPG,1.176,2026-06-08 10:32:39
DJI_20260513121510_0036_V.JPG,DJI_20260513121510_0036_V,.jpg,\\amssclgis10.ams.gmams.cl\CL_MLP_PAO\Vuelos_Drone_Sin_Procesar\INPUT\20260519_Geosupport\SOLO_JPG_19May26\GEOSP-TRN-002615\GS_AFD_EM2_13-05-2026\DJI_20260513121510_0036_V.JPG,SOLO_JPG_19May26\GEOSP-TRN-002615\GS_AFD_EM2_13-05-2026\DJI_20260513121510_0036_V.JPG,1.221,2026-06-08 10:32:39
DJI_20260513121516_0037_V.JPG,DJI_20260513121516_0037_V,.jpg,\\amssclgis10.ams.gmams.cl\CL_MLP_PAO\Vuelos_Drone_Sin_Procesar\INPUT\20260519_Geosupport\SOLO_JPG_19May26\GEOSP-TRN-002615\GS_AFD_EM2_13-05-2026\DJI_20260513121516_0037_V.JPG,SOLO_JPG_19May26\GEOSP-TRN-002615\GS_AFD_EM2_13-05-2026\DJI_20260513121516_0037_V.JPG,1.147,2026-06-08 10:32:39
DJI_20260513121527_0038_V.JPG,DJI_20260513121527_0038_V,.jpg,\\amssclgis10.ams.gmams.cl\CL_MLP_PAO\Vuelos_Drone_Sin_Procesar\INPUT\20260519_Geosupport\SOLO_JPG_19May26\GEOSP-TRN-002615\GS_AFD_EM2_13-05-2026\DJI_20260513121527_0038_V.JPG,SOLO_JPG_19May26\GEOSP-TRN-002615\GS_AFD_EM2_13-05-2026\DJI_20260513121527_0038_V.JPG,1.018,2026-06-08 10:32:40
DJI_20260513121532_0039_V.JPG,DJI_20260513121532_0039_V,.jpg,\\amssclgis10.ams.gmams.cl\CL_MLP_PAO\Vuelos_Drone_Sin_Procesar\INPUT\20260519_Geosupport\SOLO_JPG_19May26\GEOSP-TRN-002615\GS_AFD_EM2_13-05-2026\DJI_20260513121532_0039_V.JPG,SOLO_JPG_19May26\GEOSP-TRN-002615\GS_AFD_EM2_13-05-2026\DJI_20260513121532_0039_V.JPG,1.109,2026-06-08 10:32:40
DJI_20260513121535_0040_V.JPG,DJI_20260513121535_0040_V,.jpg,\\amssclgis10.ams.gmams.cl\CL_MLP_PAO\Vuelos_Drone_Sin_Procesar\INPUT\20260519_Geosupport\SOLO_JPG_19May26\GEOSP-TRN-002615\GS_AFD_EM2_13-05-2026\DJI_20260513121535_0040_V.JPG,SOLO_JPG_19May26\GEOSP-TRN-002615\GS_AFD_EM2_13-05-2026\DJI_20260513121535_0040_V.JPG,1.206,2026-06-08 10:32:40
DJI_20260513121538_0041_V.JPG,DJI_20260513121538_0041_V,.jpg,\\amssclgis10.ams.gmams.cl\CL_MLP_PAO\Vuelos_Drone_Sin_Procesar\INPUT\20260519_Geosupport\SOLO_JPG_19May26\GEOSP-TRN-002615\GS_AFD_EM2_13-05-2026\DJI_20260513121538_0041_V.JPG,SOLO_JPG_19May26\GEOSP-TRN-002615\GS_AFD_EM2_13-05-2026\DJI_20260513121538_0041_V.JPG,1.231,2026-06-08 10:32:41
DJI_20260513121542_0042_V.JPG,DJI_20260513121542_0042_V,.jpg,\\amssclgis10.ams.gmams.cl\CL_MLP_PAO\Vuelos_Drone_Sin_Procesar\INPUT\20260519_Geosupport\SOLO_JPG_19May26\GEOSP-TRN-002615\GS_AFD_EM2_13-05-2026\DJI_20260513121542_0042_V.JPG,SOLO_JPG_19May26\GEOSP-TRN-002615\GS_AFD_EM2_13-05-2026\DJI_20260513121542_0042_V.JPG,1.102,2026-06-08 10:32:41
DJI_20260513121547_0043_V.JPG,DJI_20260513121547_0043_V,.jpg,\\amssclgis10.ams.gmams.cl\CL_MLP_PAO\Vuelos_Drone_Sin_Procesar\INPUT\20260519_Geosupport\SOLO_JPG_19May26\GEOSP-TRN-002615\GS_AFD_EM2_13-05-2026\DJI_20260513121547_0043_V.JPG,SOLO_JPG_19May26\GEOSP-TRN-002615\GS_AFD_EM2_13-05-2026\DJI_20260513121547_0043_V.JPG,1.179,2026-06-08 10:32:41
DJI_20260513121550_0044_V.JPG,DJI_20260513121550_0044_V,.jpg,\\amssclgis10.ams.gmams.cl\CL_MLP_PAO\Vuelos_Drone_Sin_Procesar\INPUT\20260519_Geosupport\SOLO_JPG_19May26\GEOSP-TRN-002615\GS_AFD_EM2_13-05-2026\DJI_20260513121550_0044_V.JPG,SOLO_JPG_19May26\GEOSP-TRN-002615\GS_AFD_EM2_13-05-2026\DJI_20260513121550_0044_V.JPG,1.229,2026-06-08 10:32:42
DJI_20260513121553_0045_V.JPG,DJI_20260513121553_0045_V,.jpg,\\amssclgis10.ams.gmams.cl\CL_MLP_PAO\Vuelos_Drone_Sin_Procesar\INPUT\20260519_Geosupport\SOLO_JPG_19May26\GEOSP-TRN-002615\GS_AFD_EM2_13-05-2026\DJI_20260513121553_0045_V.JPG,SOLO_JPG_19May26\GEOSP-TRN-002615\GS_AFD_EM2_13-05-2026\DJI_20260513121553_0045_V.JPG,1.232,2026-06-08 10:32:42
DJI_20260513121600_0046_V.JPG,DJI_20260513121600_0046_V,.jpg,\\amssclgis10.ams.gmams.cl\CL_MLP_PAO\Vuelos_Drone_Sin_Procesar\INPUT\20260519_Geosupport\SOLO_JPG_19May26\GEOSP-TRN-002615\GS_AFD_EM2_13-05-2026\DJI_20260513121600_0046_V.JPG,SOLO_JPG_19May26\GEOSP-TRN-002615\GS_AFD_EM2_13-05-2026\DJI_20260513121600_0046_V.JPG,1.038,2026-06-08 10:32:42
DJI_20260513121606_0047_V.JPG,DJI_20260513121606_0047_V,.jpg,\\amssclgis10.ams.gmams.cl\CL_MLP_PAO\Vuelos_Drone_Sin_Procesar\INPUT\20260519_Geosupport\SOLO_JPG_19May26\GEOSP-TRN-002615\GS_AFD_EM2_13-05-2026\DJI_20260513121606_0047_V.JPG,SOLO_JPG_19May26\GEOSP-TRN-002615\GS_AFD_EM2_13-05-2026\DJI_20260513121606_0047_V.JPG,0.968,2026-06-08 10:32:43
DJI_20260513121609_0048_V.JPG,DJI_20260513121609_0048_V,.jpg,\\amssclgis10.ams.gmams.cl\CL_MLP_PAO\Vuelos_Drone_Sin_Procesar\INPUT\20260519_Geosupport\SOLO_JPG_19May26\GEOSP-TRN-002615\GS_AFD_EM2_13-05-2026\DJI_20260513121609_0048_V.JPG,SOLO_JPG_19May26\GEOSP-TRN-002615\GS_AFD_EM2_13-05-2026\DJI_20260513121609_0048_V.JPG,1.235,2026-06-08 10:32:43
DJI_20260513121613_0049_V.JPG,DJI_20260513121613_0049_V,.jpg,\\amssclgis10.ams.gmams.cl\CL_MLP_PAO\Vuelos_Drone_Sin_Procesar\INPUT\20260519_Geosupport\SOLO_JPG_19May26\GEOSP-TRN-002615\GS_AFD_EM2_13-05-2026\DJI_20260513121613_0049_V.JPG,SOLO_JPG_19May26\GEOSP-TRN-002615\GS_AFD_EM2_13-05-2026\DJI_20260513121613_0049_V.JPG,1.193,2026-06-08 10:32:43
DJI_20260513121623_0050_V.JPG,DJI_20260513121623_0050_V,.jpg,\\amssclgis10.ams.gmams.cl\CL_MLP_PAO\Vuelos_Drone_Sin_Procesar\INPUT\20260519_Geosupport\SOLO_JPG_19May26\GEOSP-TRN-002615\GS_AFD_EM2_13-05-2026\DJI_20260513121623_0050_V.JPG,SOLO_JPG_19May26\GEOSP-TRN-002615\GS_AFD_EM2_13-05-2026\DJI_20260513121623_0050_V.JPG,1.14,2026-06-08 10:32:44
DJI_20260513121627_0051_V.JPG,DJI_20260513121627_0051_V,.jpg,\\amssclgis10.ams.gmams.cl\CL_MLP_PAO\Vuelos_Drone_Sin_Procesar\INPUT\20260519_Geosupport\SOLO_JPG_19May26\GEOSP-TRN-002615\GS_AFD_EM2_13-05-2026\DJI_20260513121627_0051_V.JPG,SOLO_JPG_19May26\GEOSP-TRN-002615\GS_AFD_EM2_13-05-2026\DJI_20260513121627_0051_V.JPG,0.923,2026-06-08 10:32:44
DJI_20260513121632_0052_V.JPG,DJI_20260513121632_0052_V,.jpg,\\amssclgis10.ams.gmams.cl\CL_MLP_PAO\Vuelos_Drone_Sin_Procesar\INPUT\20260519_Geosupport\SOLO_JPG_19May26\GEOSP-TRN-002615\GS_AFD_EM2_13-05-2026\DJI_20260513121632_0052_V.JPG,SOLO_JPG_19May26\GEOSP-TRN-002615\GS_AFD_EM2_13-05-2026\DJI_20260513121632_0052_V.JPG,1.272,2026-06-08 10:32:44
DJI_20260513121636_0053_V.JPG,DJI_20260513121636_0053_V,.jpg,\\amssclgis10.ams.gmams.cl\CL_MLP_PAO\Vuelos_Drone_Sin_Procesar\INPUT\20260519_Geosupport\SOLO_JPG_19May26\GEOSP-TRN-002615\GS_AFD_EM2_13-05-2026\DJI_20260513121636_0053_V.JPG,SOLO_JPG_19May26\GEOSP-TRN-002615\GS_AFD_EM2_13-05-2026\DJI_20260513121636_0053_V.JPG,1.216,2026-06-08 10:32:45
DJI_20260513121648_0054_V.JPG,DJI_20260513121648_0054_V,.jpg,\\amssclgis10.ams.gmams.cl\CL_MLP_PAO\Vuelos_Drone_Sin_Procesar\INPUT\20260519_Geosupport\SOLO_JPG_19May26\GEOSP-TRN-002615\GS_AFD_EM2_13-05-2026\DJI_20260513121648_0054_V.JPG,SOLO_JPG_19May26\GEOSP-TRN-002615\GS_AFD_EM2_13-05-2026\DJI_20260513121648_0054_V.JPG,1.08,2026-06-08 10:32:45
DJI_20260513121652_0055_V.JPG,DJI_20260513121652_0055_V,.jpg,\\amssclgis10.ams.gmams.cl\CL_MLP_PAO\Vuelos_Drone_Sin_Procesar\INPUT\20260519_Geosupport\SOLO_JPG_19May26\GEOSP-TRN-002615\GS_AFD_EM2_13-05-2026\DJI_20260513121652_0055_V.JPG,SOLO_JPG_19May26\GEOSP-TRN-002615\GS_AFD_EM2_13-05-2026\DJI_20260513121652_0055_V.JPG,1.055,2026-06-08 10:32:46
DJI_20260513121656_0056_V.JPG,DJI_20260513121656_0056_V,.jpg,\\amssclgis10.ams.gmams.cl\CL_MLP_PAO\Vuelos_Drone_Sin_Procesar\INPUT\20260519_Geosupport\SOLO_JPG_19May26\GEOSP-TRN-002615\GS_AFD_EM2_13-05-2026\DJI_20260513121656_0056_V.JPG,SOLO_JPG_19May26\GEOSP-TRN-002615\GS_AFD_EM2_13-05-2026\DJI_20260513121656_0056_V.JPG,1.216,2026-06-08 10:32:46
DJI_20260513121658_0057_V.JPG,DJI_20260513121658_0057_V,.jpg,\\amssclgis10.ams.gmams.cl\CL_MLP_PAO\Vuelos_Drone_Sin_Procesar\INPUT\20260519_Geosupport\SOLO_JPG_19May26\GEOSP-TRN-002615\GS_AFD_EM2_13-05-2026\DJI_20260513121658_0057_V.JPG,SOLO_JPG_19May26\GEOSP-TRN-002615\GS_AFD_EM2_13-05-2026\DJI_20260513121658_0057_V.JPG,1.195,2026-06-08 10:32:46
DJI_20260513121706_0058_V.JPG,DJI_20260513121706_0058_V,.jpg,\\amssclgis10.ams.gmams.cl\CL_MLP_PAO\Vuelos_Drone_Sin_Procesar\INPUT\20260519_Geosupport\SOLO_JPG_19May26\GEOSP-TRN-002615\GS_AFD_EM2_13-05-2026\DJI_20260513121706_0058_V.JPG,SOLO_JPG_19May26\GEOSP-TRN-002615\GS_AFD_EM2_13-05-2026\DJI_20260513121706_0058_V.JPG,1.12,2026-06-08 10:32:47
DJI_20260513121710_0059_V.JPG,DJI_20260513121710_0059_V,.jpg,\\amssclgis10.ams.gmams.cl\CL_MLP_PAO\Vuelos_Drone_Sin_Procesar\INPUT\20260519_Geosupport\SOLO_JPG_19May26\GEOSP-TRN-002615\GS_AFD_EM2_13-05-2026\DJI_20260513121710_0059_V.JPG,SOLO_JPG_19May26\GEOSP-TRN-002615\GS_AFD_EM2_13-05-2026\DJI_20260513121710_0059_V.JPG,1.193,2026-06-08 10:32:47
DJI_20260513121713_0060_V.JPG,DJI_20260513121713_0060_V,.jpg,\\amssclgis10.ams.gmams.cl\CL_MLP_PAO\Vuelos_Drone_Sin_Procesar\INPUT\20260519_Geosupport\SOLO_JPG_19May26\GEOSP-TRN-002615\GS_AFD_EM2_13-05-2026\DJI_20260513121713_0060_V.JPG,SOLO_JPG_19May26\GEOSP-TRN-002615\GS_AFD_EM2_13-05-2026\DJI_20260513121713_0060_V.JPG,1.35,2026-06-08 10:32:47
DJI_20260513121719_0061_V.JPG,DJI_20260513121719_0061_V,.jpg,\\amssclgis10.ams.gmams.cl\CL_MLP_PAO\Vuelos_Drone_Sin_Procesar\INPUT\20260519_Geosupport\SOLO_JPG_19May26\GEOSP-TRN-002615\GS_AFD_EM2_13-05-2026\DJI_20260513121719_0061_V.JPG,SOLO_JPG_19May26\GEOSP-TRN-002615\GS_AFD_EM2_13-05-2026\DJI_20260513121719_0061_V.JPG,1.363,2026-06-08 10:32:48
DJI_20260513121724_0062_V.JPG,DJI_20260513121724_0062_V,.jpg,\\amssclgis10.ams.gmams.cl\CL_MLP_PAO\Vuelos_Drone_Sin_Procesar\INPUT\20260519_Geosupport\SOLO_JPG_19May26\GEOSP-TRN-002615\GS_AFD_EM2_13-05-2026\DJI_20260513121724_0062_V.JPG,SOLO_JPG_19May26\GEOSP-TRN-002615\GS_AFD_EM2_13-05-2026\DJI_20260513121724_0062_V.JPG,1.003,2026-06-08 10:32:48
DJI_20260513121728_0063_V.JPG,DJI_20260513121728_0063_V,.jpg,\\amssclgis10.ams.gmams.cl\CL_MLP_PAO\Vuelos_Drone_Sin_Procesar\INPUT\20260519_Geosupport\SOLO_JPG_19May26\GEOSP-TRN-002615\GS_AFD_EM2_13-05-2026\DJI_20260513121728_0063_V.JPG,SOLO_JPG_19May26\GEOSP-TRN-002615\GS_AFD_EM2_13-05-2026\DJI_20260513121728_0063_V.JPG,0.997,2026-06-08 10:32:48
DJI_20260513121732_0064_V.JPG,DJI_20260513121732_0064_V,.jpg,\\amssclgis10.ams.gmams.cl\CL_MLP_PAO\Vuelos_Drone_Sin_Procesar\INPUT\20260519_Geosupport\SOLO_JPG_19May26\GEOSP-TRN-002615\GS_AFD_EM2_13-05-2026\DJI_20260513121732_0064_V.JPG,SOLO_JPG_19May26\GEOSP-TRN-002615\GS_AFD_EM2_13-05-2026\DJI_20260513121732_0064_V.JPG,1.285,2026-06-08 10:32:49
DJI_20260513121736_0065_V.JPG,DJI_20260513121736_0065_V,.jpg,\\amssclgis10.ams.gmams.cl\CL_MLP_PAO\Vuelos_Drone_Sin_Procesar\INPUT\20260519_Geosupport\SOLO_JPG_19May26\GEOSP-TRN-002615\GS_AFD_EM2_13-05-2026\DJI_20260513121736_0065_V.JPG,SOLO_JPG_19May26\GEOSP-TRN-002615\GS_AFD_EM2_13-05-2026\DJI_20260513121736_0065_V.JPG,1.312,2026-06-08 10:32:49
DJI_20260513121740_0066_V.JPG,DJI_20260513121740_0066_V,.jpg,\\amssclgis10.ams.gmams.cl\CL_MLP_PAO\Vuelos_Drone_Sin_Procesar\INPUT\20260519_Geosupport\SOLO_JPG_19May26\GEOSP-TRN-002615\GS_AFD_EM2_13-05-2026\DJI_20260513121740_0066_V.JPG,SOLO_JPG_19May26\GEOSP-TRN-002615\GS_AFD_EM2_13-05-2026\DJI_20260513121740_0066_V.JPG,1.253,2026-06-08 10:32:49
DJI_20260513121744_0067_V.JPG,DJI_20260513121744_0067_V,.jpg,\\amssclgis10.ams.gmams.cl\CL_MLP_PAO\Vuelos_Drone_Sin_Procesar\INPUT\20260519_Geosupport\SOLO_JPG_19May26\GEOSP-TRN-002615\GS_AFD_EM2_13-05-2026\DJI_20260513121744_0067_V.JPG,SOLO_JPG_19May26\GEOSP-TRN-002615\GS_AFD_EM2_13-05-2026\DJI_20260513121744_0067_V.JPG,0.965,2026-06-08 10:32:50
DJI_20260513121747_0068_V.JPG,DJI_20260513121747_0068_V,.jpg,\\amssclgis10.ams.gmams.cl\CL_MLP_PAO\Vuelos_Drone_Sin_Procesar\INPUT\20260519_Geosupport\SOLO_JPG_19May26\GEOSP-TRN-002615\GS_AFD_EM2_13-05-2026\DJI_20260513121747_0068_V.JPG,SOLO_JPG_19May26\GEOSP-TRN-002615\GS_AFD_EM2_13-05-2026\DJI_20260513121747_0068_V.JPG,1.197,2026-06-08 10:32:50
DJI_20260513121749_0069_V.JPG,DJI_20260513121749_0069_V,.jpg,\\amssclgis10.ams.gmams.cl\CL_MLP_PAO\Vuelos_Drone_Sin_Procesar\INPUT\20260519_Geosupport\SOLO_JPG_19May26\GEOSP-TRN-002615\GS_AFD_EM2_13-05-2026\DJI_20260513121749_0069_V.JPG,SOLO_JPG_19May26\GEOSP-TRN-002615\GS_AFD_EM2_13-05-2026\DJI_20260513121749_0069_V.JPG,1.249,2026-06-08 10:32:50
DJI_20260513121800_0070_V.JPG,DJI_20260513121800_0070_V,.jpg,\\amssclgis10.ams.gmams.cl\CL_MLP_PAO\Vuelos_Drone_Sin_Procesar\INPUT\20260519_Geosupport\SOLO_JPG_19May26\GEOSP-TRN-002615\GS_AFD_EM2_13-05-2026\DJI_20260513121800_0070_V.JPG,SOLO_JPG_19May26\GEOSP-TRN-002615\GS_AFD_EM2_13-05-2026\DJI_20260513121800_0070_V.JPG,1.267,2026-06-08 10:32:51
DJI_20260513121804_0071_V.JPG,DJI_20260513121804_0071_V,.jpg,\\amssclgis10.ams.gmams.cl\CL_MLP_PAO\Vuelos_Drone_Sin_Procesar\INPUT\20260519_Geosupport\SOLO_JPG_19May26\GEOSP-TRN-002615\GS_AFD_EM2_13-05-2026\DJI_20260513121804_0071_V.JPG,SOLO_JPG_19May26\GEOSP-TRN-002615\GS_AFD_EM2_13-05-2026\DJI_20260513121804_0071_V.JPG,1.009,2026-06-08 10:32:51
DJI_20260513121808_0072_V.JPG,DJI_20260513121808_0072_V,.jpg,\\amssclgis10.ams.gmams.cl\CL_MLP_PAO\Vuelos_Drone_Sin_Procesar\INPUT\20260519_Geosupport\SOLO_JPG_19May26\GEOSP-TRN-002615\GS_AFD_EM2_13-05-2026\DJI_20260513121808_0072_V.JPG,SOLO_JPG_19May26\GEOSP-TRN-002615\GS_AFD_EM2_13-05-2026\DJI_20260513121808_0072_V.JPG,1.166,2026-06-08 10:32:51
DJI_20260513121812_0073_V.JPG,DJI_20260513121812_0073_V,.jpg,\\amssclgis10.ams.gmams.cl\CL_MLP_PAO\Vuelos_Drone_Sin_Procesar\INPUT\20260519_Geosupport\SOLO_JPG_19May26\GEOSP-TRN-002615\GS_AFD_EM2_13-05-2026\DJI_20260513121812_0073_V.JPG,SOLO_JPG_19May26\GEOSP-TRN-002615\GS_AFD_EM2_13-05-2026\DJI_20260513121812_0073_V.JPG,1.272,2026-06-08 10:32:52
DJI_20260513121817_0074_V.JPG,DJI_20260513121817_0074_V,.jpg,\\amssclgis10.ams.gmams.cl\CL_MLP_PAO\Vuelos_Drone_Sin_Procesar\INPUT\20260519_Geosupport\SOLO_JPG_19May26\GEOSP-TRN-002615\GS_AFD_EM2_13-05-2026\DJI_20260513121817_0074_V.JPG,SOLO_JPG_19May26\GEOSP-TRN-002615\GS_AFD_EM2_13-05-2026\DJI_20260513121817_0074_V.JPG,1.299,2026-06-08 10:32:52
DJI_20260513121822_0075_V.JPG,DJI_20260513121822_0075_V,.jpg,\\amssclgis10.ams.gmams.cl\CL_MLP_PAO\Vuelos_Drone_Sin_Procesar\INPUT\20260519_Geosupport\SOLO_JPG_19May26\GEOSP-TRN-002615\GS_AFD_EM2_13-05-2026\DJI_20260513121822_0075_V.JPG,SOLO_JPG_19May26\GEOSP-TRN-002615\GS_AFD_EM2_13-05-2026\DJI_20260513121822_0075_V.JPG,1.13,2026-06-08 10:32:52
DJI_20260513121824_0076_V.JPG,DJI_20260513121824_0076_V,.jpg,\\amssclgis10.ams.gmams.cl\CL_MLP_PAO\Vuelos_Drone_Sin_Procesar\INPUT\20260519_Geosupport\SOLO_JPG_19May26\GEOSP-TRN-002615\GS_AFD_EM2_13-05-2026\DJI_20260513121824_0076_V.JPG,SOLO_JPG_19May26\GEOSP-TRN-002615\GS_AFD_EM2_13-05-2026\DJI_20260513121824_0076_V.JPG,1.09,2026-06-08 10:32:53
DJI_20260513121828_0077_V.JPG,DJI_20260513121828_0077_V,.jpg,\\amssclgis10.ams.gmams.cl\CL_MLP_PAO\Vuelos_Drone_Sin_Procesar\INPUT\20260519_Geosupport\SOLO_JPG_19May26\GEOSP-TRN-002615\GS_AFD_EM2_13-05-2026\DJI_20260513121828_0077_V.JPG,SOLO_JPG_19May26\GEOSP-TRN-002615\GS_AFD_EM2_13-05-2026\DJI_20260513121828_0077_V.JPG,1.188,2026-06-08 10:32:53
DJI_20260513121832_0078_V.JPG,DJI_20260513121832_0078_V,.jpg,\\amssclgis10.ams.gmams.cl\CL_MLP_PAO\Vuelos_Drone_Sin_Procesar\INPUT\20260519_Geosupport\SOLO_JPG_19May26\GEOSP-TRN-002615\GS_AFD_EM2_13-05-2026\DJI_20260513121832_0078_V.JPG,SOLO_JPG_19May26\GEOSP-TRN-002615\GS_AFD_EM2_13-05-2026\DJI_20260513121832_0078_V.JPG,1.293,2026-06-08 10:32:53
DJI_20260513121837_0079_V.JPG,DJI_20260513121837_0079_V,.jpg,\\amssclgis10.ams.gmams.cl\CL_MLP_PAO\Vuelos_Drone_Sin_Procesar\INPUT\20260519_Geosupport\SOLO_JPG_19May26\GEOSP-TRN-002615\GS_AFD_EM2_13-05-2026\DJI_20260513121837_0079_V.JPG,SOLO_JPG_19May26\GEOSP-TRN-002615\GS_AFD_EM2_13-05-2026\DJI_20260513121837_0079_V.JPG,1.126,2026-06-08 10:32:54
DJI_20260513121841_0080_V.JPG,DJI_20260513121841_0080_V,.jpg,\\amssclgis10.ams.gmams.cl\CL_MLP_PAO\Vuelos_Drone_Sin_Procesar\INPUT\20260519_Geosupport\SOLO_JPG_19May26\GEOSP-TRN-002615\GS_AFD_EM2_13-05-2026\DJI_20260513121841_0080_V.JPG,SOLO_JPG_19May26\GEOSP-TRN-002615\GS_AFD_EM2_13-05-2026\DJI_20260513121841_0080_V.JPG,1.204,2026-06-08 10:32:54
DJI_20260513121844_0081_V.JPG,DJI_20260513121844_0081_V,.jpg,\\amssclgis10.ams.gmams.cl\CL_MLP_PAO\Vuelos_Drone_Sin_Procesar\INPUT\20260519_Geosupport\SOLO_JPG_19May26\GEOSP-TRN-002615\GS_AFD_EM2_13-05-2026\DJI_20260513121844_0081_V.JPG,SOLO_JPG_19May26\GEOSP-TRN-002615\GS_AFD_EM2_13-05-2026\DJI_20260513121844_0081_V.JPG,1.29,2026-06-08 10:32:54
DJI_20260513121848_0082_V.JPG,DJI_20260513121848_0082_V,.jpg,\\amssclgis10.ams.gmams.cl\CL_MLP_PAO\Vuelos_Drone_Sin_Procesar\INPUT\20260519_Geosupport\SOLO_JPG_19May26\GEOSP-TRN-002615\GS_AFD_EM2_13-05-2026\DJI_20260513121848_0082_V.JPG,SOLO_JPG_19May26\GEOSP-TRN-002615\GS_AFD_EM2_13-05-2026\DJI_20260513121848_0082_V.JPG,1.115,2026-06-08 10:32:55
DJI_20260513121853_0083_V.JPG,DJI_20260513121853_0083_V,.jpg,\\amssclgis10.ams.gmams.cl\CL_MLP_PAO\Vuelos_Drone_Sin_Procesar\INPUT\20260519_Geosupport\SOLO_JPG_19May26\GEOSP-TRN-002615\GS_AFD_EM2_13-05-2026\DJI_20260513121853_0083_V.JPG,SOLO_JPG_19May26\GEOSP-TRN-002615\GS_AFD_EM2_13-05-2026\DJI_20260513121853_0083_V.JPG,0.907,2026-06-08 10:32:55
DJI_20260513121857_0084_V.JPG,DJI_20260513121857_0084_V,.jpg,\\amssclgis10.ams.gmams.cl\CL_MLP_PAO\Vuelos_Drone_Sin_Procesar\INPUT\20260519_Geosupport\SOLO_JPG_19May26\GEOSP-TRN-002615\GS_AFD_EM2_13-05-2026\DJI_20260513121857_0084_V.JPG,SOLO_JPG_19May26\GEOSP-TRN-002615\GS_AFD_EM2_13-05-2026\DJI_20260513121857_0084_V.JPG,1.247,2026-06-08 10:32:55
DJI_20260513121900_0085_V.JPG,DJI_20260513121900_0085_V,.jpg,\\amssclgis10.ams.gmams.cl\CL_MLP_PAO\Vuelos_Drone_Sin_Procesar\INPUT\20260519_Geosupport\SOLO_JPG_19May26\GEOSP-TRN-002615\GS_AFD_EM2_13-05-2026\DJI_20260513121900_0085_V.JPG,SOLO_JPG_19May26\GEOSP-TRN-002615\GS_AFD_EM2_13-05-2026\DJI_20260513121900_0085_V.JPG,1.193,2026-06-08 10:32:56
DJI_20260513121906_0086_V.JPG,DJI_20260513121906_0086_V,.jpg,\\amssclgis10.ams.gmams.cl\CL_MLP_PAO\Vuelos_Drone_Sin_Procesar\INPUT\20260519_Geosupport\SOLO_JPG_19May26\GEOSP-TRN-002615\GS_AFD_EM2_13-05-2026\DJI_20260513121906_0086_V.JPG,SOLO_JPG_19May26\GEOSP-TRN-002615\GS_AFD_EM2_13-05-2026\DJI_20260513121906_0086_V.JPG,1.145,2026-06-08 10:32:56
DJI_20260513121911_0087_V.JPG,DJI_20260513121911_0087_V,.jpg,\\amssclgis10.ams.gmams.cl\CL_MLP_PAO\Vuelos_Drone_Sin_Procesar\INPUT\20260519_Geosupport\SOLO_JPG_19May26\GEOSP-TRN-002615\GS_AFD_EM2_13-05-2026\DJI_20260513121911_0087_V.JPG,SOLO_JPG_19May26\GEOSP-TRN-002615\GS_AFD_EM2_13-05-2026\DJI_20260513121911_0087_V.JPG,0.91,2026-06-08 10:32:56
DJI_20260513121913_0088_V.JPG,DJI_20260513121913_0088_V,.jpg,\\amssclgis10.ams.gmams.cl\CL_MLP_PAO\Vuelos_Drone_Sin_Procesar\INPUT\20260519_Geosupport\SOLO_JPG_19May26\GEOSP-TRN-002615\GS_AFD_EM2_13-05-2026\DJI_20260513121913_0088_V.JPG,SOLO_JPG_19May26\GEOSP-TRN-002615\GS_AFD_EM2_13-05-2026\DJI_20260513121913_0088_V.JPG,1.187,2026-06-08 10:32:57
DJI_20260513121916_0089_V.JPG,DJI_20260513121916_0089_V,.jpg,\\amssclgis10.ams.gmams.cl\CL_MLP_PAO\Vuelos_Drone_Sin_Procesar\INPUT\20260519_Geosupport\SOLO_JPG_19May26\GEOSP-TRN-002615\GS_AFD_EM2_13-05-2026\DJI_20260513121916_0089_V.JPG,SOLO_JPG_19May26\GEOSP-TRN-002615\GS_AFD_EM2_13-05-2026\DJI_20260513121916_0089_V.JPG,1.278,2026-06-08 10:32:57
DJI_20260513121920_0090_V.JPG,DJI_20260513121920_0090_V,.jpg,\\amssclgis10.ams.gmams.cl\CL_MLP_PAO\Vuelos_Drone_Sin_Procesar\INPUT\20260519_Geosupport\SOLO_JPG_19May26\GEOSP-TRN-002615\GS_AFD_EM2_13-05-2026\DJI_20260513121920_0090_V.JPG,SOLO_JPG_19May26\GEOSP-TRN-002615\GS_AFD_EM2_13-05-2026\DJI_20260513121920_0090_V.JPG,1.189,2026-06-08 10:32:57
DJI_20260513121924_0091_V.JPG,DJI_20260513121924_0091_V,.jpg,\\amssclgis10.ams.gmams.cl\CL_MLP_PAO\Vuelos_Drone_Sin_Procesar\INPUT\20260519_Geosupport\SOLO_JPG_19May26\GEOSP-TRN-002615\GS_AFD_EM2_13-05-2026\DJI_20260513121924_0091_V.JPG,SOLO_JPG_19May26\GEOSP-TRN-002615\GS_AFD_EM2_13-05-2026\DJI_20260513121924_0091_V.JPG,0.972,2026-06-08 10:32:58
DJI_20260513121927_0092_V.JPG,DJI_20260513121927_0092_V,.jpg,\\amssclgis10.ams.gmams.cl\CL_MLP_PAO\Vuelos_Drone_Sin_Procesar\INPUT\20260519_Geosupport\SOLO_JPG_19May26\GEOSP-TRN-002615\GS_AFD_EM2_13-05-2026\DJI_20260513121927_0092_V.JPG,SOLO_JPG_19May26\GEOSP-TRN-002615\GS_AFD_EM2_13-05-2026\DJI_20260513121927_0092_V.JPG,0.946,2026-06-08 10:32:58
DJI_20260513121930_0093_V.JPG,DJI_20260513121930_0093_V,.jpg,\\amssclgis10.ams.gmams.cl\CL_MLP_PAO\Vuelos_Drone_Sin_Procesar\INPUT\20260519_Geosupport\SOLO_JPG_19May26\GEOSP-TRN-002615\GS_AFD_EM2_13-05-2026\DJI_20260513121930_0093_V.JPG,SOLO_JPG_19May26\GEOSP-TRN-002615\GS_AFD_EM2_13-05-2026\DJI_20260513121930_0093_V.JPG,1.238,2026-06-08 10:32:58
DJI_20260513121934_0094_V.JPG,DJI_20260513121934_0094_V,.jpg,\\amssclgis10.ams.gmams.cl\CL_MLP_PAO\Vuelos_Drone_Sin_Procesar\INPUT\20260519_Geosupport\SOLO_JPG_19May26\GEOSP-TRN-002615\GS_AFD_EM2_13-05-2026\DJI_20260513121934_0094_V.JPG,SOLO_JPG_19May26\GEOSP-TRN-002615\GS_AFD_EM2_13-05-2026\DJI_20260513121934_0094_V.JPG,1.291,2026-06-08 10:32:59
DJI_20260513121938_0095_V.JPG,DJI_20260513121938_0095_V,.jpg,\\amssclgis10.ams.gmams.cl\CL_MLP_PAO\Vuelos_Drone_Sin_Procesar\INPUT\20260519_Geosupport\SOLO_JPG_19May26\GEOSP-TRN-002615\GS_AFD_EM2_13-05-2026\DJI_20260513121938_0095_V.JPG,SOLO_JPG_19May26\GEOSP-TRN-002615\GS_AFD_EM2_13-05-2026\DJI_20260513121938_0095_V.JPG,1.25,2026-06-08 10:32:59
DJI_20260513121942_0096_V.JPG,DJI_20260513121942_0096_V,.jpg,\\amssclgis10.ams.gmams.cl\CL_MLP_PAO\Vuelos_Drone_Sin_Procesar\INPUT\20260519_Geosupport\SOLO_JPG_19May26\GEOSP-TRN-002615\GS_AFD_EM2_13-05-2026\DJI_20260513121942_0096_V.JPG,SOLO_JPG_19May26\GEOSP-TRN-002615\GS_AFD_EM2_13-05-2026\DJI_20260513121942_0096_V.JPG,0.926,2026-06-08 10:32:59
DJI_20260513121945_0097_V.JPG,DJI_20260513121945_0097_V,.jpg,\\amssclgis10.ams.gmams.cl\CL_MLP_PAO\Vuelos_Drone_Sin_Procesar\INPUT\20260519_Geosupport\SOLO_JPG_19May26\GEOSP-TRN-002615\GS_AFD_EM2_13-05-2026\DJI_20260513121945_0097_V.JPG,SOLO_JPG_19May26\GEOSP-TRN-002615\GS_AFD_EM2_13-05-2026\DJI_20260513121945_0097_V.JPG,1.209,2026-06-08 10:33:00
DJI_20260513121954_0098_V.JPG,DJI_20260513121954_0098_V,.jpg,\\amssclgis10.ams.gmams.cl\CL_MLP_PAO\Vuelos_Drone_Sin_Procesar\INPUT\20260519_Geosupport\SOLO_JPG_19May26\GEOSP-TRN-002615\GS_AFD_EM2_13-05-2026\DJI_20260513121954_0098_V.JPG,SOLO_JPG_19May26\GEOSP-TRN-002615\GS_AFD_EM2_13-05-2026\DJI_20260513121954_0098_V.JPG,1.242,2026-06-08 10:33:00
DJI_20260513121958_0099_V.JPG,DJI_20260513121958_0099_V,.jpg,\\amssclgis10.ams.gmams.cl\CL_MLP_PAO\Vuelos_Drone_Sin_Procesar\INPUT\20260519_Geosupport\SOLO_JPG_19May26\GEOSP-TRN-002615\GS_AFD_EM2_13-05-2026\DJI_20260513121958_0099_V.JPG,SOLO_JPG_19May26\GEOSP-TRN-002615\GS_AFD_EM2_13-05-2026\DJI_20260513121958_0099_V.JPG,1.219,2026-06-08 10:33:00
DJI_20260513122002_0100_V.JPG,DJI_20260513122002_0100_V,.jpg,\\amssclgis10.ams.gmams.cl\CL_MLP_PAO\Vuelos_Drone_Sin_Procesar\INPUT\20260519_Geosupport\SOLO_JPG_19May26\GEOSP-TRN-002615\GS_AFD_EM2_13-05-2026\DJI_20260513122002_0100_V.JPG,SOLO_JPG_19May26\GEOSP-TRN-002615\GS_AFD_EM2_13-05-2026\DJI_20260513122002_0100_V.JPG,1.002,2026-06-08 10:33:01
DJI_20260513122005_0101_V.JPG,DJI_20260513122005_0101_V,.jpg,\\amssclgis10.ams.gmams.cl\CL_MLP_PAO\Vuelos_Drone_Sin_Procesar\INPUT\20260519_Geosupport\SOLO_JPG_19May26\GEOSP-TRN-002615\GS_AFD_EM2_13-05-2026\DJI_20260513122005_0101_V.JPG,SOLO_JPG_19May26\GEOSP-TRN-002615\GS_AFD_EM2_13-05-2026\DJI_20260513122005_0101_V.JPG,1.243,2026-06-08 10:33:01
DJI_20260513122011_0102_V.JPG,DJI_20260513122011_0102_V,.jpg,\\amssclgis10.ams.gmams.cl\CL_MLP_PAO\Vuelos_Drone_Sin_Procesar\INPUT\20260519_Geosupport\SOLO_JPG_19May26\GEOSP-TRN-002615\GS_AFD_EM2_13-05-2026\DJI_20260513122011_0102_V.JPG,SOLO_JPG_19May26\GEOSP-TRN-002615\GS_AFD_EM2_13-05-2026\DJI_20260513122011_0102_V.JPG,1.266,2026-06-08 10:33:01
DJI_20260513122015_0103_V.JPG,DJI_20260513122015_0103_V,.jpg,\\amssclgis10.ams.gmams.cl\CL_MLP_PAO\Vuelos_Drone_Sin_Procesar\INPUT\20260519_Geosupport\SOLO_JPG_19May26\GEOSP-TRN-002615\GS_AFD_EM2_13-05-2026\DJI_20260513122015_0103_V.JPG,SOLO_JPG_19May26\GEOSP-TRN-002615\GS_AFD_EM2_13-05-2026\DJI_20260513122015_0103_V.JPG,1.085,2026-06-08 10:33:02
DJI_20260513122018_0104_V.JPG,DJI_20260513122018_0104_V,.jpg,\\amssclgis10.ams.gmams.cl\CL_MLP_PAO\Vuelos_Drone_Sin_Procesar\INPUT\20260519_Geosupport\SOLO_JPG_19May26\GEOSP-TRN-002615\GS_AFD_EM2_13-05-2026\DJI_20260513122018_0104_V.JPG,SOLO_JPG_19May26\GEOSP-TRN-002615\GS_AFD_EM2_13-05-2026\DJI_20260513122018_0104_V.JPG,1.066,2026-06-08 10:33:02
DJI_20260513122020_0105_V.JPG,DJI_20260513122020_0105_V,.jpg,\\amssclgis10.ams.gmams.cl\CL_MLP_PAO\Vuelos_Drone_Sin_Procesar\INPUT\20260519_Geosupport\SOLO_JPG_19May26\GEOSP-TRN-002615\GS_AFD_EM2_13-05-2026\DJI_20260513122020_0105_V.JPG,SOLO_JPG_19May26\GEOSP-TRN-002615\GS_AFD_EM2_13-05-2026\DJI_20260513122020_0105_V.JPG,1.219,2026-06-08 10:33:02
DJI_20260513122026_0106_V.JPG,DJI_20260513122026_0106_V,.jpg,\\amssclgis10.ams.gmams.cl\CL_MLP_PAO\Vuelos_Drone_Sin_Procesar\INPUT\20260519_Geosupport\SOLO_JPG_19May26\GEOSP-TRN-002615\GS_AFD_EM2_13-05-2026\DJI_20260513122026_0106_V.JPG,SOLO_JPG_19May26\GEOSP-TRN-002615\GS_AFD_EM2_13-05-2026\DJI_20260513122026_0106_V.JPG,1.244,2026-06-08 10:33:03
DJI_20260513122029_0107_V.JPG,DJI_20260513122029_0107_V,.jpg,\\amssclgis10.ams.gmams.cl\CL_MLP_PAO\Vuelos_Drone_Sin_Procesar\INPUT\20260519_Geosupport\SOLO_JPG_19May26\GEOSP-TRN-002615\GS_AFD_EM2_13-05-2026\DJI_20260513122029_0107_V.JPG,SOLO_JPG_19May26\GEOSP-TRN-002615\GS_AFD_EM2_13-05-2026\DJI_20260513122029_0107_V.JPG,1.061,2026-06-08 10:33:03
DJI_20260513122032_0108_V.JPG,DJI_20260513122032_0108_V,.jpg,\\amssclgis10.ams.gmams.cl\CL_MLP_PAO\Vuelos_Drone_Sin_Procesar\INPUT\20260519_Geosupport\SOLO_JPG_19May26\GEOSP-TRN-002615\GS_AFD_EM2_13-05-2026\DJI_20260513122032_0108_V.JPG,SOLO_JPG_19May26\GEOSP-TRN-002615\GS_AFD_EM2_13-05-2026\DJI_20260513122032_0108_V.JPG,1.225,2026-06-08 10:33:03
DJI_20260513122034_0109_V.JPG,DJI_20260513122034_0109_V,.jpg,\\amssclgis10.ams.gmams.cl\CL_MLP_PAO\Vuelos_Drone_Sin_Procesar\INPUT\20260519_Geosupport\SOLO_JPG_19May26\GEOSP-TRN-002615\GS_AFD_EM2_13-05-2026\DJI_20260513122034_0109_V.JPG,SOLO_JPG_19May26\GEOSP-TRN-002615\GS_AFD_EM2_13-05-2026\DJI_20260513122034_0109_V.JPG,1.281,2026-06-08 10:33:04
DJI_20260513122040_0110_V.JPG,DJI_20260513122040_0110_V,.jpg,\\amssclgis10.ams.gmams.cl\CL_MLP_PAO\Vuelos_Drone_Sin_Procesar\INPUT\20260519_Geosupport\SOLO_JPG_19May26\GEOSP-TRN-002615\GS_AFD_EM2_13-05-2026\DJI_20260513122040_0110_V.JPG,SOLO_JPG_19May26\GEOSP-TRN-002615\GS_AFD_EM2_13-05-2026\DJI_20260513122040_0110_V.JPG,1.091,2026-06-08 10:33:04
DJI_20260513122044_0111_V.JPG,DJI_20260513122044_0111_V,.jpg,\\amssclgis10.ams.gmams.cl\CL_MLP_PAO\Vuelos_Drone_Sin_Procesar\INPUT\20260519_Geosupport\SOLO_JPG_19May26\GEOSP-TRN-002615\GS_AFD_EM2_13-05-2026\DJI_20260513122044_0111_V.JPG,SOLO_JPG_19May26\GEOSP-TRN-002615\GS_AFD_EM2_13-05-2026\DJI_20260513122044_0111_V.JPG,1.022,2026-06-08 10:33:04
DJI_20260513122046_0112_V.JPG,DJI_20260513122046_0112_V,.jpg,\\amssclgis10.ams.gmams.cl\CL_MLP_PAO\Vuelos_Drone_Sin_Procesar\INPUT\20260519_Geosupport\SOLO_JPG_19May26\GEOSP-TRN-002615\GS_AFD_EM2_13-05-2026\DJI_20260513122046_0112_V.JPG,SOLO_JPG_19May26\GEOSP-TRN-002615\GS_AFD_EM2_13-05-2026\DJI_20260513122046_0112_V.JPG,1.154,2026-06-08 10:33:05
DJI_20260513122049_0113_V.JPG,DJI_20260513122049_0113_V,.jpg,\\amssclgis10.ams.gmams.cl\CL_MLP_PAO\Vuelos_Drone_Sin_Procesar\INPUT\20260519_Geosupport\SOLO_JPG_19May26\GEOSP-TRN-002615\GS_AFD_EM2_13-05-2026\DJI_20260513122049_0113_V.JPG,SOLO_JPG_19May26\GEOSP-TRN-002615\GS_AFD_EM2_13-05-2026\DJI_20260513122049_0113_V.JPG,1.224,2026-06-08 10:33:05
DJI_20260513122056_0114_V.JPG,DJI_20260513122056_0114_V,.jpg,\\amssclgis10.ams.gmams.cl\CL_MLP_PAO\Vuelos_Drone_Sin_Procesar\INPUT\20260519_Geosupport\SOLO_JPG_19May26\GEOSP-TRN-002615\GS_AFD_EM2_13-05-2026\DJI_20260513122056_0114_V.JPG,SOLO_JPG_19May26\GEOSP-TRN-002615\GS_AFD_EM2_13-05-2026\DJI_20260513122056_0114_V.JPG,1.202,2026-06-08 10:33:05
DJI_20260513122100_0115_V.JPG,DJI_20260513122100_0115_V,.jpg,\\amssclgis10.ams.gmams.cl\CL_MLP_PAO\Vuelos_Drone_Sin_Procesar\INPUT\20260519_Geosupport\SOLO_JPG_19May26\GEOSP-TRN-002615\GS_AFD_EM2_13-05-2026\DJI_20260513122100_0115_V.JPG,SOLO_JPG_19May26\GEOSP-TRN-002615\GS_AFD_EM2_13-05-2026\DJI_20260513122100_0115_V.JPG,1.101,2026-06-08 10:33:05
DJI_20260513122104_0116_V.JPG,DJI_20260513122104_0116_V,.jpg,\\amssclgis10.ams.gmams.cl\CL_MLP_PAO\Vuelos_Drone_Sin_Procesar\INPUT\20260519_Geosupport\SOLO_JPG_19May26\GEOSP-TRN-002615\GS_AFD_EM2_13-05-2026\DJI_20260513122104_0116_V.JPG,SOLO_JPG_19May26\GEOSP-TRN-002615\GS_AFD_EM2_13-05-2026\DJI_20260513122104_0116_V.JPG,1.337,2026-06-08 10:33:06
DJI_20260513122106_0117_V.JPG,DJI_20260513122106_0117_V,.jpg,\\amssclgis10.ams.gmams.cl\CL_MLP_PAO\Vuelos_Drone_Sin_Procesar\INPUT\20260519_Geosupport\SOLO_JPG_19May26\GEOSP-TRN-002615\GS_AFD_EM2_13-05-2026\DJI_20260513122106_0117_V.JPG,SOLO_JPG_19May26\GEOSP-TRN-002615\GS_AFD_EM2_13-05-2026\DJI_20260513122106_0117_V.JPG,1.287,2026-06-08 10:33:06
DJI_20260513122113_0118_V.JPG,DJI_20260513122113_0118_V,.jpg,\\amssclgis10.ams.gmams.cl\CL_MLP_PAO\Vuelos_Drone_Sin_Procesar\INPUT\20260519_Geosupport\SOLO_JPG_19May26\GEOSP-TRN-002615\GS_AFD_EM2_13-05-2026\DJI_20260513122113_0118_V.JPG,SOLO_JPG_19May26\GEOSP-TRN-002615\GS_AFD_EM2_13-05-2026\DJI_20260513122113_0118_V.JPG,1.099,2026-06-08 10:33:06
DJI_20260513122117_0119_V.JPG,DJI_20260513122117_0119_V,.jpg,\\amssclgis10.ams.gmams.cl\CL_MLP_PAO\Vuelos_Drone_Sin_Procesar\INPUT\20260519_Geosupport\SOLO_JPG_19May26\GEOSP-TRN-002615\GS_AFD_EM2_13-05-2026\DJI_20260513122117_0119_V.JPG,SOLO_JPG_19May26\GEOSP-TRN-002615\GS_AFD_EM2_13-05-2026\DJI_20260513122117_0119_V.JPG,0.973,2026-06-08 10:33:07
DJI_20260513122120_0120_V.JPG,DJI_20260513122120_0120_V,.jpg,\\amssclgis10.ams.gmams.cl\CL_MLP_PAO\Vuelos_Drone_Sin_Procesar\INPUT\20260519_Geosupport\SOLO_JPG_19May26\GEOSP-TRN-002615\GS_AFD_EM2_13-05-2026\DJI_20260513122120_0120_V.JPG,SOLO_JPG_19May26\GEOSP-TRN-002615\GS_AFD_EM2_13-05-2026\DJI_20260513122120_0120_V.JPG,1.24,2026-06-08 10:33:07
DJI_20260513122123_0121_V.JPG,DJI_20260513122123_0121_V,.jpg,\\amssclgis10.ams.gmams.cl\CL_MLP_PAO\Vuelos_Drone_Sin_Procesar\INPUT\20260519_Geosupport\SOLO_JPG_19May26\GEOSP-TRN-002615\GS_AFD_EM2_13-05-2026\DJI_20260513122123_0121_V.JPG,SOLO_JPG_19May26\GEOSP-TRN-002615\GS_AFD_EM2_13-05-2026\DJI_20260513122123_0121_V.JPG,1.322,2026-06-08 10:33:07
DJI_20260513122147_0122_V.JPG,DJI_20260513122147_0122_V,.jpg,\\amssclgis10.ams.gmams.cl\CL_MLP_PAO\Vuelos_Drone_Sin_Procesar\INPUT\20260519_Geosupport\SOLO_JPG_19May26\GEOSP-TRN-002615\GS_AFD_EM2_13-05-2026\DJI_20260513122147_0122_V.JPG,SOLO_JPG_19May26\GEOSP-TRN-002615\GS_AFD_EM2_13-05-2026\DJI_20260513122147_0122_V.JPG,1.013,2026-06-08 10:33:08
DJI_20260513122151_0123_V.JPG,DJI_20260513122151_0123_V,.jpg,\\amssclgis10.ams.gmams.cl\CL_MLP_PAO\Vuelos_Drone_Sin_Procesar\INPUT\20260519_Geosupport\SOLO_JPG_19May26\GEOSP-TRN-002615\GS_AFD_EM2_13-05-2026\DJI_20260513122151_0123_V.JPG,SOLO_JPG_19May26\GEOSP-TRN-002615\GS_AFD_EM2_13-05-2026\DJI_20260513122151_0123_V.JPG,0.844,2026-06-08 10:33:08
DJI_20260513122155_0124_V.JPG,DJI_20260513122155_0124_V,.jpg,\\amssclgis10.ams.gmams.cl\CL_MLP_PAO\Vuelos_Drone_Sin_Procesar\INPUT\20260519_Geosupport\SOLO_JPG_19May26\GEOSP-TRN-002615\GS_AFD_EM2_13-05-2026\DJI_20260513122155_0124_V.JPG,SOLO_JPG_19May26\GEOSP-TRN-002615\GS_AFD_EM2_13-05-2026\DJI_20260513122155_0124_V.JPG,0.936,2026-06-08 10:33:08
DJI_20260513122159_0125_V.JPG,DJI_20260513122159_0125_V,.jpg,\\amssclgis10.ams.gmams.cl\CL_MLP_PAO\Vuelos_Drone_Sin_Procesar\INPUT\20260519_Geosupport\SOLO_JPG_19May26\GEOSP-TRN-002615\GS_AFD_EM2_13-05-2026\DJI_20260513122159_0125_V.JPG,SOLO_JPG_19May26\GEOSP-TRN-002615\GS_AFD_EM2_13-05-2026\DJI_20260513122159_0125_V.JPG,1.007,2026-06-08 10:33:09
DJI_20260513122204_0126_V.JPG,DJI_20260513122204_0126_V,.jpg,\\amssclgis10.ams.gmams.cl\CL_MLP_PAO\Vuelos_Drone_Sin_Procesar\INPUT\20260519_Geosupport\SOLO_JPG_19May26\GEOSP-TRN-002615\GS_AFD_EM2_13-05-2026\DJI_20260513122204_0126_V.JPG,SOLO_JPG_19May26\GEOSP-TRN-002615\GS_AFD_EM2_13-05-2026\DJI_20260513122204_0126_V.JPG,1.022,2026-06-08 10:33:09
DJI_20260513122209_0127_V.JPG,DJI_20260513122209_0127_V,.jpg,\\amssclgis10.ams.gmams.cl\CL_MLP_PAO\Vuelos_Drone_Sin_Procesar\INPUT\20260519_Geosupport\SOLO_JPG_19May26\GEOSP-TRN-002615\GS_AFD_EM2_13-05-2026\DJI_20260513122209_0127_V.JPG,SOLO_JPG_19May26\GEOSP-TRN-002615\GS_AFD_EM2_13-05-2026\DJI_20260513122209_0127_V.JPG,0.896,2026-06-08 10:33:09
DJI_20260513122213_0128_V.JPG,DJI_20260513122213_0128_V,.jpg,\\amssclgis10.ams.gmams.cl\CL_MLP_PAO\Vuelos_Drone_Sin_Procesar\INPUT\20260519_Geosupport\SOLO_JPG_19May26\GEOSP-TRN-002615\GS_AFD_EM2_13-05-2026\DJI_20260513122213_0128_V.JPG,SOLO_JPG_19May26\GEOSP-TRN-002615\GS_AFD_EM2_13-05-2026\DJI_20260513122213_0128_V.JPG,1.051,2026-06-08 10:33:10
DJI_20260513122217_0129_V.JPG,DJI_20260513122217_0129_V,.jpg,\\amssclgis10.ams.gmams.cl\CL_MLP_PAO\Vuelos_Drone_Sin_Procesar\INPUT\20260519_Geosupport\SOLO_JPG_19May26\GEOSP-TRN-002615\GS_AFD_EM2_13-05-2026\DJI_20260513122217_0129_V.JPG,SOLO_JPG_19May26\GEOSP-TRN-002615\GS_AFD_EM2_13-05-2026\DJI_20260513122217_0129_V.JPG,1.064,2026-06-08 10:33:10
DJI_20260513122222_0130_V.JPG,DJI_20260513122222_0130_V,.jpg,\\amssclgis10.ams.gmams.cl\CL_MLP_PAO\Vuelos_Drone_Sin_Procesar\INPUT\20260519_Geosupport\SOLO_JPG_19May26\GEOSP-TRN-002615\GS_AFD_EM2_13-05-2026\DJI_20260513122222_0130_V.JPG,SOLO_JPG_19May26\GEOSP-TRN-002615\GS_AFD_EM2_13-05-2026\DJI_20260513122222_0130_V.JPG,1.157,2026-06-08 10:33:10
DJI_20260513122227_0131_V.JPG,DJI_20260513122227_0131_V,.jpg,\\amssclgis10.ams.gmams.cl\CL_MLP_PAO\Vuelos_Drone_Sin_Procesar\INPUT\20260519_Geosupport\SOLO_JPG_19May26\GEOSP-TRN-002615\GS_AFD_EM2_13-05-2026\DJI_20260513122227_0131_V.JPG,SOLO_JPG_19May26\GEOSP-TRN-002615\GS_AFD_EM2_13-05-2026\DJI_20260513122227_0131_V.JPG,1.203,2026-06-08 10:33:11
DJI_20260513122231_0132_V.JPG,DJI_20260513122231_0132_V,.jpg,\\amssclgis10.ams.gmams.cl\CL_MLP_PAO\Vuelos_Drone_Sin_Procesar\INPUT\20260519_Geosupport\SOLO_JPG_19May26\GEOSP-TRN-002615\GS_AFD_EM2_13-05-2026\DJI_20260513122231_0132_V.JPG,SOLO_JPG_19May26\GEOSP-TRN-002615\GS_AFD_EM2_13-05-2026\DJI_20260513122231_0132_V.JPG,1.163,2026-06-08 10:33:11
DJI_20260513122236_0133_V.JPG,DJI_20260513122236_0133_V,.jpg,\\amssclgis10.ams.gmams.cl\CL_MLP_PAO\Vuelos_Drone_Sin_Procesar\INPUT\20260519_Geosupport\SOLO_JPG_19May26\GEOSP-TRN-002615\GS_AFD_EM2_13-05-2026\DJI_20260513122236_0133_V.JPG,SOLO_JPG_19May26\GEOSP-TRN-002615\GS_AFD_EM2_13-05-2026\DJI_20260513122236_0133_V.JPG,1.028,2026-06-08 10:33:11
DJI_20260513142607_0002_V.JPG,DJI_20260513142607_0002_V,.jpg,\\amssclgis10.ams.gmams.cl\CL_MLP_PAO\Vuelos_Drone_Sin_Procesar\INPUT\20260519_Geosupport\SOLO_JPG_19May26\GEOSP-TRN-002616\AFD\DJI_20260513142607_0002_V.JPG,SOLO_JPG_19May26\GEOSP-TRN-002616\AFD\DJI_20260513142607_0002_V.JPG,0.892,2026-06-08 10:33:11
DJI_20260513142613_0003_V.JPG,DJI_20260513142613_0003_V,.jpg,\\amssclgis10.ams.gmams.cl\CL_MLP_PAO\Vuelos_Drone_Sin_Procesar\INPUT\20260519_Geosupport\SOLO_JPG_19May26\GEOSP-TRN-002616\AFD\DJI_20260513142613_0003_V.JPG,SOLO_JPG_19May26\GEOSP-TRN-002616\AFD\DJI_20260513142613_0003_V.JPG,0.906,2026-06-08 10:33:11
DJI_20260513142628_0004_V.JPG,DJI_20260513142628_0004_V,.jpg,\\amssclgis10.ams.gmams.cl\CL_MLP_PAO\Vuelos_Drone_Sin_Procesar\INPUT\20260519_Geosupport\SOLO_JPG_19May26\GEOSP-TRN-002616\AFD\DJI_20260513142628_0004_V.JPG,SOLO_JPG_19May26\GEOSP-TRN-002616\AFD\DJI_20260513142628_0004_V.JPG,0.841,2026-06-08 10:33:12
DJI_20260513142651_0005_V.JPG,DJI_20260513142651_0005_V,.jpg,\\amssclgis10.ams.gmams.cl\CL_MLP_PAO\Vuelos_Drone_Sin_Procesar\INPUT\20260519_Geosupport\SOLO_JPG_19May26\GEOSP-TRN-002616\AFD\DJI_20260513142651_0005_V.JPG,SOLO_JPG_19May26\GEOSP-TRN-002616\AFD\DJI_20260513142651_0005_V.JPG,0.833,2026-06-08 10:33:12
DJI_20260513142712_0006_V.JPG,DJI_20260513142712_0006_V,.jpg,\\amssclgis10.ams.gmams.cl\CL_MLP_PAO\Vuelos_Drone_Sin_Procesar\INPUT\20260519_Geosupport\SOLO_JPG_19May26\GEOSP-TRN-002616\AFD\DJI_20260513142712_0006_V.JPG,SOLO_JPG_19May26\GEOSP-TRN-002616\AFD\DJI_20260513142712_0006_V.JPG,0.831,2026-06-08 10:33:12
DJI_20260513142739_0007_V.JPG,DJI_20260513142739_0007_V,.jpg,\\amssclgis10.ams.gmams.cl\CL_MLP_PAO\Vuelos_Drone_Sin_Procesar\INPUT\20260519_Geosupport\SOLO_JPG_19May26\GEOSP-TRN-002616\AFD\DJI_20260513142739_0007_V.JPG,SOLO_JPG_19May26\GEOSP-TRN-002616\AFD\DJI_20260513142739_0007_V.JPG,0.867,2026-06-08 10:33:12
DJI_20260513142928_0008_V.JPG,DJI_20260513142928_0008_V,.jpg,\\amssclgis10.ams.gmams.cl\CL_MLP_PAO\Vuelos_Drone_Sin_Procesar\INPUT\20260519_Geosupport\SOLO_JPG_19May26\GEOSP-TRN-002616\AFD\DJI_20260513142928_0008_V.JPG,SOLO_JPG_19May26\GEOSP-TRN-002616\AFD\DJI_20260513142928_0008_V.JPG,1.095,2026-06-08 10:33:12
DJI_20260513142935_0009_V.JPG,DJI_20260513142935_0009_V,.jpg,\\amssclgis10.ams.gmams.cl\CL_MLP_PAO\Vuelos_Drone_Sin_Procesar\INPUT\20260519_Geosupport\SOLO_JPG_19May26\GEOSP-TRN-002616\AFD\DJI_20260513142935_0009_V.JPG,SOLO_JPG_19May26\GEOSP-TRN-002616\AFD\DJI_20260513142935_0009_V.JPG,1.051,2026-06-08 10:33:13
DJI_20260513142941_0010_V.JPG,DJI_20260513142941_0010_V,.jpg,\\amssclgis10.ams.gmams.cl\CL_MLP_PAO\Vuelos_Drone_Sin_Procesar\INPUT\20260519_Geosupport\SOLO_JPG_19May26\GEOSP-TRN-002616\AFD\DJI_20260513142941_0010_V.JPG,SOLO_JPG_19May26\GEOSP-TRN-002616\AFD\DJI_20260513142941_0010_V.JPG,1.083,2026-06-08 10:33:13
DJI_20260513142947_0011_V.JPG,DJI_20260513142947_0011_V,.jpg,\\amssclgis10.ams.gmams.cl\CL_MLP_PAO\Vuelos_Drone_Sin_Procesar\INPUT\20260519_Geosupport\SOLO_JPG_19May26\GEOSP-TRN-002616\AFD\DJI_20260513142947_0011_V.JPG,SOLO_JPG_19May26\GEOSP-TRN-002616\AFD\DJI_20260513142947_0011_V.JPG,1.132,2026-06-08 10:33:14
DJI_20260513142955_0012_V.JPG,DJI_20260513142955_0012_V,.jpg,\\amssclgis10.ams.gmams.cl\CL_MLP_PAO\Vuelos_Drone_Sin_Procesar\INPUT\20260519_Geosupport\SOLO_JPG_19May26\GEOSP-TRN-002616\AFD\DJI_20260513142955_0012_V.JPG,SOLO_JPG_19May26\GEOSP-TRN-002616\AFD\DJI_20260513142955_0012_V.JPG,1.092,2026-06-08 10:33:14
DJI_20260513143003_0013_V.JPG,DJI_20260513143003_0013_V,.jpg,\\amssclgis10.ams.gmams.cl\CL_MLP_PAO\Vuelos_Drone_Sin_Procesar\INPUT\20260519_Geosupport\SOLO_JPG_19May26\GEOSP-TRN-002616\AFD\DJI_20260513143003_0013_V.JPG,SOLO_JPG_19May26\GEOSP-TRN-002616\AFD\DJI_20260513143003_0013_V.JPG,1.105,2026-06-08 10:33:14
DJI_20260513110931_0004_V.JPG,DJI_20260513110931_0004_V,.jpg,\\amssclgis10.ams.gmams.cl\CL_MLP_PAO\Vuelos_Drone_Sin_Procesar\INPUT\20260519_Geosupport\SOLO_JPG_19May26\GEOSP-TRN-002617\DJI_202605131052_002\DJI_20260513110931_0004_V.JPG,SOLO_JPG_19May26\GEOSP-TRN-002617\DJI_202605131052_002\DJI_20260513110931_0004_V.JPG,1.334,2026-06-08 10:33:15
DJI_20260513111011_0007_V.JPG,DJI_20260513111011_0007_V,.jpg,\\amssclgis10.ams.gmams.cl\CL_MLP_PAO\Vuelos_Drone_Sin_Procesar\INPUT\20260519_Geosupport\SOLO_JPG_19May26\GEOSP-TRN-002617\DJI_202605131052_002\DJI_20260513111011_0007_V.JPG,SOLO_JPG_19May26\GEOSP-TRN-002617\DJI_202605131052_002\DJI_20260513111011_0007_V.JPG,1.34,2026-06-08 10:33:15
DJI_20260513111058_0010_V.JPG,DJI_20260513111058_0010_V,.jpg,\\amssclgis10.ams.gmams.cl\CL_MLP_PAO\Vuelos_Drone_Sin_Procesar\INPUT\20260519_Geosupport\SOLO_JPG_19May26\GEOSP-TRN-002617\DJI_202605131052_002\DJI_20260513111058_0010_V.JPG,SOLO_JPG_19May26\GEOSP-TRN-002617\DJI_202605131052_002\DJI_20260513111058_0010_V.JPG,1.315,2026-06-08 10:33:16
DJI_20260513111123_0011_V.JPG,DJI_20260513111123_0011_V,.jpg,\\amssclgis10.ams.gmams.cl\CL_MLP_PAO\Vuelos_Drone_Sin_Procesar\INPUT\20260519_Geosupport\SOLO_JPG_19May26\GEOSP-TRN-002617\DJI_202605131052_002\DJI_20260513111123_0011_V.JPG,SOLO_JPG_19May26\GEOSP-TRN-002617\DJI_202605131052_002\DJI_20260513111123_0011_V.JPG,1.347,2026-06-08 10:33:16
DJI_20260513111210_0015_V.JPG,DJI_20260513111210_0015_V,.jpg,\\amssclgis10.ams.gmams.cl\CL_MLP_PAO\Vuelos_Drone_Sin_Procesar\INPUT\20260519_Geosupport\SOLO_JPG_19May26\GEOSP-TRN-002617\DJI_202605131052_002\DJI_20260513111210_0015_V.JPG,SOLO_JPG_19May26\GEOSP-TRN-002617\DJI_202605131052_002\DJI_20260513111210_0015_V.JPG,1.326,2026-06-08 10:33:16
DJI_20260513111251_0017_V.JPG,DJI_20260513111251_0017_V,.jpg,\\amssclgis10.ams.gmams.cl\CL_MLP_PAO\Vuelos_Drone_Sin_Procesar\INPUT\20260519_Geosupport\SOLO_JPG_19May26\GEOSP-TRN-002617\DJI_202605131052_002\DJI_20260513111251_0017_V.JPG,SOLO_JPG_19May26\GEOSP-TRN-002617\DJI_202605131052_002\DJI_20260513111251_0017_V.JPG,1.307,2026-06-08 10:33:17
DJI_20260513111325_0020_V.JPG,DJI_20260513111325_0020_V,.jpg,\\amssclgis10.ams.gmams.cl\CL_MLP_PAO\Vuelos_Drone_Sin_Procesar\INPUT\20260519_Geosupport\SOLO_JPG_19May26\GEOSP-TRN-002617\DJI_202605131052_002\DJI_20260513111325_0020_V.JPG,SOLO_JPG_19May26\GEOSP-TRN-002617\DJI_202605131052_002\DJI_20260513111325_0020_V.JPG,1.259,2026-06-08 10:33:17
DJI_20260513111351_0022_V.JPG,DJI_20260513111351_0022_V,.jpg,\\amssclgis10.ams.gmams.cl\CL_MLP_PAO\Vuelos_Drone_Sin_Procesar\INPUT\20260519_Geosupport\SOLO_JPG_19May26\GEOSP-TRN-002617\DJI_202605131052_002\DJI_20260513111351_0022_V.JPG,SOLO_JPG_19May26\GEOSP-TRN-002617\DJI_202605131052_002\DJI_20260513111351_0022_V.JPG,1.306,2026-06-08 10:33:18
DJI_20260513111635_0029_V.JPG,DJI_20260513111635_0029_V,.jpg,\\amssclgis10.ams.gmams.cl\CL_MLP_PAO\Vuelos_Drone_Sin_Procesar\INPUT\20260519_Geosupport\SOLO_JPG_19May26\GEOSP-TRN-002617\DJI_202605131052_002\DJI_20260513111635_0029_V.JPG,SOLO_JPG_19May26\GEOSP-TRN-002617\DJI_202605131052_002\DJI_20260513111635_0029_V.JPG,1.279,2026-06-08 10:33:18
DJI_20260513124533_0002_V.JPG,DJI_20260513124533_0002_V,.jpg,\\amssclgis10.ams.gmams.cl\CL_MLP_PAO\Vuelos_Drone_Sin_Procesar\INPUT\20260519_Geosupport\SOLO_JPG_19May26\GEOSP-TRN-002618\GS_AFD_EM2-2_13-05-2026\DJI_20260513124533_0002_V.JPG,SOLO_JPG_19May26\GEOSP-TRN-002618\GS_AFD_EM2-2_13-05-2026\DJI_20260513124533_0002_V.JPG,0.87,2026-06-08 10:33:18
DJI_20260513124544_0004_V.JPG,DJI_20260513124544_0004_V,.jpg,\\amssclgis10.ams.gmams.cl\CL_MLP_PAO\Vuelos_Drone_Sin_Procesar\INPUT\20260519_Geosupport\SOLO_JPG_19May26\GEOSP-TRN-002618\GS_AFD_EM2-2_13-05-2026\DJI_20260513124544_0004_V.JPG,SOLO_JPG_19May26\GEOSP-TRN-002618\GS_AFD_EM2-2_13-05-2026\DJI_20260513124544_0004_V.JPG,0.877,2026-06-08 10:33:18
DJI_20260513124555_0005_V.JPG,DJI_20260513124555_0005_V,.jpg,\\amssclgis10.ams.gmams.cl\CL_MLP_PAO\Vuelos_Drone_Sin_Procesar\INPUT\20260519_Geosupport\SOLO_JPG_19May26\GEOSP-TRN-002618\GS_AFD_EM2-2_13-05-2026\DJI_20260513124555_0005_V.JPG,SOLO_JPG_19May26\GEOSP-TRN-002618\GS_AFD_EM2-2_13-05-2026\DJI_20260513124555_0005_V.JPG,0.837,2026-06-08 10:33:18
DJI_20260513124602_0006_V.JPG,DJI_20260513124602_0006_V,.jpg,\\amssclgis10.ams.gmams.cl\CL_MLP_PAO\Vuelos_Drone_Sin_Procesar\INPUT\20260519_Geosupport\SOLO_JPG_19May26\GEOSP-TRN-002618\GS_AFD_EM2-2_13-05-2026\DJI_20260513124602_0006_V.JPG,SOLO_JPG_19May26\GEOSP-TRN-002618\GS_AFD_EM2-2_13-05-2026\DJI_20260513124602_0006_V.JPG,0.845,2026-06-08 10:33:19
DJI_20260513124611_0007_V.JPG,DJI_20260513124611_0007_V,.jpg,\\amssclgis10.ams.gmams.cl\CL_MLP_PAO\Vuelos_Drone_Sin_Procesar\INPUT\20260519_Geosupport\SOLO_JPG_19May26\GEOSP-TRN-002618\GS_AFD_EM2-2_13-05-2026\DJI_20260513124611_0007_V.JPG,SOLO_JPG_19May26\GEOSP-TRN-002618\GS_AFD_EM2-2_13-05-2026\DJI_20260513124611_0007_V.JPG,0.859,2026-06-08 10:33:19
DJI_20260513124620_0008_V.JPG,DJI_20260513124620_0008_V,.jpg,\\amssclgis10.ams.gmams.cl\CL_MLP_PAO\Vuelos_Drone_Sin_Procesar\INPUT\20260519_Geosupport\SOLO_JPG_19May26\GEOSP-TRN-002618\GS_AFD_EM2-2_13-05-2026\DJI_20260513124620_0008_V.JPG,SOLO_JPG_19May26\GEOSP-TRN-002618\GS_AFD_EM2-2_13-05-2026\DJI_20260513124620_0008_V.JPG,0.893,2026-06-08 10:33:19
DJI_20260513134939_0002_V.JPG,DJI_20260513134939_0002_V,.jpg,\\amssclgis10.ams.gmams.cl\CL_MLP_PAO\Vuelos_Drone_Sin_Procesar\INPUT\20260519_Geosupport\SOLO_JPG_19May26\GEOSP-TRN-002619\AFD\DJI_20260513134939_0002_V.JPG,SOLO_JPG_19May26\GEOSP-TRN-002619\AFD\DJI_20260513134939_0002_V.JPG,1.243,2026-06-08 10:33:19
DJI_20260513135006_0003_V.JPG,DJI_20260513135006_0003_V,.jpg,\\amssclgis10.ams.gmams.cl\CL_MLP_PAO\Vuelos_Drone_Sin_Procesar\INPUT\20260519_Geosupport\SOLO_JPG_19May26\GEOSP-TRN-002619\AFD\DJI_20260513135006_0003_V.JPG,SOLO_JPG_19May26\GEOSP-TRN-002619\AFD\DJI_20260513135006_0003_V.JPG,1.314,2026-06-08 10:33:20
DJI_20260513135027_0004_V.JPG,DJI_20260513135027_0004_V,.jpg,\\amssclgis10.ams.gmams.cl\CL_MLP_PAO\Vuelos_Drone_Sin_Procesar\INPUT\20260519_Geosupport\SOLO_JPG_19May26\GEOSP-TRN-002619\AFD\DJI_20260513135027_0004_V.JPG,SOLO_JPG_19May26\GEOSP-TRN-002619\AFD\DJI_20260513135027_0004_V.JPG,1.281,2026-06-08 10:33:20
DJI_20260513135042_0005_V.JPG,DJI_20260513135042_0005_V,.jpg,\\amssclgis10.ams.gmams.cl\CL_MLP_PAO\Vuelos_Drone_Sin_Procesar\INPUT\20260519_Geosupport\SOLO_JPG_19May26\GEOSP-TRN-002619\AFD\DJI_20260513135042_0005_V.JPG,SOLO_JPG_19May26\GEOSP-TRN-002619\AFD\DJI_20260513135042_0005_V.JPG,1.247,2026-06-08 10:33:20
DJI_20260513135103_0006_V.JPG,DJI_20260513135103_0006_V,.jpg,\\amssclgis10.ams.gmams.cl\CL_MLP_PAO\Vuelos_Drone_Sin_Procesar\INPUT\20260519_Geosupport\SOLO_JPG_19May26\GEOSP-TRN-002619\AFD\DJI_20260513135103_0006_V.JPG,SOLO_JPG_19May26\GEOSP-TRN-002619\AFD\DJI_20260513135103_0006_V.JPG,1.175,2026-06-08 10:33:21
DJI_20260513142204_0002_V.JPG,DJI_20260513142204_0002_V,.jpg,\\amssclgis10.ams.gmams.cl\CL_MLP_PAO\Vuelos_Drone_Sin_Procesar\INPUT\20260519_Geosupport\SOLO_JPG_19May26\GEOSP-TRN-002620\GS_AFD_ED N°2 (prioridad 17)\DJI_20260513142204_0002_V.JPG,SOLO_JPG_19May26\GEOSP-TRN-002620\GS_AFD_ED N°2 (prioridad 17)\DJI_20260513142204_0002_V.JPG,0.839,2026-06-08 10:33:21
DJI_20260513142219_0004_V.JPG,DJI_20260513142219_0004_V,.jpg,\\amssclgis10.ams.gmams.cl\CL_MLP_PAO\Vuelos_Drone_Sin_Procesar\INPUT\20260519_Geosupport\SOLO_JPG_19May26\GEOSP-TRN-002620\GS_AFD_ED N°2 (prioridad 17)\DJI_20260513142219_0004_V.JPG,SOLO_JPG_19May26\GEOSP-TRN-002620\GS_AFD_ED N°2 (prioridad 17)\DJI_20260513142219_0004_V.JPG,0.89,2026-06-08 10:33:21
DJI_20260513142259_0005_V.JPG,DJI_20260513142259_0005_V,.jpg,\\amssclgis10.ams.gmams.cl\CL_MLP_PAO\Vuelos_Drone_Sin_Procesar\INPUT\20260519_Geosupport\SOLO_JPG_19May26\GEOSP-TRN-002620\GS_AFD_ED N°2 (prioridad 17)\DJI_20260513142259_0005_V.JPG,SOLO_JPG_19May26\GEOSP-TRN-002620\GS_AFD_ED N°2 (prioridad 17)\DJI_20260513142259_0005_V.JPG,0.797,2026-06-08 10:33:21
DJI_20260513142308_0006_V.JPG,DJI_20260513142308_0006_V,.jpg,\\amssclgis10.ams.gmams.cl\CL_MLP_PAO\Vuelos_Drone_Sin_Procesar\INPUT\20260519_Geosupport\SOLO_JPG_19May26\GEOSP-TRN-002620\GS_AFD_ED N°2 (prioridad 17)\DJI_20260513142308_0006_V.JPG,SOLO_JPG_19May26\GEOSP-TRN-002620\GS_AFD_ED N°2 (prioridad 17)\DJI_20260513142308_0006_V.JPG,0.818,2026-06-08 10:33:21
DJI_20260513142321_0007_V.JPG,DJI_20260513142321_0007_V,.jpg,\\amssclgis10.ams.gmams.cl\CL_MLP_PAO\Vuelos_Drone_Sin_Procesar\INPUT\20260519_Geosupport\SOLO_JPG_19May26\GEOSP-TRN-002620\GS_AFD_ED N°2 (prioridad 17)\DJI_20260513142321_0007_V.JPG,SOLO_JPG_19May26\GEOSP-TRN-002620\GS_AFD_ED N°2 (prioridad 17)\DJI_20260513142321_0007_V.JPG,0.913,2026-06-08 10:33:21
DJI_20260513142338_0008_V.JPG,DJI_20260513142338_0008_V,.jpg,\\amssclgis10.ams.gmams.cl\CL_MLP_PAO\Vuelos_Drone_Sin_Procesar\INPUT\20260519_Geosupport\SOLO_JPG_19May26\GEOSP-TRN-002620\GS_AFD_ED N°2 (prioridad 17)\DJI_20260513142338_0008_V.JPG,SOLO_JPG_19May26\GEOSP-TRN-002620\GS_AFD_ED N°2 (prioridad 17)\DJI_20260513142338_0008_V.JPG,0.796,2026-06-08 10:33:22
DJI_20260513142402_0009_V.JPG,DJI_20260513142402_0009_V,.jpg,\\amssclgis10.ams.gmams.cl\CL_MLP_PAO\Vuelos_Drone_Sin_Procesar\INPUT\20260519_Geosupport\SOLO_JPG_19May26\GEOSP-TRN-002620\GS_AFD_ED N°2 (prioridad 17)\DJI_20260513142402_0009_V.JPG,SOLO_JPG_19May26\GEOSP-TRN-002620\GS_AFD_ED N°2 (prioridad 17)\DJI_20260513142402_0009_V.JPG,0.961,2026-06-08 10:33:22
DJI_20260513142406_0010_V.JPG,DJI_20260513142406_0010_V,.jpg,\\amssclgis10.ams.gmams.cl\CL_MLP_PAO\Vuelos_Drone_Sin_Procesar\INPUT\20260519_Geosupport\SOLO_JPG_19May26\GEOSP-TRN-002620\GS_AFD_ED N°2 (prioridad 17)\DJI_20260513142406_0010_V.JPG,SOLO_JPG_19May26\GEOSP-TRN-002620\GS_AFD_ED N°2 (prioridad 17)\DJI_20260513142406_0010_V.JPG,0.946,2026-06-08 10:33:22
DJI_20260513142409_0011_V.JPG,DJI_20260513142409_0011_V,.jpg,\\amssclgis10.ams.gmams.cl\CL_MLP_PAO\Vuelos_Drone_Sin_Procesar\INPUT\20260519_Geosupport\SOLO_JPG_19May26\GEOSP-TRN-002620\GS_AFD_ED N°2 (prioridad 17)\DJI_20260513142409_0011_V.JPG,SOLO_JPG_19May26\GEOSP-TRN-002620\GS_AFD_ED N°2 (prioridad 17)\DJI_20260513142409_0011_V.JPG,0.915,2026-06-08 10:33:23
DJI_20260513142413_0012_V.JPG,DJI_20260513142413_0012_V,.jpg,\\amssclgis10.ams.gmams.cl\CL_MLP_PAO\Vuelos_Drone_Sin_Procesar\INPUT\20260519_Geosupport\SOLO_JPG_19May26\GEOSP-TRN-002620\GS_AFD_ED N°2 (prioridad 17)\DJI_20260513142413_0012_V.JPG,SOLO_JPG_19May26\GEOSP-TRN-002620\GS_AFD_ED N°2 (prioridad 17)\DJI_20260513142413_0012_V.JPG,0.927,2026-06-08 10:33:23
DJI_20260513142419_0013_V.JPG,DJI_20260513142419_0013_V,.jpg,\\amssclgis10.ams.gmams.cl\CL_MLP_PAO\Vuelos_Drone_Sin_Procesar\INPUT\20260519_Geosupport\SOLO_JPG_19May26\GEOSP-TRN-002620\GS_AFD_ED N°2 (prioridad 17)\DJI_20260513142419_0013_V.JPG,SOLO_JPG_19May26\GEOSP-TRN-002620\GS_AFD_ED N°2 (prioridad 17)\DJI_20260513142419_0013_V.JPG,0.972,2026-06-08 10:33:23
DJI_20260513142424_0014_V.JPG,DJI_20260513142424_0014_V,.jpg,\\amssclgis10.ams.gmams.cl\CL_MLP_PAO\Vuelos_Drone_Sin_Procesar\INPUT\20260519_Geosupport\SOLO_JPG_19May26\GEOSP-TRN-002620\GS_AFD_ED N°2 (prioridad 17)\DJI_20260513142424_0014_V.JPG,SOLO_JPG_19May26\GEOSP-TRN-002620\GS_AFD_ED N°2 (prioridad 17)\DJI_20260513142424_0014_V.JPG,1.004,2026-06-08 10:33:24
DJI_20260513142428_0015_V.JPG,DJI_20260513142428_0015_V,.jpg,\\amssclgis10.ams.gmams.cl\CL_MLP_PAO\Vuelos_Drone_Sin_Procesar\INPUT\20260519_Geosupport\SOLO_JPG_19May26\GEOSP-TRN-002620\GS_AFD_ED N°2 (prioridad 17)\DJI_20260513142428_0015_V.JPG,SOLO_JPG_19May26\GEOSP-TRN-002620\GS_AFD_ED N°2 (prioridad 17)\DJI_20260513142428_0015_V.JPG,0.954,2026-06-08 10:33:24
DJI_20260513142431_0016_V.JPG,DJI_20260513142431_0016_V,.jpg,\\amssclgis10.ams.gmams.cl\CL_MLP_PAO\Vuelos_Drone_Sin_Procesar\INPUT\20260519_Geosupport\SOLO_JPG_19May26\GEOSP-TRN-002620\GS_AFD_ED N°2 (prioridad 17)\DJI_20260513142431_0016_V.JPG,SOLO_JPG_19May26\GEOSP-TRN-002620\GS_AFD_ED N°2 (prioridad 17)\DJI_20260513142431_0016_V.JPG,0.987,2026-06-08 10:33:24
DJI_20260513142447_0017_V.JPG,DJI_20260513142447_0017_V,.jpg,\\amssclgis10.ams.gmams.cl\CL_MLP_PAO\Vuelos_Drone_Sin_Procesar\INPUT\20260519_Geosupport\SOLO_JPG_19May26\GEOSP-TRN-002620\GS_AFD_ED N°2 (prioridad 17)\DJI_20260513142447_0017_V.JPG,SOLO_JPG_19May26\GEOSP-TRN-002620\GS_AFD_ED N°2 (prioridad 17)\DJI_20260513142447_0017_V.JPG,0.882,2026-06-08 10:33:25
DJI_20260513142451_0018_V.JPG,DJI_20260513142451_0018_V,.jpg,\\amssclgis10.ams.gmams.cl\CL_MLP_PAO\Vuelos_Drone_Sin_Procesar\INPUT\20260519_Geosupport\SOLO_JPG_19May26\GEOSP-TRN-002620\GS_AFD_ED N°2 (prioridad 17)\DJI_20260513142451_0018_V.JPG,SOLO_JPG_19May26\GEOSP-TRN-002620\GS_AFD_ED N°2 (prioridad 17)\DJI_20260513142451_0018_V.JPG,0.997,2026-06-08 10:33:25
DJI_20260513142457_0019_V.JPG,DJI_20260513142457_0019_V,.jpg,\\amssclgis10.ams.gmams.cl\CL_MLP_PAO\Vuelos_Drone_Sin_Procesar\INPUT\20260519_Geosupport\SOLO_JPG_19May26\GEOSP-TRN-002620\GS_AFD_ED N°2 (prioridad 17)\DJI_20260513142457_0019_V.JPG,SOLO_JPG_19May26\GEOSP-TRN-002620\GS_AFD_ED N°2 (prioridad 17)\DJI_20260513142457_0019_V.JPG,0.803,2026-06-08 10:33:25
DJI_20260513142459_0020_V.JPG,DJI_20260513142459_0020_V,.jpg,\\amssclgis10.ams.gmams.cl\CL_MLP_PAO\Vuelos_Drone_Sin_Procesar\INPUT\20260519_Geosupport\SOLO_JPG_19May26\GEOSP-TRN-002620\GS_AFD_ED N°2 (prioridad 17)\DJI_20260513142459_0020_V.JPG,SOLO_JPG_19May26\GEOSP-TRN-002620\GS_AFD_ED N°2 (prioridad 17)\DJI_20260513142459_0020_V.JPG,0.836,2026-06-08 10:33:25
DJI_20260513142504_0021_V.JPG,DJI_20260513142504_0021_V,.jpg,\\amssclgis10.ams.gmams.cl\CL_MLP_PAO\Vuelos_Drone_Sin_Procesar\INPUT\20260519_Geosupport\SOLO_JPG_19May26\GEOSP-TRN-002620\GS_AFD_ED N°2 (prioridad 17)\DJI_20260513142504_0021_V.JPG,SOLO_JPG_19May26\GEOSP-TRN-002620\GS_AFD_ED N°2 (prioridad 17)\DJI_20260513142504_0021_V.JPG,0.92,2026-06-08 10:33:26
DJI_20260513142509_0022_V.JPG,DJI_20260513142509_0022_V,.jpg,\\amssclgis10.ams.gmams.cl\CL_MLP_PAO\Vuelos_Drone_Sin_Procesar\INPUT\20260519_Geosupport\SOLO_JPG_19May26\GEOSP-TRN-002620\GS_AFD_ED N°2 (prioridad 17)\DJI_20260513142509_0022_V.JPG,SOLO_JPG_19May26\GEOSP-TRN-002620\GS_AFD_ED N°2 (prioridad 17)\DJI_20260513142509_0022_V.JPG,0.932,2026-06-08 10:33:26
DJI_20260513142515_0023_V.JPG,DJI_20260513142515_0023_V,.jpg,\\amssclgis10.ams.gmams.cl\CL_MLP_PAO\Vuelos_Drone_Sin_Procesar\INPUT\20260519_Geosupport\SOLO_JPG_19May26\GEOSP-TRN-002620\GS_AFD_ED N°2 (prioridad 17)\DJI_20260513142515_0023_V.JPG,SOLO_JPG_19May26\GEOSP-TRN-002620\GS_AFD_ED N°2 (prioridad 17)\DJI_20260513142515_0023_V.JPG,0.817,2026-06-08 10:33:26
DJI_20260513142518_0024_V.JPG,DJI_20260513142518_0024_V,.jpg,\\amssclgis10.ams.gmams.cl\CL_MLP_PAO\Vuelos_Drone_Sin_Procesar\INPUT\20260519_Geosupport\SOLO_JPG_19May26\GEOSP-TRN-002620\GS_AFD_ED N°2 (prioridad 17)\DJI_20260513142518_0024_V.JPG,SOLO_JPG_19May26\GEOSP-TRN-002620\GS_AFD_ED N°2 (prioridad 17)\DJI_20260513142518_0024_V.JPG,0.866,2026-06-08 10:33:27
DJI_20260513142530_0025_V.JPG,DJI_20260513142530_0025_V,.jpg,\\amssclgis10.ams.gmams.cl\CL_MLP_PAO\Vuelos_Drone_Sin_Procesar\INPUT\20260519_Geosupport\SOLO_JPG_19May26\GEOSP-TRN-002620\GS_AFD_ED N°2 (prioridad 17)\DJI_20260513142530_0025_V.JPG,SOLO_JPG_19May26\GEOSP-TRN-002620\GS_AFD_ED N°2 (prioridad 17)\DJI_20260513142530_0025_V.JPG,0.897,2026-06-08 10:33:27
DJI_20260513142535_0026_V.JPG,DJI_20260513142535_0026_V,.jpg,\\amssclgis10.ams.gmams.cl\CL_MLP_PAO\Vuelos_Drone_Sin_Procesar\INPUT\20260519_Geosupport\SOLO_JPG_19May26\GEOSP-TRN-002620\GS_AFD_ED N°2 (prioridad 17)\DJI_20260513142535_0026_V.JPG,SOLO_JPG_19May26\GEOSP-TRN-002620\GS_AFD_ED N°2 (prioridad 17)\DJI_20260513142535_0026_V.JPG,0.909,2026-06-08 10:33:27
DJI_20260513142539_0027_V.JPG,DJI_20260513142539_0027_V,.jpg,\\amssclgis10.ams.gmams.cl\CL_MLP_PAO\Vuelos_Drone_Sin_Procesar\INPUT\20260519_Geosupport\SOLO_JPG_19May26\GEOSP-TRN-002620\GS_AFD_ED N°2 (prioridad 17)\DJI_20260513142539_0027_V.JPG,SOLO_JPG_19May26\GEOSP-TRN-002620\GS_AFD_ED N°2 (prioridad 17)\DJI_20260513142539_0027_V.JPG,0.838,2026-06-08 10:33:28
DJI_20260513142542_0028_V.JPG,DJI_20260513142542_0028_V,.jpg,\\amssclgis10.ams.gmams.cl\CL_MLP_PAO\Vuelos_Drone_Sin_Procesar\INPUT\20260519_Geosupport\SOLO_JPG_19May26\GEOSP-TRN-002620\GS_AFD_ED N°2 (prioridad 17)\DJI_20260513142542_0028_V.JPG,SOLO_JPG_19May26\GEOSP-TRN-002620\GS_AFD_ED N°2 (prioridad 17)\DJI_20260513142542_0028_V.JPG,0.955,2026-06-08 10:33:28
DJI_20260513142550_0029_V.JPG,DJI_20260513142550_0029_V,.jpg,\\amssclgis10.ams.gmams.cl\CL_MLP_PAO\Vuelos_Drone_Sin_Procesar\INPUT\20260519_Geosupport\SOLO_JPG_19May26\GEOSP-TRN-002620\GS_AFD_ED N°2 (prioridad 17)\DJI_20260513142550_0029_V.JPG,SOLO_JPG_19May26\GEOSP-TRN-002620\GS_AFD_ED N°2 (prioridad 17)\DJI_20260513142550_0029_V.JPG,0.936,2026-06-08 10:33:28
DJI_20260513142554_0030_V.JPG,DJI_20260513142554_0030_V,.jpg,\\amssclgis10.ams.gmams.cl\CL_MLP_PAO\Vuelos_Drone_Sin_Procesar\INPUT\20260519_Geosupport\SOLO_JPG_19May26\GEOSP-TRN-002620\GS_AFD_ED N°2 (prioridad 17)\DJI_20260513142554_0030_V.JPG,SOLO_JPG_19May26\GEOSP-TRN-002620\GS_AFD_ED N°2 (prioridad 17)\DJI_20260513142554_0030_V.JPG,0.963,2026-06-08 10:33:29
DJI_20260513142558_0031_V.JPG,DJI_20260513142558_0031_V,.jpg,\\amssclgis10.ams.gmams.cl\CL_MLP_PAO\Vuelos_Drone_Sin_Procesar\INPUT\20260519_Geosupport\SOLO_JPG_19May26\GEOSP-TRN-002620\GS_AFD_ED N°2 (prioridad 17)\DJI_20260513142558_0031_V.JPG,SOLO_JPG_19May26\GEOSP-TRN-002620\GS_AFD_ED N°2 (prioridad 17)\DJI_20260513142558_0031_V.JPG,0.963,2026-06-08 10:33:29
DJI_20260513142601_0032_V.JPG,DJI_20260513142601_0032_V,.jpg,\\amssclgis10.ams.gmams.cl\CL_MLP_PAO\Vuelos_Drone_Sin_Procesar\INPUT\20260519_Geosupport\SOLO_JPG_19May26\GEOSP-TRN-002620\GS_AFD_ED N°2 (prioridad 17)\DJI_20260513142601_0032_V.JPG,SOLO_JPG_19May26\GEOSP-TRN-002620\GS_AFD_ED N°2 (prioridad 17)\DJI_20260513142601_0032_V.JPG,0.901,2026-06-08 10:33:29
DJI_20260513142604_0033_V.JPG,DJI_20260513142604_0033_V,.jpg,\\amssclgis10.ams.gmams.cl\CL_MLP_PAO\Vuelos_Drone_Sin_Procesar\INPUT\20260519_Geosupport\SOLO_JPG_19May26\GEOSP-TRN-002620\GS_AFD_ED N°2 (prioridad 17)\DJI_20260513142604_0033_V.JPG,SOLO_JPG_19May26\GEOSP-TRN-002620\GS_AFD_ED N°2 (prioridad 17)\DJI_20260513142604_0033_V.JPG,0.946,2026-06-08 10:33:30
DJI_20260513111928_0001_V.JPG,DJI_20260513111928_0001_V,.jpg,\\amssclgis10.ams.gmams.cl\CL_MLP_PAO\Vuelos_Drone_Sin_Procesar\INPUT\20260519_Geosupport\SOLO_JPG_19May26\GEOSP-TRN-002621\DJI_202605131118_003\DJI_20260513111928_0001_V.JPG,SOLO_JPG_19May26\GEOSP-TRN-002621\DJI_202605131118_003\DJI_20260513111928_0001_V.JPG,1.197,2026-06-08 10:33:30
DJI_20260513111950_0003_V.JPG,DJI_20260513111950_0003_V,.jpg,\\amssclgis10.ams.gmams.cl\CL_MLP_PAO\Vuelos_Drone_Sin_Procesar\INPUT\20260519_Geosupport\SOLO_JPG_19May26\GEOSP-TRN-002621\DJI_202605131118_003\DJI_20260513111950_0003_V.JPG,SOLO_JPG_19May26\GEOSP-TRN-002621\DJI_202605131118_003\DJI_20260513111950_0003_V.JPG,1.276,2026-06-08 10:33:30
DJI_20260513111959_0004_V.JPG,DJI_20260513111959_0004_V,.jpg,\\amssclgis10.ams.gmams.cl\CL_MLP_PAO\Vuelos_Drone_Sin_Procesar\INPUT\20260519_Geosupport\SOLO_JPG_19May26\GEOSP-TRN-002621\DJI_202605131118_003\DJI_20260513111959_0004_V.JPG,SOLO_JPG_19May26\GEOSP-TRN-002621\DJI_202605131118_003\DJI_20260513111959_0004_V.JPG,1.186,2026-06-08 10:33:31
DJI_20260513112015_0005_V.JPG,DJI_20260513112015_0005_V,.jpg,\\amssclgis10.ams.gmams.cl\CL_MLP_PAO\Vuelos_Drone_Sin_Procesar\INPUT\20260519_Geosupport\SOLO_JPG_19May26\GEOSP-TRN-002621\DJI_202605131118_003\DJI_20260513112015_0005_V.JPG,SOLO_JPG_19May26\GEOSP-TRN-002621\DJI_202605131118_003\DJI_20260513112015_0005_V.JPG,1.323,2026-06-08 10:33:31
DJI_20260513112027_0006_V.JPG,DJI_20260513112027_0006_V,.jpg,\\amssclgis10.ams.gmams.cl\CL_MLP_PAO\Vuelos_Drone_Sin_Procesar\INPUT\20260519_Geosupport\SOLO_JPG_19May26\GEOSP-TRN-002621\DJI_202605131118_003\DJI_20260513112027_0006_V.JPG,SOLO_JPG_19May26\GEOSP-TRN-002621\DJI_202605131118_003\DJI_20260513112027_0006_V.JPG,1.268,2026-06-08 10:33:31
DJI_20260513112038_0007_V.JPG,DJI_20260513112038_0007_V,.jpg,\\amssclgis10.ams.gmams.cl\CL_MLP_PAO\Vuelos_Drone_Sin_Procesar\INPUT\20260519_Geosupport\SOLO_JPG_19May26\GEOSP-TRN-002621\DJI_202605131118_003\DJI_20260513112038_0007_V.JPG,SOLO_JPG_19May26\GEOSP-TRN-002621\DJI_202605131118_003\DJI_20260513112038_0007_V.JPG,1.314,2026-06-08 10:33:32
DJI_20260513112104_0008_V.JPG,DJI_20260513112104_0008_V,.jpg,\\amssclgis10.ams.gmams.cl\CL_MLP_PAO\Vuelos_Drone_Sin_Procesar\INPUT\20260519_Geosupport\SOLO_JPG_19May26\GEOSP-TRN-002621\DJI_202605131118_003\DJI_20260513112104_0008_V.JPG,SOLO_JPG_19May26\GEOSP-TRN-002621\DJI_202605131118_003\DJI_20260513112104_0008_V.JPG,1.254,2026-06-08 10:33:32
DJI_20260513112117_0009_V.JPG,DJI_20260513112117_0009_V,.jpg,\\amssclgis10.ams.gmams.cl\CL_MLP_PAO\Vuelos_Drone_Sin_Procesar\INPUT\20260519_Geosupport\SOLO_JPG_19May26\GEOSP-TRN-002621\DJI_202605131118_003\DJI_20260513112117_0009_V.JPG,SOLO_JPG_19May26\GEOSP-TRN-002621\DJI_202605131118_003\DJI_20260513112117_0009_V.JPG,1.272,2026-06-08 10:33:33
DJI_20260513112150_0011_V.JPG,DJI_20260513112150_0011_V,.jpg,\\amssclgis10.ams.gmams.cl\CL_MLP_PAO\Vuelos_Drone_Sin_Procesar\INPUT\20260519_Geosupport\SOLO_JPG_19May26\GEOSP-TRN-002621\DJI_202605131118_003\DJI_20260513112150_0011_V.JPG,SOLO_JPG_19May26\GEOSP-TRN-002621\DJI_202605131118_003\DJI_20260513112150_0011_V.JPG,1.236,2026-06-08 10:33:33
DJI_20260513135602_0002_V.JPG,DJI_20260513135602_0002_V,.jpg,\\amssclgis10.ams.gmams.cl\CL_MLP_PAO\Vuelos_Drone_Sin_Procesar\INPUT\20260519_Geosupport\SOLO_JPG_19May26\GEOSP-TRN-002622\DJI_202605131354_004\DJI_20260513135602_0002_V.JPG,SOLO_JPG_19May26\GEOSP-TRN-002622\DJI_202605131354_004\DJI_20260513135602_0002_V.JPG,0.876,2026-06-08 10:33:33
DJI_20260513135620_0003_V.JPG,DJI_20260513135620_0003_V,.jpg,\\amssclgis10.ams.gmams.cl\CL_MLP_PAO\Vuelos_Drone_Sin_Procesar\INPUT\20260519_Geosupport\SOLO_JPG_19May26\GEOSP-TRN-002622\DJI_202605131354_004\DJI_20260513135620_0003_V.JPG,SOLO_JPG_19May26\GEOSP-TRN-002622\DJI_202605131354_004\DJI_20260513135620_0003_V.JPG,0.913,2026-06-08 10:33:33
DJI_20260513135635_0004_V.JPG,DJI_20260513135635_0004_V,.jpg,\\amssclgis10.ams.gmams.cl\CL_MLP_PAO\Vuelos_Drone_Sin_Procesar\INPUT\20260519_Geosupport\SOLO_JPG_19May26\GEOSP-TRN-002622\DJI_202605131354_004\DJI_20260513135635_0004_V.JPG,SOLO_JPG_19May26\GEOSP-TRN-002622\DJI_202605131354_004\DJI_20260513135635_0004_V.JPG,0.926,2026-06-08 10:33:34
DJI_20260513135645_0005_V.JPG,DJI_20260513135645_0005_V,.jpg,\\amssclgis10.ams.gmams.cl\CL_MLP_PAO\Vuelos_Drone_Sin_Procesar\INPUT\20260519_Geosupport\SOLO_JPG_19May26\GEOSP-TRN-002622\DJI_202605131354_004\DJI_20260513135645_0005_V.JPG,SOLO_JPG_19May26\GEOSP-TRN-002622\DJI_202605131354_004\DJI_20260513135645_0005_V.JPG,0.898,2026-06-08 10:33:34
DJI_20260513135715_0006_V.JPG,DJI_20260513135715_0006_V,.jpg,\\amssclgis10.ams.gmams.cl\CL_MLP_PAO\Vuelos_Drone_Sin_Procesar\INPUT\20260519_Geosupport\SOLO_JPG_19May26\GEOSP-TRN-002622\DJI_202605131354_004\DJI_20260513135715_0006_V.JPG,SOLO_JPG_19May26\GEOSP-TRN-002622\DJI_202605131354_004\DJI_20260513135715_0006_V.JPG,0.933,2026-06-08 10:33:34
DJI_20260513122554_0001_V.JPG,DJI_20260513122554_0001_V,.jpg,\\amssclgis10.ams.gmams.cl\CL_MLP_PAO\Vuelos_Drone_Sin_Procesar\INPUT\20260519_Geosupport\SOLO_JPG_19May26\GEOSP-TRN-002623\GS_AFD_ESTACIÓN INTERMEDIA 3 (PRIORIDAD 21)\DJI_20260513122554_0001_V.JPG,SOLO_JPG_19May26\GEOSP-TRN-002623\GS_AFD_ESTACIÓN INTERMEDIA 3 (PRIORIDAD 21)\DJI_20260513122554_0001_V.JPG,1.162,2026-06-08 10:33:34
DJI_20260513122642_0004_V.JPG,DJI_20260513122642_0004_V,.jpg,\\amssclgis10.ams.gmams.cl\CL_MLP_PAO\Vuelos_Drone_Sin_Procesar\INPUT\20260519_Geosupport\SOLO_JPG_19May26\GEOSP-TRN-002623\GS_AFD_ESTACIÓN INTERMEDIA 3 (PRIORIDAD 21)\DJI_20260513122642_0004_V.JPG,SOLO_JPG_19May26\GEOSP-TRN-002623\GS_AFD_ESTACIÓN INTERMEDIA 3 (PRIORIDAD 21)\DJI_20260513122642_0004_V.JPG,1.214,2026-06-08 10:33:35
DJI_20260513122706_0005_V.JPG,DJI_20260513122706_0005_V,.jpg,\\amssclgis10.ams.gmams.cl\CL_MLP_PAO\Vuelos_Drone_Sin_Procesar\INPUT\20260519_Geosupport\SOLO_JPG_19May26\GEOSP-TRN-002623\GS_AFD_ESTACIÓN INTERMEDIA 3 (PRIORIDAD 21)\DJI_20260513122706_0005_V.JPG,SOLO_JPG_19May26\GEOSP-TRN-002623\GS_AFD_ESTACIÓN INTERMEDIA 3 (PRIORIDAD 21)\DJI_20260513122706_0005_V.JPG,1.318,2026-06-08 10:33:35
DJI_20260513122802_0006_V.JPG,DJI_20260513122802_0006_V,.jpg,\\amssclgis10.ams.gmams.cl\CL_MLP_PAO\Vuelos_Drone_Sin_Procesar\INPUT\20260519_Geosupport\SOLO_JPG_19May26\GEOSP-TRN-002623\GS_AFD_ESTACIÓN INTERMEDIA 3 (PRIORIDAD 21)\DJI_20260513122802_0006_V.JPG,SOLO_JPG_19May26\GEOSP-TRN-002623\GS_AFD_ESTACIÓN INTERMEDIA 3 (PRIORIDAD 21)\DJI_20260513122802_0006_V.JPG,1.115,2026-06-08 10:33:36
DJI_20260513122847_0007_V.JPG,DJI_20260513122847_0007_V,.jpg,\\amssclgis10.ams.gmams.cl\CL_MLP_PAO\Vuelos_Drone_Sin_Procesar\INPUT\20260519_Geosupport\SOLO_JPG_19May26\GEOSP-TRN-002623\GS_AFD_ESTACIÓN INTERMEDIA 3 (PRIORIDAD 21)\DJI_20260513122847_0007_V.JPG,SOLO_JPG_19May26\GEOSP-TRN-002623\GS_AFD_ESTACIÓN INTERMEDIA 3 (PRIORIDAD 21)\DJI_20260513122847_0007_V.JPG,1.142,2026-06-08 10:33:36
DJI_20260513122920_0008_V.JPG,DJI_20260513122920_0008_V,.jpg,\\amssclgis10.ams.gmams.cl\CL_MLP_PAO\Vuelos_Drone_Sin_Procesar\INPUT\20260519_Geosupport\SOLO_JPG_19May26\GEOSP-TRN-002623\GS_AFD_ESTACIÓN INTERMEDIA 3 (PRIORIDAD 21)\DJI_20260513122920_0008_V.JPG,SOLO_JPG_19May26\GEOSP-TRN-002623\GS_AFD_ESTACIÓN INTERMEDIA 3 (PRIORIDAD 21)\DJI_20260513122920_0008_V.JPG,1.026,2026-06-08 10:33:36
DJI_20260513122932_0009_V.JPG,DJI_20260513122932_0009_V,.jpg,\\amssclgis10.ams.gmams.cl\CL_MLP_PAO\Vuelos_Drone_Sin_Procesar\INPUT\20260519_Geosupport\SOLO_JPG_19May26\GEOSP-TRN-002623\GS_AFD_ESTACIÓN INTERMEDIA 3 (PRIORIDAD 21)\DJI_20260513122932_0009_V.JPG,SOLO_JPG_19May26\GEOSP-TRN-002623\GS_AFD_ESTACIÓN INTERMEDIA 3 (PRIORIDAD 21)\DJI_20260513122932_0009_V.JPG,1.034,2026-06-08 10:33:37
DJI_20260513122948_0010_V.JPG,DJI_20260513122948_0010_V,.jpg,\\amssclgis10.ams.gmams.cl\CL_MLP_PAO\Vuelos_Drone_Sin_Procesar\INPUT\20260519_Geosupport\SOLO_JPG_19May26\GEOSP-TRN-002623\GS_AFD_ESTACIÓN INTERMEDIA 3 (PRIORIDAD 21)\DJI_20260513122948_0010_V.JPG,SOLO_JPG_19May26\GEOSP-TRN-002623\GS_AFD_ESTACIÓN INTERMEDIA 3 (PRIORIDAD 21)\DJI_20260513122948_0010_V.JPG,1.086,2026-06-08 10:33:37
DJI_20260513123018_0011_V.JPG,DJI_20260513123018_0011_V,.jpg,\\amssclgis10.ams.gmams.cl\CL_MLP_PAO\Vuelos_Drone_Sin_Procesar\INPUT\20260519_Geosupport\SOLO_JPG_19May26\GEOSP-TRN-002623\GS_AFD_ESTACIÓN INTERMEDIA 3 (PRIORIDAD 21)\DJI_20260513123018_0011_V.JPG,SOLO_JPG_19May26\GEOSP-TRN-002623\GS_AFD_ESTACIÓN INTERMEDIA 3 (PRIORIDAD 21)\DJI_20260513123018_0011_V.JPG,1.048,2026-06-08 10:33:37
DJI_20260513123046_0012_V.JPG,DJI_20260513123046_0012_V,.jpg,\\amssclgis10.ams.gmams.cl\CL_MLP_PAO\Vuelos_Drone_Sin_Procesar\INPUT\20260519_Geosupport\SOLO_JPG_19May26\GEOSP-TRN-002623\GS_AFD_ESTACIÓN INTERMEDIA 3 (PRIORIDAD 21)\DJI_20260513123046_0012_V.JPG,SOLO_JPG_19May26\GEOSP-TRN-002623\GS_AFD_ESTACIÓN INTERMEDIA 3 (PRIORIDAD 21)\DJI_20260513123046_0012_V.JPG,0.97,2026-06-08 10:33:38
DJI_20260513123104_0013_V.JPG,DJI_20260513123104_0013_V,.jpg,\\amssclgis10.ams.gmams.cl\CL_MLP_PAO\Vuelos_Drone_Sin_Procesar\INPUT\20260519_Geosupport\SOLO_JPG_19May26\GEOSP-TRN-002623\GS_AFD_ESTACIÓN INTERMEDIA 3 (PRIORIDAD 21)\DJI_20260513123104_0013_V.JPG,SOLO_JPG_19May26\GEOSP-TRN-002623\GS_AFD_ESTACIÓN INTERMEDIA 3 (PRIORIDAD 21)\DJI_20260513123104_0013_V.JPG,1.004,2026-06-08 10:33:38
DJI_20260513123126_0014_V.JPG,DJI_20260513123126_0014_V,.jpg,\\amssclgis10.ams.gmams.cl\CL_MLP_PAO\Vuelos_Drone_Sin_Procesar\INPUT\20260519_Geosupport\SOLO_JPG_19May26\GEOSP-TRN-002623\GS_AFD_ESTACIÓN INTERMEDIA 3 (PRIORIDAD 21)\DJI_20260513123126_0014_V.JPG,SOLO_JPG_19May26\GEOSP-TRN-002623\GS_AFD_ESTACIÓN INTERMEDIA 3 (PRIORIDAD 21)\DJI_20260513123126_0014_V.JPG,0.874,2026-06-08 10:33:38
DJI_20260513123151_0015_V.JPG,DJI_20260513123151_0015_V,.jpg,\\amssclgis10.ams.gmams.cl\CL_MLP_PAO\Vuelos_Drone_Sin_Procesar\INPUT\20260519_Geosupport\SOLO_JPG_19May26\GEOSP-TRN-002623\GS_AFD_ESTACIÓN INTERMEDIA 3 (PRIORIDAD 21)\DJI_20260513123151_0015_V.JPG,SOLO_JPG_19May26\GEOSP-TRN-002623\GS_AFD_ESTACIÓN INTERMEDIA 3 (PRIORIDAD 21)\DJI_20260513123151_0015_V.JPG,0.997,2026-06-08 10:33:39
DJI_20260513124155_0005_V.JPG,DJI_20260513124155_0005_V,.jpg,\\amssclgis10.ams.gmams.cl\CL_MLP_PAO\Vuelos_Drone_Sin_Procesar\INPUT\20260519_Geosupport\SOLO_JPG_19May26\GEOSP-TRN-002623\GS_AFD_ESTACIÓN INTERMEDIA 3 (PRIORIDAD 21)\DJI_20260513124155_0005_V.JPG,SOLO_JPG_19May26\GEOSP-TRN-002623\GS_AFD_ESTACIÓN INTERMEDIA 3 (PRIORIDAD 21)\DJI_20260513124155_0005_V.JPG,0.797,2026-06-08 10:33:39
DJI_20260513124235_0006_V.JPG,DJI_20260513124235_0006_V,.jpg,\\amssclgis10.ams.gmams.cl\CL_MLP_PAO\Vuelos_Drone_Sin_Procesar\INPUT\20260519_Geosupport\SOLO_JPG_19May26\GEOSP-TRN-002623\GS_AFD_ESTACIÓN INTERMEDIA 3 (PRIORIDAD 21)\DJI_20260513124235_0006_V.JPG,SOLO_JPG_19May26\GEOSP-TRN-002623\GS_AFD_ESTACIÓN INTERMEDIA 3 (PRIORIDAD 21)\DJI_20260513124235_0006_V.JPG,0.873,2026-06-08 10:33:40
DJI_20260513124248_0007_V.JPG,DJI_20260513124248_0007_V,.jpg,\\amssclgis10.ams.gmams.cl\CL_MLP_PAO\Vuelos_Drone_Sin_Procesar\INPUT\20260519_Geosupport\SOLO_JPG_19May26\GEOSP-TRN-002623\GS_AFD_ESTACIÓN INTERMEDIA 3 (PRIORIDAD 21)\DJI_20260513124248_0007_V.JPG,SOLO_JPG_19May26\GEOSP-TRN-002623\GS_AFD_ESTACIÓN INTERMEDIA 3 (PRIORIDAD 21)\DJI_20260513124248_0007_V.JPG,0.909,2026-06-08 10:33:40
DJI_20260513124302_0008_V.JPG,DJI_20260513124302_0008_V,.jpg,\\amssclgis10.ams.gmams.cl\CL_MLP_PAO\Vuelos_Drone_Sin_Procesar\INPUT\20260519_Geosupport\SOLO_JPG_19May26\GEOSP-TRN-002623\GS_AFD_ESTACIÓN INTERMEDIA 3 (PRIORIDAD 21)\DJI_20260513124302_0008_V.JPG,SOLO_JPG_19May26\GEOSP-TRN-002623\GS_AFD_ESTACIÓN INTERMEDIA 3 (PRIORIDAD 21)\DJI_20260513124302_0008_V.JPG,0.902,2026-06-08 10:33:40
DJI_20260513124314_0009_V.JPG,DJI_20260513124314_0009_V,.jpg,\\amssclgis10.ams.gmams.cl\CL_MLP_PAO\Vuelos_Drone_Sin_Procesar\INPUT\20260519_Geosupport\SOLO_JPG_19May26\GEOSP-TRN-002623\GS_AFD_ESTACIÓN INTERMEDIA 3 (PRIORIDAD 21)\DJI_20260513124314_0009_V.JPG,SOLO_JPG_19May26\GEOSP-TRN-002623\GS_AFD_ESTACIÓN INTERMEDIA 3 (PRIORIDAD 21)\DJI_20260513124314_0009_V.JPG,0.862,2026-06-08 10:33:41
DJI_20260513124327_0010_V.JPG,DJI_20260513124327_0010_V,.jpg,\\amssclgis10.ams.gmams.cl\CL_MLP_PAO\Vuelos_Drone_Sin_Procesar\INPUT\20260519_Geosupport\SOLO_JPG_19May26\GEOSP-TRN-002623\GS_AFD_ESTACIÓN INTERMEDIA 3 (PRIORIDAD 21)\DJI_20260513124327_0010_V.JPG,SOLO_JPG_19May26\GEOSP-TRN-002623\GS_AFD_ESTACIÓN INTERMEDIA 3 (PRIORIDAD 21)\DJI_20260513124327_0010_V.JPG,0.86,2026-06-08 10:33:41
DJI_20260513124335_0011_V.JPG,DJI_20260513124335_0011_V,.jpg,\\amssclgis10.ams.gmams.cl\CL_MLP_PAO\Vuelos_Drone_Sin_Procesar\INPUT\20260519_Geosupport\SOLO_JPG_19May26\GEOSP-TRN-002623\GS_AFD_ESTACIÓN INTERMEDIA 3 (PRIORIDAD 21)\DJI_20260513124335_0011_V.JPG,SOLO_JPG_19May26\GEOSP-TRN-002623\GS_AFD_ESTACIÓN INTERMEDIA 3 (PRIORIDAD 21)\DJI_20260513124335_0011_V.JPG,0.856,2026-06-08 10:33:41
DJI_20260513124350_0012_V.JPG,DJI_20260513124350_0012_V,.jpg,\\amssclgis10.ams.gmams.cl\CL_MLP_PAO\Vuelos_Drone_Sin_Procesar\INPUT\20260519_Geosupport\SOLO_JPG_19May26\GEOSP-TRN-002623\GS_AFD_ESTACIÓN INTERMEDIA 3 (PRIORIDAD 21)\DJI_20260513124350_0012_V.JPG,SOLO_JPG_19May26\GEOSP-TRN-002623\GS_AFD_ESTACIÓN INTERMEDIA 3 (PRIORIDAD 21)\DJI_20260513124350_0012_V.JPG,0.849,2026-06-08 10:33:42
DJI_20260513124409_0013_V.JPG,DJI_20260513124409_0013_V,.jpg,\\amssclgis10.ams.gmams.cl\CL_MLP_PAO\Vuelos_Drone_Sin_Procesar\INPUT\20260519_Geosupport\SOLO_JPG_19May26\GEOSP-TRN-002623\GS_AFD_ESTACIÓN INTERMEDIA 3 (PRIORIDAD 21)\DJI_20260513124409_0013_V.JPG,SOLO_JPG_19May26\GEOSP-TRN-002623\GS_AFD_ESTACIÓN INTERMEDIA 3 (PRIORIDAD 21)\DJI_20260513124409_0013_V.JPG,0.886,2026-06-08 10:33:42
DJI_20260513124429_0014_V.JPG,DJI_20260513124429_0014_V,.jpg,\\amssclgis10.ams.gmams.cl\CL_MLP_PAO\Vuelos_Drone_Sin_Procesar\INPUT\20260519_Geosupport\SOLO_JPG_19May26\GEOSP-TRN-002623\GS_AFD_ESTACIÓN INTERMEDIA 3 (PRIORIDAD 21)\DJI_20260513124429_0014_V.JPG,SOLO_JPG_19May26\GEOSP-TRN-002623\GS_AFD_ESTACIÓN INTERMEDIA 3 (PRIORIDAD 21)\DJI_20260513124429_0014_V.JPG,0.958,2026-06-08 10:33:42
DJI_20260513124437_0015_V.JPG,DJI_20260513124437_0015_V,.jpg,\\amssclgis10.ams.gmams.cl\CL_MLP_PAO\Vuelos_Drone_Sin_Procesar\INPUT\20260519_Geosupport\SOLO_JPG_19May26\GEOSP-TRN-002623\GS_AFD_ESTACIÓN INTERMEDIA 3 (PRIORIDAD 21)\DJI_20260513124437_0015_V.JPG,SOLO_JPG_19May26\GEOSP-TRN-002623\GS_AFD_ESTACIÓN INTERMEDIA 3 (PRIORIDAD 21)\DJI_20260513124437_0015_V.JPG,0.859,2026-06-08 10:33:43
DJI_20260513124455_0016_V.JPG,DJI_20260513124455_0016_V,.jpg,\\amssclgis10.ams.gmams.cl\CL_MLP_PAO\Vuelos_Drone_Sin_Procesar\INPUT\20260519_Geosupport\SOLO_JPG_19May26\GEOSP-TRN-002623\GS_AFD_ESTACIÓN INTERMEDIA 3 (PRIORIDAD 21)\DJI_20260513124455_0016_V.JPG,SOLO_JPG_19May26\GEOSP-TRN-002623\GS_AFD_ESTACIÓN INTERMEDIA 3 (PRIORIDAD 21)\DJI_20260513124455_0016_V.JPG,0.971,2026-06-08 10:33:43
DJI_20260513124528_0017_V.JPG,DJI_20260513124528_0017_V,.jpg,\\amssclgis10.ams.gmams.cl\CL_MLP_PAO\Vuelos_Drone_Sin_Procesar\INPUT\20260519_Geosupport\SOLO_JPG_19May26\GEOSP-TRN-002623\GS_AFD_ESTACIÓN INTERMEDIA 3 (PRIORIDAD 21)\DJI_20260513124528_0017_V.JPG,SOLO_JPG_19May26\GEOSP-TRN-002623\GS_AFD_ESTACIÓN INTERMEDIA 3 (PRIORIDAD 21)\DJI_20260513124528_0017_V.JPG,0.912,2026-06-08 10:33:43
DJI_20260513124544_0018_V.JPG,DJI_20260513124544_0018_V,.jpg,\\amssclgis10.ams.gmams.cl\CL_MLP_PAO\Vuelos_Drone_Sin_Procesar\INPUT\20260519_Geosupport\SOLO_JPG_19May26\GEOSP-TRN-002623\GS_AFD_ESTACIÓN INTERMEDIA 3 (PRIORIDAD 21)\DJI_20260513124544_0018_V.JPG,SOLO_JPG_19May26\GEOSP-TRN-002623\GS_AFD_ESTACIÓN INTERMEDIA 3 (PRIORIDAD 21)\DJI_20260513124544_0018_V.JPG,0.878,2026-06-08 10:33:44
DJI_20260513124613_0019_V.JPG,DJI_20260513124613_0019_V,.jpg,\\amssclgis10.ams.gmams.cl\CL_MLP_PAO\Vuelos_Drone_Sin_Procesar\INPUT\20260519_Geosupport\SOLO_JPG_19May26\GEOSP-TRN-002623\GS_AFD_ESTACIÓN INTERMEDIA 3 (PRIORIDAD 21)\DJI_20260513124613_0019_V.JPG,SOLO_JPG_19May26\GEOSP-TRN-002623\GS_AFD_ESTACIÓN INTERMEDIA 3 (PRIORIDAD 21)\DJI_20260513124613_0019_V.JPG,1.039,2026-06-08 10:33:44
DJI_20260513124627_0020_V.JPG,DJI_20260513124627_0020_V,.jpg,\\amssclgis10.ams.gmams.cl\CL_MLP_PAO\Vuelos_Drone_Sin_Procesar\INPUT\20260519_Geosupport\SOLO_JPG_19May26\GEOSP-TRN-002623\GS_AFD_ESTACIÓN INTERMEDIA 3 (PRIORIDAD 21)\DJI_20260513124627_0020_V.JPG,SOLO_JPG_19May26\GEOSP-TRN-002623\GS_AFD_ESTACIÓN INTERMEDIA 3 (PRIORIDAD 21)\DJI_20260513124627_0020_V.JPG,1.006,2026-06-08 10:33:45
DJI_20260513124642_0021_V.JPG,DJI_20260513124642_0021_V,.jpg,\\amssclgis10.ams.gmams.cl\CL_MLP_PAO\Vuelos_Drone_Sin_Procesar\INPUT\20260519_Geosupport\SOLO_JPG_19May26\GEOSP-TRN-002623\GS_AFD_ESTACIÓN INTERMEDIA 3 (PRIORIDAD 21)\DJI_20260513124642_0021_V.JPG,SOLO_JPG_19May26\GEOSP-TRN-002623\GS_AFD_ESTACIÓN INTERMEDIA 3 (PRIORIDAD 21)\DJI_20260513124642_0021_V.JPG,0.986,2026-06-08 10:33:45
DJI_20260513124656_0022_V.JPG,DJI_20260513124656_0022_V,.jpg,\\amssclgis10.ams.gmams.cl\CL_MLP_PAO\Vuelos_Drone_Sin_Procesar\INPUT\20260519_Geosupport\SOLO_JPG_19May26\GEOSP-TRN-002623\GS_AFD_ESTACIÓN INTERMEDIA 3 (PRIORIDAD 21)\DJI_20260513124656_0022_V.JPG,SOLO_JPG_19May26\GEOSP-TRN-002623\GS_AFD_ESTACIÓN INTERMEDIA 3 (PRIORIDAD 21)\DJI_20260513124656_0022_V.JPG,0.999,2026-06-08 10:33:45
DJI_20260513124718_0023_V.JPG,DJI_20260513124718_0023_V,.jpg,\\amssclgis10.ams.gmams.cl\CL_MLP_PAO\Vuelos_Drone_Sin_Procesar\INPUT\20260519_Geosupport\SOLO_JPG_19May26\GEOSP-TRN-002623\GS_AFD_ESTACIÓN INTERMEDIA 3 (PRIORIDAD 21)\DJI_20260513124718_0023_V.JPG,SOLO_JPG_19May26\GEOSP-TRN-002623\GS_AFD_ESTACIÓN INTERMEDIA 3 (PRIORIDAD 21)\DJI_20260513124718_0023_V.JPG,0.946,2026-06-08 10:33:46
DJI_20260513124800_0024_V.JPG,DJI_20260513124800_0024_V,.jpg,\\amssclgis10.ams.gmams.cl\CL_MLP_PAO\Vuelos_Drone_Sin_Procesar\INPUT\20260519_Geosupport\SOLO_JPG_19May26\GEOSP-TRN-002623\GS_AFD_ESTACIÓN INTERMEDIA 3 (PRIORIDAD 21)\DJI_20260513124800_0024_V.JPG,SOLO_JPG_19May26\GEOSP-TRN-002623\GS_AFD_ESTACIÓN INTERMEDIA 3 (PRIORIDAD 21)\DJI_20260513124800_0024_V.JPG,1.018,2026-06-08 10:33:46
DJI_20260514115518_0002_V.JPG,DJI_20260514115518_0002_V,.jpg,\\amssclgis10.ams.gmams.cl\CL_MLP_PAO\Vuelos_Drone_Sin_Procesar\INPUT\20260519_Geosupport\SOLO_JPG_19May26\GEOSP-TRN-002627\GS_AFD_ESTACIÓN DE MONITOREO N°3 (prioridad 24)\DJI_20260514115518_0002_V.JPG,SOLO_JPG_19May26\GEOSP-TRN-002627\GS_AFD_ESTACIÓN DE MONITOREO N°3 (prioridad 24)\DJI_20260514115518_0002_V.JPG,0.978,2026-06-08 10:33:46
DJI_20260514115613_0004_V.JPG,DJI_20260514115613_0004_V,.jpg,\\amssclgis10.ams.gmams.cl\CL_MLP_PAO\Vuelos_Drone_Sin_Procesar\INPUT\20260519_Geosupport\SOLO_JPG_19May26\GEOSP-TRN-002627\GS_AFD_ESTACIÓN DE MONITOREO N°3 (prioridad 24)\DJI_20260514115613_0004_V.JPG,SOLO_JPG_19May26\GEOSP-TRN-002627\GS_AFD_ESTACIÓN DE MONITOREO N°3 (prioridad 24)\DJI_20260514115613_0004_V.JPG,0.909,2026-06-08 10:33:46
DJI_20260514115639_0005_V.JPG,DJI_20260514115639_0005_V,.jpg,\\amssclgis10.ams.gmams.cl\CL_MLP_PAO\Vuelos_Drone_Sin_Procesar\INPUT\20260519_Geosupport\SOLO_JPG_19May26\GEOSP-TRN-002627\GS_AFD_ESTACIÓN DE MONITOREO N°3 (prioridad 24)\DJI_20260514115639_0005_V.JPG,SOLO_JPG_19May26\GEOSP-TRN-002627\GS_AFD_ESTACIÓN DE MONITOREO N°3 (prioridad 24)\DJI_20260514115639_0005_V.JPG,0.922,2026-06-08 10:33:46
DJI_20260514115730_0006_V.JPG,DJI_20260514115730_0006_V,.jpg,\\amssclgis10.ams.gmams.cl\CL_MLP_PAO\Vuelos_Drone_Sin_Procesar\INPUT\20260519_Geosupport\SOLO_JPG_19May26\GEOSP-TRN-002627\GS_AFD_ESTACIÓN DE MONITOREO N°3 (prioridad 24)\DJI_20260514115730_0006_V.JPG,SOLO_JPG_19May26\GEOSP-TRN-002627\GS_AFD_ESTACIÓN DE MONITOREO N°3 (prioridad 24)\DJI_20260514115730_0006_V.JPG,1.002,2026-06-08 10:33:47
DJI_20260514115740_0007_V.JPG,DJI_20260514115740_0007_V,.jpg,\\amssclgis10.ams.gmams.cl\CL_MLP_PAO\Vuelos_Drone_Sin_Procesar\INPUT\20260519_Geosupport\SOLO_JPG_19May26\GEOSP-TRN-002627\GS_AFD_ESTACIÓN DE MONITOREO N°3 (prioridad 24)\DJI_20260514115740_0007_V.JPG,SOLO_JPG_19May26\GEOSP-TRN-002627\GS_AFD_ESTACIÓN DE MONITOREO N°3 (prioridad 24)\DJI_20260514115740_0007_V.JPG,0.97,2026-06-08 10:33:47
DJI_20260514115753_0008_V.JPG,DJI_20260514115753_0008_V,.jpg,\\amssclgis10.ams.gmams.cl\CL_MLP_PAO\Vuelos_Drone_Sin_Procesar\INPUT\20260519_Geosupport\SOLO_JPG_19May26\GEOSP-TRN-002627\GS_AFD_ESTACIÓN DE MONITOREO N°3 (prioridad 24)\DJI_20260514115753_0008_V.JPG,SOLO_JPG_19May26\GEOSP-TRN-002627\GS_AFD_ESTACIÓN DE MONITOREO N°3 (prioridad 24)\DJI_20260514115753_0008_V.JPG,0.999,2026-06-08 10:33:47
DJI_20260514142710_0002_V.JPG,DJI_20260514142710_0002_V,.jpg,\\amssclgis10.ams.gmams.cl\CL_MLP_PAO\Vuelos_Drone_Sin_Procesar\INPUT\20260519_Geosupport\SOLO_JPG_19May26\GEOSP-TRN-002629\DJI_202605141418_004\DJI_20260514142710_0002_V.JPG,SOLO_JPG_19May26\GEOSP-TRN-002629\DJI_202605141418_004\DJI_20260514142710_0002_V.JPG,0.868,2026-06-08 10:33:47
DJI_20260514142719_0004_V.JPG,DJI_20260514142719_0004_V,.jpg,\\amssclgis10.ams.gmams.cl\CL_MLP_PAO\Vuelos_Drone_Sin_Procesar\INPUT\20260519_Geosupport\SOLO_JPG_19May26\GEOSP-TRN-002629\DJI_202605141418_004\DJI_20260514142719_0004_V.JPG,SOLO_JPG_19May26\GEOSP-TRN-002629\DJI_202605141418_004\DJI_20260514142719_0004_V.JPG,0.856,2026-06-08 10:33:47
DJI_20260514142726_0005_V.JPG,DJI_20260514142726_0005_V,.jpg,\\amssclgis10.ams.gmams.cl\CL_MLP_PAO\Vuelos_Drone_Sin_Procesar\INPUT\20260519_Geosupport\SOLO_JPG_19May26\GEOSP-TRN-002629\DJI_202605141418_004\DJI_20260514142726_0005_V.JPG,SOLO_JPG_19May26\GEOSP-TRN-002629\DJI_202605141418_004\DJI_20260514142726_0005_V.JPG,0.834,2026-06-08 10:33:47
DJI_20260514142802_0006_V.JPG,DJI_20260514142802_0006_V,.jpg,\\amssclgis10.ams.gmams.cl\CL_MLP_PAO\Vuelos_Drone_Sin_Procesar\INPUT\20260519_Geosupport\SOLO_JPG_19May26\GEOSP-TRN-002629\DJI_202605141418_004\DJI_20260514142802_0006_V.JPG,SOLO_JPG_19May26\GEOSP-TRN-002629\DJI_202605141418_004\DJI_20260514142802_0006_V.JPG,0.785,2026-06-08 10:33:48
DJI_20260514142818_0007_V.JPG,DJI_20260514142818_0007_V,.jpg,\\amssclgis10.ams.gmams.cl\CL_MLP_PAO\Vuelos_Drone_Sin_Procesar\INPUT\20260519_Geosupport\SOLO_JPG_19May26\GEOSP-TRN-002629\DJI_202605141418_004\DJI_20260514142818_0007_V.JPG,SOLO_JPG_19May26\GEOSP-TRN-002629\DJI_202605141418_004\DJI_20260514142818_0007_V.JPG,0.815,2026-06-08 10:33:48
DJI_20260514155555_0001_V.JPG,DJI_20260514155555_0001_V,.jpg,\\amssclgis10.ams.gmams.cl\CL_MLP_PAO\Vuelos_Drone_Sin_Procesar\INPUT\20260519_Geosupport\SOLO_JPG_19May26\GEOSP-TRN-002630\TORRE E35\DJI_20260514155555_0001_V.JPG,SOLO_JPG_19May26\GEOSP-TRN-002630\TORRE E35\DJI_20260514155555_0001_V.JPG,0.947,2026-06-08 10:33:48
DJI_20260514155605_0002_V.JPG,DJI_20260514155605_0002_V,.jpg,\\amssclgis10.ams.gmams.cl\CL_MLP_PAO\Vuelos_Drone_Sin_Procesar\INPUT\20260519_Geosupport\SOLO_JPG_19May26\GEOSP-TRN-002630\TORRE E35\DJI_20260514155605_0002_V.JPG,SOLO_JPG_19May26\GEOSP-TRN-002630\TORRE E35\DJI_20260514155605_0002_V.JPG,0.939,2026-06-08 10:33:49
DJI_20260514155621_0003_V.JPG,DJI_20260514155621_0003_V,.jpg,\\amssclgis10.ams.gmams.cl\CL_MLP_PAO\Vuelos_Drone_Sin_Procesar\INPUT\20260519_Geosupport\SOLO_JPG_19May26\GEOSP-TRN-002630\TORRE E35\DJI_20260514155621_0003_V.JPG,SOLO_JPG_19May26\GEOSP-TRN-002630\TORRE E35\DJI_20260514155621_0003_V.JPG,0.968,2026-06-08 10:33:49
DJI_20260514155632_0004_V.JPG,DJI_20260514155632_0004_V,.jpg,\\amssclgis10.ams.gmams.cl\CL_MLP_PAO\Vuelos_Drone_Sin_Procesar\INPUT\20260519_Geosupport\SOLO_JPG_19May26\GEOSP-TRN-002630\TORRE E35\DJI_20260514155632_0004_V.JPG,SOLO_JPG_19May26\GEOSP-TRN-002630\TORRE E35\DJI_20260514155632_0004_V.JPG,0.972,2026-06-08 10:33:49
DJI_20260514155645_0005_V.JPG,DJI_20260514155645_0005_V,.jpg,\\amssclgis10.ams.gmams.cl\CL_MLP_PAO\Vuelos_Drone_Sin_Procesar\INPUT\20260519_Geosupport\SOLO_JPG_19May26\GEOSP-TRN-002630\TORRE E35\DJI_20260514155645_0005_V.JPG,SOLO_JPG_19May26\GEOSP-TRN-002630\TORRE E35\DJI_20260514155645_0005_V.JPG,0.96,2026-06-08 10:33:50
DJI_20260514155717_0006_V.JPG,DJI_20260514155717_0006_V,.jpg,\\amssclgis10.ams.gmams.cl\CL_MLP_PAO\Vuelos_Drone_Sin_Procesar\INPUT\20260519_Geosupport\SOLO_JPG_19May26\GEOSP-TRN-002630\TORRE E36\DJI_20260514155717_0006_V.JPG,SOLO_JPG_19May26\GEOSP-TRN-002630\TORRE E36\DJI_20260514155717_0006_V.JPG,1.175,2026-06-08 10:33:50
DJI_20260514155722_0007_V.JPG,DJI_20260514155722_0007_V,.jpg,\\amssclgis10.ams.gmams.cl\CL_MLP_PAO\Vuelos_Drone_Sin_Procesar\INPUT\20260519_Geosupport\SOLO_JPG_19May26\GEOSP-TRN-002630\TORRE E36\DJI_20260514155722_0007_V.JPG,SOLO_JPG_19May26\GEOSP-TRN-002630\TORRE E36\DJI_20260514155722_0007_V.JPG,1.161,2026-06-08 10:33:50
DJI_20260514155729_0008_V.JPG,DJI_20260514155729_0008_V,.jpg,\\amssclgis10.ams.gmams.cl\CL_MLP_PAO\Vuelos_Drone_Sin_Procesar\INPUT\20260519_Geosupport\SOLO_JPG_19May26\GEOSP-TRN-002630\TORRE E36\DJI_20260514155729_0008_V.JPG,SOLO_JPG_19May26\GEOSP-TRN-002630\TORRE E36\DJI_20260514155729_0008_V.JPG,1.197,2026-06-08 10:33:51
DJI_20260514155741_0009_V.JPG,DJI_20260514155741_0009_V,.jpg,\\amssclgis10.ams.gmams.cl\CL_MLP_PAO\Vuelos_Drone_Sin_Procesar\INPUT\20260519_Geosupport\SOLO_JPG_19May26\GEOSP-TRN-002630\TORRE E36\DJI_20260514155741_0009_V.JPG,SOLO_JPG_19May26\GEOSP-TRN-002630\TORRE E36\DJI_20260514155741_0009_V.JPG,1.187,2026-06-08 10:33:51
DJI_20260514155751_0010_V.JPG,DJI_20260514155751_0010_V,.jpg,\\amssclgis10.ams.gmams.cl\CL_MLP_PAO\Vuelos_Drone_Sin_Procesar\INPUT\20260519_Geosupport\SOLO_JPG_19May26\GEOSP-TRN-002630\TORRE E36\DJI_20260514155751_0010_V.JPG,SOLO_JPG_19May26\GEOSP-TRN-002630\TORRE E36\DJI_20260514155751_0010_V.JPG,1.143,2026-06-08 10:33:52
DJI_20260514155812_0011_V.JPG,DJI_20260514155812_0011_V,.jpg,\\amssclgis10.ams.gmams.cl\CL_MLP_PAO\Vuelos_Drone_Sin_Procesar\INPUT\20260519_Geosupport\SOLO_JPG_19May26\GEOSP-TRN-002630\TORRE E37\DJI_20260514155812_0011_V.JPG,SOLO_JPG_19May26\GEOSP-TRN-002630\TORRE E37\DJI_20260514155812_0011_V.JPG,1.24,2026-06-08 10:33:52
DJI_20260514155819_0012_V.JPG,DJI_20260514155819_0012_V,.jpg,\\amssclgis10.ams.gmams.cl\CL_MLP_PAO\Vuelos_Drone_Sin_Procesar\INPUT\20260519_Geosupport\SOLO_JPG_19May26\GEOSP-TRN-002630\TORRE E37\DJI_20260514155819_0012_V.JPG,SOLO_JPG_19May26\GEOSP-TRN-002630\TORRE E37\DJI_20260514155819_0012_V.JPG,1.237,2026-06-08 10:33:52
DJI_20260514155828_0013_V.JPG,DJI_20260514155828_0013_V,.jpg,\\amssclgis10.ams.gmams.cl\CL_MLP_PAO\Vuelos_Drone_Sin_Procesar\INPUT\20260519_Geosupport\SOLO_JPG_19May26\GEOSP-TRN-002630\TORRE E37\DJI_20260514155828_0013_V.JPG,SOLO_JPG_19May26\GEOSP-TRN-002630\TORRE E37\DJI_20260514155828_0013_V.JPG,1.254,2026-06-08 10:33:53
DJI_20260514155837_0014_V.JPG,DJI_20260514155837_0014_V,.jpg,\\amssclgis10.ams.gmams.cl\CL_MLP_PAO\Vuelos_Drone_Sin_Procesar\INPUT\20260519_Geosupport\SOLO_JPG_19May26\GEOSP-TRN-002630\TORRE E37\DJI_20260514155837_0014_V.JPG,SOLO_JPG_19May26\GEOSP-TRN-002630\TORRE E37\DJI_20260514155837_0014_V.JPG,1.235,2026-06-08 10:33:53
DJI_20260514155846_0015_V.JPG,DJI_20260514155846_0015_V,.jpg,\\amssclgis10.ams.gmams.cl\CL_MLP_PAO\Vuelos_Drone_Sin_Procesar\INPUT\20260519_Geosupport\SOLO_JPG_19May26\GEOSP-TRN-002630\TORRE E37\DJI_20260514155846_0015_V.JPG,SOLO_JPG_19May26\GEOSP-TRN-002630\TORRE E37\DJI_20260514155846_0015_V.JPG,1.233,2026-06-08 10:33:53
DJI_20260514155910_0016_V.JPG,DJI_20260514155910_0016_V,.jpg,\\amssclgis10.ams.gmams.cl\CL_MLP_PAO\Vuelos_Drone_Sin_Procesar\INPUT\20260519_Geosupport\SOLO_JPG_19May26\GEOSP-TRN-002630\TORRE E38\DJI_20260514155910_0016_V.JPG,SOLO_JPG_19May26\GEOSP-TRN-002630\TORRE E38\DJI_20260514155910_0016_V.JPG,1.2,2026-06-08 10:33:54
DJI_20260514155916_0017_V.JPG,DJI_20260514155916_0017_V,.jpg,\\amssclgis10.ams.gmams.cl\CL_MLP_PAO\Vuelos_Drone_Sin_Procesar\INPUT\20260519_Geosupport\SOLO_JPG_19May26\GEOSP-TRN-002630\TORRE E38\DJI_20260514155916_0017_V.JPG,SOLO_JPG_19May26\GEOSP-TRN-002630\TORRE E38\DJI_20260514155916_0017_V.JPG,1.153,2026-06-08 10:33:54
DJI_20260514155925_0018_V.JPG,DJI_20260514155925_0018_V,.jpg,\\amssclgis10.ams.gmams.cl\CL_MLP_PAO\Vuelos_Drone_Sin_Procesar\INPUT\20260519_Geosupport\SOLO_JPG_19May26\GEOSP-TRN-002630\TORRE E38\DJI_20260514155925_0018_V.JPG,SOLO_JPG_19May26\GEOSP-TRN-002630\TORRE E38\DJI_20260514155925_0018_V.JPG,1.17,2026-06-08 10:33:54
DJI_20260514155937_0019_V.JPG,DJI_20260514155937_0019_V,.jpg,\\amssclgis10.ams.gmams.cl\CL_MLP_PAO\Vuelos_Drone_Sin_Procesar\INPUT\20260519_Geosupport\SOLO_JPG_19May26\GEOSP-TRN-002630\TORRE E38\DJI_20260514155937_0019_V.JPG,SOLO_JPG_19May26\GEOSP-TRN-002630\TORRE E38\DJI_20260514155937_0019_V.JPG,1.232,2026-06-08 10:33:55
DJI_20260514155949_0020_V.JPG,DJI_20260514155949_0020_V,.jpg,\\amssclgis10.ams.gmams.cl\CL_MLP_PAO\Vuelos_Drone_Sin_Procesar\INPUT\20260519_Geosupport\SOLO_JPG_19May26\GEOSP-TRN-002630\TORRE E38\DJI_20260514155949_0020_V.JPG,SOLO_JPG_19May26\GEOSP-TRN-002630\TORRE E38\DJI_20260514155949_0020_V.JPG,1.19,2026-06-08 10:33:55
DJI_20260514160017_0021_V.JPG,DJI_20260514160017_0021_V,.jpg,\\amssclgis10.ams.gmams.cl\CL_MLP_PAO\Vuelos_Drone_Sin_Procesar\INPUT\20260519_Geosupport\SOLO_JPG_19May26\GEOSP-TRN-002630\TORRE E39\DJI_20260514160017_0021_V.JPG,SOLO_JPG_19May26\GEOSP-TRN-002630\TORRE E39\DJI_20260514160017_0021_V.JPG,0.917,2026-06-08 10:33:55
DJI_20260514160029_0022_V.JPG,DJI_20260514160029_0022_V,.jpg,\\amssclgis10.ams.gmams.cl\CL_MLP_PAO\Vuelos_Drone_Sin_Procesar\INPUT\20260519_Geosupport\SOLO_JPG_19May26\GEOSP-TRN-002630\TORRE E39\DJI_20260514160029_0022_V.JPG,SOLO_JPG_19May26\GEOSP-TRN-002630\TORRE E39\DJI_20260514160029_0022_V.JPG,0.972,2026-06-08 10:33:56
DJI_20260514160041_0023_V.JPG,DJI_20260514160041_0023_V,.jpg,\\amssclgis10.ams.gmams.cl\CL_MLP_PAO\Vuelos_Drone_Sin_Procesar\INPUT\20260519_Geosupport\SOLO_JPG_19May26\GEOSP-TRN-002630\TORRE E39\DJI_20260514160041_0023_V.JPG,SOLO_JPG_19May26\GEOSP-TRN-002630\TORRE E39\DJI_20260514160041_0023_V.JPG,0.939,2026-06-08 10:33:56
DJI_20260514160051_0024_V.JPG,DJI_20260514160051_0024_V,.jpg,\\amssclgis10.ams.gmams.cl\CL_MLP_PAO\Vuelos_Drone_Sin_Procesar\INPUT\20260519_Geosupport\SOLO_JPG_19May26\GEOSP-TRN-002630\TORRE E39\DJI_20260514160051_0024_V.JPG,SOLO_JPG_19May26\GEOSP-TRN-002630\TORRE E39\DJI_20260514160051_0024_V.JPG,0.949,2026-06-08 10:33:56
DJI_20260514160100_0025_V.JPG,DJI_20260514160100_0025_V,.jpg,\\amssclgis10.ams.gmams.cl\CL_MLP_PAO\Vuelos_Drone_Sin_Procesar\INPUT\20260519_Geosupport\SOLO_JPG_19May26\GEOSP-TRN-002630\TORRE E39\DJI_20260514160100_0025_V.JPG,SOLO_JPG_19May26\GEOSP-TRN-002630\TORRE E39\DJI_20260514160100_0025_V.JPG,0.944,2026-06-08 10:33:57
DJI_20260514160123_0026_V.JPG,DJI_20260514160123_0026_V,.jpg,\\amssclgis10.ams.gmams.cl\CL_MLP_PAO\Vuelos_Drone_Sin_Procesar\INPUT\20260519_Geosupport\SOLO_JPG_19May26\GEOSP-TRN-002630\TORRE E41_\DJI_20260514160123_0026_V.JPG,SOLO_JPG_19May26\GEOSP-TRN-002630\TORRE E41_\DJI_20260514160123_0026_V.JPG,0.978,2026-06-08 10:33:57
DJI_20260514160129_0027_V.JPG,DJI_20260514160129_0027_V,.jpg,\\amssclgis10.ams.gmams.cl\CL_MLP_PAO\Vuelos_Drone_Sin_Procesar\INPUT\20260519_Geosupport\SOLO_JPG_19May26\GEOSP-TRN-002630\TORRE E41_\DJI_20260514160129_0027_V.JPG,SOLO_JPG_19May26\GEOSP-TRN-002630\TORRE E41_\DJI_20260514160129_0027_V.JPG,0.967,2026-06-08 10:33:57
DJI_20260514160138_0028_V.JPG,DJI_20260514160138_0028_V,.jpg,\\amssclgis10.ams.gmams.cl\CL_MLP_PAO\Vuelos_Drone_Sin_Procesar\INPUT\20260519_Geosupport\SOLO_JPG_19May26\GEOSP-TRN-002630\TORRE E41_\DJI_20260514160138_0028_V.JPG,SOLO_JPG_19May26\GEOSP-TRN-002630\TORRE E41_\DJI_20260514160138_0028_V.JPG,0.971,2026-06-08 10:33:58
DJI_20260514160149_0029_V.JPG,DJI_20260514160149_0029_V,.jpg,\\amssclgis10.ams.gmams.cl\CL_MLP_PAO\Vuelos_Drone_Sin_Procesar\INPUT\20260519_Geosupport\SOLO_JPG_19May26\GEOSP-TRN-002630\TORRE E41_\DJI_20260514160149_0029_V.JPG,SOLO_JPG_19May26\GEOSP-TRN-002630\TORRE E41_\DJI_20260514160149_0029_V.JPG,1.013,2026-06-08 10:33:58
DJI_20260514160201_0030_V.JPG,DJI_20260514160201_0030_V,.jpg,\\amssclgis10.ams.gmams.cl\CL_MLP_PAO\Vuelos_Drone_Sin_Procesar\INPUT\20260519_Geosupport\SOLO_JPG_19May26\GEOSP-TRN-002630\TORRE E41_\DJI_20260514160201_0030_V.JPG,SOLO_JPG_19May26\GEOSP-TRN-002630\TORRE E41_\DJI_20260514160201_0030_V.JPG,0.902,2026-06-08 10:33:58
DJI_20260514160233_0031_V.JPG,DJI_20260514160233_0031_V,.jpg,\\amssclgis10.ams.gmams.cl\CL_MLP_PAO\Vuelos_Drone_Sin_Procesar\INPUT\20260519_Geosupport\SOLO_JPG_19May26\GEOSP-TRN-002630\TORRE E42_\DJI_20260514160233_0031_V.JPG,SOLO_JPG_19May26\GEOSP-TRN-002630\TORRE E42_\DJI_20260514160233_0031_V.JPG,1.076,2026-06-08 10:33:59
DJI_20260514160238_0032_V.JPG,DJI_20260514160238_0032_V,.jpg,\\amssclgis10.ams.gmams.cl\CL_MLP_PAO\Vuelos_Drone_Sin_Procesar\INPUT\20260519_Geosupport\SOLO_JPG_19May26\GEOSP-TRN-002630\TORRE E42_\DJI_20260514160238_0032_V.JPG,SOLO_JPG_19May26\GEOSP-TRN-002630\TORRE E42_\DJI_20260514160238_0032_V.JPG,1.109,2026-06-08 10:33:59
DJI_20260514160248_0033_V.JPG,DJI_20260514160248_0033_V,.jpg,\\amssclgis10.ams.gmams.cl\CL_MLP_PAO\Vuelos_Drone_Sin_Procesar\INPUT\20260519_Geosupport\SOLO_JPG_19May26\GEOSP-TRN-002630\TORRE E42_\DJI_20260514160248_0033_V.JPG,SOLO_JPG_19May26\GEOSP-TRN-002630\TORRE E42_\DJI_20260514160248_0033_V.JPG,1.124,2026-06-08 10:33:59
DJI_20260514160257_0034_V.JPG,DJI_20260514160257_0034_V,.jpg,\\amssclgis10.ams.gmams.cl\CL_MLP_PAO\Vuelos_Drone_Sin_Procesar\INPUT\20260519_Geosupport\SOLO_JPG_19May26\GEOSP-TRN-002630\TORRE E42_\DJI_20260514160257_0034_V.JPG,SOLO_JPG_19May26\GEOSP-TRN-002630\TORRE E42_\DJI_20260514160257_0034_V.JPG,1.139,2026-06-08 10:34:00
DJI_20260514160307_0035_V.JPG,DJI_20260514160307_0035_V,.jpg,\\amssclgis10.ams.gmams.cl\CL_MLP_PAO\Vuelos_Drone_Sin_Procesar\INPUT\20260519_Geosupport\SOLO_JPG_19May26\GEOSP-TRN-002630\TORRE E42_\DJI_20260514160307_0035_V.JPG,SOLO_JPG_19May26\GEOSP-TRN-002630\TORRE E42_\DJI_20260514160307_0035_V.JPG,1.043,2026-06-08 10:34:00
DJI_20260514160344_0036_V.JPG,DJI_20260514160344_0036_V,.jpg,\\amssclgis10.ams.gmams.cl\CL_MLP_PAO\Vuelos_Drone_Sin_Procesar\INPUT\20260519_Geosupport\SOLO_JPG_19May26\GEOSP-TRN-002630\TORRE E43_\DJI_20260514160344_0036_V.JPG,SOLO_JPG_19May26\GEOSP-TRN-002630\TORRE E43_\DJI_20260514160344_0036_V.JPG,1.091,2026-06-08 10:34:02
DJI_20260514160350_0037_V.JPG,DJI_20260514160350_0037_V,.jpg,\\amssclgis10.ams.gmams.cl\CL_MLP_PAO\Vuelos_Drone_Sin_Procesar\INPUT\20260519_Geosupport\SOLO_JPG_19May26\GEOSP-TRN-002630\TORRE E43_\DJI_20260514160350_0037_V.JPG,SOLO_JPG_19May26\GEOSP-TRN-002630\TORRE E43_\DJI_20260514160350_0037_V.JPG,1.105,2026-06-08 10:34:02
DJI_20260514160358_0038_V.JPG,DJI_20260514160358_0038_V,.jpg,\\amssclgis10.ams.gmams.cl\CL_MLP_PAO\Vuelos_Drone_Sin_Procesar\INPUT\20260519_Geosupport\SOLO_JPG_19May26\GEOSP-TRN-002630\TORRE E43_\DJI_20260514160358_0038_V.JPG,SOLO_JPG_19May26\GEOSP-TRN-002630\TORRE E43_\DJI_20260514160358_0038_V.JPG,1.062,2026-06-08 10:34:03
DJI_20260514160407_0039_V.JPG,DJI_20260514160407_0039_V,.jpg,\\amssclgis10.ams.gmams.cl\CL_MLP_PAO\Vuelos_Drone_Sin_Procesar\INPUT\20260519_Geosupport\SOLO_JPG_19May26\GEOSP-TRN-002630\TORRE E43_\DJI_20260514160407_0039_V.JPG,SOLO_JPG_19May26\GEOSP-TRN-002630\TORRE E43_\DJI_20260514160407_0039_V.JPG,1.098,2026-06-08 10:34:03
DJI_20260514160416_0040_V.JPG,DJI_20260514160416_0040_V,.jpg,\\amssclgis10.ams.gmams.cl\CL_MLP_PAO\Vuelos_Drone_Sin_Procesar\INPUT\20260519_Geosupport\SOLO_JPG_19May26\GEOSP-TRN-002630\TORRE E43_\DJI_20260514160416_0040_V.JPG,SOLO_JPG_19May26\GEOSP-TRN-002630\TORRE E43_\DJI_20260514160416_0040_V.JPG,1.066,2026-06-08 10:34:03
DJI_20260514160920_0001_V.JPG,DJI_20260514160920_0001_V,.jpg,\\amssclgis10.ams.gmams.cl\CL_MLP_PAO\Vuelos_Drone_Sin_Procesar\INPUT\20260519_Geosupport\SOLO_JPG_19May26\GEOSP-TRN-002630\TORRE E43A\DJI_20260514160920_0001_V.JPG,SOLO_JPG_19May26\GEOSP-TRN-002630\TORRE E43A\DJI_20260514160920_0001_V.JPG,1.082,2026-06-08 10:34:00
DJI_20260514160931_0002_V.JPG,DJI_20260514160931_0002_V,.jpg,\\amssclgis10.ams.gmams.cl\CL_MLP_PAO\Vuelos_Drone_Sin_Procesar\INPUT\20260519_Geosupport\SOLO_JPG_19May26\GEOSP-TRN-002630\TORRE E43A\DJI_20260514160931_0002_V.JPG,SOLO_JPG_19May26\GEOSP-TRN-002630\TORRE E43A\DJI_20260514160931_0002_V.JPG,1.037,2026-06-08 10:34:01
DJI_20260514160941_0003_V.JPG,DJI_20260514160941_0003_V,.jpg,\\amssclgis10.ams.gmams.cl\CL_MLP_PAO\Vuelos_Drone_Sin_Procesar\INPUT\20260519_Geosupport\SOLO_JPG_19May26\GEOSP-TRN-002630\TORRE E43A\DJI_20260514160941_0003_V.JPG,SOLO_JPG_19May26\GEOSP-TRN-002630\TORRE E43A\DJI_20260514160941_0003_V.JPG,1.068,2026-06-08 10:34:01
DJI_20260514160948_0004_V.JPG,DJI_20260514160948_0004_V,.jpg,\\amssclgis10.ams.gmams.cl\CL_MLP_PAO\Vuelos_Drone_Sin_Procesar\INPUT\20260519_Geosupport\SOLO_JPG_19May26\GEOSP-TRN-002630\TORRE E43A\DJI_20260514160948_0004_V.JPG,SOLO_JPG_19May26\GEOSP-TRN-002630\TORRE E43A\DJI_20260514160948_0004_V.JPG,1.084,2026-06-08 10:34:01
DJI_20260514160955_0005_V.JPG,DJI_20260514160955_0005_V,.jpg,\\amssclgis10.ams.gmams.cl\CL_MLP_PAO\Vuelos_Drone_Sin_Procesar\INPUT\20260519_Geosupport\SOLO_JPG_19May26\GEOSP-TRN-002630\TORRE E43A\DJI_20260514160955_0005_V.JPG,SOLO_JPG_19May26\GEOSP-TRN-002630\TORRE E43A\DJI_20260514160955_0005_V.JPG,1.018,2026-06-08 10:34:02
DJI_20260514161020_0006_V.JPG,DJI_20260514161020_0006_V,.jpg,\\amssclgis10.ams.gmams.cl\CL_MLP_PAO\Vuelos_Drone_Sin_Procesar\INPUT\20260519_Geosupport\SOLO_JPG_19May26\GEOSP-TRN-002630\TORRE E44\DJI_20260514161020_0006_V.JPG,SOLO_JPG_19May26\GEOSP-TRN-002630\TORRE E44\DJI_20260514161020_0006_V.JPG,1.11,2026-06-08 10:34:04
DJI_20260514161027_0007_V.JPG,DJI_20260514161027_0007_V,.jpg,\\amssclgis10.ams.gmams.cl\CL_MLP_PAO\Vuelos_Drone_Sin_Procesar\INPUT\20260519_Geosupport\SOLO_JPG_19May26\GEOSP-TRN-002630\TORRE E44\DJI_20260514161027_0007_V.JPG,SOLO_JPG_19May26\GEOSP-TRN-002630\TORRE E44\DJI_20260514161027_0007_V.JPG,1.112,2026-06-08 10:34:04
DJI_20260514161037_0008_V.JPG,DJI_20260514161037_0008_V,.jpg,\\amssclgis10.ams.gmams.cl\CL_MLP_PAO\Vuelos_Drone_Sin_Procesar\INPUT\20260519_Geosupport\SOLO_JPG_19May26\GEOSP-TRN-002630\TORRE E44\DJI_20260514161037_0008_V.JPG,SOLO_JPG_19May26\GEOSP-TRN-002630\TORRE E44\DJI_20260514161037_0008_V.JPG,1.083,2026-06-08 10:34:04
DJI_20260514161050_0009_V.JPG,DJI_20260514161050_0009_V,.jpg,\\amssclgis10.ams.gmams.cl\CL_MLP_PAO\Vuelos_Drone_Sin_Procesar\INPUT\20260519_Geosupport\SOLO_JPG_19May26\GEOSP-TRN-002630\TORRE E44\DJI_20260514161050_0009_V.JPG,SOLO_JPG_19May26\GEOSP-TRN-002630\TORRE E44\DJI_20260514161050_0009_V.JPG,1.101,2026-06-08 10:34:05
DJI_20260514161101_0010_V.JPG,DJI_20260514161101_0010_V,.jpg,\\amssclgis10.ams.gmams.cl\CL_MLP_PAO\Vuelos_Drone_Sin_Procesar\INPUT\20260519_Geosupport\SOLO_JPG_19May26\GEOSP-TRN-002630\TORRE E44\DJI_20260514161101_0010_V.JPG,SOLO_JPG_19May26\GEOSP-TRN-002630\TORRE E44\DJI_20260514161101_0010_V.JPG,1.053,2026-06-08 10:34:05
DJI_20260514161133_0011_V.JPG,DJI_20260514161133_0011_V,.jpg,\\amssclgis10.ams.gmams.cl\CL_MLP_PAO\Vuelos_Drone_Sin_Procesar\INPUT\20260519_Geosupport\SOLO_JPG_19May26\GEOSP-TRN-002630\TORRE E46_\DJI_20260514161133_0011_V.JPG,SOLO_JPG_19May26\GEOSP-TRN-002630\TORRE E46_\DJI_20260514161133_0011_V.JPG,1.155,2026-06-08 10:34:05
DJI_20260514161140_0012_V.JPG,DJI_20260514161140_0012_V,.jpg,\\amssclgis10.ams.gmams.cl\CL_MLP_PAO\Vuelos_Drone_Sin_Procesar\INPUT\20260519_Geosupport\SOLO_JPG_19May26\GEOSP-TRN-002630\TORRE E46_\DJI_20260514161140_0012_V.JPG,SOLO_JPG_19May26\GEOSP-TRN-002630\TORRE E46_\DJI_20260514161140_0012_V.JPG,1.172,2026-06-08 10:34:05
DJI_20260514161149_0013_V.JPG,DJI_20260514161149_0013_V,.jpg,\\amssclgis10.ams.gmams.cl\CL_MLP_PAO\Vuelos_Drone_Sin_Procesar\INPUT\20260519_Geosupport\SOLO_JPG_19May26\GEOSP-TRN-002630\TORRE E46_\DJI_20260514161149_0013_V.JPG,SOLO_JPG_19May26\GEOSP-TRN-002630\TORRE E46_\DJI_20260514161149_0013_V.JPG,1.167,2026-06-08 10:34:06
DJI_20260514161157_0014_V.JPG,DJI_20260514161157_0014_V,.jpg,\\amssclgis10.ams.gmams.cl\CL_MLP_PAO\Vuelos_Drone_Sin_Procesar\INPUT\20260519_Geosupport\SOLO_JPG_19May26\GEOSP-TRN-002630\TORRE E46_\DJI_20260514161157_0014_V.JPG,SOLO_JPG_19May26\GEOSP-TRN-002630\TORRE E46_\DJI_20260514161157_0014_V.JPG,1.174,2026-06-08 10:34:06
DJI_20260514161209_0015_V.JPG,DJI_20260514161209_0015_V,.jpg,\\amssclgis10.ams.gmams.cl\CL_MLP_PAO\Vuelos_Drone_Sin_Procesar\INPUT\20260519_Geosupport\SOLO_JPG_19May26\GEOSP-TRN-002630\TORRE E46_\DJI_20260514161209_0015_V.JPG,SOLO_JPG_19May26\GEOSP-TRN-002630\TORRE E46_\DJI_20260514161209_0015_V.JPG,1.09,2026-06-08 10:34:07
DJI_20260514161229_0016_V.JPG,DJI_20260514161229_0016_V,.jpg,\\amssclgis10.ams.gmams.cl\CL_MLP_PAO\Vuelos_Drone_Sin_Procesar\INPUT\20260519_Geosupport\SOLO_JPG_19May26\GEOSP-TRN-002630\TORRE E47_\DJI_20260514161229_0016_V.JPG,SOLO_JPG_19May26\GEOSP-TRN-002630\TORRE E47_\DJI_20260514161229_0016_V.JPG,1.245,2026-06-08 10:34:07
DJI_20260514161241_0017_V.JPG,DJI_20260514161241_0017_V,.jpg,\\amssclgis10.ams.gmams.cl\CL_MLP_PAO\Vuelos_Drone_Sin_Procesar\INPUT\20260519_Geosupport\SOLO_JPG_19May26\GEOSP-TRN-002630\TORRE E47_\DJI_20260514161241_0017_V.JPG,SOLO_JPG_19May26\GEOSP-TRN-002630\TORRE E47_\DJI_20260514161241_0017_V.JPG,1.218,2026-06-08 10:34:07
DJI_20260514161257_0018_V.JPG,DJI_20260514161257_0018_V,.jpg,\\amssclgis10.ams.gmams.cl\CL_MLP_PAO\Vuelos_Drone_Sin_Procesar\INPUT\20260519_Geosupport\SOLO_JPG_19May26\GEOSP-TRN-002630\TORRE E47_\DJI_20260514161257_0018_V.JPG,SOLO_JPG_19May26\GEOSP-TRN-002630\TORRE E47_\DJI_20260514161257_0018_V.JPG,1.277,2026-06-08 10:34:08
DJI_20260514161304_0019_V.JPG,DJI_20260514161304_0019_V,.jpg,\\amssclgis10.ams.gmams.cl\CL_MLP_PAO\Vuelos_Drone_Sin_Procesar\INPUT\20260519_Geosupport\SOLO_JPG_19May26\GEOSP-TRN-002630\TORRE E47_\DJI_20260514161304_0019_V.JPG,SOLO_JPG_19May26\GEOSP-TRN-002630\TORRE E47_\DJI_20260514161304_0019_V.JPG,1.214,2026-06-08 10:34:08
DJI_20260514161314_0020_V.JPG,DJI_20260514161314_0020_V,.jpg,\\amssclgis10.ams.gmams.cl\CL_MLP_PAO\Vuelos_Drone_Sin_Procesar\INPUT\20260519_Geosupport\SOLO_JPG_19May26\GEOSP-TRN-002630\TORRE E47_\DJI_20260514161314_0020_V.JPG,SOLO_JPG_19May26\GEOSP-TRN-002630\TORRE E47_\DJI_20260514161314_0020_V.JPG,1.177,2026-06-08 10:34:08
DJI_20260514161355_0021_V.JPG,DJI_20260514161355_0021_V,.jpg,\\amssclgis10.ams.gmams.cl\CL_MLP_PAO\Vuelos_Drone_Sin_Procesar\INPUT\20260519_Geosupport\SOLO_JPG_19May26\GEOSP-TRN-002630\TORRE E48_\DJI_20260514161355_0021_V.JPG,SOLO_JPG_19May26\GEOSP-TRN-002630\TORRE E48_\DJI_20260514161355_0021_V.JPG,1.253,2026-06-08 10:34:09
DJI_20260514161401_0022_V.JPG,DJI_20260514161401_0022_V,.jpg,\\amssclgis10.ams.gmams.cl\CL_MLP_PAO\Vuelos_Drone_Sin_Procesar\INPUT\20260519_Geosupport\SOLO_JPG_19May26\GEOSP-TRN-002630\TORRE E48_\DJI_20260514161401_0022_V.JPG,SOLO_JPG_19May26\GEOSP-TRN-002630\TORRE E48_\DJI_20260514161401_0022_V.JPG,1.26,2026-06-08 10:34:09
DJI_20260514161410_0023_V.JPG,DJI_20260514161410_0023_V,.jpg,\\amssclgis10.ams.gmams.cl\CL_MLP_PAO\Vuelos_Drone_Sin_Procesar\INPUT\20260519_Geosupport\SOLO_JPG_19May26\GEOSP-TRN-002630\TORRE E48_\DJI_20260514161410_0023_V.JPG,SOLO_JPG_19May26\GEOSP-TRN-002630\TORRE E48_\DJI_20260514161410_0023_V.JPG,1.287,2026-06-08 10:34:09
DJI_20260514161417_0024_V.JPG,DJI_20260514161417_0024_V,.jpg,\\amssclgis10.ams.gmams.cl\CL_MLP_PAO\Vuelos_Drone_Sin_Procesar\INPUT\20260519_Geosupport\SOLO_JPG_19May26\GEOSP-TRN-002630\TORRE E48_\DJI_20260514161417_0024_V.JPG,SOLO_JPG_19May26\GEOSP-TRN-002630\TORRE E48_\DJI_20260514161417_0024_V.JPG,1.272,2026-06-08 10:34:10
DJI_20260514161427_0025_V.JPG,DJI_20260514161427_0025_V,.jpg,\\amssclgis10.ams.gmams.cl\CL_MLP_PAO\Vuelos_Drone_Sin_Procesar\INPUT\20260519_Geosupport\SOLO_JPG_19May26\GEOSP-TRN-002630\TORRE E48_\DJI_20260514161427_0025_V.JPG,SOLO_JPG_19May26\GEOSP-TRN-002630\TORRE E48_\DJI_20260514161427_0025_V.JPG,1.209,2026-06-08 10:34:10
DJI_20260514130603_0002_V.JPG,DJI_20260514130603_0002_V,.jpg,\\amssclgis10.ams.gmams.cl\CL_MLP_PAO\Vuelos_Drone_Sin_Procesar\INPUT\20260519_Geosupport\SOLO_JPG_19May26\GEOSP-TRN-002631\GS_AFD_EM4 (PRIORIDAD 2)\DJI_20260514130603_0002_V.JPG,SOLO_JPG_19May26\GEOSP-TRN-002631\GS_AFD_EM4 (PRIORIDAD 2)\DJI_20260514130603_0002_V.JPG,0.879,2026-06-08 10:34:10
DJI_20260514130630_0003_V.JPG,DJI_20260514130630_0003_V,.jpg,\\amssclgis10.ams.gmams.cl\CL_MLP_PAO\Vuelos_Drone_Sin_Procesar\INPUT\20260519_Geosupport\SOLO_JPG_19May26\GEOSP-TRN-002631\GS_AFD_EM4 (PRIORIDAD 2)\DJI_20260514130630_0003_V.JPG,SOLO_JPG_19May26\GEOSP-TRN-002631\GS_AFD_EM4 (PRIORIDAD 2)\DJI_20260514130630_0003_V.JPG,0.826,2026-06-08 10:34:10
DJI_20260514130643_0004_V.JPG,DJI_20260514130643_0004_V,.jpg,\\amssclgis10.ams.gmams.cl\CL_MLP_PAO\Vuelos_Drone_Sin_Procesar\INPUT\20260519_Geosupport\SOLO_JPG_19May26\GEOSP-TRN-002631\GS_AFD_EM4 (PRIORIDAD 2)\DJI_20260514130643_0004_V.JPG,SOLO_JPG_19May26\GEOSP-TRN-002631\GS_AFD_EM4 (PRIORIDAD 2)\DJI_20260514130643_0004_V.JPG,0.861,2026-06-08 10:34:10
DJI_20260514130707_0005_V.JPG,DJI_20260514130707_0005_V,.jpg,\\amssclgis10.ams.gmams.cl\CL_MLP_PAO\Vuelos_Drone_Sin_Procesar\INPUT\20260519_Geosupport\SOLO_JPG_19May26\GEOSP-TRN-002631\GS_AFD_EM4 (PRIORIDAD 2)\DJI_20260514130707_0005_V.JPG,SOLO_JPG_19May26\GEOSP-TRN-002631\GS_AFD_EM4 (PRIORIDAD 2)\DJI_20260514130707_0005_V.JPG,0.928,2026-06-08 10:34:11
DJI_20260514130721_0006_V.JPG,DJI_20260514130721_0006_V,.jpg,\\amssclgis10.ams.gmams.cl\CL_MLP_PAO\Vuelos_Drone_Sin_Procesar\INPUT\20260519_Geosupport\SOLO_JPG_19May26\GEOSP-TRN-002631\GS_AFD_EM4 (PRIORIDAD 2)\DJI_20260514130721_0006_V.JPG,SOLO_JPG_19May26\GEOSP-TRN-002631\GS_AFD_EM4 (PRIORIDAD 2)\DJI_20260514130721_0006_V.JPG,0.865,2026-06-08 10:34:11
DJI_20260515134140_0002_V.JPG,DJI_20260515134140_0002_V,.jpg,\\amssclgis10.ams.gmams.cl\CL_MLP_PAO\Vuelos_Drone_Sin_Procesar\INPUT\20260519_Geosupport\SOLO_JPG_19May26\GEOSP-TRN-002635\DJI_202605151332_004\DJI_20260515134140_0002_V.JPG,SOLO_JPG_19May26\GEOSP-TRN-002635\DJI_202605151332_004\DJI_20260515134140_0002_V.JPG,0.843,2026-06-08 10:34:11
DJI_20260515134206_0004_V.JPG,DJI_20260515134206_0004_V,.jpg,\\amssclgis10.ams.gmams.cl\CL_MLP_PAO\Vuelos_Drone_Sin_Procesar\INPUT\20260519_Geosupport\SOLO_JPG_19May26\GEOSP-TRN-002635\DJI_202605151332_004\DJI_20260515134206_0004_V.JPG,SOLO_JPG_19May26\GEOSP-TRN-002635\DJI_202605151332_004\DJI_20260515134206_0004_V.JPG,0.784,2026-06-08 10:34:11
DJI_20260515134236_0005_V.JPG,DJI_20260515134236_0005_V,.jpg,\\amssclgis10.ams.gmams.cl\CL_MLP_PAO\Vuelos_Drone_Sin_Procesar\INPUT\20260519_Geosupport\SOLO_JPG_19May26\GEOSP-TRN-002635\DJI_202605151332_004\DJI_20260515134236_0005_V.JPG,SOLO_JPG_19May26\GEOSP-TRN-002635\DJI_202605151332_004\DJI_20260515134236_0005_V.JPG,0.84,2026-06-08 10:34:11
DJI_20260515134249_0006_V.JPG,DJI_20260515134249_0006_V,.jpg,\\amssclgis10.ams.gmams.cl\CL_MLP_PAO\Vuelos_Drone_Sin_Procesar\INPUT\20260519_Geosupport\SOLO_JPG_19May26\GEOSP-TRN-002635\DJI_202605151332_004\DJI_20260515134249_0006_V.JPG,SOLO_JPG_19May26\GEOSP-TRN-002635\DJI_202605151332_004\DJI_20260515134249_0006_V.JPG,0.835,2026-06-08 10:34:11
DJI_20260515134409_0007_V.JPG,DJI_20260515134409_0007_V,.jpg,\\amssclgis10.ams.gmams.cl\CL_MLP_PAO\Vuelos_Drone_Sin_Procesar\INPUT\20260519_Geosupport\SOLO_JPG_19May26\GEOSP-TRN-002635\DJI_202605151332_004\DJI_20260515134409_0007_V.JPG,SOLO_JPG_19May26\GEOSP-TRN-002635\DJI_202605151332_004\DJI_20260515134409_0007_V.JPG,1.015,2026-06-08 10:34:12
DJI_20260515134140_0002_V.JPG,DJI_20260515134140_0002_V,.jpg,\\amssclgis10.ams.gmams.cl\CL_MLP_PAO\Vuelos_Drone_Sin_Procesar\INPUT\20260519_Geosupport\SOLO_JPG_19May26\GEOSP-TRN-002636\DJI_202605151332_004\DJI_20260515134140_0002_V.JPG,SOLO_JPG_19May26\GEOSP-TRN-002636\DJI_202605151332_004\DJI_20260515134140_0002_V.JPG,0.843,2026-06-08 10:34:12
DJI_20260515134206_0004_V.JPG,DJI_20260515134206_0004_V,.jpg,\\amssclgis10.ams.gmams.cl\CL_MLP_PAO\Vuelos_Drone_Sin_Procesar\INPUT\20260519_Geosupport\SOLO_JPG_19May26\GEOSP-TRN-002636\DJI_202605151332_004\DJI_20260515134206_0004_V.JPG,SOLO_JPG_19May26\GEOSP-TRN-002636\DJI_202605151332_004\DJI_20260515134206_0004_V.JPG,0.784,2026-06-08 10:34:12
DJI_20260515134236_0005_V.JPG,DJI_20260515134236_0005_V,.jpg,\\amssclgis10.ams.gmams.cl\CL_MLP_PAO\Vuelos_Drone_Sin_Procesar\INPUT\20260519_Geosupport\SOLO_JPG_19May26\GEOSP-TRN-002636\DJI_202605151332_004\DJI_20260515134236_0005_V.JPG,SOLO_JPG_19May26\GEOSP-TRN-002636\DJI_202605151332_004\DJI_20260515134236_0005_V.JPG,0.84,2026-06-08 10:34:12
DJI_20260515134249_0006_V.JPG,DJI_20260515134249_0006_V,.jpg,\\amssclgis10.ams.gmams.cl\CL_MLP_PAO\Vuelos_Drone_Sin_Procesar\INPUT\20260519_Geosupport\SOLO_JPG_19May26\GEOSP-TRN-002636\DJI_202605151332_004\DJI_20260515134249_0006_V.JPG,SOLO_JPG_19May26\GEOSP-TRN-002636\DJI_202605151332_004\DJI_20260515134249_0006_V.JPG,0.835,2026-06-08 10:34:13
DJI_20260515134409_0007_V.JPG,DJI_20260515134409_0007_V,.jpg,\\amssclgis10.ams.gmams.cl\CL_MLP_PAO\Vuelos_Drone_Sin_Procesar\INPUT\20260519_Geosupport\SOLO_JPG_19May26\GEOSP-TRN-002636\DJI_202605151332_004\DJI_20260515134409_0007_V.JPG,SOLO_JPG_19May26\GEOSP-TRN-002636\DJI_202605151332_004\DJI_20260515134409_0007_V.JPG,1.015,2026-06-08 10:34:13
DJI_20260515102243_0002_V.JPG,DJI_20260515102243_0002_V,.jpg,\\amssclgis10.ams.gmams.cl\CL_MLP_PAO\Vuelos_Drone_Sin_Procesar\INPUT\20260519_Geosupport\SOLO_JPG_19May26\GEOSP-TRN-002642\GS_AFD_ESTACION DE VALVULAS N°1 (prioridad 14)\DJI_20260515102243_0002_V.JPG,SOLO_JPG_19May26\GEOSP-TRN-002642\GS_AFD_ESTACION DE VALVULAS N°1 (prioridad 14)\DJI_20260515102243_0002_V.JPG,0.983,2026-06-08 10:34:13
DJI_20260515102259_0004_V.JPG,DJI_20260515102259_0004_V,.jpg,\\amssclgis10.ams.gmams.cl\CL_MLP_PAO\Vuelos_Drone_Sin_Procesar\INPUT\20260519_Geosupport\SOLO_JPG_19May26\GEOSP-TRN-002642\GS_AFD_ESTACION DE VALVULAS N°1 (prioridad 14)\DJI_20260515102259_0004_V.JPG,SOLO_JPG_19May26\GEOSP-TRN-002642\GS_AFD_ESTACION DE VALVULAS N°1 (prioridad 14)\DJI_20260515102259_0004_V.JPG,1.0,2026-06-08 10:34:13
DJI_20260515102339_0005_V.JPG,DJI_20260515102339_0005_V,.jpg,\\amssclgis10.ams.gmams.cl\CL_MLP_PAO\Vuelos_Drone_Sin_Procesar\INPUT\20260519_Geosupport\SOLO_JPG_19May26\GEOSP-TRN-002642\GS_AFD_ESTACION DE VALVULAS N°1 (prioridad 14)\DJI_20260515102339_0005_V.JPG,SOLO_JPG_19May26\GEOSP-TRN-002642\GS_AFD_ESTACION DE VALVULAS N°1 (prioridad 14)\DJI_20260515102339_0005_V.JPG,0.983,2026-06-08 10:34:13
DJI_20260515102400_0006_V.JPG,DJI_20260515102400_0006_V,.jpg,\\amssclgis10.ams.gmams.cl\CL_MLP_PAO\Vuelos_Drone_Sin_Procesar\INPUT\20260519_Geosupport\SOLO_JPG_19May26\GEOSP-TRN-002642\GS_AFD_ESTACION DE VALVULAS N°1 (prioridad 14)\DJI_20260515102400_0006_V.JPG,SOLO_JPG_19May26\GEOSP-TRN-002642\GS_AFD_ESTACION DE VALVULAS N°1 (prioridad 14)\DJI_20260515102400_0006_V.JPG,0.992,2026-06-08 10:34:14
DJI_20260515102427_0007_V.JPG,DJI_20260515102427_0007_V,.jpg,\\amssclgis10.ams.gmams.cl\CL_MLP_PAO\Vuelos_Drone_Sin_Procesar\INPUT\20260519_Geosupport\SOLO_JPG_19May26\GEOSP-TRN-002642\GS_AFD_ESTACION DE VALVULAS N°1 (prioridad 14)\DJI_20260515102427_0007_V.JPG,SOLO_JPG_19May26\GEOSP-TRN-002642\GS_AFD_ESTACION DE VALVULAS N°1 (prioridad 14)\DJI_20260515102427_0007_V.JPG,1.345,2026-06-08 10:34:14
DJI_20260515134728_0002_V.JPG,DJI_20260515134728_0002_V,.jpg,\\amssclgis10.ams.gmams.cl\CL_MLP_PAO\Vuelos_Drone_Sin_Procesar\INPUT\20260519_Geosupport\SOLO_JPG_19May26\GEOSP-TRN-002643\DJI_202605151342_006\DJI_20260515134728_0002_V.JPG,SOLO_JPG_19May26\GEOSP-TRN-002643\DJI_202605151342_006\DJI_20260515134728_0002_V.JPG,0.721,2026-06-08 10:34:14
DJI_20260515134742_0004_V.JPG,DJI_20260515134742_0004_V,.jpg,\\amssclgis10.ams.gmams.cl\CL_MLP_PAO\Vuelos_Drone_Sin_Procesar\INPUT\20260519_Geosupport\SOLO_JPG_19May26\GEOSP-TRN-002643\DJI_202605151342_006\DJI_20260515134742_0004_V.JPG,SOLO_JPG_19May26\GEOSP-TRN-002643\DJI_202605151342_006\DJI_20260515134742_0004_V.JPG,0.742,2026-06-08 10:34:14
DJI_20260515134749_0005_V.JPG,DJI_20260515134749_0005_V,.jpg,\\amssclgis10.ams.gmams.cl\CL_MLP_PAO\Vuelos_Drone_Sin_Procesar\INPUT\20260519_Geosupport\SOLO_JPG_19May26\GEOSP-TRN-002643\DJI_202605151342_006\DJI_20260515134749_0005_V.JPG,SOLO_JPG_19May26\GEOSP-TRN-002643\DJI_202605151342_006\DJI_20260515134749_0005_V.JPG,0.661,2026-06-08 10:34:14
DJI_20260515134806_0006_V.JPG,DJI_20260515134806_0006_V,.jpg,\\amssclgis10.ams.gmams.cl\CL_MLP_PAO\Vuelos_Drone_Sin_Procesar\INPUT\20260519_Geosupport\SOLO_JPG_19May26\GEOSP-TRN-002643\DJI_202605151342_006\DJI_20260515134806_0006_V.JPG,SOLO_JPG_19May26\GEOSP-TRN-002643\DJI_202605151342_006\DJI_20260515134806_0006_V.JPG,0.717,2026-06-08 10:34:15
DJI_20260515134839_0007_V.JPG,DJI_20260515134839_0007_V,.jpg,\\amssclgis10.ams.gmams.cl\CL_MLP_PAO\Vuelos_Drone_Sin_Procesar\INPUT\20260519_Geosupport\SOLO_JPG_19May26\GEOSP-TRN-002643\DJI_202605151342_006\DJI_20260515134839_0007_V.JPG,SOLO_JPG_19May26\GEOSP-TRN-002643\DJI_202605151342_006\DJI_20260515134839_0007_V.JPG,0.903,2026-06-08 10:34:15
DJI_20260515134858_0008_V.JPG,DJI_20260515134858_0008_V,.jpg,\\amssclgis10.ams.gmams.cl\CL_MLP_PAO\Vuelos_Drone_Sin_Procesar\INPUT\20260519_Geosupport\SOLO_JPG_19May26\GEOSP-TRN-002643\DJI_202605151342_006\DJI_20260515134858_0008_V.JPG,SOLO_JPG_19May26\GEOSP-TRN-002643\DJI_202605151342_006\DJI_20260515134858_0008_V.JPG,0.647,2026-06-08 10:34:15
DJI_20260515134905_0009_V.JPG,DJI_20260515134905_0009_V,.jpg,\\amssclgis10.ams.gmams.cl\CL_MLP_PAO\Vuelos_Drone_Sin_Procesar\INPUT\20260519_Geosupport\SOLO_JPG_19May26\GEOSP-TRN-002643\DJI_202605151342_006\DJI_20260515134905_0009_V.JPG,SOLO_JPG_19May26\GEOSP-TRN-002643\DJI_202605151342_006\DJI_20260515134905_0009_V.JPG,0.616,2026-06-08 10:34:16
DJI_20260515134911_0010_V.JPG,DJI_20260515134911_0010_V,.jpg,\\amssclgis10.ams.gmams.cl\CL_MLP_PAO\Vuelos_Drone_Sin_Procesar\INPUT\20260519_Geosupport\SOLO_JPG_19May26\GEOSP-TRN-002643\DJI_202605151342_006\DJI_20260515134911_0010_V.JPG,SOLO_JPG_19May26\GEOSP-TRN-002643\DJI_202605151342_006\DJI_20260515134911_0010_V.JPG,0.566,2026-06-08 10:34:16
DJI_20260516151551_0047_V.JPG,DJI_20260516151551_0047_V,.jpg,\\amssclgis10.ams.gmams.cl\CL_MLP_PAO\Vuelos_Drone_Sin_Procesar\INPUT\20260519_Geosupport\SOLO_JPG_19May26\GEOSP-TRN-002647\TORRE E48\DJI_20260516151551_0047_V.JPG,SOLO_JPG_19May26\GEOSP-TRN-002647\TORRE E48\DJI_20260516151551_0047_V.JPG,1.404,2026-06-08 10:34:16
DJI_20260516151555_0048_V.JPG,DJI_20260516151555_0048_V,.jpg,\\amssclgis10.ams.gmams.cl\CL_MLP_PAO\Vuelos_Drone_Sin_Procesar\INPUT\20260519_Geosupport\SOLO_JPG_19May26\GEOSP-TRN-002647\TORRE E48\DJI_20260516151555_0048_V.JPG,SOLO_JPG_19May26\GEOSP-TRN-002647\TORRE E48\DJI_20260516151555_0048_V.JPG,1.38,2026-06-08 10:34:17
DJI_20260516151601_0049_V.JPG,DJI_20260516151601_0049_V,.jpg,\\amssclgis10.ams.gmams.cl\CL_MLP_PAO\Vuelos_Drone_Sin_Procesar\INPUT\20260519_Geosupport\SOLO_JPG_19May26\GEOSP-TRN-002647\TORRE E48\DJI_20260516151601_0049_V.JPG,SOLO_JPG_19May26\GEOSP-TRN-002647\TORRE E48\DJI_20260516151601_0049_V.JPG,1.374,2026-06-08 10:34:17
DJI_20260516151606_0050_V.JPG,DJI_20260516151606_0050_V,.jpg,\\amssclgis10.ams.gmams.cl\CL_MLP_PAO\Vuelos_Drone_Sin_Procesar\INPUT\20260519_Geosupport\SOLO_JPG_19May26\GEOSP-TRN-002647\TORRE E48\DJI_20260516151606_0050_V.JPG,SOLO_JPG_19May26\GEOSP-TRN-002647\TORRE E48\DJI_20260516151606_0050_V.JPG,1.403,2026-06-08 10:34:18
DJI_20260516151611_0051_V.JPG,DJI_20260516151611_0051_V,.jpg,\\amssclgis10.ams.gmams.cl\CL_MLP_PAO\Vuelos_Drone_Sin_Procesar\INPUT\20260519_Geosupport\SOLO_JPG_19May26\GEOSP-TRN-002647\TORRE E48\DJI_20260516151611_0051_V.JPG,SOLO_JPG_19May26\GEOSP-TRN-002647\TORRE E48\DJI_20260516151611_0051_V.JPG,1.386,2026-06-08 10:34:18
DJI_20260516151521_0042_V.JPG,DJI_20260516151521_0042_V,.jpg,\\amssclgis10.ams.gmams.cl\CL_MLP_PAO\Vuelos_Drone_Sin_Procesar\INPUT\20260519_Geosupport\SOLO_JPG_19May26\GEOSP-TRN-002647\TORRE E49\DJI_20260516151521_0042_V.JPG,SOLO_JPG_19May26\GEOSP-TRN-002647\TORRE E49\DJI_20260516151521_0042_V.JPG,1.387,2026-06-08 10:34:18
DJI_20260516151524_0043_V.JPG,DJI_20260516151524_0043_V,.jpg,\\amssclgis10.ams.gmams.cl\CL_MLP_PAO\Vuelos_Drone_Sin_Procesar\INPUT\20260519_Geosupport\SOLO_JPG_19May26\GEOSP-TRN-002647\TORRE E49\DJI_20260516151524_0043_V.JPG,SOLO_JPG_19May26\GEOSP-TRN-002647\TORRE E49\DJI_20260516151524_0043_V.JPG,1.367,2026-06-08 10:34:19
DJI_20260516151530_0044_V.JPG,DJI_20260516151530_0044_V,.jpg,\\amssclgis10.ams.gmams.cl\CL_MLP_PAO\Vuelos_Drone_Sin_Procesar\INPUT\20260519_Geosupport\SOLO_JPG_19May26\GEOSP-TRN-002647\TORRE E49\DJI_20260516151530_0044_V.JPG,SOLO_JPG_19May26\GEOSP-TRN-002647\TORRE E49\DJI_20260516151530_0044_V.JPG,1.358,2026-06-08 10:34:19
DJI_20260516151534_0045_V.JPG,DJI_20260516151534_0045_V,.jpg,\\amssclgis10.ams.gmams.cl\CL_MLP_PAO\Vuelos_Drone_Sin_Procesar\INPUT\20260519_Geosupport\SOLO_JPG_19May26\GEOSP-TRN-002647\TORRE E49\DJI_20260516151534_0045_V.JPG,SOLO_JPG_19May26\GEOSP-TRN-002647\TORRE E49\DJI_20260516151534_0045_V.JPG,1.391,2026-06-08 10:34:20
DJI_20260516151541_0046_V.JPG,DJI_20260516151541_0046_V,.jpg,\\amssclgis10.ams.gmams.cl\CL_MLP_PAO\Vuelos_Drone_Sin_Procesar\INPUT\20260519_Geosupport\SOLO_JPG_19May26\GEOSP-TRN-002647\TORRE E49\DJI_20260516151541_0046_V.JPG,SOLO_JPG_19May26\GEOSP-TRN-002647\TORRE E49\DJI_20260516151541_0046_V.JPG,1.383,2026-06-08 10:34:20
DJI_20260516151440_0037_V.JPG,DJI_20260516151440_0037_V,.jpg,\\amssclgis10.ams.gmams.cl\CL_MLP_PAO\Vuelos_Drone_Sin_Procesar\INPUT\20260519_Geosupport\SOLO_JPG_19May26\GEOSP-TRN-002647\TORRE E50\DJI_20260516151440_0037_V.JPG,SOLO_JPG_19May26\GEOSP-TRN-002647\TORRE E50\DJI_20260516151440_0037_V.JPG,1.405,2026-06-08 10:34:20
DJI_20260516151443_0038_V.JPG,DJI_20260516151443_0038_V,.jpg,\\amssclgis10.ams.gmams.cl\CL_MLP_PAO\Vuelos_Drone_Sin_Procesar\INPUT\20260519_Geosupport\SOLO_JPG_19May26\GEOSP-TRN-002647\TORRE E50\DJI_20260516151443_0038_V.JPG,SOLO_JPG_19May26\GEOSP-TRN-002647\TORRE E50\DJI_20260516151443_0038_V.JPG,1.44,2026-06-08 10:34:21
DJI_20260516151446_0039_V.JPG,DJI_20260516151446_0039_V,.jpg,\\amssclgis10.ams.gmams.cl\CL_MLP_PAO\Vuelos_Drone_Sin_Procesar\INPUT\20260519_Geosupport\SOLO_JPG_19May26\GEOSP-TRN-002647\TORRE E50\DJI_20260516151446_0039_V.JPG,SOLO_JPG_19May26\GEOSP-TRN-002647\TORRE E50\DJI_20260516151446_0039_V.JPG,1.439,2026-06-08 10:34:21
DJI_20260516151454_0040_V.JPG,DJI_20260516151454_0040_V,.jpg,\\amssclgis10.ams.gmams.cl\CL_MLP_PAO\Vuelos_Drone_Sin_Procesar\INPUT\20260519_Geosupport\SOLO_JPG_19May26\GEOSP-TRN-002647\TORRE E50\DJI_20260516151454_0040_V.JPG,SOLO_JPG_19May26\GEOSP-TRN-002647\TORRE E50\DJI_20260516151454_0040_V.JPG,1.377,2026-06-08 10:34:22
DJI_20260516151507_0041_V.JPG,DJI_20260516151507_0041_V,.jpg,\\amssclgis10.ams.gmams.cl\CL_MLP_PAO\Vuelos_Drone_Sin_Procesar\INPUT\20260519_Geosupport\SOLO_JPG_19May26\GEOSP-TRN-002647\TORRE E50\DJI_20260516151507_0041_V.JPG,SOLO_JPG_19May26\GEOSP-TRN-002647\TORRE E50\DJI_20260516151507_0041_V.JPG,1.399,2026-06-08 10:34:22
DJI_20260516151357_0032_V.JPG,DJI_20260516151357_0032_V,.jpg,\\amssclgis10.ams.gmams.cl\CL_MLP_PAO\Vuelos_Drone_Sin_Procesar\INPUT\20260519_Geosupport\SOLO_JPG_19May26\GEOSP-TRN-002647\TORRE E51\DJI_20260516151357_0032_V.JPG,SOLO_JPG_19May26\GEOSP-TRN-002647\TORRE E51\DJI_20260516151357_0032_V.JPG,1.271,2026-06-08 10:34:23
DJI_20260516151405_0033_V.JPG,DJI_20260516151405_0033_V,.jpg,\\amssclgis10.ams.gmams.cl\CL_MLP_PAO\Vuelos_Drone_Sin_Procesar\INPUT\20260519_Geosupport\SOLO_JPG_19May26\GEOSP-TRN-002647\TORRE E51\DJI_20260516151405_0033_V.JPG,SOLO_JPG_19May26\GEOSP-TRN-002647\TORRE E51\DJI_20260516151405_0033_V.JPG,1.292,2026-06-08 10:34:23
DJI_20260516151410_0034_V.JPG,DJI_20260516151410_0034_V,.jpg,\\amssclgis10.ams.gmams.cl\CL_MLP_PAO\Vuelos_Drone_Sin_Procesar\INPUT\20260519_Geosupport\SOLO_JPG_19May26\GEOSP-TRN-002647\TORRE E51\DJI_20260516151410_0034_V.JPG,SOLO_JPG_19May26\GEOSP-TRN-002647\TORRE E51\DJI_20260516151410_0034_V.JPG,1.265,2026-06-08 10:34:23
DJI_20260516151413_0035_V.JPG,DJI_20260516151413_0035_V,.jpg,\\amssclgis10.ams.gmams.cl\CL_MLP_PAO\Vuelos_Drone_Sin_Procesar\INPUT\20260519_Geosupport\SOLO_JPG_19May26\GEOSP-TRN-002647\TORRE E51\DJI_20260516151413_0035_V.JPG,SOLO_JPG_19May26\GEOSP-TRN-002647\TORRE E51\DJI_20260516151413_0035_V.JPG,1.274,2026-06-08 10:34:24
DJI_20260516151416_0036_V.JPG,DJI_20260516151416_0036_V,.jpg,\\amssclgis10.ams.gmams.cl\CL_MLP_PAO\Vuelos_Drone_Sin_Procesar\INPUT\20260519_Geosupport\SOLO_JPG_19May26\GEOSP-TRN-002647\TORRE E51\DJI_20260516151416_0036_V.JPG,SOLO_JPG_19May26\GEOSP-TRN-002647\TORRE E51\DJI_20260516151416_0036_V.JPG,1.28,2026-06-08 10:34:24
DJI_20260516151325_0027_V.JPG,DJI_20260516151325_0027_V,.jpg,\\amssclgis10.ams.gmams.cl\CL_MLP_PAO\Vuelos_Drone_Sin_Procesar\INPUT\20260519_Geosupport\SOLO_JPG_19May26\GEOSP-TRN-002647\TORRE E52\DJI_20260516151325_0027_V.JPG,SOLO_JPG_19May26\GEOSP-TRN-002647\TORRE E52\DJI_20260516151325_0027_V.JPG,1.298,2026-06-08 10:34:24
DJI_20260516151333_0028_V.JPG,DJI_20260516151333_0028_V,.jpg,\\amssclgis10.ams.gmams.cl\CL_MLP_PAO\Vuelos_Drone_Sin_Procesar\INPUT\20260519_Geosupport\SOLO_JPG_19May26\GEOSP-TRN-002647\TORRE E52\DJI_20260516151333_0028_V.JPG,SOLO_JPG_19May26\GEOSP-TRN-002647\TORRE E52\DJI_20260516151333_0028_V.JPG,1.28,2026-06-08 10:34:25
DJI_20260516151337_0029_V.JPG,DJI_20260516151337_0029_V,.jpg,\\amssclgis10.ams.gmams.cl\CL_MLP_PAO\Vuelos_Drone_Sin_Procesar\INPUT\20260519_Geosupport\SOLO_JPG_19May26\GEOSP-TRN-002647\TORRE E52\DJI_20260516151337_0029_V.JPG,SOLO_JPG_19May26\GEOSP-TRN-002647\TORRE E52\DJI_20260516151337_0029_V.JPG,1.275,2026-06-08 10:34:25
DJI_20260516151340_0030_V.JPG,DJI_20260516151340_0030_V,.jpg,\\amssclgis10.ams.gmams.cl\CL_MLP_PAO\Vuelos_Drone_Sin_Procesar\INPUT\20260519_Geosupport\SOLO_JPG_19May26\GEOSP-TRN-002647\TORRE E52\DJI_20260516151340_0030_V.JPG,SOLO_JPG_19May26\GEOSP-TRN-002647\TORRE E52\DJI_20260516151340_0030_V.JPG,1.267,2026-06-08 10:34:26
DJI_20260516151342_0031_V.JPG,DJI_20260516151342_0031_V,.jpg,\\amssclgis10.ams.gmams.cl\CL_MLP_PAO\Vuelos_Drone_Sin_Procesar\INPUT\20260519_Geosupport\SOLO_JPG_19May26\GEOSP-TRN-002647\TORRE E52\DJI_20260516151342_0031_V.JPG,SOLO_JPG_19May26\GEOSP-TRN-002647\TORRE E52\DJI_20260516151342_0031_V.JPG,1.317,2026-06-08 10:34:26
DJI_20260516151252_0022_V.JPG,DJI_20260516151252_0022_V,.jpg,\\amssclgis10.ams.gmams.cl\CL_MLP_PAO\Vuelos_Drone_Sin_Procesar\INPUT\20260519_Geosupport\SOLO_JPG_19May26\GEOSP-TRN-002647\TORRE E53\DJI_20260516151252_0022_V.JPG,SOLO_JPG_19May26\GEOSP-TRN-002647\TORRE E53\DJI_20260516151252_0022_V.JPG,1.267,2026-06-08 10:34:26
DJI_20260516151256_0023_V.JPG,DJI_20260516151256_0023_V,.jpg,\\amssclgis10.ams.gmams.cl\CL_MLP_PAO\Vuelos_Drone_Sin_Procesar\INPUT\20260519_Geosupport\SOLO_JPG_19May26\GEOSP-TRN-002647\TORRE E53\DJI_20260516151256_0023_V.JPG,SOLO_JPG_19May26\GEOSP-TRN-002647\TORRE E53\DJI_20260516151256_0023_V.JPG,1.25,2026-06-08 10:34:27
DJI_20260516151303_0024_V.JPG,DJI_20260516151303_0024_V,.jpg,\\amssclgis10.ams.gmams.cl\CL_MLP_PAO\Vuelos_Drone_Sin_Procesar\INPUT\20260519_Geosupport\SOLO_JPG_19May26\GEOSP-TRN-002647\TORRE E53\DJI_20260516151303_0024_V.JPG,SOLO_JPG_19May26\GEOSP-TRN-002647\TORRE E53\DJI_20260516151303_0024_V.JPG,1.268,2026-06-08 10:34:27
DJI_20260516151308_0025_V.JPG,DJI_20260516151308_0025_V,.jpg,\\amssclgis10.ams.gmams.cl\CL_MLP_PAO\Vuelos_Drone_Sin_Procesar\INPUT\20260519_Geosupport\SOLO_JPG_19May26\GEOSP-TRN-002647\TORRE E53\DJI_20260516151308_0025_V.JPG,SOLO_JPG_19May26\GEOSP-TRN-002647\TORRE E53\DJI_20260516151308_0025_V.JPG,1.215,2026-06-08 10:34:27
DJI_20260516151312_0026_V.JPG,DJI_20260516151312_0026_V,.jpg,\\amssclgis10.ams.gmams.cl\CL_MLP_PAO\Vuelos_Drone_Sin_Procesar\INPUT\20260519_Geosupport\SOLO_JPG_19May26\GEOSP-TRN-002647\TORRE E53\DJI_20260516151312_0026_V.JPG,SOLO_JPG_19May26\GEOSP-TRN-002647\TORRE E53\DJI_20260516151312_0026_V.JPG,1.266,2026-06-08 10:34:28
DJI_20260516151225_0017_V.JPG,DJI_20260516151225_0017_V,.jpg,\\amssclgis10.ams.gmams.cl\CL_MLP_PAO\Vuelos_Drone_Sin_Procesar\INPUT\20260519_Geosupport\SOLO_JPG_19May26\GEOSP-TRN-002647\TORRE E54\DJI_20260516151225_0017_V.JPG,SOLO_JPG_19May26\GEOSP-TRN-002647\TORRE E54\DJI_20260516151225_0017_V.JPG,1.295,2026-06-08 10:34:28
DJI_20260516151229_0018_V.JPG,DJI_20260516151229_0018_V,.jpg,\\amssclgis10.ams.gmams.cl\CL_MLP_PAO\Vuelos_Drone_Sin_Procesar\INPUT\20260519_Geosupport\SOLO_JPG_19May26\GEOSP-TRN-002647\TORRE E54\DJI_20260516151229_0018_V.JPG,SOLO_JPG_19May26\GEOSP-TRN-002647\TORRE E54\DJI_20260516151229_0018_V.JPG,1.254,2026-06-08 10:34:28
DJI_20260516151234_0019_V.JPG,DJI_20260516151234_0019_V,.jpg,\\amssclgis10.ams.gmams.cl\CL_MLP_PAO\Vuelos_Drone_Sin_Procesar\INPUT\20260519_Geosupport\SOLO_JPG_19May26\GEOSP-TRN-002647\TORRE E54\DJI_20260516151234_0019_V.JPG,SOLO_JPG_19May26\GEOSP-TRN-002647\TORRE E54\DJI_20260516151234_0019_V.JPG,1.289,2026-06-08 10:34:29
DJI_20260516151237_0020_V.JPG,DJI_20260516151237_0020_V,.jpg,\\amssclgis10.ams.gmams.cl\CL_MLP_PAO\Vuelos_Drone_Sin_Procesar\INPUT\20260519_Geosupport\SOLO_JPG_19May26\GEOSP-TRN-002647\TORRE E54\DJI_20260516151237_0020_V.JPG,SOLO_JPG_19May26\GEOSP-TRN-002647\TORRE E54\DJI_20260516151237_0020_V.JPG,1.287,2026-06-08 10:34:29
DJI_20260516151241_0021_V.JPG,DJI_20260516151241_0021_V,.jpg,\\amssclgis10.ams.gmams.cl\CL_MLP_PAO\Vuelos_Drone_Sin_Procesar\INPUT\20260519_Geosupport\SOLO_JPG_19May26\GEOSP-TRN-002647\TORRE E54\DJI_20260516151241_0021_V.JPG,SOLO_JPG_19May26\GEOSP-TRN-002647\TORRE E54\DJI_20260516151241_0021_V.JPG,1.291,2026-06-08 10:34:30
DJI_20260516151152_0012_V.JPG,DJI_20260516151152_0012_V,.jpg,\\amssclgis10.ams.gmams.cl\CL_MLP_PAO\Vuelos_Drone_Sin_Procesar\INPUT\20260519_Geosupport\SOLO_JPG_19May26\GEOSP-TRN-002647\TORRE E55\DJI_20260516151152_0012_V.JPG,SOLO_JPG_19May26\GEOSP-TRN-002647\TORRE E55\DJI_20260516151152_0012_V.JPG,1.2,2026-06-08 10:34:30
DJI_20260516151200_0013_V.JPG,DJI_20260516151200_0013_V,.jpg,\\amssclgis10.ams.gmams.cl\CL_MLP_PAO\Vuelos_Drone_Sin_Procesar\INPUT\20260519_Geosupport\SOLO_JPG_19May26\GEOSP-TRN-002647\TORRE E55\DJI_20260516151200_0013_V.JPG,SOLO_JPG_19May26\GEOSP-TRN-002647\TORRE E55\DJI_20260516151200_0013_V.JPG,1.248,2026-06-08 10:34:30
DJI_20260516151204_0014_V.JPG,DJI_20260516151204_0014_V,.jpg,\\amssclgis10.ams.gmams.cl\CL_MLP_PAO\Vuelos_Drone_Sin_Procesar\INPUT\20260519_Geosupport\SOLO_JPG_19May26\GEOSP-TRN-002647\TORRE E55\DJI_20260516151204_0014_V.JPG,SOLO_JPG_19May26\GEOSP-TRN-002647\TORRE E55\DJI_20260516151204_0014_V.JPG,1.199,2026-06-08 10:34:31
DJI_20260516151208_0015_V.JPG,DJI_20260516151208_0015_V,.jpg,\\amssclgis10.ams.gmams.cl\CL_MLP_PAO\Vuelos_Drone_Sin_Procesar\INPUT\20260519_Geosupport\SOLO_JPG_19May26\GEOSP-TRN-002647\TORRE E55\DJI_20260516151208_0015_V.JPG,SOLO_JPG_19May26\GEOSP-TRN-002647\TORRE E55\DJI_20260516151208_0015_V.JPG,1.191,2026-06-08 10:34:31
DJI_20260516151212_0016_V.JPG,DJI_20260516151212_0016_V,.jpg,\\amssclgis10.ams.gmams.cl\CL_MLP_PAO\Vuelos_Drone_Sin_Procesar\INPUT\20260519_Geosupport\SOLO_JPG_19May26\GEOSP-TRN-002647\TORRE E55\DJI_20260516151212_0016_V.JPG,SOLO_JPG_19May26\GEOSP-TRN-002647\TORRE E55\DJI_20260516151212_0016_V.JPG,1.183,2026-06-08 10:34:31
DJI_20260516151127_0007_V.JPG,DJI_20260516151127_0007_V,.jpg,\\amssclgis10.ams.gmams.cl\CL_MLP_PAO\Vuelos_Drone_Sin_Procesar\INPUT\20260519_Geosupport\SOLO_JPG_19May26\GEOSP-TRN-002647\TORRE E56\DJI_20260516151127_0007_V.JPG,SOLO_JPG_19May26\GEOSP-TRN-002647\TORRE E56\DJI_20260516151127_0007_V.JPG,1.261,2026-06-08 10:34:32
DJI_20260516151134_0008_V.JPG,DJI_20260516151134_0008_V,.jpg,\\amssclgis10.ams.gmams.cl\CL_MLP_PAO\Vuelos_Drone_Sin_Procesar\INPUT\20260519_Geosupport\SOLO_JPG_19May26\GEOSP-TRN-002647\TORRE E56\DJI_20260516151134_0008_V.JPG,SOLO_JPG_19May26\GEOSP-TRN-002647\TORRE E56\DJI_20260516151134_0008_V.JPG,1.239,2026-06-08 10:34:32
DJI_20260516151138_0009_V.JPG,DJI_20260516151138_0009_V,.jpg,\\amssclgis10.ams.gmams.cl\CL_MLP_PAO\Vuelos_Drone_Sin_Procesar\INPUT\20260519_Geosupport\SOLO_JPG_19May26\GEOSP-TRN-002647\TORRE E56\DJI_20260516151138_0009_V.JPG,SOLO_JPG_19May26\GEOSP-TRN-002647\TORRE E56\DJI_20260516151138_0009_V.JPG,1.237,2026-06-08 10:34:32
DJI_20260516151141_0010_V.JPG,DJI_20260516151141_0010_V,.jpg,\\amssclgis10.ams.gmams.cl\CL_MLP_PAO\Vuelos_Drone_Sin_Procesar\INPUT\20260519_Geosupport\SOLO_JPG_19May26\GEOSP-TRN-002647\TORRE E56\DJI_20260516151141_0010_V.JPG,SOLO_JPG_19May26\GEOSP-TRN-002647\TORRE E56\DJI_20260516151141_0010_V.JPG,1.202,2026-06-08 10:34:33
DJI_20260516151143_0011_V.JPG,DJI_20260516151143_0011_V,.jpg,\\amssclgis10.ams.gmams.cl\CL_MLP_PAO\Vuelos_Drone_Sin_Procesar\INPUT\20260519_Geosupport\SOLO_JPG_19May26\GEOSP-TRN-002647\TORRE E56\DJI_20260516151143_0011_V.JPG,SOLO_JPG_19May26\GEOSP-TRN-002647\TORRE E56\DJI_20260516151143_0011_V.JPG,1.276,2026-06-08 10:34:33
DJI_20260516151050_0001_V.JPG,DJI_20260516151050_0001_V,.jpg,\\amssclgis10.ams.gmams.cl\CL_MLP_PAO\Vuelos_Drone_Sin_Procesar\INPUT\20260519_Geosupport\SOLO_JPG_19May26\GEOSP-TRN-002647\TORRE E57\DJI_20260516151050_0001_V.JPG,SOLO_JPG_19May26\GEOSP-TRN-002647\TORRE E57\DJI_20260516151050_0001_V.JPG,1.17,2026-06-08 10:34:33
DJI_20260516151101_0003_V.JPG,DJI_20260516151101_0003_V,.jpg,\\amssclgis10.ams.gmams.cl\CL_MLP_PAO\Vuelos_Drone_Sin_Procesar\INPUT\20260519_Geosupport\SOLO_JPG_19May26\GEOSP-TRN-002647\TORRE E57\DJI_20260516151101_0003_V.JPG,SOLO_JPG_19May26\GEOSP-TRN-002647\TORRE E57\DJI_20260516151101_0003_V.JPG,1.167,2026-06-08 10:34:34
DJI_20260516151105_0004_V.JPG,DJI_20260516151105_0004_V,.jpg,\\amssclgis10.ams.gmams.cl\CL_MLP_PAO\Vuelos_Drone_Sin_Procesar\INPUT\20260519_Geosupport\SOLO_JPG_19May26\GEOSP-TRN-002647\TORRE E57\DJI_20260516151105_0004_V.JPG,SOLO_JPG_19May26\GEOSP-TRN-002647\TORRE E57\DJI_20260516151105_0004_V.JPG,1.194,2026-06-08 10:34:34
DJI_20260516151109_0005_V.JPG,DJI_20260516151109_0005_V,.jpg,\\amssclgis10.ams.gmams.cl\CL_MLP_PAO\Vuelos_Drone_Sin_Procesar\INPUT\20260519_Geosupport\SOLO_JPG_19May26\GEOSP-TRN-002647\TORRE E57\DJI_20260516151109_0005_V.JPG,SOLO_JPG_19May26\GEOSP-TRN-002647\TORRE E57\DJI_20260516151109_0005_V.JPG,1.182,2026-06-08 10:34:34
DJI_20260516151111_0006_V.JPG,DJI_20260516151111_0006_V,.jpg,\\amssclgis10.ams.gmams.cl\CL_MLP_PAO\Vuelos_Drone_Sin_Procesar\INPUT\20260519_Geosupport\SOLO_JPG_19May26\GEOSP-TRN-002647\TORRE E57\DJI_20260516151111_0006_V.JPG,SOLO_JPG_19May26\GEOSP-TRN-002647\TORRE E57\DJI_20260516151111_0006_V.JPG,1.183,2026-06-08 10:34:35
DJI_20260516150707_0133_V.JPG,DJI_20260516150707_0133_V,.jpg,\\amssclgis10.ams.gmams.cl\CL_MLP_PAO\Vuelos_Drone_Sin_Procesar\INPUT\20260519_Geosupport\SOLO_JPG_19May26\GEOSP-TRN-002647\TORRE E58\DJI_20260516150707_0133_V.JPG,SOLO_JPG_19May26\GEOSP-TRN-002647\TORRE E58\DJI_20260516150707_0133_V.JPG,1.071,2026-06-08 10:34:35
DJI_20260516150713_0134_V.JPG,DJI_20260516150713_0134_V,.jpg,\\amssclgis10.ams.gmams.cl\CL_MLP_PAO\Vuelos_Drone_Sin_Procesar\INPUT\20260519_Geosupport\SOLO_JPG_19May26\GEOSP-TRN-002647\TORRE E58\DJI_20260516150713_0134_V.JPG,SOLO_JPG_19May26\GEOSP-TRN-002647\TORRE E58\DJI_20260516150713_0134_V.JPG,1.077,2026-06-08 10:34:35
DJI_20260516150717_0135_V.JPG,DJI_20260516150717_0135_V,.jpg,\\amssclgis10.ams.gmams.cl\CL_MLP_PAO\Vuelos_Drone_Sin_Procesar\INPUT\20260519_Geosupport\SOLO_JPG_19May26\GEOSP-TRN-002647\TORRE E58\DJI_20260516150717_0135_V.JPG,SOLO_JPG_19May26\GEOSP-TRN-002647\TORRE E58\DJI_20260516150717_0135_V.JPG,1.07,2026-06-08 10:34:36
DJI_20260516150721_0136_V.JPG,DJI_20260516150721_0136_V,.jpg,\\amssclgis10.ams.gmams.cl\CL_MLP_PAO\Vuelos_Drone_Sin_Procesar\INPUT\20260519_Geosupport\SOLO_JPG_19May26\GEOSP-TRN-002647\TORRE E58\DJI_20260516150721_0136_V.JPG,SOLO_JPG_19May26\GEOSP-TRN-002647\TORRE E58\DJI_20260516150721_0136_V.JPG,1.098,2026-06-08 10:34:36
DJI_20260516150723_0137_V.JPG,DJI_20260516150723_0137_V,.jpg,\\amssclgis10.ams.gmams.cl\CL_MLP_PAO\Vuelos_Drone_Sin_Procesar\INPUT\20260519_Geosupport\SOLO_JPG_19May26\GEOSP-TRN-002647\TORRE E58\DJI_20260516150723_0137_V.JPG,SOLO_JPG_19May26\GEOSP-TRN-002647\TORRE E58\DJI_20260516150723_0137_V.JPG,1.043,2026-06-08 10:34:36
DJI_20260516150639_0128_V.JPG,DJI_20260516150639_0128_V,.jpg,\\amssclgis10.ams.gmams.cl\CL_MLP_PAO\Vuelos_Drone_Sin_Procesar\INPUT\20260519_Geosupport\SOLO_JPG_19May26\GEOSP-TRN-002647\TORRE E59\DJI_20260516150639_0128_V.JPG,SOLO_JPG_19May26\GEOSP-TRN-002647\TORRE E59\DJI_20260516150639_0128_V.JPG,1.164,2026-06-08 10:34:37
DJI_20260516150645_0129_V.JPG,DJI_20260516150645_0129_V,.jpg,\\amssclgis10.ams.gmams.cl\CL_MLP_PAO\Vuelos_Drone_Sin_Procesar\INPUT\20260519_Geosupport\SOLO_JPG_19May26\GEOSP-TRN-002647\TORRE E59\DJI_20260516150645_0129_V.JPG,SOLO_JPG_19May26\GEOSP-TRN-002647\TORRE E59\DJI_20260516150645_0129_V.JPG,1.176,2026-06-08 10:34:37
DJI_20260516150650_0130_V.JPG,DJI_20260516150650_0130_V,.jpg,\\amssclgis10.ams.gmams.cl\CL_MLP_PAO\Vuelos_Drone_Sin_Procesar\INPUT\20260519_Geosupport\SOLO_JPG_19May26\GEOSP-TRN-002647\TORRE E59\DJI_20260516150650_0130_V.JPG,SOLO_JPG_19May26\GEOSP-TRN-002647\TORRE E59\DJI_20260516150650_0130_V.JPG,1.192,2026-06-08 10:34:37
DJI_20260516150654_0131_V.JPG,DJI_20260516150654_0131_V,.jpg,\\amssclgis10.ams.gmams.cl\CL_MLP_PAO\Vuelos_Drone_Sin_Procesar\INPUT\20260519_Geosupport\SOLO_JPG_19May26\GEOSP-TRN-002647\TORRE E59\DJI_20260516150654_0131_V.JPG,SOLO_JPG_19May26\GEOSP-TRN-002647\TORRE E59\DJI_20260516150654_0131_V.JPG,1.149,2026-06-08 10:34:38
DJI_20260516150657_0132_V.JPG,DJI_20260516150657_0132_V,.jpg,\\amssclgis10.ams.gmams.cl\CL_MLP_PAO\Vuelos_Drone_Sin_Procesar\INPUT\20260519_Geosupport\SOLO_JPG_19May26\GEOSP-TRN-002647\TORRE E59\DJI_20260516150657_0132_V.JPG,SOLO_JPG_19May26\GEOSP-TRN-002647\TORRE E59\DJI_20260516150657_0132_V.JPG,1.197,2026-06-08 10:34:38
DJI_20260516150606_0123_V.JPG,DJI_20260516150606_0123_V,.jpg,\\amssclgis10.ams.gmams.cl\CL_MLP_PAO\Vuelos_Drone_Sin_Procesar\INPUT\20260519_Geosupport\SOLO_JPG_19May26\GEOSP-TRN-002647\TORRE E60\DJI_20260516150606_0123_V.JPG,SOLO_JPG_19May26\GEOSP-TRN-002647\TORRE E60\DJI_20260516150606_0123_V.JPG,1.12,2026-06-08 10:34:38
DJI_20260516150615_0124_V.JPG,DJI_20260516150615_0124_V,.jpg,\\amssclgis10.ams.gmams.cl\CL_MLP_PAO\Vuelos_Drone_Sin_Procesar\INPUT\20260519_Geosupport\SOLO_JPG_19May26\GEOSP-TRN-002647\TORRE E60\DJI_20260516150615_0124_V.JPG,SOLO_JPG_19May26\GEOSP-TRN-002647\TORRE E60\DJI_20260516150615_0124_V.JPG,1.147,2026-06-08 10:34:39
DJI_20260516150620_0125_V.JPG,DJI_20260516150620_0125_V,.jpg,\\amssclgis10.ams.gmams.cl\CL_MLP_PAO\Vuelos_Drone_Sin_Procesar\INPUT\20260519_Geosupport\SOLO_JPG_19May26\GEOSP-TRN-002647\TORRE E60\DJI_20260516150620_0125_V.JPG,SOLO_JPG_19May26\GEOSP-TRN-002647\TORRE E60\DJI_20260516150620_0125_V.JPG,1.105,2026-06-08 10:34:39
DJI_20260516150624_0126_V.JPG,DJI_20260516150624_0126_V,.jpg,\\amssclgis10.ams.gmams.cl\CL_MLP_PAO\Vuelos_Drone_Sin_Procesar\INPUT\20260519_Geosupport\SOLO_JPG_19May26\GEOSP-TRN-002647\TORRE E60\DJI_20260516150624_0126_V.JPG,SOLO_JPG_19May26\GEOSP-TRN-002647\TORRE E60\DJI_20260516150624_0126_V.JPG,1.137,2026-06-08 10:34:39
DJI_20260516150629_0127_V.JPG,DJI_20260516150629_0127_V,.jpg,\\amssclgis10.ams.gmams.cl\CL_MLP_PAO\Vuelos_Drone_Sin_Procesar\INPUT\20260519_Geosupport\SOLO_JPG_19May26\GEOSP-TRN-002647\TORRE E60\DJI_20260516150629_0127_V.JPG,SOLO_JPG_19May26\GEOSP-TRN-002647\TORRE E60\DJI_20260516150629_0127_V.JPG,1.149,2026-06-08 10:34:40
DJI_20260516150537_0118_V.JPG,DJI_20260516150537_0118_V,.jpg,\\amssclgis10.ams.gmams.cl\CL_MLP_PAO\Vuelos_Drone_Sin_Procesar\INPUT\20260519_Geosupport\SOLO_JPG_19May26\GEOSP-TRN-002647\TORRE E61\DJI_20260516150537_0118_V.JPG,SOLO_JPG_19May26\GEOSP-TRN-002647\TORRE E61\DJI_20260516150537_0118_V.JPG,1.187,2026-06-08 10:34:40
DJI_20260516150545_0119_V.JPG,DJI_20260516150545_0119_V,.jpg,\\amssclgis10.ams.gmams.cl\CL_MLP_PAO\Vuelos_Drone_Sin_Procesar\INPUT\20260519_Geosupport\SOLO_JPG_19May26\GEOSP-TRN-002647\TORRE E61\DJI_20260516150545_0119_V.JPG,SOLO_JPG_19May26\GEOSP-TRN-002647\TORRE E61\DJI_20260516150545_0119_V.JPG,1.162,2026-06-08 10:34:40
DJI_20260516150548_0120_V.JPG,DJI_20260516150548_0120_V,.jpg,\\amssclgis10.ams.gmams.cl\CL_MLP_PAO\Vuelos_Drone_Sin_Procesar\INPUT\20260519_Geosupport\SOLO_JPG_19May26\GEOSP-TRN-002647\TORRE E61\DJI_20260516150548_0120_V.JPG,SOLO_JPG_19May26\GEOSP-TRN-002647\TORRE E61\DJI_20260516150548_0120_V.JPG,1.191,2026-06-08 10:34:41
DJI_20260516150552_0121_V.JPG,DJI_20260516150552_0121_V,.jpg,\\amssclgis10.ams.gmams.cl\CL_MLP_PAO\Vuelos_Drone_Sin_Procesar\INPUT\20260519_Geosupport\SOLO_JPG_19May26\GEOSP-TRN-002647\TORRE E61\DJI_20260516150552_0121_V.JPG,SOLO_JPG_19May26\GEOSP-TRN-002647\TORRE E61\DJI_20260516150552_0121_V.JPG,1.184,2026-06-08 10:34:41
DJI_20260516150554_0122_V.JPG,DJI_20260516150554_0122_V,.jpg,\\amssclgis10.ams.gmams.cl\CL_MLP_PAO\Vuelos_Drone_Sin_Procesar\INPUT\20260519_Geosupport\SOLO_JPG_19May26\GEOSP-TRN-002647\TORRE E61\DJI_20260516150554_0122_V.JPG,SOLO_JPG_19May26\GEOSP-TRN-002647\TORRE E61\DJI_20260516150554_0122_V.JPG,1.13,2026-06-08 10:34:41
DJI_20260516150503_0113_V.JPG,DJI_20260516150503_0113_V,.jpg,\\amssclgis10.ams.gmams.cl\CL_MLP_PAO\Vuelos_Drone_Sin_Procesar\INPUT\20260519_Geosupport\SOLO_JPG_19May26\GEOSP-TRN-002647\TORRE E62\DJI_20260516150503_0113_V.JPG,SOLO_JPG_19May26\GEOSP-TRN-002647\TORRE E62\DJI_20260516150503_0113_V.JPG,1.277,2026-06-08 10:34:41
DJI_20260516150512_0114_V.JPG,DJI_20260516150512_0114_V,.jpg,\\amssclgis10.ams.gmams.cl\CL_MLP_PAO\Vuelos_Drone_Sin_Procesar\INPUT\20260519_Geosupport\SOLO_JPG_19May26\GEOSP-TRN-002647\TORRE E62\DJI_20260516150512_0114_V.JPG,SOLO_JPG_19May26\GEOSP-TRN-002647\TORRE E62\DJI_20260516150512_0114_V.JPG,1.297,2026-06-08 10:34:42
DJI_20260516150516_0115_V.JPG,DJI_20260516150516_0115_V,.jpg,\\amssclgis10.ams.gmams.cl\CL_MLP_PAO\Vuelos_Drone_Sin_Procesar\INPUT\20260519_Geosupport\SOLO_JPG_19May26\GEOSP-TRN-002647\TORRE E62\DJI_20260516150516_0115_V.JPG,SOLO_JPG_19May26\GEOSP-TRN-002647\TORRE E62\DJI_20260516150516_0115_V.JPG,1.268,2026-06-08 10:34:42
DJI_20260516150520_0116_V.JPG,DJI_20260516150520_0116_V,.jpg,\\amssclgis10.ams.gmams.cl\CL_MLP_PAO\Vuelos_Drone_Sin_Procesar\INPUT\20260519_Geosupport\SOLO_JPG_19May26\GEOSP-TRN-002647\TORRE E62\DJI_20260516150520_0116_V.JPG,SOLO_JPG_19May26\GEOSP-TRN-002647\TORRE E62\DJI_20260516150520_0116_V.JPG,1.282,2026-06-08 10:34:42
DJI_20260516150523_0117_V.JPG,DJI_20260516150523_0117_V,.jpg,\\amssclgis10.ams.gmams.cl\CL_MLP_PAO\Vuelos_Drone_Sin_Procesar\INPUT\20260519_Geosupport\SOLO_JPG_19May26\GEOSP-TRN-002647\TORRE E62\DJI_20260516150523_0117_V.JPG,SOLO_JPG_19May26\GEOSP-TRN-002647\TORRE E62\DJI_20260516150523_0117_V.JPG,1.281,2026-06-08 10:34:43
DJI_20260516150434_0108_V.JPG,DJI_20260516150434_0108_V,.jpg,\\amssclgis10.ams.gmams.cl\CL_MLP_PAO\Vuelos_Drone_Sin_Procesar\INPUT\20260519_Geosupport\SOLO_JPG_19May26\GEOSP-TRN-002647\TORRE E63\DJI_20260516150434_0108_V.JPG,SOLO_JPG_19May26\GEOSP-TRN-002647\TORRE E63\DJI_20260516150434_0108_V.JPG,1.383,2026-06-08 10:34:43
DJI_20260516150439_0109_V.JPG,DJI_20260516150439_0109_V,.jpg,\\amssclgis10.ams.gmams.cl\CL_MLP_PAO\Vuelos_Drone_Sin_Procesar\INPUT\20260519_Geosupport\SOLO_JPG_19May26\GEOSP-TRN-002647\TORRE E63\DJI_20260516150439_0109_V.JPG,SOLO_JPG_19May26\GEOSP-TRN-002647\TORRE E63\DJI_20260516150439_0109_V.JPG,1.397,2026-06-08 10:34:43
DJI_20260516150442_0110_V.JPG,DJI_20260516150442_0110_V,.jpg,\\amssclgis10.ams.gmams.cl\CL_MLP_PAO\Vuelos_Drone_Sin_Procesar\INPUT\20260519_Geosupport\SOLO_JPG_19May26\GEOSP-TRN-002647\TORRE E63\DJI_20260516150442_0110_V.JPG,SOLO_JPG_19May26\GEOSP-TRN-002647\TORRE E63\DJI_20260516150442_0110_V.JPG,1.42,2026-06-08 10:34:44
DJI_20260516150446_0111_V.JPG,DJI_20260516150446_0111_V,.jpg,\\amssclgis10.ams.gmams.cl\CL_MLP_PAO\Vuelos_Drone_Sin_Procesar\INPUT\20260519_Geosupport\SOLO_JPG_19May26\GEOSP-TRN-002647\TORRE E63\DJI_20260516150446_0111_V.JPG,SOLO_JPG_19May26\GEOSP-TRN-002647\TORRE E63\DJI_20260516150446_0111_V.JPG,1.409,2026-06-08 10:34:44
DJI_20260516150448_0112_V.JPG,DJI_20260516150448_0112_V,.jpg,\\amssclgis10.ams.gmams.cl\CL_MLP_PAO\Vuelos_Drone_Sin_Procesar\INPUT\20260519_Geosupport\SOLO_JPG_19May26\GEOSP-TRN-002647\TORRE E63\DJI_20260516150448_0112_V.JPG,SOLO_JPG_19May26\GEOSP-TRN-002647\TORRE E63\DJI_20260516150448_0112_V.JPG,1.37,2026-06-08 10:34:44
DJI_20260516150356_0103_V.JPG,DJI_20260516150356_0103_V,.jpg,\\amssclgis10.ams.gmams.cl\CL_MLP_PAO\Vuelos_Drone_Sin_Procesar\INPUT\20260519_Geosupport\SOLO_JPG_19May26\GEOSP-TRN-002647\TORRE E64\DJI_20260516150356_0103_V.JPG,SOLO_JPG_19May26\GEOSP-TRN-002647\TORRE E64\DJI_20260516150356_0103_V.JPG,1.336,2026-06-08 10:34:45
DJI_20260516150407_0104_V.JPG,DJI_20260516150407_0104_V,.jpg,\\amssclgis10.ams.gmams.cl\CL_MLP_PAO\Vuelos_Drone_Sin_Procesar\INPUT\20260519_Geosupport\SOLO_JPG_19May26\GEOSP-TRN-002647\TORRE E64\DJI_20260516150407_0104_V.JPG,SOLO_JPG_19May26\GEOSP-TRN-002647\TORRE E64\DJI_20260516150407_0104_V.JPG,1.325,2026-06-08 10:34:45
DJI_20260516150413_0105_V.JPG,DJI_20260516150413_0105_V,.jpg,\\amssclgis10.ams.gmams.cl\CL_MLP_PAO\Vuelos_Drone_Sin_Procesar\INPUT\20260519_Geosupport\SOLO_JPG_19May26\GEOSP-TRN-002647\TORRE E64\DJI_20260516150413_0105_V.JPG,SOLO_JPG_19May26\GEOSP-TRN-002647\TORRE E64\DJI_20260516150413_0105_V.JPG,1.364,2026-06-08 10:34:46
DJI_20260516150418_0106_V.JPG,DJI_20260516150418_0106_V,.jpg,\\amssclgis10.ams.gmams.cl\CL_MLP_PAO\Vuelos_Drone_Sin_Procesar\INPUT\20260519_Geosupport\SOLO_JPG_19May26\GEOSP-TRN-002647\TORRE E64\DJI_20260516150418_0106_V.JPG,SOLO_JPG_19May26\GEOSP-TRN-002647\TORRE E64\DJI_20260516150418_0106_V.JPG,1.337,2026-06-08 10:34:46
DJI_20260516150422_0107_V.JPG,DJI_20260516150422_0107_V,.jpg,\\amssclgis10.ams.gmams.cl\CL_MLP_PAO\Vuelos_Drone_Sin_Procesar\INPUT\20260519_Geosupport\SOLO_JPG_19May26\GEOSP-TRN-002647\TORRE E64\DJI_20260516150422_0107_V.JPG,SOLO_JPG_19May26\GEOSP-TRN-002647\TORRE E64\DJI_20260516150422_0107_V.JPG,1.355,2026-06-08 10:34:46
DJI_20260516150322_0098_V.JPG,DJI_20260516150322_0098_V,.jpg,\\amssclgis10.ams.gmams.cl\CL_MLP_PAO\Vuelos_Drone_Sin_Procesar\INPUT\20260519_Geosupport\SOLO_JPG_19May26\GEOSP-TRN-002647\TORRE E65\DJI_20260516150322_0098_V.JPG,SOLO_JPG_19May26\GEOSP-TRN-002647\TORRE E65\DJI_20260516150322_0098_V.JPG,1.183,2026-06-08 10:34:47
DJI_20260516150329_0099_V.JPG,DJI_20260516150329_0099_V,.jpg,\\amssclgis10.ams.gmams.cl\CL_MLP_PAO\Vuelos_Drone_Sin_Procesar\INPUT\20260519_Geosupport\SOLO_JPG_19May26\GEOSP-TRN-002647\TORRE E65\DJI_20260516150329_0099_V.JPG,SOLO_JPG_19May26\GEOSP-TRN-002647\TORRE E65\DJI_20260516150329_0099_V.JPG,1.184,2026-06-08 10:34:47
DJI_20260516150333_0100_V.JPG,DJI_20260516150333_0100_V,.jpg,\\amssclgis10.ams.gmams.cl\CL_MLP_PAO\Vuelos_Drone_Sin_Procesar\INPUT\20260519_Geosupport\SOLO_JPG_19May26\GEOSP-TRN-002647\TORRE E65\DJI_20260516150333_0100_V.JPG,SOLO_JPG_19May26\GEOSP-TRN-002647\TORRE E65\DJI_20260516150333_0100_V.JPG,1.112,2026-06-08 10:34:47
DJI_20260516150335_0101_V.JPG,DJI_20260516150335_0101_V,.jpg,\\amssclgis10.ams.gmams.cl\CL_MLP_PAO\Vuelos_Drone_Sin_Procesar\INPUT\20260519_Geosupport\SOLO_JPG_19May26\GEOSP-TRN-002647\TORRE E65\DJI_20260516150335_0101_V.JPG,SOLO_JPG_19May26\GEOSP-TRN-002647\TORRE E65\DJI_20260516150335_0101_V.JPG,1.186,2026-06-08 10:34:48
DJI_20260516150339_0102_V.JPG,DJI_20260516150339_0102_V,.jpg,\\amssclgis10.ams.gmams.cl\CL_MLP_PAO\Vuelos_Drone_Sin_Procesar\INPUT\20260519_Geosupport\SOLO_JPG_19May26\GEOSP-TRN-002647\TORRE E65\DJI_20260516150339_0102_V.JPG,SOLO_JPG_19May26\GEOSP-TRN-002647\TORRE E65\DJI_20260516150339_0102_V.JPG,1.234,2026-06-08 10:34:48
DJI_20260516150214_0088_V.JPG,DJI_20260516150214_0088_V,.jpg,\\amssclgis10.ams.gmams.cl\CL_MLP_PAO\Vuelos_Drone_Sin_Procesar\INPUT\20260519_Geosupport\SOLO_JPG_19May26\GEOSP-TRN-002647\TORRE E66\DJI_20260516150214_0088_V.JPG,SOLO_JPG_19May26\GEOSP-TRN-002647\TORRE E66\DJI_20260516150214_0088_V.JPG,1.237,2026-06-08 10:34:48
DJI_20260516150217_0089_V.JPG,DJI_20260516150217_0089_V,.jpg,\\amssclgis10.ams.gmams.cl\CL_MLP_PAO\Vuelos_Drone_Sin_Procesar\INPUT\20260519_Geosupport\SOLO_JPG_19May26\GEOSP-TRN-002647\TORRE E66\DJI_20260516150217_0089_V.JPG,SOLO_JPG_19May26\GEOSP-TRN-002647\TORRE E66\DJI_20260516150217_0089_V.JPG,1.29,2026-06-08 10:34:49
DJI_20260516150219_0090_V.JPG,DJI_20260516150219_0090_V,.jpg,\\amssclgis10.ams.gmams.cl\CL_MLP_PAO\Vuelos_Drone_Sin_Procesar\INPUT\20260519_Geosupport\SOLO_JPG_19May26\GEOSP-TRN-002647\TORRE E66\DJI_20260516150219_0090_V.JPG,SOLO_JPG_19May26\GEOSP-TRN-002647\TORRE E66\DJI_20260516150219_0090_V.JPG,1.279,2026-06-08 10:34:49
DJI_20260516150222_0091_V.JPG,DJI_20260516150222_0091_V,.jpg,\\amssclgis10.ams.gmams.cl\CL_MLP_PAO\Vuelos_Drone_Sin_Procesar\INPUT\20260519_Geosupport\SOLO_JPG_19May26\GEOSP-TRN-002647\TORRE E66\DJI_20260516150222_0091_V.JPG,SOLO_JPG_19May26\GEOSP-TRN-002647\TORRE E66\DJI_20260516150222_0091_V.JPG,1.287,2026-06-08 10:34:49
DJI_20260516150230_0092_V.JPG,DJI_20260516150230_0092_V,.jpg,\\amssclgis10.ams.gmams.cl\CL_MLP_PAO\Vuelos_Drone_Sin_Procesar\INPUT\20260519_Geosupport\SOLO_JPG_19May26\GEOSP-TRN-002647\TORRE E66\DJI_20260516150230_0092_V.JPG,SOLO_JPG_19May26\GEOSP-TRN-002647\TORRE E66\DJI_20260516150230_0092_V.JPG,1.306,2026-06-08 10:34:50
DJI_20260516150243_0093_V.JPG,DJI_20260516150243_0093_V,.jpg,\\amssclgis10.ams.gmams.cl\CL_MLP_PAO\Vuelos_Drone_Sin_Procesar\INPUT\20260519_Geosupport\SOLO_JPG_19May26\GEOSP-TRN-002647\TORRE E66\DJI_20260516150243_0093_V.JPG,SOLO_JPG_19May26\GEOSP-TRN-002647\TORRE E66\DJI_20260516150243_0093_V.JPG,1.237,2026-06-08 10:34:50
DJI_20260516150246_0094_V.JPG,DJI_20260516150246_0094_V,.jpg,\\amssclgis10.ams.gmams.cl\CL_MLP_PAO\Vuelos_Drone_Sin_Procesar\INPUT\20260519_Geosupport\SOLO_JPG_19May26\GEOSP-TRN-002647\TORRE E66\DJI_20260516150246_0094_V.JPG,SOLO_JPG_19May26\GEOSP-TRN-002647\TORRE E66\DJI_20260516150246_0094_V.JPG,1.255,2026-06-08 10:34:50
DJI_20260516150251_0095_V.JPG,DJI_20260516150251_0095_V,.jpg,\\amssclgis10.ams.gmams.cl\CL_MLP_PAO\Vuelos_Drone_Sin_Procesar\INPUT\20260519_Geosupport\SOLO_JPG_19May26\GEOSP-TRN-002647\TORRE E66\DJI_20260516150251_0095_V.JPG,SOLO_JPG_19May26\GEOSP-TRN-002647\TORRE E66\DJI_20260516150251_0095_V.JPG,1.276,2026-06-08 10:34:51
DJI_20260516150255_0096_V.JPG,DJI_20260516150255_0096_V,.jpg,\\amssclgis10.ams.gmams.cl\CL_MLP_PAO\Vuelos_Drone_Sin_Procesar\INPUT\20260519_Geosupport\SOLO_JPG_19May26\GEOSP-TRN-002647\TORRE E66\DJI_20260516150255_0096_V.JPG,SOLO_JPG_19May26\GEOSP-TRN-002647\TORRE E66\DJI_20260516150255_0096_V.JPG,1.254,2026-06-08 10:34:51
DJI_20260516150302_0097_V.JPG,DJI_20260516150302_0097_V,.jpg,\\amssclgis10.ams.gmams.cl\CL_MLP_PAO\Vuelos_Drone_Sin_Procesar\INPUT\20260519_Geosupport\SOLO_JPG_19May26\GEOSP-TRN-002647\TORRE E66\DJI_20260516150302_0097_V.JPG,SOLO_JPG_19May26\GEOSP-TRN-002647\TORRE E66\DJI_20260516150302_0097_V.JPG,1.256,2026-06-08 10:34:51
DJI_20260516150147_0083_V.JPG,DJI_20260516150147_0083_V,.jpg,\\amssclgis10.ams.gmams.cl\CL_MLP_PAO\Vuelos_Drone_Sin_Procesar\INPUT\20260519_Geosupport\SOLO_JPG_19May26\GEOSP-TRN-002647\TORRE E68\DJI_20260516150147_0083_V.JPG,SOLO_JPG_19May26\GEOSP-TRN-002647\TORRE E68\DJI_20260516150147_0083_V.JPG,1.078,2026-06-08 10:34:52
DJI_20260516150150_0084_V.JPG,DJI_20260516150150_0084_V,.jpg,\\amssclgis10.ams.gmams.cl\CL_MLP_PAO\Vuelos_Drone_Sin_Procesar\INPUT\20260519_Geosupport\SOLO_JPG_19May26\GEOSP-TRN-002647\TORRE E68\DJI_20260516150150_0084_V.JPG,SOLO_JPG_19May26\GEOSP-TRN-002647\TORRE E68\DJI_20260516150150_0084_V.JPG,1.222,2026-06-08 10:34:52
DJI_20260516150154_0085_V.JPG,DJI_20260516150154_0085_V,.jpg,\\amssclgis10.ams.gmams.cl\CL_MLP_PAO\Vuelos_Drone_Sin_Procesar\INPUT\20260519_Geosupport\SOLO_JPG_19May26\GEOSP-TRN-002647\TORRE E68\DJI_20260516150154_0085_V.JPG,SOLO_JPG_19May26\GEOSP-TRN-002647\TORRE E68\DJI_20260516150154_0085_V.JPG,1.247,2026-06-08 10:34:52
DJI_20260516150157_0086_V.JPG,DJI_20260516150157_0086_V,.jpg,\\amssclgis10.ams.gmams.cl\CL_MLP_PAO\Vuelos_Drone_Sin_Procesar\INPUT\20260519_Geosupport\SOLO_JPG_19May26\GEOSP-TRN-002647\TORRE E68\DJI_20260516150157_0086_V.JPG,SOLO_JPG_19May26\GEOSP-TRN-002647\TORRE E68\DJI_20260516150157_0086_V.JPG,1.197,2026-06-08 10:34:53
DJI_20260516150202_0087_V.JPG,DJI_20260516150202_0087_V,.jpg,\\amssclgis10.ams.gmams.cl\CL_MLP_PAO\Vuelos_Drone_Sin_Procesar\INPUT\20260519_Geosupport\SOLO_JPG_19May26\GEOSP-TRN-002647\TORRE E68\DJI_20260516150202_0087_V.JPG,SOLO_JPG_19May26\GEOSP-TRN-002647\TORRE E68\DJI_20260516150202_0087_V.JPG,1.261,2026-06-08 10:34:53
DJI_20260516150123_0078_V.JPG,DJI_20260516150123_0078_V,.jpg,\\amssclgis10.ams.gmams.cl\CL_MLP_PAO\Vuelos_Drone_Sin_Procesar\INPUT\20260519_Geosupport\SOLO_JPG_19May26\GEOSP-TRN-002647\TORRE E69\DJI_20260516150123_0078_V.JPG,SOLO_JPG_19May26\GEOSP-TRN-002647\TORRE E69\DJI_20260516150123_0078_V.JPG,1.038,2026-06-08 10:34:53
DJI_20260516150126_0079_V.JPG,DJI_20260516150126_0079_V,.jpg,\\amssclgis10.ams.gmams.cl\CL_MLP_PAO\Vuelos_Drone_Sin_Procesar\INPUT\20260519_Geosupport\SOLO_JPG_19May26\GEOSP-TRN-002647\TORRE E69\DJI_20260516150126_0079_V.JPG,SOLO_JPG_19May26\GEOSP-TRN-002647\TORRE E69\DJI_20260516150126_0079_V.JPG,1.176,2026-06-08 10:34:54
DJI_20260516150129_0080_V.JPG,DJI_20260516150129_0080_V,.jpg,\\amssclgis10.ams.gmams.cl\CL_MLP_PAO\Vuelos_Drone_Sin_Procesar\INPUT\20260519_Geosupport\SOLO_JPG_19May26\GEOSP-TRN-002647\TORRE E69\DJI_20260516150129_0080_V.JPG,SOLO_JPG_19May26\GEOSP-TRN-002647\TORRE E69\DJI_20260516150129_0080_V.JPG,1.316,2026-06-08 10:34:54
DJI_20260516150132_0081_V.JPG,DJI_20260516150132_0081_V,.jpg,\\amssclgis10.ams.gmams.cl\CL_MLP_PAO\Vuelos_Drone_Sin_Procesar\INPUT\20260519_Geosupport\SOLO_JPG_19May26\GEOSP-TRN-002647\TORRE E69\DJI_20260516150132_0081_V.JPG,SOLO_JPG_19May26\GEOSP-TRN-002647\TORRE E69\DJI_20260516150132_0081_V.JPG,1.221,2026-06-08 10:34:55
DJI_20260516150139_0082_V.JPG,DJI_20260516150139_0082_V,.jpg,\\amssclgis10.ams.gmams.cl\CL_MLP_PAO\Vuelos_Drone_Sin_Procesar\INPUT\20260519_Geosupport\SOLO_JPG_19May26\GEOSP-TRN-002647\TORRE E69\DJI_20260516150139_0082_V.JPG,SOLO_JPG_19May26\GEOSP-TRN-002647\TORRE E69\DJI_20260516150139_0082_V.JPG,1.302,2026-06-08 10:34:55
DJI_20260516150056_0073_V.JPG,DJI_20260516150056_0073_V,.jpg,\\amssclgis10.ams.gmams.cl\CL_MLP_PAO\Vuelos_Drone_Sin_Procesar\INPUT\20260519_Geosupport\SOLO_JPG_19May26\GEOSP-TRN-002647\TORRE E70\DJI_20260516150056_0073_V.JPG,SOLO_JPG_19May26\GEOSP-TRN-002647\TORRE E70\DJI_20260516150056_0073_V.JPG,1.351,2026-06-08 10:34:55
DJI_20260516150059_0074_V.JPG,DJI_20260516150059_0074_V,.jpg,\\amssclgis10.ams.gmams.cl\CL_MLP_PAO\Vuelos_Drone_Sin_Procesar\INPUT\20260519_Geosupport\SOLO_JPG_19May26\GEOSP-TRN-002647\TORRE E70\DJI_20260516150059_0074_V.JPG,SOLO_JPG_19May26\GEOSP-TRN-002647\TORRE E70\DJI_20260516150059_0074_V.JPG,1.407,2026-06-08 10:34:56
DJI_20260516150101_0075_V.JPG,DJI_20260516150101_0075_V,.jpg,\\amssclgis10.ams.gmams.cl\CL_MLP_PAO\Vuelos_Drone_Sin_Procesar\INPUT\20260519_Geosupport\SOLO_JPG_19May26\GEOSP-TRN-002647\TORRE E70\DJI_20260516150101_0075_V.JPG,SOLO_JPG_19May26\GEOSP-TRN-002647\TORRE E70\DJI_20260516150101_0075_V.JPG,1.456,2026-06-08 10:34:56
DJI_20260516150105_0076_V.JPG,DJI_20260516150105_0076_V,.jpg,\\amssclgis10.ams.gmams.cl\CL_MLP_PAO\Vuelos_Drone_Sin_Procesar\INPUT\20260519_Geosupport\SOLO_JPG_19May26\GEOSP-TRN-002647\TORRE E70\DJI_20260516150105_0076_V.JPG,SOLO_JPG_19May26\GEOSP-TRN-002647\TORRE E70\DJI_20260516150105_0076_V.JPG,1.398,2026-06-08 10:34:56
DJI_20260516150112_0077_V.JPG,DJI_20260516150112_0077_V,.jpg,\\amssclgis10.ams.gmams.cl\CL_MLP_PAO\Vuelos_Drone_Sin_Procesar\INPUT\20260519_Geosupport\SOLO_JPG_19May26\GEOSP-TRN-002647\TORRE E70\DJI_20260516150112_0077_V.JPG,SOLO_JPG_19May26\GEOSP-TRN-002647\TORRE E70\DJI_20260516150112_0077_V.JPG,1.424,2026-06-08 10:34:57
DJI_20260516150025_0068_V.JPG,DJI_20260516150025_0068_V,.jpg,\\amssclgis10.ams.gmams.cl\CL_MLP_PAO\Vuelos_Drone_Sin_Procesar\INPUT\20260519_Geosupport\SOLO_JPG_19May26\GEOSP-TRN-002647\TORRE E71\DJI_20260516150025_0068_V.JPG,SOLO_JPG_19May26\GEOSP-TRN-002647\TORRE E71\DJI_20260516150025_0068_V.JPG,1.366,2026-06-08 10:34:57
DJI_20260516150028_0069_V.JPG,DJI_20260516150028_0069_V,.jpg,\\amssclgis10.ams.gmams.cl\CL_MLP_PAO\Vuelos_Drone_Sin_Procesar\INPUT\20260519_Geosupport\SOLO_JPG_19May26\GEOSP-TRN-002647\TORRE E71\DJI_20260516150028_0069_V.JPG,SOLO_JPG_19May26\GEOSP-TRN-002647\TORRE E71\DJI_20260516150028_0069_V.JPG,1.439,2026-06-08 10:34:57
DJI_20260516150032_0070_V.JPG,DJI_20260516150032_0070_V,.jpg,\\amssclgis10.ams.gmams.cl\CL_MLP_PAO\Vuelos_Drone_Sin_Procesar\INPUT\20260519_Geosupport\SOLO_JPG_19May26\GEOSP-TRN-002647\TORRE E71\DJI_20260516150032_0070_V.JPG,SOLO_JPG_19May26\GEOSP-TRN-002647\TORRE E71\DJI_20260516150032_0070_V.JPG,1.476,2026-06-08 10:34:58
DJI_20260516150036_0071_V.JPG,DJI_20260516150036_0071_V,.jpg,\\amssclgis10.ams.gmams.cl\CL_MLP_PAO\Vuelos_Drone_Sin_Procesar\INPUT\20260519_Geosupport\SOLO_JPG_19May26\GEOSP-TRN-002647\TORRE E71\DJI_20260516150036_0071_V.JPG,SOLO_JPG_19May26\GEOSP-TRN-002647\TORRE E71\DJI_20260516150036_0071_V.JPG,1.46,2026-06-08 10:34:58
DJI_20260516150046_0072_V.JPG,DJI_20260516150046_0072_V,.jpg,\\amssclgis10.ams.gmams.cl\CL_MLP_PAO\Vuelos_Drone_Sin_Procesar\INPUT\20260519_Geosupport\SOLO_JPG_19May26\GEOSP-TRN-002647\TORRE E71\DJI_20260516150046_0072_V.JPG,SOLO_JPG_19May26\GEOSP-TRN-002647\TORRE E71\DJI_20260516150046_0072_V.JPG,1.424,2026-06-08 10:34:58
DJI_20260516145957_0063_V.JPG,DJI_20260516145957_0063_V,.jpg,\\amssclgis10.ams.gmams.cl\CL_MLP_PAO\Vuelos_Drone_Sin_Procesar\INPUT\20260519_Geosupport\SOLO_JPG_19May26\GEOSP-TRN-002647\TORRE E72\DJI_20260516145957_0063_V.JPG,SOLO_JPG_19May26\GEOSP-TRN-002647\TORRE E72\DJI_20260516145957_0063_V.JPG,1.393,2026-06-08 10:34:59
DJI_20260516150000_0064_V.JPG,DJI_20260516150000_0064_V,.jpg,\\amssclgis10.ams.gmams.cl\CL_MLP_PAO\Vuelos_Drone_Sin_Procesar\INPUT\20260519_Geosupport\SOLO_JPG_19May26\GEOSP-TRN-002647\TORRE E72\DJI_20260516150000_0064_V.JPG,SOLO_JPG_19May26\GEOSP-TRN-002647\TORRE E72\DJI_20260516150000_0064_V.JPG,1.461,2026-06-08 10:34:59
DJI_20260516150003_0065_V.JPG,DJI_20260516150003_0065_V,.jpg,\\amssclgis10.ams.gmams.cl\CL_MLP_PAO\Vuelos_Drone_Sin_Procesar\INPUT\20260519_Geosupport\SOLO_JPG_19May26\GEOSP-TRN-002647\TORRE E72\DJI_20260516150003_0065_V.JPG,SOLO_JPG_19May26\GEOSP-TRN-002647\TORRE E72\DJI_20260516150003_0065_V.JPG,1.484,2026-06-08 10:34:59
DJI_20260516150008_0066_V.JPG,DJI_20260516150008_0066_V,.jpg,\\amssclgis10.ams.gmams.cl\CL_MLP_PAO\Vuelos_Drone_Sin_Procesar\INPUT\20260519_Geosupport\SOLO_JPG_19May26\GEOSP-TRN-002647\TORRE E72\DJI_20260516150008_0066_V.JPG,SOLO_JPG_19May26\GEOSP-TRN-002647\TORRE E72\DJI_20260516150008_0066_V.JPG,1.468,2026-06-08 10:35:00
DJI_20260516150014_0067_V.JPG,DJI_20260516150014_0067_V,.jpg,\\amssclgis10.ams.gmams.cl\CL_MLP_PAO\Vuelos_Drone_Sin_Procesar\INPUT\20260519_Geosupport\SOLO_JPG_19May26\GEOSP-TRN-002647\TORRE E72\DJI_20260516150014_0067_V.JPG,SOLO_JPG_19May26\GEOSP-TRN-002647\TORRE E72\DJI_20260516150014_0067_V.JPG,1.432,2026-06-08 10:35:00
DJI_20260516145925_0058_V.JPG,DJI_20260516145925_0058_V,.jpg,\\amssclgis10.ams.gmams.cl\CL_MLP_PAO\Vuelos_Drone_Sin_Procesar\INPUT\20260519_Geosupport\SOLO_JPG_19May26\GEOSP-TRN-002647\TORRE E73\DJI_20260516145925_0058_V.JPG,SOLO_JPG_19May26\GEOSP-TRN-002647\TORRE E73\DJI_20260516145925_0058_V.JPG,1.414,2026-06-08 10:35:00
DJI_20260516145929_0059_V.JPG,DJI_20260516145929_0059_V,.jpg,\\amssclgis10.ams.gmams.cl\CL_MLP_PAO\Vuelos_Drone_Sin_Procesar\INPUT\20260519_Geosupport\SOLO_JPG_19May26\GEOSP-TRN-002647\TORRE E73\DJI_20260516145929_0059_V.JPG,SOLO_JPG_19May26\GEOSP-TRN-002647\TORRE E73\DJI_20260516145929_0059_V.JPG,1.467,2026-06-08 10:35:01
DJI_20260516145932_0060_V.JPG,DJI_20260516145932_0060_V,.jpg,\\amssclgis10.ams.gmams.cl\CL_MLP_PAO\Vuelos_Drone_Sin_Procesar\INPUT\20260519_Geosupport\SOLO_JPG_19May26\GEOSP-TRN-002647\TORRE E73\DJI_20260516145932_0060_V.JPG,SOLO_JPG_19May26\GEOSP-TRN-002647\TORRE E73\DJI_20260516145932_0060_V.JPG,1.49,2026-06-08 10:35:01
DJI_20260516145935_0061_V.JPG,DJI_20260516145935_0061_V,.jpg,\\amssclgis10.ams.gmams.cl\CL_MLP_PAO\Vuelos_Drone_Sin_Procesar\INPUT\20260519_Geosupport\SOLO_JPG_19May26\GEOSP-TRN-002647\TORRE E73\DJI_20260516145935_0061_V.JPG,SOLO_JPG_19May26\GEOSP-TRN-002647\TORRE E73\DJI_20260516145935_0061_V.JPG,1.446,2026-06-08 10:35:02
DJI_20260516145946_0062_V.JPG,DJI_20260516145946_0062_V,.jpg,\\amssclgis10.ams.gmams.cl\CL_MLP_PAO\Vuelos_Drone_Sin_Procesar\INPUT\20260519_Geosupport\SOLO_JPG_19May26\GEOSP-TRN-002647\TORRE E73\DJI_20260516145946_0062_V.JPG,SOLO_JPG_19May26\GEOSP-TRN-002647\TORRE E73\DJI_20260516145946_0062_V.JPG,1.474,2026-06-08 10:35:02
DJI_20260516145855_0053_V.JPG,DJI_20260516145855_0053_V,.jpg,\\amssclgis10.ams.gmams.cl\CL_MLP_PAO\Vuelos_Drone_Sin_Procesar\INPUT\20260519_Geosupport\SOLO_JPG_19May26\GEOSP-TRN-002647\TORRE E74\DJI_20260516145855_0053_V.JPG,SOLO_JPG_19May26\GEOSP-TRN-002647\TORRE E74\DJI_20260516145855_0053_V.JPG,1.433,2026-06-08 10:35:02
DJI_20260516145859_0054_V.JPG,DJI_20260516145859_0054_V,.jpg,\\amssclgis10.ams.gmams.cl\CL_MLP_PAO\Vuelos_Drone_Sin_Procesar\INPUT\20260519_Geosupport\SOLO_JPG_19May26\GEOSP-TRN-002647\TORRE E74\DJI_20260516145859_0054_V.JPG,SOLO_JPG_19May26\GEOSP-TRN-002647\TORRE E74\DJI_20260516145859_0054_V.JPG,1.312,2026-06-08 10:35:03
DJI_20260516145902_0055_V.JPG,DJI_20260516145902_0055_V,.jpg,\\amssclgis10.ams.gmams.cl\CL_MLP_PAO\Vuelos_Drone_Sin_Procesar\INPUT\20260519_Geosupport\SOLO_JPG_19May26\GEOSP-TRN-002647\TORRE E74\DJI_20260516145902_0055_V.JPG,SOLO_JPG_19May26\GEOSP-TRN-002647\TORRE E74\DJI_20260516145902_0055_V.JPG,1.417,2026-06-08 10:35:03
DJI_20260516145904_0056_V.JPG,DJI_20260516145904_0056_V,.jpg,\\amssclgis10.ams.gmams.cl\CL_MLP_PAO\Vuelos_Drone_Sin_Procesar\INPUT\20260519_Geosupport\SOLO_JPG_19May26\GEOSP-TRN-002647\TORRE E74\DJI_20260516145904_0056_V.JPG,SOLO_JPG_19May26\GEOSP-TRN-002647\TORRE E74\DJI_20260516145904_0056_V.JPG,1.468,2026-06-08 10:35:03
DJI_20260516145912_0057_V.JPG,DJI_20260516145912_0057_V,.jpg,\\amssclgis10.ams.gmams.cl\CL_MLP_PAO\Vuelos_Drone_Sin_Procesar\INPUT\20260519_Geosupport\SOLO_JPG_19May26\GEOSP-TRN-002647\TORRE E74\DJI_20260516145912_0057_V.JPG,SOLO_JPG_19May26\GEOSP-TRN-002647\TORRE E74\DJI_20260516145912_0057_V.JPG,1.4,2026-06-08 10:35:04
DJI_20260516145815_0048_V.JPG,DJI_20260516145815_0048_V,.jpg,\\amssclgis10.ams.gmams.cl\CL_MLP_PAO\Vuelos_Drone_Sin_Procesar\INPUT\20260519_Geosupport\SOLO_JPG_19May26\GEOSP-TRN-002647\TORRE E75\DJI_20260516145815_0048_V.JPG,SOLO_JPG_19May26\GEOSP-TRN-002647\TORRE E75\DJI_20260516145815_0048_V.JPG,1.351,2026-06-08 10:35:04
DJI_20260516145819_0049_V.JPG,DJI_20260516145819_0049_V,.jpg,\\amssclgis10.ams.gmams.cl\CL_MLP_PAO\Vuelos_Drone_Sin_Procesar\INPUT\20260519_Geosupport\SOLO_JPG_19May26\GEOSP-TRN-002647\TORRE E75\DJI_20260516145819_0049_V.JPG,SOLO_JPG_19May26\GEOSP-TRN-002647\TORRE E75\DJI_20260516145819_0049_V.JPG,1.237,2026-06-08 10:35:04
DJI_20260516145823_0050_V.JPG,DJI_20260516145823_0050_V,.jpg,\\amssclgis10.ams.gmams.cl\CL_MLP_PAO\Vuelos_Drone_Sin_Procesar\INPUT\20260519_Geosupport\SOLO_JPG_19May26\GEOSP-TRN-002647\TORRE E75\DJI_20260516145823_0050_V.JPG,SOLO_JPG_19May26\GEOSP-TRN-002647\TORRE E75\DJI_20260516145823_0050_V.JPG,1.362,2026-06-08 10:35:05
DJI_20260516145827_0051_V.JPG,DJI_20260516145827_0051_V,.jpg,\\amssclgis10.ams.gmams.cl\CL_MLP_PAO\Vuelos_Drone_Sin_Procesar\INPUT\20260519_Geosupport\SOLO_JPG_19May26\GEOSP-TRN-002647\TORRE E75\DJI_20260516145827_0051_V.JPG,SOLO_JPG_19May26\GEOSP-TRN-002647\TORRE E75\DJI_20260516145827_0051_V.JPG,1.374,2026-06-08 10:35:05
DJI_20260516145843_0052_V.JPG,DJI_20260516145843_0052_V,.jpg,\\amssclgis10.ams.gmams.cl\CL_MLP_PAO\Vuelos_Drone_Sin_Procesar\INPUT\20260519_Geosupport\SOLO_JPG_19May26\GEOSP-TRN-002647\TORRE E75\DJI_20260516145843_0052_V.JPG,SOLO_JPG_19May26\GEOSP-TRN-002647\TORRE E75\DJI_20260516145843_0052_V.JPG,1.318,2026-06-08 10:35:05
DJI_20260516145741_0043_V.JPG,DJI_20260516145741_0043_V,.jpg,\\amssclgis10.ams.gmams.cl\CL_MLP_PAO\Vuelos_Drone_Sin_Procesar\INPUT\20260519_Geosupport\SOLO_JPG_19May26\GEOSP-TRN-002647\TORRE E76\DJI_20260516145741_0043_V.JPG,SOLO_JPG_19May26\GEOSP-TRN-002647\TORRE E76\DJI_20260516145741_0043_V.JPG,1.35,2026-06-08 10:35:06
DJI_20260516145744_0044_V.JPG,DJI_20260516145744_0044_V,.jpg,\\amssclgis10.ams.gmams.cl\CL_MLP_PAO\Vuelos_Drone_Sin_Procesar\INPUT\20260519_Geosupport\SOLO_JPG_19May26\GEOSP-TRN-002647\TORRE E76\DJI_20260516145744_0044_V.JPG,SOLO_JPG_19May26\GEOSP-TRN-002647\TORRE E76\DJI_20260516145744_0044_V.JPG,1.305,2026-06-08 10:35:06
DJI_20260516145748_0045_V.JPG,DJI_20260516145748_0045_V,.jpg,\\amssclgis10.ams.gmams.cl\CL_MLP_PAO\Vuelos_Drone_Sin_Procesar\INPUT\20260519_Geosupport\SOLO_JPG_19May26\GEOSP-TRN-002647\TORRE E76\DJI_20260516145748_0045_V.JPG,SOLO_JPG_19May26\GEOSP-TRN-002647\TORRE E76\DJI_20260516145748_0045_V.JPG,1.357,2026-06-08 10:35:06
DJI_20260516145750_0046_V.JPG,DJI_20260516145750_0046_V,.jpg,\\amssclgis10.ams.gmams.cl\CL_MLP_PAO\Vuelos_Drone_Sin_Procesar\INPUT\20260519_Geosupport\SOLO_JPG_19May26\GEOSP-TRN-002647\TORRE E76\DJI_20260516145750_0046_V.JPG,SOLO_JPG_19May26\GEOSP-TRN-002647\TORRE E76\DJI_20260516145750_0046_V.JPG,1.388,2026-06-08 10:35:07
DJI_20260516145800_0047_V.JPG,DJI_20260516145800_0047_V,.jpg,\\amssclgis10.ams.gmams.cl\CL_MLP_PAO\Vuelos_Drone_Sin_Procesar\INPUT\20260519_Geosupport\SOLO_JPG_19May26\GEOSP-TRN-002647\TORRE E76\DJI_20260516145800_0047_V.JPG,SOLO_JPG_19May26\GEOSP-TRN-002647\TORRE E76\DJI_20260516145800_0047_V.JPG,1.359,2026-06-08 10:35:07
DJI_20260516145711_0038_V.JPG,DJI_20260516145711_0038_V,.jpg,\\amssclgis10.ams.gmams.cl\CL_MLP_PAO\Vuelos_Drone_Sin_Procesar\INPUT\20260519_Geosupport\SOLO_JPG_19May26\GEOSP-TRN-002647\TORRE E77\DJI_20260516145711_0038_V.JPG,SOLO_JPG_19May26\GEOSP-TRN-002647\TORRE E77\DJI_20260516145711_0038_V.JPG,1.358,2026-06-08 10:35:07
DJI_20260516145715_0039_V.JPG,DJI_20260516145715_0039_V,.jpg,\\amssclgis10.ams.gmams.cl\CL_MLP_PAO\Vuelos_Drone_Sin_Procesar\INPUT\20260519_Geosupport\SOLO_JPG_19May26\GEOSP-TRN-002647\TORRE E77\DJI_20260516145715_0039_V.JPG,SOLO_JPG_19May26\GEOSP-TRN-002647\TORRE E77\DJI_20260516145715_0039_V.JPG,1.289,2026-06-08 10:35:08
DJI_20260516145718_0040_V.JPG,DJI_20260516145718_0040_V,.jpg,\\amssclgis10.ams.gmams.cl\CL_MLP_PAO\Vuelos_Drone_Sin_Procesar\INPUT\20260519_Geosupport\SOLO_JPG_19May26\GEOSP-TRN-002647\TORRE E77\DJI_20260516145718_0040_V.JPG,SOLO_JPG_19May26\GEOSP-TRN-002647\TORRE E77\DJI_20260516145718_0040_V.JPG,1.391,2026-06-08 10:35:08
DJI_20260516145721_0041_V.JPG,DJI_20260516145721_0041_V,.jpg,\\amssclgis10.ams.gmams.cl\CL_MLP_PAO\Vuelos_Drone_Sin_Procesar\INPUT\20260519_Geosupport\SOLO_JPG_19May26\GEOSP-TRN-002647\TORRE E77\DJI_20260516145721_0041_V.JPG,SOLO_JPG_19May26\GEOSP-TRN-002647\TORRE E77\DJI_20260516145721_0041_V.JPG,1.394,2026-06-08 10:35:08
DJI_20260516145730_0042_V.JPG,DJI_20260516145730_0042_V,.jpg,\\amssclgis10.ams.gmams.cl\CL_MLP_PAO\Vuelos_Drone_Sin_Procesar\INPUT\20260519_Geosupport\SOLO_JPG_19May26\GEOSP-TRN-002647\TORRE E77\DJI_20260516145730_0042_V.JPG,SOLO_JPG_19May26\GEOSP-TRN-002647\TORRE E77\DJI_20260516145730_0042_V.JPG,1.401,2026-06-08 10:35:08
DJI_20260516145647_0033_V.JPG,DJI_20260516145647_0033_V,.jpg,\\amssclgis10.ams.gmams.cl\CL_MLP_PAO\Vuelos_Drone_Sin_Procesar\INPUT\20260519_Geosupport\SOLO_JPG_19May26\GEOSP-TRN-002647\TORRE E78\DJI_20260516145647_0033_V.JPG,SOLO_JPG_19May26\GEOSP-TRN-002647\TORRE E78\DJI_20260516145647_0033_V.JPG,1.394,2026-06-08 10:35:09
DJI_20260516145652_0034_V.JPG,DJI_20260516145652_0034_V,.jpg,\\amssclgis10.ams.gmams.cl\CL_MLP_PAO\Vuelos_Drone_Sin_Procesar\INPUT\20260519_Geosupport\SOLO_JPG_19May26\GEOSP-TRN-002647\TORRE E78\DJI_20260516145652_0034_V.JPG,SOLO_JPG_19May26\GEOSP-TRN-002647\TORRE E78\DJI_20260516145652_0034_V.JPG,1.383,2026-06-08 10:35:09
DJI_20260516145655_0035_V.JPG,DJI_20260516145655_0035_V,.jpg,\\amssclgis10.ams.gmams.cl\CL_MLP_PAO\Vuelos_Drone_Sin_Procesar\INPUT\20260519_Geosupport\SOLO_JPG_19May26\GEOSP-TRN-002647\TORRE E78\DJI_20260516145655_0035_V.JPG,SOLO_JPG_19May26\GEOSP-TRN-002647\TORRE E78\DJI_20260516145655_0035_V.JPG,1.393,2026-06-08 10:35:09
DJI_20260516145658_0036_V.JPG,DJI_20260516145658_0036_V,.jpg,\\amssclgis10.ams.gmams.cl\CL_MLP_PAO\Vuelos_Drone_Sin_Procesar\INPUT\20260519_Geosupport\SOLO_JPG_19May26\GEOSP-TRN-002647\TORRE E78\DJI_20260516145658_0036_V.JPG,SOLO_JPG_19May26\GEOSP-TRN-002647\TORRE E78\DJI_20260516145658_0036_V.JPG,1.42,2026-06-08 10:35:10
DJI_20260516145702_0037_V.JPG,DJI_20260516145702_0037_V,.jpg,\\amssclgis10.ams.gmams.cl\CL_MLP_PAO\Vuelos_Drone_Sin_Procesar\INPUT\20260519_Geosupport\SOLO_JPG_19May26\GEOSP-TRN-002647\TORRE E78\DJI_20260516145702_0037_V.JPG,SOLO_JPG_19May26\GEOSP-TRN-002647\TORRE E78\DJI_20260516145702_0037_V.JPG,1.428,2026-06-08 10:35:10
DJI_20260516145618_0028_V.JPG,DJI_20260516145618_0028_V,.jpg,\\amssclgis10.ams.gmams.cl\CL_MLP_PAO\Vuelos_Drone_Sin_Procesar\INPUT\20260519_Geosupport\SOLO_JPG_19May26\GEOSP-TRN-002647\TORRE E79\DJI_20260516145618_0028_V.JPG,SOLO_JPG_19May26\GEOSP-TRN-002647\TORRE E79\DJI_20260516145618_0028_V.JPG,1.377,2026-06-08 10:35:10
DJI_20260516145622_0029_V.JPG,DJI_20260516145622_0029_V,.jpg,\\amssclgis10.ams.gmams.cl\CL_MLP_PAO\Vuelos_Drone_Sin_Procesar\INPUT\20260519_Geosupport\SOLO_JPG_19May26\GEOSP-TRN-002647\TORRE E79\DJI_20260516145622_0029_V.JPG,SOLO_JPG_19May26\GEOSP-TRN-002647\TORRE E79\DJI_20260516145622_0029_V.JPG,1.33,2026-06-08 10:35:11
DJI_20260516145626_0030_V.JPG,DJI_20260516145626_0030_V,.jpg,\\amssclgis10.ams.gmams.cl\CL_MLP_PAO\Vuelos_Drone_Sin_Procesar\INPUT\20260519_Geosupport\SOLO_JPG_19May26\GEOSP-TRN-002647\TORRE E79\DJI_20260516145626_0030_V.JPG,SOLO_JPG_19May26\GEOSP-TRN-002647\TORRE E79\DJI_20260516145626_0030_V.JPG,1.367,2026-06-08 10:35:11
DJI_20260516145629_0031_V.JPG,DJI_20260516145629_0031_V,.jpg,\\amssclgis10.ams.gmams.cl\CL_MLP_PAO\Vuelos_Drone_Sin_Procesar\INPUT\20260519_Geosupport\SOLO_JPG_19May26\GEOSP-TRN-002647\TORRE E79\DJI_20260516145629_0031_V.JPG,SOLO_JPG_19May26\GEOSP-TRN-002647\TORRE E79\DJI_20260516145629_0031_V.JPG,1.392,2026-06-08 10:35:11
DJI_20260516145635_0032_V.JPG,DJI_20260516145635_0032_V,.jpg,\\amssclgis10.ams.gmams.cl\CL_MLP_PAO\Vuelos_Drone_Sin_Procesar\INPUT\20260519_Geosupport\SOLO_JPG_19May26\GEOSP-TRN-002647\TORRE E79\DJI_20260516145635_0032_V.JPG,SOLO_JPG_19May26\GEOSP-TRN-002647\TORRE E79\DJI_20260516145635_0032_V.JPG,1.402,2026-06-08 10:35:12
DJI_20260516145507_0018_V.JPG,DJI_20260516145507_0018_V,.jpg,\\amssclgis10.ams.gmams.cl\CL_MLP_PAO\Vuelos_Drone_Sin_Procesar\INPUT\20260519_Geosupport\SOLO_JPG_19May26\GEOSP-TRN-002647\TORRE E80\DJI_20260516145507_0018_V.JPG,SOLO_JPG_19May26\GEOSP-TRN-002647\TORRE E80\DJI_20260516145507_0018_V.JPG,1.353,2026-06-08 10:35:12
DJI_20260516145511_0019_V.JPG,DJI_20260516145511_0019_V,.jpg,\\amssclgis10.ams.gmams.cl\CL_MLP_PAO\Vuelos_Drone_Sin_Procesar\INPUT\20260519_Geosupport\SOLO_JPG_19May26\GEOSP-TRN-002647\TORRE E80\DJI_20260516145511_0019_V.JPG,SOLO_JPG_19May26\GEOSP-TRN-002647\TORRE E80\DJI_20260516145511_0019_V.JPG,1.349,2026-06-08 10:35:13
DJI_20260516145516_0020_V.JPG,DJI_20260516145516_0020_V,.jpg,\\amssclgis10.ams.gmams.cl\CL_MLP_PAO\Vuelos_Drone_Sin_Procesar\INPUT\20260519_Geosupport\SOLO_JPG_19May26\GEOSP-TRN-002647\TORRE E80\DJI_20260516145516_0020_V.JPG,SOLO_JPG_19May26\GEOSP-TRN-002647\TORRE E80\DJI_20260516145516_0020_V.JPG,1.39,2026-06-08 10:35:13
DJI_20260516145518_0021_V.JPG,DJI_20260516145518_0021_V,.jpg,\\amssclgis10.ams.gmams.cl\CL_MLP_PAO\Vuelos_Drone_Sin_Procesar\INPUT\20260519_Geosupport\SOLO_JPG_19May26\GEOSP-TRN-002647\TORRE E80\DJI_20260516145518_0021_V.JPG,SOLO_JPG_19May26\GEOSP-TRN-002647\TORRE E80\DJI_20260516145518_0021_V.JPG,1.372,2026-06-08 10:35:13
DJI_20260516145524_0022_V.JPG,DJI_20260516145524_0022_V,.jpg,\\amssclgis10.ams.gmams.cl\CL_MLP_PAO\Vuelos_Drone_Sin_Procesar\INPUT\20260519_Geosupport\SOLO_JPG_19May26\GEOSP-TRN-002647\TORRE E80\DJI_20260516145524_0022_V.JPG,SOLO_JPG_19May26\GEOSP-TRN-002647\TORRE E80\DJI_20260516145524_0022_V.JPG,1.362,2026-06-08 10:35:14
DJI_20260516145545_0023_V.JPG,DJI_20260516145545_0023_V,.jpg,\\amssclgis10.ams.gmams.cl\CL_MLP_PAO\Vuelos_Drone_Sin_Procesar\INPUT\20260519_Geosupport\SOLO_JPG_19May26\GEOSP-TRN-002647\TORRE E80V\DJI_20260516145545_0023_V.JPG,SOLO_JPG_19May26\GEOSP-TRN-002647\TORRE E80V\DJI_20260516145545_0023_V.JPG,1.367,2026-06-08 10:35:14
DJI_20260516145551_0024_V.JPG,DJI_20260516145551_0024_V,.jpg,\\amssclgis10.ams.gmams.cl\CL_MLP_PAO\Vuelos_Drone_Sin_Procesar\INPUT\20260519_Geosupport\SOLO_JPG_19May26\GEOSP-TRN-002647\TORRE E80V\DJI_20260516145551_0024_V.JPG,SOLO_JPG_19May26\GEOSP-TRN-002647\TORRE E80V\DJI_20260516145551_0024_V.JPG,1.273,2026-06-08 10:35:14
DJI_20260516145554_0025_V.JPG,DJI_20260516145554_0025_V,.jpg,\\amssclgis10.ams.gmams.cl\CL_MLP_PAO\Vuelos_Drone_Sin_Procesar\INPUT\20260519_Geosupport\SOLO_JPG_19May26\GEOSP-TRN-002647\TORRE E80V\DJI_20260516145554_0025_V.JPG,SOLO_JPG_19May26\GEOSP-TRN-002647\TORRE E80V\DJI_20260516145554_0025_V.JPG,1.353,2026-06-08 10:35:15
DJI_20260516145557_0026_V.JPG,DJI_20260516145557_0026_V,.jpg,\\amssclgis10.ams.gmams.cl\CL_MLP_PAO\Vuelos_Drone_Sin_Procesar\INPUT\20260519_Geosupport\SOLO_JPG_19May26\GEOSP-TRN-002647\TORRE E80V\DJI_20260516145557_0026_V.JPG,SOLO_JPG_19May26\GEOSP-TRN-002647\TORRE E80V\DJI_20260516145557_0026_V.JPG,1.368,2026-06-08 10:35:15
DJI_20260516145603_0027_V.JPG,DJI_20260516145603_0027_V,.jpg,\\amssclgis10.ams.gmams.cl\CL_MLP_PAO\Vuelos_Drone_Sin_Procesar\INPUT\20260519_Geosupport\SOLO_JPG_19May26\GEOSP-TRN-002647\TORRE E80V\DJI_20260516145603_0027_V.JPG,SOLO_JPG_19May26\GEOSP-TRN-002647\TORRE E80V\DJI_20260516145603_0027_V.JPG,1.371,2026-06-08 10:35:15
DJI_20260516145439_0013_V.JPG,DJI_20260516145439_0013_V,.jpg,\\amssclgis10.ams.gmams.cl\CL_MLP_PAO\Vuelos_Drone_Sin_Procesar\INPUT\20260519_Geosupport\SOLO_JPG_19May26\GEOSP-TRN-002647\TORRE E81\DJI_20260516145439_0013_V.JPG,SOLO_JPG_19May26\GEOSP-TRN-002647\TORRE E81\DJI_20260516145439_0013_V.JPG,1.409,2026-06-08 10:35:16
DJI_20260516145443_0014_V.JPG,DJI_20260516145443_0014_V,.jpg,\\amssclgis10.ams.gmams.cl\CL_MLP_PAO\Vuelos_Drone_Sin_Procesar\INPUT\20260519_Geosupport\SOLO_JPG_19May26\GEOSP-TRN-002647\TORRE E81\DJI_20260516145443_0014_V.JPG,SOLO_JPG_19May26\GEOSP-TRN-002647\TORRE E81\DJI_20260516145443_0014_V.JPG,1.401,2026-06-08 10:35:16
DJI_20260516145447_0015_V.JPG,DJI_20260516145447_0015_V,.jpg,\\amssclgis10.ams.gmams.cl\CL_MLP_PAO\Vuelos_Drone_Sin_Procesar\INPUT\20260519_Geosupport\SOLO_JPG_19May26\GEOSP-TRN-002647\TORRE E81\DJI_20260516145447_0015_V.JPG,SOLO_JPG_19May26\GEOSP-TRN-002647\TORRE E81\DJI_20260516145447_0015_V.JPG,1.425,2026-06-08 10:35:16
DJI_20260516145450_0016_V.JPG,DJI_20260516145450_0016_V,.jpg,\\amssclgis10.ams.gmams.cl\CL_MLP_PAO\Vuelos_Drone_Sin_Procesar\INPUT\20260519_Geosupport\SOLO_JPG_19May26\GEOSP-TRN-002647\TORRE E81\DJI_20260516145450_0016_V.JPG,SOLO_JPG_19May26\GEOSP-TRN-002647\TORRE E81\DJI_20260516145450_0016_V.JPG,1.421,2026-06-08 10:35:17
DJI_20260516145455_0017_V.JPG,DJI_20260516145455_0017_V,.jpg,\\amssclgis10.ams.gmams.cl\CL_MLP_PAO\Vuelos_Drone_Sin_Procesar\INPUT\20260519_Geosupport\SOLO_JPG_19May26\GEOSP-TRN-002647\TORRE E81\DJI_20260516145455_0017_V.JPG,SOLO_JPG_19May26\GEOSP-TRN-002647\TORRE E81\DJI_20260516145455_0017_V.JPG,1.427,2026-06-08 10:35:17
DJI_20260516145408_0008_V.JPG,DJI_20260516145408_0008_V,.jpg,\\amssclgis10.ams.gmams.cl\CL_MLP_PAO\Vuelos_Drone_Sin_Procesar\INPUT\20260519_Geosupport\SOLO_JPG_19May26\GEOSP-TRN-002647\TORRE E83\DJI_20260516145408_0008_V.JPG,SOLO_JPG_19May26\GEOSP-TRN-002647\TORRE E83\DJI_20260516145408_0008_V.JPG,1.407,2026-06-08 10:35:17
DJI_20260516145413_0009_V.JPG,DJI_20260516145413_0009_V,.jpg,\\amssclgis10.ams.gmams.cl\CL_MLP_PAO\Vuelos_Drone_Sin_Procesar\INPUT\20260519_Geosupport\SOLO_JPG_19May26\GEOSP-TRN-002647\TORRE E83\DJI_20260516145413_0009_V.JPG,SOLO_JPG_19May26\GEOSP-TRN-002647\TORRE E83\DJI_20260516145413_0009_V.JPG,1.387,2026-06-08 10:35:18
DJI_20260516145417_0010_V.JPG,DJI_20260516145417_0010_V,.jpg,\\amssclgis10.ams.gmams.cl\CL_MLP_PAO\Vuelos_Drone_Sin_Procesar\INPUT\20260519_Geosupport\SOLO_JPG_19May26\GEOSP-TRN-002647\TORRE E83\DJI_20260516145417_0010_V.JPG,SOLO_JPG_19May26\GEOSP-TRN-002647\TORRE E83\DJI_20260516145417_0010_V.JPG,1.416,2026-06-08 10:35:18
DJI_20260516145419_0011_V.JPG,DJI_20260516145419_0011_V,.jpg,\\amssclgis10.ams.gmams.cl\CL_MLP_PAO\Vuelos_Drone_Sin_Procesar\INPUT\20260519_Geosupport\SOLO_JPG_19May26\GEOSP-TRN-002647\TORRE E83\DJI_20260516145419_0011_V.JPG,SOLO_JPG_19May26\GEOSP-TRN-002647\TORRE E83\DJI_20260516145419_0011_V.JPG,1.391,2026-06-08 10:35:18
DJI_20260516145428_0012_V.JPG,DJI_20260516145428_0012_V,.jpg,\\amssclgis10.ams.gmams.cl\CL_MLP_PAO\Vuelos_Drone_Sin_Procesar\INPUT\20260519_Geosupport\SOLO_JPG_19May26\GEOSP-TRN-002647\TORRE E83\DJI_20260516145428_0012_V.JPG,SOLO_JPG_19May26\GEOSP-TRN-002647\TORRE E83\DJI_20260516145428_0012_V.JPG,1.391,2026-06-08 10:35:19
DJI_20260516145328_0002_V.JPG,DJI_20260516145328_0002_V,.jpg,\\amssclgis10.ams.gmams.cl\CL_MLP_PAO\Vuelos_Drone_Sin_Procesar\INPUT\20260519_Geosupport\SOLO_JPG_19May26\GEOSP-TRN-002647\TORRE E84\DJI_20260516145328_0002_V.JPG,SOLO_JPG_19May26\GEOSP-TRN-002647\TORRE E84\DJI_20260516145328_0002_V.JPG,1.329,2026-06-08 10:35:19
DJI_20260516145337_0004_V.JPG,DJI_20260516145337_0004_V,.jpg,\\amssclgis10.ams.gmams.cl\CL_MLP_PAO\Vuelos_Drone_Sin_Procesar\INPUT\20260519_Geosupport\SOLO_JPG_19May26\GEOSP-TRN-002647\TORRE E84\DJI_20260516145337_0004_V.JPG,SOLO_JPG_19May26\GEOSP-TRN-002647\TORRE E84\DJI_20260516145337_0004_V.JPG,1.309,2026-06-08 10:35:19
DJI_20260516145341_0005_V.JPG,DJI_20260516145341_0005_V,.jpg,\\amssclgis10.ams.gmams.cl\CL_MLP_PAO\Vuelos_Drone_Sin_Procesar\INPUT\20260519_Geosupport\SOLO_JPG_19May26\GEOSP-TRN-002647\TORRE E84\DJI_20260516145341_0005_V.JPG,SOLO_JPG_19May26\GEOSP-TRN-002647\TORRE E84\DJI_20260516145341_0005_V.JPG,1.275,2026-06-08 10:35:20
DJI_20260516145346_0006_V.JPG,DJI_20260516145346_0006_V,.jpg,\\amssclgis10.ams.gmams.cl\CL_MLP_PAO\Vuelos_Drone_Sin_Procesar\INPUT\20260519_Geosupport\SOLO_JPG_19May26\GEOSP-TRN-002647\TORRE E84\DJI_20260516145346_0006_V.JPG,SOLO_JPG_19May26\GEOSP-TRN-002647\TORRE E84\DJI_20260516145346_0006_V.JPG,1.342,2026-06-08 10:35:20
DJI_20260516145357_0007_V.JPG,DJI_20260516145357_0007_V,.jpg,\\amssclgis10.ams.gmams.cl\CL_MLP_PAO\Vuelos_Drone_Sin_Procesar\INPUT\20260519_Geosupport\SOLO_JPG_19May26\GEOSP-TRN-002647\TORRE E84\DJI_20260516145357_0007_V.JPG,SOLO_JPG_19May26\GEOSP-TRN-002647\TORRE E84\DJI_20260516145357_0007_V.JPG,1.331,2026-06-08 10:35:20
DJI_20260517104618_0002_V.JPG,DJI_20260517104618_0002_V,.jpg,\\amssclgis10.ams.gmams.cl\CL_MLP_PAO\Vuelos_Drone_Sin_Procesar\INPUT\20260519_Geosupport\SOLO_JPG_19May26\GEOSP-TRN-002652\DJI_202605171038_023\DJI_20260517104618_0002_V.JPG,SOLO_JPG_19May26\GEOSP-TRN-002652\DJI_202605171038_023\DJI_20260517104618_0002_V.JPG,0.888,2026-06-08 10:35:20
DJI_20260517104634_0004_V.JPG,DJI_20260517104634_0004_V,.jpg,\\amssclgis10.ams.gmams.cl\CL_MLP_PAO\Vuelos_Drone_Sin_Procesar\INPUT\20260519_Geosupport\SOLO_JPG_19May26\GEOSP-TRN-002652\DJI_202605171038_023\DJI_20260517104634_0004_V.JPG,SOLO_JPG_19May26\GEOSP-TRN-002652\DJI_202605171038_023\DJI_20260517104634_0004_V.JPG,0.887,2026-06-08 10:35:21
DJI_20260517104706_0005_V.JPG,DJI_20260517104706_0005_V,.jpg,\\amssclgis10.ams.gmams.cl\CL_MLP_PAO\Vuelos_Drone_Sin_Procesar\INPUT\20260519_Geosupport\SOLO_JPG_19May26\GEOSP-TRN-002652\DJI_202605171038_023\DJI_20260517104706_0005_V.JPG,SOLO_JPG_19May26\GEOSP-TRN-002652\DJI_202605171038_023\DJI_20260517104706_0005_V.JPG,0.918,2026-06-08 10:35:21
DJI_20260517104719_0006_V.JPG,DJI_20260517104719_0006_V,.jpg,\\amssclgis10.ams.gmams.cl\CL_MLP_PAO\Vuelos_Drone_Sin_Procesar\INPUT\20260519_Geosupport\SOLO_JPG_19May26\GEOSP-TRN-002652\DJI_202605171038_023\DJI_20260517104719_0006_V.JPG,SOLO_JPG_19May26\GEOSP-TRN-002652\DJI_202605171038_023\DJI_20260517104719_0006_V.JPG,0.884,2026-06-08 10:35:21
DJI_20260517104913_0007_V.JPG,DJI_20260517104913_0007_V,.jpg,\\amssclgis10.ams.gmams.cl\CL_MLP_PAO\Vuelos_Drone_Sin_Procesar\INPUT\20260519_Geosupport\SOLO_JPG_19May26\GEOSP-TRN-002652\DJI_202605171038_023\DJI_20260517104913_0007_V.JPG,SOLO_JPG_19May26\GEOSP-TRN-002652\DJI_202605171038_023\DJI_20260517104913_0007_V.JPG,0.988,2026-06-08 10:35:21
DJI_20260517104926_0008_V.JPG,DJI_20260517104926_0008_V,.jpg,\\amssclgis10.ams.gmams.cl\CL_MLP_PAO\Vuelos_Drone_Sin_Procesar\INPUT\20260519_Geosupport\SOLO_JPG_19May26\GEOSP-TRN-002652\DJI_202605171038_023\DJI_20260517104926_0008_V.JPG,SOLO_JPG_19May26\GEOSP-TRN-002652\DJI_202605171038_023\DJI_20260517104926_0008_V.JPG,0.965,2026-06-08 10:35:22
DJI_20260517104937_0009_V.JPG,DJI_20260517104937_0009_V,.jpg,\\amssclgis10.ams.gmams.cl\CL_MLP_PAO\Vuelos_Drone_Sin_Procesar\INPUT\20260519_Geosupport\SOLO_JPG_19May26\GEOSP-TRN-002652\DJI_202605171038_023\DJI_20260517104937_0009_V.JPG,SOLO_JPG_19May26\GEOSP-TRN-002652\DJI_202605171038_023\DJI_20260517104937_0009_V.JPG,0.964,2026-06-08 10:35:22
DJI_20260517104946_0010_V.JPG,DJI_20260517104946_0010_V,.jpg,\\amssclgis10.ams.gmams.cl\CL_MLP_PAO\Vuelos_Drone_Sin_Procesar\INPUT\20260519_Geosupport\SOLO_JPG_19May26\GEOSP-TRN-002652\DJI_202605171038_023\DJI_20260517104946_0010_V.JPG,SOLO_JPG_19May26\GEOSP-TRN-002652\DJI_202605171038_023\DJI_20260517104946_0010_V.JPG,0.969,2026-06-08 10:35:22
DJI_20260517104958_0011_V.JPG,DJI_20260517104958_0011_V,.jpg,\\amssclgis10.ams.gmams.cl\CL_MLP_PAO\Vuelos_Drone_Sin_Procesar\INPUT\20260519_Geosupport\SOLO_JPG_19May26\GEOSP-TRN-002652\DJI_202605171038_023\DJI_20260517104958_0011_V.JPG,SOLO_JPG_19May26\GEOSP-TRN-002652\DJI_202605171038_023\DJI_20260517104958_0011_V.JPG,0.964,2026-06-08 10:35:23
DJI_20260517113733_0001_V.JPG,DJI_20260517113733_0001_V,.jpg,\\amssclgis10.ams.gmams.cl\CL_MLP_PAO\Vuelos_Drone_Sin_Procesar\INPUT\20260519_Geosupport\SOLO_JPG_19May26\GEOSP-TRN-002655\GS_AFD_EDT_17-05-2026\DJI_20260517113733_0001_V.JPG,SOLO_JPG_19May26\GEOSP-TRN-002655\GS_AFD_EDT_17-05-2026\DJI_20260517113733_0001_V.JPG,1.005,2026-06-08 10:35:23
DJI_20260517113755_0003_V.JPG,DJI_20260517113755_0003_V,.jpg,\\amssclgis10.ams.gmams.cl\CL_MLP_PAO\Vuelos_Drone_Sin_Procesar\INPUT\20260519_Geosupport\SOLO_JPG_19May26\GEOSP-TRN-002655\GS_AFD_EDT_17-05-2026\DJI_20260517113755_0003_V.JPG,SOLO_JPG_19May26\GEOSP-TRN-002655\GS_AFD_EDT_17-05-2026\DJI_20260517113755_0003_V.JPG,1.065,2026-06-08 10:35:23
DJI_20260517113807_0004_V.JPG,DJI_20260517113807_0004_V,.jpg,\\amssclgis10.ams.gmams.cl\CL_MLP_PAO\Vuelos_Drone_Sin_Procesar\INPUT\20260519_Geosupport\SOLO_JPG_19May26\GEOSP-TRN-002655\GS_AFD_EDT_17-05-2026\DJI_20260517113807_0004_V.JPG,SOLO_JPG_19May26\GEOSP-TRN-002655\GS_AFD_EDT_17-05-2026\DJI_20260517113807_0004_V.JPG,1.005,2026-06-08 10:35:24
DJI_20260517113819_0005_V.JPG,DJI_20260517113819_0005_V,.jpg,\\amssclgis10.ams.gmams.cl\CL_MLP_PAO\Vuelos_Drone_Sin_Procesar\INPUT\20260519_Geosupport\SOLO_JPG_19May26\GEOSP-TRN-002655\GS_AFD_EDT_17-05-2026\DJI_20260517113819_0005_V.JPG,SOLO_JPG_19May26\GEOSP-TRN-002655\GS_AFD_EDT_17-05-2026\DJI_20260517113819_0005_V.JPG,0.98,2026-06-08 10:35:24
DJI_20260517113827_0006_V.JPG,DJI_20260517113827_0006_V,.jpg,\\amssclgis10.ams.gmams.cl\CL_MLP_PAO\Vuelos_Drone_Sin_Procesar\INPUT\20260519_Geosupport\SOLO_JPG_19May26\GEOSP-TRN-002655\GS_AFD_EDT_17-05-2026\DJI_20260517113827_0006_V.JPG,SOLO_JPG_19May26\GEOSP-TRN-002655\GS_AFD_EDT_17-05-2026\DJI_20260517113827_0006_V.JPG,0.938,2026-06-08 10:35:25
DJI_20260517113838_0007_V.JPG,DJI_20260517113838_0007_V,.jpg,\\amssclgis10.ams.gmams.cl\CL_MLP_PAO\Vuelos_Drone_Sin_Procesar\INPUT\20260519_Geosupport\SOLO_JPG_19May26\GEOSP-TRN-002655\GS_AFD_EDT_17-05-2026\DJI_20260517113838_0007_V.JPG,SOLO_JPG_19May26\GEOSP-TRN-002655\GS_AFD_EDT_17-05-2026\DJI_20260517113838_0007_V.JPG,0.985,2026-06-08 10:35:25
DJI_20260517113901_0008_V.JPG,DJI_20260517113901_0008_V,.jpg,\\amssclgis10.ams.gmams.cl\CL_MLP_PAO\Vuelos_Drone_Sin_Procesar\INPUT\20260519_Geosupport\SOLO_JPG_19May26\GEOSP-TRN-002655\GS_AFD_EDT_17-05-2026\DJI_20260517113901_0008_V.JPG,SOLO_JPG_19May26\GEOSP-TRN-002655\GS_AFD_EDT_17-05-2026\DJI_20260517113901_0008_V.JPG,0.967,2026-06-08 10:35:26
DJI_20260517113916_0009_V.JPG,DJI_20260517113916_0009_V,.jpg,\\amssclgis10.ams.gmams.cl\CL_MLP_PAO\Vuelos_Drone_Sin_Procesar\INPUT\20260519_Geosupport\SOLO_JPG_19May26\GEOSP-TRN-002655\GS_AFD_EDT_17-05-2026\DJI_20260517113916_0009_V.JPG,SOLO_JPG_19May26\GEOSP-TRN-002655\GS_AFD_EDT_17-05-2026\DJI_20260517113916_0009_V.JPG,1.103,2026-06-08 10:35:26
DJI_20260517113927_0010_V.JPG,DJI_20260517113927_0010_V,.jpg,\\amssclgis10.ams.gmams.cl\CL_MLP_PAO\Vuelos_Drone_Sin_Procesar\INPUT\20260519_Geosupport\SOLO_JPG_19May26\GEOSP-TRN-002655\GS_AFD_EDT_17-05-2026\DJI_20260517113927_0010_V.JPG,SOLO_JPG_19May26\GEOSP-TRN-002655\GS_AFD_EDT_17-05-2026\DJI_20260517113927_0010_V.JPG,1.034,2026-06-08 10:35:26
DJI_20260517114004_0011_V.JPG,DJI_20260517114004_0011_V,.jpg,\\amssclgis10.ams.gmams.cl\CL_MLP_PAO\Vuelos_Drone_Sin_Procesar\INPUT\20260519_Geosupport\SOLO_JPG_19May26\GEOSP-TRN-002655\GS_AFD_EDT_17-05-2026\DJI_20260517114004_0011_V.JPG,SOLO_JPG_19May26\GEOSP-TRN-002655\GS_AFD_EDT_17-05-2026\DJI_20260517114004_0011_V.JPG,0.992,2026-06-08 10:35:27
DJI_20260517114014_0012_V.JPG,DJI_20260517114014_0012_V,.jpg,\\amssclgis10.ams.gmams.cl\CL_MLP_PAO\Vuelos_Drone_Sin_Procesar\INPUT\20260519_Geosupport\SOLO_JPG_19May26\GEOSP-TRN-002655\GS_AFD_EDT_17-05-2026\DJI_20260517114014_0012_V.JPG,SOLO_JPG_19May26\GEOSP-TRN-002655\GS_AFD_EDT_17-05-2026\DJI_20260517114014_0012_V.JPG,1.01,2026-06-08 10:35:27
DJI_20260514155555_0001_V.JPG,DJI_20260514155555_0001_V,.jpg,\\amssclgis10.ams.gmams.cl\CL_MLP_PAO\Vuelos_Drone_Sin_Procesar\INPUT\20260519_Geosupport\SOLO_JPG_19May26\GEOSP-TRN-002656\TORRE E35\DJI_20260514155555_0001_V.JPG,SOLO_JPG_19May26\GEOSP-TRN-002656\TORRE E35\DJI_20260514155555_0001_V.JPG,0.947,2026-06-08 10:35:28
DJI_20260514155605_0002_V.JPG,DJI_20260514155605_0002_V,.jpg,\\amssclgis10.ams.gmams.cl\CL_MLP_PAO\Vuelos_Drone_Sin_Procesar\INPUT\20260519_Geosupport\SOLO_JPG_19May26\GEOSP-TRN-002656\TORRE E35\DJI_20260514155605_0002_V.JPG,SOLO_JPG_19May26\GEOSP-TRN-002656\TORRE E35\DJI_20260514155605_0002_V.JPG,0.939,2026-06-08 10:35:28
DJI_20260514155621_0003_V.JPG,DJI_20260514155621_0003_V,.jpg,\\amssclgis10.ams.gmams.cl\CL_MLP_PAO\Vuelos_Drone_Sin_Procesar\INPUT\20260519_Geosupport\SOLO_JPG_19May26\GEOSP-TRN-002656\TORRE E35\DJI_20260514155621_0003_V.JPG,SOLO_JPG_19May26\GEOSP-TRN-002656\TORRE E35\DJI_20260514155621_0003_V.JPG,0.968,2026-06-08 10:35:28
DJI_20260514155632_0004_V.JPG,DJI_20260514155632_0004_V,.jpg,\\amssclgis10.ams.gmams.cl\CL_MLP_PAO\Vuelos_Drone_Sin_Procesar\INPUT\20260519_Geosupport\SOLO_JPG_19May26\GEOSP-TRN-002656\TORRE E35\DJI_20260514155632_0004_V.JPG,SOLO_JPG_19May26\GEOSP-TRN-002656\TORRE E35\DJI_20260514155632_0004_V.JPG,0.972,2026-06-08 10:35:29
DJI_20260514155645_0005_V.JPG,DJI_20260514155645_0005_V,.jpg,\\amssclgis10.ams.gmams.cl\CL_MLP_PAO\Vuelos_Drone_Sin_Procesar\INPUT\20260519_Geosupport\SOLO_JPG_19May26\GEOSP-TRN-002656\TORRE E35\DJI_20260514155645_0005_V.JPG,SOLO_JPG_19May26\GEOSP-TRN-002656\TORRE E35\DJI_20260514155645_0005_V.JPG,0.96,2026-06-08 10:35:29
DJI_20260514155717_0006_V.JPG,DJI_20260514155717_0006_V,.jpg,\\amssclgis10.ams.gmams.cl\CL_MLP_PAO\Vuelos_Drone_Sin_Procesar\INPUT\20260519_Geosupport\SOLO_JPG_19May26\GEOSP-TRN-002656\TORRE E36\DJI_20260514155717_0006_V.JPG,SOLO_JPG_19May26\GEOSP-TRN-002656\TORRE E36\DJI_20260514155717_0006_V.JPG,1.175,2026-06-08 10:35:29
DJI_20260514155722_0007_V.JPG,DJI_20260514155722_0007_V,.jpg,\\amssclgis10.ams.gmams.cl\CL_MLP_PAO\Vuelos_Drone_Sin_Procesar\INPUT\20260519_Geosupport\SOLO_JPG_19May26\GEOSP-TRN-002656\TORRE E36\DJI_20260514155722_0007_V.JPG,SOLO_JPG_19May26\GEOSP-TRN-002656\TORRE E36\DJI_20260514155722_0007_V.JPG,1.161,2026-06-08 10:35:30
DJI_20260514155729_0008_V.JPG,DJI_20260514155729_0008_V,.jpg,\\amssclgis10.ams.gmams.cl\CL_MLP_PAO\Vuelos_Drone_Sin_Procesar\INPUT\20260519_Geosupport\SOLO_JPG_19May26\GEOSP-TRN-002656\TORRE E36\DJI_20260514155729_0008_V.JPG,SOLO_JPG_19May26\GEOSP-TRN-002656\TORRE E36\DJI_20260514155729_0008_V.JPG,1.197,2026-06-08 10:35:30
DJI_20260514155741_0009_V.JPG,DJI_20260514155741_0009_V,.jpg,\\amssclgis10.ams.gmams.cl\CL_MLP_PAO\Vuelos_Drone_Sin_Procesar\INPUT\20260519_Geosupport\SOLO_JPG_19May26\GEOSP-TRN-002656\TORRE E36\DJI_20260514155741_0009_V.JPG,SOLO_JPG_19May26\GEOSP-TRN-002656\TORRE E36\DJI_20260514155741_0009_V.JPG,1.187,2026-06-08 10:35:31
DJI_20260514155751_0010_V.JPG,DJI_20260514155751_0010_V,.jpg,\\amssclgis10.ams.gmams.cl\CL_MLP_PAO\Vuelos_Drone_Sin_Procesar\INPUT\20260519_Geosupport\SOLO_JPG_19May26\GEOSP-TRN-002656\TORRE E36\DJI_20260514155751_0010_V.JPG,SOLO_JPG_19May26\GEOSP-TRN-002656\TORRE E36\DJI_20260514155751_0010_V.JPG,1.143,2026-06-08 10:35:31
DJI_20260514155812_0011_V.JPG,DJI_20260514155812_0011_V,.jpg,\\amssclgis10.ams.gmams.cl\CL_MLP_PAO\Vuelos_Drone_Sin_Procesar\INPUT\20260519_Geosupport\SOLO_JPG_19May26\GEOSP-TRN-002656\TORRE E37\DJI_20260514155812_0011_V.JPG,SOLO_JPG_19May26\GEOSP-TRN-002656\TORRE E37\DJI_20260514155812_0011_V.JPG,1.24,2026-06-08 10:35:31
DJI_20260514155819_0012_V.JPG,DJI_20260514155819_0012_V,.jpg,\\amssclgis10.ams.gmams.cl\CL_MLP_PAO\Vuelos_Drone_Sin_Procesar\INPUT\20260519_Geosupport\SOLO_JPG_19May26\GEOSP-TRN-002656\TORRE E37\DJI_20260514155819_0012_V.JPG,SOLO_JPG_19May26\GEOSP-TRN-002656\TORRE E37\DJI_20260514155819_0012_V.JPG,1.237,2026-06-08 10:35:32
DJI_20260514155828_0013_V.JPG,DJI_20260514155828_0013_V,.jpg,\\amssclgis10.ams.gmams.cl\CL_MLP_PAO\Vuelos_Drone_Sin_Procesar\INPUT\20260519_Geosupport\SOLO_JPG_19May26\GEOSP-TRN-002656\TORRE E37\DJI_20260514155828_0013_V.JPG,SOLO_JPG_19May26\GEOSP-TRN-002656\TORRE E37\DJI_20260514155828_0013_V.JPG,1.254,2026-06-08 10:35:32
DJI_20260514155837_0014_V.JPG,DJI_20260514155837_0014_V,.jpg,\\amssclgis10.ams.gmams.cl\CL_MLP_PAO\Vuelos_Drone_Sin_Procesar\INPUT\20260519_Geosupport\SOLO_JPG_19May26\GEOSP-TRN-002656\TORRE E37\DJI_20260514155837_0014_V.JPG,SOLO_JPG_19May26\GEOSP-TRN-002656\TORRE E37\DJI_20260514155837_0014_V.JPG,1.235,2026-06-08 10:35:32
DJI_20260514155846_0015_V.JPG,DJI_20260514155846_0015_V,.jpg,\\amssclgis10.ams.gmams.cl\CL_MLP_PAO\Vuelos_Drone_Sin_Procesar\INPUT\20260519_Geosupport\SOLO_JPG_19May26\GEOSP-TRN-002656\TORRE E37\DJI_20260514155846_0015_V.JPG,SOLO_JPG_19May26\GEOSP-TRN-002656\TORRE E37\DJI_20260514155846_0015_V.JPG,1.233,2026-06-08 10:35:32
DJI_20260514155910_0016_V.JPG,DJI_20260514155910_0016_V,.jpg,\\amssclgis10.ams.gmams.cl\CL_MLP_PAO\Vuelos_Drone_Sin_Procesar\INPUT\20260519_Geosupport\SOLO_JPG_19May26\GEOSP-TRN-002656\TORRE E38\DJI_20260514155910_0016_V.JPG,SOLO_JPG_19May26\GEOSP-TRN-002656\TORRE E38\DJI_20260514155910_0016_V.JPG,1.2,2026-06-08 10:35:33
DJI_20260514155916_0017_V.JPG,DJI_20260514155916_0017_V,.jpg,\\amssclgis10.ams.gmams.cl\CL_MLP_PAO\Vuelos_Drone_Sin_Procesar\INPUT\20260519_Geosupport\SOLO_JPG_19May26\GEOSP-TRN-002656\TORRE E38\DJI_20260514155916_0017_V.JPG,SOLO_JPG_19May26\GEOSP-TRN-002656\TORRE E38\DJI_20260514155916_0017_V.JPG,1.153,2026-06-08 10:35:33
DJI_20260514155925_0018_V.JPG,DJI_20260514155925_0018_V,.jpg,\\amssclgis10.ams.gmams.cl\CL_MLP_PAO\Vuelos_Drone_Sin_Procesar\INPUT\20260519_Geosupport\SOLO_JPG_19May26\GEOSP-TRN-002656\TORRE E38\DJI_20260514155925_0018_V.JPG,SOLO_JPG_19May26\GEOSP-TRN-002656\TORRE E38\DJI_20260514155925_0018_V.JPG,1.17,2026-06-08 10:35:33
DJI_20260514155937_0019_V.JPG,DJI_20260514155937_0019_V,.jpg,\\amssclgis10.ams.gmams.cl\CL_MLP_PAO\Vuelos_Drone_Sin_Procesar\INPUT\20260519_Geosupport\SOLO_JPG_19May26\GEOSP-TRN-002656\TORRE E38\DJI_20260514155937_0019_V.JPG,SOLO_JPG_19May26\GEOSP-TRN-002656\TORRE E38\DJI_20260514155937_0019_V.JPG,1.232,2026-06-08 10:35:34
DJI_20260514155949_0020_V.JPG,DJI_20260514155949_0020_V,.jpg,\\amssclgis10.ams.gmams.cl\CL_MLP_PAO\Vuelos_Drone_Sin_Procesar\INPUT\20260519_Geosupport\SOLO_JPG_19May26\GEOSP-TRN-002656\TORRE E38\DJI_20260514155949_0020_V.JPG,SOLO_JPG_19May26\GEOSP-TRN-002656\TORRE E38\DJI_20260514155949_0020_V.JPG,1.19,2026-06-08 10:35:34
DJI_20260514160017_0021_V.JPG,DJI_20260514160017_0021_V,.jpg,\\amssclgis10.ams.gmams.cl\CL_MLP_PAO\Vuelos_Drone_Sin_Procesar\INPUT\20260519_Geosupport\SOLO_JPG_19May26\GEOSP-TRN-002656\TORRE E39\DJI_20260514160017_0021_V.JPG,SOLO_JPG_19May26\GEOSP-TRN-002656\TORRE E39\DJI_20260514160017_0021_V.JPG,0.917,2026-06-08 10:35:35
DJI_20260514160029_0022_V.JPG,DJI_20260514160029_0022_V,.jpg,\\amssclgis10.ams.gmams.cl\CL_MLP_PAO\Vuelos_Drone_Sin_Procesar\INPUT\20260519_Geosupport\SOLO_JPG_19May26\GEOSP-TRN-002656\TORRE E39\DJI_20260514160029_0022_V.JPG,SOLO_JPG_19May26\GEOSP-TRN-002656\TORRE E39\DJI_20260514160029_0022_V.JPG,0.972,2026-06-08 10:35:35
DJI_20260514160041_0023_V.JPG,DJI_20260514160041_0023_V,.jpg,\\amssclgis10.ams.gmams.cl\CL_MLP_PAO\Vuelos_Drone_Sin_Procesar\INPUT\20260519_Geosupport\SOLO_JPG_19May26\GEOSP-TRN-002656\TORRE E39\DJI_20260514160041_0023_V.JPG,SOLO_JPG_19May26\GEOSP-TRN-002656\TORRE E39\DJI_20260514160041_0023_V.JPG,0.939,2026-06-08 10:35:35
DJI_20260514160051_0024_V.JPG,DJI_20260514160051_0024_V,.jpg,\\amssclgis10.ams.gmams.cl\CL_MLP_PAO\Vuelos_Drone_Sin_Procesar\INPUT\20260519_Geosupport\SOLO_JPG_19May26\GEOSP-TRN-002656\TORRE E39\DJI_20260514160051_0024_V.JPG,SOLO_JPG_19May26\GEOSP-TRN-002656\TORRE E39\DJI_20260514160051_0024_V.JPG,0.949,2026-06-08 10:35:36
DJI_20260514160100_0025_V.JPG,DJI_20260514160100_0025_V,.jpg,\\amssclgis10.ams.gmams.cl\CL_MLP_PAO\Vuelos_Drone_Sin_Procesar\INPUT\20260519_Geosupport\SOLO_JPG_19May26\GEOSP-TRN-002656\TORRE E39\DJI_20260514160100_0025_V.JPG,SOLO_JPG_19May26\GEOSP-TRN-002656\TORRE E39\DJI_20260514160100_0025_V.JPG,0.944,2026-06-08 10:35:36
DJI_20260514160123_0026_V.JPG,DJI_20260514160123_0026_V,.jpg,\\amssclgis10.ams.gmams.cl\CL_MLP_PAO\Vuelos_Drone_Sin_Procesar\INPUT\20260519_Geosupport\SOLO_JPG_19May26\GEOSP-TRN-002656\TORRE E41_\DJI_20260514160123_0026_V.JPG,SOLO_JPG_19May26\GEOSP-TRN-002656\TORRE E41_\DJI_20260514160123_0026_V.JPG,0.978,2026-06-08 10:35:36
DJI_20260514160129_0027_V.JPG,DJI_20260514160129_0027_V,.jpg,\\amssclgis10.ams.gmams.cl\CL_MLP_PAO\Vuelos_Drone_Sin_Procesar\INPUT\20260519_Geosupport\SOLO_JPG_19May26\GEOSP-TRN-002656\TORRE E41_\DJI_20260514160129_0027_V.JPG,SOLO_JPG_19May26\GEOSP-TRN-002656\TORRE E41_\DJI_20260514160129_0027_V.JPG,0.967,2026-06-08 10:35:37
DJI_20260514160138_0028_V.JPG,DJI_20260514160138_0028_V,.jpg,\\amssclgis10.ams.gmams.cl\CL_MLP_PAO\Vuelos_Drone_Sin_Procesar\INPUT\20260519_Geosupport\SOLO_JPG_19May26\GEOSP-TRN-002656\TORRE E41_\DJI_20260514160138_0028_V.JPG,SOLO_JPG_19May26\GEOSP-TRN-002656\TORRE E41_\DJI_20260514160138_0028_V.JPG,0.971,2026-06-08 10:35:37
DJI_20260514160149_0029_V.JPG,DJI_20260514160149_0029_V,.jpg,\\amssclgis10.ams.gmams.cl\CL_MLP_PAO\Vuelos_Drone_Sin_Procesar\INPUT\20260519_Geosupport\SOLO_JPG_19May26\GEOSP-TRN-002656\TORRE E41_\DJI_20260514160149_0029_V.JPG,SOLO_JPG_19May26\GEOSP-TRN-002656\TORRE E41_\DJI_20260514160149_0029_V.JPG,1.013,2026-06-08 10:35:37
DJI_20260514160201_0030_V.JPG,DJI_20260514160201_0030_V,.jpg,\\amssclgis10.ams.gmams.cl\CL_MLP_PAO\Vuelos_Drone_Sin_Procesar\INPUT\20260519_Geosupport\SOLO_JPG_19May26\GEOSP-TRN-002656\TORRE E41_\DJI_20260514160201_0030_V.JPG,SOLO_JPG_19May26\GEOSP-TRN-002656\TORRE E41_\DJI_20260514160201_0030_V.JPG,0.902,2026-06-08 10:35:38
DJI_20260514160233_0031_V.JPG,DJI_20260514160233_0031_V,.jpg,\\amssclgis10.ams.gmams.cl\CL_MLP_PAO\Vuelos_Drone_Sin_Procesar\INPUT\20260519_Geosupport\SOLO_JPG_19May26\GEOSP-TRN-002656\TORRE E42_\DJI_20260514160233_0031_V.JPG,SOLO_JPG_19May26\GEOSP-TRN-002656\TORRE E42_\DJI_20260514160233_0031_V.JPG,1.076,2026-06-08 10:35:38
DJI_20260514160238_0032_V.JPG,DJI_20260514160238_0032_V,.jpg,\\amssclgis10.ams.gmams.cl\CL_MLP_PAO\Vuelos_Drone_Sin_Procesar\INPUT\20260519_Geosupport\SOLO_JPG_19May26\GEOSP-TRN-002656\TORRE E42_\DJI_20260514160238_0032_V.JPG,SOLO_JPG_19May26\GEOSP-TRN-002656\TORRE E42_\DJI_20260514160238_0032_V.JPG,1.109,2026-06-08 10:35:38
DJI_20260514160248_0033_V.JPG,DJI_20260514160248_0033_V,.jpg,\\amssclgis10.ams.gmams.cl\CL_MLP_PAO\Vuelos_Drone_Sin_Procesar\INPUT\20260519_Geosupport\SOLO_JPG_19May26\GEOSP-TRN-002656\TORRE E42_\DJI_20260514160248_0033_V.JPG,SOLO_JPG_19May26\GEOSP-TRN-002656\TORRE E42_\DJI_20260514160248_0033_V.JPG,1.124,2026-06-08 10:35:39
DJI_20260514160257_0034_V.JPG,DJI_20260514160257_0034_V,.jpg,\\amssclgis10.ams.gmams.cl\CL_MLP_PAO\Vuelos_Drone_Sin_Procesar\INPUT\20260519_Geosupport\SOLO_JPG_19May26\GEOSP-TRN-002656\TORRE E42_\DJI_20260514160257_0034_V.JPG,SOLO_JPG_19May26\GEOSP-TRN-002656\TORRE E42_\DJI_20260514160257_0034_V.JPG,1.139,2026-06-08 10:35:39
DJI_20260514160307_0035_V.JPG,DJI_20260514160307_0035_V,.jpg,\\amssclgis10.ams.gmams.cl\CL_MLP_PAO\Vuelos_Drone_Sin_Procesar\INPUT\20260519_Geosupport\SOLO_JPG_19May26\GEOSP-TRN-002656\TORRE E42_\DJI_20260514160307_0035_V.JPG,SOLO_JPG_19May26\GEOSP-TRN-002656\TORRE E42_\DJI_20260514160307_0035_V.JPG,1.043,2026-06-08 10:35:39
DJI_20260514160344_0036_V.JPG,DJI_20260514160344_0036_V,.jpg,\\amssclgis10.ams.gmams.cl\CL_MLP_PAO\Vuelos_Drone_Sin_Procesar\INPUT\20260519_Geosupport\SOLO_JPG_19May26\GEOSP-TRN-002656\TORRE E43_\DJI_20260514160344_0036_V.JPG,SOLO_JPG_19May26\GEOSP-TRN-002656\TORRE E43_\DJI_20260514160344_0036_V.JPG,1.091,2026-06-08 10:35:41
DJI_20260514160350_0037_V.JPG,DJI_20260514160350_0037_V,.jpg,\\amssclgis10.ams.gmams.cl\CL_MLP_PAO\Vuelos_Drone_Sin_Procesar\INPUT\20260519_Geosupport\SOLO_JPG_19May26\GEOSP-TRN-002656\TORRE E43_\DJI_20260514160350_0037_V.JPG,SOLO_JPG_19May26\GEOSP-TRN-002656\TORRE E43_\DJI_20260514160350_0037_V.JPG,1.105,2026-06-08 10:35:42
DJI_20260514160358_0038_V.JPG,DJI_20260514160358_0038_V,.jpg,\\amssclgis10.ams.gmams.cl\CL_MLP_PAO\Vuelos_Drone_Sin_Procesar\INPUT\20260519_Geosupport\SOLO_JPG_19May26\GEOSP-TRN-002656\TORRE E43_\DJI_20260514160358_0038_V.JPG,SOLO_JPG_19May26\GEOSP-TRN-002656\TORRE E43_\DJI_20260514160358_0038_V.JPG,1.062,2026-06-08 10:35:42
DJI_20260514160407_0039_V.JPG,DJI_20260514160407_0039_V,.jpg,\\amssclgis10.ams.gmams.cl\CL_MLP_PAO\Vuelos_Drone_Sin_Procesar\INPUT\20260519_Geosupport\SOLO_JPG_19May26\GEOSP-TRN-002656\TORRE E43_\DJI_20260514160407_0039_V.JPG,SOLO_JPG_19May26\GEOSP-TRN-002656\TORRE E43_\DJI_20260514160407_0039_V.JPG,1.098,2026-06-08 10:35:42
DJI_20260514160416_0040_V.JPG,DJI_20260514160416_0040_V,.jpg,\\amssclgis10.ams.gmams.cl\CL_MLP_PAO\Vuelos_Drone_Sin_Procesar\INPUT\20260519_Geosupport\SOLO_JPG_19May26\GEOSP-TRN-002656\TORRE E43_\DJI_20260514160416_0040_V.JPG,SOLO_JPG_19May26\GEOSP-TRN-002656\TORRE E43_\DJI_20260514160416_0040_V.JPG,1.066,2026-06-08 10:35:43
DJI_20260514160920_0001_V.JPG,DJI_20260514160920_0001_V,.jpg,\\amssclgis10.ams.gmams.cl\CL_MLP_PAO\Vuelos_Drone_Sin_Procesar\INPUT\20260519_Geosupport\SOLO_JPG_19May26\GEOSP-TRN-002656\TORRE E43A\DJI_20260514160920_0001_V.JPG,SOLO_JPG_19May26\GEOSP-TRN-002656\TORRE E43A\DJI_20260514160920_0001_V.JPG,1.082,2026-06-08 10:35:40
DJI_20260514160931_0002_V.JPG,DJI_20260514160931_0002_V,.jpg,\\amssclgis10.ams.gmams.cl\CL_MLP_PAO\Vuelos_Drone_Sin_Procesar\INPUT\20260519_Geosupport\SOLO_JPG_19May26\GEOSP-TRN-002656\TORRE E43A\DJI_20260514160931_0002_V.JPG,SOLO_JPG_19May26\GEOSP-TRN-002656\TORRE E43A\DJI_20260514160931_0002_V.JPG,1.037,2026-06-08 10:35:40
DJI_20260514160941_0003_V.JPG,DJI_20260514160941_0003_V,.jpg,\\amssclgis10.ams.gmams.cl\CL_MLP_PAO\Vuelos_Drone_Sin_Procesar\INPUT\20260519_Geosupport\SOLO_JPG_19May26\GEOSP-TRN-002656\TORRE E43A\DJI_20260514160941_0003_V.JPG,SOLO_JPG_19May26\GEOSP-TRN-002656\TORRE E43A\DJI_20260514160941_0003_V.JPG,1.068,2026-06-08 10:35:40
DJI_20260514160948_0004_V.JPG,DJI_20260514160948_0004_V,.jpg,\\amssclgis10.ams.gmams.cl\CL_MLP_PAO\Vuelos_Drone_Sin_Procesar\INPUT\20260519_Geosupport\SOLO_JPG_19May26\GEOSP-TRN-002656\TORRE E43A\DJI_20260514160948_0004_V.JPG,SOLO_JPG_19May26\GEOSP-TRN-002656\TORRE E43A\DJI_20260514160948_0004_V.JPG,1.084,2026-06-08 10:35:41
DJI_20260514160955_0005_V.JPG,DJI_20260514160955_0005_V,.jpg,\\amssclgis10.ams.gmams.cl\CL_MLP_PAO\Vuelos_Drone_Sin_Procesar\INPUT\20260519_Geosupport\SOLO_JPG_19May26\GEOSP-TRN-002656\TORRE E43A\DJI_20260514160955_0005_V.JPG,SOLO_JPG_19May26\GEOSP-TRN-002656\TORRE E43A\DJI_20260514160955_0005_V.JPG,1.018,2026-06-08 10:35:41
DJI_20260514161020_0006_V.JPG,DJI_20260514161020_0006_V,.jpg,\\amssclgis10.ams.gmams.cl\CL_MLP_PAO\Vuelos_Drone_Sin_Procesar\INPUT\20260519_Geosupport\SOLO_JPG_19May26\GEOSP-TRN-002656\TORRE E44\DJI_20260514161020_0006_V.JPG,SOLO_JPG_19May26\GEOSP-TRN-002656\TORRE E44\DJI_20260514161020_0006_V.JPG,1.11,2026-06-08 10:35:43
DJI_20260514161027_0007_V.JPG,DJI_20260514161027_0007_V,.jpg,\\amssclgis10.ams.gmams.cl\CL_MLP_PAO\Vuelos_Drone_Sin_Procesar\INPUT\20260519_Geosupport\SOLO_JPG_19May26\GEOSP-TRN-002656\TORRE E44\DJI_20260514161027_0007_V.JPG,SOLO_JPG_19May26\GEOSP-TRN-002656\TORRE E44\DJI_20260514161027_0007_V.JPG,1.112,2026-06-08 10:35:43
DJI_20260514161037_0008_V.JPG,DJI_20260514161037_0008_V,.jpg,\\amssclgis10.ams.gmams.cl\CL_MLP_PAO\Vuelos_Drone_Sin_Procesar\INPUT\20260519_Geosupport\SOLO_JPG_19May26\GEOSP-TRN-002656\TORRE E44\DJI_20260514161037_0008_V.JPG,SOLO_JPG_19May26\GEOSP-TRN-002656\TORRE E44\DJI_20260514161037_0008_V.JPG,1.083,2026-06-08 10:35:44
DJI_20260514161050_0009_V.JPG,DJI_20260514161050_0009_V,.jpg,\\amssclgis10.ams.gmams.cl\CL_MLP_PAO\Vuelos_Drone_Sin_Procesar\INPUT\20260519_Geosupport\SOLO_JPG_19May26\GEOSP-TRN-002656\TORRE E44\DJI_20260514161050_0009_V.JPG,SOLO_JPG_19May26\GEOSP-TRN-002656\TORRE E44\DJI_20260514161050_0009_V.JPG,1.101,2026-06-08 10:35:44
DJI_20260514161101_0010_V.JPG,DJI_20260514161101_0010_V,.jpg,\\amssclgis10.ams.gmams.cl\CL_MLP_PAO\Vuelos_Drone_Sin_Procesar\INPUT\20260519_Geosupport\SOLO_JPG_19May26\GEOSP-TRN-002656\TORRE E44\DJI_20260514161101_0010_V.JPG,SOLO_JPG_19May26\GEOSP-TRN-002656\TORRE E44\DJI_20260514161101_0010_V.JPG,1.053,2026-06-08 10:35:44
DJI_20260514161133_0011_V.JPG,DJI_20260514161133_0011_V,.jpg,\\amssclgis10.ams.gmams.cl\CL_MLP_PAO\Vuelos_Drone_Sin_Procesar\INPUT\20260519_Geosupport\SOLO_JPG_19May26\GEOSP-TRN-002656\TORRE E46_\DJI_20260514161133_0011_V.JPG,SOLO_JPG_19May26\GEOSP-TRN-002656\TORRE E46_\DJI_20260514161133_0011_V.JPG,1.155,2026-06-08 10:35:45
DJI_20260514161140_0012_V.JPG,DJI_20260514161140_0012_V,.jpg,\\amssclgis10.ams.gmams.cl\CL_MLP_PAO\Vuelos_Drone_Sin_Procesar\INPUT\20260519_Geosupport\SOLO_JPG_19May26\GEOSP-TRN-002656\TORRE E46_\DJI_20260514161140_0012_V.JPG,SOLO_JPG_19May26\GEOSP-TRN-002656\TORRE E46_\DJI_20260514161140_0012_V.JPG,1.172,2026-06-08 10:35:45
DJI_20260514161149_0013_V.JPG,DJI_20260514161149_0013_V,.jpg,\\amssclgis10.ams.gmams.cl\CL_MLP_PAO\Vuelos_Drone_Sin_Procesar\INPUT\20260519_Geosupport\SOLO_JPG_19May26\GEOSP-TRN-002656\TORRE E46_\DJI_20260514161149_0013_V.JPG,SOLO_JPG_19May26\GEOSP-TRN-002656\TORRE E46_\DJI_20260514161149_0013_V.JPG,1.167,2026-06-08 10:35:45
DJI_20260514161157_0014_V.JPG,DJI_20260514161157_0014_V,.jpg,\\amssclgis10.ams.gmams.cl\CL_MLP_PAO\Vuelos_Drone_Sin_Procesar\INPUT\20260519_Geosupport\SOLO_JPG_19May26\GEOSP-TRN-002656\TORRE E46_\DJI_20260514161157_0014_V.JPG,SOLO_JPG_19May26\GEOSP-TRN-002656\TORRE E46_\DJI_20260514161157_0014_V.JPG,1.174,2026-06-08 10:35:46
DJI_20260514161209_0015_V.JPG,DJI_20260514161209_0015_V,.jpg,\\amssclgis10.ams.gmams.cl\CL_MLP_PAO\Vuelos_Drone_Sin_Procesar\INPUT\20260519_Geosupport\SOLO_JPG_19May26\GEOSP-TRN-002656\TORRE E46_\DJI_20260514161209_0015_V.JPG,SOLO_JPG_19May26\GEOSP-TRN-002656\TORRE E46_\DJI_20260514161209_0015_V.JPG,1.09,2026-06-08 10:35:46
DJI_20260514161229_0016_V.JPG,DJI_20260514161229_0016_V,.jpg,\\amssclgis10.ams.gmams.cl\CL_MLP_PAO\Vuelos_Drone_Sin_Procesar\INPUT\20260519_Geosupport\SOLO_JPG_19May26\GEOSP-TRN-002656\TORRE E47_\DJI_20260514161229_0016_V.JPG,SOLO_JPG_19May26\GEOSP-TRN-002656\TORRE E47_\DJI_20260514161229_0016_V.JPG,1.245,2026-06-08 10:35:46
DJI_20260514161241_0017_V.JPG,DJI_20260514161241_0017_V,.jpg,\\amssclgis10.ams.gmams.cl\CL_MLP_PAO\Vuelos_Drone_Sin_Procesar\INPUT\20260519_Geosupport\SOLO_JPG_19May26\GEOSP-TRN-002656\TORRE E47_\DJI_20260514161241_0017_V.JPG,SOLO_JPG_19May26\GEOSP-TRN-002656\TORRE E47_\DJI_20260514161241_0017_V.JPG,1.218,2026-06-08 10:35:47
DJI_20260514161257_0018_V.JPG,DJI_20260514161257_0018_V,.jpg,\\amssclgis10.ams.gmams.cl\CL_MLP_PAO\Vuelos_Drone_Sin_Procesar\INPUT\20260519_Geosupport\SOLO_JPG_19May26\GEOSP-TRN-002656\TORRE E47_\DJI_20260514161257_0018_V.JPG,SOLO_JPG_19May26\GEOSP-TRN-002656\TORRE E47_\DJI_20260514161257_0018_V.JPG,1.277,2026-06-08 10:35:47
DJI_20260514161304_0019_V.JPG,DJI_20260514161304_0019_V,.jpg,\\amssclgis10.ams.gmams.cl\CL_MLP_PAO\Vuelos_Drone_Sin_Procesar\INPUT\20260519_Geosupport\SOLO_JPG_19May26\GEOSP-TRN-002656\TORRE E47_\DJI_20260514161304_0019_V.JPG,SOLO_JPG_19May26\GEOSP-TRN-002656\TORRE E47_\DJI_20260514161304_0019_V.JPG,1.214,2026-06-08 10:35:47
DJI_20260514161314_0020_V.JPG,DJI_20260514161314_0020_V,.jpg,\\amssclgis10.ams.gmams.cl\CL_MLP_PAO\Vuelos_Drone_Sin_Procesar\INPUT\20260519_Geosupport\SOLO_JPG_19May26\GEOSP-TRN-002656\TORRE E47_\DJI_20260514161314_0020_V.JPG,SOLO_JPG_19May26\GEOSP-TRN-002656\TORRE E47_\DJI_20260514161314_0020_V.JPG,1.177,2026-06-08 10:35:48
DJI_20260514161355_0021_V.JPG,DJI_20260514161355_0021_V,.jpg,\\amssclgis10.ams.gmams.cl\CL_MLP_PAO\Vuelos_Drone_Sin_Procesar\INPUT\20260519_Geosupport\SOLO_JPG_19May26\GEOSP-TRN-002656\TORRE E48_\DJI_20260514161355_0021_V.JPG,SOLO_JPG_19May26\GEOSP-TRN-002656\TORRE E48_\DJI_20260514161355_0021_V.JPG,1.253,2026-06-08 10:35:48
DJI_20260514161401_0022_V.JPG,DJI_20260514161401_0022_V,.jpg,\\amssclgis10.ams.gmams.cl\CL_MLP_PAO\Vuelos_Drone_Sin_Procesar\INPUT\20260519_Geosupport\SOLO_JPG_19May26\GEOSP-TRN-002656\TORRE E48_\DJI_20260514161401_0022_V.JPG,SOLO_JPG_19May26\GEOSP-TRN-002656\TORRE E48_\DJI_20260514161401_0022_V.JPG,1.26,2026-06-08 10:35:48
DJI_20260514161410_0023_V.JPG,DJI_20260514161410_0023_V,.jpg,\\amssclgis10.ams.gmams.cl\CL_MLP_PAO\Vuelos_Drone_Sin_Procesar\INPUT\20260519_Geosupport\SOLO_JPG_19May26\GEOSP-TRN-002656\TORRE E48_\DJI_20260514161410_0023_V.JPG,SOLO_JPG_19May26\GEOSP-TRN-002656\TORRE E48_\DJI_20260514161410_0023_V.JPG,1.287,2026-06-08 10:35:49
DJI_20260514161417_0024_V.JPG,DJI_20260514161417_0024_V,.jpg,\\amssclgis10.ams.gmams.cl\CL_MLP_PAO\Vuelos_Drone_Sin_Procesar\INPUT\20260519_Geosupport\SOLO_JPG_19May26\GEOSP-TRN-002656\TORRE E48_\DJI_20260514161417_0024_V.JPG,SOLO_JPG_19May26\GEOSP-TRN-002656\TORRE E48_\DJI_20260514161417_0024_V.JPG,1.272,2026-06-08 10:35:49
DJI_20260514161427_0025_V.JPG,DJI_20260514161427_0025_V,.jpg,\\amssclgis10.ams.gmams.cl\CL_MLP_PAO\Vuelos_Drone_Sin_Procesar\INPUT\20260519_Geosupport\SOLO_JPG_19May26\GEOSP-TRN-002656\TORRE E48_\DJI_20260514161427_0025_V.JPG,SOLO_JPG_19May26\GEOSP-TRN-002656\TORRE E48_\DJI_20260514161427_0025_V.JPG,1.209,2026-06-08 10:35:49
DJI_20260515113216_0002_V.JPG,DJI_20260515113216_0002_V,.jpg,\\amssclgis10.ams.gmams.cl\CL_MLP_PAO\Vuelos_Drone_Sin_Procesar\INPUT\20260519_Geosupport\SOLO_JPG_19May26\GEOSP-TRN-002660\AFD\DJI_20260515113216_0002_V.JPG,SOLO_JPG_19May26\GEOSP-TRN-002660\AFD\DJI_20260515113216_0002_V.JPG,0.858,2026-06-08 10:35:50
DJI_20260515113227_0004_V.JPG,DJI_20260515113227_0004_V,.jpg,\\amssclgis10.ams.gmams.cl\CL_MLP_PAO\Vuelos_Drone_Sin_Procesar\INPUT\20260519_Geosupport\SOLO_JPG_19May26\GEOSP-TRN-002660\AFD\DJI_20260515113227_0004_V.JPG,SOLO_JPG_19May26\GEOSP-TRN-002660\AFD\DJI_20260515113227_0004_V.JPG,0.834,2026-06-08 10:35:50
DJI_20260515113237_0005_V.JPG,DJI_20260515113237_0005_V,.jpg,\\amssclgis10.ams.gmams.cl\CL_MLP_PAO\Vuelos_Drone_Sin_Procesar\INPUT\20260519_Geosupport\SOLO_JPG_19May26\GEOSP-TRN-002660\AFD\DJI_20260515113237_0005_V.JPG,SOLO_JPG_19May26\GEOSP-TRN-002660\AFD\DJI_20260515113237_0005_V.JPG,0.878,2026-06-08 10:35:50
DJI_20260515113245_0006_V.JPG,DJI_20260515113245_0006_V,.jpg,\\amssclgis10.ams.gmams.cl\CL_MLP_PAO\Vuelos_Drone_Sin_Procesar\INPUT\20260519_Geosupport\SOLO_JPG_19May26\GEOSP-TRN-002660\AFD\DJI_20260515113245_0006_V.JPG,SOLO_JPG_19May26\GEOSP-TRN-002660\AFD\DJI_20260515113245_0006_V.JPG,0.82,2026-06-08 10:35:50
DJI_20260515113253_0007_V.JPG,DJI_20260515113253_0007_V,.jpg,\\amssclgis10.ams.gmams.cl\CL_MLP_PAO\Vuelos_Drone_Sin_Procesar\INPUT\20260519_Geosupport\SOLO_JPG_19May26\GEOSP-TRN-002660\AFD\DJI_20260515113253_0007_V.JPG,SOLO_JPG_19May26\GEOSP-TRN-002660\AFD\DJI_20260515113253_0007_V.JPG,0.75,2026-06-08 10:35:50
DJI_20260515113307_0008_V.JPG,DJI_20260515113307_0008_V,.jpg,\\amssclgis10.ams.gmams.cl\CL_MLP_PAO\Vuelos_Drone_Sin_Procesar\INPUT\20260519_Geosupport\SOLO_JPG_19May26\GEOSP-TRN-002660\AFD\DJI_20260515113307_0008_V.JPG,SOLO_JPG_19May26\GEOSP-TRN-002660\AFD\DJI_20260515113307_0008_V.JPG,0.883,2026-06-08 10:35:50
DJI_20260515113321_0009_V.JPG,DJI_20260515113321_0009_V,.jpg,\\amssclgis10.ams.gmams.cl\CL_MLP_PAO\Vuelos_Drone_Sin_Procesar\INPUT\20260519_Geosupport\SOLO_JPG_19May26\GEOSP-TRN-002660\AFD\DJI_20260515113321_0009_V.JPG,SOLO_JPG_19May26\GEOSP-TRN-002660\AFD\DJI_20260515113321_0009_V.JPG,0.837,2026-06-08 10:35:51
DJI_20260515113351_0010_V.JPG,DJI_20260515113351_0010_V,.jpg,\\amssclgis10.ams.gmams.cl\CL_MLP_PAO\Vuelos_Drone_Sin_Procesar\INPUT\20260519_Geosupport\SOLO_JPG_19May26\GEOSP-TRN-002660\AFD\DJI_20260515113351_0010_V.JPG,SOLO_JPG_19May26\GEOSP-TRN-002660\AFD\DJI_20260515113351_0010_V.JPG,1.218,2026-06-08 10:35:51
DJI_20260515113357_0011_V.JPG,DJI_20260515113357_0011_V,.jpg,\\amssclgis10.ams.gmams.cl\CL_MLP_PAO\Vuelos_Drone_Sin_Procesar\INPUT\20260519_Geosupport\SOLO_JPG_19May26\GEOSP-TRN-002660\AFD\DJI_20260515113357_0011_V.JPG,SOLO_JPG_19May26\GEOSP-TRN-002660\AFD\DJI_20260515113357_0011_V.JPG,1.024,2026-06-08 10:35:51
DJI_20260515113401_0012_V.JPG,DJI_20260515113401_0012_V,.jpg,\\amssclgis10.ams.gmams.cl\CL_MLP_PAO\Vuelos_Drone_Sin_Procesar\INPUT\20260519_Geosupport\SOLO_JPG_19May26\GEOSP-TRN-002660\AFD\DJI_20260515113401_0012_V.JPG,SOLO_JPG_19May26\GEOSP-TRN-002660\AFD\DJI_20260515113401_0012_V.JPG,1.109,2026-06-08 10:35:52
DJI_20260515113406_0013_V.JPG,DJI_20260515113406_0013_V,.jpg,\\amssclgis10.ams.gmams.cl\CL_MLP_PAO\Vuelos_Drone_Sin_Procesar\INPUT\20260519_Geosupport\SOLO_JPG_19May26\GEOSP-TRN-002660\AFD\DJI_20260515113406_0013_V.JPG,SOLO_JPG_19May26\GEOSP-TRN-002660\AFD\DJI_20260515113406_0013_V.JPG,1.188,2026-06-08 10:35:52
DJI_20260515113416_0014_V.JPG,DJI_20260515113416_0014_V,.jpg,\\amssclgis10.ams.gmams.cl\CL_MLP_PAO\Vuelos_Drone_Sin_Procesar\INPUT\20260519_Geosupport\SOLO_JPG_19May26\GEOSP-TRN-002660\AFD\DJI_20260515113416_0014_V.JPG,SOLO_JPG_19May26\GEOSP-TRN-002660\AFD\DJI_20260515113416_0014_V.JPG,1.032,2026-06-08 10:35:52
DJI_20260515113423_0015_V.JPG,DJI_20260515113423_0015_V,.jpg,\\amssclgis10.ams.gmams.cl\CL_MLP_PAO\Vuelos_Drone_Sin_Procesar\INPUT\20260519_Geosupport\SOLO_JPG_19May26\GEOSP-TRN-002660\AFD\DJI_20260515113423_0015_V.JPG,SOLO_JPG_19May26\GEOSP-TRN-002660\AFD\DJI_20260515113423_0015_V.JPG,1.118,2026-06-08 10:35:53
DJI_20260515113427_0016_V.JPG,DJI_20260515113427_0016_V,.jpg,\\amssclgis10.ams.gmams.cl\CL_MLP_PAO\Vuelos_Drone_Sin_Procesar\INPUT\20260519_Geosupport\SOLO_JPG_19May26\GEOSP-TRN-002660\AFD\DJI_20260515113427_0016_V.JPG,SOLO_JPG_19May26\GEOSP-TRN-002660\AFD\DJI_20260515113427_0016_V.JPG,1.1,2026-06-08 10:35:53
DJI_20260515113432_0017_V.JPG,DJI_20260515113432_0017_V,.jpg,\\amssclgis10.ams.gmams.cl\CL_MLP_PAO\Vuelos_Drone_Sin_Procesar\INPUT\20260519_Geosupport\SOLO_JPG_19May26\GEOSP-TRN-002660\AFD\DJI_20260515113432_0017_V.JPG,SOLO_JPG_19May26\GEOSP-TRN-002660\AFD\DJI_20260515113432_0017_V.JPG,0.947,2026-06-08 10:35:53
DJI_20260515113447_0018_V.JPG,DJI_20260515113447_0018_V,.jpg,\\amssclgis10.ams.gmams.cl\CL_MLP_PAO\Vuelos_Drone_Sin_Procesar\INPUT\20260519_Geosupport\SOLO_JPG_19May26\GEOSP-TRN-002660\AFD\DJI_20260515113447_0018_V.JPG,SOLO_JPG_19May26\GEOSP-TRN-002660\AFD\DJI_20260515113447_0018_V.JPG,1.061,2026-06-08 10:35:53
DJI_20260515113452_0019_V.JPG,DJI_20260515113452_0019_V,.jpg,\\amssclgis10.ams.gmams.cl\CL_MLP_PAO\Vuelos_Drone_Sin_Procesar\INPUT\20260519_Geosupport\SOLO_JPG_19May26\GEOSP-TRN-002660\AFD\DJI_20260515113452_0019_V.JPG,SOLO_JPG_19May26\GEOSP-TRN-002660\AFD\DJI_20260515113452_0019_V.JPG,1.116,2026-06-08 10:35:54
DJI_20260515113456_0020_V.JPG,DJI_20260515113456_0020_V,.jpg,\\amssclgis10.ams.gmams.cl\CL_MLP_PAO\Vuelos_Drone_Sin_Procesar\INPUT\20260519_Geosupport\SOLO_JPG_19May26\GEOSP-TRN-002660\AFD\DJI_20260515113456_0020_V.JPG,SOLO_JPG_19May26\GEOSP-TRN-002660\AFD\DJI_20260515113456_0020_V.JPG,1.08,2026-06-08 10:35:54
DJI_20260515113500_0021_V.JPG,DJI_20260515113500_0021_V,.jpg,\\amssclgis10.ams.gmams.cl\CL_MLP_PAO\Vuelos_Drone_Sin_Procesar\INPUT\20260519_Geosupport\SOLO_JPG_19May26\GEOSP-TRN-002660\AFD\DJI_20260515113500_0021_V.JPG,SOLO_JPG_19May26\GEOSP-TRN-002660\AFD\DJI_20260515113500_0021_V.JPG,0.997,2026-06-08 10:35:55
DJI_20260515113515_0022_V.JPG,DJI_20260515113515_0022_V,.jpg,\\amssclgis10.ams.gmams.cl\CL_MLP_PAO\Vuelos_Drone_Sin_Procesar\INPUT\20260519_Geosupport\SOLO_JPG_19May26\GEOSP-TRN-002660\AFD\DJI_20260515113515_0022_V.JPG,SOLO_JPG_19May26\GEOSP-TRN-002660\AFD\DJI_20260515113515_0022_V.JPG,0.969,2026-06-08 10:35:55
DJI_20260515113521_0023_V.JPG,DJI_20260515113521_0023_V,.jpg,\\amssclgis10.ams.gmams.cl\CL_MLP_PAO\Vuelos_Drone_Sin_Procesar\INPUT\20260519_Geosupport\SOLO_JPG_19May26\GEOSP-TRN-002660\AFD\DJI_20260515113521_0023_V.JPG,SOLO_JPG_19May26\GEOSP-TRN-002660\AFD\DJI_20260515113521_0023_V.JPG,1.037,2026-06-08 10:35:55
DJI_20260515113526_0024_V.JPG,DJI_20260515113526_0024_V,.jpg,\\amssclgis10.ams.gmams.cl\CL_MLP_PAO\Vuelos_Drone_Sin_Procesar\INPUT\20260519_Geosupport\SOLO_JPG_19May26\GEOSP-TRN-002660\AFD\DJI_20260515113526_0024_V.JPG,SOLO_JPG_19May26\GEOSP-TRN-002660\AFD\DJI_20260515113526_0024_V.JPG,0.899,2026-06-08 10:35:55
DJI_20260515113530_0025_V.JPG,DJI_20260515113530_0025_V,.jpg,\\amssclgis10.ams.gmams.cl\CL_MLP_PAO\Vuelos_Drone_Sin_Procesar\INPUT\20260519_Geosupport\SOLO_JPG_19May26\GEOSP-TRN-002660\AFD\DJI_20260515113530_0025_V.JPG,SOLO_JPG_19May26\GEOSP-TRN-002660\AFD\DJI_20260515113530_0025_V.JPG,0.975,2026-06-08 10:35:56
DJI_20260516161509_0001_V.JPG,DJI_20260516161509_0001_V,.jpg,\\amssclgis10.ams.gmams.cl\CL_MLP_PAO\Vuelos_Drone_Sin_Procesar\INPUT\20260519_Geosupport\SOLO_JPG_19May26\GEOSP-TRN-002665\100\DJI_20260516161509_0001_V.JPG,SOLO_JPG_19May26\GEOSP-TRN-002665\100\DJI_20260516161509_0001_V.JPG,1.307,2026-06-08 10:35:56
DJI_20260516161517_0002_V.JPG,DJI_20260516161517_0002_V,.jpg,\\amssclgis10.ams.gmams.cl\CL_MLP_PAO\Vuelos_Drone_Sin_Procesar\INPUT\20260519_Geosupport\SOLO_JPG_19May26\GEOSP-TRN-002665\100\DJI_20260516161517_0002_V.JPG,SOLO_JPG_19May26\GEOSP-TRN-002665\100\DJI_20260516161517_0002_V.JPG,1.279,2026-06-08 10:35:56
DJI_20260516161523_0003_V.JPG,DJI_20260516161523_0003_V,.jpg,\\amssclgis10.ams.gmams.cl\CL_MLP_PAO\Vuelos_Drone_Sin_Procesar\INPUT\20260519_Geosupport\SOLO_JPG_19May26\GEOSP-TRN-002665\100\DJI_20260516161523_0003_V.JPG,SOLO_JPG_19May26\GEOSP-TRN-002665\100\DJI_20260516161523_0003_V.JPG,1.251,2026-06-08 10:35:57
DJI_20260516161537_0004_V.JPG,DJI_20260516161537_0004_V,.jpg,\\amssclgis10.ams.gmams.cl\CL_MLP_PAO\Vuelos_Drone_Sin_Procesar\INPUT\20260519_Geosupport\SOLO_JPG_19May26\GEOSP-TRN-002665\100\DJI_20260516161537_0004_V.JPG,SOLO_JPG_19May26\GEOSP-TRN-002665\100\DJI_20260516161537_0004_V.JPG,1.241,2026-06-08 10:35:57
DJI_20260516161545_0005_V.JPG,DJI_20260516161545_0005_V,.jpg,\\amssclgis10.ams.gmams.cl\CL_MLP_PAO\Vuelos_Drone_Sin_Procesar\INPUT\20260519_Geosupport\SOLO_JPG_19May26\GEOSP-TRN-002665\100\DJI_20260516161545_0005_V.JPG,SOLO_JPG_19May26\GEOSP-TRN-002665\100\DJI_20260516161545_0005_V.JPG,1.263,2026-06-08 10:35:58
DJI_20260516161605_0006_V.JPG,DJI_20260516161605_0006_V,.jpg,\\amssclgis10.ams.gmams.cl\CL_MLP_PAO\Vuelos_Drone_Sin_Procesar\INPUT\20260519_Geosupport\SOLO_JPG_19May26\GEOSP-TRN-002665\101\DJI_20260516161605_0006_V.JPG,SOLO_JPG_19May26\GEOSP-TRN-002665\101\DJI_20260516161605_0006_V.JPG,1.266,2026-06-08 10:35:58
DJI_20260516161610_0007_V.JPG,DJI_20260516161610_0007_V,.jpg,\\amssclgis10.ams.gmams.cl\CL_MLP_PAO\Vuelos_Drone_Sin_Procesar\INPUT\20260519_Geosupport\SOLO_JPG_19May26\GEOSP-TRN-002665\101\DJI_20260516161610_0007_V.JPG,SOLO_JPG_19May26\GEOSP-TRN-002665\101\DJI_20260516161610_0007_V.JPG,1.198,2026-06-08 10:35:58
DJI_20260516161618_0008_V.JPG,DJI_20260516161618_0008_V,.jpg,\\amssclgis10.ams.gmams.cl\CL_MLP_PAO\Vuelos_Drone_Sin_Procesar\INPUT\20260519_Geosupport\SOLO_JPG_19May26\GEOSP-TRN-002665\101\DJI_20260516161618_0008_V.JPG,SOLO_JPG_19May26\GEOSP-TRN-002665\101\DJI_20260516161618_0008_V.JPG,1.288,2026-06-08 10:35:59
DJI_20260516161624_0009_V.JPG,DJI_20260516161624_0009_V,.jpg,\\amssclgis10.ams.gmams.cl\CL_MLP_PAO\Vuelos_Drone_Sin_Procesar\INPUT\20260519_Geosupport\SOLO_JPG_19May26\GEOSP-TRN-002665\101\DJI_20260516161624_0009_V.JPG,SOLO_JPG_19May26\GEOSP-TRN-002665\101\DJI_20260516161624_0009_V.JPG,1.24,2026-06-08 10:35:59
DJI_20260516161632_0010_V.JPG,DJI_20260516161632_0010_V,.jpg,\\amssclgis10.ams.gmams.cl\CL_MLP_PAO\Vuelos_Drone_Sin_Procesar\INPUT\20260519_Geosupport\SOLO_JPG_19May26\GEOSP-TRN-002665\101\DJI_20260516161632_0010_V.JPG,SOLO_JPG_19May26\GEOSP-TRN-002665\101\DJI_20260516161632_0010_V.JPG,1.235,2026-06-08 10:36:00
DJI_20260516161649_0011_V.JPG,DJI_20260516161649_0011_V,.jpg,\\amssclgis10.ams.gmams.cl\CL_MLP_PAO\Vuelos_Drone_Sin_Procesar\INPUT\20260519_Geosupport\SOLO_JPG_19May26\GEOSP-TRN-002665\102\DJI_20260516161649_0011_V.JPG,SOLO_JPG_19May26\GEOSP-TRN-002665\102\DJI_20260516161649_0011_V.JPG,1.38,2026-06-08 10:36:00
DJI_20260516161656_0012_V.JPG,DJI_20260516161656_0012_V,.jpg,\\amssclgis10.ams.gmams.cl\CL_MLP_PAO\Vuelos_Drone_Sin_Procesar\INPUT\20260519_Geosupport\SOLO_JPG_19May26\GEOSP-TRN-002665\102\DJI_20260516161656_0012_V.JPG,SOLO_JPG_19May26\GEOSP-TRN-002665\102\DJI_20260516161656_0012_V.JPG,1.329,2026-06-08 10:36:01
DJI_20260516161705_0013_V.JPG,DJI_20260516161705_0013_V,.jpg,\\amssclgis10.ams.gmams.cl\CL_MLP_PAO\Vuelos_Drone_Sin_Procesar\INPUT\20260519_Geosupport\SOLO_JPG_19May26\GEOSP-TRN-002665\102\DJI_20260516161705_0013_V.JPG,SOLO_JPG_19May26\GEOSP-TRN-002665\102\DJI_20260516161705_0013_V.JPG,1.388,2026-06-08 10:36:01
DJI_20260516161712_0014_V.JPG,DJI_20260516161712_0014_V,.jpg,\\amssclgis10.ams.gmams.cl\CL_MLP_PAO\Vuelos_Drone_Sin_Procesar\INPUT\20260519_Geosupport\SOLO_JPG_19May26\GEOSP-TRN-002665\102\DJI_20260516161712_0014_V.JPG,SOLO_JPG_19May26\GEOSP-TRN-002665\102\DJI_20260516161712_0014_V.JPG,1.293,2026-06-08 10:36:01
DJI_20260516161720_0015_V.JPG,DJI_20260516161720_0015_V,.jpg,\\amssclgis10.ams.gmams.cl\CL_MLP_PAO\Vuelos_Drone_Sin_Procesar\INPUT\20260519_Geosupport\SOLO_JPG_19May26\GEOSP-TRN-002665\102\DJI_20260516161720_0015_V.JPG,SOLO_JPG_19May26\GEOSP-TRN-002665\102\DJI_20260516161720_0015_V.JPG,1.277,2026-06-08 10:36:02
DJI_20260516161735_0016_V.JPG,DJI_20260516161735_0016_V,.jpg,\\amssclgis10.ams.gmams.cl\CL_MLP_PAO\Vuelos_Drone_Sin_Procesar\INPUT\20260519_Geosupport\SOLO_JPG_19May26\GEOSP-TRN-002665\103\DJI_20260516161735_0016_V.JPG,SOLO_JPG_19May26\GEOSP-TRN-002665\103\DJI_20260516161735_0016_V.JPG,1.322,2026-06-08 10:36:02
DJI_20260516161745_0017_V.JPG,DJI_20260516161745_0017_V,.jpg,\\amssclgis10.ams.gmams.cl\CL_MLP_PAO\Vuelos_Drone_Sin_Procesar\INPUT\20260519_Geosupport\SOLO_JPG_19May26\GEOSP-TRN-002665\103\DJI_20260516161745_0017_V.JPG,SOLO_JPG_19May26\GEOSP-TRN-002665\103\DJI_20260516161745_0017_V.JPG,1.274,2026-06-08 10:36:03
DJI_20260516161753_0018_V.JPG,DJI_20260516161753_0018_V,.jpg,\\amssclgis10.ams.gmams.cl\CL_MLP_PAO\Vuelos_Drone_Sin_Procesar\INPUT\20260519_Geosupport\SOLO_JPG_19May26\GEOSP-TRN-002665\103\DJI_20260516161753_0018_V.JPG,SOLO_JPG_19May26\GEOSP-TRN-002665\103\DJI_20260516161753_0018_V.JPG,1.316,2026-06-08 10:36:03
DJI_20260516161802_0019_V.JPG,DJI_20260516161802_0019_V,.jpg,\\amssclgis10.ams.gmams.cl\CL_MLP_PAO\Vuelos_Drone_Sin_Procesar\INPUT\20260519_Geosupport\SOLO_JPG_19May26\GEOSP-TRN-002665\103\DJI_20260516161802_0019_V.JPG,SOLO_JPG_19May26\GEOSP-TRN-002665\103\DJI_20260516161802_0019_V.JPG,1.233,2026-06-08 10:36:04
DJI_20260516161811_0020_V.JPG,DJI_20260516161811_0020_V,.jpg,\\amssclgis10.ams.gmams.cl\CL_MLP_PAO\Vuelos_Drone_Sin_Procesar\INPUT\20260519_Geosupport\SOLO_JPG_19May26\GEOSP-TRN-002665\103\DJI_20260516161811_0020_V.JPG,SOLO_JPG_19May26\GEOSP-TRN-002665\103\DJI_20260516161811_0020_V.JPG,1.252,2026-06-08 10:36:04
DJI_20260516161832_0021_V.JPG,DJI_20260516161832_0021_V,.jpg,\\amssclgis10.ams.gmams.cl\CL_MLP_PAO\Vuelos_Drone_Sin_Procesar\INPUT\20260519_Geosupport\SOLO_JPG_19May26\GEOSP-TRN-002665\104\DJI_20260516161832_0021_V.JPG,SOLO_JPG_19May26\GEOSP-TRN-002665\104\DJI_20260516161832_0021_V.JPG,1.268,2026-06-08 10:36:04
DJI_20260516161843_0022_V.JPG,DJI_20260516161843_0022_V,.jpg,\\amssclgis10.ams.gmams.cl\CL_MLP_PAO\Vuelos_Drone_Sin_Procesar\INPUT\20260519_Geosupport\SOLO_JPG_19May26\GEOSP-TRN-002665\104\DJI_20260516161843_0022_V.JPG,SOLO_JPG_19May26\GEOSP-TRN-002665\104\DJI_20260516161843_0022_V.JPG,1.118,2026-06-08 10:36:05
DJI_20260516161851_0023_V.JPG,DJI_20260516161851_0023_V,.jpg,\\amssclgis10.ams.gmams.cl\CL_MLP_PAO\Vuelos_Drone_Sin_Procesar\INPUT\20260519_Geosupport\SOLO_JPG_19May26\GEOSP-TRN-002665\104\DJI_20260516161851_0023_V.JPG,SOLO_JPG_19May26\GEOSP-TRN-002665\104\DJI_20260516161851_0023_V.JPG,1.23,2026-06-08 10:36:05
DJI_20260516161900_0024_V.JPG,DJI_20260516161900_0024_V,.jpg,\\amssclgis10.ams.gmams.cl\CL_MLP_PAO\Vuelos_Drone_Sin_Procesar\INPUT\20260519_Geosupport\SOLO_JPG_19May26\GEOSP-TRN-002665\104\DJI_20260516161900_0024_V.JPG,SOLO_JPG_19May26\GEOSP-TRN-002665\104\DJI_20260516161900_0024_V.JPG,1.175,2026-06-08 10:36:05
DJI_20260516161908_0025_V.JPG,DJI_20260516161908_0025_V,.jpg,\\amssclgis10.ams.gmams.cl\CL_MLP_PAO\Vuelos_Drone_Sin_Procesar\INPUT\20260519_Geosupport\SOLO_JPG_19May26\GEOSP-TRN-002665\104\DJI_20260516161908_0025_V.JPG,SOLO_JPG_19May26\GEOSP-TRN-002665\104\DJI_20260516161908_0025_V.JPG,1.235,2026-06-08 10:36:06
DJI_20260516161931_0026_V.JPG,DJI_20260516161931_0026_V,.jpg,\\amssclgis10.ams.gmams.cl\CL_MLP_PAO\Vuelos_Drone_Sin_Procesar\INPUT\20260519_Geosupport\SOLO_JPG_19May26\GEOSP-TRN-002665\105\DJI_20260516161931_0026_V.JPG,SOLO_JPG_19May26\GEOSP-TRN-002665\105\DJI_20260516161931_0026_V.JPG,1.314,2026-06-08 10:36:06
DJI_20260516161940_0027_V.JPG,DJI_20260516161940_0027_V,.jpg,\\amssclgis10.ams.gmams.cl\CL_MLP_PAO\Vuelos_Drone_Sin_Procesar\INPUT\20260519_Geosupport\SOLO_JPG_19May26\GEOSP-TRN-002665\105\DJI_20260516161940_0027_V.JPG,SOLO_JPG_19May26\GEOSP-TRN-002665\105\DJI_20260516161940_0027_V.JPG,1.08,2026-06-08 10:36:07
DJI_20260516161954_0028_V.JPG,DJI_20260516161954_0028_V,.jpg,\\amssclgis10.ams.gmams.cl\CL_MLP_PAO\Vuelos_Drone_Sin_Procesar\INPUT\20260519_Geosupport\SOLO_JPG_19May26\GEOSP-TRN-002665\105\DJI_20260516161954_0028_V.JPG,SOLO_JPG_19May26\GEOSP-TRN-002665\105\DJI_20260516161954_0028_V.JPG,1.244,2026-06-08 10:36:07
DJI_20260516162003_0029_V.JPG,DJI_20260516162003_0029_V,.jpg,\\amssclgis10.ams.gmams.cl\CL_MLP_PAO\Vuelos_Drone_Sin_Procesar\INPUT\20260519_Geosupport\SOLO_JPG_19May26\GEOSP-TRN-002665\105\DJI_20260516162003_0029_V.JPG,SOLO_JPG_19May26\GEOSP-TRN-002665\105\DJI_20260516162003_0029_V.JPG,1.191,2026-06-08 10:36:07
DJI_20260516162012_0030_V.JPG,DJI_20260516162012_0030_V,.jpg,\\amssclgis10.ams.gmams.cl\CL_MLP_PAO\Vuelos_Drone_Sin_Procesar\INPUT\20260519_Geosupport\SOLO_JPG_19May26\GEOSP-TRN-002665\105\DJI_20260516162012_0030_V.JPG,SOLO_JPG_19May26\GEOSP-TRN-002665\105\DJI_20260516162012_0030_V.JPG,1.187,2026-06-08 10:36:08
DJI_20260516162053_0031_V.JPG,DJI_20260516162053_0031_V,.jpg,\\amssclgis10.ams.gmams.cl\CL_MLP_PAO\Vuelos_Drone_Sin_Procesar\INPUT\20260519_Geosupport\SOLO_JPG_19May26\GEOSP-TRN-002665\106\DJI_20260516162053_0031_V.JPG,SOLO_JPG_19May26\GEOSP-TRN-002665\106\DJI_20260516162053_0031_V.JPG,1.318,2026-06-08 10:36:08
DJI_20260516162101_0032_V.JPG,DJI_20260516162101_0032_V,.jpg,\\amssclgis10.ams.gmams.cl\CL_MLP_PAO\Vuelos_Drone_Sin_Procesar\INPUT\20260519_Geosupport\SOLO_JPG_19May26\GEOSP-TRN-002665\106\DJI_20260516162101_0032_V.JPG,SOLO_JPG_19May26\GEOSP-TRN-002665\106\DJI_20260516162101_0032_V.JPG,1.175,2026-06-08 10:36:09
DJI_20260516162110_0033_V.JPG,DJI_20260516162110_0033_V,.jpg,\\amssclgis10.ams.gmams.cl\CL_MLP_PAO\Vuelos_Drone_Sin_Procesar\INPUT\20260519_Geosupport\SOLO_JPG_19May26\GEOSP-TRN-002665\106\DJI_20260516162110_0033_V.JPG,SOLO_JPG_19May26\GEOSP-TRN-002665\106\DJI_20260516162110_0033_V.JPG,1.296,2026-06-08 10:36:09
DJI_20260516162117_0034_V.JPG,DJI_20260516162117_0034_V,.jpg,\\amssclgis10.ams.gmams.cl\CL_MLP_PAO\Vuelos_Drone_Sin_Procesar\INPUT\20260519_Geosupport\SOLO_JPG_19May26\GEOSP-TRN-002665\106\DJI_20260516162117_0034_V.JPG,SOLO_JPG_19May26\GEOSP-TRN-002665\106\DJI_20260516162117_0034_V.JPG,1.294,2026-06-08 10:36:10
DJI_20260516162127_0035_V.JPG,DJI_20260516162127_0035_V,.jpg,\\amssclgis10.ams.gmams.cl\CL_MLP_PAO\Vuelos_Drone_Sin_Procesar\INPUT\20260519_Geosupport\SOLO_JPG_19May26\GEOSP-TRN-002665\106\DJI_20260516162127_0035_V.JPG,SOLO_JPG_19May26\GEOSP-TRN-002665\106\DJI_20260516162127_0035_V.JPG,1.294,2026-06-08 10:36:10
DJI_20260516162142_0036_V.JPG,DJI_20260516162142_0036_V,.jpg,\\amssclgis10.ams.gmams.cl\CL_MLP_PAO\Vuelos_Drone_Sin_Procesar\INPUT\20260519_Geosupport\SOLO_JPG_19May26\GEOSP-TRN-002665\107\DJI_20260516162142_0036_V.JPG,SOLO_JPG_19May26\GEOSP-TRN-002665\107\DJI_20260516162142_0036_V.JPG,1.324,2026-06-08 10:36:10
DJI_20260516162153_0037_V.JPG,DJI_20260516162153_0037_V,.jpg,\\amssclgis10.ams.gmams.cl\CL_MLP_PAO\Vuelos_Drone_Sin_Procesar\INPUT\20260519_Geosupport\SOLO_JPG_19May26\GEOSP-TRN-002665\107\DJI_20260516162153_0037_V.JPG,SOLO_JPG_19May26\GEOSP-TRN-002665\107\DJI_20260516162153_0037_V.JPG,1.254,2026-06-08 10:36:11
DJI_20260516162200_0038_V.JPG,DJI_20260516162200_0038_V,.jpg,\\amssclgis10.ams.gmams.cl\CL_MLP_PAO\Vuelos_Drone_Sin_Procesar\INPUT\20260519_Geosupport\SOLO_JPG_19May26\GEOSP-TRN-002665\107\DJI_20260516162200_0038_V.JPG,SOLO_JPG_19May26\GEOSP-TRN-002665\107\DJI_20260516162200_0038_V.JPG,1.357,2026-06-08 10:36:11
DJI_20260516162210_0039_V.JPG,DJI_20260516162210_0039_V,.jpg,\\amssclgis10.ams.gmams.cl\CL_MLP_PAO\Vuelos_Drone_Sin_Procesar\INPUT\20260519_Geosupport\SOLO_JPG_19May26\GEOSP-TRN-002665\107\DJI_20260516162210_0039_V.JPG,SOLO_JPG_19May26\GEOSP-TRN-002665\107\DJI_20260516162210_0039_V.JPG,1.276,2026-06-08 10:36:11
DJI_20260516162218_0040_V.JPG,DJI_20260516162218_0040_V,.jpg,\\amssclgis10.ams.gmams.cl\CL_MLP_PAO\Vuelos_Drone_Sin_Procesar\INPUT\20260519_Geosupport\SOLO_JPG_19May26\GEOSP-TRN-002665\107\DJI_20260516162218_0040_V.JPG,SOLO_JPG_19May26\GEOSP-TRN-002665\107\DJI_20260516162218_0040_V.JPG,1.253,2026-06-08 10:36:12
DJI_20260516162240_0041_V.JPG,DJI_20260516162240_0041_V,.jpg,\\amssclgis10.ams.gmams.cl\CL_MLP_PAO\Vuelos_Drone_Sin_Procesar\INPUT\20260519_Geosupport\SOLO_JPG_19May26\GEOSP-TRN-002665\108\DJI_20260516162240_0041_V.JPG,SOLO_JPG_19May26\GEOSP-TRN-002665\108\DJI_20260516162240_0041_V.JPG,1.359,2026-06-08 10:36:12
DJI_20260516162250_0042_V.JPG,DJI_20260516162250_0042_V,.jpg,\\amssclgis10.ams.gmams.cl\CL_MLP_PAO\Vuelos_Drone_Sin_Procesar\INPUT\20260519_Geosupport\SOLO_JPG_19May26\GEOSP-TRN-002665\108\DJI_20260516162250_0042_V.JPG,SOLO_JPG_19May26\GEOSP-TRN-002665\108\DJI_20260516162250_0042_V.JPG,1.233,2026-06-08 10:36:13
DJI_20260516162257_0043_V.JPG,DJI_20260516162257_0043_V,.jpg,\\amssclgis10.ams.gmams.cl\CL_MLP_PAO\Vuelos_Drone_Sin_Procesar\INPUT\20260519_Geosupport\SOLO_JPG_19May26\GEOSP-TRN-002665\108\DJI_20260516162257_0043_V.JPG,SOLO_JPG_19May26\GEOSP-TRN-002665\108\DJI_20260516162257_0043_V.JPG,1.296,2026-06-08 10:36:13
DJI_20260516162305_0044_V.JPG,DJI_20260516162305_0044_V,.jpg,\\amssclgis10.ams.gmams.cl\CL_MLP_PAO\Vuelos_Drone_Sin_Procesar\INPUT\20260519_Geosupport\SOLO_JPG_19May26\GEOSP-TRN-002665\108\DJI_20260516162305_0044_V.JPG,SOLO_JPG_19May26\GEOSP-TRN-002665\108\DJI_20260516162305_0044_V.JPG,1.287,2026-06-08 10:36:13
DJI_20260516162312_0045_V.JPG,DJI_20260516162312_0045_V,.jpg,\\amssclgis10.ams.gmams.cl\CL_MLP_PAO\Vuelos_Drone_Sin_Procesar\INPUT\20260519_Geosupport\SOLO_JPG_19May26\GEOSP-TRN-002665\108\DJI_20260516162312_0045_V.JPG,SOLO_JPG_19May26\GEOSP-TRN-002665\108\DJI_20260516162312_0045_V.JPG,1.299,2026-06-08 10:36:14
DJI_20260516162404_0046_V.JPG,DJI_20260516162404_0046_V,.jpg,\\amssclgis10.ams.gmams.cl\CL_MLP_PAO\Vuelos_Drone_Sin_Procesar\INPUT\20260519_Geosupport\SOLO_JPG_19May26\GEOSP-TRN-002665\109\DJI_20260516162404_0046_V.JPG,SOLO_JPG_19May26\GEOSP-TRN-002665\109\DJI_20260516162404_0046_V.JPG,1.353,2026-06-08 10:36:14
DJI_20260516162412_0047_V.JPG,DJI_20260516162412_0047_V,.jpg,\\amssclgis10.ams.gmams.cl\CL_MLP_PAO\Vuelos_Drone_Sin_Procesar\INPUT\20260519_Geosupport\SOLO_JPG_19May26\GEOSP-TRN-002665\109\DJI_20260516162412_0047_V.JPG,SOLO_JPG_19May26\GEOSP-TRN-002665\109\DJI_20260516162412_0047_V.JPG,1.277,2026-06-08 10:36:14
DJI_20260516162420_0048_V.JPG,DJI_20260516162420_0048_V,.jpg,\\amssclgis10.ams.gmams.cl\CL_MLP_PAO\Vuelos_Drone_Sin_Procesar\INPUT\20260519_Geosupport\SOLO_JPG_19May26\GEOSP-TRN-002665\109\DJI_20260516162420_0048_V.JPG,SOLO_JPG_19May26\GEOSP-TRN-002665\109\DJI_20260516162420_0048_V.JPG,1.328,2026-06-08 10:36:15
DJI_20260516162429_0049_V.JPG,DJI_20260516162429_0049_V,.jpg,\\amssclgis10.ams.gmams.cl\CL_MLP_PAO\Vuelos_Drone_Sin_Procesar\INPUT\20260519_Geosupport\SOLO_JPG_19May26\GEOSP-TRN-002665\109\DJI_20260516162429_0049_V.JPG,SOLO_JPG_19May26\GEOSP-TRN-002665\109\DJI_20260516162429_0049_V.JPG,1.31,2026-06-08 10:36:15
DJI_20260516162438_0050_V.JPG,DJI_20260516162438_0050_V,.jpg,\\amssclgis10.ams.gmams.cl\CL_MLP_PAO\Vuelos_Drone_Sin_Procesar\INPUT\20260519_Geosupport\SOLO_JPG_19May26\GEOSP-TRN-002665\109\DJI_20260516162438_0050_V.JPG,SOLO_JPG_19May26\GEOSP-TRN-002665\109\DJI_20260516162438_0050_V.JPG,1.284,2026-06-08 10:36:16
DJI_20260516162458_0051_V.JPG,DJI_20260516162458_0051_V,.jpg,\\amssclgis10.ams.gmams.cl\CL_MLP_PAO\Vuelos_Drone_Sin_Procesar\INPUT\20260519_Geosupport\SOLO_JPG_19May26\GEOSP-TRN-002665\110\DJI_20260516162458_0051_V.JPG,SOLO_JPG_19May26\GEOSP-TRN-002665\110\DJI_20260516162458_0051_V.JPG,1.187,2026-06-08 10:36:16
DJI_20260516162503_0052_V.JPG,DJI_20260516162503_0052_V,.jpg,\\amssclgis10.ams.gmams.cl\CL_MLP_PAO\Vuelos_Drone_Sin_Procesar\INPUT\20260519_Geosupport\SOLO_JPG_19May26\GEOSP-TRN-002665\110\DJI_20260516162503_0052_V.JPG,SOLO_JPG_19May26\GEOSP-TRN-002665\110\DJI_20260516162503_0052_V.JPG,1.217,2026-06-08 10:36:16
DJI_20260516162509_0053_V.JPG,DJI_20260516162509_0053_V,.jpg,\\amssclgis10.ams.gmams.cl\CL_MLP_PAO\Vuelos_Drone_Sin_Procesar\INPUT\20260519_Geosupport\SOLO_JPG_19May26\GEOSP-TRN-002665\110\DJI_20260516162509_0053_V.JPG,SOLO_JPG_19May26\GEOSP-TRN-002665\110\DJI_20260516162509_0053_V.JPG,1.166,2026-06-08 10:36:17
DJI_20260516162518_0054_V.JPG,DJI_20260516162518_0054_V,.jpg,\\amssclgis10.ams.gmams.cl\CL_MLP_PAO\Vuelos_Drone_Sin_Procesar\INPUT\20260519_Geosupport\SOLO_JPG_19May26\GEOSP-TRN-002665\110\DJI_20260516162518_0054_V.JPG,SOLO_JPG_19May26\GEOSP-TRN-002665\110\DJI_20260516162518_0054_V.JPG,1.12,2026-06-08 10:36:17
DJI_20260516162529_0055_V.JPG,DJI_20260516162529_0055_V,.jpg,\\amssclgis10.ams.gmams.cl\CL_MLP_PAO\Vuelos_Drone_Sin_Procesar\INPUT\20260519_Geosupport\SOLO_JPG_19May26\GEOSP-TRN-002665\111\DJI_20260516162529_0055_V.JPG,SOLO_JPG_19May26\GEOSP-TRN-002665\111\DJI_20260516162529_0055_V.JPG,1.156,2026-06-08 10:36:18
DJI_20260516162550_0056_V.JPG,DJI_20260516162550_0056_V,.jpg,\\amssclgis10.ams.gmams.cl\CL_MLP_PAO\Vuelos_Drone_Sin_Procesar\INPUT\20260519_Geosupport\SOLO_JPG_19May26\GEOSP-TRN-002665\111\DJI_20260516162550_0056_V.JPG,SOLO_JPG_19May26\GEOSP-TRN-002665\111\DJI_20260516162550_0056_V.JPG,1.143,2026-06-08 10:36:18
DJI_20260516162555_0057_V.JPG,DJI_20260516162555_0057_V,.jpg,\\amssclgis10.ams.gmams.cl\CL_MLP_PAO\Vuelos_Drone_Sin_Procesar\INPUT\20260519_Geosupport\SOLO_JPG_19May26\GEOSP-TRN-002665\111\DJI_20260516162555_0057_V.JPG,SOLO_JPG_19May26\GEOSP-TRN-002665\111\DJI_20260516162555_0057_V.JPG,1.106,2026-06-08 10:36:18
DJI_20260516162609_0058_V.JPG,DJI_20260516162609_0058_V,.jpg,\\amssclgis10.ams.gmams.cl\CL_MLP_PAO\Vuelos_Drone_Sin_Procesar\INPUT\20260519_Geosupport\SOLO_JPG_19May26\GEOSP-TRN-002665\111\DJI_20260516162609_0058_V.JPG,SOLO_JPG_19May26\GEOSP-TRN-002665\111\DJI_20260516162609_0058_V.JPG,1.218,2026-06-08 10:36:19
DJI_20260516162620_0059_V.JPG,DJI_20260516162620_0059_V,.jpg,\\amssclgis10.ams.gmams.cl\CL_MLP_PAO\Vuelos_Drone_Sin_Procesar\INPUT\20260519_Geosupport\SOLO_JPG_19May26\GEOSP-TRN-002665\111\DJI_20260516162620_0059_V.JPG,SOLO_JPG_19May26\GEOSP-TRN-002665\111\DJI_20260516162620_0059_V.JPG,1.121,2026-06-08 10:36:19
DJI_20260516162628_0060_V.JPG,DJI_20260516162628_0060_V,.jpg,\\amssclgis10.ams.gmams.cl\CL_MLP_PAO\Vuelos_Drone_Sin_Procesar\INPUT\20260519_Geosupport\SOLO_JPG_19May26\GEOSP-TRN-002665\111\DJI_20260516162628_0060_V.JPG,SOLO_JPG_19May26\GEOSP-TRN-002665\111\DJI_20260516162628_0060_V.JPG,0.984,2026-06-08 10:36:20
DJI_20260516162647_0061_V.JPG,DJI_20260516162647_0061_V,.jpg,\\amssclgis10.ams.gmams.cl\CL_MLP_PAO\Vuelos_Drone_Sin_Procesar\INPUT\20260519_Geosupport\SOLO_JPG_19May26\GEOSP-TRN-002665\112\DJI_20260516162647_0061_V.JPG,SOLO_JPG_19May26\GEOSP-TRN-002665\112\DJI_20260516162647_0061_V.JPG,1.216,2026-06-08 10:36:20
DJI_20260516162655_0062_V.JPG,DJI_20260516162655_0062_V,.jpg,\\amssclgis10.ams.gmams.cl\CL_MLP_PAO\Vuelos_Drone_Sin_Procesar\INPUT\20260519_Geosupport\SOLO_JPG_19May26\GEOSP-TRN-002665\112\DJI_20260516162655_0062_V.JPG,SOLO_JPG_19May26\GEOSP-TRN-002665\112\DJI_20260516162655_0062_V.JPG,1.21,2026-06-08 10:36:20
DJI_20260516162701_0063_V.JPG,DJI_20260516162701_0063_V,.jpg,\\amssclgis10.ams.gmams.cl\CL_MLP_PAO\Vuelos_Drone_Sin_Procesar\INPUT\20260519_Geosupport\SOLO_JPG_19May26\GEOSP-TRN-002665\112\DJI_20260516162701_0063_V.JPG,SOLO_JPG_19May26\GEOSP-TRN-002665\112\DJI_20260516162701_0063_V.JPG,1.155,2026-06-08 10:36:21
DJI_20260516162712_0064_V.JPG,DJI_20260516162712_0064_V,.jpg,\\amssclgis10.ams.gmams.cl\CL_MLP_PAO\Vuelos_Drone_Sin_Procesar\INPUT\20260519_Geosupport\SOLO_JPG_19May26\GEOSP-TRN-002665\112\DJI_20260516162712_0064_V.JPG,SOLO_JPG_19May26\GEOSP-TRN-002665\112\DJI_20260516162712_0064_V.JPG,1.195,2026-06-08 10:36:21
DJI_20260516162723_0065_V.JPG,DJI_20260516162723_0065_V,.jpg,\\amssclgis10.ams.gmams.cl\CL_MLP_PAO\Vuelos_Drone_Sin_Procesar\INPUT\20260519_Geosupport\SOLO_JPG_19May26\GEOSP-TRN-002665\112\DJI_20260516162723_0065_V.JPG,SOLO_JPG_19May26\GEOSP-TRN-002665\112\DJI_20260516162723_0065_V.JPG,1.031,2026-06-08 10:36:22
DJI_20260516162745_0066_V.JPG,DJI_20260516162745_0066_V,.jpg,\\amssclgis10.ams.gmams.cl\CL_MLP_PAO\Vuelos_Drone_Sin_Procesar\INPUT\20260519_Geosupport\SOLO_JPG_19May26\GEOSP-TRN-002665\113\DJI_20260516162745_0066_V.JPG,SOLO_JPG_19May26\GEOSP-TRN-002665\113\DJI_20260516162745_0066_V.JPG,1.25,2026-06-08 10:36:22
DJI_20260516162755_0067_V.JPG,DJI_20260516162755_0067_V,.jpg,\\amssclgis10.ams.gmams.cl\CL_MLP_PAO\Vuelos_Drone_Sin_Procesar\INPUT\20260519_Geosupport\SOLO_JPG_19May26\GEOSP-TRN-002665\113\DJI_20260516162755_0067_V.JPG,SOLO_JPG_19May26\GEOSP-TRN-002665\113\DJI_20260516162755_0067_V.JPG,1.202,2026-06-08 10:36:22
DJI_20260516162804_0068_V.JPG,DJI_20260516162804_0068_V,.jpg,\\amssclgis10.ams.gmams.cl\CL_MLP_PAO\Vuelos_Drone_Sin_Procesar\INPUT\20260519_Geosupport\SOLO_JPG_19May26\GEOSP-TRN-002665\113\DJI_20260516162804_0068_V.JPG,SOLO_JPG_19May26\GEOSP-TRN-002665\113\DJI_20260516162804_0068_V.JPG,1.15,2026-06-08 10:36:23
DJI_20260516162811_0069_V.JPG,DJI_20260516162811_0069_V,.jpg,\\amssclgis10.ams.gmams.cl\CL_MLP_PAO\Vuelos_Drone_Sin_Procesar\INPUT\20260519_Geosupport\SOLO_JPG_19May26\GEOSP-TRN-002665\113\DJI_20260516162811_0069_V.JPG,SOLO_JPG_19May26\GEOSP-TRN-002665\113\DJI_20260516162811_0069_V.JPG,1.218,2026-06-08 10:36:23
DJI_20260516162818_0070_V.JPG,DJI_20260516162818_0070_V,.jpg,\\amssclgis10.ams.gmams.cl\CL_MLP_PAO\Vuelos_Drone_Sin_Procesar\INPUT\20260519_Geosupport\SOLO_JPG_19May26\GEOSP-TRN-002665\113\DJI_20260516162818_0070_V.JPG,SOLO_JPG_19May26\GEOSP-TRN-002665\113\DJI_20260516162818_0070_V.JPG,1.006,2026-06-08 10:36:23
DJI_20260516162845_0071_V.JPG,DJI_20260516162845_0071_V,.jpg,\\amssclgis10.ams.gmams.cl\CL_MLP_PAO\Vuelos_Drone_Sin_Procesar\INPUT\20260519_Geosupport\SOLO_JPG_19May26\GEOSP-TRN-002665\114\DJI_20260516162845_0071_V.JPG,SOLO_JPG_19May26\GEOSP-TRN-002665\114\DJI_20260516162845_0071_V.JPG,1.142,2026-06-08 10:36:24
DJI_20260516162855_0072_V.JPG,DJI_20260516162855_0072_V,.jpg,\\amssclgis10.ams.gmams.cl\CL_MLP_PAO\Vuelos_Drone_Sin_Procesar\INPUT\20260519_Geosupport\SOLO_JPG_19May26\GEOSP-TRN-002665\114\DJI_20260516162855_0072_V.JPG,SOLO_JPG_19May26\GEOSP-TRN-002665\114\DJI_20260516162855_0072_V.JPG,1.161,2026-06-08 10:36:24
DJI_20260516162906_0073_V.JPG,DJI_20260516162906_0073_V,.jpg,\\amssclgis10.ams.gmams.cl\CL_MLP_PAO\Vuelos_Drone_Sin_Procesar\INPUT\20260519_Geosupport\SOLO_JPG_19May26\GEOSP-TRN-002665\114\DJI_20260516162906_0073_V.JPG,SOLO_JPG_19May26\GEOSP-TRN-002665\114\DJI_20260516162906_0073_V.JPG,1.244,2026-06-08 10:36:25
DJI_20260516162916_0074_V.JPG,DJI_20260516162916_0074_V,.jpg,\\amssclgis10.ams.gmams.cl\CL_MLP_PAO\Vuelos_Drone_Sin_Procesar\INPUT\20260519_Geosupport\SOLO_JPG_19May26\GEOSP-TRN-002665\114\DJI_20260516162916_0074_V.JPG,SOLO_JPG_19May26\GEOSP-TRN-002665\114\DJI_20260516162916_0074_V.JPG,1.155,2026-06-08 10:36:25
DJI_20260516162925_0075_V.JPG,DJI_20260516162925_0075_V,.jpg,\\amssclgis10.ams.gmams.cl\CL_MLP_PAO\Vuelos_Drone_Sin_Procesar\INPUT\20260519_Geosupport\SOLO_JPG_19May26\GEOSP-TRN-002665\114\DJI_20260516162925_0075_V.JPG,SOLO_JPG_19May26\GEOSP-TRN-002665\114\DJI_20260516162925_0075_V.JPG,1.017,2026-06-08 10:36:26
DJI_20260516162956_0076_V.JPG,DJI_20260516162956_0076_V,.jpg,\\amssclgis10.ams.gmams.cl\CL_MLP_PAO\Vuelos_Drone_Sin_Procesar\INPUT\20260519_Geosupport\SOLO_JPG_19May26\GEOSP-TRN-002665\115\DJI_20260516162956_0076_V.JPG,SOLO_JPG_19May26\GEOSP-TRN-002665\115\DJI_20260516162956_0076_V.JPG,1.364,2026-06-08 10:36:26
DJI_20260516163019_0077_V.JPG,DJI_20260516163019_0077_V,.jpg,\\amssclgis10.ams.gmams.cl\CL_MLP_PAO\Vuelos_Drone_Sin_Procesar\INPUT\20260519_Geosupport\SOLO_JPG_19May26\GEOSP-TRN-002665\115\DJI_20260516163019_0077_V.JPG,SOLO_JPG_19May26\GEOSP-TRN-002665\115\DJI_20260516163019_0077_V.JPG,1.375,2026-06-08 10:36:27
DJI_20260516163027_0078_V.JPG,DJI_20260516163027_0078_V,.jpg,\\amssclgis10.ams.gmams.cl\CL_MLP_PAO\Vuelos_Drone_Sin_Procesar\INPUT\20260519_Geosupport\SOLO_JPG_19May26\GEOSP-TRN-002665\115\DJI_20260516163027_0078_V.JPG,SOLO_JPG_19May26\GEOSP-TRN-002665\115\DJI_20260516163027_0078_V.JPG,1.347,2026-06-08 10:36:27
DJI_20260516163035_0079_V.JPG,DJI_20260516163035_0079_V,.jpg,\\amssclgis10.ams.gmams.cl\CL_MLP_PAO\Vuelos_Drone_Sin_Procesar\INPUT\20260519_Geosupport\SOLO_JPG_19May26\GEOSP-TRN-002665\115\DJI_20260516163035_0079_V.JPG,SOLO_JPG_19May26\GEOSP-TRN-002665\115\DJI_20260516163035_0079_V.JPG,1.362,2026-06-08 10:36:27
DJI_20260516163111_0080_V.JPG,DJI_20260516163111_0080_V,.jpg,\\amssclgis10.ams.gmams.cl\CL_MLP_PAO\Vuelos_Drone_Sin_Procesar\INPUT\20260519_Geosupport\SOLO_JPG_19May26\GEOSP-TRN-002665\115\DJI_20260516163111_0080_V.JPG,SOLO_JPG_19May26\GEOSP-TRN-002665\115\DJI_20260516163111_0080_V.JPG,1.346,2026-06-08 10:36:28
DJI_20260516163447_0001_V.JPG,DJI_20260516163447_0001_V,.jpg,\\amssclgis10.ams.gmams.cl\CL_MLP_PAO\Vuelos_Drone_Sin_Procesar\INPUT\20260519_Geosupport\SOLO_JPG_19May26\GEOSP-TRN-002665\116\DJI_20260516163447_0001_V.JPG,SOLO_JPG_19May26\GEOSP-TRN-002665\116\DJI_20260516163447_0001_V.JPG,1.398,2026-06-08 10:36:28
DJI_20260516163457_0002_V.JPG,DJI_20260516163457_0002_V,.jpg,\\amssclgis10.ams.gmams.cl\CL_MLP_PAO\Vuelos_Drone_Sin_Procesar\INPUT\20260519_Geosupport\SOLO_JPG_19May26\GEOSP-TRN-002665\116\DJI_20260516163457_0002_V.JPG,SOLO_JPG_19May26\GEOSP-TRN-002665\116\DJI_20260516163457_0002_V.JPG,1.341,2026-06-08 10:36:29
DJI_20260516163507_0003_V.JPG,DJI_20260516163507_0003_V,.jpg,\\amssclgis10.ams.gmams.cl\CL_MLP_PAO\Vuelos_Drone_Sin_Procesar\INPUT\20260519_Geosupport\SOLO_JPG_19May26\GEOSP-TRN-002665\116\DJI_20260516163507_0003_V.JPG,SOLO_JPG_19May26\GEOSP-TRN-002665\116\DJI_20260516163507_0003_V.JPG,1.392,2026-06-08 10:36:29
DJI_20260516163522_0004_V.JPG,DJI_20260516163522_0004_V,.jpg,\\amssclgis10.ams.gmams.cl\CL_MLP_PAO\Vuelos_Drone_Sin_Procesar\INPUT\20260519_Geosupport\SOLO_JPG_19May26\GEOSP-TRN-002665\116\DJI_20260516163522_0004_V.JPG,SOLO_JPG_19May26\GEOSP-TRN-002665\116\DJI_20260516163522_0004_V.JPG,1.368,2026-06-08 10:36:29
DJI_20260516163535_0005_V.JPG,DJI_20260516163535_0005_V,.jpg,\\amssclgis10.ams.gmams.cl\CL_MLP_PAO\Vuelos_Drone_Sin_Procesar\INPUT\20260519_Geosupport\SOLO_JPG_19May26\GEOSP-TRN-002665\116\DJI_20260516163535_0005_V.JPG,SOLO_JPG_19May26\GEOSP-TRN-002665\116\DJI_20260516163535_0005_V.JPG,1.353,2026-06-08 10:36:30
DJI_20260516163604_0006_V.JPG,DJI_20260516163604_0006_V,.jpg,\\amssclgis10.ams.gmams.cl\CL_MLP_PAO\Vuelos_Drone_Sin_Procesar\INPUT\20260519_Geosupport\SOLO_JPG_19May26\GEOSP-TRN-002665\117\DJI_20260516163604_0006_V.JPG,SOLO_JPG_19May26\GEOSP-TRN-002665\117\DJI_20260516163604_0006_V.JPG,1.331,2026-06-08 10:36:30
DJI_20260516163610_0007_V.JPG,DJI_20260516163610_0007_V,.jpg,\\amssclgis10.ams.gmams.cl\CL_MLP_PAO\Vuelos_Drone_Sin_Procesar\INPUT\20260519_Geosupport\SOLO_JPG_19May26\GEOSP-TRN-002665\117\DJI_20260516163610_0007_V.JPG,SOLO_JPG_19May26\GEOSP-TRN-002665\117\DJI_20260516163610_0007_V.JPG,1.106,2026-06-08 10:36:31
DJI_20260516163618_0008_V.JPG,DJI_20260516163618_0008_V,.jpg,\\amssclgis10.ams.gmams.cl\CL_MLP_PAO\Vuelos_Drone_Sin_Procesar\INPUT\20260519_Geosupport\SOLO_JPG_19May26\GEOSP-TRN-002665\117\DJI_20260516163618_0008_V.JPG,SOLO_JPG_19May26\GEOSP-TRN-002665\117\DJI_20260516163618_0008_V.JPG,1.323,2026-06-08 10:36:31
DJI_20260516163626_0009_V.JPG,DJI_20260516163626_0009_V,.jpg,\\amssclgis10.ams.gmams.cl\CL_MLP_PAO\Vuelos_Drone_Sin_Procesar\INPUT\20260519_Geosupport\SOLO_JPG_19May26\GEOSP-TRN-002665\117\DJI_20260516163626_0009_V.JPG,SOLO_JPG_19May26\GEOSP-TRN-002665\117\DJI_20260516163626_0009_V.JPG,1.345,2026-06-08 10:36:31
DJI_20260516163634_0010_V.JPG,DJI_20260516163634_0010_V,.jpg,\\amssclgis10.ams.gmams.cl\CL_MLP_PAO\Vuelos_Drone_Sin_Procesar\INPUT\20260519_Geosupport\SOLO_JPG_19May26\GEOSP-TRN-002665\117\DJI_20260516163634_0010_V.JPG,SOLO_JPG_19May26\GEOSP-TRN-002665\117\DJI_20260516163634_0010_V.JPG,1.323,2026-06-08 10:36:32
DJI_20260516163702_0011_V.JPG,DJI_20260516163702_0011_V,.jpg,\\amssclgis10.ams.gmams.cl\CL_MLP_PAO\Vuelos_Drone_Sin_Procesar\INPUT\20260519_Geosupport\SOLO_JPG_19May26\GEOSP-TRN-002665\118\DJI_20260516163702_0011_V.JPG,SOLO_JPG_19May26\GEOSP-TRN-002665\118\DJI_20260516163702_0011_V.JPG,1.421,2026-06-08 10:36:32
DJI_20260516163709_0012_V.JPG,DJI_20260516163709_0012_V,.jpg,\\amssclgis10.ams.gmams.cl\CL_MLP_PAO\Vuelos_Drone_Sin_Procesar\INPUT\20260519_Geosupport\SOLO_JPG_19May26\GEOSP-TRN-002665\118\DJI_20260516163709_0012_V.JPG,SOLO_JPG_19May26\GEOSP-TRN-002665\118\DJI_20260516163709_0012_V.JPG,1.248,2026-06-08 10:36:33
DJI_20260516163716_0013_V.JPG,DJI_20260516163716_0013_V,.jpg,\\amssclgis10.ams.gmams.cl\CL_MLP_PAO\Vuelos_Drone_Sin_Procesar\INPUT\20260519_Geosupport\SOLO_JPG_19May26\GEOSP-TRN-002665\118\DJI_20260516163716_0013_V.JPG,SOLO_JPG_19May26\GEOSP-TRN-002665\118\DJI_20260516163716_0013_V.JPG,1.399,2026-06-08 10:36:33
DJI_20260516163725_0014_V.JPG,DJI_20260516163725_0014_V,.jpg,\\amssclgis10.ams.gmams.cl\CL_MLP_PAO\Vuelos_Drone_Sin_Procesar\INPUT\20260519_Geosupport\SOLO_JPG_19May26\GEOSP-TRN-002665\118\DJI_20260516163725_0014_V.JPG,SOLO_JPG_19May26\GEOSP-TRN-002665\118\DJI_20260516163725_0014_V.JPG,1.439,2026-06-08 10:36:33
DJI_20260516163734_0015_V.JPG,DJI_20260516163734_0015_V,.jpg,\\amssclgis10.ams.gmams.cl\CL_MLP_PAO\Vuelos_Drone_Sin_Procesar\INPUT\20260519_Geosupport\SOLO_JPG_19May26\GEOSP-TRN-002665\118\DJI_20260516163734_0015_V.JPG,SOLO_JPG_19May26\GEOSP-TRN-002665\118\DJI_20260516163734_0015_V.JPG,1.372,2026-06-08 10:36:34
DJI_20260516163748_0016_V.JPG,DJI_20260516163748_0016_V,.jpg,\\amssclgis10.ams.gmams.cl\CL_MLP_PAO\Vuelos_Drone_Sin_Procesar\INPUT\20260519_Geosupport\SOLO_JPG_19May26\GEOSP-TRN-002665\119\DJI_20260516163748_0016_V.JPG,SOLO_JPG_19May26\GEOSP-TRN-002665\119\DJI_20260516163748_0016_V.JPG,1.39,2026-06-08 10:36:34
DJI_20260516163756_0017_V.JPG,DJI_20260516163756_0017_V,.jpg,\\amssclgis10.ams.gmams.cl\CL_MLP_PAO\Vuelos_Drone_Sin_Procesar\INPUT\20260519_Geosupport\SOLO_JPG_19May26\GEOSP-TRN-002665\119\DJI_20260516163756_0017_V.JPG,SOLO_JPG_19May26\GEOSP-TRN-002665\119\DJI_20260516163756_0017_V.JPG,1.244,2026-06-08 10:36:35
DJI_20260516163804_0018_V.JPG,DJI_20260516163804_0018_V,.jpg,\\amssclgis10.ams.gmams.cl\CL_MLP_PAO\Vuelos_Drone_Sin_Procesar\INPUT\20260519_Geosupport\SOLO_JPG_19May26\GEOSP-TRN-002665\119\DJI_20260516163804_0018_V.JPG,SOLO_JPG_19May26\GEOSP-TRN-002665\119\DJI_20260516163804_0018_V.JPG,1.355,2026-06-08 10:36:35
DJI_20260516163811_0019_V.JPG,DJI_20260516163811_0019_V,.jpg,\\amssclgis10.ams.gmams.cl\CL_MLP_PAO\Vuelos_Drone_Sin_Procesar\INPUT\20260519_Geosupport\SOLO_JPG_19May26\GEOSP-TRN-002665\119\DJI_20260516163811_0019_V.JPG,SOLO_JPG_19May26\GEOSP-TRN-002665\119\DJI_20260516163811_0019_V.JPG,1.373,2026-06-08 10:36:35
DJI_20260516163818_0020_V.JPG,DJI_20260516163818_0020_V,.jpg,\\amssclgis10.ams.gmams.cl\CL_MLP_PAO\Vuelos_Drone_Sin_Procesar\INPUT\20260519_Geosupport\SOLO_JPG_19May26\GEOSP-TRN-002665\119\DJI_20260516163818_0020_V.JPG,SOLO_JPG_19May26\GEOSP-TRN-002665\119\DJI_20260516163818_0020_V.JPG,1.307,2026-06-08 10:36:36
DJI_20260516163835_0021_V.JPG,DJI_20260516163835_0021_V,.jpg,\\amssclgis10.ams.gmams.cl\CL_MLP_PAO\Vuelos_Drone_Sin_Procesar\INPUT\20260519_Geosupport\SOLO_JPG_19May26\GEOSP-TRN-002665\120\DJI_20260516163835_0021_V.JPG,SOLO_JPG_19May26\GEOSP-TRN-002665\120\DJI_20260516163835_0021_V.JPG,1.361,2026-06-08 10:36:36
DJI_20260516163842_0022_V.JPG,DJI_20260516163842_0022_V,.jpg,\\amssclgis10.ams.gmams.cl\CL_MLP_PAO\Vuelos_Drone_Sin_Procesar\INPUT\20260519_Geosupport\SOLO_JPG_19May26\GEOSP-TRN-002665\120\DJI_20260516163842_0022_V.JPG,SOLO_JPG_19May26\GEOSP-TRN-002665\120\DJI_20260516163842_0022_V.JPG,1.116,2026-06-08 10:36:37
DJI_20260516163850_0023_V.JPG,DJI_20260516163850_0023_V,.jpg,\\amssclgis10.ams.gmams.cl\CL_MLP_PAO\Vuelos_Drone_Sin_Procesar\INPUT\20260519_Geosupport\SOLO_JPG_19May26\GEOSP-TRN-002665\120\DJI_20260516163850_0023_V.JPG,SOLO_JPG_19May26\GEOSP-TRN-002665\120\DJI_20260516163850_0023_V.JPG,1.299,2026-06-08 10:36:37
DJI_20260516163856_0024_V.JPG,DJI_20260516163856_0024_V,.jpg,\\amssclgis10.ams.gmams.cl\CL_MLP_PAO\Vuelos_Drone_Sin_Procesar\INPUT\20260519_Geosupport\SOLO_JPG_19May26\GEOSP-TRN-002665\120\DJI_20260516163856_0024_V.JPG,SOLO_JPG_19May26\GEOSP-TRN-002665\120\DJI_20260516163856_0024_V.JPG,1.325,2026-06-08 10:36:37
DJI_20260516163905_0025_V.JPG,DJI_20260516163905_0025_V,.jpg,\\amssclgis10.ams.gmams.cl\CL_MLP_PAO\Vuelos_Drone_Sin_Procesar\INPUT\20260519_Geosupport\SOLO_JPG_19May26\GEOSP-TRN-002665\120\DJI_20260516163905_0025_V.JPG,SOLO_JPG_19May26\GEOSP-TRN-002665\120\DJI_20260516163905_0025_V.JPG,1.093,2026-06-08 10:36:38
DJI_20260516163931_0026_V.JPG,DJI_20260516163931_0026_V,.jpg,\\amssclgis10.ams.gmams.cl\CL_MLP_PAO\Vuelos_Drone_Sin_Procesar\INPUT\20260519_Geosupport\SOLO_JPG_19May26\GEOSP-TRN-002665\121\DJI_20260516163931_0026_V.JPG,SOLO_JPG_19May26\GEOSP-TRN-002665\121\DJI_20260516163931_0026_V.JPG,1.051,2026-06-08 10:36:38
DJI_20260516163936_0027_V.JPG,DJI_20260516163936_0027_V,.jpg,\\amssclgis10.ams.gmams.cl\CL_MLP_PAO\Vuelos_Drone_Sin_Procesar\INPUT\20260519_Geosupport\SOLO_JPG_19May26\GEOSP-TRN-002665\121\DJI_20260516163936_0027_V.JPG,SOLO_JPG_19May26\GEOSP-TRN-002665\121\DJI_20260516163936_0027_V.JPG,0.797,2026-06-08 10:36:39
DJI_20260516163944_0028_V.JPG,DJI_20260516163944_0028_V,.jpg,\\amssclgis10.ams.gmams.cl\CL_MLP_PAO\Vuelos_Drone_Sin_Procesar\INPUT\20260519_Geosupport\SOLO_JPG_19May26\GEOSP-TRN-002665\121\DJI_20260516163944_0028_V.JPG,SOLO_JPG_19May26\GEOSP-TRN-002665\121\DJI_20260516163944_0028_V.JPG,1.027,2026-06-08 10:36:39
DJI_20260516163950_0029_V.JPG,DJI_20260516163950_0029_V,.jpg,\\amssclgis10.ams.gmams.cl\CL_MLP_PAO\Vuelos_Drone_Sin_Procesar\INPUT\20260519_Geosupport\SOLO_JPG_19May26\GEOSP-TRN-002665\121\DJI_20260516163950_0029_V.JPG,SOLO_JPG_19May26\GEOSP-TRN-002665\121\DJI_20260516163950_0029_V.JPG,0.968,2026-06-08 10:36:39
DJI_20260516163956_0030_V.JPG,DJI_20260516163956_0030_V,.jpg,\\amssclgis10.ams.gmams.cl\CL_MLP_PAO\Vuelos_Drone_Sin_Procesar\INPUT\20260519_Geosupport\SOLO_JPG_19May26\GEOSP-TRN-002665\121\DJI_20260516163956_0030_V.JPG,SOLO_JPG_19May26\GEOSP-TRN-002665\121\DJI_20260516163956_0030_V.JPG,0.847,2026-06-08 10:36:40
DJI_20260516164020_0031_V.JPG,DJI_20260516164020_0031_V,.jpg,\\amssclgis10.ams.gmams.cl\CL_MLP_PAO\Vuelos_Drone_Sin_Procesar\INPUT\20260519_Geosupport\SOLO_JPG_19May26\GEOSP-TRN-002665\122\DJI_20260516164020_0031_V.JPG,SOLO_JPG_19May26\GEOSP-TRN-002665\122\DJI_20260516164020_0031_V.JPG,1.027,2026-06-08 10:36:40
DJI_20260516164025_0032_V.JPG,DJI_20260516164025_0032_V,.jpg,\\amssclgis10.ams.gmams.cl\CL_MLP_PAO\Vuelos_Drone_Sin_Procesar\INPUT\20260519_Geosupport\SOLO_JPG_19May26\GEOSP-TRN-002665\122\DJI_20260516164025_0032_V.JPG,SOLO_JPG_19May26\GEOSP-TRN-002665\122\DJI_20260516164025_0032_V.JPG,0.777,2026-06-08 10:36:40
DJI_20260516164033_0033_V.JPG,DJI_20260516164033_0033_V,.jpg,\\amssclgis10.ams.gmams.cl\CL_MLP_PAO\Vuelos_Drone_Sin_Procesar\INPUT\20260519_Geosupport\SOLO_JPG_19May26\GEOSP-TRN-002665\122\DJI_20260516164033_0033_V.JPG,SOLO_JPG_19May26\GEOSP-TRN-002665\122\DJI_20260516164033_0033_V.JPG,1.002,2026-06-08 10:36:41
DJI_20260516164042_0034_V.JPG,DJI_20260516164042_0034_V,.jpg,\\amssclgis10.ams.gmams.cl\CL_MLP_PAO\Vuelos_Drone_Sin_Procesar\INPUT\20260519_Geosupport\SOLO_JPG_19May26\GEOSP-TRN-002665\122\DJI_20260516164042_0034_V.JPG,SOLO_JPG_19May26\GEOSP-TRN-002665\122\DJI_20260516164042_0034_V.JPG,0.97,2026-06-08 10:36:41
DJI_20260516164050_0035_V.JPG,DJI_20260516164050_0035_V,.jpg,\\amssclgis10.ams.gmams.cl\CL_MLP_PAO\Vuelos_Drone_Sin_Procesar\INPUT\20260519_Geosupport\SOLO_JPG_19May26\GEOSP-TRN-002665\122\DJI_20260516164050_0035_V.JPG,SOLO_JPG_19May26\GEOSP-TRN-002665\122\DJI_20260516164050_0035_V.JPG,0.89,2026-06-08 10:36:41
DJI_20260516164114_0036_V.JPG,DJI_20260516164114_0036_V,.jpg,\\amssclgis10.ams.gmams.cl\CL_MLP_PAO\Vuelos_Drone_Sin_Procesar\INPUT\20260519_Geosupport\SOLO_JPG_19May26\GEOSP-TRN-002665\124\DJI_20260516164114_0036_V.JPG,SOLO_JPG_19May26\GEOSP-TRN-002665\124\DJI_20260516164114_0036_V.JPG,0.869,2026-06-08 10:36:42
DJI_20260516164125_0037_V.JPG,DJI_20260516164125_0037_V,.jpg,\\amssclgis10.ams.gmams.cl\CL_MLP_PAO\Vuelos_Drone_Sin_Procesar\INPUT\20260519_Geosupport\SOLO_JPG_19May26\GEOSP-TRN-002665\124\DJI_20260516164125_0037_V.JPG,SOLO_JPG_19May26\GEOSP-TRN-002665\124\DJI_20260516164125_0037_V.JPG,0.663,2026-06-08 10:36:42
DJI_20260516164133_0038_V.JPG,DJI_20260516164133_0038_V,.jpg,\\amssclgis10.ams.gmams.cl\CL_MLP_PAO\Vuelos_Drone_Sin_Procesar\INPUT\20260519_Geosupport\SOLO_JPG_19May26\GEOSP-TRN-002665\124\DJI_20260516164133_0038_V.JPG,SOLO_JPG_19May26\GEOSP-TRN-002665\124\DJI_20260516164133_0038_V.JPG,0.851,2026-06-08 10:36:43
DJI_20260516164139_0039_V.JPG,DJI_20260516164139_0039_V,.jpg,\\amssclgis10.ams.gmams.cl\CL_MLP_PAO\Vuelos_Drone_Sin_Procesar\INPUT\20260519_Geosupport\SOLO_JPG_19May26\GEOSP-TRN-002665\124\DJI_20260516164139_0039_V.JPG,SOLO_JPG_19May26\GEOSP-TRN-002665\124\DJI_20260516164139_0039_V.JPG,0.813,2026-06-08 10:36:43
DJI_20260516164144_0040_V.JPG,DJI_20260516164144_0040_V,.jpg,\\amssclgis10.ams.gmams.cl\CL_MLP_PAO\Vuelos_Drone_Sin_Procesar\INPUT\20260519_Geosupport\SOLO_JPG_19May26\GEOSP-TRN-002665\124\DJI_20260516164144_0040_V.JPG,SOLO_JPG_19May26\GEOSP-TRN-002665\124\DJI_20260516164144_0040_V.JPG,0.797,2026-06-08 10:36:43
DJI_20260516164203_0041_V.JPG,DJI_20260516164203_0041_V,.jpg,\\amssclgis10.ams.gmams.cl\CL_MLP_PAO\Vuelos_Drone_Sin_Procesar\INPUT\20260519_Geosupport\SOLO_JPG_19May26\GEOSP-TRN-002665\125\DJI_20260516164203_0041_V.JPG,SOLO_JPG_19May26\GEOSP-TRN-002665\125\DJI_20260516164203_0041_V.JPG,0.902,2026-06-08 10:36:44
DJI_20260516164211_0042_V.JPG,DJI_20260516164211_0042_V,.jpg,\\amssclgis10.ams.gmams.cl\CL_MLP_PAO\Vuelos_Drone_Sin_Procesar\INPUT\20260519_Geosupport\SOLO_JPG_19May26\GEOSP-TRN-002665\125\DJI_20260516164211_0042_V.JPG,SOLO_JPG_19May26\GEOSP-TRN-002665\125\DJI_20260516164211_0042_V.JPG,0.754,2026-06-08 10:36:44
DJI_20260516164218_0043_V.JPG,DJI_20260516164218_0043_V,.jpg,\\amssclgis10.ams.gmams.cl\CL_MLP_PAO\Vuelos_Drone_Sin_Procesar\INPUT\20260519_Geosupport\SOLO_JPG_19May26\GEOSP-TRN-002665\125\DJI_20260516164218_0043_V.JPG,SOLO_JPG_19May26\GEOSP-TRN-002665\125\DJI_20260516164218_0043_V.JPG,0.866,2026-06-08 10:36:44
DJI_20260516164226_0044_V.JPG,DJI_20260516164226_0044_V,.jpg,\\amssclgis10.ams.gmams.cl\CL_MLP_PAO\Vuelos_Drone_Sin_Procesar\INPUT\20260519_Geosupport\SOLO_JPG_19May26\GEOSP-TRN-002665\125\DJI_20260516164226_0044_V.JPG,SOLO_JPG_19May26\GEOSP-TRN-002665\125\DJI_20260516164226_0044_V.JPG,0.876,2026-06-08 10:36:45
DJI_20260516164236_0045_V.JPG,DJI_20260516164236_0045_V,.jpg,\\amssclgis10.ams.gmams.cl\CL_MLP_PAO\Vuelos_Drone_Sin_Procesar\INPUT\20260519_Geosupport\SOLO_JPG_19May26\GEOSP-TRN-002665\125\DJI_20260516164236_0045_V.JPG,SOLO_JPG_19May26\GEOSP-TRN-002665\125\DJI_20260516164236_0045_V.JPG,0.822,2026-06-08 10:36:45
DJI_20260516155919_0001_V.JPG,DJI_20260516155919_0001_V,.jpg,\\amssclgis10.ams.gmams.cl\CL_MLP_PAO\Vuelos_Drone_Sin_Procesar\INPUT\20260519_Geosupport\SOLO_JPG_19May26\GEOSP-TRN-002665\85\DJI_20260516155919_0001_V.JPG,SOLO_JPG_19May26\GEOSP-TRN-002665\85\DJI_20260516155919_0001_V.JPG,1.408,2026-06-08 10:36:46
DJI_20260516155921_0002_V.JPG,DJI_20260516155921_0002_V,.jpg,\\amssclgis10.ams.gmams.cl\CL_MLP_PAO\Vuelos_Drone_Sin_Procesar\INPUT\20260519_Geosupport\SOLO_JPG_19May26\GEOSP-TRN-002665\85\DJI_20260516155921_0002_V.JPG,SOLO_JPG_19May26\GEOSP-TRN-002665\85\DJI_20260516155921_0002_V.JPG,1.404,2026-06-08 10:36:46
DJI_20260516155931_0003_V.JPG,DJI_20260516155931_0003_V,.jpg,\\amssclgis10.ams.gmams.cl\CL_MLP_PAO\Vuelos_Drone_Sin_Procesar\INPUT\20260519_Geosupport\SOLO_JPG_19May26\GEOSP-TRN-002665\85\DJI_20260516155931_0003_V.JPG,SOLO_JPG_19May26\GEOSP-TRN-002665\85\DJI_20260516155931_0003_V.JPG,1.368,2026-06-08 10:36:46
DJI_20260516155938_0004_V.JPG,DJI_20260516155938_0004_V,.jpg,\\amssclgis10.ams.gmams.cl\CL_MLP_PAO\Vuelos_Drone_Sin_Procesar\INPUT\20260519_Geosupport\SOLO_JPG_19May26\GEOSP-TRN-002665\85\DJI_20260516155938_0004_V.JPG,SOLO_JPG_19May26\GEOSP-TRN-002665\85\DJI_20260516155938_0004_V.JPG,1.399,2026-06-08 10:36:47
DJI_20260516155946_0005_V.JPG,DJI_20260516155946_0005_V,.jpg,\\amssclgis10.ams.gmams.cl\CL_MLP_PAO\Vuelos_Drone_Sin_Procesar\INPUT\20260519_Geosupport\SOLO_JPG_19May26\GEOSP-TRN-002665\85\DJI_20260516155946_0005_V.JPG,SOLO_JPG_19May26\GEOSP-TRN-002665\85\DJI_20260516155946_0005_V.JPG,1.384,2026-06-08 10:36:47
DJI_20260516155954_0006_V.JPG,DJI_20260516155954_0006_V,.jpg,\\amssclgis10.ams.gmams.cl\CL_MLP_PAO\Vuelos_Drone_Sin_Procesar\INPUT\20260519_Geosupport\SOLO_JPG_19May26\GEOSP-TRN-002665\85\DJI_20260516155954_0006_V.JPG,SOLO_JPG_19May26\GEOSP-TRN-002665\85\DJI_20260516155954_0006_V.JPG,1.334,2026-06-08 10:36:47
DJI_20260516160017_0007_V.JPG,DJI_20260516160017_0007_V,.jpg,\\amssclgis10.ams.gmams.cl\CL_MLP_PAO\Vuelos_Drone_Sin_Procesar\INPUT\20260519_Geosupport\SOLO_JPG_19May26\GEOSP-TRN-002665\86\DJI_20260516160017_0007_V.JPG,SOLO_JPG_19May26\GEOSP-TRN-002665\86\DJI_20260516160017_0007_V.JPG,1.381,2026-06-08 10:36:48
DJI_20260516160023_0008_V.JPG,DJI_20260516160023_0008_V,.jpg,\\amssclgis10.ams.gmams.cl\CL_MLP_PAO\Vuelos_Drone_Sin_Procesar\INPUT\20260519_Geosupport\SOLO_JPG_19May26\GEOSP-TRN-002665\86\DJI_20260516160023_0008_V.JPG,SOLO_JPG_19May26\GEOSP-TRN-002665\86\DJI_20260516160023_0008_V.JPG,1.347,2026-06-08 10:36:48
DJI_20260516160030_0009_V.JPG,DJI_20260516160030_0009_V,.jpg,\\amssclgis10.ams.gmams.cl\CL_MLP_PAO\Vuelos_Drone_Sin_Procesar\INPUT\20260519_Geosupport\SOLO_JPG_19May26\GEOSP-TRN-002665\86\DJI_20260516160030_0009_V.JPG,SOLO_JPG_19May26\GEOSP-TRN-002665\86\DJI_20260516160030_0009_V.JPG,1.355,2026-06-08 10:36:49
DJI_20260516160035_0010_V.JPG,DJI_20260516160035_0010_V,.jpg,\\amssclgis10.ams.gmams.cl\CL_MLP_PAO\Vuelos_Drone_Sin_Procesar\INPUT\20260519_Geosupport\SOLO_JPG_19May26\GEOSP-TRN-002665\86\DJI_20260516160035_0010_V.JPG,SOLO_JPG_19May26\GEOSP-TRN-002665\86\DJI_20260516160035_0010_V.JPG,1.352,2026-06-08 10:36:49
DJI_20260516160043_0011_V.JPG,DJI_20260516160043_0011_V,.jpg,\\amssclgis10.ams.gmams.cl\CL_MLP_PAO\Vuelos_Drone_Sin_Procesar\INPUT\20260519_Geosupport\SOLO_JPG_19May26\GEOSP-TRN-002665\86\DJI_20260516160043_0011_V.JPG,SOLO_JPG_19May26\GEOSP-TRN-002665\86\DJI_20260516160043_0011_V.JPG,1.287,2026-06-08 10:36:49
DJI_20260516160101_0012_V.JPG,DJI_20260516160101_0012_V,.jpg,\\amssclgis10.ams.gmams.cl\CL_MLP_PAO\Vuelos_Drone_Sin_Procesar\INPUT\20260519_Geosupport\SOLO_JPG_19May26\GEOSP-TRN-002665\87\DJI_20260516160101_0012_V.JPG,SOLO_JPG_19May26\GEOSP-TRN-002665\87\DJI_20260516160101_0012_V.JPG,1.356,2026-06-08 10:36:50
DJI_20260516160109_0013_V.JPG,DJI_20260516160109_0013_V,.jpg,\\amssclgis10.ams.gmams.cl\CL_MLP_PAO\Vuelos_Drone_Sin_Procesar\INPUT\20260519_Geosupport\SOLO_JPG_19May26\GEOSP-TRN-002665\87\DJI_20260516160109_0013_V.JPG,SOLO_JPG_19May26\GEOSP-TRN-002665\87\DJI_20260516160109_0013_V.JPG,1.335,2026-06-08 10:36:50
DJI_20260516160121_0014_V.JPG,DJI_20260516160121_0014_V,.jpg,\\amssclgis10.ams.gmams.cl\CL_MLP_PAO\Vuelos_Drone_Sin_Procesar\INPUT\20260519_Geosupport\SOLO_JPG_19May26\GEOSP-TRN-002665\87\DJI_20260516160121_0014_V.JPG,SOLO_JPG_19May26\GEOSP-TRN-002665\87\DJI_20260516160121_0014_V.JPG,1.327,2026-06-08 10:36:51
DJI_20260516160128_0015_V.JPG,DJI_20260516160128_0015_V,.jpg,\\amssclgis10.ams.gmams.cl\CL_MLP_PAO\Vuelos_Drone_Sin_Procesar\INPUT\20260519_Geosupport\SOLO_JPG_19May26\GEOSP-TRN-002665\87\DJI_20260516160128_0015_V.JPG,SOLO_JPG_19May26\GEOSP-TRN-002665\87\DJI_20260516160128_0015_V.JPG,1.342,2026-06-08 10:36:51
DJI_20260516160136_0016_V.JPG,DJI_20260516160136_0016_V,.jpg,\\amssclgis10.ams.gmams.cl\CL_MLP_PAO\Vuelos_Drone_Sin_Procesar\INPUT\20260519_Geosupport\SOLO_JPG_19May26\GEOSP-TRN-002665\87\DJI_20260516160136_0016_V.JPG,SOLO_JPG_19May26\GEOSP-TRN-002665\87\DJI_20260516160136_0016_V.JPG,1.305,2026-06-08 10:36:52
DJI_20260516160155_0017_V.JPG,DJI_20260516160155_0017_V,.jpg,\\amssclgis10.ams.gmams.cl\CL_MLP_PAO\Vuelos_Drone_Sin_Procesar\INPUT\20260519_Geosupport\SOLO_JPG_19May26\GEOSP-TRN-002665\88\DJI_20260516160155_0017_V.JPG,SOLO_JPG_19May26\GEOSP-TRN-002665\88\DJI_20260516160155_0017_V.JPG,1.286,2026-06-08 10:36:52
DJI_20260516160204_0018_V.JPG,DJI_20260516160204_0018_V,.jpg,\\amssclgis10.ams.gmams.cl\CL_MLP_PAO\Vuelos_Drone_Sin_Procesar\INPUT\20260519_Geosupport\SOLO_JPG_19May26\GEOSP-TRN-002665\88\DJI_20260516160204_0018_V.JPG,SOLO_JPG_19May26\GEOSP-TRN-002665\88\DJI_20260516160204_0018_V.JPG,1.305,2026-06-08 10:36:53
DJI_20260516160212_0019_V.JPG,DJI_20260516160212_0019_V,.jpg,\\amssclgis10.ams.gmams.cl\CL_MLP_PAO\Vuelos_Drone_Sin_Procesar\INPUT\20260519_Geosupport\SOLO_JPG_19May26\GEOSP-TRN-002665\88\DJI_20260516160212_0019_V.JPG,SOLO_JPG_19May26\GEOSP-TRN-002665\88\DJI_20260516160212_0019_V.JPG,1.296,2026-06-08 10:36:53
DJI_20260516160221_0020_V.JPG,DJI_20260516160221_0020_V,.jpg,\\amssclgis10.ams.gmams.cl\CL_MLP_PAO\Vuelos_Drone_Sin_Procesar\INPUT\20260519_Geosupport\SOLO_JPG_19May26\GEOSP-TRN-002665\88\DJI_20260516160221_0020_V.JPG,SOLO_JPG_19May26\GEOSP-TRN-002665\88\DJI_20260516160221_0020_V.JPG,1.3,2026-06-08 10:36:53
DJI_20260516160234_0021_V.JPG,DJI_20260516160234_0021_V,.jpg,\\amssclgis10.ams.gmams.cl\CL_MLP_PAO\Vuelos_Drone_Sin_Procesar\INPUT\20260519_Geosupport\SOLO_JPG_19May26\GEOSP-TRN-002665\88\DJI_20260516160234_0021_V.JPG,SOLO_JPG_19May26\GEOSP-TRN-002665\88\DJI_20260516160234_0021_V.JPG,1.255,2026-06-08 10:36:54
DJI_20260516160251_0022_V.JPG,DJI_20260516160251_0022_V,.jpg,\\amssclgis10.ams.gmams.cl\CL_MLP_PAO\Vuelos_Drone_Sin_Procesar\INPUT\20260519_Geosupport\SOLO_JPG_19May26\GEOSP-TRN-002665\89\DJI_20260516160251_0022_V.JPG,SOLO_JPG_19May26\GEOSP-TRN-002665\89\DJI_20260516160251_0022_V.JPG,1.2,2026-06-08 10:36:54
DJI_20260516160300_0023_V.JPG,DJI_20260516160300_0023_V,.jpg,\\amssclgis10.ams.gmams.cl\CL_MLP_PAO\Vuelos_Drone_Sin_Procesar\INPUT\20260519_Geosupport\SOLO_JPG_19May26\GEOSP-TRN-002665\89\DJI_20260516160300_0023_V.JPG,SOLO_JPG_19May26\GEOSP-TRN-002665\89\DJI_20260516160300_0023_V.JPG,1.175,2026-06-08 10:36:55
DJI_20260516160306_0024_V.JPG,DJI_20260516160306_0024_V,.jpg,\\amssclgis10.ams.gmams.cl\CL_MLP_PAO\Vuelos_Drone_Sin_Procesar\INPUT\20260519_Geosupport\SOLO_JPG_19May26\GEOSP-TRN-002665\89\DJI_20260516160306_0024_V.JPG,SOLO_JPG_19May26\GEOSP-TRN-002665\89\DJI_20260516160306_0024_V.JPG,1.22,2026-06-08 10:36:55
DJI_20260516160313_0025_V.JPG,DJI_20260516160313_0025_V,.jpg,\\amssclgis10.ams.gmams.cl\CL_MLP_PAO\Vuelos_Drone_Sin_Procesar\INPUT\20260519_Geosupport\SOLO_JPG_19May26\GEOSP-TRN-002665\89\DJI_20260516160313_0025_V.JPG,SOLO_JPG_19May26\GEOSP-TRN-002665\89\DJI_20260516160313_0025_V.JPG,1.254,2026-06-08 10:36:56
DJI_20260516160326_0026_V.JPG,DJI_20260516160326_0026_V,.jpg,\\amssclgis10.ams.gmams.cl\CL_MLP_PAO\Vuelos_Drone_Sin_Procesar\INPUT\20260519_Geosupport\SOLO_JPG_19May26\GEOSP-TRN-002665\89\DJI_20260516160326_0026_V.JPG,SOLO_JPG_19May26\GEOSP-TRN-002665\89\DJI_20260516160326_0026_V.JPG,1.107,2026-06-08 10:36:56
DJI_20260516160340_0027_V.JPG,DJI_20260516160340_0027_V,.jpg,\\amssclgis10.ams.gmams.cl\CL_MLP_PAO\Vuelos_Drone_Sin_Procesar\INPUT\20260519_Geosupport\SOLO_JPG_19May26\GEOSP-TRN-002665\90\DJI_20260516160340_0027_V.JPG,SOLO_JPG_19May26\GEOSP-TRN-002665\90\DJI_20260516160340_0027_V.JPG,1.294,2026-06-08 10:36:56
DJI_20260516160347_0028_V.JPG,DJI_20260516160347_0028_V,.jpg,\\amssclgis10.ams.gmams.cl\CL_MLP_PAO\Vuelos_Drone_Sin_Procesar\INPUT\20260519_Geosupport\SOLO_JPG_19May26\GEOSP-TRN-002665\90\DJI_20260516160347_0028_V.JPG,SOLO_JPG_19May26\GEOSP-TRN-002665\90\DJI_20260516160347_0028_V.JPG,1.309,2026-06-08 10:36:57
DJI_20260516160357_0029_V.JPG,DJI_20260516160357_0029_V,.jpg,\\amssclgis10.ams.gmams.cl\CL_MLP_PAO\Vuelos_Drone_Sin_Procesar\INPUT\20260519_Geosupport\SOLO_JPG_19May26\GEOSP-TRN-002665\90\DJI_20260516160357_0029_V.JPG,SOLO_JPG_19May26\GEOSP-TRN-002665\90\DJI_20260516160357_0029_V.JPG,1.296,2026-06-08 10:36:57
DJI_20260516160405_0030_V.JPG,DJI_20260516160405_0030_V,.jpg,\\amssclgis10.ams.gmams.cl\CL_MLP_PAO\Vuelos_Drone_Sin_Procesar\INPUT\20260519_Geosupport\SOLO_JPG_19May26\GEOSP-TRN-002665\90\DJI_20260516160405_0030_V.JPG,SOLO_JPG_19May26\GEOSP-TRN-002665\90\DJI_20260516160405_0030_V.JPG,1.283,2026-06-08 10:36:58
DJI_20260516160420_0031_V.JPG,DJI_20260516160420_0031_V,.jpg,\\amssclgis10.ams.gmams.cl\CL_MLP_PAO\Vuelos_Drone_Sin_Procesar\INPUT\20260519_Geosupport\SOLO_JPG_19May26\GEOSP-TRN-002665\90\DJI_20260516160420_0031_V.JPG,SOLO_JPG_19May26\GEOSP-TRN-002665\90\DJI_20260516160420_0031_V.JPG,1.192,2026-06-08 10:36:58
DJI_20260516160443_0032_V.JPG,DJI_20260516160443_0032_V,.jpg,\\amssclgis10.ams.gmams.cl\CL_MLP_PAO\Vuelos_Drone_Sin_Procesar\INPUT\20260519_Geosupport\SOLO_JPG_19May26\GEOSP-TRN-002665\91\DJI_20260516160443_0032_V.JPG,SOLO_JPG_19May26\GEOSP-TRN-002665\91\DJI_20260516160443_0032_V.JPG,1.269,2026-06-08 10:36:58
DJI_20260516160451_0033_V.JPG,DJI_20260516160451_0033_V,.jpg,\\amssclgis10.ams.gmams.cl\CL_MLP_PAO\Vuelos_Drone_Sin_Procesar\INPUT\20260519_Geosupport\SOLO_JPG_19May26\GEOSP-TRN-002665\91\DJI_20260516160451_0033_V.JPG,SOLO_JPG_19May26\GEOSP-TRN-002665\91\DJI_20260516160451_0033_V.JPG,1.226,2026-06-08 10:36:59
DJI_20260516160458_0034_V.JPG,DJI_20260516160458_0034_V,.jpg,\\amssclgis10.ams.gmams.cl\CL_MLP_PAO\Vuelos_Drone_Sin_Procesar\INPUT\20260519_Geosupport\SOLO_JPG_19May26\GEOSP-TRN-002665\91\DJI_20260516160458_0034_V.JPG,SOLO_JPG_19May26\GEOSP-TRN-002665\91\DJI_20260516160458_0034_V.JPG,1.237,2026-06-08 10:36:59
DJI_20260516160503_0035_V.JPG,DJI_20260516160503_0035_V,.jpg,\\amssclgis10.ams.gmams.cl\CL_MLP_PAO\Vuelos_Drone_Sin_Procesar\INPUT\20260519_Geosupport\SOLO_JPG_19May26\GEOSP-TRN-002665\91\DJI_20260516160503_0035_V.JPG,SOLO_JPG_19May26\GEOSP-TRN-002665\91\DJI_20260516160503_0035_V.JPG,1.252,2026-06-08 10:36:59
DJI_20260516160508_0036_V.JPG,DJI_20260516160508_0036_V,.jpg,\\amssclgis10.ams.gmams.cl\CL_MLP_PAO\Vuelos_Drone_Sin_Procesar\INPUT\20260519_Geosupport\SOLO_JPG_19May26\GEOSP-TRN-002665\91\DJI_20260516160508_0036_V.JPG,SOLO_JPG_19May26\GEOSP-TRN-002665\91\DJI_20260516160508_0036_V.JPG,1.224,2026-06-08 10:37:00
DJI_20260516160529_0037_V.JPG,DJI_20260516160529_0037_V,.jpg,\\amssclgis10.ams.gmams.cl\CL_MLP_PAO\Vuelos_Drone_Sin_Procesar\INPUT\20260519_Geosupport\SOLO_JPG_19May26\GEOSP-TRN-002665\92\DJI_20260516160529_0037_V.JPG,SOLO_JPG_19May26\GEOSP-TRN-002665\92\DJI_20260516160529_0037_V.JPG,1.296,2026-06-08 10:37:00
DJI_20260516160544_0038_V.JPG,DJI_20260516160544_0038_V,.jpg,\\amssclgis10.ams.gmams.cl\CL_MLP_PAO\Vuelos_Drone_Sin_Procesar\INPUT\20260519_Geosupport\SOLO_JPG_19May26\GEOSP-TRN-002665\92\DJI_20260516160544_0038_V.JPG,SOLO_JPG_19May26\GEOSP-TRN-002665\92\DJI_20260516160544_0038_V.JPG,1.185,2026-06-08 10:37:00
DJI_20260516160552_0039_V.JPG,DJI_20260516160552_0039_V,.jpg,\\amssclgis10.ams.gmams.cl\CL_MLP_PAO\Vuelos_Drone_Sin_Procesar\INPUT\20260519_Geosupport\SOLO_JPG_19May26\GEOSP-TRN-002665\92\DJI_20260516160552_0039_V.JPG,SOLO_JPG_19May26\GEOSP-TRN-002665\92\DJI_20260516160552_0039_V.JPG,1.254,2026-06-08 10:37:01
DJI_20260516160557_0040_V.JPG,DJI_20260516160557_0040_V,.jpg,\\amssclgis10.ams.gmams.cl\CL_MLP_PAO\Vuelos_Drone_Sin_Procesar\INPUT\20260519_Geosupport\SOLO_JPG_19May26\GEOSP-TRN-002665\92\DJI_20260516160557_0040_V.JPG,SOLO_JPG_19May26\GEOSP-TRN-002665\92\DJI_20260516160557_0040_V.JPG,1.248,2026-06-08 10:37:01
DJI_20260516160603_0041_V.JPG,DJI_20260516160603_0041_V,.jpg,\\amssclgis10.ams.gmams.cl\CL_MLP_PAO\Vuelos_Drone_Sin_Procesar\INPUT\20260519_Geosupport\SOLO_JPG_19May26\GEOSP-TRN-002665\92\DJI_20260516160603_0041_V.JPG,SOLO_JPG_19May26\GEOSP-TRN-002665\92\DJI_20260516160603_0041_V.JPG,1.244,2026-06-08 10:37:02
DJI_20260516160621_0042_V.JPG,DJI_20260516160621_0042_V,.jpg,\\amssclgis10.ams.gmams.cl\CL_MLP_PAO\Vuelos_Drone_Sin_Procesar\INPUT\20260519_Geosupport\SOLO_JPG_19May26\GEOSP-TRN-002665\93\DJI_20260516160621_0042_V.JPG,SOLO_JPG_19May26\GEOSP-TRN-002665\93\DJI_20260516160621_0042_V.JPG,1.298,2026-06-08 10:37:02
DJI_20260516160629_0043_V.JPG,DJI_20260516160629_0043_V,.jpg,\\amssclgis10.ams.gmams.cl\CL_MLP_PAO\Vuelos_Drone_Sin_Procesar\INPUT\20260519_Geosupport\SOLO_JPG_19May26\GEOSP-TRN-002665\93\DJI_20260516160629_0043_V.JPG,SOLO_JPG_19May26\GEOSP-TRN-002665\93\DJI_20260516160629_0043_V.JPG,1.245,2026-06-08 10:37:02
DJI_20260516160638_0044_V.JPG,DJI_20260516160638_0044_V,.jpg,\\amssclgis10.ams.gmams.cl\CL_MLP_PAO\Vuelos_Drone_Sin_Procesar\INPUT\20260519_Geosupport\SOLO_JPG_19May26\GEOSP-TRN-002665\93\DJI_20260516160638_0044_V.JPG,SOLO_JPG_19May26\GEOSP-TRN-002665\93\DJI_20260516160638_0044_V.JPG,1.276,2026-06-08 10:37:03
DJI_20260516160645_0045_V.JPG,DJI_20260516160645_0045_V,.jpg,\\amssclgis10.ams.gmams.cl\CL_MLP_PAO\Vuelos_Drone_Sin_Procesar\INPUT\20260519_Geosupport\SOLO_JPG_19May26\GEOSP-TRN-002665\93\DJI_20260516160645_0045_V.JPG,SOLO_JPG_19May26\GEOSP-TRN-002665\93\DJI_20260516160645_0045_V.JPG,1.226,2026-06-08 10:37:03
DJI_20260516160650_0046_V.JPG,DJI_20260516160650_0046_V,.jpg,\\amssclgis10.ams.gmams.cl\CL_MLP_PAO\Vuelos_Drone_Sin_Procesar\INPUT\20260519_Geosupport\SOLO_JPG_19May26\GEOSP-TRN-002665\93\DJI_20260516160650_0046_V.JPG,SOLO_JPG_19May26\GEOSP-TRN-002665\93\DJI_20260516160650_0046_V.JPG,1.314,2026-06-08 10:37:03
DJI_20260516160708_0047_V.JPG,DJI_20260516160708_0047_V,.jpg,\\amssclgis10.ams.gmams.cl\CL_MLP_PAO\Vuelos_Drone_Sin_Procesar\INPUT\20260519_Geosupport\SOLO_JPG_19May26\GEOSP-TRN-002665\94\DJI_20260516160708_0047_V.JPG,SOLO_JPG_19May26\GEOSP-TRN-002665\94\DJI_20260516160708_0047_V.JPG,1.356,2026-06-08 10:37:04
DJI_20260516160716_0048_V.JPG,DJI_20260516160716_0048_V,.jpg,\\amssclgis10.ams.gmams.cl\CL_MLP_PAO\Vuelos_Drone_Sin_Procesar\INPUT\20260519_Geosupport\SOLO_JPG_19May26\GEOSP-TRN-002665\94\DJI_20260516160716_0048_V.JPG,SOLO_JPG_19May26\GEOSP-TRN-002665\94\DJI_20260516160716_0048_V.JPG,1.205,2026-06-08 10:37:04
DJI_20260516160723_0049_V.JPG,DJI_20260516160723_0049_V,.jpg,\\amssclgis10.ams.gmams.cl\CL_MLP_PAO\Vuelos_Drone_Sin_Procesar\INPUT\20260519_Geosupport\SOLO_JPG_19May26\GEOSP-TRN-002665\94\DJI_20260516160723_0049_V.JPG,SOLO_JPG_19May26\GEOSP-TRN-002665\94\DJI_20260516160723_0049_V.JPG,1.285,2026-06-08 10:37:05
DJI_20260516160729_0050_V.JPG,DJI_20260516160729_0050_V,.jpg,\\amssclgis10.ams.gmams.cl\CL_MLP_PAO\Vuelos_Drone_Sin_Procesar\INPUT\20260519_Geosupport\SOLO_JPG_19May26\GEOSP-TRN-002665\94\DJI_20260516160729_0050_V.JPG,SOLO_JPG_19May26\GEOSP-TRN-002665\94\DJI_20260516160729_0050_V.JPG,1.28,2026-06-08 10:37:05
DJI_20260516160740_0051_V.JPG,DJI_20260516160740_0051_V,.jpg,\\amssclgis10.ams.gmams.cl\CL_MLP_PAO\Vuelos_Drone_Sin_Procesar\INPUT\20260519_Geosupport\SOLO_JPG_19May26\GEOSP-TRN-002665\94\DJI_20260516160740_0051_V.JPG,SOLO_JPG_19May26\GEOSP-TRN-002665\94\DJI_20260516160740_0051_V.JPG,1.264,2026-06-08 10:37:05
DJI_20260516160800_0052_V.JPG,DJI_20260516160800_0052_V,.jpg,\\amssclgis10.ams.gmams.cl\CL_MLP_PAO\Vuelos_Drone_Sin_Procesar\INPUT\20260519_Geosupport\SOLO_JPG_19May26\GEOSP-TRN-002665\95\DJI_20260516160800_0052_V.JPG,SOLO_JPG_19May26\GEOSP-TRN-002665\95\DJI_20260516160800_0052_V.JPG,1.322,2026-06-08 10:37:06
DJI_20260516160808_0053_V.JPG,DJI_20260516160808_0053_V,.jpg,\\amssclgis10.ams.gmams.cl\CL_MLP_PAO\Vuelos_Drone_Sin_Procesar\INPUT\20260519_Geosupport\SOLO_JPG_19May26\GEOSP-TRN-002665\95\DJI_20260516160808_0053_V.JPG,SOLO_JPG_19May26\GEOSP-TRN-002665\95\DJI_20260516160808_0053_V.JPG,1.257,2026-06-08 10:37:06
DJI_20260516160814_0054_V.JPG,DJI_20260516160814_0054_V,.jpg,\\amssclgis10.ams.gmams.cl\CL_MLP_PAO\Vuelos_Drone_Sin_Procesar\INPUT\20260519_Geosupport\SOLO_JPG_19May26\GEOSP-TRN-002665\95\DJI_20260516160814_0054_V.JPG,SOLO_JPG_19May26\GEOSP-TRN-002665\95\DJI_20260516160814_0054_V.JPG,1.306,2026-06-08 10:37:06
DJI_20260516160824_0055_V.JPG,DJI_20260516160824_0055_V,.jpg,\\amssclgis10.ams.gmams.cl\CL_MLP_PAO\Vuelos_Drone_Sin_Procesar\INPUT\20260519_Geosupport\SOLO_JPG_19May26\GEOSP-TRN-002665\95\DJI_20260516160824_0055_V.JPG,SOLO_JPG_19May26\GEOSP-TRN-002665\95\DJI_20260516160824_0055_V.JPG,1.288,2026-06-08 10:37:07
DJI_20260516160835_0056_V.JPG,DJI_20260516160835_0056_V,.jpg,\\amssclgis10.ams.gmams.cl\CL_MLP_PAO\Vuelos_Drone_Sin_Procesar\INPUT\20260519_Geosupport\SOLO_JPG_19May26\GEOSP-TRN-002665\95\DJI_20260516160835_0056_V.JPG,SOLO_JPG_19May26\GEOSP-TRN-002665\95\DJI_20260516160835_0056_V.JPG,1.266,2026-06-08 10:37:07
DJI_20260516160851_0057_V.JPG,DJI_20260516160851_0057_V,.jpg,\\amssclgis10.ams.gmams.cl\CL_MLP_PAO\Vuelos_Drone_Sin_Procesar\INPUT\20260519_Geosupport\SOLO_JPG_19May26\GEOSP-TRN-002665\96\DJI_20260516160851_0057_V.JPG,SOLO_JPG_19May26\GEOSP-TRN-002665\96\DJI_20260516160851_0057_V.JPG,1.289,2026-06-08 10:37:08
DJI_20260516160859_0058_V.JPG,DJI_20260516160859_0058_V,.jpg,\\amssclgis10.ams.gmams.cl\CL_MLP_PAO\Vuelos_Drone_Sin_Procesar\INPUT\20260519_Geosupport\SOLO_JPG_19May26\GEOSP-TRN-002665\96\DJI_20260516160859_0058_V.JPG,SOLO_JPG_19May26\GEOSP-TRN-002665\96\DJI_20260516160859_0058_V.JPG,1.134,2026-06-08 10:37:08
DJI_20260516160906_0059_V.JPG,DJI_20260516160906_0059_V,.jpg,\\amssclgis10.ams.gmams.cl\CL_MLP_PAO\Vuelos_Drone_Sin_Procesar\INPUT\20260519_Geosupport\SOLO_JPG_19May26\GEOSP-TRN-002665\96\DJI_20260516160906_0059_V.JPG,SOLO_JPG_19May26\GEOSP-TRN-002665\96\DJI_20260516160906_0059_V.JPG,1.226,2026-06-08 10:37:08
DJI_20260516160911_0060_V.JPG,DJI_20260516160911_0060_V,.jpg,\\amssclgis10.ams.gmams.cl\CL_MLP_PAO\Vuelos_Drone_Sin_Procesar\INPUT\20260519_Geosupport\SOLO_JPG_19May26\GEOSP-TRN-002665\96\DJI_20260516160911_0060_V.JPG,SOLO_JPG_19May26\GEOSP-TRN-002665\96\DJI_20260516160911_0060_V.JPG,1.197,2026-06-08 10:37:09
DJI_20260516160917_0061_V.JPG,DJI_20260516160917_0061_V,.jpg,\\amssclgis10.ams.gmams.cl\CL_MLP_PAO\Vuelos_Drone_Sin_Procesar\INPUT\20260519_Geosupport\SOLO_JPG_19May26\GEOSP-TRN-002665\96\DJI_20260516160917_0061_V.JPG,SOLO_JPG_19May26\GEOSP-TRN-002665\96\DJI_20260516160917_0061_V.JPG,1.231,2026-06-08 10:37:09
DJI_20260516160936_0062_V.JPG,DJI_20260516160936_0062_V,.jpg,\\amssclgis10.ams.gmams.cl\CL_MLP_PAO\Vuelos_Drone_Sin_Procesar\INPUT\20260519_Geosupport\SOLO_JPG_19May26\GEOSP-TRN-002665\97\DJI_20260516160936_0062_V.JPG,SOLO_JPG_19May26\GEOSP-TRN-002665\97\DJI_20260516160936_0062_V.JPG,1.24,2026-06-08 10:37:10
DJI_20260516160943_0063_V.JPG,DJI_20260516160943_0063_V,.jpg,\\amssclgis10.ams.gmams.cl\CL_MLP_PAO\Vuelos_Drone_Sin_Procesar\INPUT\20260519_Geosupport\SOLO_JPG_19May26\GEOSP-TRN-002665\97\DJI_20260516160943_0063_V.JPG,SOLO_JPG_19May26\GEOSP-TRN-002665\97\DJI_20260516160943_0063_V.JPG,1.156,2026-06-08 10:37:10
DJI_20260516160949_0064_V.JPG,DJI_20260516160949_0064_V,.jpg,\\amssclgis10.ams.gmams.cl\CL_MLP_PAO\Vuelos_Drone_Sin_Procesar\INPUT\20260519_Geosupport\SOLO_JPG_19May26\GEOSP-TRN-002665\97\DJI_20260516160949_0064_V.JPG,SOLO_JPG_19May26\GEOSP-TRN-002665\97\DJI_20260516160949_0064_V.JPG,1.199,2026-06-08 10:37:10
DJI_20260516160954_0065_V.JPG,DJI_20260516160954_0065_V,.jpg,\\amssclgis10.ams.gmams.cl\CL_MLP_PAO\Vuelos_Drone_Sin_Procesar\INPUT\20260519_Geosupport\SOLO_JPG_19May26\GEOSP-TRN-002665\97\DJI_20260516160954_0065_V.JPG,SOLO_JPG_19May26\GEOSP-TRN-002665\97\DJI_20260516160954_0065_V.JPG,1.194,2026-06-08 10:37:11
DJI_20260516160959_0066_V.JPG,DJI_20260516160959_0066_V,.jpg,\\amssclgis10.ams.gmams.cl\CL_MLP_PAO\Vuelos_Drone_Sin_Procesar\INPUT\20260519_Geosupport\SOLO_JPG_19May26\GEOSP-TRN-002665\97\DJI_20260516160959_0066_V.JPG,SOLO_JPG_19May26\GEOSP-TRN-002665\97\DJI_20260516160959_0066_V.JPG,1.239,2026-06-08 10:37:11
DJI_20260516161013_0067_V.JPG,DJI_20260516161013_0067_V,.jpg,\\amssclgis10.ams.gmams.cl\CL_MLP_PAO\Vuelos_Drone_Sin_Procesar\INPUT\20260519_Geosupport\SOLO_JPG_19May26\GEOSP-TRN-002665\98\DJI_20260516161013_0067_V.JPG,SOLO_JPG_19May26\GEOSP-TRN-002665\98\DJI_20260516161013_0067_V.JPG,1.327,2026-06-08 10:37:11
DJI_20260516161020_0068_V.JPG,DJI_20260516161020_0068_V,.jpg,\\amssclgis10.ams.gmams.cl\CL_MLP_PAO\Vuelos_Drone_Sin_Procesar\INPUT\20260519_Geosupport\SOLO_JPG_19May26\GEOSP-TRN-002665\98\DJI_20260516161020_0068_V.JPG,SOLO_JPG_19May26\GEOSP-TRN-002665\98\DJI_20260516161020_0068_V.JPG,1.312,2026-06-08 10:37:12
DJI_20260516161027_0069_V.JPG,DJI_20260516161027_0069_V,.jpg,\\amssclgis10.ams.gmams.cl\CL_MLP_PAO\Vuelos_Drone_Sin_Procesar\INPUT\20260519_Geosupport\SOLO_JPG_19May26\GEOSP-TRN-002665\98\DJI_20260516161027_0069_V.JPG,SOLO_JPG_19May26\GEOSP-TRN-002665\98\DJI_20260516161027_0069_V.JPG,1.281,2026-06-08 10:37:12
DJI_20260516161032_0070_V.JPG,DJI_20260516161032_0070_V,.jpg,\\amssclgis10.ams.gmams.cl\CL_MLP_PAO\Vuelos_Drone_Sin_Procesar\INPUT\20260519_Geosupport\SOLO_JPG_19May26\GEOSP-TRN-002665\98\DJI_20260516161032_0070_V.JPG,SOLO_JPG_19May26\GEOSP-TRN-002665\98\DJI_20260516161032_0070_V.JPG,1.275,2026-06-08 10:37:13
DJI_20260516161038_0071_V.JPG,DJI_20260516161038_0071_V,.jpg,\\amssclgis10.ams.gmams.cl\CL_MLP_PAO\Vuelos_Drone_Sin_Procesar\INPUT\20260519_Geosupport\SOLO_JPG_19May26\GEOSP-TRN-002665\98\DJI_20260516161038_0071_V.JPG,SOLO_JPG_19May26\GEOSP-TRN-002665\98\DJI_20260516161038_0071_V.JPG,1.324,2026-06-08 10:37:13
DJI_20260516161059_0072_V.JPG,DJI_20260516161059_0072_V,.jpg,\\amssclgis10.ams.gmams.cl\CL_MLP_PAO\Vuelos_Drone_Sin_Procesar\INPUT\20260519_Geosupport\SOLO_JPG_19May26\GEOSP-TRN-002665\99\DJI_20260516161059_0072_V.JPG,SOLO_JPG_19May26\GEOSP-TRN-002665\99\DJI_20260516161059_0072_V.JPG,1.202,2026-06-08 10:37:13
DJI_20260516161106_0073_V.JPG,DJI_20260516161106_0073_V,.jpg,\\amssclgis10.ams.gmams.cl\CL_MLP_PAO\Vuelos_Drone_Sin_Procesar\INPUT\20260519_Geosupport\SOLO_JPG_19May26\GEOSP-TRN-002665\99\DJI_20260516161106_0073_V.JPG,SOLO_JPG_19May26\GEOSP-TRN-002665\99\DJI_20260516161106_0073_V.JPG,1.082,2026-06-08 10:37:14
DJI_20260516161113_0074_V.JPG,DJI_20260516161113_0074_V,.jpg,\\amssclgis10.ams.gmams.cl\CL_MLP_PAO\Vuelos_Drone_Sin_Procesar\INPUT\20260519_Geosupport\SOLO_JPG_19May26\GEOSP-TRN-002665\99\DJI_20260516161113_0074_V.JPG,SOLO_JPG_19May26\GEOSP-TRN-002665\99\DJI_20260516161113_0074_V.JPG,1.125,2026-06-08 10:37:14
DJI_20260516161120_0075_V.JPG,DJI_20260516161120_0075_V,.jpg,\\amssclgis10.ams.gmams.cl\CL_MLP_PAO\Vuelos_Drone_Sin_Procesar\INPUT\20260519_Geosupport\SOLO_JPG_19May26\GEOSP-TRN-002665\99\DJI_20260516161120_0075_V.JPG,SOLO_JPG_19May26\GEOSP-TRN-002665\99\DJI_20260516161120_0075_V.JPG,1.13,2026-06-08 10:37:14
DJI_20260516161126_0076_V.JPG,DJI_20260516161126_0076_V,.jpg,\\amssclgis10.ams.gmams.cl\CL_MLP_PAO\Vuelos_Drone_Sin_Procesar\INPUT\20260519_Geosupport\SOLO_JPG_19May26\GEOSP-TRN-002665\99\DJI_20260516161126_0076_V.JPG,SOLO_JPG_19May26\GEOSP-TRN-002665\99\DJI_20260516161126_0076_V.JPG,1.152,2026-06-08 10:37:15
GEOSP-TRN-002511_GS_Ortofoto Estación Cabeceras (EC)_01_05_26.tif,GEOSP-TRN-002511_GS_Ortofoto Estación Cabeceras (EC)_01_05_26,.tif,\\amssclgis10.ams.gmams.cl\CL_MLP_PAO\Vuelos_Drone_Sin_Procesar\INPUT\20260519_Geosupport\SOLO_TIF_19May26\GEOSP-TRN-002511_GS_Ortofoto Estación Cabeceras (EC)_01_05_26.tif,SOLO_TIF_19May26\GEOSP-TRN-002511_GS_Ortofoto Estación Cabeceras (EC)_01_05_26.tif,79.159,2026-06-05 11:44:49
GEOSP-TRN-002545_GS_ORTOFOTO_EB3_06-05-26.tif,GEOSP-TRN-002545_GS_ORTOFOTO_EB3_06-05-26,.tif,\\amssclgis10.ams.gmams.cl\CL_MLP_PAO\Vuelos_Drone_Sin_Procesar\INPUT\20260519_Geosupport\SOLO_TIF_19May26\GEOSP-TRN-002545_GS_ORTOFOTO_EB3_06-05-26.tif,SOLO_TIF_19May26\GEOSP-TRN-002545_GS_ORTOFOTO_EB3_06-05-26.tif,11.012,2026-06-05 11:44:50
GEOSP-TRN-002546_GS_ORTOFOTO_SSEE_06-05-26.tif,GEOSP-TRN-002546_GS_ORTOFOTO_SSEE_06-05-26,.tif,\\amssclgis10.ams.gmams.cl\CL_MLP_PAO\Vuelos_Drone_Sin_Procesar\INPUT\20260519_Geosupport\SOLO_TIF_19May26\GEOSP-TRN-002546_GS_ORTOFOTO_SSEE_06-05-26.tif,SOLO_TIF_19May26\GEOSP-TRN-002546_GS_ORTOFOTO_SSEE_06-05-26.tif,762.001,2026-06-05 11:44:57
GEOSP-TRN-002555_GS_Ortofoto_Tramo 2 Línea 33 kV E-085 – E-125_06-05-26.tif,GEOSP-TRN-002555_GS_Ortofoto_Tramo 2 Línea 33 kV E-085 – E-125_06-05-26,.tif,\\amssclgis10.ams.gmams.cl\CL_MLP_PAO\Vuelos_Drone_Sin_Procesar\INPUT\20260519_Geosupport\SOLO_TIF_19May26\GEOSP-TRN-002555_GS_Ortofoto_Tramo 2 Línea 33 kV E-085 – E-125_06-05-26.tif,SOLO_TIF_19May26\GEOSP-TRN-002555_GS_Ortofoto_Tramo 2 Línea 33 kV E-085 – E-125_06-05-26.tif,640.965,2026-06-05 11:45:11
GEOSP-TRN-002591_GS_Ortofoto ED1_10-05-2026.tif,GEOSP-TRN-002591_GS_Ortofoto ED1_10-05-2026,.tif,\\amssclgis10.ams.gmams.cl\CL_MLP_PAO\Vuelos_Drone_Sin_Procesar\INPUT\20260519_Geosupport\SOLO_TIF_19May26\GEOSP-TRN-002591_GS_Ortofoto ED1_10-05-2026.tif,SOLO_TIF_19May26\GEOSP-TRN-002591_GS_Ortofoto ED1_10-05-2026.tif,63.628,2026-06-05 11:45:18
GEOSP-TRN-002592_GS_Ortofoto_Helipuerto Mauro MLP_10-05-2026.tif,GEOSP-TRN-002592_GS_Ortofoto_Helipuerto Mauro MLP_10-05-2026,.tif,\\amssclgis10.ams.gmams.cl\CL_MLP_PAO\Vuelos_Drone_Sin_Procesar\INPUT\20260519_Geosupport\SOLO_TIF_19May26\GEOSP-TRN-002592_GS_Ortofoto_Helipuerto Mauro MLP_10-05-2026.tif,SOLO_TIF_19May26\GEOSP-TRN-002592_GS_Ortofoto_Helipuerto Mauro MLP_10-05-2026.tif,102.047,2026-06-05 11:45:22
GEOSP-TRN-002593_GS_ORTOFOTO_PATIO 19B_10-05-26.tif,GEOSP-TRN-002593_GS_ORTOFOTO_PATIO 19B_10-05-26,.tif,\\amssclgis10.ams.gmams.cl\CL_MLP_PAO\Vuelos_Drone_Sin_Procesar\INPUT\20260519_Geosupport\SOLO_TIF_19May26\GEOSP-TRN-002593_GS_ORTOFOTO_PATIO 19B_10-05-26.tif,SOLO_TIF_19May26\GEOSP-TRN-002593_GS_ORTOFOTO_PATIO 19B_10-05-26.tif,156.844,2026-06-05 11:45:24
GEOSP-TRN-002603_ORTOFOTO_CORTADA_EM2_100526.tif,GEOSP-TRN-002603_ORTOFOTO_CORTADA_EM2_100526,.tif,\\amssclgis10.ams.gmams.cl\CL_MLP_PAO\Vuelos_Drone_Sin_Procesar\INPUT\20260519_Geosupport\SOLO_TIF_19May26\GEOSP-TRN-002603_ORTOFOTO_CORTADA_EM2_100526.tif,SOLO_TIF_19May26\GEOSP-TRN-002603_ORTOFOTO_CORTADA_EM2_100526.tif,71.19,2026-06-05 11:45:29
GEOSP-TRN-002604_GS_Ortofoto_Tramo 2 Línea 33 kV E-048 – E-084_07-05-26.tif,GEOSP-TRN-002604_GS_Ortofoto_Tramo 2 Línea 33 kV E-048 – E-084_07-05-26,.tif,\\amssclgis10.ams.gmams.cl\CL_MLP_PAO\Vuelos_Drone_Sin_Procesar\INPUT\20260519_Geosupport\SOLO_TIF_19May26\GEOSP-TRN-002604_GS_Ortofoto_Tramo 2 Línea 33 kV E-048 – E-084_07-05-26.tif,SOLO_TIF_19May26\GEOSP-TRN-002604_GS_Ortofoto_Tramo 2 Línea 33 kV E-048 – E-084_07-05-26.tif,3217.563,2026-06-05 11:45:59
GEOSP-TRN-002606_GS_Ortofoto_Tramo 1 Línea 33 kV E-125 – ML EB2_10-05-26.tif,GEOSP-TRN-002606_GS_Ortofoto_Tramo 1 Línea 33 kV E-125 – ML EB2_10-05-26,.tif,\\amssclgis10.ams.gmams.cl\CL_MLP_PAO\Vuelos_Drone_Sin_Procesar\INPUT\20260519_Geosupport\SOLO_TIF_19May26\GEOSP-TRN-002606_GS_Ortofoto_Tramo 1 Línea 33 kV E-125 – ML EB2_10-05-26.tif,SOLO_TIF_19May26\GEOSP-TRN-002606_GS_Ortofoto_Tramo 1 Línea 33 kV E-125 – ML EB2_10-05-26.tif,264.282,2026-06-05 11:46:07
GEOSP-TRN-002615_GS_ORTOFOTO_ESTACION DE MONITOREO N°2_13-05-2026.tif,GEOSP-TRN-002615_GS_ORTOFOTO_ESTACION DE MONITOREO N°2_13-05-2026,.tif,\\amssclgis10.ams.gmams.cl\CL_MLP_PAO\Vuelos_Drone_Sin_Procesar\INPUT\20260519_Geosupport\SOLO_TIF_19May26\GEOSP-TRN-002615_GS_ORTOFOTO_ESTACION DE MONITOREO N°2_13-05-2026.tif,SOLO_TIF_19May26\GEOSP-TRN-002615_GS_ORTOFOTO_ESTACION DE MONITOREO N°2_13-05-2026.tif,531.553,2026-06-05 11:46:15
GEOSP-TRN-002616_GS_ORTOFOTO_ACCESO POZOS PRP_130526.tif,GEOSP-TRN-002616_GS_ORTOFOTO_ACCESO POZOS PRP_130526,.tif,\\amssclgis10.ams.gmams.cl\CL_MLP_PAO\Vuelos_Drone_Sin_Procesar\INPUT\20260519_Geosupport\SOLO_TIF_19May26\GEOSP-TRN-002616_GS_ORTOFOTO_ACCESO POZOS PRP_130526.tif,SOLO_TIF_19May26\GEOSP-TRN-002616_GS_ORTOFOTO_ACCESO POZOS PRP_130526.tif,399.55,2026-06-05 11:46:24
GEOSP-TRN-002617_GS_ORTOFOTO_SUBESTACION_EL MAURO_PRIORIDAD 1_13_05_26.tif,GEOSP-TRN-002617_GS_ORTOFOTO_SUBESTACION_EL MAURO_PRIORIDAD 1_13_05_26,.tif,\\amssclgis10.ams.gmams.cl\CL_MLP_PAO\Vuelos_Drone_Sin_Procesar\INPUT\20260519_Geosupport\SOLO_TIF_19May26\GEOSP-TRN-002617_GS_ORTOFOTO_SUBESTACION_EL MAURO_PRIORIDAD 1_13_05_26.tif,SOLO_TIF_19May26\GEOSP-TRN-002617_GS_ORTOFOTO_SUBESTACION_EL MAURO_PRIORIDAD 1_13_05_26.tif,954.304,2026-06-05 11:46:33
GEOSP-TRN-002618_GS_ORTOFOTO_EM2-2_13-05-2026.tif,GEOSP-TRN-002618_GS_ORTOFOTO_EM2-2_13-05-2026,.tif,\\amssclgis10.ams.gmams.cl\CL_MLP_PAO\Vuelos_Drone_Sin_Procesar\INPUT\20260519_Geosupport\SOLO_TIF_19May26\GEOSP-TRN-002618_GS_ORTOFOTO_EM2-2_13-05-2026.tif,SOLO_TIF_19May26\GEOSP-TRN-002618_GS_ORTOFOTO_EM2-2_13-05-2026.tif,156.937,2026-06-05 11:46:35
GEOSP-TRN-002619_GS_ORTOFOTO_EBD_130526.tif,GEOSP-TRN-002619_GS_ORTOFOTO_EBD_130526,.tif,\\amssclgis10.ams.gmams.cl\CL_MLP_PAO\Vuelos_Drone_Sin_Procesar\INPUT\20260519_Geosupport\SOLO_TIF_19May26\GEOSP-TRN-002619_GS_ORTOFOTO_EBD_130526.tif,SOLO_TIF_19May26\GEOSP-TRN-002619_GS_ORTOFOTO_EBD_130526.tif,213.754,2026-06-05 11:46:39
GEOSP-TRN-002620_GS_ORTOFOTO_ED2_13-05-2026.tif,GEOSP-TRN-002620_GS_ORTOFOTO_ED2_13-05-2026,.tif,\\amssclgis10.ams.gmams.cl\CL_MLP_PAO\Vuelos_Drone_Sin_Procesar\INPUT\20260519_Geosupport\SOLO_TIF_19May26\GEOSP-TRN-002620_GS_ORTOFOTO_ED2_13-05-2026.tif,SOLO_TIF_19May26\GEOSP-TRN-002620_GS_ORTOFOTO_ED2_13-05-2026.tif,820.834,2026-06-05 11:46:48
GEOSP-TRN-002621_GS_ORTOFOTO_ESTACION DE BOMBEO Nº3_13_05_26.tif,GEOSP-TRN-002621_GS_ORTOFOTO_ESTACION DE BOMBEO Nº3_13_05_26,.tif,\\amssclgis10.ams.gmams.cl\CL_MLP_PAO\Vuelos_Drone_Sin_Procesar\INPUT\20260519_Geosupport\SOLO_TIF_19May26\GEOSP-TRN-002621_GS_ORTOFOTO_ESTACION DE BOMBEO Nº3_13_05_26.tif,SOLO_TIF_19May26\GEOSP-TRN-002621_GS_ORTOFOTO_ESTACION DE BOMBEO Nº3_13_05_26.tif,56.175,2026-06-05 11:46:51
GEOSP-TRN-002622_GS_ORTOFOTO_POZOS PRP_130526.tif,GEOSP-TRN-002622_GS_ORTOFOTO_POZOS PRP_130526,.tif,\\amssclgis10.ams.gmams.cl\CL_MLP_PAO\Vuelos_Drone_Sin_Procesar\INPUT\20260519_Geosupport\SOLO_TIF_19May26\GEOSP-TRN-002622_GS_ORTOFOTO_POZOS PRP_130526.tif,SOLO_TIF_19May26\GEOSP-TRN-002622_GS_ORTOFOTO_POZOS PRP_130526.tif,29.052,2026-06-05 11:46:53
GEOSP-TRN-002623_GS_ORTOFOTO_ESTACIÓN INTERMEDIA 3_13-05-2026.tif,GEOSP-TRN-002623_GS_ORTOFOTO_ESTACIÓN INTERMEDIA 3_13-05-2026,.tif,\\amssclgis10.ams.gmams.cl\CL_MLP_PAO\Vuelos_Drone_Sin_Procesar\INPUT\20260519_Geosupport\SOLO_TIF_19May26\GEOSP-TRN-002623_GS_ORTOFOTO_ESTACIÓN INTERMEDIA 3_13-05-2026.tif,SOLO_TIF_19May26\GEOSP-TRN-002623_GS_ORTOFOTO_ESTACIÓN INTERMEDIA 3_13-05-2026.tif,1813.409,2026-06-05 11:47:08
GEOSP-TRN-002627_GS_ORTOFOTO_EM3_14-05-2026.tif,GEOSP-TRN-002627_GS_ORTOFOTO_EM3_14-05-2026,.tif,\\amssclgis10.ams.gmams.cl\CL_MLP_PAO\Vuelos_Drone_Sin_Procesar\INPUT\20260519_Geosupport\SOLO_TIF_19May26\GEOSP-TRN-002627_GS_ORTOFOTO_EM3_14-05-2026.tif,SOLO_TIF_19May26\GEOSP-TRN-002627_GS_ORTOFOTO_EM3_14-05-2026.tif,1021.143,2026-06-05 11:47:19
GEOSP-TRN-002629_GS_ORTOFOTO_Camino alternativo Salamanca_ (Prioridad 22)_14_05_26.tif,GEOSP-TRN-002629_GS_ORTOFOTO_Camino alternativo Salamanca_ (Prioridad 22)_14_05_26,.tif,\\amssclgis10.ams.gmams.cl\CL_MLP_PAO\Vuelos_Drone_Sin_Procesar\INPUT\20260519_Geosupport\SOLO_TIF_19May26\GEOSP-TRN-002629_GS_ORTOFOTO_Camino alternativo Salamanca_ (Prioridad 22)_14_05_26.tif,SOLO_TIF_19May26\GEOSP-TRN-002629_GS_ORTOFOTO_Camino alternativo Salamanca_ (Prioridad 22)_14_05_26.tif,56.639,2026-06-05 11:47:23
GEOSP-TRN-002630_GD_ORTOFOTO_Tramo 2 linea 22 KV E-35 - E48_14-05-2026.tif,GEOSP-TRN-002630_GD_ORTOFOTO_Tramo 2 linea 22 KV E-35 - E48_14-05-2026,.tif,\\amssclgis10.ams.gmams.cl\CL_MLP_PAO\Vuelos_Drone_Sin_Procesar\INPUT\20260519_Geosupport\SOLO_TIF_19May26\GEOSP-TRN-002630_GD_ORTOFOTO_Tramo 2 linea 22 KV E-35 - E48_14-05-2026.tif,SOLO_TIF_19May26\GEOSP-TRN-002630_GD_ORTOFOTO_Tramo 2 linea 22 KV E-35 - E48_14-05-2026.tif,650.561,2026-06-05 11:47:29
GEOSP-TRN-002631_GS_ORTOFOTO_EM4_14-05-2026.tif,GEOSP-TRN-002631_GS_ORTOFOTO_EM4_14-05-2026,.tif,\\amssclgis10.ams.gmams.cl\CL_MLP_PAO\Vuelos_Drone_Sin_Procesar\INPUT\20260519_Geosupport\SOLO_TIF_19May26\GEOSP-TRN-002631_GS_ORTOFOTO_EM4_14-05-2026.tif,SOLO_TIF_19May26\GEOSP-TRN-002631_GS_ORTOFOTO_EM4_14-05-2026.tif,2073.665,2026-06-05 11:47:46
GEOSP-TRN-002635_GS_ORTOFOTO_HELIPUERTO MAURO_150526.tif,GEOSP-TRN-002635_GS_ORTOFOTO_HELIPUERTO MAURO_150526,.tif,\\amssclgis10.ams.gmams.cl\CL_MLP_PAO\Vuelos_Drone_Sin_Procesar\INPUT\20260519_Geosupport\SOLO_TIF_19May26\GEOSP-TRN-002635_GS_ORTOFOTO_HELIPUERTO MAURO_150526.tif,SOLO_TIF_19May26\GEOSP-TRN-002635_GS_ORTOFOTO_HELIPUERTO MAURO_150526.tif,85.96,2026-06-05 11:47:50
GEOSP-TRN-002636_GS_ORTOFOTO_HELIPUERTO MAURO_150526.tif,GEOSP-TRN-002636_GS_ORTOFOTO_HELIPUERTO MAURO_150526,.tif,\\amssclgis10.ams.gmams.cl\CL_MLP_PAO\Vuelos_Drone_Sin_Procesar\INPUT\20260519_Geosupport\SOLO_TIF_19May26\GEOSP-TRN-002636_GS_ORTOFOTO_HELIPUERTO MAURO_150526.tif,SOLO_TIF_19May26\GEOSP-TRN-002636_GS_ORTOFOTO_HELIPUERTO MAURO_150526.tif,85.96,2026-06-05 11:47:54
GEOSP-TRN-002642_GS_ORTOFOTO_EV1_15-05-2026.tif,GEOSP-TRN-002642_GS_ORTOFOTO_EV1_15-05-2026,.tif,\\amssclgis10.ams.gmams.cl\CL_MLP_PAO\Vuelos_Drone_Sin_Procesar\INPUT\20260519_Geosupport\SOLO_TIF_19May26\GEOSP-TRN-002642_GS_ORTOFOTO_EV1_15-05-2026.tif,SOLO_TIF_19May26\GEOSP-TRN-002642_GS_ORTOFOTO_EV1_15-05-2026.tif,721.83,2026-06-05 11:47:59
GEOSP-TRN-002643_GS_Ortofoto_Estacion Cabecera (Prioridad 25)_15_05_26.tif,GEOSP-TRN-002643_GS_Ortofoto_Estacion Cabecera (Prioridad 25)_15_05_26,.tif,\\amssclgis10.ams.gmams.cl\CL_MLP_PAO\Vuelos_Drone_Sin_Procesar\INPUT\20260519_Geosupport\SOLO_TIF_19May26\GEOSP-TRN-002643_GS_Ortofoto_Estacion Cabecera (Prioridad 25)_15_05_26.tif,SOLO_TIF_19May26\GEOSP-TRN-002643_GS_Ortofoto_Estacion Cabecera (Prioridad 25)_15_05_26.tif,88.752,2026-06-05 11:48:02
GEOSP-TRN-002647_GS_ORTOFOTO_TORRES E48 A E84_16-05-2026.tif,GEOSP-TRN-002647_GS_ORTOFOTO_TORRES E48 A E84_16-05-2026,.tif,\\amssclgis10.ams.gmams.cl\CL_MLP_PAO\Vuelos_Drone_Sin_Procesar\INPUT\20260519_Geosupport\SOLO_TIF_19May26\GEOSP-TRN-002647_GS_ORTOFOTO_TORRES E48 A E84_16-05-2026.tif,SOLO_TIF_19May26\GEOSP-TRN-002647_GS_ORTOFOTO_TORRES E48 A E84_16-05-2026.tif,1225.743,2026-06-05 11:48:16
GEOSP-TRN-002652_GS_ORTOFOTO_EV2_170526.tif,GEOSP-TRN-002652_GS_ORTOFOTO_EV2_170526,.tif,\\amssclgis10.ams.gmams.cl\CL_MLP_PAO\Vuelos_Drone_Sin_Procesar\INPUT\20260519_Geosupport\SOLO_TIF_19May26\GEOSP-TRN-002652_GS_ORTOFOTO_EV2_170526.tif,SOLO_TIF_19May26\GEOSP-TRN-002652_GS_ORTOFOTO_EV2_170526.tif,190.375,2026-06-05 11:48:27
GEOSP-TRN-002655_GS_ORTOFOTO_EDT_17-05-2026.tif,GEOSP-TRN-002655_GS_ORTOFOTO_EDT_17-05-2026,.tif,\\amssclgis10.ams.gmams.cl\CL_MLP_PAO\Vuelos_Drone_Sin_Procesar\INPUT\20260519_Geosupport\SOLO_TIF_19May26\GEOSP-TRN-002655_GS_ORTOFOTO_EDT_17-05-2026.tif,SOLO_TIF_19May26\GEOSP-TRN-002655_GS_ORTOFOTO_EDT_17-05-2026.tif,21.961,2026-06-05 11:48:29
GEOSP-TRN-002656_GD_ORTOFOTO_Tramo 2 linea 22 KV E-35 - E48_14-05-2026.tif,GEOSP-TRN-002656_GD_ORTOFOTO_Tramo 2 linea 22 KV E-35 - E48_14-05-2026,.tif,\\amssclgis10.ams.gmams.cl\CL_MLP_PAO\Vuelos_Drone_Sin_Procesar\INPUT\20260519_Geosupport\SOLO_TIF_19May26\GEOSP-TRN-002656_GD_ORTOFOTO_Tramo 2 linea 22 KV E-35 - E48_14-05-2026.tif,SOLO_TIF_19May26\GEOSP-TRN-002656_GD_ORTOFOTO_Tramo 2 linea 22 KV E-35 - E48_14-05-2026.tif,650.561,2026-06-05 11:48:35
GEOSP-TRN-002660_GS_ORTOFOTO_EM1_150526.tif,GEOSP-TRN-002660_GS_ORTOFOTO_EM1_150526,.tif,\\amssclgis10.ams.gmams.cl\CL_MLP_PAO\Vuelos_Drone_Sin_Procesar\INPUT\20260519_Geosupport\SOLO_TIF_19May26\GEOSP-TRN-002660_GS_ORTOFOTO_EM1_150526.tif,SOLO_TIF_19May26\GEOSP-TRN-002660_GS_ORTOFOTO_EM1_150526.tif,138.719,2026-06-05 11:48:41
GEOSP-TRN-002665_ORTOFOTO_LINEA 33KV E-085-E125 ( Prioridad 7)_16_16_05_26.tif,GEOSP-TRN-002665_ORTOFOTO_LINEA 33KV E-085-E125 ( Prioridad 7)_16_16_05_26,.tif,\\amssclgis10.ams.gmams.cl\CL_MLP_PAO\Vuelos_Drone_Sin_Procesar\INPUT\20260519_Geosupport\SOLO_TIF_19May26\GEOSP-TRN-002665_ORTOFOTO_LINEA 33KV E-085-E125 ( Prioridad 7)_16_16_05_26.tif,SOLO_TIF_19May26\GEOSP-TRN-002665_ORTOFOTO_LINEA 33KV E-085-E125 ( Prioridad 7)_16_16_05_26.tif,1158.81,2026-06-05 11:49:09
