mosaic_row_index,source_field,source_value,mosaic_path,mosaic_file_name,mosaic_stem,mosaic_key,mosaic_file_key,mosaic_stem_key
0,Path,\\amssclgis10.ams.gmams.cl\CL_MLP_PAO\Chacay_El_Mauro_Drone\26_01_07\CL_MLP_PAO_IF_Ortho_26_01_07_ED2.tif,//amssclgis10.ams.gmams.cl/cl_mlp_pao/chacay_el_mauro_drone/26_01_07/cl_mlp_pao_if_ortho_26_01_07_ed2.tif,cl_mlp_pao_if_ortho_26_01_07_ed2.tif,cl_mlp_pao_if_ortho_26_01_07_ed2,amssclgis10_ams_gmams_cl_cl_mlp_pao_chacay_el_mauro_drone_26_01_07_cl_mlp_pao_if_ortho_26_01_07_ed2_tif,cl_mlp_pao_if_ortho_26_01_07_ed2_tif,cl_mlp_pao_if_ortho_26_01_07_ed2
1,Path,\\amssclgis08.ams.gmams.cl\CL_MLP_PAO\01_Proyectos_ArcGIS\APRX\CL MLP PAO Aereo Image Server\SQLServer-amssclgis06_ArcGIS-Aereo.sde\OWD.AMD_CL_MLP_PAO_IF_Ortho_Geosupport_OVR\\Ov_i9A2_L01_R0000FE03_C0000D54F,//amssclgis08.ams.gmams.cl/cl_mlp_pao/01_proyectos_arcgis/aprx/cl mlp pao aereo image server/sqlserver-amssclgis06_arcgis-aereo.sde/owd.amd_cl_mlp_pao_if_ortho_geosupport_ovr//ov_i9a2_l01_r0000fe03_c0000d54f,ov_i9a2_l01_r0000fe03_c0000d54f,ov_i9a2_l01_r0000fe03_c0000d54f,amssclgis08_ams_gmams_cl_cl_mlp_pao_01_proyectos_arcgis_aprx_cl_mlp_pao_aereo_image_server_sqlserver_amssclgis06_arcgis_aereo_sde_owd_amd_cl_mlp_pao_if_ortho_geosupport_ovr_ov_i9a2_l01_r0000fe03_c0000d54f,ov_i9a2_l01_r0000fe03_c0000d54f,ov_i9a2_l01_r0000fe03_c0000d54f
2,Path,\\amssclgis08.ams.gmams.cl\CL_MLP_PAO\01_Proyectos_ArcGIS\APRX\CL MLP PAO Aereo Image Server\SQLServer-amssclgis06_ArcGIS-Aereo.sde\OWD.AMD_CL_MLP_PAO_IF_Ortho_Geosupport_OVR\\Ov_i9A2_L01_R0000FE03_C0000D550,//amssclgis08.ams.gmams.cl/cl_mlp_pao/01_proyectos_arcgis/aprx/cl mlp pao aereo image server/sqlserver-amssclgis06_arcgis-aereo.sde/owd.amd_cl_mlp_pao_if_ortho_geosupport_ovr//ov_i9a2_l01_r0000fe03_c0000d550,ov_i9a2_l01_r0000fe03_c0000d550,ov_i9a2_l01_r0000fe03_c0000d550,amssclgis08_ams_gmams_cl_cl_mlp_pao_01_proyectos_arcgis_aprx_cl_mlp_pao_aereo_image_server_sqlserver_amssclgis06_arcgis_aereo_sde_owd_amd_cl_mlp_pao_if_ortho_geosupport_ovr_ov_i9a2_l01_r0000fe03_c0000d550,ov_i9a2_l01_r0000fe03_c0000d550,ov_i9a2_l01_r0000fe03_c0000d550
3,Path,\\amssclgis08.ams.gmams.cl\CL_MLP_PAO\01_Proyectos_ArcGIS\APRX\CL MLP PAO Aereo Image Server\SQLServer-amssclgis06_ArcGIS-Aereo.sde\OWD.AMD_CL_MLP_PAO_IF_Ortho_Geosupport_OVR\\Ov_i9A2_L01_R0000FE03_C0000D551,//amssclgis08.ams.gmams.cl/cl_mlp_pao/01_proyectos_arcgis/aprx/cl mlp pao aereo image server/sqlserver-amssclgis06_arcgis-aereo.sde/owd.amd_cl_mlp_pao_if_ortho_geosupport_ovr//ov_i9a2_l01_r0000fe03_c0000d551,ov_i9a2_l01_r0000fe03_c0000d551,ov_i9a2_l01_r0000fe03_c0000d551,amssclgis08_ams_gmams_cl_cl_mlp_pao_01_proyectos_arcgis_aprx_cl_mlp_pao_aereo_image_server_sqlserver_amssclgis06_arcgis_aereo_sde_owd_amd_cl_mlp_pao_if_ortho_geosupport_ovr_ov_i9a2_l01_r0000fe03_c0000d551,ov_i9a2_l01_r0000fe03_c0000d551,ov_i9a2_l01_r0000fe03_c0000d551
4,Path,\\amssclgis08.ams.gmams.cl\CL_MLP_PAO\01_Proyectos_ArcGIS\APRX\CL MLP PAO Aereo Image Server\SQLServer-amssclgis06_ArcGIS-Aereo.sde\OWD.AMD_CL_MLP_PAO_IF_Ortho_Geosupport_OVR\\Ov_i9A2_L01_R0000FE03_C0000D556,//amssclgis08.ams.gmams.cl/cl_mlp_pao/01_proyectos_arcgis/aprx/cl mlp pao aereo image server/sqlserver-amssclgis06_arcgis-aereo.sde/owd.amd_cl_mlp_pao_if_ortho_geosupport_ovr//ov_i9a2_l01_r0000fe03_c0000d556,ov_i9a2_l01_r0000fe03_c0000d556,ov_i9a2_l01_r0000fe03_c0000d556,amssclgis08_ams_gmams_cl_cl_mlp_pao_01_proyectos_arcgis_aprx_cl_mlp_pao_aereo_image_server_sqlserver_amssclgis06_arcgis_aereo_sde_owd_amd_cl_mlp_pao_if_ortho_geosupport_ovr_ov_i9a2_l01_r0000fe03_c0000d556,ov_i9a2_l01_r0000fe03_c0000d556,ov_i9a2_l01_r0000fe03_c0000d556
5,Path,\\amssclgis08.ams.gmams.cl\CL_MLP_PAO\01_Proyectos_ArcGIS\APRX\CL MLP PAO Aereo Image Server\SQLServer-amssclgis06_ArcGIS-Aereo.sde\OWD.AMD_CL_MLP_PAO_IF_Ortho_Geosupport_OVR\\Ov_i9A2_L01_R0000FE03_C0000D557,//amssclgis08.ams.gmams.cl/cl_mlp_pao/01_proyectos_arcgis/aprx/cl mlp pao aereo image server/sqlserver-amssclgis06_arcgis-aereo.sde/owd.amd_cl_mlp_pao_if_ortho_geosupport_ovr//ov_i9a2_l01_r0000fe03_c0000d557,ov_i9a2_l01_r0000fe03_c0000d557,ov_i9a2_l01_r0000fe03_c0000d557,amssclgis08_ams_gmams_cl_cl_mlp_pao_01_proyectos_arcgis_aprx_cl_mlp_pao_aereo_image_server_sqlserver_amssclgis06_arcgis_aereo_sde_owd_amd_cl_mlp_pao_if_ortho_geosupport_ovr_ov_i9a2_l01_r0000fe03_c0000d557,ov_i9a2_l01_r0000fe03_c0000d557,ov_i9a2_l01_r0000fe03_c0000d557
6,Path,\\amssclgis08.ams.gmams.cl\CL_MLP_PAO\01_Proyectos_ArcGIS\APRX\CL MLP PAO Aereo Image Server\SQLServer-amssclgis06_ArcGIS-Aereo.sde\OWD.AMD_CL_MLP_PAO_IF_Ortho_Geosupport_OVR\\Ov_i9A2_L01_R0000FE03_C0000D558,//amssclgis08.ams.gmams.cl/cl_mlp_pao/01_proyectos_arcgis/aprx/cl mlp pao aereo image server/sqlserver-amssclgis06_arcgis-aereo.sde/owd.amd_cl_mlp_pao_if_ortho_geosupport_ovr//ov_i9a2_l01_r0000fe03_c0000d558,ov_i9a2_l01_r0000fe03_c0000d558,ov_i9a2_l01_r0000fe03_c0000d558,amssclgis08_ams_gmams_cl_cl_mlp_pao_01_proyectos_arcgis_aprx_cl_mlp_pao_aereo_image_server_sqlserver_amssclgis06_arcgis_aereo_sde_owd_amd_cl_mlp_pao_if_ortho_geosupport_ovr_ov_i9a2_l01_r0000fe03_c0000d558,ov_i9a2_l01_r0000fe03_c0000d558,ov_i9a2_l01_r0000fe03_c0000d558
7,Path,\\amssclgis08.ams.gmams.cl\CL_MLP_PAO\01_Proyectos_ArcGIS\APRX\CL MLP PAO Aereo Image Server\SQLServer-amssclgis06_ArcGIS-Aereo.sde\OWD.AMD_CL_MLP_PAO_IF_Ortho_Geosupport_OVR\\Ov_i9A2_L01_R0000FE04_C0000D54F,//amssclgis08.ams.gmams.cl/cl_mlp_pao/01_proyectos_arcgis/aprx/cl mlp pao aereo image server/sqlserver-amssclgis06_arcgis-aereo.sde/owd.amd_cl_mlp_pao_if_ortho_geosupport_ovr//ov_i9a2_l01_r0000fe04_c0000d54f,ov_i9a2_l01_r0000fe04_c0000d54f,ov_i9a2_l01_r0000fe04_c0000d54f,amssclgis08_ams_gmams_cl_cl_mlp_pao_01_proyectos_arcgis_aprx_cl_mlp_pao_aereo_image_server_sqlserver_amssclgis06_arcgis_aereo_sde_owd_amd_cl_mlp_pao_if_ortho_geosupport_ovr_ov_i9a2_l01_r0000fe04_c0000d54f,ov_i9a2_l01_r0000fe04_c0000d54f,ov_i9a2_l01_r0000fe04_c0000d54f
8,Path,\\amssclgis08.ams.gmams.cl\CL_MLP_PAO\01_Proyectos_ArcGIS\APRX\CL MLP PAO Aereo Image Server\SQLServer-amssclgis06_ArcGIS-Aereo.sde\OWD.AMD_CL_MLP_PAO_IF_Ortho_Geosupport_OVR\\Ov_i9A2_L01_R0000FE04_C0000D550,//amssclgis08.ams.gmams.cl/cl_mlp_pao/01_proyectos_arcgis/aprx/cl mlp pao aereo image server/sqlserver-amssclgis06_arcgis-aereo.sde/owd.amd_cl_mlp_pao_if_ortho_geosupport_ovr//ov_i9a2_l01_r0000fe04_c0000d550,ov_i9a2_l01_r0000fe04_c0000d550,ov_i9a2_l01_r0000fe04_c0000d550,amssclgis08_ams_gmams_cl_cl_mlp_pao_01_proyectos_arcgis_aprx_cl_mlp_pao_aereo_image_server_sqlserver_amssclgis06_arcgis_aereo_sde_owd_amd_cl_mlp_pao_if_ortho_geosupport_ovr_ov_i9a2_l01_r0000fe04_c0000d550,ov_i9a2_l01_r0000fe04_c0000d550,ov_i9a2_l01_r0000fe04_c0000d550
9,Path,\\amssclgis08.ams.gmams.cl\CL_MLP_PAO\01_Proyectos_ArcGIS\APRX\CL MLP PAO Aereo Image Server\SQLServer-amssclgis06_ArcGIS-Aereo.sde\OWD.AMD_CL_MLP_PAO_IF_Ortho_Geosupport_OVR\\Ov_i9A2_L01_R0000FE04_C0000D551,//amssclgis08.ams.gmams.cl/cl_mlp_pao/01_proyectos_arcgis/aprx/cl mlp pao aereo image server/sqlserver-amssclgis06_arcgis-aereo.sde/owd.amd_cl_mlp_pao_if_ortho_geosupport_ovr//ov_i9a2_l01_r0000fe04_c0000d551,ov_i9a2_l01_r0000fe04_c0000d551,ov_i9a2_l01_r0000fe04_c0000d551,amssclgis08_ams_gmams_cl_cl_mlp_pao_01_proyectos_arcgis_aprx_cl_mlp_pao_aereo_image_server_sqlserver_amssclgis06_arcgis_aereo_sde_owd_amd_cl_mlp_pao_if_ortho_geosupport_ovr_ov_i9a2_l01_r0000fe04_c0000d551,ov_i9a2_l01_r0000fe04_c0000d551,ov_i9a2_l01_r0000fe04_c0000d551
10,Path,\\amssclgis08.ams.gmams.cl\CL_MLP_PAO\01_Proyectos_ArcGIS\APRX\CL MLP PAO Aereo Image Server\SQLServer-amssclgis06_ArcGIS-Aereo.sde\OWD.AMD_CL_MLP_PAO_IF_Ortho_Geosupport_OVR\\Ov_i9A2_L01_R0000FE04_C0000D552,//amssclgis08.ams.gmams.cl/cl_mlp_pao/01_proyectos_arcgis/aprx/cl mlp pao aereo image server/sqlserver-amssclgis06_arcgis-aereo.sde/owd.amd_cl_mlp_pao_if_ortho_geosupport_ovr//ov_i9a2_l01_r0000fe04_c0000d552,ov_i9a2_l01_r0000fe04_c0000d552,ov_i9a2_l01_r0000fe04_c0000d552,amssclgis08_ams_gmams_cl_cl_mlp_pao_01_proyectos_arcgis_aprx_cl_mlp_pao_aereo_image_server_sqlserver_amssclgis06_arcgis_aereo_sde_owd_amd_cl_mlp_pao_if_ortho_geosupport_ovr_ov_i9a2_l01_r0000fe04_c0000d552,ov_i9a2_l01_r0000fe04_c0000d552,ov_i9a2_l01_r0000fe04_c0000d552
11,Path,\\amssclgis08.ams.gmams.cl\CL_MLP_PAO\01_Proyectos_ArcGIS\APRX\CL MLP PAO Aereo Image Server\SQLServer-amssclgis06_ArcGIS-Aereo.sde\OWD.AMD_CL_MLP_PAO_IF_Ortho_Geosupport_OVR\\Ov_i9A2_L01_R0000FE04_C0000D553,//amssclgis08.ams.gmams.cl/cl_mlp_pao/01_proyectos_arcgis/aprx/cl mlp pao aereo image server/sqlserver-amssclgis06_arcgis-aereo.sde/owd.amd_cl_mlp_pao_if_ortho_geosupport_ovr//ov_i9a2_l01_r0000fe04_c0000d553,ov_i9a2_l01_r0000fe04_c0000d553,ov_i9a2_l01_r0000fe04_c0000d553,amssclgis08_ams_gmams_cl_cl_mlp_pao_01_proyectos_arcgis_aprx_cl_mlp_pao_aereo_image_server_sqlserver_amssclgis06_arcgis_aereo_sde_owd_amd_cl_mlp_pao_if_ortho_geosupport_ovr_ov_i9a2_l01_r0000fe04_c0000d553,ov_i9a2_l01_r0000fe04_c0000d553,ov_i9a2_l01_r0000fe04_c0000d553
12,Path,\\amssclgis08.ams.gmams.cl\CL_MLP_PAO\01_Proyectos_ArcGIS\APRX\CL MLP PAO Aereo Image Server\SQLServer-amssclgis06_ArcGIS-Aereo.sde\OWD.AMD_CL_MLP_PAO_IF_Ortho_Geosupport_OVR\\Ov_i9A2_L01_R0000FE04_C0000D554,//amssclgis08.ams.gmams.cl/cl_mlp_pao/01_proyectos_arcgis/aprx/cl mlp pao aereo image server/sqlserver-amssclgis06_arcgis-aereo.sde/owd.amd_cl_mlp_pao_if_ortho_geosupport_ovr//ov_i9a2_l01_r0000fe04_c0000d554,ov_i9a2_l01_r0000fe04_c0000d554,ov_i9a2_l01_r0000fe04_c0000d554,amssclgis08_ams_gmams_cl_cl_mlp_pao_01_proyectos_arcgis_aprx_cl_mlp_pao_aereo_image_server_sqlserver_amssclgis06_arcgis_aereo_sde_owd_amd_cl_mlp_pao_if_ortho_geosupport_ovr_ov_i9a2_l01_r0000fe04_c0000d554,ov_i9a2_l01_r0000fe04_c0000d554,ov_i9a2_l01_r0000fe04_c0000d554
13,Path,\\amssclgis08.ams.gmams.cl\CL_MLP_PAO\01_Proyectos_ArcGIS\APRX\CL MLP PAO Aereo Image Server\SQLServer-amssclgis06_ArcGIS-Aereo.sde\OWD.AMD_CL_MLP_PAO_IF_Ortho_Geosupport_OVR\\Ov_i9A2_L01_R0000FE04_C0000D555,//amssclgis08.ams.gmams.cl/cl_mlp_pao/01_proyectos_arcgis/aprx/cl mlp pao aereo image server/sqlserver-amssclgis06_arcgis-aereo.sde/owd.amd_cl_mlp_pao_if_ortho_geosupport_ovr//ov_i9a2_l01_r0000fe04_c0000d555,ov_i9a2_l01_r0000fe04_c0000d555,ov_i9a2_l01_r0000fe04_c0000d555,amssclgis08_ams_gmams_cl_cl_mlp_pao_01_proyectos_arcgis_aprx_cl_mlp_pao_aereo_image_server_sqlserver_amssclgis06_arcgis_aereo_sde_owd_amd_cl_mlp_pao_if_ortho_geosupport_ovr_ov_i9a2_l01_r0000fe04_c0000d555,ov_i9a2_l01_r0000fe04_c0000d555,ov_i9a2_l01_r0000fe04_c0000d555
14,Path,\\amssclgis08.ams.gmams.cl\CL_MLP_PAO\01_Proyectos_ArcGIS\APRX\CL MLP PAO Aereo Image Server\SQLServer-amssclgis06_ArcGIS-Aereo.sde\OWD.AMD_CL_MLP_PAO_IF_Ortho_Geosupport_OVR\\Ov_i9A2_L01_R0000FE04_C0000D556,//amssclgis08.ams.gmams.cl/cl_mlp_pao/01_proyectos_arcgis/aprx/cl mlp pao aereo image server/sqlserver-amssclgis06_arcgis-aereo.sde/owd.amd_cl_mlp_pao_if_ortho_geosupport_ovr//ov_i9a2_l01_r0000fe04_c0000d556,ov_i9a2_l01_r0000fe04_c0000d556,ov_i9a2_l01_r0000fe04_c0000d556,amssclgis08_ams_gmams_cl_cl_mlp_pao_01_proyectos_arcgis_aprx_cl_mlp_pao_aereo_image_server_sqlserver_amssclgis06_arcgis_aereo_sde_owd_amd_cl_mlp_pao_if_ortho_geosupport_ovr_ov_i9a2_l01_r0000fe04_c0000d556,ov_i9a2_l01_r0000fe04_c0000d556,ov_i9a2_l01_r0000fe04_c0000d556
15,Path,\\amssclgis08.ams.gmams.cl\CL_MLP_PAO\01_Proyectos_ArcGIS\APRX\CL MLP PAO Aereo Image Server\SQLServer-amssclgis06_ArcGIS-Aereo.sde\OWD.AMD_CL_MLP_PAO_IF_Ortho_Geosupport_OVR\\Ov_i9A2_L01_R0000FE04_C0000D557,//amssclgis08.ams.gmams.cl/cl_mlp_pao/01_proyectos_arcgis/aprx/cl mlp pao aereo image server/sqlserver-amssclgis06_arcgis-aereo.sde/owd.amd_cl_mlp_pao_if_ortho_geosupport_ovr//ov_i9a2_l01_r0000fe04_c0000d557,ov_i9a2_l01_r0000fe04_c0000d557,ov_i9a2_l01_r0000fe04_c0000d557,amssclgis08_ams_gmams_cl_cl_mlp_pao_01_proyectos_arcgis_aprx_cl_mlp_pao_aereo_image_server_sqlserver_amssclgis06_arcgis_aereo_sde_owd_amd_cl_mlp_pao_if_ortho_geosupport_ovr_ov_i9a2_l01_r0000fe04_c0000d557,ov_i9a2_l01_r0000fe04_c0000d557,ov_i9a2_l01_r0000fe04_c0000d557
16,Path,\\amssclgis08.ams.gmams.cl\CL_MLP_PAO\01_Proyectos_ArcGIS\APRX\CL MLP PAO Aereo Image Server\SQLServer-amssclgis06_ArcGIS-Aereo.sde\OWD.AMD_CL_MLP_PAO_IF_Ortho_Geosupport_OVR\\Ov_i9A2_L01_R0000FE04_C0000D558,//amssclgis08.ams.gmams.cl/cl_mlp_pao/01_proyectos_arcgis/aprx/cl mlp pao aereo image server/sqlserver-amssclgis06_arcgis-aereo.sde/owd.amd_cl_mlp_pao_if_ortho_geosupport_ovr//ov_i9a2_l01_r0000fe04_c0000d558,ov_i9a2_l01_r0000fe04_c0000d558,ov_i9a2_l01_r0000fe04_c0000d558,amssclgis08_ams_gmams_cl_cl_mlp_pao_01_proyectos_arcgis_aprx_cl_mlp_pao_aereo_image_server_sqlserver_amssclgis06_arcgis_aereo_sde_owd_amd_cl_mlp_pao_if_ortho_geosupport_ovr_ov_i9a2_l01_r0000fe04_c0000d558,ov_i9a2_l01_r0000fe04_c0000d558,ov_i9a2_l01_r0000fe04_c0000d558
17,Path,\\amssclgis08.ams.gmams.cl\CL_MLP_PAO\01_Proyectos_ArcGIS\APRX\CL MLP PAO Aereo Image Server\SQLServer-amssclgis06_ArcGIS-Aereo.sde\OWD.AMD_CL_MLP_PAO_IF_Ortho_Geosupport_OVR\\Ov_i9A2_L01_R0000FE04_C0000D55D,//amssclgis08.ams.gmams.cl/cl_mlp_pao/01_proyectos_arcgis/aprx/cl mlp pao aereo image server/sqlserver-amssclgis06_arcgis-aereo.sde/owd.amd_cl_mlp_pao_if_ortho_geosupport_ovr//ov_i9a2_l01_r0000fe04_c0000d55d,ov_i9a2_l01_r0000fe04_c0000d55d,ov_i9a2_l01_r0000fe04_c0000d55d,amssclgis08_ams_gmams_cl_cl_mlp_pao_01_proyectos_arcgis_aprx_cl_mlp_pao_aereo_image_server_sqlserver_amssclgis06_arcgis_aereo_sde_owd_amd_cl_mlp_pao_if_ortho_geosupport_ovr_ov_i9a2_l01_r0000fe04_c0000d55d,ov_i9a2_l01_r0000fe04_c0000d55d,ov_i9a2_l01_r0000fe04_c0000d55d
18,Path,\\amssclgis08.ams.gmams.cl\CL_MLP_PAO\01_Proyectos_ArcGIS\APRX\CL MLP PAO Aereo Image Server\SQLServer-amssclgis06_ArcGIS-Aereo.sde\OWD.AMD_CL_MLP_PAO_IF_Ortho_Geosupport_OVR\\Ov_i9A2_L01_R0000FE04_C0000D55E,//amssclgis08.ams.gmams.cl/cl_mlp_pao/01_proyectos_arcgis/aprx/cl mlp pao aereo image server/sqlserver-amssclgis06_arcgis-aereo.sde/owd.amd_cl_mlp_pao_if_ortho_geosupport_ovr//ov_i9a2_l01_r0000fe04_c0000d55e,ov_i9a2_l01_r0000fe04_c0000d55e,ov_i9a2_l01_r0000fe04_c0000d55e,amssclgis08_ams_gmams_cl_cl_mlp_pao_01_proyectos_arcgis_aprx_cl_mlp_pao_aereo_image_server_sqlserver_amssclgis06_arcgis_aereo_sde_owd_amd_cl_mlp_pao_if_ortho_geosupport_ovr_ov_i9a2_l01_r0000fe04_c0000d55e,ov_i9a2_l01_r0000fe04_c0000d55e,ov_i9a2_l01_r0000fe04_c0000d55e
19,Path,\\amssclgis08.ams.gmams.cl\CL_MLP_PAO\01_Proyectos_ArcGIS\APRX\CL MLP PAO Aereo Image Server\SQLServer-amssclgis06_ArcGIS-Aereo.sde\OWD.AMD_CL_MLP_PAO_IF_Ortho_Geosupport_OVR\\Ov_i9A2_L01_R0000FE05_C0000D54F,//amssclgis08.ams.gmams.cl/cl_mlp_pao/01_proyectos_arcgis/aprx/cl mlp pao aereo image server/sqlserver-amssclgis06_arcgis-aereo.sde/owd.amd_cl_mlp_pao_if_ortho_geosupport_ovr//ov_i9a2_l01_r0000fe05_c0000d54f,ov_i9a2_l01_r0000fe05_c0000d54f,ov_i9a2_l01_r0000fe05_c0000d54f,amssclgis08_ams_gmams_cl_cl_mlp_pao_01_proyectos_arcgis_aprx_cl_mlp_pao_aereo_image_server_sqlserver_amssclgis06_arcgis_aereo_sde_owd_amd_cl_mlp_pao_if_ortho_geosupport_ovr_ov_i9a2_l01_r0000fe05_c0000d54f,ov_i9a2_l01_r0000fe05_c0000d54f,ov_i9a2_l01_r0000fe05_c0000d54f
20,Path,\\amssclgis08.ams.gmams.cl\CL_MLP_PAO\01_Proyectos_ArcGIS\APRX\CL MLP PAO Aereo Image Server\SQLServer-amssclgis06_ArcGIS-Aereo.sde\OWD.AMD_CL_MLP_PAO_IF_Ortho_Geosupport_OVR\\Ov_i9A2_L01_R0000FE05_C0000D550,//amssclgis08.ams.gmams.cl/cl_mlp_pao/01_proyectos_arcgis/aprx/cl mlp pao aereo image server/sqlserver-amssclgis06_arcgis-aereo.sde/owd.amd_cl_mlp_pao_if_ortho_geosupport_ovr//ov_i9a2_l01_r0000fe05_c0000d550,ov_i9a2_l01_r0000fe05_c0000d550,ov_i9a2_l01_r0000fe05_c0000d550,amssclgis08_ams_gmams_cl_cl_mlp_pao_01_proyectos_arcgis_aprx_cl_mlp_pao_aereo_image_server_sqlserver_amssclgis06_arcgis_aereo_sde_owd_amd_cl_mlp_pao_if_ortho_geosupport_ovr_ov_i9a2_l01_r0000fe05_c0000d550,ov_i9a2_l01_r0000fe05_c0000d550,ov_i9a2_l01_r0000fe05_c0000d550
21,Path,\\amssclgis08.ams.gmams.cl\CL_MLP_PAO\01_Proyectos_ArcGIS\APRX\CL MLP PAO Aereo Image Server\SQLServer-amssclgis06_ArcGIS-Aereo.sde\OWD.AMD_CL_MLP_PAO_IF_Ortho_Geosupport_OVR\\Ov_i9A2_L01_R0000FE05_C0000D551,//amssclgis08.ams.gmams.cl/cl_mlp_pao/01_proyectos_arcgis/aprx/cl mlp pao aereo image server/sqlserver-amssclgis06_arcgis-aereo.sde/owd.amd_cl_mlp_pao_if_ortho_geosupport_ovr//ov_i9a2_l01_r0000fe05_c0000d551,ov_i9a2_l01_r0000fe05_c0000d551,ov_i9a2_l01_r0000fe05_c0000d551,amssclgis08_ams_gmams_cl_cl_mlp_pao_01_proyectos_arcgis_aprx_cl_mlp_pao_aereo_image_server_sqlserver_amssclgis06_arcgis_aereo_sde_owd_amd_cl_mlp_pao_if_ortho_geosupport_ovr_ov_i9a2_l01_r0000fe05_c0000d551,ov_i9a2_l01_r0000fe05_c0000d551,ov_i9a2_l01_r0000fe05_c0000d551
22,Path,\\amssclgis08.ams.gmams.cl\CL_MLP_PAO\01_Proyectos_ArcGIS\APRX\CL MLP PAO Aereo Image Server\SQLServer-amssclgis06_ArcGIS-Aereo.sde\OWD.AMD_CL_MLP_PAO_IF_Ortho_Geosupport_OVR\\Ov_i9A2_L01_R0000FE05_C0000D552,//amssclgis08.ams.gmams.cl/cl_mlp_pao/01_proyectos_arcgis/aprx/cl mlp pao aereo image server/sqlserver-amssclgis06_arcgis-aereo.sde/owd.amd_cl_mlp_pao_if_ortho_geosupport_ovr//ov_i9a2_l01_r0000fe05_c0000d552,ov_i9a2_l01_r0000fe05_c0000d552,ov_i9a2_l01_r0000fe05_c0000d552,amssclgis08_ams_gmams_cl_cl_mlp_pao_01_proyectos_arcgis_aprx_cl_mlp_pao_aereo_image_server_sqlserver_amssclgis06_arcgis_aereo_sde_owd_amd_cl_mlp_pao_if_ortho_geosupport_ovr_ov_i9a2_l01_r0000fe05_c0000d552,ov_i9a2_l01_r0000fe05_c0000d552,ov_i9a2_l01_r0000fe05_c0000d552
23,Path,\\amssclgis08.ams.gmams.cl\CL_MLP_PAO\01_Proyectos_ArcGIS\APRX\CL MLP PAO Aereo Image Server\SQLServer-amssclgis06_ArcGIS-Aereo.sde\OWD.AMD_CL_MLP_PAO_IF_Ortho_Geosupport_OVR\\Ov_i9A2_L01_R0000FE05_C0000D553,//amssclgis08.ams.gmams.cl/cl_mlp_pao/01_proyectos_arcgis/aprx/cl mlp pao aereo image server/sqlserver-amssclgis06_arcgis-aereo.sde/owd.amd_cl_mlp_pao_if_ortho_geosupport_ovr//ov_i9a2_l01_r0000fe05_c0000d553,ov_i9a2_l01_r0000fe05_c0000d553,ov_i9a2_l01_r0000fe05_c0000d553,amssclgis08_ams_gmams_cl_cl_mlp_pao_01_proyectos_arcgis_aprx_cl_mlp_pao_aereo_image_server_sqlserver_amssclgis06_arcgis_aereo_sde_owd_amd_cl_mlp_pao_if_ortho_geosupport_ovr_ov_i9a2_l01_r0000fe05_c0000d553,ov_i9a2_l01_r0000fe05_c0000d553,ov_i9a2_l01_r0000fe05_c0000d553
24,Path,\\amssclgis08.ams.gmams.cl\CL_MLP_PAO\01_Proyectos_ArcGIS\APRX\CL MLP PAO Aereo Image Server\SQLServer-amssclgis06_ArcGIS-Aereo.sde\OWD.AMD_CL_MLP_PAO_IF_Ortho_Geosupport_OVR\\Ov_i9A2_L01_R0000FE05_C0000D554,//amssclgis08.ams.gmams.cl/cl_mlp_pao/01_proyectos_arcgis/aprx/cl mlp pao aereo image server/sqlserver-amssclgis06_arcgis-aereo.sde/owd.amd_cl_mlp_pao_if_ortho_geosupport_ovr//ov_i9a2_l01_r0000fe05_c0000d554,ov_i9a2_l01_r0000fe05_c0000d554,ov_i9a2_l01_r0000fe05_c0000d554,amssclgis08_ams_gmams_cl_cl_mlp_pao_01_proyectos_arcgis_aprx_cl_mlp_pao_aereo_image_server_sqlserver_amssclgis06_arcgis_aereo_sde_owd_amd_cl_mlp_pao_if_ortho_geosupport_ovr_ov_i9a2_l01_r0000fe05_c0000d554,ov_i9a2_l01_r0000fe05_c0000d554,ov_i9a2_l01_r0000fe05_c0000d554
25,Path,\\amssclgis08.ams.gmams.cl\CL_MLP_PAO\01_Proyectos_ArcGIS\APRX\CL MLP PAO Aereo Image Server\SQLServer-amssclgis06_ArcGIS-Aereo.sde\OWD.AMD_CL_MLP_PAO_IF_Ortho_Geosupport_OVR\\Ov_i9A2_L01_R0000FE05_C0000D555,//amssclgis08.ams.gmams.cl/cl_mlp_pao/01_proyectos_arcgis/aprx/cl mlp pao aereo image server/sqlserver-amssclgis06_arcgis-aereo.sde/owd.amd_cl_mlp_pao_if_ortho_geosupport_ovr//ov_i9a2_l01_r0000fe05_c0000d555,ov_i9a2_l01_r0000fe05_c0000d555,ov_i9a2_l01_r0000fe05_c0000d555,amssclgis08_ams_gmams_cl_cl_mlp_pao_01_proyectos_arcgis_aprx_cl_mlp_pao_aereo_image_server_sqlserver_amssclgis06_arcgis_aereo_sde_owd_amd_cl_mlp_pao_if_ortho_geosupport_ovr_ov_i9a2_l01_r0000fe05_c0000d555,ov_i9a2_l01_r0000fe05_c0000d555,ov_i9a2_l01_r0000fe05_c0000d555
26,Path,\\amssclgis08.ams.gmams.cl\CL_MLP_PAO\01_Proyectos_ArcGIS\APRX\CL MLP PAO Aereo Image Server\SQLServer-amssclgis06_ArcGIS-Aereo.sde\OWD.AMD_CL_MLP_PAO_IF_Ortho_Geosupport_OVR\\Ov_i9A2_L01_R0000FE05_C0000D556,//amssclgis08.ams.gmams.cl/cl_mlp_pao/01_proyectos_arcgis/aprx/cl mlp pao aereo image server/sqlserver-amssclgis06_arcgis-aereo.sde/owd.amd_cl_mlp_pao_if_ortho_geosupport_ovr//ov_i9a2_l01_r0000fe05_c0000d556,ov_i9a2_l01_r0000fe05_c0000d556,ov_i9a2_l01_r0000fe05_c0000d556,amssclgis08_ams_gmams_cl_cl_mlp_pao_01_proyectos_arcgis_aprx_cl_mlp_pao_aereo_image_server_sqlserver_amssclgis06_arcgis_aereo_sde_owd_amd_cl_mlp_pao_if_ortho_geosupport_ovr_ov_i9a2_l01_r0000fe05_c0000d556,ov_i9a2_l01_r0000fe05_c0000d556,ov_i9a2_l01_r0000fe05_c0000d556
27,Path,\\amssclgis08.ams.gmams.cl\CL_MLP_PAO\01_Proyectos_ArcGIS\APRX\CL MLP PAO Aereo Image Server\SQLServer-amssclgis06_ArcGIS-Aereo.sde\OWD.AMD_CL_MLP_PAO_IF_Ortho_Geosupport_OVR\\Ov_i9A2_L01_R0000FE05_C0000D558,//amssclgis08.ams.gmams.cl/cl_mlp_pao/01_proyectos_arcgis/aprx/cl mlp pao aereo image server/sqlserver-amssclgis06_arcgis-aereo.sde/owd.amd_cl_mlp_pao_if_ortho_geosupport_ovr//ov_i9a2_l01_r0000fe05_c0000d558,ov_i9a2_l01_r0000fe05_c0000d558,ov_i9a2_l01_r0000fe05_c0000d558,amssclgis08_ams_gmams_cl_cl_mlp_pao_01_proyectos_arcgis_aprx_cl_mlp_pao_aereo_image_server_sqlserver_amssclgis06_arcgis_aereo_sde_owd_amd_cl_mlp_pao_if_ortho_geosupport_ovr_ov_i9a2_l01_r0000fe05_c0000d558,ov_i9a2_l01_r0000fe05_c0000d558,ov_i9a2_l01_r0000fe05_c0000d558
28,Path,\\amssclgis08.ams.gmams.cl\CL_MLP_PAO\01_Proyectos_ArcGIS\APRX\CL MLP PAO Aereo Image Server\SQLServer-amssclgis06_ArcGIS-Aereo.sde\OWD.AMD_CL_MLP_PAO_IF_Ortho_Geosupport_OVR\\Ov_i9A2_L01_R0000FE05_C0000D559,//amssclgis08.ams.gmams.cl/cl_mlp_pao/01_proyectos_arcgis/aprx/cl mlp pao aereo image server/sqlserver-amssclgis06_arcgis-aereo.sde/owd.amd_cl_mlp_pao_if_ortho_geosupport_ovr//ov_i9a2_l01_r0000fe05_c0000d559,ov_i9a2_l01_r0000fe05_c0000d559,ov_i9a2_l01_r0000fe05_c0000d559,amssclgis08_ams_gmams_cl_cl_mlp_pao_01_proyectos_arcgis_aprx_cl_mlp_pao_aereo_image_server_sqlserver_amssclgis06_arcgis_aereo_sde_owd_amd_cl_mlp_pao_if_ortho_geosupport_ovr_ov_i9a2_l01_r0000fe05_c0000d559,ov_i9a2_l01_r0000fe05_c0000d559,ov_i9a2_l01_r0000fe05_c0000d559
29,Path,\\amssclgis08.ams.gmams.cl\CL_MLP_PAO\01_Proyectos_ArcGIS\APRX\CL MLP PAO Aereo Image Server\SQLServer-amssclgis06_ArcGIS-Aereo.sde\OWD.AMD_CL_MLP_PAO_IF_Ortho_Geosupport_OVR\\Ov_i9A2_L01_R0000FE05_C0000D55C,//amssclgis08.ams.gmams.cl/cl_mlp_pao/01_proyectos_arcgis/aprx/cl mlp pao aereo image server/sqlserver-amssclgis06_arcgis-aereo.sde/owd.amd_cl_mlp_pao_if_ortho_geosupport_ovr//ov_i9a2_l01_r0000fe05_c0000d55c,ov_i9a2_l01_r0000fe05_c0000d55c,ov_i9a2_l01_r0000fe05_c0000d55c,amssclgis08_ams_gmams_cl_cl_mlp_pao_01_proyectos_arcgis_aprx_cl_mlp_pao_aereo_image_server_sqlserver_amssclgis06_arcgis_aereo_sde_owd_amd_cl_mlp_pao_if_ortho_geosupport_ovr_ov_i9a2_l01_r0000fe05_c0000d55c,ov_i9a2_l01_r0000fe05_c0000d55c,ov_i9a2_l01_r0000fe05_c0000d55c
30,Path,\\amssclgis08.ams.gmams.cl\CL_MLP_PAO\01_Proyectos_ArcGIS\APRX\CL MLP PAO Aereo Image Server\SQLServer-amssclgis06_ArcGIS-Aereo.sde\OWD.AMD_CL_MLP_PAO_IF_Ortho_Geosupport_OVR\\Ov_i9A2_L01_R0000FE05_C0000D55D,//amssclgis08.ams.gmams.cl/cl_mlp_pao/01_proyectos_arcgis/aprx/cl mlp pao aereo image server/sqlserver-amssclgis06_arcgis-aereo.sde/owd.amd_cl_mlp_pao_if_ortho_geosupport_ovr//ov_i9a2_l01_r0000fe05_c0000d55d,ov_i9a2_l01_r0000fe05_c0000d55d,ov_i9a2_l01_r0000fe05_c0000d55d,amssclgis08_ams_gmams_cl_cl_mlp_pao_01_proyectos_arcgis_aprx_cl_mlp_pao_aereo_image_server_sqlserver_amssclgis06_arcgis_aereo_sde_owd_amd_cl_mlp_pao_if_ortho_geosupport_ovr_ov_i9a2_l01_r0000fe05_c0000d55d,ov_i9a2_l01_r0000fe05_c0000d55d,ov_i9a2_l01_r0000fe05_c0000d55d
31,Path,\\amssclgis08.ams.gmams.cl\CL_MLP_PAO\01_Proyectos_ArcGIS\APRX\CL MLP PAO Aereo Image Server\SQLServer-amssclgis06_ArcGIS-Aereo.sde\OWD.AMD_CL_MLP_PAO_IF_Ortho_Geosupport_OVR\\Ov_i9A2_L01_R0000FE05_C0000D55E,//amssclgis08.ams.gmams.cl/cl_mlp_pao/01_proyectos_arcgis/aprx/cl mlp pao aereo image server/sqlserver-amssclgis06_arcgis-aereo.sde/owd.amd_cl_mlp_pao_if_ortho_geosupport_ovr//ov_i9a2_l01_r0000fe05_c0000d55e,ov_i9a2_l01_r0000fe05_c0000d55e,ov_i9a2_l01_r0000fe05_c0000d55e,amssclgis08_ams_gmams_cl_cl_mlp_pao_01_proyectos_arcgis_aprx_cl_mlp_pao_aereo_image_server_sqlserver_amssclgis06_arcgis_aereo_sde_owd_amd_cl_mlp_pao_if_ortho_geosupport_ovr_ov_i9a2_l01_r0000fe05_c0000d55e,ov_i9a2_l01_r0000fe05_c0000d55e,ov_i9a2_l01_r0000fe05_c0000d55e
32,Path,\\amssclgis08.ams.gmams.cl\CL_MLP_PAO\01_Proyectos_ArcGIS\APRX\CL MLP PAO Aereo Image Server\SQLServer-amssclgis06_ArcGIS-Aereo.sde\OWD.AMD_CL_MLP_PAO_IF_Ortho_Geosupport_OVR\\Ov_i9A2_L01_R0000FE06_C0000D54F,//amssclgis08.ams.gmams.cl/cl_mlp_pao/01_proyectos_arcgis/aprx/cl mlp pao aereo image server/sqlserver-amssclgis06_arcgis-aereo.sde/owd.amd_cl_mlp_pao_if_ortho_geosupport_ovr//ov_i9a2_l01_r0000fe06_c0000d54f,ov_i9a2_l01_r0000fe06_c0000d54f,ov_i9a2_l01_r0000fe06_c0000d54f,amssclgis08_ams_gmams_cl_cl_mlp_pao_01_proyectos_arcgis_aprx_cl_mlp_pao_aereo_image_server_sqlserver_amssclgis06_arcgis_aereo_sde_owd_amd_cl_mlp_pao_if_ortho_geosupport_ovr_ov_i9a2_l01_r0000fe06_c0000d54f,ov_i9a2_l01_r0000fe06_c0000d54f,ov_i9a2_l01_r0000fe06_c0000d54f
33,Path,\\amssclgis08.ams.gmams.cl\CL_MLP_PAO\01_Proyectos_ArcGIS\APRX\CL MLP PAO Aereo Image Server\SQLServer-amssclgis06_ArcGIS-Aereo.sde\OWD.AMD_CL_MLP_PAO_IF_Ortho_Geosupport_OVR\\Ov_i9A2_L01_R0000FE06_C0000D550,//amssclgis08.ams.gmams.cl/cl_mlp_pao/01_proyectos_arcgis/aprx/cl mlp pao aereo image server/sqlserver-amssclgis06_arcgis-aereo.sde/owd.amd_cl_mlp_pao_if_ortho_geosupport_ovr//ov_i9a2_l01_r0000fe06_c0000d550,ov_i9a2_l01_r0000fe06_c0000d550,ov_i9a2_l01_r0000fe06_c0000d550,amssclgis08_ams_gmams_cl_cl_mlp_pao_01_proyectos_arcgis_aprx_cl_mlp_pao_aereo_image_server_sqlserver_amssclgis06_arcgis_aereo_sde_owd_amd_cl_mlp_pao_if_ortho_geosupport_ovr_ov_i9a2_l01_r0000fe06_c0000d550,ov_i9a2_l01_r0000fe06_c0000d550,ov_i9a2_l01_r0000fe06_c0000d550
34,Path,\\amssclgis08.ams.gmams.cl\CL_MLP_PAO\01_Proyectos_ArcGIS\APRX\CL MLP PAO Aereo Image Server\SQLServer-amssclgis06_ArcGIS-Aereo.sde\OWD.AMD_CL_MLP_PAO_IF_Ortho_Geosupport_OVR\\Ov_i9A2_L01_R0000FE06_C0000D551,//amssclgis08.ams.gmams.cl/cl_mlp_pao/01_proyectos_arcgis/aprx/cl mlp pao aereo image server/sqlserver-amssclgis06_arcgis-aereo.sde/owd.amd_cl_mlp_pao_if_ortho_geosupport_ovr//ov_i9a2_l01_r0000fe06_c0000d551,ov_i9a2_l01_r0000fe06_c0000d551,ov_i9a2_l01_r0000fe06_c0000d551,amssclgis08_ams_gmams_cl_cl_mlp_pao_01_proyectos_arcgis_aprx_cl_mlp_pao_aereo_image_server_sqlserver_amssclgis06_arcgis_aereo_sde_owd_amd_cl_mlp_pao_if_ortho_geosupport_ovr_ov_i9a2_l01_r0000fe06_c0000d551,ov_i9a2_l01_r0000fe06_c0000d551,ov_i9a2_l01_r0000fe06_c0000d551
35,Path,\\amssclgis08.ams.gmams.cl\CL_MLP_PAO\01_Proyectos_ArcGIS\APRX\CL MLP PAO Aereo Image Server\SQLServer-amssclgis06_ArcGIS-Aereo.sde\OWD.AMD_CL_MLP_PAO_IF_Ortho_Geosupport_OVR\\Ov_i9A2_L01_R0000FE06_C0000D552,//amssclgis08.ams.gmams.cl/cl_mlp_pao/01_proyectos_arcgis/aprx/cl mlp pao aereo image server/sqlserver-amssclgis06_arcgis-aereo.sde/owd.amd_cl_mlp_pao_if_ortho_geosupport_ovr//ov_i9a2_l01_r0000fe06_c0000d552,ov_i9a2_l01_r0000fe06_c0000d552,ov_i9a2_l01_r0000fe06_c0000d552,amssclgis08_ams_gmams_cl_cl_mlp_pao_01_proyectos_arcgis_aprx_cl_mlp_pao_aereo_image_server_sqlserver_amssclgis06_arcgis_aereo_sde_owd_amd_cl_mlp_pao_if_ortho_geosupport_ovr_ov_i9a2_l01_r0000fe06_c0000d552,ov_i9a2_l01_r0000fe06_c0000d552,ov_i9a2_l01_r0000fe06_c0000d552
36,Path,\\amssclgis08.ams.gmams.cl\CL_MLP_PAO\01_Proyectos_ArcGIS\APRX\CL MLP PAO Aereo Image Server\SQLServer-amssclgis06_ArcGIS-Aereo.sde\OWD.AMD_CL_MLP_PAO_IF_Ortho_Geosupport_OVR\\Ov_i9A2_L01_R0000FE06_C0000D553,//amssclgis08.ams.gmams.cl/cl_mlp_pao/01_proyectos_arcgis/aprx/cl mlp pao aereo image server/sqlserver-amssclgis06_arcgis-aereo.sde/owd.amd_cl_mlp_pao_if_ortho_geosupport_ovr//ov_i9a2_l01_r0000fe06_c0000d553,ov_i9a2_l01_r0000fe06_c0000d553,ov_i9a2_l01_r0000fe06_c0000d553,amssclgis08_ams_gmams_cl_cl_mlp_pao_01_proyectos_arcgis_aprx_cl_mlp_pao_aereo_image_server_sqlserver_amssclgis06_arcgis_aereo_sde_owd_amd_cl_mlp_pao_if_ortho_geosupport_ovr_ov_i9a2_l01_r0000fe06_c0000d553,ov_i9a2_l01_r0000fe06_c0000d553,ov_i9a2_l01_r0000fe06_c0000d553
37,Path,\\amssclgis08.ams.gmams.cl\CL_MLP_PAO\01_Proyectos_ArcGIS\APRX\CL MLP PAO Aereo Image Server\SQLServer-amssclgis06_ArcGIS-Aereo.sde\OWD.AMD_CL_MLP_PAO_IF_Ortho_Geosupport_OVR\\Ov_i9A2_L01_R0000FE06_C0000D554,//amssclgis08.ams.gmams.cl/cl_mlp_pao/01_proyectos_arcgis/aprx/cl mlp pao aereo image server/sqlserver-amssclgis06_arcgis-aereo.sde/owd.amd_cl_mlp_pao_if_ortho_geosupport_ovr//ov_i9a2_l01_r0000fe06_c0000d554,ov_i9a2_l01_r0000fe06_c0000d554,ov_i9a2_l01_r0000fe06_c0000d554,amssclgis08_ams_gmams_cl_cl_mlp_pao_01_proyectos_arcgis_aprx_cl_mlp_pao_aereo_image_server_sqlserver_amssclgis06_arcgis_aereo_sde_owd_amd_cl_mlp_pao_if_ortho_geosupport_ovr_ov_i9a2_l01_r0000fe06_c0000d554,ov_i9a2_l01_r0000fe06_c0000d554,ov_i9a2_l01_r0000fe06_c0000d554
38,Path,\\amssclgis08.ams.gmams.cl\CL_MLP_PAO\01_Proyectos_ArcGIS\APRX\CL MLP PAO Aereo Image Server\SQLServer-amssclgis06_ArcGIS-Aereo.sde\OWD.AMD_CL_MLP_PAO_IF_Ortho_Geosupport_OVR\\Ov_i9A2_L01_R0000FE06_C0000D558,//amssclgis08.ams.gmams.cl/cl_mlp_pao/01_proyectos_arcgis/aprx/cl mlp pao aereo image server/sqlserver-amssclgis06_arcgis-aereo.sde/owd.amd_cl_mlp_pao_if_ortho_geosupport_ovr//ov_i9a2_l01_r0000fe06_c0000d558,ov_i9a2_l01_r0000fe06_c0000d558,ov_i9a2_l01_r0000fe06_c0000d558,amssclgis08_ams_gmams_cl_cl_mlp_pao_01_proyectos_arcgis_aprx_cl_mlp_pao_aereo_image_server_sqlserver_amssclgis06_arcgis_aereo_sde_owd_amd_cl_mlp_pao_if_ortho_geosupport_ovr_ov_i9a2_l01_r0000fe06_c0000d558,ov_i9a2_l01_r0000fe06_c0000d558,ov_i9a2_l01_r0000fe06_c0000d558
39,Path,\\amssclgis08.ams.gmams.cl\CL_MLP_PAO\01_Proyectos_ArcGIS\APRX\CL MLP PAO Aereo Image Server\SQLServer-amssclgis06_ArcGIS-Aereo.sde\OWD.AMD_CL_MLP_PAO_IF_Ortho_Geosupport_OVR\\Ov_i9A2_L01_R0000FE06_C0000D559,//amssclgis08.ams.gmams.cl/cl_mlp_pao/01_proyectos_arcgis/aprx/cl mlp pao aereo image server/sqlserver-amssclgis06_arcgis-aereo.sde/owd.amd_cl_mlp_pao_if_ortho_geosupport_ovr//ov_i9a2_l01_r0000fe06_c0000d559,ov_i9a2_l01_r0000fe06_c0000d559,ov_i9a2_l01_r0000fe06_c0000d559,amssclgis08_ams_gmams_cl_cl_mlp_pao_01_proyectos_arcgis_aprx_cl_mlp_pao_aereo_image_server_sqlserver_amssclgis06_arcgis_aereo_sde_owd_amd_cl_mlp_pao_if_ortho_geosupport_ovr_ov_i9a2_l01_r0000fe06_c0000d559,ov_i9a2_l01_r0000fe06_c0000d559,ov_i9a2_l01_r0000fe06_c0000d559
40,Path,\\amssclgis08.ams.gmams.cl\CL_MLP_PAO\01_Proyectos_ArcGIS\APRX\CL MLP PAO Aereo Image Server\SQLServer-amssclgis06_ArcGIS-Aereo.sde\OWD.AMD_CL_MLP_PAO_IF_Ortho_Geosupport_OVR\\Ov_i9A2_L01_R0000FE06_C0000D55A,//amssclgis08.ams.gmams.cl/cl_mlp_pao/01_proyectos_arcgis/aprx/cl mlp pao aereo image server/sqlserver-amssclgis06_arcgis-aereo.sde/owd.amd_cl_mlp_pao_if_ortho_geosupport_ovr//ov_i9a2_l01_r0000fe06_c0000d55a,ov_i9a2_l01_r0000fe06_c0000d55a,ov_i9a2_l01_r0000fe06_c0000d55a,amssclgis08_ams_gmams_cl_cl_mlp_pao_01_proyectos_arcgis_aprx_cl_mlp_pao_aereo_image_server_sqlserver_amssclgis06_arcgis_aereo_sde_owd_amd_cl_mlp_pao_if_ortho_geosupport_ovr_ov_i9a2_l01_r0000fe06_c0000d55a,ov_i9a2_l01_r0000fe06_c0000d55a,ov_i9a2_l01_r0000fe06_c0000d55a
41,Path,\\amssclgis08.ams.gmams.cl\CL_MLP_PAO\01_Proyectos_ArcGIS\APRX\CL MLP PAO Aereo Image Server\SQLServer-amssclgis06_ArcGIS-Aereo.sde\OWD.AMD_CL_MLP_PAO_IF_Ortho_Geosupport_OVR\\Ov_i9A2_L01_R0000FE06_C0000D55B,//amssclgis08.ams.gmams.cl/cl_mlp_pao/01_proyectos_arcgis/aprx/cl mlp pao aereo image server/sqlserver-amssclgis06_arcgis-aereo.sde/owd.amd_cl_mlp_pao_if_ortho_geosupport_ovr//ov_i9a2_l01_r0000fe06_c0000d55b,ov_i9a2_l01_r0000fe06_c0000d55b,ov_i9a2_l01_r0000fe06_c0000d55b,amssclgis08_ams_gmams_cl_cl_mlp_pao_01_proyectos_arcgis_aprx_cl_mlp_pao_aereo_image_server_sqlserver_amssclgis06_arcgis_aereo_sde_owd_amd_cl_mlp_pao_if_ortho_geosupport_ovr_ov_i9a2_l01_r0000fe06_c0000d55b,ov_i9a2_l01_r0000fe06_c0000d55b,ov_i9a2_l01_r0000fe06_c0000d55b
42,Path,\\amssclgis08.ams.gmams.cl\CL_MLP_PAO\01_Proyectos_ArcGIS\APRX\CL MLP PAO Aereo Image Server\SQLServer-amssclgis06_ArcGIS-Aereo.sde\OWD.AMD_CL_MLP_PAO_IF_Ortho_Geosupport_OVR\\Ov_i9A2_L01_R0000FE06_C0000D55C,//amssclgis08.ams.gmams.cl/cl_mlp_pao/01_proyectos_arcgis/aprx/cl mlp pao aereo image server/sqlserver-amssclgis06_arcgis-aereo.sde/owd.amd_cl_mlp_pao_if_ortho_geosupport_ovr//ov_i9a2_l01_r0000fe06_c0000d55c,ov_i9a2_l01_r0000fe06_c0000d55c,ov_i9a2_l01_r0000fe06_c0000d55c,amssclgis08_ams_gmams_cl_cl_mlp_pao_01_proyectos_arcgis_aprx_cl_mlp_pao_aereo_image_server_sqlserver_amssclgis06_arcgis_aereo_sde_owd_amd_cl_mlp_pao_if_ortho_geosupport_ovr_ov_i9a2_l01_r0000fe06_c0000d55c,ov_i9a2_l01_r0000fe06_c0000d55c,ov_i9a2_l01_r0000fe06_c0000d55c
43,Path,\\amssclgis08.ams.gmams.cl\CL_MLP_PAO\01_Proyectos_ArcGIS\APRX\CL MLP PAO Aereo Image Server\SQLServer-amssclgis06_ArcGIS-Aereo.sde\OWD.AMD_CL_MLP_PAO_IF_Ortho_Geosupport_OVR\\Ov_i9A2_L01_R0000FE06_C0000D55D,//amssclgis08.ams.gmams.cl/cl_mlp_pao/01_proyectos_arcgis/aprx/cl mlp pao aereo image server/sqlserver-amssclgis06_arcgis-aereo.sde/owd.amd_cl_mlp_pao_if_ortho_geosupport_ovr//ov_i9a2_l01_r0000fe06_c0000d55d,ov_i9a2_l01_r0000fe06_c0000d55d,ov_i9a2_l01_r0000fe06_c0000d55d,amssclgis08_ams_gmams_cl_cl_mlp_pao_01_proyectos_arcgis_aprx_cl_mlp_pao_aereo_image_server_sqlserver_amssclgis06_arcgis_aereo_sde_owd_amd_cl_mlp_pao_if_ortho_geosupport_ovr_ov_i9a2_l01_r0000fe06_c0000d55d,ov_i9a2_l01_r0000fe06_c0000d55d,ov_i9a2_l01_r0000fe06_c0000d55d
44,Path,\\amssclgis08.ams.gmams.cl\CL_MLP_PAO\01_Proyectos_ArcGIS\APRX\CL MLP PAO Aereo Image Server\SQLServer-amssclgis06_ArcGIS-Aereo.sde\OWD.AMD_CL_MLP_PAO_IF_Ortho_Geosupport_OVR\\Ov_i9A2_L01_R0000FE06_C0000D55E,//amssclgis08.ams.gmams.cl/cl_mlp_pao/01_proyectos_arcgis/aprx/cl mlp pao aereo image server/sqlserver-amssclgis06_arcgis-aereo.sde/owd.amd_cl_mlp_pao_if_ortho_geosupport_ovr//ov_i9a2_l01_r0000fe06_c0000d55e,ov_i9a2_l01_r0000fe06_c0000d55e,ov_i9a2_l01_r0000fe06_c0000d55e,amssclgis08_ams_gmams_cl_cl_mlp_pao_01_proyectos_arcgis_aprx_cl_mlp_pao_aereo_image_server_sqlserver_amssclgis06_arcgis_aereo_sde_owd_amd_cl_mlp_pao_if_ortho_geosupport_ovr_ov_i9a2_l01_r0000fe06_c0000d55e,ov_i9a2_l01_r0000fe06_c0000d55e,ov_i9a2_l01_r0000fe06_c0000d55e
45,Path,\\amssclgis08.ams.gmams.cl\CL_MLP_PAO\01_Proyectos_ArcGIS\APRX\CL MLP PAO Aereo Image Server\SQLServer-amssclgis06_ArcGIS-Aereo.sde\OWD.AMD_CL_MLP_PAO_IF_Ortho_Geosupport_OVR\\Ov_i9A2_L01_R0000FE06_C0000D55F,//amssclgis08.ams.gmams.cl/cl_mlp_pao/01_proyectos_arcgis/aprx/cl mlp pao aereo image server/sqlserver-amssclgis06_arcgis-aereo.sde/owd.amd_cl_mlp_pao_if_ortho_geosupport_ovr//ov_i9a2_l01_r0000fe06_c0000d55f,ov_i9a2_l01_r0000fe06_c0000d55f,ov_i9a2_l01_r0000fe06_c0000d55f,amssclgis08_ams_gmams_cl_cl_mlp_pao_01_proyectos_arcgis_aprx_cl_mlp_pao_aereo_image_server_sqlserver_amssclgis06_arcgis_aereo_sde_owd_amd_cl_mlp_pao_if_ortho_geosupport_ovr_ov_i9a2_l01_r0000fe06_c0000d55f,ov_i9a2_l01_r0000fe06_c0000d55f,ov_i9a2_l01_r0000fe06_c0000d55f
46,Path,\\amssclgis08.ams.gmams.cl\CL_MLP_PAO\01_Proyectos_ArcGIS\APRX\CL MLP PAO Aereo Image Server\SQLServer-amssclgis06_ArcGIS-Aereo.sde\OWD.AMD_CL_MLP_PAO_IF_Ortho_Geosupport_OVR\\Ov_i9A2_L01_R0000FE07_C0000D552,//amssclgis08.ams.gmams.cl/cl_mlp_pao/01_proyectos_arcgis/aprx/cl mlp pao aereo image server/sqlserver-amssclgis06_arcgis-aereo.sde/owd.amd_cl_mlp_pao_if_ortho_geosupport_ovr//ov_i9a2_l01_r0000fe07_c0000d552,ov_i9a2_l01_r0000fe07_c0000d552,ov_i9a2_l01_r0000fe07_c0000d552,amssclgis08_ams_gmams_cl_cl_mlp_pao_01_proyectos_arcgis_aprx_cl_mlp_pao_aereo_image_server_sqlserver_amssclgis06_arcgis_aereo_sde_owd_amd_cl_mlp_pao_if_ortho_geosupport_ovr_ov_i9a2_l01_r0000fe07_c0000d552,ov_i9a2_l01_r0000fe07_c0000d552,ov_i9a2_l01_r0000fe07_c0000d552
47,Path,\\amssclgis08.ams.gmams.cl\CL_MLP_PAO\01_Proyectos_ArcGIS\APRX\CL MLP PAO Aereo Image Server\SQLServer-amssclgis06_ArcGIS-Aereo.sde\OWD.AMD_CL_MLP_PAO_IF_Ortho_Geosupport_OVR\\Ov_i9A2_L01_R0000FE07_C0000D553,//amssclgis08.ams.gmams.cl/cl_mlp_pao/01_proyectos_arcgis/aprx/cl mlp pao aereo image server/sqlserver-amssclgis06_arcgis-aereo.sde/owd.amd_cl_mlp_pao_if_ortho_geosupport_ovr//ov_i9a2_l01_r0000fe07_c0000d553,ov_i9a2_l01_r0000fe07_c0000d553,ov_i9a2_l01_r0000fe07_c0000d553,amssclgis08_ams_gmams_cl_cl_mlp_pao_01_proyectos_arcgis_aprx_cl_mlp_pao_aereo_image_server_sqlserver_amssclgis06_arcgis_aereo_sde_owd_amd_cl_mlp_pao_if_ortho_geosupport_ovr_ov_i9a2_l01_r0000fe07_c0000d553,ov_i9a2_l01_r0000fe07_c0000d553,ov_i9a2_l01_r0000fe07_c0000d553
48,Path,\\amssclgis08.ams.gmams.cl\CL_MLP_PAO\01_Proyectos_ArcGIS\APRX\CL MLP PAO Aereo Image Server\SQLServer-amssclgis06_ArcGIS-Aereo.sde\OWD.AMD_CL_MLP_PAO_IF_Ortho_Geosupport_OVR\\Ov_i9A2_L01_R0000FE07_C0000D554,//amssclgis08.ams.gmams.cl/cl_mlp_pao/01_proyectos_arcgis/aprx/cl mlp pao aereo image server/sqlserver-amssclgis06_arcgis-aereo.sde/owd.amd_cl_mlp_pao_if_ortho_geosupport_ovr//ov_i9a2_l01_r0000fe07_c0000d554,ov_i9a2_l01_r0000fe07_c0000d554,ov_i9a2_l01_r0000fe07_c0000d554,amssclgis08_ams_gmams_cl_cl_mlp_pao_01_proyectos_arcgis_aprx_cl_mlp_pao_aereo_image_server_sqlserver_amssclgis06_arcgis_aereo_sde_owd_amd_cl_mlp_pao_if_ortho_geosupport_ovr_ov_i9a2_l01_r0000fe07_c0000d554,ov_i9a2_l01_r0000fe07_c0000d554,ov_i9a2_l01_r0000fe07_c0000d554
49,Path,\\amssclgis08.ams.gmams.cl\CL_MLP_PAO\01_Proyectos_ArcGIS\APRX\CL MLP PAO Aereo Image Server\SQLServer-amssclgis06_ArcGIS-Aereo.sde\OWD.AMD_CL_MLP_PAO_IF_Ortho_Geosupport_OVR\\Ov_i9A2_L01_R0000FE07_C0000D559,//amssclgis08.ams.gmams.cl/cl_mlp_pao/01_proyectos_arcgis/aprx/cl mlp pao aereo image server/sqlserver-amssclgis06_arcgis-aereo.sde/owd.amd_cl_mlp_pao_if_ortho_geosupport_ovr//ov_i9a2_l01_r0000fe07_c0000d559,ov_i9a2_l01_r0000fe07_c0000d559,ov_i9a2_l01_r0000fe07_c0000d559,amssclgis08_ams_gmams_cl_cl_mlp_pao_01_proyectos_arcgis_aprx_cl_mlp_pao_aereo_image_server_sqlserver_amssclgis06_arcgis_aereo_sde_owd_amd_cl_mlp_pao_if_ortho_geosupport_ovr_ov_i9a2_l01_r0000fe07_c0000d559,ov_i9a2_l01_r0000fe07_c0000d559,ov_i9a2_l01_r0000fe07_c0000d559
50,Path,\\amssclgis08.ams.gmams.cl\CL_MLP_PAO\01_Proyectos_ArcGIS\APRX\CL MLP PAO Aereo Image Server\SQLServer-amssclgis06_ArcGIS-Aereo.sde\OWD.AMD_CL_MLP_PAO_IF_Ortho_Geosupport_OVR\\Ov_i9A2_L01_R0000FE07_C0000D55A,//amssclgis08.ams.gmams.cl/cl_mlp_pao/01_proyectos_arcgis/aprx/cl mlp pao aereo image server/sqlserver-amssclgis06_arcgis-aereo.sde/owd.amd_cl_mlp_pao_if_ortho_geosupport_ovr//ov_i9a2_l01_r0000fe07_c0000d55a,ov_i9a2_l01_r0000fe07_c0000d55a,ov_i9a2_l01_r0000fe07_c0000d55a,amssclgis08_ams_gmams_cl_cl_mlp_pao_01_proyectos_arcgis_aprx_cl_mlp_pao_aereo_image_server_sqlserver_amssclgis06_arcgis_aereo_sde_owd_amd_cl_mlp_pao_if_ortho_geosupport_ovr_ov_i9a2_l01_r0000fe07_c0000d55a,ov_i9a2_l01_r0000fe07_c0000d55a,ov_i9a2_l01_r0000fe07_c0000d55a
51,Path,\\amssclgis08.ams.gmams.cl\CL_MLP_PAO\01_Proyectos_ArcGIS\APRX\CL MLP PAO Aereo Image Server\SQLServer-amssclgis06_ArcGIS-Aereo.sde\OWD.AMD_CL_MLP_PAO_IF_Ortho_Geosupport_OVR\\Ov_i9A2_L01_R0000FE07_C0000D55B,//amssclgis08.ams.gmams.cl/cl_mlp_pao/01_proyectos_arcgis/aprx/cl mlp pao aereo image server/sqlserver-amssclgis06_arcgis-aereo.sde/owd.amd_cl_mlp_pao_if_ortho_geosupport_ovr//ov_i9a2_l01_r0000fe07_c0000d55b,ov_i9a2_l01_r0000fe07_c0000d55b,ov_i9a2_l01_r0000fe07_c0000d55b,amssclgis08_ams_gmams_cl_cl_mlp_pao_01_proyectos_arcgis_aprx_cl_mlp_pao_aereo_image_server_sqlserver_amssclgis06_arcgis_aereo_sde_owd_amd_cl_mlp_pao_if_ortho_geosupport_ovr_ov_i9a2_l01_r0000fe07_c0000d55b,ov_i9a2_l01_r0000fe07_c0000d55b,ov_i9a2_l01_r0000fe07_c0000d55b
52,Path,\\amssclgis08.ams.gmams.cl\CL_MLP_PAO\01_Proyectos_ArcGIS\APRX\CL MLP PAO Aereo Image Server\SQLServer-amssclgis06_ArcGIS-Aereo.sde\OWD.AMD_CL_MLP_PAO_IF_Ortho_Geosupport_OVR\\Ov_i9A2_L01_R0000FE07_C0000D55C,//amssclgis08.ams.gmams.cl/cl_mlp_pao/01_proyectos_arcgis/aprx/cl mlp pao aereo image server/sqlserver-amssclgis06_arcgis-aereo.sde/owd.amd_cl_mlp_pao_if_ortho_geosupport_ovr//ov_i9a2_l01_r0000fe07_c0000d55c,ov_i9a2_l01_r0000fe07_c0000d55c,ov_i9a2_l01_r0000fe07_c0000d55c,amssclgis08_ams_gmams_cl_cl_mlp_pao_01_proyectos_arcgis_aprx_cl_mlp_pao_aereo_image_server_sqlserver_amssclgis06_arcgis_aereo_sde_owd_amd_cl_mlp_pao_if_ortho_geosupport_ovr_ov_i9a2_l01_r0000fe07_c0000d55c,ov_i9a2_l01_r0000fe07_c0000d55c,ov_i9a2_l01_r0000fe07_c0000d55c
53,Path,\\amssclgis08.ams.gmams.cl\CL_MLP_PAO\01_Proyectos_ArcGIS\APRX\CL MLP PAO Aereo Image Server\SQLServer-amssclgis06_ArcGIS-Aereo.sde\OWD.AMD_CL_MLP_PAO_IF_Ortho_Geosupport_OVR\\Ov_i9A2_L01_R0000FE07_C0000D55D,//amssclgis08.ams.gmams.cl/cl_mlp_pao/01_proyectos_arcgis/aprx/cl mlp pao aereo image server/sqlserver-amssclgis06_arcgis-aereo.sde/owd.amd_cl_mlp_pao_if_ortho_geosupport_ovr//ov_i9a2_l01_r0000fe07_c0000d55d,ov_i9a2_l01_r0000fe07_c0000d55d,ov_i9a2_l01_r0000fe07_c0000d55d,amssclgis08_ams_gmams_cl_cl_mlp_pao_01_proyectos_arcgis_aprx_cl_mlp_pao_aereo_image_server_sqlserver_amssclgis06_arcgis_aereo_sde_owd_amd_cl_mlp_pao_if_ortho_geosupport_ovr_ov_i9a2_l01_r0000fe07_c0000d55d,ov_i9a2_l01_r0000fe07_c0000d55d,ov_i9a2_l01_r0000fe07_c0000d55d
54,Path,\\amssclgis08.ams.gmams.cl\CL_MLP_PAO\01_Proyectos_ArcGIS\APRX\CL MLP PAO Aereo Image Server\SQLServer-amssclgis06_ArcGIS-Aereo.sde\OWD.AMD_CL_MLP_PAO_IF_Ortho_Geosupport_OVR\\Ov_i9A2_L01_R0000FE08_C0000D554,//amssclgis08.ams.gmams.cl/cl_mlp_pao/01_proyectos_arcgis/aprx/cl mlp pao aereo image server/sqlserver-amssclgis06_arcgis-aereo.sde/owd.amd_cl_mlp_pao_if_ortho_geosupport_ovr//ov_i9a2_l01_r0000fe08_c0000d554,ov_i9a2_l01_r0000fe08_c0000d554,ov_i9a2_l01_r0000fe08_c0000d554,amssclgis08_ams_gmams_cl_cl_mlp_pao_01_proyectos_arcgis_aprx_cl_mlp_pao_aereo_image_server_sqlserver_amssclgis06_arcgis_aereo_sde_owd_amd_cl_mlp_pao_if_ortho_geosupport_ovr_ov_i9a2_l01_r0000fe08_c0000d554,ov_i9a2_l01_r0000fe08_c0000d554,ov_i9a2_l01_r0000fe08_c0000d554
55,Path,\\amssclgis08.ams.gmams.cl\CL_MLP_PAO\01_Proyectos_ArcGIS\APRX\CL MLP PAO Aereo Image Server\SQLServer-amssclgis06_ArcGIS-Aereo.sde\OWD.AMD_CL_MLP_PAO_IF_Ortho_Geosupport_OVR\\Ov_i9A2_L01_R0000FE08_C0000D555,//amssclgis08.ams.gmams.cl/cl_mlp_pao/01_proyectos_arcgis/aprx/cl mlp pao aereo image server/sqlserver-amssclgis06_arcgis-aereo.sde/owd.amd_cl_mlp_pao_if_ortho_geosupport_ovr//ov_i9a2_l01_r0000fe08_c0000d555,ov_i9a2_l01_r0000fe08_c0000d555,ov_i9a2_l01_r0000fe08_c0000d555,amssclgis08_ams_gmams_cl_cl_mlp_pao_01_proyectos_arcgis_aprx_cl_mlp_pao_aereo_image_server_sqlserver_amssclgis06_arcgis_aereo_sde_owd_amd_cl_mlp_pao_if_ortho_geosupport_ovr_ov_i9a2_l01_r0000fe08_c0000d555,ov_i9a2_l01_r0000fe08_c0000d555,ov_i9a2_l01_r0000fe08_c0000d555
56,Path,\\amssclgis08.ams.gmams.cl\CL_MLP_PAO\01_Proyectos_ArcGIS\APRX\CL MLP PAO Aereo Image Server\SQLServer-amssclgis06_ArcGIS-Aereo.sde\OWD.AMD_CL_MLP_PAO_IF_Ortho_Geosupport_OVR\\Ov_i9A2_L01_R0000FE08_C0000D559,//amssclgis08.ams.gmams.cl/cl_mlp_pao/01_proyectos_arcgis/aprx/cl mlp pao aereo image server/sqlserver-amssclgis06_arcgis-aereo.sde/owd.amd_cl_mlp_pao_if_ortho_geosupport_ovr//ov_i9a2_l01_r0000fe08_c0000d559,ov_i9a2_l01_r0000fe08_c0000d559,ov_i9a2_l01_r0000fe08_c0000d559,amssclgis08_ams_gmams_cl_cl_mlp_pao_01_proyectos_arcgis_aprx_cl_mlp_pao_aereo_image_server_sqlserver_amssclgis06_arcgis_aereo_sde_owd_amd_cl_mlp_pao_if_ortho_geosupport_ovr_ov_i9a2_l01_r0000fe08_c0000d559,ov_i9a2_l01_r0000fe08_c0000d559,ov_i9a2_l01_r0000fe08_c0000d559
57,Path,\\amssclgis08.ams.gmams.cl\CL_MLP_PAO\01_Proyectos_ArcGIS\APRX\CL MLP PAO Aereo Image Server\SQLServer-amssclgis06_ArcGIS-Aereo.sde\OWD.AMD_CL_MLP_PAO_IF_Ortho_Geosupport_OVR\\Ov_i9A2_L01_R0000FE08_C0000D55A,//amssclgis08.ams.gmams.cl/cl_mlp_pao/01_proyectos_arcgis/aprx/cl mlp pao aereo image server/sqlserver-amssclgis06_arcgis-aereo.sde/owd.amd_cl_mlp_pao_if_ortho_geosupport_ovr//ov_i9a2_l01_r0000fe08_c0000d55a,ov_i9a2_l01_r0000fe08_c0000d55a,ov_i9a2_l01_r0000fe08_c0000d55a,amssclgis08_ams_gmams_cl_cl_mlp_pao_01_proyectos_arcgis_aprx_cl_mlp_pao_aereo_image_server_sqlserver_amssclgis06_arcgis_aereo_sde_owd_amd_cl_mlp_pao_if_ortho_geosupport_ovr_ov_i9a2_l01_r0000fe08_c0000d55a,ov_i9a2_l01_r0000fe08_c0000d55a,ov_i9a2_l01_r0000fe08_c0000d55a
58,Path,\\amssclgis08.ams.gmams.cl\CL_MLP_PAO\01_Proyectos_ArcGIS\APRX\CL MLP PAO Aereo Image Server\SQLServer-amssclgis06_ArcGIS-Aereo.sde\OWD.AMD_CL_MLP_PAO_IF_Ortho_Geosupport_OVR\\Ov_i9A2_L01_R0000FE08_C0000D55B,//amssclgis08.ams.gmams.cl/cl_mlp_pao/01_proyectos_arcgis/aprx/cl mlp pao aereo image server/sqlserver-amssclgis06_arcgis-aereo.sde/owd.amd_cl_mlp_pao_if_ortho_geosupport_ovr//ov_i9a2_l01_r0000fe08_c0000d55b,ov_i9a2_l01_r0000fe08_c0000d55b,ov_i9a2_l01_r0000fe08_c0000d55b,amssclgis08_ams_gmams_cl_cl_mlp_pao_01_proyectos_arcgis_aprx_cl_mlp_pao_aereo_image_server_sqlserver_amssclgis06_arcgis_aereo_sde_owd_amd_cl_mlp_pao_if_ortho_geosupport_ovr_ov_i9a2_l01_r0000fe08_c0000d55b,ov_i9a2_l01_r0000fe08_c0000d55b,ov_i9a2_l01_r0000fe08_c0000d55b
59,Path,\\amssclgis08.ams.gmams.cl\CL_MLP_PAO\01_Proyectos_ArcGIS\APRX\CL MLP PAO Aereo Image Server\SQLServer-amssclgis06_ArcGIS-Aereo.sde\OWD.AMD_CL_MLP_PAO_IF_Ortho_Geosupport_OVR\\Ov_i9A2_L01_R0000FE08_C0000D55C,//amssclgis08.ams.gmams.cl/cl_mlp_pao/01_proyectos_arcgis/aprx/cl mlp pao aereo image server/sqlserver-amssclgis06_arcgis-aereo.sde/owd.amd_cl_mlp_pao_if_ortho_geosupport_ovr//ov_i9a2_l01_r0000fe08_c0000d55c,ov_i9a2_l01_r0000fe08_c0000d55c,ov_i9a2_l01_r0000fe08_c0000d55c,amssclgis08_ams_gmams_cl_cl_mlp_pao_01_proyectos_arcgis_aprx_cl_mlp_pao_aereo_image_server_sqlserver_amssclgis06_arcgis_aereo_sde_owd_amd_cl_mlp_pao_if_ortho_geosupport_ovr_ov_i9a2_l01_r0000fe08_c0000d55c,ov_i9a2_l01_r0000fe08_c0000d55c,ov_i9a2_l01_r0000fe08_c0000d55c
60,Path,\\amssclgis08.ams.gmams.cl\CL_MLP_PAO\01_Proyectos_ArcGIS\APRX\CL MLP PAO Aereo Image Server\SQLServer-amssclgis06_ArcGIS-Aereo.sde\OWD.AMD_CL_MLP_PAO_IF_Ortho_Geosupport_OVR\\Ov_i9A2_L01_R0000FE08_C0000D55D,//amssclgis08.ams.gmams.cl/cl_mlp_pao/01_proyectos_arcgis/aprx/cl mlp pao aereo image server/sqlserver-amssclgis06_arcgis-aereo.sde/owd.amd_cl_mlp_pao_if_ortho_geosupport_ovr//ov_i9a2_l01_r0000fe08_c0000d55d,ov_i9a2_l01_r0000fe08_c0000d55d,ov_i9a2_l01_r0000fe08_c0000d55d,amssclgis08_ams_gmams_cl_cl_mlp_pao_01_proyectos_arcgis_aprx_cl_mlp_pao_aereo_image_server_sqlserver_amssclgis06_arcgis_aereo_sde_owd_amd_cl_mlp_pao_if_ortho_geosupport_ovr_ov_i9a2_l01_r0000fe08_c0000d55d,ov_i9a2_l01_r0000fe08_c0000d55d,ov_i9a2_l01_r0000fe08_c0000d55d
61,Path,\\amssclgis08.ams.gmams.cl\CL_MLP_PAO\01_Proyectos_ArcGIS\APRX\CL MLP PAO Aereo Image Server\SQLServer-amssclgis06_ArcGIS-Aereo.sde\OWD.AMD_CL_MLP_PAO_IF_Ortho_Geosupport_OVR\\Ov_i9A2_L01_R0000FEA8_C0000D716,//amssclgis08.ams.gmams.cl/cl_mlp_pao/01_proyectos_arcgis/aprx/cl mlp pao aereo image server/sqlserver-amssclgis06_arcgis-aereo.sde/owd.amd_cl_mlp_pao_if_ortho_geosupport_ovr//ov_i9a2_l01_r0000fea8_c0000d716,ov_i9a2_l01_r0000fea8_c0000d716,ov_i9a2_l01_r0000fea8_c0000d716,amssclgis08_ams_gmams_cl_cl_mlp_pao_01_proyectos_arcgis_aprx_cl_mlp_pao_aereo_image_server_sqlserver_amssclgis06_arcgis_aereo_sde_owd_amd_cl_mlp_pao_if_ortho_geosupport_ovr_ov_i9a2_l01_r0000fea8_c0000d716,ov_i9a2_l01_r0000fea8_c0000d716,ov_i9a2_l01_r0000fea8_c0000d716
62,Path,\\amssclgis08.ams.gmams.cl\CL_MLP_PAO\01_Proyectos_ArcGIS\APRX\CL MLP PAO Aereo Image Server\SQLServer-amssclgis06_ArcGIS-Aereo.sde\OWD.AMD_CL_MLP_PAO_IF_Ortho_Geosupport_OVR\\Ov_i9A2_L01_R0000FEA7_C0000D716,//amssclgis08.ams.gmams.cl/cl_mlp_pao/01_proyectos_arcgis/aprx/cl mlp pao aereo image server/sqlserver-amssclgis06_arcgis-aereo.sde/owd.amd_cl_mlp_pao_if_ortho_geosupport_ovr//ov_i9a2_l01_r0000fea7_c0000d716,ov_i9a2_l01_r0000fea7_c0000d716,ov_i9a2_l01_r0000fea7_c0000d716,amssclgis08_ams_gmams_cl_cl_mlp_pao_01_proyectos_arcgis_aprx_cl_mlp_pao_aereo_image_server_sqlserver_amssclgis06_arcgis_aereo_sde_owd_amd_cl_mlp_pao_if_ortho_geosupport_ovr_ov_i9a2_l01_r0000fea7_c0000d716,ov_i9a2_l01_r0000fea7_c0000d716,ov_i9a2_l01_r0000fea7_c0000d716
63,Path,\\amssclgis08.ams.gmams.cl\CL_MLP_PAO\01_Proyectos_ArcGIS\APRX\CL MLP PAO Aereo Image Server\SQLServer-amssclgis06_ArcGIS-Aereo.sde\OWD.AMD_CL_MLP_PAO_IF_Ortho_Geosupport_OVR\\Ov_i9A2_L01_R0000FEA8_C0000D715,//amssclgis08.ams.gmams.cl/cl_mlp_pao/01_proyectos_arcgis/aprx/cl mlp pao aereo image server/sqlserver-amssclgis06_arcgis-aereo.sde/owd.amd_cl_mlp_pao_if_ortho_geosupport_ovr//ov_i9a2_l01_r0000fea8_c0000d715,ov_i9a2_l01_r0000fea8_c0000d715,ov_i9a2_l01_r0000fea8_c0000d715,amssclgis08_ams_gmams_cl_cl_mlp_pao_01_proyectos_arcgis_aprx_cl_mlp_pao_aereo_image_server_sqlserver_amssclgis06_arcgis_aereo_sde_owd_amd_cl_mlp_pao_if_ortho_geosupport_ovr_ov_i9a2_l01_r0000fea8_c0000d715,ov_i9a2_l01_r0000fea8_c0000d715,ov_i9a2_l01_r0000fea8_c0000d715
64,Path,\\amssclgis08.ams.gmams.cl\CL_MLP_PAO\01_Proyectos_ArcGIS\APRX\CL MLP PAO Aereo Image Server\SQLServer-amssclgis06_ArcGIS-Aereo.sde\OWD.AMD_CL_MLP_PAO_IF_Ortho_Geosupport_OVR\\Ov_i9A2_L01_R0000FEA7_C0000D715,//amssclgis08.ams.gmams.cl/cl_mlp_pao/01_proyectos_arcgis/aprx/cl mlp pao aereo image server/sqlserver-amssclgis06_arcgis-aereo.sde/owd.amd_cl_mlp_pao_if_ortho_geosupport_ovr//ov_i9a2_l01_r0000fea7_c0000d715,ov_i9a2_l01_r0000fea7_c0000d715,ov_i9a2_l01_r0000fea7_c0000d715,amssclgis08_ams_gmams_cl_cl_mlp_pao_01_proyectos_arcgis_aprx_cl_mlp_pao_aereo_image_server_sqlserver_amssclgis06_arcgis_aereo_sde_owd_amd_cl_mlp_pao_if_ortho_geosupport_ovr_ov_i9a2_l01_r0000fea7_c0000d715,ov_i9a2_l01_r0000fea7_c0000d715,ov_i9a2_l01_r0000fea7_c0000d715
65,Path,\\amssclgis08.ams.gmams.cl\CL_MLP_PAO\01_Proyectos_ArcGIS\APRX\CL MLP PAO Aereo Image Server\SQLServer-amssclgis06_ArcGIS-Aereo.sde\OWD.AMD_CL_MLP_PAO_IF_Ortho_Geosupport_OVR\\Ov_i9A2_L01_R0000FEA6_C0000D715,//amssclgis08.ams.gmams.cl/cl_mlp_pao/01_proyectos_arcgis/aprx/cl mlp pao aereo image server/sqlserver-amssclgis06_arcgis-aereo.sde/owd.amd_cl_mlp_pao_if_ortho_geosupport_ovr//ov_i9a2_l01_r0000fea6_c0000d715,ov_i9a2_l01_r0000fea6_c0000d715,ov_i9a2_l01_r0000fea6_c0000d715,amssclgis08_ams_gmams_cl_cl_mlp_pao_01_proyectos_arcgis_aprx_cl_mlp_pao_aereo_image_server_sqlserver_amssclgis06_arcgis_aereo_sde_owd_amd_cl_mlp_pao_if_ortho_geosupport_ovr_ov_i9a2_l01_r0000fea6_c0000d715,ov_i9a2_l01_r0000fea6_c0000d715,ov_i9a2_l01_r0000fea6_c0000d715
66,Path,\\amssclgis08.ams.gmams.cl\CL_MLP_PAO\01_Proyectos_ArcGIS\APRX\CL MLP PAO Aereo Image Server\SQLServer-amssclgis06_ArcGIS-Aereo.sde\OWD.AMD_CL_MLP_PAO_IF_Ortho_Geosupport_OVR\\Ov_i9A2_L01_R0000FE09_C0000D586,//amssclgis08.ams.gmams.cl/cl_mlp_pao/01_proyectos_arcgis/aprx/cl mlp pao aereo image server/sqlserver-amssclgis06_arcgis-aereo.sde/owd.amd_cl_mlp_pao_if_ortho_geosupport_ovr//ov_i9a2_l01_r0000fe09_c0000d586,ov_i9a2_l01_r0000fe09_c0000d586,ov_i9a2_l01_r0000fe09_c0000d586,amssclgis08_ams_gmams_cl_cl_mlp_pao_01_proyectos_arcgis_aprx_cl_mlp_pao_aereo_image_server_sqlserver_amssclgis06_arcgis_aereo_sde_owd_amd_cl_mlp_pao_if_ortho_geosupport_ovr_ov_i9a2_l01_r0000fe09_c0000d586,ov_i9a2_l01_r0000fe09_c0000d586,ov_i9a2_l01_r0000fe09_c0000d586
67,Path,\\amssclgis08.ams.gmams.cl\CL_MLP_PAO\01_Proyectos_ArcGIS\APRX\CL MLP PAO Aereo Image Server\SQLServer-amssclgis06_ArcGIS-Aereo.sde\OWD.AMD_CL_MLP_PAO_IF_Ortho_Geosupport_OVR\\Ov_i9A2_L01_R0000FE09_C0000D587,//amssclgis08.ams.gmams.cl/cl_mlp_pao/01_proyectos_arcgis/aprx/cl mlp pao aereo image server/sqlserver-amssclgis06_arcgis-aereo.sde/owd.amd_cl_mlp_pao_if_ortho_geosupport_ovr//ov_i9a2_l01_r0000fe09_c0000d587,ov_i9a2_l01_r0000fe09_c0000d587,ov_i9a2_l01_r0000fe09_c0000d587,amssclgis08_ams_gmams_cl_cl_mlp_pao_01_proyectos_arcgis_aprx_cl_mlp_pao_aereo_image_server_sqlserver_amssclgis06_arcgis_aereo_sde_owd_amd_cl_mlp_pao_if_ortho_geosupport_ovr_ov_i9a2_l01_r0000fe09_c0000d587,ov_i9a2_l01_r0000fe09_c0000d587,ov_i9a2_l01_r0000fe09_c0000d587
68,Path,\\amssclgis08.ams.gmams.cl\CL_MLP_PAO\01_Proyectos_ArcGIS\APRX\CL MLP PAO Aereo Image Server\SQLServer-amssclgis06_ArcGIS-Aereo.sde\OWD.AMD_CL_MLP_PAO_IF_Ortho_Geosupport_OVR\\Ov_i9A2_L01_R0000FE0A_C0000D584,//amssclgis08.ams.gmams.cl/cl_mlp_pao/01_proyectos_arcgis/aprx/cl mlp pao aereo image server/sqlserver-amssclgis06_arcgis-aereo.sde/owd.amd_cl_mlp_pao_if_ortho_geosupport_ovr//ov_i9a2_l01_r0000fe0a_c0000d584,ov_i9a2_l01_r0000fe0a_c0000d584,ov_i9a2_l01_r0000fe0a_c0000d584,amssclgis08_ams_gmams_cl_cl_mlp_pao_01_proyectos_arcgis_aprx_cl_mlp_pao_aereo_image_server_sqlserver_amssclgis06_arcgis_aereo_sde_owd_amd_cl_mlp_pao_if_ortho_geosupport_ovr_ov_i9a2_l01_r0000fe0a_c0000d584,ov_i9a2_l01_r0000fe0a_c0000d584,ov_i9a2_l01_r0000fe0a_c0000d584
69,Path,\\amssclgis08.ams.gmams.cl\CL_MLP_PAO\01_Proyectos_ArcGIS\APRX\CL MLP PAO Aereo Image Server\SQLServer-amssclgis06_ArcGIS-Aereo.sde\OWD.AMD_CL_MLP_PAO_IF_Ortho_Geosupport_OVR\\Ov_i9A2_L01_R0000FE0A_C0000D585,//amssclgis08.ams.gmams.cl/cl_mlp_pao/01_proyectos_arcgis/aprx/cl mlp pao aereo image server/sqlserver-amssclgis06_arcgis-aereo.sde/owd.amd_cl_mlp_pao_if_ortho_geosupport_ovr//ov_i9a2_l01_r0000fe0a_c0000d585,ov_i9a2_l01_r0000fe0a_c0000d585,ov_i9a2_l01_r0000fe0a_c0000d585,amssclgis08_ams_gmams_cl_cl_mlp_pao_01_proyectos_arcgis_aprx_cl_mlp_pao_aereo_image_server_sqlserver_amssclgis06_arcgis_aereo_sde_owd_amd_cl_mlp_pao_if_ortho_geosupport_ovr_ov_i9a2_l01_r0000fe0a_c0000d585,ov_i9a2_l01_r0000fe0a_c0000d585,ov_i9a2_l01_r0000fe0a_c0000d585
70,Path,\\amssclgis08.ams.gmams.cl\CL_MLP_PAO\01_Proyectos_ArcGIS\APRX\CL MLP PAO Aereo Image Server\SQLServer-amssclgis06_ArcGIS-Aereo.sde\OWD.AMD_CL_MLP_PAO_IF_Ortho_Geosupport_OVR\\Ov_i9A2_L01_R0000FE0A_C0000D586,//amssclgis08.ams.gmams.cl/cl_mlp_pao/01_proyectos_arcgis/aprx/cl mlp pao aereo image server/sqlserver-amssclgis06_arcgis-aereo.sde/owd.amd_cl_mlp_pao_if_ortho_geosupport_ovr//ov_i9a2_l01_r0000fe0a_c0000d586,ov_i9a2_l01_r0000fe0a_c0000d586,ov_i9a2_l01_r0000fe0a_c0000d586,amssclgis08_ams_gmams_cl_cl_mlp_pao_01_proyectos_arcgis_aprx_cl_mlp_pao_aereo_image_server_sqlserver_amssclgis06_arcgis_aereo_sde_owd_amd_cl_mlp_pao_if_ortho_geosupport_ovr_ov_i9a2_l01_r0000fe0a_c0000d586,ov_i9a2_l01_r0000fe0a_c0000d586,ov_i9a2_l01_r0000fe0a_c0000d586
71,Path,\\amssclgis08.ams.gmams.cl\CL_MLP_PAO\01_Proyectos_ArcGIS\APRX\CL MLP PAO Aereo Image Server\SQLServer-amssclgis06_ArcGIS-Aereo.sde\OWD.AMD_CL_MLP_PAO_IF_Ortho_Geosupport_OVR\\Ov_i9A2_L01_R0000FE0A_C0000D587,//amssclgis08.ams.gmams.cl/cl_mlp_pao/01_proyectos_arcgis/aprx/cl mlp pao aereo image server/sqlserver-amssclgis06_arcgis-aereo.sde/owd.amd_cl_mlp_pao_if_ortho_geosupport_ovr//ov_i9a2_l01_r0000fe0a_c0000d587,ov_i9a2_l01_r0000fe0a_c0000d587,ov_i9a2_l01_r0000fe0a_c0000d587,amssclgis08_ams_gmams_cl_cl_mlp_pao_01_proyectos_arcgis_aprx_cl_mlp_pao_aereo_image_server_sqlserver_amssclgis06_arcgis_aereo_sde_owd_amd_cl_mlp_pao_if_ortho_geosupport_ovr_ov_i9a2_l01_r0000fe0a_c0000d587,ov_i9a2_l01_r0000fe0a_c0000d587,ov_i9a2_l01_r0000fe0a_c0000d587
72,Path,\\amssclgis08.ams.gmams.cl\CL_MLP_PAO\01_Proyectos_ArcGIS\APRX\CL MLP PAO Aereo Image Server\SQLServer-amssclgis06_ArcGIS-Aereo.sde\OWD.AMD_CL_MLP_PAO_IF_Ortho_Geosupport_OVR\\Ov_i9A2_L01_R0000FE0A_C0000D588,//amssclgis08.ams.gmams.cl/cl_mlp_pao/01_proyectos_arcgis/aprx/cl mlp pao aereo image server/sqlserver-amssclgis06_arcgis-aereo.sde/owd.amd_cl_mlp_pao_if_ortho_geosupport_ovr//ov_i9a2_l01_r0000fe0a_c0000d588,ov_i9a2_l01_r0000fe0a_c0000d588,ov_i9a2_l01_r0000fe0a_c0000d588,amssclgis08_ams_gmams_cl_cl_mlp_pao_01_proyectos_arcgis_aprx_cl_mlp_pao_aereo_image_server_sqlserver_amssclgis06_arcgis_aereo_sde_owd_amd_cl_mlp_pao_if_ortho_geosupport_ovr_ov_i9a2_l01_r0000fe0a_c0000d588,ov_i9a2_l01_r0000fe0a_c0000d588,ov_i9a2_l01_r0000fe0a_c0000d588
73,Path,\\amssclgis08.ams.gmams.cl\CL_MLP_PAO\01_Proyectos_ArcGIS\APRX\CL MLP PAO Aereo Image Server\SQLServer-amssclgis06_ArcGIS-Aereo.sde\OWD.AMD_CL_MLP_PAO_IF_Ortho_Geosupport_OVR\\Ov_i9A2_L01_R0000FE0B_C0000D581,//amssclgis08.ams.gmams.cl/cl_mlp_pao/01_proyectos_arcgis/aprx/cl mlp pao aereo image server/sqlserver-amssclgis06_arcgis-aereo.sde/owd.amd_cl_mlp_pao_if_ortho_geosupport_ovr//ov_i9a2_l01_r0000fe0b_c0000d581,ov_i9a2_l01_r0000fe0b_c0000d581,ov_i9a2_l01_r0000fe0b_c0000d581,amssclgis08_ams_gmams_cl_cl_mlp_pao_01_proyectos_arcgis_aprx_cl_mlp_pao_aereo_image_server_sqlserver_amssclgis06_arcgis_aereo_sde_owd_amd_cl_mlp_pao_if_ortho_geosupport_ovr_ov_i9a2_l01_r0000fe0b_c0000d581,ov_i9a2_l01_r0000fe0b_c0000d581,ov_i9a2_l01_r0000fe0b_c0000d581
74,Path,\\amssclgis08.ams.gmams.cl\CL_MLP_PAO\01_Proyectos_ArcGIS\APRX\CL MLP PAO Aereo Image Server\SQLServer-amssclgis06_ArcGIS-Aereo.sde\OWD.AMD_CL_MLP_PAO_IF_Ortho_Geosupport_OVR\\Ov_i9A2_L01_R0000FE0B_C0000D582,//amssclgis08.ams.gmams.cl/cl_mlp_pao/01_proyectos_arcgis/aprx/cl mlp pao aereo image server/sqlserver-amssclgis06_arcgis-aereo.sde/owd.amd_cl_mlp_pao_if_ortho_geosupport_ovr//ov_i9a2_l01_r0000fe0b_c0000d582,ov_i9a2_l01_r0000fe0b_c0000d582,ov_i9a2_l01_r0000fe0b_c0000d582,amssclgis08_ams_gmams_cl_cl_mlp_pao_01_proyectos_arcgis_aprx_cl_mlp_pao_aereo_image_server_sqlserver_amssclgis06_arcgis_aereo_sde_owd_amd_cl_mlp_pao_if_ortho_geosupport_ovr_ov_i9a2_l01_r0000fe0b_c0000d582,ov_i9a2_l01_r0000fe0b_c0000d582,ov_i9a2_l01_r0000fe0b_c0000d582
75,Path,\\amssclgis08.ams.gmams.cl\CL_MLP_PAO\01_Proyectos_ArcGIS\APRX\CL MLP PAO Aereo Image Server\SQLServer-amssclgis06_ArcGIS-Aereo.sde\OWD.AMD_CL_MLP_PAO_IF_Ortho_Geosupport_OVR\\Ov_i9A2_L01_R0000FE0B_C0000D583,//amssclgis08.ams.gmams.cl/cl_mlp_pao/01_proyectos_arcgis/aprx/cl mlp pao aereo image server/sqlserver-amssclgis06_arcgis-aereo.sde/owd.amd_cl_mlp_pao_if_ortho_geosupport_ovr//ov_i9a2_l01_r0000fe0b_c0000d583,ov_i9a2_l01_r0000fe0b_c0000d583,ov_i9a2_l01_r0000fe0b_c0000d583,amssclgis08_ams_gmams_cl_cl_mlp_pao_01_proyectos_arcgis_aprx_cl_mlp_pao_aereo_image_server_sqlserver_amssclgis06_arcgis_aereo_sde_owd_amd_cl_mlp_pao_if_ortho_geosupport_ovr_ov_i9a2_l01_r0000fe0b_c0000d583,ov_i9a2_l01_r0000fe0b_c0000d583,ov_i9a2_l01_r0000fe0b_c0000d583
76,Path,\\amssclgis08.ams.gmams.cl\CL_MLP_PAO\01_Proyectos_ArcGIS\APRX\CL MLP PAO Aereo Image Server\SQLServer-amssclgis06_ArcGIS-Aereo.sde\OWD.AMD_CL_MLP_PAO_IF_Ortho_Geosupport_OVR\\Ov_i9A2_L01_R0000FE0B_C0000D584,//amssclgis08.ams.gmams.cl/cl_mlp_pao/01_proyectos_arcgis/aprx/cl mlp pao aereo image server/sqlserver-amssclgis06_arcgis-aereo.sde/owd.amd_cl_mlp_pao_if_ortho_geosupport_ovr//ov_i9a2_l01_r0000fe0b_c0000d584,ov_i9a2_l01_r0000fe0b_c0000d584,ov_i9a2_l01_r0000fe0b_c0000d584,amssclgis08_ams_gmams_cl_cl_mlp_pao_01_proyectos_arcgis_aprx_cl_mlp_pao_aereo_image_server_sqlserver_amssclgis06_arcgis_aereo_sde_owd_amd_cl_mlp_pao_if_ortho_geosupport_ovr_ov_i9a2_l01_r0000fe0b_c0000d584,ov_i9a2_l01_r0000fe0b_c0000d584,ov_i9a2_l01_r0000fe0b_c0000d584
77,Path,\\amssclgis08.ams.gmams.cl\CL_MLP_PAO\01_Proyectos_ArcGIS\APRX\CL MLP PAO Aereo Image Server\SQLServer-amssclgis06_ArcGIS-Aereo.sde\OWD.AMD_CL_MLP_PAO_IF_Ortho_Geosupport_OVR\\Ov_i9A2_L01_R0000FE0B_C0000D585,//amssclgis08.ams.gmams.cl/cl_mlp_pao/01_proyectos_arcgis/aprx/cl mlp pao aereo image server/sqlserver-amssclgis06_arcgis-aereo.sde/owd.amd_cl_mlp_pao_if_ortho_geosupport_ovr//ov_i9a2_l01_r0000fe0b_c0000d585,ov_i9a2_l01_r0000fe0b_c0000d585,ov_i9a2_l01_r0000fe0b_c0000d585,amssclgis08_ams_gmams_cl_cl_mlp_pao_01_proyectos_arcgis_aprx_cl_mlp_pao_aereo_image_server_sqlserver_amssclgis06_arcgis_aereo_sde_owd_amd_cl_mlp_pao_if_ortho_geosupport_ovr_ov_i9a2_l01_r0000fe0b_c0000d585,ov_i9a2_l01_r0000fe0b_c0000d585,ov_i9a2_l01_r0000fe0b_c0000d585
78,Path,\\amssclgis08.ams.gmams.cl\CL_MLP_PAO\01_Proyectos_ArcGIS\APRX\CL MLP PAO Aereo Image Server\SQLServer-amssclgis06_ArcGIS-Aereo.sde\OWD.AMD_CL_MLP_PAO_IF_Ortho_Geosupport_OVR\\Ov_i9A2_L01_R0000FE0B_C0000D586,//amssclgis08.ams.gmams.cl/cl_mlp_pao/01_proyectos_arcgis/aprx/cl mlp pao aereo image server/sqlserver-amssclgis06_arcgis-aereo.sde/owd.amd_cl_mlp_pao_if_ortho_geosupport_ovr//ov_i9a2_l01_r0000fe0b_c0000d586,ov_i9a2_l01_r0000fe0b_c0000d586,ov_i9a2_l01_r0000fe0b_c0000d586,amssclgis08_ams_gmams_cl_cl_mlp_pao_01_proyectos_arcgis_aprx_cl_mlp_pao_aereo_image_server_sqlserver_amssclgis06_arcgis_aereo_sde_owd_amd_cl_mlp_pao_if_ortho_geosupport_ovr_ov_i9a2_l01_r0000fe0b_c0000d586,ov_i9a2_l01_r0000fe0b_c0000d586,ov_i9a2_l01_r0000fe0b_c0000d586
79,Path,\\amssclgis08.ams.gmams.cl\CL_MLP_PAO\01_Proyectos_ArcGIS\APRX\CL MLP PAO Aereo Image Server\SQLServer-amssclgis06_ArcGIS-Aereo.sde\OWD.AMD_CL_MLP_PAO_IF_Ortho_Geosupport_OVR\\Ov_i9A2_L01_R0000FE0B_C0000D587,//amssclgis08.ams.gmams.cl/cl_mlp_pao/01_proyectos_arcgis/aprx/cl mlp pao aereo image server/sqlserver-amssclgis06_arcgis-aereo.sde/owd.amd_cl_mlp_pao_if_ortho_geosupport_ovr//ov_i9a2_l01_r0000fe0b_c0000d587,ov_i9a2_l01_r0000fe0b_c0000d587,ov_i9a2_l01_r0000fe0b_c0000d587,amssclgis08_ams_gmams_cl_cl_mlp_pao_01_proyectos_arcgis_aprx_cl_mlp_pao_aereo_image_server_sqlserver_amssclgis06_arcgis_aereo_sde_owd_amd_cl_mlp_pao_if_ortho_geosupport_ovr_ov_i9a2_l01_r0000fe0b_c0000d587,ov_i9a2_l01_r0000fe0b_c0000d587,ov_i9a2_l01_r0000fe0b_c0000d587
80,Path,\\amssclgis08.ams.gmams.cl\CL_MLP_PAO\01_Proyectos_ArcGIS\APRX\CL MLP PAO Aereo Image Server\SQLServer-amssclgis06_ArcGIS-Aereo.sde\OWD.AMD_CL_MLP_PAO_IF_Ortho_Geosupport_OVR\\Ov_i9A2_L01_R0000FE0B_C0000D588,//amssclgis08.ams.gmams.cl/cl_mlp_pao/01_proyectos_arcgis/aprx/cl mlp pao aereo image server/sqlserver-amssclgis06_arcgis-aereo.sde/owd.amd_cl_mlp_pao_if_ortho_geosupport_ovr//ov_i9a2_l01_r0000fe0b_c0000d588,ov_i9a2_l01_r0000fe0b_c0000d588,ov_i9a2_l01_r0000fe0b_c0000d588,amssclgis08_ams_gmams_cl_cl_mlp_pao_01_proyectos_arcgis_aprx_cl_mlp_pao_aereo_image_server_sqlserver_amssclgis06_arcgis_aereo_sde_owd_amd_cl_mlp_pao_if_ortho_geosupport_ovr_ov_i9a2_l01_r0000fe0b_c0000d588,ov_i9a2_l01_r0000fe0b_c0000d588,ov_i9a2_l01_r0000fe0b_c0000d588
81,Path,\\amssclgis08.ams.gmams.cl\CL_MLP_PAO\01_Proyectos_ArcGIS\APRX\CL MLP PAO Aereo Image Server\SQLServer-amssclgis06_ArcGIS-Aereo.sde\OWD.AMD_CL_MLP_PAO_IF_Ortho_Geosupport_OVR\\Ov_i9A2_L01_R0000FE0B_C0000D589,//amssclgis08.ams.gmams.cl/cl_mlp_pao/01_proyectos_arcgis/aprx/cl mlp pao aereo image server/sqlserver-amssclgis06_arcgis-aereo.sde/owd.amd_cl_mlp_pao_if_ortho_geosupport_ovr//ov_i9a2_l01_r0000fe0b_c0000d589,ov_i9a2_l01_r0000fe0b_c0000d589,ov_i9a2_l01_r0000fe0b_c0000d589,amssclgis08_ams_gmams_cl_cl_mlp_pao_01_proyectos_arcgis_aprx_cl_mlp_pao_aereo_image_server_sqlserver_amssclgis06_arcgis_aereo_sde_owd_amd_cl_mlp_pao_if_ortho_geosupport_ovr_ov_i9a2_l01_r0000fe0b_c0000d589,ov_i9a2_l01_r0000fe0b_c0000d589,ov_i9a2_l01_r0000fe0b_c0000d589
82,Path,\\amssclgis08.ams.gmams.cl\CL_MLP_PAO\01_Proyectos_ArcGIS\APRX\CL MLP PAO Aereo Image Server\SQLServer-amssclgis06_ArcGIS-Aereo.sde\OWD.AMD_CL_MLP_PAO_IF_Ortho_Geosupport_OVR\\Ov_i9A2_L01_R0000FE0C_C0000D581,//amssclgis08.ams.gmams.cl/cl_mlp_pao/01_proyectos_arcgis/aprx/cl mlp pao aereo image server/sqlserver-amssclgis06_arcgis-aereo.sde/owd.amd_cl_mlp_pao_if_ortho_geosupport_ovr//ov_i9a2_l01_r0000fe0c_c0000d581,ov_i9a2_l01_r0000fe0c_c0000d581,ov_i9a2_l01_r0000fe0c_c0000d581,amssclgis08_ams_gmams_cl_cl_mlp_pao_01_proyectos_arcgis_aprx_cl_mlp_pao_aereo_image_server_sqlserver_amssclgis06_arcgis_aereo_sde_owd_amd_cl_mlp_pao_if_ortho_geosupport_ovr_ov_i9a2_l01_r0000fe0c_c0000d581,ov_i9a2_l01_r0000fe0c_c0000d581,ov_i9a2_l01_r0000fe0c_c0000d581
83,Path,\\amssclgis08.ams.gmams.cl\CL_MLP_PAO\01_Proyectos_ArcGIS\APRX\CL MLP PAO Aereo Image Server\SQLServer-amssclgis06_ArcGIS-Aereo.sde\OWD.AMD_CL_MLP_PAO_IF_Ortho_Geosupport_OVR\\Ov_i9A2_L01_R0000FE0C_C0000D582,//amssclgis08.ams.gmams.cl/cl_mlp_pao/01_proyectos_arcgis/aprx/cl mlp pao aereo image server/sqlserver-amssclgis06_arcgis-aereo.sde/owd.amd_cl_mlp_pao_if_ortho_geosupport_ovr//ov_i9a2_l01_r0000fe0c_c0000d582,ov_i9a2_l01_r0000fe0c_c0000d582,ov_i9a2_l01_r0000fe0c_c0000d582,amssclgis08_ams_gmams_cl_cl_mlp_pao_01_proyectos_arcgis_aprx_cl_mlp_pao_aereo_image_server_sqlserver_amssclgis06_arcgis_aereo_sde_owd_amd_cl_mlp_pao_if_ortho_geosupport_ovr_ov_i9a2_l01_r0000fe0c_c0000d582,ov_i9a2_l01_r0000fe0c_c0000d582,ov_i9a2_l01_r0000fe0c_c0000d582
84,Path,\\amssclgis08.ams.gmams.cl\CL_MLP_PAO\01_Proyectos_ArcGIS\APRX\CL MLP PAO Aereo Image Server\SQLServer-amssclgis06_ArcGIS-Aereo.sde\OWD.AMD_CL_MLP_PAO_IF_Ortho_Geosupport_OVR\\Ov_i9A2_L01_R0000FE0C_C0000D583,//amssclgis08.ams.gmams.cl/cl_mlp_pao/01_proyectos_arcgis/aprx/cl mlp pao aereo image server/sqlserver-amssclgis06_arcgis-aereo.sde/owd.amd_cl_mlp_pao_if_ortho_geosupport_ovr//ov_i9a2_l01_r0000fe0c_c0000d583,ov_i9a2_l01_r0000fe0c_c0000d583,ov_i9a2_l01_r0000fe0c_c0000d583,amssclgis08_ams_gmams_cl_cl_mlp_pao_01_proyectos_arcgis_aprx_cl_mlp_pao_aereo_image_server_sqlserver_amssclgis06_arcgis_aereo_sde_owd_amd_cl_mlp_pao_if_ortho_geosupport_ovr_ov_i9a2_l01_r0000fe0c_c0000d583,ov_i9a2_l01_r0000fe0c_c0000d583,ov_i9a2_l01_r0000fe0c_c0000d583
85,Path,\\amssclgis08.ams.gmams.cl\CL_MLP_PAO\01_Proyectos_ArcGIS\APRX\CL MLP PAO Aereo Image Server\SQLServer-amssclgis06_ArcGIS-Aereo.sde\OWD.AMD_CL_MLP_PAO_IF_Ortho_Geosupport_OVR\\Ov_i9A2_L01_R0000FE0C_C0000D584,//amssclgis08.ams.gmams.cl/cl_mlp_pao/01_proyectos_arcgis/aprx/cl mlp pao aereo image server/sqlserver-amssclgis06_arcgis-aereo.sde/owd.amd_cl_mlp_pao_if_ortho_geosupport_ovr//ov_i9a2_l01_r0000fe0c_c0000d584,ov_i9a2_l01_r0000fe0c_c0000d584,ov_i9a2_l01_r0000fe0c_c0000d584,amssclgis08_ams_gmams_cl_cl_mlp_pao_01_proyectos_arcgis_aprx_cl_mlp_pao_aereo_image_server_sqlserver_amssclgis06_arcgis_aereo_sde_owd_amd_cl_mlp_pao_if_ortho_geosupport_ovr_ov_i9a2_l01_r0000fe0c_c0000d584,ov_i9a2_l01_r0000fe0c_c0000d584,ov_i9a2_l01_r0000fe0c_c0000d584
86,Path,\\amssclgis08.ams.gmams.cl\CL_MLP_PAO\01_Proyectos_ArcGIS\APRX\CL MLP PAO Aereo Image Server\SQLServer-amssclgis06_ArcGIS-Aereo.sde\OWD.AMD_CL_MLP_PAO_IF_Ortho_Geosupport_OVR\\Ov_i9A2_L01_R0000FE0C_C0000D585,//amssclgis08.ams.gmams.cl/cl_mlp_pao/01_proyectos_arcgis/aprx/cl mlp pao aereo image server/sqlserver-amssclgis06_arcgis-aereo.sde/owd.amd_cl_mlp_pao_if_ortho_geosupport_ovr//ov_i9a2_l01_r0000fe0c_c0000d585,ov_i9a2_l01_r0000fe0c_c0000d585,ov_i9a2_l01_r0000fe0c_c0000d585,amssclgis08_ams_gmams_cl_cl_mlp_pao_01_proyectos_arcgis_aprx_cl_mlp_pao_aereo_image_server_sqlserver_amssclgis06_arcgis_aereo_sde_owd_amd_cl_mlp_pao_if_ortho_geosupport_ovr_ov_i9a2_l01_r0000fe0c_c0000d585,ov_i9a2_l01_r0000fe0c_c0000d585,ov_i9a2_l01_r0000fe0c_c0000d585
87,Path,\\amssclgis08.ams.gmams.cl\CL_MLP_PAO\01_Proyectos_ArcGIS\APRX\CL MLP PAO Aereo Image Server\SQLServer-amssclgis06_ArcGIS-Aereo.sde\OWD.AMD_CL_MLP_PAO_IF_Ortho_Geosupport_OVR\\Ov_i9A2_L01_R0000FE0C_C0000D586,//amssclgis08.ams.gmams.cl/cl_mlp_pao/01_proyectos_arcgis/aprx/cl mlp pao aereo image server/sqlserver-amssclgis06_arcgis-aereo.sde/owd.amd_cl_mlp_pao_if_ortho_geosupport_ovr//ov_i9a2_l01_r0000fe0c_c0000d586,ov_i9a2_l01_r0000fe0c_c0000d586,ov_i9a2_l01_r0000fe0c_c0000d586,amssclgis08_ams_gmams_cl_cl_mlp_pao_01_proyectos_arcgis_aprx_cl_mlp_pao_aereo_image_server_sqlserver_amssclgis06_arcgis_aereo_sde_owd_amd_cl_mlp_pao_if_ortho_geosupport_ovr_ov_i9a2_l01_r0000fe0c_c0000d586,ov_i9a2_l01_r0000fe0c_c0000d586,ov_i9a2_l01_r0000fe0c_c0000d586
88,Path,\\amssclgis08.ams.gmams.cl\CL_MLP_PAO\01_Proyectos_ArcGIS\APRX\CL MLP PAO Aereo Image Server\SQLServer-amssclgis06_ArcGIS-Aereo.sde\OWD.AMD_CL_MLP_PAO_IF_Ortho_Geosupport_OVR\\Ov_i9A2_L01_R0000FE0C_C0000D587,//amssclgis08.ams.gmams.cl/cl_mlp_pao/01_proyectos_arcgis/aprx/cl mlp pao aereo image server/sqlserver-amssclgis06_arcgis-aereo.sde/owd.amd_cl_mlp_pao_if_ortho_geosupport_ovr//ov_i9a2_l01_r0000fe0c_c0000d587,ov_i9a2_l01_r0000fe0c_c0000d587,ov_i9a2_l01_r0000fe0c_c0000d587,amssclgis08_ams_gmams_cl_cl_mlp_pao_01_proyectos_arcgis_aprx_cl_mlp_pao_aereo_image_server_sqlserver_amssclgis06_arcgis_aereo_sde_owd_amd_cl_mlp_pao_if_ortho_geosupport_ovr_ov_i9a2_l01_r0000fe0c_c0000d587,ov_i9a2_l01_r0000fe0c_c0000d587,ov_i9a2_l01_r0000fe0c_c0000d587
89,Path,\\amssclgis08.ams.gmams.cl\CL_MLP_PAO\01_Proyectos_ArcGIS\APRX\CL MLP PAO Aereo Image Server\SQLServer-amssclgis06_ArcGIS-Aereo.sde\OWD.AMD_CL_MLP_PAO_IF_Ortho_Geosupport_OVR\\Ov_i9A2_L01_R0000FE0C_C0000D588,//amssclgis08.ams.gmams.cl/cl_mlp_pao/01_proyectos_arcgis/aprx/cl mlp pao aereo image server/sqlserver-amssclgis06_arcgis-aereo.sde/owd.amd_cl_mlp_pao_if_ortho_geosupport_ovr//ov_i9a2_l01_r0000fe0c_c0000d588,ov_i9a2_l01_r0000fe0c_c0000d588,ov_i9a2_l01_r0000fe0c_c0000d588,amssclgis08_ams_gmams_cl_cl_mlp_pao_01_proyectos_arcgis_aprx_cl_mlp_pao_aereo_image_server_sqlserver_amssclgis06_arcgis_aereo_sde_owd_amd_cl_mlp_pao_if_ortho_geosupport_ovr_ov_i9a2_l01_r0000fe0c_c0000d588,ov_i9a2_l01_r0000fe0c_c0000d588,ov_i9a2_l01_r0000fe0c_c0000d588
90,Path,\\amssclgis08.ams.gmams.cl\CL_MLP_PAO\01_Proyectos_ArcGIS\APRX\CL MLP PAO Aereo Image Server\SQLServer-amssclgis06_ArcGIS-Aereo.sde\OWD.AMD_CL_MLP_PAO_IF_Ortho_Geosupport_OVR\\Ov_i9A2_L01_R0000FE0C_C0000D589,//amssclgis08.ams.gmams.cl/cl_mlp_pao/01_proyectos_arcgis/aprx/cl mlp pao aereo image server/sqlserver-amssclgis06_arcgis-aereo.sde/owd.amd_cl_mlp_pao_if_ortho_geosupport_ovr//ov_i9a2_l01_r0000fe0c_c0000d589,ov_i9a2_l01_r0000fe0c_c0000d589,ov_i9a2_l01_r0000fe0c_c0000d589,amssclgis08_ams_gmams_cl_cl_mlp_pao_01_proyectos_arcgis_aprx_cl_mlp_pao_aereo_image_server_sqlserver_amssclgis06_arcgis_aereo_sde_owd_amd_cl_mlp_pao_if_ortho_geosupport_ovr_ov_i9a2_l01_r0000fe0c_c0000d589,ov_i9a2_l01_r0000fe0c_c0000d589,ov_i9a2_l01_r0000fe0c_c0000d589
91,Path,\\amssclgis08.ams.gmams.cl\CL_MLP_PAO\01_Proyectos_ArcGIS\APRX\CL MLP PAO Aereo Image Server\SQLServer-amssclgis06_ArcGIS-Aereo.sde\OWD.AMD_CL_MLP_PAO_IF_Ortho_Geosupport_OVR\\Ov_i9A2_L01_R0000FE0C_C0000D58A,//amssclgis08.ams.gmams.cl/cl_mlp_pao/01_proyectos_arcgis/aprx/cl mlp pao aereo image server/sqlserver-amssclgis06_arcgis-aereo.sde/owd.amd_cl_mlp_pao_if_ortho_geosupport_ovr//ov_i9a2_l01_r0000fe0c_c0000d58a,ov_i9a2_l01_r0000fe0c_c0000d58a,ov_i9a2_l01_r0000fe0c_c0000d58a,amssclgis08_ams_gmams_cl_cl_mlp_pao_01_proyectos_arcgis_aprx_cl_mlp_pao_aereo_image_server_sqlserver_amssclgis06_arcgis_aereo_sde_owd_amd_cl_mlp_pao_if_ortho_geosupport_ovr_ov_i9a2_l01_r0000fe0c_c0000d58a,ov_i9a2_l01_r0000fe0c_c0000d58a,ov_i9a2_l01_r0000fe0c_c0000d58a
92,Path,\\amssclgis08.ams.gmams.cl\CL_MLP_PAO\01_Proyectos_ArcGIS\APRX\CL MLP PAO Aereo Image Server\SQLServer-amssclgis06_ArcGIS-Aereo.sde\OWD.AMD_CL_MLP_PAO_IF_Ortho_Geosupport_OVR\\Ov_i9A2_L01_R0000FE0D_C0000D581,//amssclgis08.ams.gmams.cl/cl_mlp_pao/01_proyectos_arcgis/aprx/cl mlp pao aereo image server/sqlserver-amssclgis06_arcgis-aereo.sde/owd.amd_cl_mlp_pao_if_ortho_geosupport_ovr//ov_i9a2_l01_r0000fe0d_c0000d581,ov_i9a2_l01_r0000fe0d_c0000d581,ov_i9a2_l01_r0000fe0d_c0000d581,amssclgis08_ams_gmams_cl_cl_mlp_pao_01_proyectos_arcgis_aprx_cl_mlp_pao_aereo_image_server_sqlserver_amssclgis06_arcgis_aereo_sde_owd_amd_cl_mlp_pao_if_ortho_geosupport_ovr_ov_i9a2_l01_r0000fe0d_c0000d581,ov_i9a2_l01_r0000fe0d_c0000d581,ov_i9a2_l01_r0000fe0d_c0000d581
93,Path,\\amssclgis08.ams.gmams.cl\CL_MLP_PAO\01_Proyectos_ArcGIS\APRX\CL MLP PAO Aereo Image Server\SQLServer-amssclgis06_ArcGIS-Aereo.sde\OWD.AMD_CL_MLP_PAO_IF_Ortho_Geosupport_OVR\\Ov_i9A2_L01_R0000FE0D_C0000D582,//amssclgis08.ams.gmams.cl/cl_mlp_pao/01_proyectos_arcgis/aprx/cl mlp pao aereo image server/sqlserver-amssclgis06_arcgis-aereo.sde/owd.amd_cl_mlp_pao_if_ortho_geosupport_ovr//ov_i9a2_l01_r0000fe0d_c0000d582,ov_i9a2_l01_r0000fe0d_c0000d582,ov_i9a2_l01_r0000fe0d_c0000d582,amssclgis08_ams_gmams_cl_cl_mlp_pao_01_proyectos_arcgis_aprx_cl_mlp_pao_aereo_image_server_sqlserver_amssclgis06_arcgis_aereo_sde_owd_amd_cl_mlp_pao_if_ortho_geosupport_ovr_ov_i9a2_l01_r0000fe0d_c0000d582,ov_i9a2_l01_r0000fe0d_c0000d582,ov_i9a2_l01_r0000fe0d_c0000d582
94,Path,\\amssclgis08.ams.gmams.cl\CL_MLP_PAO\01_Proyectos_ArcGIS\APRX\CL MLP PAO Aereo Image Server\SQLServer-amssclgis06_ArcGIS-Aereo.sde\OWD.AMD_CL_MLP_PAO_IF_Ortho_Geosupport_OVR\\Ov_i9A2_L01_R0000FE0D_C0000D583,//amssclgis08.ams.gmams.cl/cl_mlp_pao/01_proyectos_arcgis/aprx/cl mlp pao aereo image server/sqlserver-amssclgis06_arcgis-aereo.sde/owd.amd_cl_mlp_pao_if_ortho_geosupport_ovr//ov_i9a2_l01_r0000fe0d_c0000d583,ov_i9a2_l01_r0000fe0d_c0000d583,ov_i9a2_l01_r0000fe0d_c0000d583,amssclgis08_ams_gmams_cl_cl_mlp_pao_01_proyectos_arcgis_aprx_cl_mlp_pao_aereo_image_server_sqlserver_amssclgis06_arcgis_aereo_sde_owd_amd_cl_mlp_pao_if_ortho_geosupport_ovr_ov_i9a2_l01_r0000fe0d_c0000d583,ov_i9a2_l01_r0000fe0d_c0000d583,ov_i9a2_l01_r0000fe0d_c0000d583
95,Path,\\amssclgis08.ams.gmams.cl\CL_MLP_PAO\01_Proyectos_ArcGIS\APRX\CL MLP PAO Aereo Image Server\SQLServer-amssclgis06_ArcGIS-Aereo.sde\OWD.AMD_CL_MLP_PAO_IF_Ortho_Geosupport_OVR\\Ov_i9A2_L01_R0000FE0D_C0000D584,//amssclgis08.ams.gmams.cl/cl_mlp_pao/01_proyectos_arcgis/aprx/cl mlp pao aereo image server/sqlserver-amssclgis06_arcgis-aereo.sde/owd.amd_cl_mlp_pao_if_ortho_geosupport_ovr//ov_i9a2_l01_r0000fe0d_c0000d584,ov_i9a2_l01_r0000fe0d_c0000d584,ov_i9a2_l01_r0000fe0d_c0000d584,amssclgis08_ams_gmams_cl_cl_mlp_pao_01_proyectos_arcgis_aprx_cl_mlp_pao_aereo_image_server_sqlserver_amssclgis06_arcgis_aereo_sde_owd_amd_cl_mlp_pao_if_ortho_geosupport_ovr_ov_i9a2_l01_r0000fe0d_c0000d584,ov_i9a2_l01_r0000fe0d_c0000d584,ov_i9a2_l01_r0000fe0d_c0000d584
96,Path,\\amssclgis08.ams.gmams.cl\CL_MLP_PAO\01_Proyectos_ArcGIS\APRX\CL MLP PAO Aereo Image Server\SQLServer-amssclgis06_ArcGIS-Aereo.sde\OWD.AMD_CL_MLP_PAO_IF_Ortho_Geosupport_OVR\\Ov_i9A2_L01_R0000FE0D_C0000D585,//amssclgis08.ams.gmams.cl/cl_mlp_pao/01_proyectos_arcgis/aprx/cl mlp pao aereo image server/sqlserver-amssclgis06_arcgis-aereo.sde/owd.amd_cl_mlp_pao_if_ortho_geosupport_ovr//ov_i9a2_l01_r0000fe0d_c0000d585,ov_i9a2_l01_r0000fe0d_c0000d585,ov_i9a2_l01_r0000fe0d_c0000d585,amssclgis08_ams_gmams_cl_cl_mlp_pao_01_proyectos_arcgis_aprx_cl_mlp_pao_aereo_image_server_sqlserver_amssclgis06_arcgis_aereo_sde_owd_amd_cl_mlp_pao_if_ortho_geosupport_ovr_ov_i9a2_l01_r0000fe0d_c0000d585,ov_i9a2_l01_r0000fe0d_c0000d585,ov_i9a2_l01_r0000fe0d_c0000d585
97,Path,\\amssclgis08.ams.gmams.cl\CL_MLP_PAO\01_Proyectos_ArcGIS\APRX\CL MLP PAO Aereo Image Server\SQLServer-amssclgis06_ArcGIS-Aereo.sde\OWD.AMD_CL_MLP_PAO_IF_Ortho_Geosupport_OVR\\Ov_i9A2_L01_R0000FE0D_C0000D586,//amssclgis08.ams.gmams.cl/cl_mlp_pao/01_proyectos_arcgis/aprx/cl mlp pao aereo image server/sqlserver-amssclgis06_arcgis-aereo.sde/owd.amd_cl_mlp_pao_if_ortho_geosupport_ovr//ov_i9a2_l01_r0000fe0d_c0000d586,ov_i9a2_l01_r0000fe0d_c0000d586,ov_i9a2_l01_r0000fe0d_c0000d586,amssclgis08_ams_gmams_cl_cl_mlp_pao_01_proyectos_arcgis_aprx_cl_mlp_pao_aereo_image_server_sqlserver_amssclgis06_arcgis_aereo_sde_owd_amd_cl_mlp_pao_if_ortho_geosupport_ovr_ov_i9a2_l01_r0000fe0d_c0000d586,ov_i9a2_l01_r0000fe0d_c0000d586,ov_i9a2_l01_r0000fe0d_c0000d586
98,Path,\\amssclgis08.ams.gmams.cl\CL_MLP_PAO\01_Proyectos_ArcGIS\APRX\CL MLP PAO Aereo Image Server\SQLServer-amssclgis06_ArcGIS-Aereo.sde\OWD.AMD_CL_MLP_PAO_IF_Ortho_Geosupport_OVR\\Ov_i9A2_L01_R0000FE0D_C0000D587,//amssclgis08.ams.gmams.cl/cl_mlp_pao/01_proyectos_arcgis/aprx/cl mlp pao aereo image server/sqlserver-amssclgis06_arcgis-aereo.sde/owd.amd_cl_mlp_pao_if_ortho_geosupport_ovr//ov_i9a2_l01_r0000fe0d_c0000d587,ov_i9a2_l01_r0000fe0d_c0000d587,ov_i9a2_l01_r0000fe0d_c0000d587,amssclgis08_ams_gmams_cl_cl_mlp_pao_01_proyectos_arcgis_aprx_cl_mlp_pao_aereo_image_server_sqlserver_amssclgis06_arcgis_aereo_sde_owd_amd_cl_mlp_pao_if_ortho_geosupport_ovr_ov_i9a2_l01_r0000fe0d_c0000d587,ov_i9a2_l01_r0000fe0d_c0000d587,ov_i9a2_l01_r0000fe0d_c0000d587
99,Path,\\amssclgis08.ams.gmams.cl\CL_MLP_PAO\01_Proyectos_ArcGIS\APRX\CL MLP PAO Aereo Image Server\SQLServer-amssclgis06_ArcGIS-Aereo.sde\OWD.AMD_CL_MLP_PAO_IF_Ortho_Geosupport_OVR\\Ov_i9A2_L01_R0000FE0D_C0000D588,//amssclgis08.ams.gmams.cl/cl_mlp_pao/01_proyectos_arcgis/aprx/cl mlp pao aereo image server/sqlserver-amssclgis06_arcgis-aereo.sde/owd.amd_cl_mlp_pao_if_ortho_geosupport_ovr//ov_i9a2_l01_r0000fe0d_c0000d588,ov_i9a2_l01_r0000fe0d_c0000d588,ov_i9a2_l01_r0000fe0d_c0000d588,amssclgis08_ams_gmams_cl_cl_mlp_pao_01_proyectos_arcgis_aprx_cl_mlp_pao_aereo_image_server_sqlserver_amssclgis06_arcgis_aereo_sde_owd_amd_cl_mlp_pao_if_ortho_geosupport_ovr_ov_i9a2_l01_r0000fe0d_c0000d588,ov_i9a2_l01_r0000fe0d_c0000d588,ov_i9a2_l01_r0000fe0d_c0000d588
100,Path,\\amssclgis08.ams.gmams.cl\CL_MLP_PAO\01_Proyectos_ArcGIS\APRX\CL MLP PAO Aereo Image Server\SQLServer-amssclgis06_ArcGIS-Aereo.sde\OWD.AMD_CL_MLP_PAO_IF_Ortho_Geosupport_OVR\\Ov_i9A2_L01_R0000FE0D_C0000D589,//amssclgis08.ams.gmams.cl/cl_mlp_pao/01_proyectos_arcgis/aprx/cl mlp pao aereo image server/sqlserver-amssclgis06_arcgis-aereo.sde/owd.amd_cl_mlp_pao_if_ortho_geosupport_ovr//ov_i9a2_l01_r0000fe0d_c0000d589,ov_i9a2_l01_r0000fe0d_c0000d589,ov_i9a2_l01_r0000fe0d_c0000d589,amssclgis08_ams_gmams_cl_cl_mlp_pao_01_proyectos_arcgis_aprx_cl_mlp_pao_aereo_image_server_sqlserver_amssclgis06_arcgis_aereo_sde_owd_amd_cl_mlp_pao_if_ortho_geosupport_ovr_ov_i9a2_l01_r0000fe0d_c0000d589,ov_i9a2_l01_r0000fe0d_c0000d589,ov_i9a2_l01_r0000fe0d_c0000d589
101,Path,\\amssclgis08.ams.gmams.cl\CL_MLP_PAO\01_Proyectos_ArcGIS\APRX\CL MLP PAO Aereo Image Server\SQLServer-amssclgis06_ArcGIS-Aereo.sde\OWD.AMD_CL_MLP_PAO_IF_Ortho_Geosupport_OVR\\Ov_i9A2_L01_R0000FE0E_C0000D582,//amssclgis08.ams.gmams.cl/cl_mlp_pao/01_proyectos_arcgis/aprx/cl mlp pao aereo image server/sqlserver-amssclgis06_arcgis-aereo.sde/owd.amd_cl_mlp_pao_if_ortho_geosupport_ovr//ov_i9a2_l01_r0000fe0e_c0000d582,ov_i9a2_l01_r0000fe0e_c0000d582,ov_i9a2_l01_r0000fe0e_c0000d582,amssclgis08_ams_gmams_cl_cl_mlp_pao_01_proyectos_arcgis_aprx_cl_mlp_pao_aereo_image_server_sqlserver_amssclgis06_arcgis_aereo_sde_owd_amd_cl_mlp_pao_if_ortho_geosupport_ovr_ov_i9a2_l01_r0000fe0e_c0000d582,ov_i9a2_l01_r0000fe0e_c0000d582,ov_i9a2_l01_r0000fe0e_c0000d582
102,Path,\\amssclgis08.ams.gmams.cl\CL_MLP_PAO\01_Proyectos_ArcGIS\APRX\CL MLP PAO Aereo Image Server\SQLServer-amssclgis06_ArcGIS-Aereo.sde\OWD.AMD_CL_MLP_PAO_IF_Ortho_Geosupport_OVR\\Ov_i9A2_L01_R0000FE0E_C0000D583,//amssclgis08.ams.gmams.cl/cl_mlp_pao/01_proyectos_arcgis/aprx/cl mlp pao aereo image server/sqlserver-amssclgis06_arcgis-aereo.sde/owd.amd_cl_mlp_pao_if_ortho_geosupport_ovr//ov_i9a2_l01_r0000fe0e_c0000d583,ov_i9a2_l01_r0000fe0e_c0000d583,ov_i9a2_l01_r0000fe0e_c0000d583,amssclgis08_ams_gmams_cl_cl_mlp_pao_01_proyectos_arcgis_aprx_cl_mlp_pao_aereo_image_server_sqlserver_amssclgis06_arcgis_aereo_sde_owd_amd_cl_mlp_pao_if_ortho_geosupport_ovr_ov_i9a2_l01_r0000fe0e_c0000d583,ov_i9a2_l01_r0000fe0e_c0000d583,ov_i9a2_l01_r0000fe0e_c0000d583
103,Path,\\amssclgis08.ams.gmams.cl\CL_MLP_PAO\01_Proyectos_ArcGIS\APRX\CL MLP PAO Aereo Image Server\SQLServer-amssclgis06_ArcGIS-Aereo.sde\OWD.AMD_CL_MLP_PAO_IF_Ortho_Geosupport_OVR\\Ov_i9A2_L01_R0000FE0E_C0000D584,//amssclgis08.ams.gmams.cl/cl_mlp_pao/01_proyectos_arcgis/aprx/cl mlp pao aereo image server/sqlserver-amssclgis06_arcgis-aereo.sde/owd.amd_cl_mlp_pao_if_ortho_geosupport_ovr//ov_i9a2_l01_r0000fe0e_c0000d584,ov_i9a2_l01_r0000fe0e_c0000d584,ov_i9a2_l01_r0000fe0e_c0000d584,amssclgis08_ams_gmams_cl_cl_mlp_pao_01_proyectos_arcgis_aprx_cl_mlp_pao_aereo_image_server_sqlserver_amssclgis06_arcgis_aereo_sde_owd_amd_cl_mlp_pao_if_ortho_geosupport_ovr_ov_i9a2_l01_r0000fe0e_c0000d584,ov_i9a2_l01_r0000fe0e_c0000d584,ov_i9a2_l01_r0000fe0e_c0000d584
104,Path,\\amssclgis08.ams.gmams.cl\CL_MLP_PAO\01_Proyectos_ArcGIS\APRX\CL MLP PAO Aereo Image Server\SQLServer-amssclgis06_ArcGIS-Aereo.sde\OWD.AMD_CL_MLP_PAO_IF_Ortho_Geosupport_OVR\\Ov_i9A2_L01_R0000FE0E_C0000D585,//amssclgis08.ams.gmams.cl/cl_mlp_pao/01_proyectos_arcgis/aprx/cl mlp pao aereo image server/sqlserver-amssclgis06_arcgis-aereo.sde/owd.amd_cl_mlp_pao_if_ortho_geosupport_ovr//ov_i9a2_l01_r0000fe0e_c0000d585,ov_i9a2_l01_r0000fe0e_c0000d585,ov_i9a2_l01_r0000fe0e_c0000d585,amssclgis08_ams_gmams_cl_cl_mlp_pao_01_proyectos_arcgis_aprx_cl_mlp_pao_aereo_image_server_sqlserver_amssclgis06_arcgis_aereo_sde_owd_amd_cl_mlp_pao_if_ortho_geosupport_ovr_ov_i9a2_l01_r0000fe0e_c0000d585,ov_i9a2_l01_r0000fe0e_c0000d585,ov_i9a2_l01_r0000fe0e_c0000d585
105,Path,\\amssclgis08.ams.gmams.cl\CL_MLP_PAO\01_Proyectos_ArcGIS\APRX\CL MLP PAO Aereo Image Server\SQLServer-amssclgis06_ArcGIS-Aereo.sde\OWD.AMD_CL_MLP_PAO_IF_Ortho_Geosupport_OVR\\Ov_i9A2_L01_R0000FE0E_C0000D586,//amssclgis08.ams.gmams.cl/cl_mlp_pao/01_proyectos_arcgis/aprx/cl mlp pao aereo image server/sqlserver-amssclgis06_arcgis-aereo.sde/owd.amd_cl_mlp_pao_if_ortho_geosupport_ovr//ov_i9a2_l01_r0000fe0e_c0000d586,ov_i9a2_l01_r0000fe0e_c0000d586,ov_i9a2_l01_r0000fe0e_c0000d586,amssclgis08_ams_gmams_cl_cl_mlp_pao_01_proyectos_arcgis_aprx_cl_mlp_pao_aereo_image_server_sqlserver_amssclgis06_arcgis_aereo_sde_owd_amd_cl_mlp_pao_if_ortho_geosupport_ovr_ov_i9a2_l01_r0000fe0e_c0000d586,ov_i9a2_l01_r0000fe0e_c0000d586,ov_i9a2_l01_r0000fe0e_c0000d586
106,Path,\\amssclgis08.ams.gmams.cl\CL_MLP_PAO\01_Proyectos_ArcGIS\APRX\CL MLP PAO Aereo Image Server\SQLServer-amssclgis06_ArcGIS-Aereo.sde\OWD.AMD_CL_MLP_PAO_IF_Ortho_Geosupport_OVR\\Ov_i9A2_L01_R0000FE0E_C0000D587,//amssclgis08.ams.gmams.cl/cl_mlp_pao/01_proyectos_arcgis/aprx/cl mlp pao aereo image server/sqlserver-amssclgis06_arcgis-aereo.sde/owd.amd_cl_mlp_pao_if_ortho_geosupport_ovr//ov_i9a2_l01_r0000fe0e_c0000d587,ov_i9a2_l01_r0000fe0e_c0000d587,ov_i9a2_l01_r0000fe0e_c0000d587,amssclgis08_ams_gmams_cl_cl_mlp_pao_01_proyectos_arcgis_aprx_cl_mlp_pao_aereo_image_server_sqlserver_amssclgis06_arcgis_aereo_sde_owd_amd_cl_mlp_pao_if_ortho_geosupport_ovr_ov_i9a2_l01_r0000fe0e_c0000d587,ov_i9a2_l01_r0000fe0e_c0000d587,ov_i9a2_l01_r0000fe0e_c0000d587
107,Path,\\amssclgis08.ams.gmams.cl\CL_MLP_PAO\01_Proyectos_ArcGIS\APRX\CL MLP PAO Aereo Image Server\SQLServer-amssclgis06_ArcGIS-Aereo.sde\OWD.AMD_CL_MLP_PAO_IF_Ortho_Geosupport_OVR\\Ov_i9A2_L01_R0000FE0E_C0000D588,//amssclgis08.ams.gmams.cl/cl_mlp_pao/01_proyectos_arcgis/aprx/cl mlp pao aereo image server/sqlserver-amssclgis06_arcgis-aereo.sde/owd.amd_cl_mlp_pao_if_ortho_geosupport_ovr//ov_i9a2_l01_r0000fe0e_c0000d588,ov_i9a2_l01_r0000fe0e_c0000d588,ov_i9a2_l01_r0000fe0e_c0000d588,amssclgis08_ams_gmams_cl_cl_mlp_pao_01_proyectos_arcgis_aprx_cl_mlp_pao_aereo_image_server_sqlserver_amssclgis06_arcgis_aereo_sde_owd_amd_cl_mlp_pao_if_ortho_geosupport_ovr_ov_i9a2_l01_r0000fe0e_c0000d588,ov_i9a2_l01_r0000fe0e_c0000d588,ov_i9a2_l01_r0000fe0e_c0000d588
108,Path,\\amssclgis08.ams.gmams.cl\CL_MLP_PAO\01_Proyectos_ArcGIS\APRX\CL MLP PAO Aereo Image Server\SQLServer-amssclgis06_ArcGIS-Aereo.sde\OWD.AMD_CL_MLP_PAO_IF_Ortho_Geosupport_OVR\\Ov_i9A2_L01_R0000FE0F_C0000D583,//amssclgis08.ams.gmams.cl/cl_mlp_pao/01_proyectos_arcgis/aprx/cl mlp pao aereo image server/sqlserver-amssclgis06_arcgis-aereo.sde/owd.amd_cl_mlp_pao_if_ortho_geosupport_ovr//ov_i9a2_l01_r0000fe0f_c0000d583,ov_i9a2_l01_r0000fe0f_c0000d583,ov_i9a2_l01_r0000fe0f_c0000d583,amssclgis08_ams_gmams_cl_cl_mlp_pao_01_proyectos_arcgis_aprx_cl_mlp_pao_aereo_image_server_sqlserver_amssclgis06_arcgis_aereo_sde_owd_amd_cl_mlp_pao_if_ortho_geosupport_ovr_ov_i9a2_l01_r0000fe0f_c0000d583,ov_i9a2_l01_r0000fe0f_c0000d583,ov_i9a2_l01_r0000fe0f_c0000d583
109,Path,\\amssclgis08.ams.gmams.cl\CL_MLP_PAO\01_Proyectos_ArcGIS\APRX\CL MLP PAO Aereo Image Server\SQLServer-amssclgis06_ArcGIS-Aereo.sde\OWD.AMD_CL_MLP_PAO_IF_Ortho_Geosupport_OVR\\Ov_i9A2_L01_R0000FE0F_C0000D584,//amssclgis08.ams.gmams.cl/cl_mlp_pao/01_proyectos_arcgis/aprx/cl mlp pao aereo image server/sqlserver-amssclgis06_arcgis-aereo.sde/owd.amd_cl_mlp_pao_if_ortho_geosupport_ovr//ov_i9a2_l01_r0000fe0f_c0000d584,ov_i9a2_l01_r0000fe0f_c0000d584,ov_i9a2_l01_r0000fe0f_c0000d584,amssclgis08_ams_gmams_cl_cl_mlp_pao_01_proyectos_arcgis_aprx_cl_mlp_pao_aereo_image_server_sqlserver_amssclgis06_arcgis_aereo_sde_owd_amd_cl_mlp_pao_if_ortho_geosupport_ovr_ov_i9a2_l01_r0000fe0f_c0000d584,ov_i9a2_l01_r0000fe0f_c0000d584,ov_i9a2_l01_r0000fe0f_c0000d584
110,Path,\\amssclgis08.ams.gmams.cl\CL_MLP_PAO\01_Proyectos_ArcGIS\APRX\CL MLP PAO Aereo Image Server\SQLServer-amssclgis06_ArcGIS-Aereo.sde\OWD.AMD_CL_MLP_PAO_IF_Ortho_Geosupport_OVR\\Ov_i9A2_L01_R0000FE0F_C0000D585,//amssclgis08.ams.gmams.cl/cl_mlp_pao/01_proyectos_arcgis/aprx/cl mlp pao aereo image server/sqlserver-amssclgis06_arcgis-aereo.sde/owd.amd_cl_mlp_pao_if_ortho_geosupport_ovr//ov_i9a2_l01_r0000fe0f_c0000d585,ov_i9a2_l01_r0000fe0f_c0000d585,ov_i9a2_l01_r0000fe0f_c0000d585,amssclgis08_ams_gmams_cl_cl_mlp_pao_01_proyectos_arcgis_aprx_cl_mlp_pao_aereo_image_server_sqlserver_amssclgis06_arcgis_aereo_sde_owd_amd_cl_mlp_pao_if_ortho_geosupport_ovr_ov_i9a2_l01_r0000fe0f_c0000d585,ov_i9a2_l01_r0000fe0f_c0000d585,ov_i9a2_l01_r0000fe0f_c0000d585
111,Path,\\amssclgis08.ams.gmams.cl\CL_MLP_PAO\01_Proyectos_ArcGIS\APRX\CL MLP PAO Aereo Image Server\SQLServer-amssclgis06_ArcGIS-Aereo.sde\OWD.AMD_CL_MLP_PAO_IF_Ortho_Geosupport_OVR\\Ov_i9A2_L01_R0000FE0F_C0000D586,//amssclgis08.ams.gmams.cl/cl_mlp_pao/01_proyectos_arcgis/aprx/cl mlp pao aereo image server/sqlserver-amssclgis06_arcgis-aereo.sde/owd.amd_cl_mlp_pao_if_ortho_geosupport_ovr//ov_i9a2_l01_r0000fe0f_c0000d586,ov_i9a2_l01_r0000fe0f_c0000d586,ov_i9a2_l01_r0000fe0f_c0000d586,amssclgis08_ams_gmams_cl_cl_mlp_pao_01_proyectos_arcgis_aprx_cl_mlp_pao_aereo_image_server_sqlserver_amssclgis06_arcgis_aereo_sde_owd_amd_cl_mlp_pao_if_ortho_geosupport_ovr_ov_i9a2_l01_r0000fe0f_c0000d586,ov_i9a2_l01_r0000fe0f_c0000d586,ov_i9a2_l01_r0000fe0f_c0000d586
112,Path,\\amssclgis08.ams.gmams.cl\CL_MLP_PAO\01_Proyectos_ArcGIS\APRX\CL MLP PAO Aereo Image Server\SQLServer-amssclgis06_ArcGIS-Aereo.sde\OWD.AMD_CL_MLP_PAO_IF_Ortho_Geosupport_OVR\\Ov_i9A2_L01_R0000FE0F_C0000D587,//amssclgis08.ams.gmams.cl/cl_mlp_pao/01_proyectos_arcgis/aprx/cl mlp pao aereo image server/sqlserver-amssclgis06_arcgis-aereo.sde/owd.amd_cl_mlp_pao_if_ortho_geosupport_ovr//ov_i9a2_l01_r0000fe0f_c0000d587,ov_i9a2_l01_r0000fe0f_c0000d587,ov_i9a2_l01_r0000fe0f_c0000d587,amssclgis08_ams_gmams_cl_cl_mlp_pao_01_proyectos_arcgis_aprx_cl_mlp_pao_aereo_image_server_sqlserver_amssclgis06_arcgis_aereo_sde_owd_amd_cl_mlp_pao_if_ortho_geosupport_ovr_ov_i9a2_l01_r0000fe0f_c0000d587,ov_i9a2_l01_r0000fe0f_c0000d587,ov_i9a2_l01_r0000fe0f_c0000d587
113,Path,\\amssclgis08.ams.gmams.cl\CL_MLP_PAO\01_Proyectos_ArcGIS\APRX\CL MLP PAO Aereo Image Server\SQLServer-amssclgis06_ArcGIS-Aereo.sde\OWD.AMD_CL_MLP_PAO_IF_Ortho_Geosupport_OVR\\Ov_i9A2_L01_R0000FE0F_C0000D588,//amssclgis08.ams.gmams.cl/cl_mlp_pao/01_proyectos_arcgis/aprx/cl mlp pao aereo image server/sqlserver-amssclgis06_arcgis-aereo.sde/owd.amd_cl_mlp_pao_if_ortho_geosupport_ovr//ov_i9a2_l01_r0000fe0f_c0000d588,ov_i9a2_l01_r0000fe0f_c0000d588,ov_i9a2_l01_r0000fe0f_c0000d588,amssclgis08_ams_gmams_cl_cl_mlp_pao_01_proyectos_arcgis_aprx_cl_mlp_pao_aereo_image_server_sqlserver_amssclgis06_arcgis_aereo_sde_owd_amd_cl_mlp_pao_if_ortho_geosupport_ovr_ov_i9a2_l01_r0000fe0f_c0000d588,ov_i9a2_l01_r0000fe0f_c0000d588,ov_i9a2_l01_r0000fe0f_c0000d588
114,Path,\\amssclgis08.ams.gmams.cl\CL_MLP_PAO\01_Proyectos_ArcGIS\APRX\CL MLP PAO Aereo Image Server\SQLServer-amssclgis06_ArcGIS-Aereo.sde\OWD.AMD_CL_MLP_PAO_IF_Ortho_Geosupport_OVR\\Ov_i9A2_L01_R0000FE10_C0000D584,//amssclgis08.ams.gmams.cl/cl_mlp_pao/01_proyectos_arcgis/aprx/cl mlp pao aereo image server/sqlserver-amssclgis06_arcgis-aereo.sde/owd.amd_cl_mlp_pao_if_ortho_geosupport_ovr//ov_i9a2_l01_r0000fe10_c0000d584,ov_i9a2_l01_r0000fe10_c0000d584,ov_i9a2_l01_r0000fe10_c0000d584,amssclgis08_ams_gmams_cl_cl_mlp_pao_01_proyectos_arcgis_aprx_cl_mlp_pao_aereo_image_server_sqlserver_amssclgis06_arcgis_aereo_sde_owd_amd_cl_mlp_pao_if_ortho_geosupport_ovr_ov_i9a2_l01_r0000fe10_c0000d584,ov_i9a2_l01_r0000fe10_c0000d584,ov_i9a2_l01_r0000fe10_c0000d584
115,Path,\\amssclgis08.ams.gmams.cl\CL_MLP_PAO\01_Proyectos_ArcGIS\APRX\CL MLP PAO Aereo Image Server\SQLServer-amssclgis06_ArcGIS-Aereo.sde\OWD.AMD_CL_MLP_PAO_IF_Ortho_Geosupport_OVR\\Ov_i9A2_L01_R0000FE10_C0000D585,//amssclgis08.ams.gmams.cl/cl_mlp_pao/01_proyectos_arcgis/aprx/cl mlp pao aereo image server/sqlserver-amssclgis06_arcgis-aereo.sde/owd.amd_cl_mlp_pao_if_ortho_geosupport_ovr//ov_i9a2_l01_r0000fe10_c0000d585,ov_i9a2_l01_r0000fe10_c0000d585,ov_i9a2_l01_r0000fe10_c0000d585,amssclgis08_ams_gmams_cl_cl_mlp_pao_01_proyectos_arcgis_aprx_cl_mlp_pao_aereo_image_server_sqlserver_amssclgis06_arcgis_aereo_sde_owd_amd_cl_mlp_pao_if_ortho_geosupport_ovr_ov_i9a2_l01_r0000fe10_c0000d585,ov_i9a2_l01_r0000fe10_c0000d585,ov_i9a2_l01_r0000fe10_c0000d585
116,Path,\\amssclgis08.ams.gmams.cl\CL_MLP_PAO\01_Proyectos_ArcGIS\APRX\CL MLP PAO Aereo Image Server\SQLServer-amssclgis06_ArcGIS-Aereo.sde\OWD.AMD_CL_MLP_PAO_IF_Ortho_Geosupport_OVR\\Ov_i9A2_L01_R0000FE10_C0000D586,//amssclgis08.ams.gmams.cl/cl_mlp_pao/01_proyectos_arcgis/aprx/cl mlp pao aereo image server/sqlserver-amssclgis06_arcgis-aereo.sde/owd.amd_cl_mlp_pao_if_ortho_geosupport_ovr//ov_i9a2_l01_r0000fe10_c0000d586,ov_i9a2_l01_r0000fe10_c0000d586,ov_i9a2_l01_r0000fe10_c0000d586,amssclgis08_ams_gmams_cl_cl_mlp_pao_01_proyectos_arcgis_aprx_cl_mlp_pao_aereo_image_server_sqlserver_amssclgis06_arcgis_aereo_sde_owd_amd_cl_mlp_pao_if_ortho_geosupport_ovr_ov_i9a2_l01_r0000fe10_c0000d586,ov_i9a2_l01_r0000fe10_c0000d586,ov_i9a2_l01_r0000fe10_c0000d586
117,Path,\\amssclgis08.ams.gmams.cl\CL_MLP_PAO\01_Proyectos_ArcGIS\APRX\CL MLP PAO Aereo Image Server\SQLServer-amssclgis06_ArcGIS-Aereo.sde\OWD.AMD_CL_MLP_PAO_IF_Ortho_Geosupport_OVR\\Ov_i9A2_L01_R0000FE10_C0000D587,//amssclgis08.ams.gmams.cl/cl_mlp_pao/01_proyectos_arcgis/aprx/cl mlp pao aereo image server/sqlserver-amssclgis06_arcgis-aereo.sde/owd.amd_cl_mlp_pao_if_ortho_geosupport_ovr//ov_i9a2_l01_r0000fe10_c0000d587,ov_i9a2_l01_r0000fe10_c0000d587,ov_i9a2_l01_r0000fe10_c0000d587,amssclgis08_ams_gmams_cl_cl_mlp_pao_01_proyectos_arcgis_aprx_cl_mlp_pao_aereo_image_server_sqlserver_amssclgis06_arcgis_aereo_sde_owd_amd_cl_mlp_pao_if_ortho_geosupport_ovr_ov_i9a2_l01_r0000fe10_c0000d587,ov_i9a2_l01_r0000fe10_c0000d587,ov_i9a2_l01_r0000fe10_c0000d587
118,Path,\\amssclgis08.ams.gmams.cl\CL_MLP_PAO\01_Proyectos_ArcGIS\APRX\CL MLP PAO Aereo Image Server\SQLServer-amssclgis06_ArcGIS-Aereo.sde\OWD.AMD_CL_MLP_PAO_IF_Ortho_Geosupport_OVR\\Ov_i9A2_L01_R0000FE09_C0000D565,//amssclgis08.ams.gmams.cl/cl_mlp_pao/01_proyectos_arcgis/aprx/cl mlp pao aereo image server/sqlserver-amssclgis06_arcgis-aereo.sde/owd.amd_cl_mlp_pao_if_ortho_geosupport_ovr//ov_i9a2_l01_r0000fe09_c0000d565,ov_i9a2_l01_r0000fe09_c0000d565,ov_i9a2_l01_r0000fe09_c0000d565,amssclgis08_ams_gmams_cl_cl_mlp_pao_01_proyectos_arcgis_aprx_cl_mlp_pao_aereo_image_server_sqlserver_amssclgis06_arcgis_aereo_sde_owd_amd_cl_mlp_pao_if_ortho_geosupport_ovr_ov_i9a2_l01_r0000fe09_c0000d565,ov_i9a2_l01_r0000fe09_c0000d565,ov_i9a2_l01_r0000fe09_c0000d565
119,Path,\\amssclgis08.ams.gmams.cl\CL_MLP_PAO\01_Proyectos_ArcGIS\APRX\CL MLP PAO Aereo Image Server\SQLServer-amssclgis06_ArcGIS-Aereo.sde\OWD.AMD_CL_MLP_PAO_IF_Ortho_Geosupport_OVR\\Ov_i9A2_L01_R0000FE0A_C0000D564,//amssclgis08.ams.gmams.cl/cl_mlp_pao/01_proyectos_arcgis/aprx/cl mlp pao aereo image server/sqlserver-amssclgis06_arcgis-aereo.sde/owd.amd_cl_mlp_pao_if_ortho_geosupport_ovr//ov_i9a2_l01_r0000fe0a_c0000d564,ov_i9a2_l01_r0000fe0a_c0000d564,ov_i9a2_l01_r0000fe0a_c0000d564,amssclgis08_ams_gmams_cl_cl_mlp_pao_01_proyectos_arcgis_aprx_cl_mlp_pao_aereo_image_server_sqlserver_amssclgis06_arcgis_aereo_sde_owd_amd_cl_mlp_pao_if_ortho_geosupport_ovr_ov_i9a2_l01_r0000fe0a_c0000d564,ov_i9a2_l01_r0000fe0a_c0000d564,ov_i9a2_l01_r0000fe0a_c0000d564
120,Path,\\amssclgis08.ams.gmams.cl\CL_MLP_PAO\01_Proyectos_ArcGIS\APRX\CL MLP PAO Aereo Image Server\SQLServer-amssclgis06_ArcGIS-Aereo.sde\OWD.AMD_CL_MLP_PAO_IF_Ortho_Geosupport_OVR\\Ov_i9A2_L01_R0000FE0A_C0000D565,//amssclgis08.ams.gmams.cl/cl_mlp_pao/01_proyectos_arcgis/aprx/cl mlp pao aereo image server/sqlserver-amssclgis06_arcgis-aereo.sde/owd.amd_cl_mlp_pao_if_ortho_geosupport_ovr//ov_i9a2_l01_r0000fe0a_c0000d565,ov_i9a2_l01_r0000fe0a_c0000d565,ov_i9a2_l01_r0000fe0a_c0000d565,amssclgis08_ams_gmams_cl_cl_mlp_pao_01_proyectos_arcgis_aprx_cl_mlp_pao_aereo_image_server_sqlserver_amssclgis06_arcgis_aereo_sde_owd_amd_cl_mlp_pao_if_ortho_geosupport_ovr_ov_i9a2_l01_r0000fe0a_c0000d565,ov_i9a2_l01_r0000fe0a_c0000d565,ov_i9a2_l01_r0000fe0a_c0000d565
121,Path,\\amssclgis08.ams.gmams.cl\CL_MLP_PAO\01_Proyectos_ArcGIS\APRX\CL MLP PAO Aereo Image Server\SQLServer-amssclgis06_ArcGIS-Aereo.sde\OWD.AMD_CL_MLP_PAO_IF_Ortho_Geosupport_OVR\\Ov_i9A2_L01_R0000FE08_C0000D561,//amssclgis08.ams.gmams.cl/cl_mlp_pao/01_proyectos_arcgis/aprx/cl mlp pao aereo image server/sqlserver-amssclgis06_arcgis-aereo.sde/owd.amd_cl_mlp_pao_if_ortho_geosupport_ovr//ov_i9a2_l01_r0000fe08_c0000d561,ov_i9a2_l01_r0000fe08_c0000d561,ov_i9a2_l01_r0000fe08_c0000d561,amssclgis08_ams_gmams_cl_cl_mlp_pao_01_proyectos_arcgis_aprx_cl_mlp_pao_aereo_image_server_sqlserver_amssclgis06_arcgis_aereo_sde_owd_amd_cl_mlp_pao_if_ortho_geosupport_ovr_ov_i9a2_l01_r0000fe08_c0000d561,ov_i9a2_l01_r0000fe08_c0000d561,ov_i9a2_l01_r0000fe08_c0000d561
122,Path,\\amssclgis08.ams.gmams.cl\CL_MLP_PAO\01_Proyectos_ArcGIS\APRX\CL MLP PAO Aereo Image Server\SQLServer-amssclgis06_ArcGIS-Aereo.sde\OWD.AMD_CL_MLP_PAO_IF_Ortho_Geosupport_OVR\\Ov_i9A2_L01_R0000FE09_C0000D561,//amssclgis08.ams.gmams.cl/cl_mlp_pao/01_proyectos_arcgis/aprx/cl mlp pao aereo image server/sqlserver-amssclgis06_arcgis-aereo.sde/owd.amd_cl_mlp_pao_if_ortho_geosupport_ovr//ov_i9a2_l01_r0000fe09_c0000d561,ov_i9a2_l01_r0000fe09_c0000d561,ov_i9a2_l01_r0000fe09_c0000d561,amssclgis08_ams_gmams_cl_cl_mlp_pao_01_proyectos_arcgis_aprx_cl_mlp_pao_aereo_image_server_sqlserver_amssclgis06_arcgis_aereo_sde_owd_amd_cl_mlp_pao_if_ortho_geosupport_ovr_ov_i9a2_l01_r0000fe09_c0000d561,ov_i9a2_l01_r0000fe09_c0000d561,ov_i9a2_l01_r0000fe09_c0000d561
123,Path,\\amssclgis08.ams.gmams.cl\CL_MLP_PAO\01_Proyectos_ArcGIS\APRX\CL MLP PAO Aereo Image Server\SQLServer-amssclgis06_ArcGIS-Aereo.sde\OWD.AMD_CL_MLP_PAO_IF_Ortho_Geosupport_OVR\\Ov_i9A2_L01_R0000FE08_C0000D562,//amssclgis08.ams.gmams.cl/cl_mlp_pao/01_proyectos_arcgis/aprx/cl mlp pao aereo image server/sqlserver-amssclgis06_arcgis-aereo.sde/owd.amd_cl_mlp_pao_if_ortho_geosupport_ovr//ov_i9a2_l01_r0000fe08_c0000d562,ov_i9a2_l01_r0000fe08_c0000d562,ov_i9a2_l01_r0000fe08_c0000d562,amssclgis08_ams_gmams_cl_cl_mlp_pao_01_proyectos_arcgis_aprx_cl_mlp_pao_aereo_image_server_sqlserver_amssclgis06_arcgis_aereo_sde_owd_amd_cl_mlp_pao_if_ortho_geosupport_ovr_ov_i9a2_l01_r0000fe08_c0000d562,ov_i9a2_l01_r0000fe08_c0000d562,ov_i9a2_l01_r0000fe08_c0000d562
124,Path,\\amssclgis08.ams.gmams.cl\CL_MLP_PAO\01_Proyectos_ArcGIS\APRX\CL MLP PAO Aereo Image Server\SQLServer-amssclgis06_ArcGIS-Aereo.sde\OWD.AMD_CL_MLP_PAO_IF_Ortho_Geosupport_OVR\\Ov_i9A2_L01_R0000FE09_C0000D562,//amssclgis08.ams.gmams.cl/cl_mlp_pao/01_proyectos_arcgis/aprx/cl mlp pao aereo image server/sqlserver-amssclgis06_arcgis-aereo.sde/owd.amd_cl_mlp_pao_if_ortho_geosupport_ovr//ov_i9a2_l01_r0000fe09_c0000d562,ov_i9a2_l01_r0000fe09_c0000d562,ov_i9a2_l01_r0000fe09_c0000d562,amssclgis08_ams_gmams_cl_cl_mlp_pao_01_proyectos_arcgis_aprx_cl_mlp_pao_aereo_image_server_sqlserver_amssclgis06_arcgis_aereo_sde_owd_amd_cl_mlp_pao_if_ortho_geosupport_ovr_ov_i9a2_l01_r0000fe09_c0000d562,ov_i9a2_l01_r0000fe09_c0000d562,ov_i9a2_l01_r0000fe09_c0000d562
125,Path,\\amssclgis08.ams.gmams.cl\CL_MLP_PAO\01_Proyectos_ArcGIS\APRX\CL MLP PAO Aereo Image Server\SQLServer-amssclgis06_ArcGIS-Aereo.sde\OWD.AMD_CL_MLP_PAO_IF_Ortho_Geosupport_OVR\\Ov_i9A2_L01_R0000FE09_C0000D563,//amssclgis08.ams.gmams.cl/cl_mlp_pao/01_proyectos_arcgis/aprx/cl mlp pao aereo image server/sqlserver-amssclgis06_arcgis-aereo.sde/owd.amd_cl_mlp_pao_if_ortho_geosupport_ovr//ov_i9a2_l01_r0000fe09_c0000d563,ov_i9a2_l01_r0000fe09_c0000d563,ov_i9a2_l01_r0000fe09_c0000d563,amssclgis08_ams_gmams_cl_cl_mlp_pao_01_proyectos_arcgis_aprx_cl_mlp_pao_aereo_image_server_sqlserver_amssclgis06_arcgis_aereo_sde_owd_amd_cl_mlp_pao_if_ortho_geosupport_ovr_ov_i9a2_l01_r0000fe09_c0000d563,ov_i9a2_l01_r0000fe09_c0000d563,ov_i9a2_l01_r0000fe09_c0000d563
126,Path,\\amssclgis08.ams.gmams.cl\CL_MLP_PAO\01_Proyectos_ArcGIS\APRX\CL MLP PAO Aereo Image Server\SQLServer-amssclgis06_ArcGIS-Aereo.sde\OWD.AMD_CL_MLP_PAO_IF_Ortho_Geosupport_OVR\\Ov_i9A2_L01_R0000FE0A_C0000D563,//amssclgis08.ams.gmams.cl/cl_mlp_pao/01_proyectos_arcgis/aprx/cl mlp pao aereo image server/sqlserver-amssclgis06_arcgis-aereo.sde/owd.amd_cl_mlp_pao_if_ortho_geosupport_ovr//ov_i9a2_l01_r0000fe0a_c0000d563,ov_i9a2_l01_r0000fe0a_c0000d563,ov_i9a2_l01_r0000fe0a_c0000d563,amssclgis08_ams_gmams_cl_cl_mlp_pao_01_proyectos_arcgis_aprx_cl_mlp_pao_aereo_image_server_sqlserver_amssclgis06_arcgis_aereo_sde_owd_amd_cl_mlp_pao_if_ortho_geosupport_ovr_ov_i9a2_l01_r0000fe0a_c0000d563,ov_i9a2_l01_r0000fe0a_c0000d563,ov_i9a2_l01_r0000fe0a_c0000d563
127,Path,\\amssclgis08.ams.gmams.cl\CL_MLP_PAO\01_Proyectos_ArcGIS\APRX\CL MLP PAO Aereo Image Server\SQLServer-amssclgis06_ArcGIS-Aereo.sde\OWD.AMD_CL_MLP_PAO_IF_Ortho_Geosupport_OVR\\Ov_i9A2_L01_R0000FE09_C0000D564,//amssclgis08.ams.gmams.cl/cl_mlp_pao/01_proyectos_arcgis/aprx/cl mlp pao aereo image server/sqlserver-amssclgis06_arcgis-aereo.sde/owd.amd_cl_mlp_pao_if_ortho_geosupport_ovr//ov_i9a2_l01_r0000fe09_c0000d564,ov_i9a2_l01_r0000fe09_c0000d564,ov_i9a2_l01_r0000fe09_c0000d564,amssclgis08_ams_gmams_cl_cl_mlp_pao_01_proyectos_arcgis_aprx_cl_mlp_pao_aereo_image_server_sqlserver_amssclgis06_arcgis_aereo_sde_owd_amd_cl_mlp_pao_if_ortho_geosupport_ovr_ov_i9a2_l01_r0000fe09_c0000d564,ov_i9a2_l01_r0000fe09_c0000d564,ov_i9a2_l01_r0000fe09_c0000d564
128,Path,\\amssclgis08.ams.gmams.cl\CL_MLP_PAO\01_Proyectos_ArcGIS\APRX\CL MLP PAO Aereo Image Server\SQLServer-amssclgis06_ArcGIS-Aereo.sde\OWD.AMD_CL_MLP_PAO_IF_Ortho_Geosupport_OVR\\Ov_i9A2_L01_R0000FE07_C0000D55E,//amssclgis08.ams.gmams.cl/cl_mlp_pao/01_proyectos_arcgis/aprx/cl mlp pao aereo image server/sqlserver-amssclgis06_arcgis-aereo.sde/owd.amd_cl_mlp_pao_if_ortho_geosupport_ovr//ov_i9a2_l01_r0000fe07_c0000d55e,ov_i9a2_l01_r0000fe07_c0000d55e,ov_i9a2_l01_r0000fe07_c0000d55e,amssclgis08_ams_gmams_cl_cl_mlp_pao_01_proyectos_arcgis_aprx_cl_mlp_pao_aereo_image_server_sqlserver_amssclgis06_arcgis_aereo_sde_owd_amd_cl_mlp_pao_if_ortho_geosupport_ovr_ov_i9a2_l01_r0000fe07_c0000d55e,ov_i9a2_l01_r0000fe07_c0000d55e,ov_i9a2_l01_r0000fe07_c0000d55e
129,Path,\\amssclgis08.ams.gmams.cl\CL_MLP_PAO\01_Proyectos_ArcGIS\APRX\CL MLP PAO Aereo Image Server\SQLServer-amssclgis06_ArcGIS-Aereo.sde\OWD.AMD_CL_MLP_PAO_IF_Ortho_Geosupport_OVR\\Ov_i9A2_L01_R0000FE08_C0000D55E,//amssclgis08.ams.gmams.cl/cl_mlp_pao/01_proyectos_arcgis/aprx/cl mlp pao aereo image server/sqlserver-amssclgis06_arcgis-aereo.sde/owd.amd_cl_mlp_pao_if_ortho_geosupport_ovr//ov_i9a2_l01_r0000fe08_c0000d55e,ov_i9a2_l01_r0000fe08_c0000d55e,ov_i9a2_l01_r0000fe08_c0000d55e,amssclgis08_ams_gmams_cl_cl_mlp_pao_01_proyectos_arcgis_aprx_cl_mlp_pao_aereo_image_server_sqlserver_amssclgis06_arcgis_aereo_sde_owd_amd_cl_mlp_pao_if_ortho_geosupport_ovr_ov_i9a2_l01_r0000fe08_c0000d55e,ov_i9a2_l01_r0000fe08_c0000d55e,ov_i9a2_l01_r0000fe08_c0000d55e
130,Path,\\amssclgis08.ams.gmams.cl\CL_MLP_PAO\01_Proyectos_ArcGIS\APRX\CL MLP PAO Aereo Image Server\SQLServer-amssclgis06_ArcGIS-Aereo.sde\OWD.AMD_CL_MLP_PAO_IF_Ortho_Geosupport_OVR\\Ov_i9A2_L01_R0000FE07_C0000D55F,//amssclgis08.ams.gmams.cl/cl_mlp_pao/01_proyectos_arcgis/aprx/cl mlp pao aereo image server/sqlserver-amssclgis06_arcgis-aereo.sde/owd.amd_cl_mlp_pao_if_ortho_geosupport_ovr//ov_i9a2_l01_r0000fe07_c0000d55f,ov_i9a2_l01_r0000fe07_c0000d55f,ov_i9a2_l01_r0000fe07_c0000d55f,amssclgis08_ams_gmams_cl_cl_mlp_pao_01_proyectos_arcgis_aprx_cl_mlp_pao_aereo_image_server_sqlserver_amssclgis06_arcgis_aereo_sde_owd_amd_cl_mlp_pao_if_ortho_geosupport_ovr_ov_i9a2_l01_r0000fe07_c0000d55f,ov_i9a2_l01_r0000fe07_c0000d55f,ov_i9a2_l01_r0000fe07_c0000d55f
131,Path,\\amssclgis08.ams.gmams.cl\CL_MLP_PAO\01_Proyectos_ArcGIS\APRX\CL MLP PAO Aereo Image Server\SQLServer-amssclgis06_ArcGIS-Aereo.sde\OWD.AMD_CL_MLP_PAO_IF_Ortho_Geosupport_OVR\\Ov_i9A2_L01_R0000FE08_C0000D55F,//amssclgis08.ams.gmams.cl/cl_mlp_pao/01_proyectos_arcgis/aprx/cl mlp pao aereo image server/sqlserver-amssclgis06_arcgis-aereo.sde/owd.amd_cl_mlp_pao_if_ortho_geosupport_ovr//ov_i9a2_l01_r0000fe08_c0000d55f,ov_i9a2_l01_r0000fe08_c0000d55f,ov_i9a2_l01_r0000fe08_c0000d55f,amssclgis08_ams_gmams_cl_cl_mlp_pao_01_proyectos_arcgis_aprx_cl_mlp_pao_aereo_image_server_sqlserver_amssclgis06_arcgis_aereo_sde_owd_amd_cl_mlp_pao_if_ortho_geosupport_ovr_ov_i9a2_l01_r0000fe08_c0000d55f,ov_i9a2_l01_r0000fe08_c0000d55f,ov_i9a2_l01_r0000fe08_c0000d55f
132,Path,\\amssclgis08.ams.gmams.cl\CL_MLP_PAO\01_Proyectos_ArcGIS\APRX\CL MLP PAO Aereo Image Server\SQLServer-amssclgis06_ArcGIS-Aereo.sde\OWD.AMD_CL_MLP_PAO_IF_Ortho_Geosupport_OVR\\Ov_i9A2_L01_R0000FE08_C0000D563,//amssclgis08.ams.gmams.cl/cl_mlp_pao/01_proyectos_arcgis/aprx/cl mlp pao aereo image server/sqlserver-amssclgis06_arcgis-aereo.sde/owd.amd_cl_mlp_pao_if_ortho_geosupport_ovr//ov_i9a2_l01_r0000fe08_c0000d563,ov_i9a2_l01_r0000fe08_c0000d563,ov_i9a2_l01_r0000fe08_c0000d563,amssclgis08_ams_gmams_cl_cl_mlp_pao_01_proyectos_arcgis_aprx_cl_mlp_pao_aereo_image_server_sqlserver_amssclgis06_arcgis_aereo_sde_owd_amd_cl_mlp_pao_if_ortho_geosupport_ovr_ov_i9a2_l01_r0000fe08_c0000d563,ov_i9a2_l01_r0000fe08_c0000d563,ov_i9a2_l01_r0000fe08_c0000d563
133,Path,\\amssclgis08.ams.gmams.cl\CL_MLP_PAO\01_Proyectos_ArcGIS\APRX\CL MLP PAO Aereo Image Server\SQLServer-amssclgis06_ArcGIS-Aereo.sde\OWD.AMD_CL_MLP_PAO_IF_Ortho_Geosupport_OVR\\Ov_i9A2_L01_R0000FE07_C0000D560,//amssclgis08.ams.gmams.cl/cl_mlp_pao/01_proyectos_arcgis/aprx/cl mlp pao aereo image server/sqlserver-amssclgis06_arcgis-aereo.sde/owd.amd_cl_mlp_pao_if_ortho_geosupport_ovr//ov_i9a2_l01_r0000fe07_c0000d560,ov_i9a2_l01_r0000fe07_c0000d560,ov_i9a2_l01_r0000fe07_c0000d560,amssclgis08_ams_gmams_cl_cl_mlp_pao_01_proyectos_arcgis_aprx_cl_mlp_pao_aereo_image_server_sqlserver_amssclgis06_arcgis_aereo_sde_owd_amd_cl_mlp_pao_if_ortho_geosupport_ovr_ov_i9a2_l01_r0000fe07_c0000d560,ov_i9a2_l01_r0000fe07_c0000d560,ov_i9a2_l01_r0000fe07_c0000d560
134,Path,\\amssclgis08.ams.gmams.cl\CL_MLP_PAO\01_Proyectos_ArcGIS\APRX\CL MLP PAO Aereo Image Server\SQLServer-amssclgis06_ArcGIS-Aereo.sde\OWD.AMD_CL_MLP_PAO_IF_Ortho_Geosupport_OVR\\Ov_i9A2_L01_R0000FE08_C0000D560,//amssclgis08.ams.gmams.cl/cl_mlp_pao/01_proyectos_arcgis/aprx/cl mlp pao aereo image server/sqlserver-amssclgis06_arcgis-aereo.sde/owd.amd_cl_mlp_pao_if_ortho_geosupport_ovr//ov_i9a2_l01_r0000fe08_c0000d560,ov_i9a2_l01_r0000fe08_c0000d560,ov_i9a2_l01_r0000fe08_c0000d560,amssclgis08_ams_gmams_cl_cl_mlp_pao_01_proyectos_arcgis_aprx_cl_mlp_pao_aereo_image_server_sqlserver_amssclgis06_arcgis_aereo_sde_owd_amd_cl_mlp_pao_if_ortho_geosupport_ovr_ov_i9a2_l01_r0000fe08_c0000d560,ov_i9a2_l01_r0000fe08_c0000d560,ov_i9a2_l01_r0000fe08_c0000d560
135,Path,\\amssclgis08.ams.gmams.cl\CL_MLP_PAO\01_Proyectos_ArcGIS\APRX\CL MLP PAO Aereo Image Server\SQLServer-amssclgis06_ArcGIS-Aereo.sde\OWD.AMD_CL_MLP_PAO_IF_Ortho_Geosupport_OVR\\Ov_i9A2_L01_R0000FE07_C0000D565,//amssclgis08.ams.gmams.cl/cl_mlp_pao/01_proyectos_arcgis/aprx/cl mlp pao aereo image server/sqlserver-amssclgis06_arcgis-aereo.sde/owd.amd_cl_mlp_pao_if_ortho_geosupport_ovr//ov_i9a2_l01_r0000fe07_c0000d565,ov_i9a2_l01_r0000fe07_c0000d565,ov_i9a2_l01_r0000fe07_c0000d565,amssclgis08_ams_gmams_cl_cl_mlp_pao_01_proyectos_arcgis_aprx_cl_mlp_pao_aereo_image_server_sqlserver_amssclgis06_arcgis_aereo_sde_owd_amd_cl_mlp_pao_if_ortho_geosupport_ovr_ov_i9a2_l01_r0000fe07_c0000d565,ov_i9a2_l01_r0000fe07_c0000d565,ov_i9a2_l01_r0000fe07_c0000d565
136,Path,\\amssclgis08.ams.gmams.cl\CL_MLP_PAO\01_Proyectos_ArcGIS\APRX\CL MLP PAO Aereo Image Server\SQLServer-amssclgis06_ArcGIS-Aereo.sde\OWD.AMD_CL_MLP_PAO_IF_Ortho_Geosupport_OVR\\Ov_i9A2_L01_R0000FE06_C0000D565,//amssclgis08.ams.gmams.cl/cl_mlp_pao/01_proyectos_arcgis/aprx/cl mlp pao aereo image server/sqlserver-amssclgis06_arcgis-aereo.sde/owd.amd_cl_mlp_pao_if_ortho_geosupport_ovr//ov_i9a2_l01_r0000fe06_c0000d565,ov_i9a2_l01_r0000fe06_c0000d565,ov_i9a2_l01_r0000fe06_c0000d565,amssclgis08_ams_gmams_cl_cl_mlp_pao_01_proyectos_arcgis_aprx_cl_mlp_pao_aereo_image_server_sqlserver_amssclgis06_arcgis_aereo_sde_owd_amd_cl_mlp_pao_if_ortho_geosupport_ovr_ov_i9a2_l01_r0000fe06_c0000d565,ov_i9a2_l01_r0000fe06_c0000d565,ov_i9a2_l01_r0000fe06_c0000d565
137,Path,\\amssclgis08.ams.gmams.cl\CL_MLP_PAO\01_Proyectos_ArcGIS\APRX\CL MLP PAO Aereo Image Server\SQLServer-amssclgis06_ArcGIS-Aereo.sde\OWD.AMD_CL_MLP_PAO_IF_Ortho_Geosupport_OVR\\Ov_i9A2_L01_R0000FE06_C0000D566,//amssclgis08.ams.gmams.cl/cl_mlp_pao/01_proyectos_arcgis/aprx/cl mlp pao aereo image server/sqlserver-amssclgis06_arcgis-aereo.sde/owd.amd_cl_mlp_pao_if_ortho_geosupport_ovr//ov_i9a2_l01_r0000fe06_c0000d566,ov_i9a2_l01_r0000fe06_c0000d566,ov_i9a2_l01_r0000fe06_c0000d566,amssclgis08_ams_gmams_cl_cl_mlp_pao_01_proyectos_arcgis_aprx_cl_mlp_pao_aereo_image_server_sqlserver_amssclgis06_arcgis_aereo_sde_owd_amd_cl_mlp_pao_if_ortho_geosupport_ovr_ov_i9a2_l01_r0000fe06_c0000d566,ov_i9a2_l01_r0000fe06_c0000d566,ov_i9a2_l01_r0000fe06_c0000d566
138,Path,\\amssclgis08.ams.gmams.cl\CL_MLP_PAO\01_Proyectos_ArcGIS\APRX\CL MLP PAO Aereo Image Server\SQLServer-amssclgis06_ArcGIS-Aereo.sde\OWD.AMD_CL_MLP_PAO_IF_Ortho_Geosupport_OVR\\Ov_i9A2_L01_R0000FE06_C0000D563,//amssclgis08.ams.gmams.cl/cl_mlp_pao/01_proyectos_arcgis/aprx/cl mlp pao aereo image server/sqlserver-amssclgis06_arcgis-aereo.sde/owd.amd_cl_mlp_pao_if_ortho_geosupport_ovr//ov_i9a2_l01_r0000fe06_c0000d563,ov_i9a2_l01_r0000fe06_c0000d563,ov_i9a2_l01_r0000fe06_c0000d563,amssclgis08_ams_gmams_cl_cl_mlp_pao_01_proyectos_arcgis_aprx_cl_mlp_pao_aereo_image_server_sqlserver_amssclgis06_arcgis_aereo_sde_owd_amd_cl_mlp_pao_if_ortho_geosupport_ovr_ov_i9a2_l01_r0000fe06_c0000d563,ov_i9a2_l01_r0000fe06_c0000d563,ov_i9a2_l01_r0000fe06_c0000d563
139,Path,\\amssclgis08.ams.gmams.cl\CL_MLP_PAO\01_Proyectos_ArcGIS\APRX\CL MLP PAO Aereo Image Server\SQLServer-amssclgis06_ArcGIS-Aereo.sde\OWD.AMD_CL_MLP_PAO_IF_Ortho_Geosupport_OVR\\Ov_i9A2_L01_R0000FE06_C0000D564,//amssclgis08.ams.gmams.cl/cl_mlp_pao/01_proyectos_arcgis/aprx/cl mlp pao aereo image server/sqlserver-amssclgis06_arcgis-aereo.sde/owd.amd_cl_mlp_pao_if_ortho_geosupport_ovr//ov_i9a2_l01_r0000fe06_c0000d564,ov_i9a2_l01_r0000fe06_c0000d564,ov_i9a2_l01_r0000fe06_c0000d564,amssclgis08_ams_gmams_cl_cl_mlp_pao_01_proyectos_arcgis_aprx_cl_mlp_pao_aereo_image_server_sqlserver_amssclgis06_arcgis_aereo_sde_owd_amd_cl_mlp_pao_if_ortho_geosupport_ovr_ov_i9a2_l01_r0000fe06_c0000d564,ov_i9a2_l01_r0000fe06_c0000d564,ov_i9a2_l01_r0000fe06_c0000d564
140,Path,\\amssclgis08.ams.gmams.cl\CL_MLP_PAO\01_Proyectos_ArcGIS\APRX\CL MLP PAO Aereo Image Server\SQLServer-amssclgis06_ArcGIS-Aereo.sde\OWD.AMD_CL_MLP_PAO_IF_Ortho_Geosupport_OVR\\Ov_i9A2_L01_R0000FE01_C0000D564,//amssclgis08.ams.gmams.cl/cl_mlp_pao/01_proyectos_arcgis/aprx/cl mlp pao aereo image server/sqlserver-amssclgis06_arcgis-aereo.sde/owd.amd_cl_mlp_pao_if_ortho_geosupport_ovr//ov_i9a2_l01_r0000fe01_c0000d564,ov_i9a2_l01_r0000fe01_c0000d564,ov_i9a2_l01_r0000fe01_c0000d564,amssclgis08_ams_gmams_cl_cl_mlp_pao_01_proyectos_arcgis_aprx_cl_mlp_pao_aereo_image_server_sqlserver_amssclgis06_arcgis_aereo_sde_owd_amd_cl_mlp_pao_if_ortho_geosupport_ovr_ov_i9a2_l01_r0000fe01_c0000d564,ov_i9a2_l01_r0000fe01_c0000d564,ov_i9a2_l01_r0000fe01_c0000d564
141,Path,\\amssclgis08.ams.gmams.cl\CL_MLP_PAO\01_Proyectos_ArcGIS\APRX\CL MLP PAO Aereo Image Server\SQLServer-amssclgis06_ArcGIS-Aereo.sde\OWD.AMD_CL_MLP_PAO_IF_Ortho_Geosupport_OVR\\Ov_i9A2_L01_R0000FE02_C0000D563,//amssclgis08.ams.gmams.cl/cl_mlp_pao/01_proyectos_arcgis/aprx/cl mlp pao aereo image server/sqlserver-amssclgis06_arcgis-aereo.sde/owd.amd_cl_mlp_pao_if_ortho_geosupport_ovr//ov_i9a2_l01_r0000fe02_c0000d563,ov_i9a2_l01_r0000fe02_c0000d563,ov_i9a2_l01_r0000fe02_c0000d563,amssclgis08_ams_gmams_cl_cl_mlp_pao_01_proyectos_arcgis_aprx_cl_mlp_pao_aereo_image_server_sqlserver_amssclgis06_arcgis_aereo_sde_owd_amd_cl_mlp_pao_if_ortho_geosupport_ovr_ov_i9a2_l01_r0000fe02_c0000d563,ov_i9a2_l01_r0000fe02_c0000d563,ov_i9a2_l01_r0000fe02_c0000d563
142,Path,\\amssclgis08.ams.gmams.cl\CL_MLP_PAO\01_Proyectos_ArcGIS\APRX\CL MLP PAO Aereo Image Server\SQLServer-amssclgis06_ArcGIS-Aereo.sde\OWD.AMD_CL_MLP_PAO_IF_Ortho_Geosupport_OVR\\Ov_i9A2_L01_R0000FE02_C0000D564,//amssclgis08.ams.gmams.cl/cl_mlp_pao/01_proyectos_arcgis/aprx/cl mlp pao aereo image server/sqlserver-amssclgis06_arcgis-aereo.sde/owd.amd_cl_mlp_pao_if_ortho_geosupport_ovr//ov_i9a2_l01_r0000fe02_c0000d564,ov_i9a2_l01_r0000fe02_c0000d564,ov_i9a2_l01_r0000fe02_c0000d564,amssclgis08_ams_gmams_cl_cl_mlp_pao_01_proyectos_arcgis_aprx_cl_mlp_pao_aereo_image_server_sqlserver_amssclgis06_arcgis_aereo_sde_owd_amd_cl_mlp_pao_if_ortho_geosupport_ovr_ov_i9a2_l01_r0000fe02_c0000d564,ov_i9a2_l01_r0000fe02_c0000d564,ov_i9a2_l01_r0000fe02_c0000d564
143,Path,\\amssclgis08.ams.gmams.cl\CL_MLP_PAO\01_Proyectos_ArcGIS\APRX\CL MLP PAO Aereo Image Server\SQLServer-amssclgis06_ArcGIS-Aereo.sde\OWD.AMD_CL_MLP_PAO_IF_Ortho_Geosupport_OVR\\Ov_i9A2_L01_R0000FE02_C0000D565,//amssclgis08.ams.gmams.cl/cl_mlp_pao/01_proyectos_arcgis/aprx/cl mlp pao aereo image server/sqlserver-amssclgis06_arcgis-aereo.sde/owd.amd_cl_mlp_pao_if_ortho_geosupport_ovr//ov_i9a2_l01_r0000fe02_c0000d565,ov_i9a2_l01_r0000fe02_c0000d565,ov_i9a2_l01_r0000fe02_c0000d565,amssclgis08_ams_gmams_cl_cl_mlp_pao_01_proyectos_arcgis_aprx_cl_mlp_pao_aereo_image_server_sqlserver_amssclgis06_arcgis_aereo_sde_owd_amd_cl_mlp_pao_if_ortho_geosupport_ovr_ov_i9a2_l01_r0000fe02_c0000d565,ov_i9a2_l01_r0000fe02_c0000d565,ov_i9a2_l01_r0000fe02_c0000d565
144,Path,\\amssclgis08.ams.gmams.cl\CL_MLP_PAO\01_Proyectos_ArcGIS\APRX\CL MLP PAO Aereo Image Server\SQLServer-amssclgis06_ArcGIS-Aereo.sde\OWD.AMD_CL_MLP_PAO_IF_Ortho_Geosupport_OVR\\Ov_i9A2_L01_R0000FE03_C0000D562,//amssclgis08.ams.gmams.cl/cl_mlp_pao/01_proyectos_arcgis/aprx/cl mlp pao aereo image server/sqlserver-amssclgis06_arcgis-aereo.sde/owd.amd_cl_mlp_pao_if_ortho_geosupport_ovr//ov_i9a2_l01_r0000fe03_c0000d562,ov_i9a2_l01_r0000fe03_c0000d562,ov_i9a2_l01_r0000fe03_c0000d562,amssclgis08_ams_gmams_cl_cl_mlp_pao_01_proyectos_arcgis_aprx_cl_mlp_pao_aereo_image_server_sqlserver_amssclgis06_arcgis_aereo_sde_owd_amd_cl_mlp_pao_if_ortho_geosupport_ovr_ov_i9a2_l01_r0000fe03_c0000d562,ov_i9a2_l01_r0000fe03_c0000d562,ov_i9a2_l01_r0000fe03_c0000d562
145,Path,\\amssclgis08.ams.gmams.cl\CL_MLP_PAO\01_Proyectos_ArcGIS\APRX\CL MLP PAO Aereo Image Server\SQLServer-amssclgis06_ArcGIS-Aereo.sde\OWD.AMD_CL_MLP_PAO_IF_Ortho_Geosupport_OVR\\Ov_i9A2_L01_R0000FE03_C0000D563,//amssclgis08.ams.gmams.cl/cl_mlp_pao/01_proyectos_arcgis/aprx/cl mlp pao aereo image server/sqlserver-amssclgis06_arcgis-aereo.sde/owd.amd_cl_mlp_pao_if_ortho_geosupport_ovr//ov_i9a2_l01_r0000fe03_c0000d563,ov_i9a2_l01_r0000fe03_c0000d563,ov_i9a2_l01_r0000fe03_c0000d563,amssclgis08_ams_gmams_cl_cl_mlp_pao_01_proyectos_arcgis_aprx_cl_mlp_pao_aereo_image_server_sqlserver_amssclgis06_arcgis_aereo_sde_owd_amd_cl_mlp_pao_if_ortho_geosupport_ovr_ov_i9a2_l01_r0000fe03_c0000d563,ov_i9a2_l01_r0000fe03_c0000d563,ov_i9a2_l01_r0000fe03_c0000d563
146,Path,\\amssclgis08.ams.gmams.cl\CL_MLP_PAO\01_Proyectos_ArcGIS\APRX\CL MLP PAO Aereo Image Server\SQLServer-amssclgis06_ArcGIS-Aereo.sde\OWD.AMD_CL_MLP_PAO_IF_Ortho_Geosupport_OVR\\Ov_i9A2_L01_R0000FE03_C0000D565,//amssclgis08.ams.gmams.cl/cl_mlp_pao/01_proyectos_arcgis/aprx/cl mlp pao aereo image server/sqlserver-amssclgis06_arcgis-aereo.sde/owd.amd_cl_mlp_pao_if_ortho_geosupport_ovr//ov_i9a2_l01_r0000fe03_c0000d565,ov_i9a2_l01_r0000fe03_c0000d565,ov_i9a2_l01_r0000fe03_c0000d565,amssclgis08_ams_gmams_cl_cl_mlp_pao_01_proyectos_arcgis_aprx_cl_mlp_pao_aereo_image_server_sqlserver_amssclgis06_arcgis_aereo_sde_owd_amd_cl_mlp_pao_if_ortho_geosupport_ovr_ov_i9a2_l01_r0000fe03_c0000d565,ov_i9a2_l01_r0000fe03_c0000d565,ov_i9a2_l01_r0000fe03_c0000d565
147,Path,\\amssclgis08.ams.gmams.cl\CL_MLP_PAO\01_Proyectos_ArcGIS\APRX\CL MLP PAO Aereo Image Server\SQLServer-amssclgis06_ArcGIS-Aereo.sde\OWD.AMD_CL_MLP_PAO_IF_Ortho_Geosupport_OVR\\Ov_i9A2_L01_R0000FE03_C0000D566,//amssclgis08.ams.gmams.cl/cl_mlp_pao/01_proyectos_arcgis/aprx/cl mlp pao aereo image server/sqlserver-amssclgis06_arcgis-aereo.sde/owd.amd_cl_mlp_pao_if_ortho_geosupport_ovr//ov_i9a2_l01_r0000fe03_c0000d566,ov_i9a2_l01_r0000fe03_c0000d566,ov_i9a2_l01_r0000fe03_c0000d566,amssclgis08_ams_gmams_cl_cl_mlp_pao_01_proyectos_arcgis_aprx_cl_mlp_pao_aereo_image_server_sqlserver_amssclgis06_arcgis_aereo_sde_owd_amd_cl_mlp_pao_if_ortho_geosupport_ovr_ov_i9a2_l01_r0000fe03_c0000d566,ov_i9a2_l01_r0000fe03_c0000d566,ov_i9a2_l01_r0000fe03_c0000d566
148,Path,\\amssclgis08.ams.gmams.cl\CL_MLP_PAO\01_Proyectos_ArcGIS\APRX\CL MLP PAO Aereo Image Server\SQLServer-amssclgis06_ArcGIS-Aereo.sde\OWD.AMD_CL_MLP_PAO_IF_Ortho_Geosupport_OVR\\Ov_i9A2_L01_R0000FE04_C0000D562,//amssclgis08.ams.gmams.cl/cl_mlp_pao/01_proyectos_arcgis/aprx/cl mlp pao aereo image server/sqlserver-amssclgis06_arcgis-aereo.sde/owd.amd_cl_mlp_pao_if_ortho_geosupport_ovr//ov_i9a2_l01_r0000fe04_c0000d562,ov_i9a2_l01_r0000fe04_c0000d562,ov_i9a2_l01_r0000fe04_c0000d562,amssclgis08_ams_gmams_cl_cl_mlp_pao_01_proyectos_arcgis_aprx_cl_mlp_pao_aereo_image_server_sqlserver_amssclgis06_arcgis_aereo_sde_owd_amd_cl_mlp_pao_if_ortho_geosupport_ovr_ov_i9a2_l01_r0000fe04_c0000d562,ov_i9a2_l01_r0000fe04_c0000d562,ov_i9a2_l01_r0000fe04_c0000d562
149,Path,\\amssclgis08.ams.gmams.cl\CL_MLP_PAO\01_Proyectos_ArcGIS\APRX\CL MLP PAO Aereo Image Server\SQLServer-amssclgis06_ArcGIS-Aereo.sde\OWD.AMD_CL_MLP_PAO_IF_Ortho_Geosupport_OVR\\Ov_i9A2_L01_R0000FE04_C0000D565,//amssclgis08.ams.gmams.cl/cl_mlp_pao/01_proyectos_arcgis/aprx/cl mlp pao aereo image server/sqlserver-amssclgis06_arcgis-aereo.sde/owd.amd_cl_mlp_pao_if_ortho_geosupport_ovr//ov_i9a2_l01_r0000fe04_c0000d565,ov_i9a2_l01_r0000fe04_c0000d565,ov_i9a2_l01_r0000fe04_c0000d565,amssclgis08_ams_gmams_cl_cl_mlp_pao_01_proyectos_arcgis_aprx_cl_mlp_pao_aereo_image_server_sqlserver_amssclgis06_arcgis_aereo_sde_owd_amd_cl_mlp_pao_if_ortho_geosupport_ovr_ov_i9a2_l01_r0000fe04_c0000d565,ov_i9a2_l01_r0000fe04_c0000d565,ov_i9a2_l01_r0000fe04_c0000d565
150,Path,\\amssclgis08.ams.gmams.cl\CL_MLP_PAO\01_Proyectos_ArcGIS\APRX\CL MLP PAO Aereo Image Server\SQLServer-amssclgis06_ArcGIS-Aereo.sde\OWD.AMD_CL_MLP_PAO_IF_Ortho_Geosupport_OVR\\Ov_i9A2_L01_R0000FE04_C0000D566,//amssclgis08.ams.gmams.cl/cl_mlp_pao/01_proyectos_arcgis/aprx/cl mlp pao aereo image server/sqlserver-amssclgis06_arcgis-aereo.sde/owd.amd_cl_mlp_pao_if_ortho_geosupport_ovr//ov_i9a2_l01_r0000fe04_c0000d566,ov_i9a2_l01_r0000fe04_c0000d566,ov_i9a2_l01_r0000fe04_c0000d566,amssclgis08_ams_gmams_cl_cl_mlp_pao_01_proyectos_arcgis_aprx_cl_mlp_pao_aereo_image_server_sqlserver_amssclgis06_arcgis_aereo_sde_owd_amd_cl_mlp_pao_if_ortho_geosupport_ovr_ov_i9a2_l01_r0000fe04_c0000d566,ov_i9a2_l01_r0000fe04_c0000d566,ov_i9a2_l01_r0000fe04_c0000d566
151,Path,\\amssclgis08.ams.gmams.cl\CL_MLP_PAO\01_Proyectos_ArcGIS\APRX\CL MLP PAO Aereo Image Server\SQLServer-amssclgis06_ArcGIS-Aereo.sde\OWD.AMD_CL_MLP_PAO_IF_Ortho_Geosupport_OVR\\Ov_i9A2_L01_R0000FE05_C0000D566,//amssclgis08.ams.gmams.cl/cl_mlp_pao/01_proyectos_arcgis/aprx/cl mlp pao aereo image server/sqlserver-amssclgis06_arcgis-aereo.sde/owd.amd_cl_mlp_pao_if_ortho_geosupport_ovr//ov_i9a2_l01_r0000fe05_c0000d566,ov_i9a2_l01_r0000fe05_c0000d566,ov_i9a2_l01_r0000fe05_c0000d566,amssclgis08_ams_gmams_cl_cl_mlp_pao_01_proyectos_arcgis_aprx_cl_mlp_pao_aereo_image_server_sqlserver_amssclgis06_arcgis_aereo_sde_owd_amd_cl_mlp_pao_if_ortho_geosupport_ovr_ov_i9a2_l01_r0000fe05_c0000d566,ov_i9a2_l01_r0000fe05_c0000d566,ov_i9a2_l01_r0000fe05_c0000d566
152,Path,\\amssclgis08.ams.gmams.cl\CL_MLP_PAO\01_Proyectos_ArcGIS\APRX\CL MLP PAO Aereo Image Server\SQLServer-amssclgis06_ArcGIS-Aereo.sde\OWD.AMD_CL_MLP_PAO_IF_Ortho_Geosupport_OVR\\Ov_i9A2_L01_R0000FE05_C0000D562,//amssclgis08.ams.gmams.cl/cl_mlp_pao/01_proyectos_arcgis/aprx/cl mlp pao aereo image server/sqlserver-amssclgis06_arcgis-aereo.sde/owd.amd_cl_mlp_pao_if_ortho_geosupport_ovr//ov_i9a2_l01_r0000fe05_c0000d562,ov_i9a2_l01_r0000fe05_c0000d562,ov_i9a2_l01_r0000fe05_c0000d562,amssclgis08_ams_gmams_cl_cl_mlp_pao_01_proyectos_arcgis_aprx_cl_mlp_pao_aereo_image_server_sqlserver_amssclgis06_arcgis_aereo_sde_owd_amd_cl_mlp_pao_if_ortho_geosupport_ovr_ov_i9a2_l01_r0000fe05_c0000d562,ov_i9a2_l01_r0000fe05_c0000d562,ov_i9a2_l01_r0000fe05_c0000d562
153,Path,\\amssclgis08.ams.gmams.cl\CL_MLP_PAO\01_Proyectos_ArcGIS\APRX\CL MLP PAO Aereo Image Server\SQLServer-amssclgis06_ArcGIS-Aereo.sde\OWD.AMD_CL_MLP_PAO_IF_Ortho_Geosupport_OVR\\Ov_i9A2_L01_R0000FE05_C0000D563,//amssclgis08.ams.gmams.cl/cl_mlp_pao/01_proyectos_arcgis/aprx/cl mlp pao aereo image server/sqlserver-amssclgis06_arcgis-aereo.sde/owd.amd_cl_mlp_pao_if_ortho_geosupport_ovr//ov_i9a2_l01_r0000fe05_c0000d563,ov_i9a2_l01_r0000fe05_c0000d563,ov_i9a2_l01_r0000fe05_c0000d563,amssclgis08_ams_gmams_cl_cl_mlp_pao_01_proyectos_arcgis_aprx_cl_mlp_pao_aereo_image_server_sqlserver_amssclgis06_arcgis_aereo_sde_owd_amd_cl_mlp_pao_if_ortho_geosupport_ovr_ov_i9a2_l01_r0000fe05_c0000d563,ov_i9a2_l01_r0000fe05_c0000d563,ov_i9a2_l01_r0000fe05_c0000d563
154,Path,\\amssclgis08.ams.gmams.cl\CL_MLP_PAO\01_Proyectos_ArcGIS\APRX\CL MLP PAO Aereo Image Server\SQLServer-amssclgis06_ArcGIS-Aereo.sde\OWD.AMD_CL_MLP_PAO_IF_Ortho_Geosupport_OVR\\Ov_i9A2_L01_R0000FE02_C0000D57E,//amssclgis08.ams.gmams.cl/cl_mlp_pao/01_proyectos_arcgis/aprx/cl mlp pao aereo image server/sqlserver-amssclgis06_arcgis-aereo.sde/owd.amd_cl_mlp_pao_if_ortho_geosupport_ovr//ov_i9a2_l01_r0000fe02_c0000d57e,ov_i9a2_l01_r0000fe02_c0000d57e,ov_i9a2_l01_r0000fe02_c0000d57e,amssclgis08_ams_gmams_cl_cl_mlp_pao_01_proyectos_arcgis_aprx_cl_mlp_pao_aereo_image_server_sqlserver_amssclgis06_arcgis_aereo_sde_owd_amd_cl_mlp_pao_if_ortho_geosupport_ovr_ov_i9a2_l01_r0000fe02_c0000d57e,ov_i9a2_l01_r0000fe02_c0000d57e,ov_i9a2_l01_r0000fe02_c0000d57e
155,Path,\\amssclgis08.ams.gmams.cl\CL_MLP_PAO\01_Proyectos_ArcGIS\APRX\CL MLP PAO Aereo Image Server\SQLServer-amssclgis06_ArcGIS-Aereo.sde\OWD.AMD_CL_MLP_PAO_IF_Ortho_Geosupport_OVR\\Ov_i9A2_L01_R0000FE02_C0000D57F,//amssclgis08.ams.gmams.cl/cl_mlp_pao/01_proyectos_arcgis/aprx/cl mlp pao aereo image server/sqlserver-amssclgis06_arcgis-aereo.sde/owd.amd_cl_mlp_pao_if_ortho_geosupport_ovr//ov_i9a2_l01_r0000fe02_c0000d57f,ov_i9a2_l01_r0000fe02_c0000d57f,ov_i9a2_l01_r0000fe02_c0000d57f,amssclgis08_ams_gmams_cl_cl_mlp_pao_01_proyectos_arcgis_aprx_cl_mlp_pao_aereo_image_server_sqlserver_amssclgis06_arcgis_aereo_sde_owd_amd_cl_mlp_pao_if_ortho_geosupport_ovr_ov_i9a2_l01_r0000fe02_c0000d57f,ov_i9a2_l01_r0000fe02_c0000d57f,ov_i9a2_l01_r0000fe02_c0000d57f
156,Path,\\amssclgis08.ams.gmams.cl\CL_MLP_PAO\01_Proyectos_ArcGIS\APRX\CL MLP PAO Aereo Image Server\SQLServer-amssclgis06_ArcGIS-Aereo.sde\OWD.AMD_CL_MLP_PAO_IF_Ortho_Geosupport_OVR\\Ov_i9A2_L01_R0000FDFF_C0000D580,//amssclgis08.ams.gmams.cl/cl_mlp_pao/01_proyectos_arcgis/aprx/cl mlp pao aereo image server/sqlserver-amssclgis06_arcgis-aereo.sde/owd.amd_cl_mlp_pao_if_ortho_geosupport_ovr//ov_i9a2_l01_r0000fdff_c0000d580,ov_i9a2_l01_r0000fdff_c0000d580,ov_i9a2_l01_r0000fdff_c0000d580,amssclgis08_ams_gmams_cl_cl_mlp_pao_01_proyectos_arcgis_aprx_cl_mlp_pao_aereo_image_server_sqlserver_amssclgis06_arcgis_aereo_sde_owd_amd_cl_mlp_pao_if_ortho_geosupport_ovr_ov_i9a2_l01_r0000fdff_c0000d580,ov_i9a2_l01_r0000fdff_c0000d580,ov_i9a2_l01_r0000fdff_c0000d580
157,Path,\\amssclgis08.ams.gmams.cl\CL_MLP_PAO\01_Proyectos_ArcGIS\APRX\CL MLP PAO Aereo Image Server\SQLServer-amssclgis06_ArcGIS-Aereo.sde\OWD.AMD_CL_MLP_PAO_IF_Ortho_Geosupport_OVR\\Ov_i9A2_L01_R0000FE00_C0000D57F,//amssclgis08.ams.gmams.cl/cl_mlp_pao/01_proyectos_arcgis/aprx/cl mlp pao aereo image server/sqlserver-amssclgis06_arcgis-aereo.sde/owd.amd_cl_mlp_pao_if_ortho_geosupport_ovr//ov_i9a2_l01_r0000fe00_c0000d57f,ov_i9a2_l01_r0000fe00_c0000d57f,ov_i9a2_l01_r0000fe00_c0000d57f,amssclgis08_ams_gmams_cl_cl_mlp_pao_01_proyectos_arcgis_aprx_cl_mlp_pao_aereo_image_server_sqlserver_amssclgis06_arcgis_aereo_sde_owd_amd_cl_mlp_pao_if_ortho_geosupport_ovr_ov_i9a2_l01_r0000fe00_c0000d57f,ov_i9a2_l01_r0000fe00_c0000d57f,ov_i9a2_l01_r0000fe00_c0000d57f
158,Path,\\amssclgis08.ams.gmams.cl\CL_MLP_PAO\01_Proyectos_ArcGIS\APRX\CL MLP PAO Aereo Image Server\SQLServer-amssclgis06_ArcGIS-Aereo.sde\OWD.AMD_CL_MLP_PAO_IF_Ortho_Geosupport_OVR\\Ov_i9A2_L01_R0000FE00_C0000D580,//amssclgis08.ams.gmams.cl/cl_mlp_pao/01_proyectos_arcgis/aprx/cl mlp pao aereo image server/sqlserver-amssclgis06_arcgis-aereo.sde/owd.amd_cl_mlp_pao_if_ortho_geosupport_ovr//ov_i9a2_l01_r0000fe00_c0000d580,ov_i9a2_l01_r0000fe00_c0000d580,ov_i9a2_l01_r0000fe00_c0000d580,amssclgis08_ams_gmams_cl_cl_mlp_pao_01_proyectos_arcgis_aprx_cl_mlp_pao_aereo_image_server_sqlserver_amssclgis06_arcgis_aereo_sde_owd_amd_cl_mlp_pao_if_ortho_geosupport_ovr_ov_i9a2_l01_r0000fe00_c0000d580,ov_i9a2_l01_r0000fe00_c0000d580,ov_i9a2_l01_r0000fe00_c0000d580
159,Path,\\amssclgis08.ams.gmams.cl\CL_MLP_PAO\01_Proyectos_ArcGIS\APRX\CL MLP PAO Aereo Image Server\SQLServer-amssclgis06_ArcGIS-Aereo.sde\OWD.AMD_CL_MLP_PAO_IF_Ortho_Geosupport_OVR\\Ov_i9A2_L01_R0000FE00_C0000D581,//amssclgis08.ams.gmams.cl/cl_mlp_pao/01_proyectos_arcgis/aprx/cl mlp pao aereo image server/sqlserver-amssclgis06_arcgis-aereo.sde/owd.amd_cl_mlp_pao_if_ortho_geosupport_ovr//ov_i9a2_l01_r0000fe00_c0000d581,ov_i9a2_l01_r0000fe00_c0000d581,ov_i9a2_l01_r0000fe00_c0000d581,amssclgis08_ams_gmams_cl_cl_mlp_pao_01_proyectos_arcgis_aprx_cl_mlp_pao_aereo_image_server_sqlserver_amssclgis06_arcgis_aereo_sde_owd_amd_cl_mlp_pao_if_ortho_geosupport_ovr_ov_i9a2_l01_r0000fe00_c0000d581,ov_i9a2_l01_r0000fe00_c0000d581,ov_i9a2_l01_r0000fe00_c0000d581
160,Path,\\amssclgis08.ams.gmams.cl\CL_MLP_PAO\01_Proyectos_ArcGIS\APRX\CL MLP PAO Aereo Image Server\SQLServer-amssclgis06_ArcGIS-Aereo.sde\OWD.AMD_CL_MLP_PAO_IF_Ortho_Geosupport_OVR\\Ov_i9A2_L01_R0000FE01_C0000D57F,//amssclgis08.ams.gmams.cl/cl_mlp_pao/01_proyectos_arcgis/aprx/cl mlp pao aereo image server/sqlserver-amssclgis06_arcgis-aereo.sde/owd.amd_cl_mlp_pao_if_ortho_geosupport_ovr//ov_i9a2_l01_r0000fe01_c0000d57f,ov_i9a2_l01_r0000fe01_c0000d57f,ov_i9a2_l01_r0000fe01_c0000d57f,amssclgis08_ams_gmams_cl_cl_mlp_pao_01_proyectos_arcgis_aprx_cl_mlp_pao_aereo_image_server_sqlserver_amssclgis06_arcgis_aereo_sde_owd_amd_cl_mlp_pao_if_ortho_geosupport_ovr_ov_i9a2_l01_r0000fe01_c0000d57f,ov_i9a2_l01_r0000fe01_c0000d57f,ov_i9a2_l01_r0000fe01_c0000d57f
161,Path,\\amssclgis08.ams.gmams.cl\CL_MLP_PAO\01_Proyectos_ArcGIS\APRX\CL MLP PAO Aereo Image Server\SQLServer-amssclgis06_ArcGIS-Aereo.sde\OWD.AMD_CL_MLP_PAO_IF_Ortho_Geosupport_OVR\\Ov_i9A2_L01_R0000FE01_C0000D580,//amssclgis08.ams.gmams.cl/cl_mlp_pao/01_proyectos_arcgis/aprx/cl mlp pao aereo image server/sqlserver-amssclgis06_arcgis-aereo.sde/owd.amd_cl_mlp_pao_if_ortho_geosupport_ovr//ov_i9a2_l01_r0000fe01_c0000d580,ov_i9a2_l01_r0000fe01_c0000d580,ov_i9a2_l01_r0000fe01_c0000d580,amssclgis08_ams_gmams_cl_cl_mlp_pao_01_proyectos_arcgis_aprx_cl_mlp_pao_aereo_image_server_sqlserver_amssclgis06_arcgis_aereo_sde_owd_amd_cl_mlp_pao_if_ortho_geosupport_ovr_ov_i9a2_l01_r0000fe01_c0000d580,ov_i9a2_l01_r0000fe01_c0000d580,ov_i9a2_l01_r0000fe01_c0000d580
162,Path,\\amssclgis08.ams.gmams.cl\CL_MLP_PAO\01_Proyectos_ArcGIS\APRX\CL MLP PAO Aereo Image Server\SQLServer-amssclgis06_ArcGIS-Aereo.sde\OWD.AMD_CL_MLP_PAO_IF_Ortho_Geosupport_OVR\\Ov_i9A2_L01_R0000FE01_C0000D581,//amssclgis08.ams.gmams.cl/cl_mlp_pao/01_proyectos_arcgis/aprx/cl mlp pao aereo image server/sqlserver-amssclgis06_arcgis-aereo.sde/owd.amd_cl_mlp_pao_if_ortho_geosupport_ovr//ov_i9a2_l01_r0000fe01_c0000d581,ov_i9a2_l01_r0000fe01_c0000d581,ov_i9a2_l01_r0000fe01_c0000d581,amssclgis08_ams_gmams_cl_cl_mlp_pao_01_proyectos_arcgis_aprx_cl_mlp_pao_aereo_image_server_sqlserver_amssclgis06_arcgis_aereo_sde_owd_amd_cl_mlp_pao_if_ortho_geosupport_ovr_ov_i9a2_l01_r0000fe01_c0000d581,ov_i9a2_l01_r0000fe01_c0000d581,ov_i9a2_l01_r0000fe01_c0000d581
163,Path,\\amssclgis08.ams.gmams.cl\CL_MLP_PAO\01_Proyectos_ArcGIS\APRX\CL MLP PAO Aereo Image Server\SQLServer-amssclgis06_ArcGIS-Aereo.sde\OWD.AMD_CL_MLP_PAO_IF_Ortho_Geosupport_OVR\\Ov_i9A2_L01_R0000FDFF_C0000D53D,//amssclgis08.ams.gmams.cl/cl_mlp_pao/01_proyectos_arcgis/aprx/cl mlp pao aereo image server/sqlserver-amssclgis06_arcgis-aereo.sde/owd.amd_cl_mlp_pao_if_ortho_geosupport_ovr//ov_i9a2_l01_r0000fdff_c0000d53d,ov_i9a2_l01_r0000fdff_c0000d53d,ov_i9a2_l01_r0000fdff_c0000d53d,amssclgis08_ams_gmams_cl_cl_mlp_pao_01_proyectos_arcgis_aprx_cl_mlp_pao_aereo_image_server_sqlserver_amssclgis06_arcgis_aereo_sde_owd_amd_cl_mlp_pao_if_ortho_geosupport_ovr_ov_i9a2_l01_r0000fdff_c0000d53d,ov_i9a2_l01_r0000fdff_c0000d53d,ov_i9a2_l01_r0000fdff_c0000d53d
164,Path,\\amssclgis08.ams.gmams.cl\CL_MLP_PAO\01_Proyectos_ArcGIS\APRX\CL MLP PAO Aereo Image Server\SQLServer-amssclgis06_ArcGIS-Aereo.sde\OWD.AMD_CL_MLP_PAO_IF_Ortho_Geosupport_OVR\\Ov_i9A2_L01_R0000FDFF_C0000D53E,//amssclgis08.ams.gmams.cl/cl_mlp_pao/01_proyectos_arcgis/aprx/cl mlp pao aereo image server/sqlserver-amssclgis06_arcgis-aereo.sde/owd.amd_cl_mlp_pao_if_ortho_geosupport_ovr//ov_i9a2_l01_r0000fdff_c0000d53e,ov_i9a2_l01_r0000fdff_c0000d53e,ov_i9a2_l01_r0000fdff_c0000d53e,amssclgis08_ams_gmams_cl_cl_mlp_pao_01_proyectos_arcgis_aprx_cl_mlp_pao_aereo_image_server_sqlserver_amssclgis06_arcgis_aereo_sde_owd_amd_cl_mlp_pao_if_ortho_geosupport_ovr_ov_i9a2_l01_r0000fdff_c0000d53e,ov_i9a2_l01_r0000fdff_c0000d53e,ov_i9a2_l01_r0000fdff_c0000d53e
165,Path,\\amssclgis08.ams.gmams.cl\CL_MLP_PAO\01_Proyectos_ArcGIS\APRX\CL MLP PAO Aereo Image Server\SQLServer-amssclgis06_ArcGIS-Aereo.sde\OWD.AMD_CL_MLP_PAO_IF_Ortho_Geosupport_OVR\\Ov_i9A2_L01_R0000FE00_C0000D53E,//amssclgis08.ams.gmams.cl/cl_mlp_pao/01_proyectos_arcgis/aprx/cl mlp pao aereo image server/sqlserver-amssclgis06_arcgis-aereo.sde/owd.amd_cl_mlp_pao_if_ortho_geosupport_ovr//ov_i9a2_l01_r0000fe00_c0000d53e,ov_i9a2_l01_r0000fe00_c0000d53e,ov_i9a2_l01_r0000fe00_c0000d53e,amssclgis08_ams_gmams_cl_cl_mlp_pao_01_proyectos_arcgis_aprx_cl_mlp_pao_aereo_image_server_sqlserver_amssclgis06_arcgis_aereo_sde_owd_amd_cl_mlp_pao_if_ortho_geosupport_ovr_ov_i9a2_l01_r0000fe00_c0000d53e,ov_i9a2_l01_r0000fe00_c0000d53e,ov_i9a2_l01_r0000fe00_c0000d53e
166,Path,\\amssclgis08.ams.gmams.cl\CL_MLP_PAO\01_Proyectos_ArcGIS\APRX\CL MLP PAO Aereo Image Server\SQLServer-amssclgis06_ArcGIS-Aereo.sde\OWD.AMD_CL_MLP_PAO_IF_Ortho_Geosupport_OVR\\Ov_i9A2_L01_R0000FDFE_C0000D582,//amssclgis08.ams.gmams.cl/cl_mlp_pao/01_proyectos_arcgis/aprx/cl mlp pao aereo image server/sqlserver-amssclgis06_arcgis-aereo.sde/owd.amd_cl_mlp_pao_if_ortho_geosupport_ovr//ov_i9a2_l01_r0000fdfe_c0000d582,ov_i9a2_l01_r0000fdfe_c0000d582,ov_i9a2_l01_r0000fdfe_c0000d582,amssclgis08_ams_gmams_cl_cl_mlp_pao_01_proyectos_arcgis_aprx_cl_mlp_pao_aereo_image_server_sqlserver_amssclgis06_arcgis_aereo_sde_owd_amd_cl_mlp_pao_if_ortho_geosupport_ovr_ov_i9a2_l01_r0000fdfe_c0000d582,ov_i9a2_l01_r0000fdfe_c0000d582,ov_i9a2_l01_r0000fdfe_c0000d582
167,Path,\\amssclgis08.ams.gmams.cl\CL_MLP_PAO\01_Proyectos_ArcGIS\APRX\CL MLP PAO Aereo Image Server\SQLServer-amssclgis06_ArcGIS-Aereo.sde\OWD.AMD_CL_MLP_PAO_IF_Ortho_Geosupport_OVR\\Ov_i9A2_L01_R0000FDFF_C0000D582,//amssclgis08.ams.gmams.cl/cl_mlp_pao/01_proyectos_arcgis/aprx/cl mlp pao aereo image server/sqlserver-amssclgis06_arcgis-aereo.sde/owd.amd_cl_mlp_pao_if_ortho_geosupport_ovr//ov_i9a2_l01_r0000fdff_c0000d582,ov_i9a2_l01_r0000fdff_c0000d582,ov_i9a2_l01_r0000fdff_c0000d582,amssclgis08_ams_gmams_cl_cl_mlp_pao_01_proyectos_arcgis_aprx_cl_mlp_pao_aereo_image_server_sqlserver_amssclgis06_arcgis_aereo_sde_owd_amd_cl_mlp_pao_if_ortho_geosupport_ovr_ov_i9a2_l01_r0000fdff_c0000d582,ov_i9a2_l01_r0000fdff_c0000d582,ov_i9a2_l01_r0000fdff_c0000d582
168,Path,\\amssclgis08.ams.gmams.cl\CL_MLP_PAO\01_Proyectos_ArcGIS\APRX\CL MLP PAO Aereo Image Server\SQLServer-amssclgis06_ArcGIS-Aereo.sde\OWD.AMD_CL_MLP_PAO_IF_Ortho_Geosupport_OVR\\Ov_i9A2_L01_R0000FDFF_C0000D583,//amssclgis08.ams.gmams.cl/cl_mlp_pao/01_proyectos_arcgis/aprx/cl mlp pao aereo image server/sqlserver-amssclgis06_arcgis-aereo.sde/owd.amd_cl_mlp_pao_if_ortho_geosupport_ovr//ov_i9a2_l01_r0000fdff_c0000d583,ov_i9a2_l01_r0000fdff_c0000d583,ov_i9a2_l01_r0000fdff_c0000d583,amssclgis08_ams_gmams_cl_cl_mlp_pao_01_proyectos_arcgis_aprx_cl_mlp_pao_aereo_image_server_sqlserver_amssclgis06_arcgis_aereo_sde_owd_amd_cl_mlp_pao_if_ortho_geosupport_ovr_ov_i9a2_l01_r0000fdff_c0000d583,ov_i9a2_l01_r0000fdff_c0000d583,ov_i9a2_l01_r0000fdff_c0000d583
169,Path,\\amssclgis08.ams.gmams.cl\CL_MLP_PAO\01_Proyectos_ArcGIS\APRX\CL MLP PAO Aereo Image Server\SQLServer-amssclgis06_ArcGIS-Aereo.sde\OWD.AMD_CL_MLP_PAO_IF_Ortho_Geosupport_OVR\\Ov_i9A2_L01_R0000FE00_C0000D583,//amssclgis08.ams.gmams.cl/cl_mlp_pao/01_proyectos_arcgis/aprx/cl mlp pao aereo image server/sqlserver-amssclgis06_arcgis-aereo.sde/owd.amd_cl_mlp_pao_if_ortho_geosupport_ovr//ov_i9a2_l01_r0000fe00_c0000d583,ov_i9a2_l01_r0000fe00_c0000d583,ov_i9a2_l01_r0000fe00_c0000d583,amssclgis08_ams_gmams_cl_cl_mlp_pao_01_proyectos_arcgis_aprx_cl_mlp_pao_aereo_image_server_sqlserver_amssclgis06_arcgis_aereo_sde_owd_amd_cl_mlp_pao_if_ortho_geosupport_ovr_ov_i9a2_l01_r0000fe00_c0000d583,ov_i9a2_l01_r0000fe00_c0000d583,ov_i9a2_l01_r0000fe00_c0000d583
170,Path,\\amssclgis08.ams.gmams.cl\CL_MLP_PAO\01_Proyectos_ArcGIS\APRX\CL MLP PAO Aereo Image Server\SQLServer-amssclgis06_ArcGIS-Aereo.sde\OWD.AMD_CL_MLP_PAO_IF_Ortho_Geosupport_OVR\\Ov_i9A2_L01_R0000FDFE_C0000D53C,//amssclgis08.ams.gmams.cl/cl_mlp_pao/01_proyectos_arcgis/aprx/cl mlp pao aereo image server/sqlserver-amssclgis06_arcgis-aereo.sde/owd.amd_cl_mlp_pao_if_ortho_geosupport_ovr//ov_i9a2_l01_r0000fdfe_c0000d53c,ov_i9a2_l01_r0000fdfe_c0000d53c,ov_i9a2_l01_r0000fdfe_c0000d53c,amssclgis08_ams_gmams_cl_cl_mlp_pao_01_proyectos_arcgis_aprx_cl_mlp_pao_aereo_image_server_sqlserver_amssclgis06_arcgis_aereo_sde_owd_amd_cl_mlp_pao_if_ortho_geosupport_ovr_ov_i9a2_l01_r0000fdfe_c0000d53c,ov_i9a2_l01_r0000fdfe_c0000d53c,ov_i9a2_l01_r0000fdfe_c0000d53c
171,Path,\\amssclgis08.ams.gmams.cl\CL_MLP_PAO\01_Proyectos_ArcGIS\APRX\CL MLP PAO Aereo Image Server\SQLServer-amssclgis06_ArcGIS-Aereo.sde\OWD.AMD_CL_MLP_PAO_IF_Ortho_Geosupport_OVR\\Ov_i9A2_L01_R0000FDFE_C0000D53D,//amssclgis08.ams.gmams.cl/cl_mlp_pao/01_proyectos_arcgis/aprx/cl mlp pao aereo image server/sqlserver-amssclgis06_arcgis-aereo.sde/owd.amd_cl_mlp_pao_if_ortho_geosupport_ovr//ov_i9a2_l01_r0000fdfe_c0000d53d,ov_i9a2_l01_r0000fdfe_c0000d53d,ov_i9a2_l01_r0000fdfe_c0000d53d,amssclgis08_ams_gmams_cl_cl_mlp_pao_01_proyectos_arcgis_aprx_cl_mlp_pao_aereo_image_server_sqlserver_amssclgis06_arcgis_aereo_sde_owd_amd_cl_mlp_pao_if_ortho_geosupport_ovr_ov_i9a2_l01_r0000fdfe_c0000d53d,ov_i9a2_l01_r0000fdfe_c0000d53d,ov_i9a2_l01_r0000fdfe_c0000d53d
172,Path,\\amssclgis08.ams.gmams.cl\CL_MLP_PAO\01_Proyectos_ArcGIS\APRX\CL MLP PAO Aereo Image Server\SQLServer-amssclgis06_ArcGIS-Aereo.sde\OWD.AMD_CL_MLP_PAO_IF_Ortho_Geosupport_OVR\\Ov_i9A2_L01_R0000FDFC_C0000D53A,//amssclgis08.ams.gmams.cl/cl_mlp_pao/01_proyectos_arcgis/aprx/cl mlp pao aereo image server/sqlserver-amssclgis06_arcgis-aereo.sde/owd.amd_cl_mlp_pao_if_ortho_geosupport_ovr//ov_i9a2_l01_r0000fdfc_c0000d53a,ov_i9a2_l01_r0000fdfc_c0000d53a,ov_i9a2_l01_r0000fdfc_c0000d53a,amssclgis08_ams_gmams_cl_cl_mlp_pao_01_proyectos_arcgis_aprx_cl_mlp_pao_aereo_image_server_sqlserver_amssclgis06_arcgis_aereo_sde_owd_amd_cl_mlp_pao_if_ortho_geosupport_ovr_ov_i9a2_l01_r0000fdfc_c0000d53a,ov_i9a2_l01_r0000fdfc_c0000d53a,ov_i9a2_l01_r0000fdfc_c0000d53a
173,Path,\\amssclgis08.ams.gmams.cl\CL_MLP_PAO\01_Proyectos_ArcGIS\APRX\CL MLP PAO Aereo Image Server\SQLServer-amssclgis06_ArcGIS-Aereo.sde\OWD.AMD_CL_MLP_PAO_IF_Ortho_Geosupport_OVR\\Ov_i9A2_L01_R0000FDFC_C0000D53B,//amssclgis08.ams.gmams.cl/cl_mlp_pao/01_proyectos_arcgis/aprx/cl mlp pao aereo image server/sqlserver-amssclgis06_arcgis-aereo.sde/owd.amd_cl_mlp_pao_if_ortho_geosupport_ovr//ov_i9a2_l01_r0000fdfc_c0000d53b,ov_i9a2_l01_r0000fdfc_c0000d53b,ov_i9a2_l01_r0000fdfc_c0000d53b,amssclgis08_ams_gmams_cl_cl_mlp_pao_01_proyectos_arcgis_aprx_cl_mlp_pao_aereo_image_server_sqlserver_amssclgis06_arcgis_aereo_sde_owd_amd_cl_mlp_pao_if_ortho_geosupport_ovr_ov_i9a2_l01_r0000fdfc_c0000d53b,ov_i9a2_l01_r0000fdfc_c0000d53b,ov_i9a2_l01_r0000fdfc_c0000d53b
174,Path,\\amssclgis08.ams.gmams.cl\CL_MLP_PAO\01_Proyectos_ArcGIS\APRX\CL MLP PAO Aereo Image Server\SQLServer-amssclgis06_ArcGIS-Aereo.sde\OWD.AMD_CL_MLP_PAO_IF_Ortho_Geosupport_OVR\\Ov_i9A2_L01_R0000FDFD_C0000D53B,//amssclgis08.ams.gmams.cl/cl_mlp_pao/01_proyectos_arcgis/aprx/cl mlp pao aereo image server/sqlserver-amssclgis06_arcgis-aereo.sde/owd.amd_cl_mlp_pao_if_ortho_geosupport_ovr//ov_i9a2_l01_r0000fdfd_c0000d53b,ov_i9a2_l01_r0000fdfd_c0000d53b,ov_i9a2_l01_r0000fdfd_c0000d53b,amssclgis08_ams_gmams_cl_cl_mlp_pao_01_proyectos_arcgis_aprx_cl_mlp_pao_aereo_image_server_sqlserver_amssclgis06_arcgis_aereo_sde_owd_amd_cl_mlp_pao_if_ortho_geosupport_ovr_ov_i9a2_l01_r0000fdfd_c0000d53b,ov_i9a2_l01_r0000fdfd_c0000d53b,ov_i9a2_l01_r0000fdfd_c0000d53b
175,Path,\\amssclgis08.ams.gmams.cl\CL_MLP_PAO\01_Proyectos_ArcGIS\APRX\CL MLP PAO Aereo Image Server\SQLServer-amssclgis06_ArcGIS-Aereo.sde\OWD.AMD_CL_MLP_PAO_IF_Ortho_Geosupport_OVR\\Ov_i9A2_L01_R0000FDFD_C0000D53C,//amssclgis08.ams.gmams.cl/cl_mlp_pao/01_proyectos_arcgis/aprx/cl mlp pao aereo image server/sqlserver-amssclgis06_arcgis-aereo.sde/owd.amd_cl_mlp_pao_if_ortho_geosupport_ovr//ov_i9a2_l01_r0000fdfd_c0000d53c,ov_i9a2_l01_r0000fdfd_c0000d53c,ov_i9a2_l01_r0000fdfd_c0000d53c,amssclgis08_ams_gmams_cl_cl_mlp_pao_01_proyectos_arcgis_aprx_cl_mlp_pao_aereo_image_server_sqlserver_amssclgis06_arcgis_aereo_sde_owd_amd_cl_mlp_pao_if_ortho_geosupport_ovr_ov_i9a2_l01_r0000fdfd_c0000d53c,ov_i9a2_l01_r0000fdfd_c0000d53c,ov_i9a2_l01_r0000fdfd_c0000d53c
176,Path,\\amssclgis08.ams.gmams.cl\CL_MLP_PAO\01_Proyectos_ArcGIS\APRX\CL MLP PAO Aereo Image Server\SQLServer-amssclgis06_ArcGIS-Aereo.sde\OWD.AMD_CL_MLP_PAO_IF_Ortho_Geosupport_OVR\\Ov_i9A2_L01_R0000FDF8_C0000D53C,//amssclgis08.ams.gmams.cl/cl_mlp_pao/01_proyectos_arcgis/aprx/cl mlp pao aereo image server/sqlserver-amssclgis06_arcgis-aereo.sde/owd.amd_cl_mlp_pao_if_ortho_geosupport_ovr//ov_i9a2_l01_r0000fdf8_c0000d53c,ov_i9a2_l01_r0000fdf8_c0000d53c,ov_i9a2_l01_r0000fdf8_c0000d53c,amssclgis08_ams_gmams_cl_cl_mlp_pao_01_proyectos_arcgis_aprx_cl_mlp_pao_aereo_image_server_sqlserver_amssclgis06_arcgis_aereo_sde_owd_amd_cl_mlp_pao_if_ortho_geosupport_ovr_ov_i9a2_l01_r0000fdf8_c0000d53c,ov_i9a2_l01_r0000fdf8_c0000d53c,ov_i9a2_l01_r0000fdf8_c0000d53c
177,Path,\\amssclgis08.ams.gmams.cl\CL_MLP_PAO\01_Proyectos_ArcGIS\APRX\CL MLP PAO Aereo Image Server\SQLServer-amssclgis06_ArcGIS-Aereo.sde\OWD.AMD_CL_MLP_PAO_IF_Ortho_Geosupport_OVR\\Ov_i9A2_L01_R0000FDF8_C0000D53D,//amssclgis08.ams.gmams.cl/cl_mlp_pao/01_proyectos_arcgis/aprx/cl mlp pao aereo image server/sqlserver-amssclgis06_arcgis-aereo.sde/owd.amd_cl_mlp_pao_if_ortho_geosupport_ovr//ov_i9a2_l01_r0000fdf8_c0000d53d,ov_i9a2_l01_r0000fdf8_c0000d53d,ov_i9a2_l01_r0000fdf8_c0000d53d,amssclgis08_ams_gmams_cl_cl_mlp_pao_01_proyectos_arcgis_aprx_cl_mlp_pao_aereo_image_server_sqlserver_amssclgis06_arcgis_aereo_sde_owd_amd_cl_mlp_pao_if_ortho_geosupport_ovr_ov_i9a2_l01_r0000fdf8_c0000d53d,ov_i9a2_l01_r0000fdf8_c0000d53d,ov_i9a2_l01_r0000fdf8_c0000d53d
178,Path,\\amssclgis08.ams.gmams.cl\CL_MLP_PAO\01_Proyectos_ArcGIS\APRX\CL MLP PAO Aereo Image Server\SQLServer-amssclgis06_ArcGIS-Aereo.sde\OWD.AMD_CL_MLP_PAO_IF_Ortho_Geosupport_OVR\\Ov_i9A2_L01_R0000FDF9_C0000D53D,//amssclgis08.ams.gmams.cl/cl_mlp_pao/01_proyectos_arcgis/aprx/cl mlp pao aereo image server/sqlserver-amssclgis06_arcgis-aereo.sde/owd.amd_cl_mlp_pao_if_ortho_geosupport_ovr//ov_i9a2_l01_r0000fdf9_c0000d53d,ov_i9a2_l01_r0000fdf9_c0000d53d,ov_i9a2_l01_r0000fdf9_c0000d53d,amssclgis08_ams_gmams_cl_cl_mlp_pao_01_proyectos_arcgis_aprx_cl_mlp_pao_aereo_image_server_sqlserver_amssclgis06_arcgis_aereo_sde_owd_amd_cl_mlp_pao_if_ortho_geosupport_ovr_ov_i9a2_l01_r0000fdf9_c0000d53d,ov_i9a2_l01_r0000fdf9_c0000d53d,ov_i9a2_l01_r0000fdf9_c0000d53d
179,Path,\\amssclgis08.ams.gmams.cl\CL_MLP_PAO\01_Proyectos_ArcGIS\APRX\CL MLP PAO Aereo Image Server\SQLServer-amssclgis06_ArcGIS-Aereo.sde\OWD.AMD_CL_MLP_PAO_IF_Ortho_Geosupport_OVR\\Ov_i9A2_L01_R0000FDFA_C0000D53D,//amssclgis08.ams.gmams.cl/cl_mlp_pao/01_proyectos_arcgis/aprx/cl mlp pao aereo image server/sqlserver-amssclgis06_arcgis-aereo.sde/owd.amd_cl_mlp_pao_if_ortho_geosupport_ovr//ov_i9a2_l01_r0000fdfa_c0000d53d,ov_i9a2_l01_r0000fdfa_c0000d53d,ov_i9a2_l01_r0000fdfa_c0000d53d,amssclgis08_ams_gmams_cl_cl_mlp_pao_01_proyectos_arcgis_aprx_cl_mlp_pao_aereo_image_server_sqlserver_amssclgis06_arcgis_aereo_sde_owd_amd_cl_mlp_pao_if_ortho_geosupport_ovr_ov_i9a2_l01_r0000fdfa_c0000d53d,ov_i9a2_l01_r0000fdfa_c0000d53d,ov_i9a2_l01_r0000fdfa_c0000d53d
180,Path,\\amssclgis08.ams.gmams.cl\CL_MLP_PAO\01_Proyectos_ArcGIS\APRX\CL MLP PAO Aereo Image Server\SQLServer-amssclgis06_ArcGIS-Aereo.sde\OWD.AMD_CL_MLP_PAO_IF_Ortho_Geosupport_OVR\\Ov_i9A2_L01_R0000FDFA_C0000D53E,//amssclgis08.ams.gmams.cl/cl_mlp_pao/01_proyectos_arcgis/aprx/cl mlp pao aereo image server/sqlserver-amssclgis06_arcgis-aereo.sde/owd.amd_cl_mlp_pao_if_ortho_geosupport_ovr//ov_i9a2_l01_r0000fdfa_c0000d53e,ov_i9a2_l01_r0000fdfa_c0000d53e,ov_i9a2_l01_r0000fdfa_c0000d53e,amssclgis08_ams_gmams_cl_cl_mlp_pao_01_proyectos_arcgis_aprx_cl_mlp_pao_aereo_image_server_sqlserver_amssclgis06_arcgis_aereo_sde_owd_amd_cl_mlp_pao_if_ortho_geosupport_ovr_ov_i9a2_l01_r0000fdfa_c0000d53e,ov_i9a2_l01_r0000fdfa_c0000d53e,ov_i9a2_l01_r0000fdfa_c0000d53e
181,Path,\\amssclgis08.ams.gmams.cl\CL_MLP_PAO\01_Proyectos_ArcGIS\APRX\CL MLP PAO Aereo Image Server\SQLServer-amssclgis06_ArcGIS-Aereo.sde\OWD.AMD_CL_MLP_PAO_IF_Ortho_Geosupport_OVR\\Ov_i9A2_L01_R0000FDFB_C0000D53D,//amssclgis08.ams.gmams.cl/cl_mlp_pao/01_proyectos_arcgis/aprx/cl mlp pao aereo image server/sqlserver-amssclgis06_arcgis-aereo.sde/owd.amd_cl_mlp_pao_if_ortho_geosupport_ovr//ov_i9a2_l01_r0000fdfb_c0000d53d,ov_i9a2_l01_r0000fdfb_c0000d53d,ov_i9a2_l01_r0000fdfb_c0000d53d,amssclgis08_ams_gmams_cl_cl_mlp_pao_01_proyectos_arcgis_aprx_cl_mlp_pao_aereo_image_server_sqlserver_amssclgis06_arcgis_aereo_sde_owd_amd_cl_mlp_pao_if_ortho_geosupport_ovr_ov_i9a2_l01_r0000fdfb_c0000d53d,ov_i9a2_l01_r0000fdfb_c0000d53d,ov_i9a2_l01_r0000fdfb_c0000d53d
182,Path,\\amssclgis08.ams.gmams.cl\CL_MLP_PAO\01_Proyectos_ArcGIS\APRX\CL MLP PAO Aereo Image Server\SQLServer-amssclgis06_ArcGIS-Aereo.sde\OWD.AMD_CL_MLP_PAO_IF_Ortho_Geosupport_OVR\\Ov_i9A2_L01_R0000FDFB_C0000D53E,//amssclgis08.ams.gmams.cl/cl_mlp_pao/01_proyectos_arcgis/aprx/cl mlp pao aereo image server/sqlserver-amssclgis06_arcgis-aereo.sde/owd.amd_cl_mlp_pao_if_ortho_geosupport_ovr//ov_i9a2_l01_r0000fdfb_c0000d53e,ov_i9a2_l01_r0000fdfb_c0000d53e,ov_i9a2_l01_r0000fdfb_c0000d53e,amssclgis08_ams_gmams_cl_cl_mlp_pao_01_proyectos_arcgis_aprx_cl_mlp_pao_aereo_image_server_sqlserver_amssclgis06_arcgis_aereo_sde_owd_amd_cl_mlp_pao_if_ortho_geosupport_ovr_ov_i9a2_l01_r0000fdfb_c0000d53e,ov_i9a2_l01_r0000fdfb_c0000d53e,ov_i9a2_l01_r0000fdfb_c0000d53e
183,Path,\\amssclgis08.ams.gmams.cl\CL_MLP_PAO\01_Proyectos_ArcGIS\APRX\CL MLP PAO Aereo Image Server\SQLServer-amssclgis06_ArcGIS-Aereo.sde\OWD.AMD_CL_MLP_PAO_IF_Ortho_Geosupport_OVR\\Ov_i9A2_L01_R0000FDFC_C0000D53E,//amssclgis08.ams.gmams.cl/cl_mlp_pao/01_proyectos_arcgis/aprx/cl mlp pao aereo image server/sqlserver-amssclgis06_arcgis-aereo.sde/owd.amd_cl_mlp_pao_if_ortho_geosupport_ovr//ov_i9a2_l01_r0000fdfc_c0000d53e,ov_i9a2_l01_r0000fdfc_c0000d53e,ov_i9a2_l01_r0000fdfc_c0000d53e,amssclgis08_ams_gmams_cl_cl_mlp_pao_01_proyectos_arcgis_aprx_cl_mlp_pao_aereo_image_server_sqlserver_amssclgis06_arcgis_aereo_sde_owd_amd_cl_mlp_pao_if_ortho_geosupport_ovr_ov_i9a2_l01_r0000fdfc_c0000d53e,ov_i9a2_l01_r0000fdfc_c0000d53e,ov_i9a2_l01_r0000fdfc_c0000d53e
184,Path,\\amssclgis08.ams.gmams.cl\CL_MLP_PAO\01_Proyectos_ArcGIS\APRX\CL MLP PAO Aereo Image Server\SQLServer-amssclgis06_ArcGIS-Aereo.sde\OWD.AMD_CL_MLP_PAO_IF_Ortho_Geosupport_OVR\\Ov_i9A2_L01_R0000FDF6_C0000D535,//amssclgis08.ams.gmams.cl/cl_mlp_pao/01_proyectos_arcgis/aprx/cl mlp pao aereo image server/sqlserver-amssclgis06_arcgis-aereo.sde/owd.amd_cl_mlp_pao_if_ortho_geosupport_ovr//ov_i9a2_l01_r0000fdf6_c0000d535,ov_i9a2_l01_r0000fdf6_c0000d535,ov_i9a2_l01_r0000fdf6_c0000d535,amssclgis08_ams_gmams_cl_cl_mlp_pao_01_proyectos_arcgis_aprx_cl_mlp_pao_aereo_image_server_sqlserver_amssclgis06_arcgis_aereo_sde_owd_amd_cl_mlp_pao_if_ortho_geosupport_ovr_ov_i9a2_l01_r0000fdf6_c0000d535,ov_i9a2_l01_r0000fdf6_c0000d535,ov_i9a2_l01_r0000fdf6_c0000d535
185,Path,\\amssclgis08.ams.gmams.cl\CL_MLP_PAO\01_Proyectos_ArcGIS\APRX\CL MLP PAO Aereo Image Server\SQLServer-amssclgis06_ArcGIS-Aereo.sde\OWD.AMD_CL_MLP_PAO_IF_Ortho_Geosupport_OVR\\Ov_i9A2_L01_R0000FDF7_C0000D535,//amssclgis08.ams.gmams.cl/cl_mlp_pao/01_proyectos_arcgis/aprx/cl mlp pao aereo image server/sqlserver-amssclgis06_arcgis-aereo.sde/owd.amd_cl_mlp_pao_if_ortho_geosupport_ovr//ov_i9a2_l01_r0000fdf7_c0000d535,ov_i9a2_l01_r0000fdf7_c0000d535,ov_i9a2_l01_r0000fdf7_c0000d535,amssclgis08_ams_gmams_cl_cl_mlp_pao_01_proyectos_arcgis_aprx_cl_mlp_pao_aereo_image_server_sqlserver_amssclgis06_arcgis_aereo_sde_owd_amd_cl_mlp_pao_if_ortho_geosupport_ovr_ov_i9a2_l01_r0000fdf7_c0000d535,ov_i9a2_l01_r0000fdf7_c0000d535,ov_i9a2_l01_r0000fdf7_c0000d535
186,Path,\\amssclgis08.ams.gmams.cl\CL_MLP_PAO\01_Proyectos_ArcGIS\APRX\CL MLP PAO Aereo Image Server\SQLServer-amssclgis06_ArcGIS-Aereo.sde\OWD.AMD_CL_MLP_PAO_IF_Ortho_Geosupport_OVR\\Ov_i9A2_L01_R0000FDF7_C0000D536,//amssclgis08.ams.gmams.cl/cl_mlp_pao/01_proyectos_arcgis/aprx/cl mlp pao aereo image server/sqlserver-amssclgis06_arcgis-aereo.sde/owd.amd_cl_mlp_pao_if_ortho_geosupport_ovr//ov_i9a2_l01_r0000fdf7_c0000d536,ov_i9a2_l01_r0000fdf7_c0000d536,ov_i9a2_l01_r0000fdf7_c0000d536,amssclgis08_ams_gmams_cl_cl_mlp_pao_01_proyectos_arcgis_aprx_cl_mlp_pao_aereo_image_server_sqlserver_amssclgis06_arcgis_aereo_sde_owd_amd_cl_mlp_pao_if_ortho_geosupport_ovr_ov_i9a2_l01_r0000fdf7_c0000d536,ov_i9a2_l01_r0000fdf7_c0000d536,ov_i9a2_l01_r0000fdf7_c0000d536
187,Path,\\amssclgis08.ams.gmams.cl\CL_MLP_PAO\01_Proyectos_ArcGIS\APRX\CL MLP PAO Aereo Image Server\SQLServer-amssclgis06_ArcGIS-Aereo.sde\OWD.AMD_CL_MLP_PAO_IF_Ortho_Geosupport_OVR\\Ov_i9A2_L01_R0000FDF7_C0000D537,//amssclgis08.ams.gmams.cl/cl_mlp_pao/01_proyectos_arcgis/aprx/cl mlp pao aereo image server/sqlserver-amssclgis06_arcgis-aereo.sde/owd.amd_cl_mlp_pao_if_ortho_geosupport_ovr//ov_i9a2_l01_r0000fdf7_c0000d537,ov_i9a2_l01_r0000fdf7_c0000d537,ov_i9a2_l01_r0000fdf7_c0000d537,amssclgis08_ams_gmams_cl_cl_mlp_pao_01_proyectos_arcgis_aprx_cl_mlp_pao_aereo_image_server_sqlserver_amssclgis06_arcgis_aereo_sde_owd_amd_cl_mlp_pao_if_ortho_geosupport_ovr_ov_i9a2_l01_r0000fdf7_c0000d537,ov_i9a2_l01_r0000fdf7_c0000d537,ov_i9a2_l01_r0000fdf7_c0000d537
188,Path,\\amssclgis08.ams.gmams.cl\CL_MLP_PAO\01_Proyectos_ArcGIS\APRX\CL MLP PAO Aereo Image Server\SQLServer-amssclgis06_ArcGIS-Aereo.sde\OWD.AMD_CL_MLP_PAO_IF_Ortho_Geosupport_OVR\\Ov_i9A2_L01_R0000FDF8_C0000D537,//amssclgis08.ams.gmams.cl/cl_mlp_pao/01_proyectos_arcgis/aprx/cl mlp pao aereo image server/sqlserver-amssclgis06_arcgis-aereo.sde/owd.amd_cl_mlp_pao_if_ortho_geosupport_ovr//ov_i9a2_l01_r0000fdf8_c0000d537,ov_i9a2_l01_r0000fdf8_c0000d537,ov_i9a2_l01_r0000fdf8_c0000d537,amssclgis08_ams_gmams_cl_cl_mlp_pao_01_proyectos_arcgis_aprx_cl_mlp_pao_aereo_image_server_sqlserver_amssclgis06_arcgis_aereo_sde_owd_amd_cl_mlp_pao_if_ortho_geosupport_ovr_ov_i9a2_l01_r0000fdf8_c0000d537,ov_i9a2_l01_r0000fdf8_c0000d537,ov_i9a2_l01_r0000fdf8_c0000d537
189,Path,\\amssclgis08.ams.gmams.cl\CL_MLP_PAO\01_Proyectos_ArcGIS\APRX\CL MLP PAO Aereo Image Server\SQLServer-amssclgis06_ArcGIS-Aereo.sde\OWD.AMD_CL_MLP_PAO_IF_Ortho_Geosupport_OVR\\Ov_i9A2_L01_R0000FDF8_C0000D538,//amssclgis08.ams.gmams.cl/cl_mlp_pao/01_proyectos_arcgis/aprx/cl mlp pao aereo image server/sqlserver-amssclgis06_arcgis-aereo.sde/owd.amd_cl_mlp_pao_if_ortho_geosupport_ovr//ov_i9a2_l01_r0000fdf8_c0000d538,ov_i9a2_l01_r0000fdf8_c0000d538,ov_i9a2_l01_r0000fdf8_c0000d538,amssclgis08_ams_gmams_cl_cl_mlp_pao_01_proyectos_arcgis_aprx_cl_mlp_pao_aereo_image_server_sqlserver_amssclgis06_arcgis_aereo_sde_owd_amd_cl_mlp_pao_if_ortho_geosupport_ovr_ov_i9a2_l01_r0000fdf8_c0000d538,ov_i9a2_l01_r0000fdf8_c0000d538,ov_i9a2_l01_r0000fdf8_c0000d538
190,Path,\\amssclgis08.ams.gmams.cl\CL_MLP_PAO\01_Proyectos_ArcGIS\APRX\CL MLP PAO Aereo Image Server\SQLServer-amssclgis06_ArcGIS-Aereo.sde\OWD.AMD_CL_MLP_PAO_IF_Ortho_Geosupport_OVR\\Ov_i9A2_L01_R0000FDF9_C0000D538,//amssclgis08.ams.gmams.cl/cl_mlp_pao/01_proyectos_arcgis/aprx/cl mlp pao aereo image server/sqlserver-amssclgis06_arcgis-aereo.sde/owd.amd_cl_mlp_pao_if_ortho_geosupport_ovr//ov_i9a2_l01_r0000fdf9_c0000d538,ov_i9a2_l01_r0000fdf9_c0000d538,ov_i9a2_l01_r0000fdf9_c0000d538,amssclgis08_ams_gmams_cl_cl_mlp_pao_01_proyectos_arcgis_aprx_cl_mlp_pao_aereo_image_server_sqlserver_amssclgis06_arcgis_aereo_sde_owd_amd_cl_mlp_pao_if_ortho_geosupport_ovr_ov_i9a2_l01_r0000fdf9_c0000d538,ov_i9a2_l01_r0000fdf9_c0000d538,ov_i9a2_l01_r0000fdf9_c0000d538
191,Path,\\amssclgis08.ams.gmams.cl\CL_MLP_PAO\01_Proyectos_ArcGIS\APRX\CL MLP PAO Aereo Image Server\SQLServer-amssclgis06_ArcGIS-Aereo.sde\OWD.AMD_CL_MLP_PAO_IF_Ortho_Geosupport_OVR\\Ov_i9A2_L01_R0000FDF9_C0000D539,//amssclgis08.ams.gmams.cl/cl_mlp_pao/01_proyectos_arcgis/aprx/cl mlp pao aereo image server/sqlserver-amssclgis06_arcgis-aereo.sde/owd.amd_cl_mlp_pao_if_ortho_geosupport_ovr//ov_i9a2_l01_r0000fdf9_c0000d539,ov_i9a2_l01_r0000fdf9_c0000d539,ov_i9a2_l01_r0000fdf9_c0000d539,amssclgis08_ams_gmams_cl_cl_mlp_pao_01_proyectos_arcgis_aprx_cl_mlp_pao_aereo_image_server_sqlserver_amssclgis06_arcgis_aereo_sde_owd_amd_cl_mlp_pao_if_ortho_geosupport_ovr_ov_i9a2_l01_r0000fdf9_c0000d539,ov_i9a2_l01_r0000fdf9_c0000d539,ov_i9a2_l01_r0000fdf9_c0000d539
192,Path,\\amssclgis08.ams.gmams.cl\CL_MLP_PAO\01_Proyectos_ArcGIS\APRX\CL MLP PAO Aereo Image Server\SQLServer-amssclgis06_ArcGIS-Aereo.sde\OWD.AMD_CL_MLP_PAO_IF_Ortho_Geosupport_OVR\\Ov_i9A2_L01_R0000FDFA_C0000D539,//amssclgis08.ams.gmams.cl/cl_mlp_pao/01_proyectos_arcgis/aprx/cl mlp pao aereo image server/sqlserver-amssclgis06_arcgis-aereo.sde/owd.amd_cl_mlp_pao_if_ortho_geosupport_ovr//ov_i9a2_l01_r0000fdfa_c0000d539,ov_i9a2_l01_r0000fdfa_c0000d539,ov_i9a2_l01_r0000fdfa_c0000d539,amssclgis08_ams_gmams_cl_cl_mlp_pao_01_proyectos_arcgis_aprx_cl_mlp_pao_aereo_image_server_sqlserver_amssclgis06_arcgis_aereo_sde_owd_amd_cl_mlp_pao_if_ortho_geosupport_ovr_ov_i9a2_l01_r0000fdfa_c0000d539,ov_i9a2_l01_r0000fdfa_c0000d539,ov_i9a2_l01_r0000fdfa_c0000d539
193,Path,\\amssclgis08.ams.gmams.cl\CL_MLP_PAO\01_Proyectos_ArcGIS\APRX\CL MLP PAO Aereo Image Server\SQLServer-amssclgis06_ArcGIS-Aereo.sde\OWD.AMD_CL_MLP_PAO_IF_Ortho_Geosupport_OVR\\Ov_i9A2_L01_R0000FDFB_C0000D53A,//amssclgis08.ams.gmams.cl/cl_mlp_pao/01_proyectos_arcgis/aprx/cl mlp pao aereo image server/sqlserver-amssclgis06_arcgis-aereo.sde/owd.amd_cl_mlp_pao_if_ortho_geosupport_ovr//ov_i9a2_l01_r0000fdfb_c0000d53a,ov_i9a2_l01_r0000fdfb_c0000d53a,ov_i9a2_l01_r0000fdfb_c0000d53a,amssclgis08_ams_gmams_cl_cl_mlp_pao_01_proyectos_arcgis_aprx_cl_mlp_pao_aereo_image_server_sqlserver_amssclgis06_arcgis_aereo_sde_owd_amd_cl_mlp_pao_if_ortho_geosupport_ovr_ov_i9a2_l01_r0000fdfb_c0000d53a,ov_i9a2_l01_r0000fdfb_c0000d53a,ov_i9a2_l01_r0000fdfb_c0000d53a
194,Path,\\amssclgis08.ams.gmams.cl\CL_MLP_PAO\01_Proyectos_ArcGIS\APRX\CL MLP PAO Aereo Image Server\SQLServer-amssclgis06_ArcGIS-Aereo.sde\OWD.AMD_CL_MLP_PAO_IF_Ortho_Geosupport_OVR\\Ov_i9A2_L01_R0000FDF4_C0000D51F,//amssclgis08.ams.gmams.cl/cl_mlp_pao/01_proyectos_arcgis/aprx/cl mlp pao aereo image server/sqlserver-amssclgis06_arcgis-aereo.sde/owd.amd_cl_mlp_pao_if_ortho_geosupport_ovr//ov_i9a2_l01_r0000fdf4_c0000d51f,ov_i9a2_l01_r0000fdf4_c0000d51f,ov_i9a2_l01_r0000fdf4_c0000d51f,amssclgis08_ams_gmams_cl_cl_mlp_pao_01_proyectos_arcgis_aprx_cl_mlp_pao_aereo_image_server_sqlserver_amssclgis06_arcgis_aereo_sde_owd_amd_cl_mlp_pao_if_ortho_geosupport_ovr_ov_i9a2_l01_r0000fdf4_c0000d51f,ov_i9a2_l01_r0000fdf4_c0000d51f,ov_i9a2_l01_r0000fdf4_c0000d51f
195,Path,\\amssclgis08.ams.gmams.cl\CL_MLP_PAO\01_Proyectos_ArcGIS\APRX\CL MLP PAO Aereo Image Server\SQLServer-amssclgis06_ArcGIS-Aereo.sde\OWD.AMD_CL_MLP_PAO_IF_Ortho_Geosupport_OVR\\Ov_i9A2_L01_R0000FDF4_C0000D520,//amssclgis08.ams.gmams.cl/cl_mlp_pao/01_proyectos_arcgis/aprx/cl mlp pao aereo image server/sqlserver-amssclgis06_arcgis-aereo.sde/owd.amd_cl_mlp_pao_if_ortho_geosupport_ovr//ov_i9a2_l01_r0000fdf4_c0000d520,ov_i9a2_l01_r0000fdf4_c0000d520,ov_i9a2_l01_r0000fdf4_c0000d520,amssclgis08_ams_gmams_cl_cl_mlp_pao_01_proyectos_arcgis_aprx_cl_mlp_pao_aereo_image_server_sqlserver_amssclgis06_arcgis_aereo_sde_owd_amd_cl_mlp_pao_if_ortho_geosupport_ovr_ov_i9a2_l01_r0000fdf4_c0000d520,ov_i9a2_l01_r0000fdf4_c0000d520,ov_i9a2_l01_r0000fdf4_c0000d520
196,Path,\\amssclgis08.ams.gmams.cl\CL_MLP_PAO\01_Proyectos_ArcGIS\APRX\CL MLP PAO Aereo Image Server\SQLServer-amssclgis06_ArcGIS-Aereo.sde\OWD.AMD_CL_MLP_PAO_IF_Ortho_Geosupport_OVR\\Ov_i9A2_L01_R0000FDF4_C0000D521,//amssclgis08.ams.gmams.cl/cl_mlp_pao/01_proyectos_arcgis/aprx/cl mlp pao aereo image server/sqlserver-amssclgis06_arcgis-aereo.sde/owd.amd_cl_mlp_pao_if_ortho_geosupport_ovr//ov_i9a2_l01_r0000fdf4_c0000d521,ov_i9a2_l01_r0000fdf4_c0000d521,ov_i9a2_l01_r0000fdf4_c0000d521,amssclgis08_ams_gmams_cl_cl_mlp_pao_01_proyectos_arcgis_aprx_cl_mlp_pao_aereo_image_server_sqlserver_amssclgis06_arcgis_aereo_sde_owd_amd_cl_mlp_pao_if_ortho_geosupport_ovr_ov_i9a2_l01_r0000fdf4_c0000d521,ov_i9a2_l01_r0000fdf4_c0000d521,ov_i9a2_l01_r0000fdf4_c0000d521
197,Path,\\amssclgis08.ams.gmams.cl\CL_MLP_PAO\01_Proyectos_ArcGIS\APRX\CL MLP PAO Aereo Image Server\SQLServer-amssclgis06_ArcGIS-Aereo.sde\OWD.AMD_CL_MLP_PAO_IF_Ortho_Geosupport_OVR\\Ov_i9A2_L01_R0000FDF4_C0000D522,//amssclgis08.ams.gmams.cl/cl_mlp_pao/01_proyectos_arcgis/aprx/cl mlp pao aereo image server/sqlserver-amssclgis06_arcgis-aereo.sde/owd.amd_cl_mlp_pao_if_ortho_geosupport_ovr//ov_i9a2_l01_r0000fdf4_c0000d522,ov_i9a2_l01_r0000fdf4_c0000d522,ov_i9a2_l01_r0000fdf4_c0000d522,amssclgis08_ams_gmams_cl_cl_mlp_pao_01_proyectos_arcgis_aprx_cl_mlp_pao_aereo_image_server_sqlserver_amssclgis06_arcgis_aereo_sde_owd_amd_cl_mlp_pao_if_ortho_geosupport_ovr_ov_i9a2_l01_r0000fdf4_c0000d522,ov_i9a2_l01_r0000fdf4_c0000d522,ov_i9a2_l01_r0000fdf4_c0000d522
198,Path,\\amssclgis08.ams.gmams.cl\CL_MLP_PAO\01_Proyectos_ArcGIS\APRX\CL MLP PAO Aereo Image Server\SQLServer-amssclgis06_ArcGIS-Aereo.sde\OWD.AMD_CL_MLP_PAO_IF_Ortho_Geosupport_OVR\\Ov_i9A2_L01_R0000FDF4_C0000D523,//amssclgis08.ams.gmams.cl/cl_mlp_pao/01_proyectos_arcgis/aprx/cl mlp pao aereo image server/sqlserver-amssclgis06_arcgis-aereo.sde/owd.amd_cl_mlp_pao_if_ortho_geosupport_ovr//ov_i9a2_l01_r0000fdf4_c0000d523,ov_i9a2_l01_r0000fdf4_c0000d523,ov_i9a2_l01_r0000fdf4_c0000d523,amssclgis08_ams_gmams_cl_cl_mlp_pao_01_proyectos_arcgis_aprx_cl_mlp_pao_aereo_image_server_sqlserver_amssclgis06_arcgis_aereo_sde_owd_amd_cl_mlp_pao_if_ortho_geosupport_ovr_ov_i9a2_l01_r0000fdf4_c0000d523,ov_i9a2_l01_r0000fdf4_c0000d523,ov_i9a2_l01_r0000fdf4_c0000d523
199,Path,\\amssclgis08.ams.gmams.cl\CL_MLP_PAO\01_Proyectos_ArcGIS\APRX\CL MLP PAO Aereo Image Server\SQLServer-amssclgis06_ArcGIS-Aereo.sde\OWD.AMD_CL_MLP_PAO_IF_Ortho_Geosupport_OVR\\Ov_i9A2_L01_R0000FDF5_C0000D51A,//amssclgis08.ams.gmams.cl/cl_mlp_pao/01_proyectos_arcgis/aprx/cl mlp pao aereo image server/sqlserver-amssclgis06_arcgis-aereo.sde/owd.amd_cl_mlp_pao_if_ortho_geosupport_ovr//ov_i9a2_l01_r0000fdf5_c0000d51a,ov_i9a2_l01_r0000fdf5_c0000d51a,ov_i9a2_l01_r0000fdf5_c0000d51a,amssclgis08_ams_gmams_cl_cl_mlp_pao_01_proyectos_arcgis_aprx_cl_mlp_pao_aereo_image_server_sqlserver_amssclgis06_arcgis_aereo_sde_owd_amd_cl_mlp_pao_if_ortho_geosupport_ovr_ov_i9a2_l01_r0000fdf5_c0000d51a,ov_i9a2_l01_r0000fdf5_c0000d51a,ov_i9a2_l01_r0000fdf5_c0000d51a
200,Path,\\amssclgis08.ams.gmams.cl\CL_MLP_PAO\01_Proyectos_ArcGIS\APRX\CL MLP PAO Aereo Image Server\SQLServer-amssclgis06_ArcGIS-Aereo.sde\OWD.AMD_CL_MLP_PAO_IF_Ortho_Geosupport_OVR\\Ov_i9A2_L01_R0000FDF5_C0000D51B,//amssclgis08.ams.gmams.cl/cl_mlp_pao/01_proyectos_arcgis/aprx/cl mlp pao aereo image server/sqlserver-amssclgis06_arcgis-aereo.sde/owd.amd_cl_mlp_pao_if_ortho_geosupport_ovr//ov_i9a2_l01_r0000fdf5_c0000d51b,ov_i9a2_l01_r0000fdf5_c0000d51b,ov_i9a2_l01_r0000fdf5_c0000d51b,amssclgis08_ams_gmams_cl_cl_mlp_pao_01_proyectos_arcgis_aprx_cl_mlp_pao_aereo_image_server_sqlserver_amssclgis06_arcgis_aereo_sde_owd_amd_cl_mlp_pao_if_ortho_geosupport_ovr_ov_i9a2_l01_r0000fdf5_c0000d51b,ov_i9a2_l01_r0000fdf5_c0000d51b,ov_i9a2_l01_r0000fdf5_c0000d51b
201,Path,\\amssclgis08.ams.gmams.cl\CL_MLP_PAO\01_Proyectos_ArcGIS\APRX\CL MLP PAO Aereo Image Server\SQLServer-amssclgis06_ArcGIS-Aereo.sde\OWD.AMD_CL_MLP_PAO_IF_Ortho_Geosupport_OVR\\Ov_i9A2_L01_R0000FDF5_C0000D51C,//amssclgis08.ams.gmams.cl/cl_mlp_pao/01_proyectos_arcgis/aprx/cl mlp pao aereo image server/sqlserver-amssclgis06_arcgis-aereo.sde/owd.amd_cl_mlp_pao_if_ortho_geosupport_ovr//ov_i9a2_l01_r0000fdf5_c0000d51c,ov_i9a2_l01_r0000fdf5_c0000d51c,ov_i9a2_l01_r0000fdf5_c0000d51c,amssclgis08_ams_gmams_cl_cl_mlp_pao_01_proyectos_arcgis_aprx_cl_mlp_pao_aereo_image_server_sqlserver_amssclgis06_arcgis_aereo_sde_owd_amd_cl_mlp_pao_if_ortho_geosupport_ovr_ov_i9a2_l01_r0000fdf5_c0000d51c,ov_i9a2_l01_r0000fdf5_c0000d51c,ov_i9a2_l01_r0000fdf5_c0000d51c
202,Path,\\amssclgis08.ams.gmams.cl\CL_MLP_PAO\01_Proyectos_ArcGIS\APRX\CL MLP PAO Aereo Image Server\SQLServer-amssclgis06_ArcGIS-Aereo.sde\OWD.AMD_CL_MLP_PAO_IF_Ortho_Geosupport_OVR\\Ov_i9A2_L01_R0000FDF5_C0000D51D,//amssclgis08.ams.gmams.cl/cl_mlp_pao/01_proyectos_arcgis/aprx/cl mlp pao aereo image server/sqlserver-amssclgis06_arcgis-aereo.sde/owd.amd_cl_mlp_pao_if_ortho_geosupport_ovr//ov_i9a2_l01_r0000fdf5_c0000d51d,ov_i9a2_l01_r0000fdf5_c0000d51d,ov_i9a2_l01_r0000fdf5_c0000d51d,amssclgis08_ams_gmams_cl_cl_mlp_pao_01_proyectos_arcgis_aprx_cl_mlp_pao_aereo_image_server_sqlserver_amssclgis06_arcgis_aereo_sde_owd_amd_cl_mlp_pao_if_ortho_geosupport_ovr_ov_i9a2_l01_r0000fdf5_c0000d51d,ov_i9a2_l01_r0000fdf5_c0000d51d,ov_i9a2_l01_r0000fdf5_c0000d51d
203,Path,\\amssclgis08.ams.gmams.cl\CL_MLP_PAO\01_Proyectos_ArcGIS\APRX\CL MLP PAO Aereo Image Server\SQLServer-amssclgis06_ArcGIS-Aereo.sde\OWD.AMD_CL_MLP_PAO_IF_Ortho_Geosupport_OVR\\Ov_i9A2_L01_R0000FDF5_C0000D51E,//amssclgis08.ams.gmams.cl/cl_mlp_pao/01_proyectos_arcgis/aprx/cl mlp pao aereo image server/sqlserver-amssclgis06_arcgis-aereo.sde/owd.amd_cl_mlp_pao_if_ortho_geosupport_ovr//ov_i9a2_l01_r0000fdf5_c0000d51e,ov_i9a2_l01_r0000fdf5_c0000d51e,ov_i9a2_l01_r0000fdf5_c0000d51e,amssclgis08_ams_gmams_cl_cl_mlp_pao_01_proyectos_arcgis_aprx_cl_mlp_pao_aereo_image_server_sqlserver_amssclgis06_arcgis_aereo_sde_owd_amd_cl_mlp_pao_if_ortho_geosupport_ovr_ov_i9a2_l01_r0000fdf5_c0000d51e,ov_i9a2_l01_r0000fdf5_c0000d51e,ov_i9a2_l01_r0000fdf5_c0000d51e
204,Path,\\amssclgis08.ams.gmams.cl\CL_MLP_PAO\01_Proyectos_ArcGIS\APRX\CL MLP PAO Aereo Image Server\SQLServer-amssclgis06_ArcGIS-Aereo.sde\OWD.AMD_CL_MLP_PAO_IF_Ortho_Geosupport_OVR\\Ov_i9A2_L01_R0000FDF5_C0000D51F,//amssclgis08.ams.gmams.cl/cl_mlp_pao/01_proyectos_arcgis/aprx/cl mlp pao aereo image server/sqlserver-amssclgis06_arcgis-aereo.sde/owd.amd_cl_mlp_pao_if_ortho_geosupport_ovr//ov_i9a2_l01_r0000fdf5_c0000d51f,ov_i9a2_l01_r0000fdf5_c0000d51f,ov_i9a2_l01_r0000fdf5_c0000d51f,amssclgis08_ams_gmams_cl_cl_mlp_pao_01_proyectos_arcgis_aprx_cl_mlp_pao_aereo_image_server_sqlserver_amssclgis06_arcgis_aereo_sde_owd_amd_cl_mlp_pao_if_ortho_geosupport_ovr_ov_i9a2_l01_r0000fdf5_c0000d51f,ov_i9a2_l01_r0000fdf5_c0000d51f,ov_i9a2_l01_r0000fdf5_c0000d51f
205,Path,\\amssclgis08.ams.gmams.cl\CL_MLP_PAO\01_Proyectos_ArcGIS\APRX\CL MLP PAO Aereo Image Server\SQLServer-amssclgis06_ArcGIS-Aereo.sde\OWD.AMD_CL_MLP_PAO_IF_Ortho_Geosupport_OVR\\Ov_i9A2_L01_R0000FDF5_C0000D520,//amssclgis08.ams.gmams.cl/cl_mlp_pao/01_proyectos_arcgis/aprx/cl mlp pao aereo image server/sqlserver-amssclgis06_arcgis-aereo.sde/owd.amd_cl_mlp_pao_if_ortho_geosupport_ovr//ov_i9a2_l01_r0000fdf5_c0000d520,ov_i9a2_l01_r0000fdf5_c0000d520,ov_i9a2_l01_r0000fdf5_c0000d520,amssclgis08_ams_gmams_cl_cl_mlp_pao_01_proyectos_arcgis_aprx_cl_mlp_pao_aereo_image_server_sqlserver_amssclgis06_arcgis_aereo_sde_owd_amd_cl_mlp_pao_if_ortho_geosupport_ovr_ov_i9a2_l01_r0000fdf5_c0000d520,ov_i9a2_l01_r0000fdf5_c0000d520,ov_i9a2_l01_r0000fdf5_c0000d520
206,Path,\\amssclgis08.ams.gmams.cl\CL_MLP_PAO\01_Proyectos_ArcGIS\APRX\CL MLP PAO Aereo Image Server\SQLServer-amssclgis06_ArcGIS-Aereo.sde\OWD.AMD_CL_MLP_PAO_IF_Ortho_Geosupport_OVR\\Ov_i9A2_L01_R0000FDF5_C0000D521,//amssclgis08.ams.gmams.cl/cl_mlp_pao/01_proyectos_arcgis/aprx/cl mlp pao aereo image server/sqlserver-amssclgis06_arcgis-aereo.sde/owd.amd_cl_mlp_pao_if_ortho_geosupport_ovr//ov_i9a2_l01_r0000fdf5_c0000d521,ov_i9a2_l01_r0000fdf5_c0000d521,ov_i9a2_l01_r0000fdf5_c0000d521,amssclgis08_ams_gmams_cl_cl_mlp_pao_01_proyectos_arcgis_aprx_cl_mlp_pao_aereo_image_server_sqlserver_amssclgis06_arcgis_aereo_sde_owd_amd_cl_mlp_pao_if_ortho_geosupport_ovr_ov_i9a2_l01_r0000fdf5_c0000d521,ov_i9a2_l01_r0000fdf5_c0000d521,ov_i9a2_l01_r0000fdf5_c0000d521
207,Path,\\amssclgis08.ams.gmams.cl\CL_MLP_PAO\01_Proyectos_ArcGIS\APRX\CL MLP PAO Aereo Image Server\SQLServer-amssclgis06_ArcGIS-Aereo.sde\OWD.AMD_CL_MLP_PAO_IF_Ortho_Geosupport_OVR\\Ov_i9A2_L01_R0000FDF5_C0000D522,//amssclgis08.ams.gmams.cl/cl_mlp_pao/01_proyectos_arcgis/aprx/cl mlp pao aereo image server/sqlserver-amssclgis06_arcgis-aereo.sde/owd.amd_cl_mlp_pao_if_ortho_geosupport_ovr//ov_i9a2_l01_r0000fdf5_c0000d522,ov_i9a2_l01_r0000fdf5_c0000d522,ov_i9a2_l01_r0000fdf5_c0000d522,amssclgis08_ams_gmams_cl_cl_mlp_pao_01_proyectos_arcgis_aprx_cl_mlp_pao_aereo_image_server_sqlserver_amssclgis06_arcgis_aereo_sde_owd_amd_cl_mlp_pao_if_ortho_geosupport_ovr_ov_i9a2_l01_r0000fdf5_c0000d522,ov_i9a2_l01_r0000fdf5_c0000d522,ov_i9a2_l01_r0000fdf5_c0000d522
208,Path,\\amssclgis08.ams.gmams.cl\CL_MLP_PAO\01_Proyectos_ArcGIS\APRX\CL MLP PAO Aereo Image Server\SQLServer-amssclgis06_ArcGIS-Aereo.sde\OWD.AMD_CL_MLP_PAO_IF_Ortho_Geosupport_OVR\\Ov_i9A2_L01_R0000FDF5_C0000D523,//amssclgis08.ams.gmams.cl/cl_mlp_pao/01_proyectos_arcgis/aprx/cl mlp pao aereo image server/sqlserver-amssclgis06_arcgis-aereo.sde/owd.amd_cl_mlp_pao_if_ortho_geosupport_ovr//ov_i9a2_l01_r0000fdf5_c0000d523,ov_i9a2_l01_r0000fdf5_c0000d523,ov_i9a2_l01_r0000fdf5_c0000d523,amssclgis08_ams_gmams_cl_cl_mlp_pao_01_proyectos_arcgis_aprx_cl_mlp_pao_aereo_image_server_sqlserver_amssclgis06_arcgis_aereo_sde_owd_amd_cl_mlp_pao_if_ortho_geosupport_ovr_ov_i9a2_l01_r0000fdf5_c0000d523,ov_i9a2_l01_r0000fdf5_c0000d523,ov_i9a2_l01_r0000fdf5_c0000d523
209,Path,\\amssclgis08.ams.gmams.cl\CL_MLP_PAO\01_Proyectos_ArcGIS\APRX\CL MLP PAO Aereo Image Server\SQLServer-amssclgis06_ArcGIS-Aereo.sde\OWD.AMD_CL_MLP_PAO_IF_Ortho_Geosupport_OVR\\Ov_i9A2_L01_R0000FDF5_C0000D524,//amssclgis08.ams.gmams.cl/cl_mlp_pao/01_proyectos_arcgis/aprx/cl mlp pao aereo image server/sqlserver-amssclgis06_arcgis-aereo.sde/owd.amd_cl_mlp_pao_if_ortho_geosupport_ovr//ov_i9a2_l01_r0000fdf5_c0000d524,ov_i9a2_l01_r0000fdf5_c0000d524,ov_i9a2_l01_r0000fdf5_c0000d524,amssclgis08_ams_gmams_cl_cl_mlp_pao_01_proyectos_arcgis_aprx_cl_mlp_pao_aereo_image_server_sqlserver_amssclgis06_arcgis_aereo_sde_owd_amd_cl_mlp_pao_if_ortho_geosupport_ovr_ov_i9a2_l01_r0000fdf5_c0000d524,ov_i9a2_l01_r0000fdf5_c0000d524,ov_i9a2_l01_r0000fdf5_c0000d524
210,Path,\\amssclgis08.ams.gmams.cl\CL_MLP_PAO\01_Proyectos_ArcGIS\APRX\CL MLP PAO Aereo Image Server\SQLServer-amssclgis06_ArcGIS-Aereo.sde\OWD.AMD_CL_MLP_PAO_IF_Ortho_Geosupport_OVR\\Ov_i9A2_L01_R0000FDF5_C0000D525,//amssclgis08.ams.gmams.cl/cl_mlp_pao/01_proyectos_arcgis/aprx/cl mlp pao aereo image server/sqlserver-amssclgis06_arcgis-aereo.sde/owd.amd_cl_mlp_pao_if_ortho_geosupport_ovr//ov_i9a2_l01_r0000fdf5_c0000d525,ov_i9a2_l01_r0000fdf5_c0000d525,ov_i9a2_l01_r0000fdf5_c0000d525,amssclgis08_ams_gmams_cl_cl_mlp_pao_01_proyectos_arcgis_aprx_cl_mlp_pao_aereo_image_server_sqlserver_amssclgis06_arcgis_aereo_sde_owd_amd_cl_mlp_pao_if_ortho_geosupport_ovr_ov_i9a2_l01_r0000fdf5_c0000d525,ov_i9a2_l01_r0000fdf5_c0000d525,ov_i9a2_l01_r0000fdf5_c0000d525
211,Path,\\amssclgis08.ams.gmams.cl\CL_MLP_PAO\01_Proyectos_ArcGIS\APRX\CL MLP PAO Aereo Image Server\SQLServer-amssclgis06_ArcGIS-Aereo.sde\OWD.AMD_CL_MLP_PAO_IF_Ortho_Geosupport_OVR\\Ov_i9A2_L01_R0000FDF6_C0000D515,//amssclgis08.ams.gmams.cl/cl_mlp_pao/01_proyectos_arcgis/aprx/cl mlp pao aereo image server/sqlserver-amssclgis06_arcgis-aereo.sde/owd.amd_cl_mlp_pao_if_ortho_geosupport_ovr//ov_i9a2_l01_r0000fdf6_c0000d515,ov_i9a2_l01_r0000fdf6_c0000d515,ov_i9a2_l01_r0000fdf6_c0000d515,amssclgis08_ams_gmams_cl_cl_mlp_pao_01_proyectos_arcgis_aprx_cl_mlp_pao_aereo_image_server_sqlserver_amssclgis06_arcgis_aereo_sde_owd_amd_cl_mlp_pao_if_ortho_geosupport_ovr_ov_i9a2_l01_r0000fdf6_c0000d515,ov_i9a2_l01_r0000fdf6_c0000d515,ov_i9a2_l01_r0000fdf6_c0000d515
212,Path,\\amssclgis08.ams.gmams.cl\CL_MLP_PAO\01_Proyectos_ArcGIS\APRX\CL MLP PAO Aereo Image Server\SQLServer-amssclgis06_ArcGIS-Aereo.sde\OWD.AMD_CL_MLP_PAO_IF_Ortho_Geosupport_OVR\\Ov_i9A2_L01_R0000FDF6_C0000D516,//amssclgis08.ams.gmams.cl/cl_mlp_pao/01_proyectos_arcgis/aprx/cl mlp pao aereo image server/sqlserver-amssclgis06_arcgis-aereo.sde/owd.amd_cl_mlp_pao_if_ortho_geosupport_ovr//ov_i9a2_l01_r0000fdf6_c0000d516,ov_i9a2_l01_r0000fdf6_c0000d516,ov_i9a2_l01_r0000fdf6_c0000d516,amssclgis08_ams_gmams_cl_cl_mlp_pao_01_proyectos_arcgis_aprx_cl_mlp_pao_aereo_image_server_sqlserver_amssclgis06_arcgis_aereo_sde_owd_amd_cl_mlp_pao_if_ortho_geosupport_ovr_ov_i9a2_l01_r0000fdf6_c0000d516,ov_i9a2_l01_r0000fdf6_c0000d516,ov_i9a2_l01_r0000fdf6_c0000d516
213,Path,\\amssclgis08.ams.gmams.cl\CL_MLP_PAO\01_Proyectos_ArcGIS\APRX\CL MLP PAO Aereo Image Server\SQLServer-amssclgis06_ArcGIS-Aereo.sde\OWD.AMD_CL_MLP_PAO_IF_Ortho_Geosupport_OVR\\Ov_i9A2_L01_R0000FDF6_C0000D517,//amssclgis08.ams.gmams.cl/cl_mlp_pao/01_proyectos_arcgis/aprx/cl mlp pao aereo image server/sqlserver-amssclgis06_arcgis-aereo.sde/owd.amd_cl_mlp_pao_if_ortho_geosupport_ovr//ov_i9a2_l01_r0000fdf6_c0000d517,ov_i9a2_l01_r0000fdf6_c0000d517,ov_i9a2_l01_r0000fdf6_c0000d517,amssclgis08_ams_gmams_cl_cl_mlp_pao_01_proyectos_arcgis_aprx_cl_mlp_pao_aereo_image_server_sqlserver_amssclgis06_arcgis_aereo_sde_owd_amd_cl_mlp_pao_if_ortho_geosupport_ovr_ov_i9a2_l01_r0000fdf6_c0000d517,ov_i9a2_l01_r0000fdf6_c0000d517,ov_i9a2_l01_r0000fdf6_c0000d517
214,Path,\\amssclgis08.ams.gmams.cl\CL_MLP_PAO\01_Proyectos_ArcGIS\APRX\CL MLP PAO Aereo Image Server\SQLServer-amssclgis06_ArcGIS-Aereo.sde\OWD.AMD_CL_MLP_PAO_IF_Ortho_Geosupport_OVR\\Ov_i9A2_L01_R0000FDF6_C0000D518,//amssclgis08.ams.gmams.cl/cl_mlp_pao/01_proyectos_arcgis/aprx/cl mlp pao aereo image server/sqlserver-amssclgis06_arcgis-aereo.sde/owd.amd_cl_mlp_pao_if_ortho_geosupport_ovr//ov_i9a2_l01_r0000fdf6_c0000d518,ov_i9a2_l01_r0000fdf6_c0000d518,ov_i9a2_l01_r0000fdf6_c0000d518,amssclgis08_ams_gmams_cl_cl_mlp_pao_01_proyectos_arcgis_aprx_cl_mlp_pao_aereo_image_server_sqlserver_amssclgis06_arcgis_aereo_sde_owd_amd_cl_mlp_pao_if_ortho_geosupport_ovr_ov_i9a2_l01_r0000fdf6_c0000d518,ov_i9a2_l01_r0000fdf6_c0000d518,ov_i9a2_l01_r0000fdf6_c0000d518
215,Path,\\amssclgis08.ams.gmams.cl\CL_MLP_PAO\01_Proyectos_ArcGIS\APRX\CL MLP PAO Aereo Image Server\SQLServer-amssclgis06_ArcGIS-Aereo.sde\OWD.AMD_CL_MLP_PAO_IF_Ortho_Geosupport_OVR\\Ov_i9A2_L01_R0000FDF6_C0000D519,//amssclgis08.ams.gmams.cl/cl_mlp_pao/01_proyectos_arcgis/aprx/cl mlp pao aereo image server/sqlserver-amssclgis06_arcgis-aereo.sde/owd.amd_cl_mlp_pao_if_ortho_geosupport_ovr//ov_i9a2_l01_r0000fdf6_c0000d519,ov_i9a2_l01_r0000fdf6_c0000d519,ov_i9a2_l01_r0000fdf6_c0000d519,amssclgis08_ams_gmams_cl_cl_mlp_pao_01_proyectos_arcgis_aprx_cl_mlp_pao_aereo_image_server_sqlserver_amssclgis06_arcgis_aereo_sde_owd_amd_cl_mlp_pao_if_ortho_geosupport_ovr_ov_i9a2_l01_r0000fdf6_c0000d519,ov_i9a2_l01_r0000fdf6_c0000d519,ov_i9a2_l01_r0000fdf6_c0000d519
216,Path,\\amssclgis08.ams.gmams.cl\CL_MLP_PAO\01_Proyectos_ArcGIS\APRX\CL MLP PAO Aereo Image Server\SQLServer-amssclgis06_ArcGIS-Aereo.sde\OWD.AMD_CL_MLP_PAO_IF_Ortho_Geosupport_OVR\\Ov_i9A2_L01_R0000FDF6_C0000D51A,//amssclgis08.ams.gmams.cl/cl_mlp_pao/01_proyectos_arcgis/aprx/cl mlp pao aereo image server/sqlserver-amssclgis06_arcgis-aereo.sde/owd.amd_cl_mlp_pao_if_ortho_geosupport_ovr//ov_i9a2_l01_r0000fdf6_c0000d51a,ov_i9a2_l01_r0000fdf6_c0000d51a,ov_i9a2_l01_r0000fdf6_c0000d51a,amssclgis08_ams_gmams_cl_cl_mlp_pao_01_proyectos_arcgis_aprx_cl_mlp_pao_aereo_image_server_sqlserver_amssclgis06_arcgis_aereo_sde_owd_amd_cl_mlp_pao_if_ortho_geosupport_ovr_ov_i9a2_l01_r0000fdf6_c0000d51a,ov_i9a2_l01_r0000fdf6_c0000d51a,ov_i9a2_l01_r0000fdf6_c0000d51a
217,Path,\\amssclgis08.ams.gmams.cl\CL_MLP_PAO\01_Proyectos_ArcGIS\APRX\CL MLP PAO Aereo Image Server\SQLServer-amssclgis06_ArcGIS-Aereo.sde\OWD.AMD_CL_MLP_PAO_IF_Ortho_Geosupport_OVR\\Ov_i9A2_L01_R0000FDF6_C0000D51B,//amssclgis08.ams.gmams.cl/cl_mlp_pao/01_proyectos_arcgis/aprx/cl mlp pao aereo image server/sqlserver-amssclgis06_arcgis-aereo.sde/owd.amd_cl_mlp_pao_if_ortho_geosupport_ovr//ov_i9a2_l01_r0000fdf6_c0000d51b,ov_i9a2_l01_r0000fdf6_c0000d51b,ov_i9a2_l01_r0000fdf6_c0000d51b,amssclgis08_ams_gmams_cl_cl_mlp_pao_01_proyectos_arcgis_aprx_cl_mlp_pao_aereo_image_server_sqlserver_amssclgis06_arcgis_aereo_sde_owd_amd_cl_mlp_pao_if_ortho_geosupport_ovr_ov_i9a2_l01_r0000fdf6_c0000d51b,ov_i9a2_l01_r0000fdf6_c0000d51b,ov_i9a2_l01_r0000fdf6_c0000d51b
218,Path,\\amssclgis08.ams.gmams.cl\CL_MLP_PAO\01_Proyectos_ArcGIS\APRX\CL MLP PAO Aereo Image Server\SQLServer-amssclgis06_ArcGIS-Aereo.sde\OWD.AMD_CL_MLP_PAO_IF_Ortho_Geosupport_OVR\\Ov_i9A2_L01_R0000FDF6_C0000D51C,//amssclgis08.ams.gmams.cl/cl_mlp_pao/01_proyectos_arcgis/aprx/cl mlp pao aereo image server/sqlserver-amssclgis06_arcgis-aereo.sde/owd.amd_cl_mlp_pao_if_ortho_geosupport_ovr//ov_i9a2_l01_r0000fdf6_c0000d51c,ov_i9a2_l01_r0000fdf6_c0000d51c,ov_i9a2_l01_r0000fdf6_c0000d51c,amssclgis08_ams_gmams_cl_cl_mlp_pao_01_proyectos_arcgis_aprx_cl_mlp_pao_aereo_image_server_sqlserver_amssclgis06_arcgis_aereo_sde_owd_amd_cl_mlp_pao_if_ortho_geosupport_ovr_ov_i9a2_l01_r0000fdf6_c0000d51c,ov_i9a2_l01_r0000fdf6_c0000d51c,ov_i9a2_l01_r0000fdf6_c0000d51c
219,Path,\\amssclgis08.ams.gmams.cl\CL_MLP_PAO\01_Proyectos_ArcGIS\APRX\CL MLP PAO Aereo Image Server\SQLServer-amssclgis06_ArcGIS-Aereo.sde\OWD.AMD_CL_MLP_PAO_IF_Ortho_Geosupport_OVR\\Ov_i9A2_L01_R0000FDF6_C0000D51D,//amssclgis08.ams.gmams.cl/cl_mlp_pao/01_proyectos_arcgis/aprx/cl mlp pao aereo image server/sqlserver-amssclgis06_arcgis-aereo.sde/owd.amd_cl_mlp_pao_if_ortho_geosupport_ovr//ov_i9a2_l01_r0000fdf6_c0000d51d,ov_i9a2_l01_r0000fdf6_c0000d51d,ov_i9a2_l01_r0000fdf6_c0000d51d,amssclgis08_ams_gmams_cl_cl_mlp_pao_01_proyectos_arcgis_aprx_cl_mlp_pao_aereo_image_server_sqlserver_amssclgis06_arcgis_aereo_sde_owd_amd_cl_mlp_pao_if_ortho_geosupport_ovr_ov_i9a2_l01_r0000fdf6_c0000d51d,ov_i9a2_l01_r0000fdf6_c0000d51d,ov_i9a2_l01_r0000fdf6_c0000d51d
220,Path,\\amssclgis08.ams.gmams.cl\CL_MLP_PAO\01_Proyectos_ArcGIS\APRX\CL MLP PAO Aereo Image Server\SQLServer-amssclgis06_ArcGIS-Aereo.sde\OWD.AMD_CL_MLP_PAO_IF_Ortho_Geosupport_OVR\\Ov_i9A2_L01_R0000FDF6_C0000D51E,//amssclgis08.ams.gmams.cl/cl_mlp_pao/01_proyectos_arcgis/aprx/cl mlp pao aereo image server/sqlserver-amssclgis06_arcgis-aereo.sde/owd.amd_cl_mlp_pao_if_ortho_geosupport_ovr//ov_i9a2_l01_r0000fdf6_c0000d51e,ov_i9a2_l01_r0000fdf6_c0000d51e,ov_i9a2_l01_r0000fdf6_c0000d51e,amssclgis08_ams_gmams_cl_cl_mlp_pao_01_proyectos_arcgis_aprx_cl_mlp_pao_aereo_image_server_sqlserver_amssclgis06_arcgis_aereo_sde_owd_amd_cl_mlp_pao_if_ortho_geosupport_ovr_ov_i9a2_l01_r0000fdf6_c0000d51e,ov_i9a2_l01_r0000fdf6_c0000d51e,ov_i9a2_l01_r0000fdf6_c0000d51e
221,Path,\\amssclgis08.ams.gmams.cl\CL_MLP_PAO\01_Proyectos_ArcGIS\APRX\CL MLP PAO Aereo Image Server\SQLServer-amssclgis06_ArcGIS-Aereo.sde\OWD.AMD_CL_MLP_PAO_IF_Ortho_Geosupport_OVR\\Ov_i9A2_L01_R0000FDF6_C0000D51F,//amssclgis08.ams.gmams.cl/cl_mlp_pao/01_proyectos_arcgis/aprx/cl mlp pao aereo image server/sqlserver-amssclgis06_arcgis-aereo.sde/owd.amd_cl_mlp_pao_if_ortho_geosupport_ovr//ov_i9a2_l01_r0000fdf6_c0000d51f,ov_i9a2_l01_r0000fdf6_c0000d51f,ov_i9a2_l01_r0000fdf6_c0000d51f,amssclgis08_ams_gmams_cl_cl_mlp_pao_01_proyectos_arcgis_aprx_cl_mlp_pao_aereo_image_server_sqlserver_amssclgis06_arcgis_aereo_sde_owd_amd_cl_mlp_pao_if_ortho_geosupport_ovr_ov_i9a2_l01_r0000fdf6_c0000d51f,ov_i9a2_l01_r0000fdf6_c0000d51f,ov_i9a2_l01_r0000fdf6_c0000d51f
222,Path,\\amssclgis08.ams.gmams.cl\CL_MLP_PAO\01_Proyectos_ArcGIS\APRX\CL MLP PAO Aereo Image Server\SQLServer-amssclgis06_ArcGIS-Aereo.sde\OWD.AMD_CL_MLP_PAO_IF_Ortho_Geosupport_OVR\\Ov_i9A2_L01_R0000FDF6_C0000D520,//amssclgis08.ams.gmams.cl/cl_mlp_pao/01_proyectos_arcgis/aprx/cl mlp pao aereo image server/sqlserver-amssclgis06_arcgis-aereo.sde/owd.amd_cl_mlp_pao_if_ortho_geosupport_ovr//ov_i9a2_l01_r0000fdf6_c0000d520,ov_i9a2_l01_r0000fdf6_c0000d520,ov_i9a2_l01_r0000fdf6_c0000d520,amssclgis08_ams_gmams_cl_cl_mlp_pao_01_proyectos_arcgis_aprx_cl_mlp_pao_aereo_image_server_sqlserver_amssclgis06_arcgis_aereo_sde_owd_amd_cl_mlp_pao_if_ortho_geosupport_ovr_ov_i9a2_l01_r0000fdf6_c0000d520,ov_i9a2_l01_r0000fdf6_c0000d520,ov_i9a2_l01_r0000fdf6_c0000d520
223,Path,\\amssclgis08.ams.gmams.cl\CL_MLP_PAO\01_Proyectos_ArcGIS\APRX\CL MLP PAO Aereo Image Server\SQLServer-amssclgis06_ArcGIS-Aereo.sde\OWD.AMD_CL_MLP_PAO_IF_Ortho_Geosupport_OVR\\Ov_i9A2_L01_R0000FDF6_C0000D521,//amssclgis08.ams.gmams.cl/cl_mlp_pao/01_proyectos_arcgis/aprx/cl mlp pao aereo image server/sqlserver-amssclgis06_arcgis-aereo.sde/owd.amd_cl_mlp_pao_if_ortho_geosupport_ovr//ov_i9a2_l01_r0000fdf6_c0000d521,ov_i9a2_l01_r0000fdf6_c0000d521,ov_i9a2_l01_r0000fdf6_c0000d521,amssclgis08_ams_gmams_cl_cl_mlp_pao_01_proyectos_arcgis_aprx_cl_mlp_pao_aereo_image_server_sqlserver_amssclgis06_arcgis_aereo_sde_owd_amd_cl_mlp_pao_if_ortho_geosupport_ovr_ov_i9a2_l01_r0000fdf6_c0000d521,ov_i9a2_l01_r0000fdf6_c0000d521,ov_i9a2_l01_r0000fdf6_c0000d521
224,Path,\\amssclgis08.ams.gmams.cl\CL_MLP_PAO\01_Proyectos_ArcGIS\APRX\CL MLP PAO Aereo Image Server\SQLServer-amssclgis06_ArcGIS-Aereo.sde\OWD.AMD_CL_MLP_PAO_IF_Ortho_Geosupport_OVR\\Ov_i9A2_L01_R0000FDF6_C0000D522,//amssclgis08.ams.gmams.cl/cl_mlp_pao/01_proyectos_arcgis/aprx/cl mlp pao aereo image server/sqlserver-amssclgis06_arcgis-aereo.sde/owd.amd_cl_mlp_pao_if_ortho_geosupport_ovr//ov_i9a2_l01_r0000fdf6_c0000d522,ov_i9a2_l01_r0000fdf6_c0000d522,ov_i9a2_l01_r0000fdf6_c0000d522,amssclgis08_ams_gmams_cl_cl_mlp_pao_01_proyectos_arcgis_aprx_cl_mlp_pao_aereo_image_server_sqlserver_amssclgis06_arcgis_aereo_sde_owd_amd_cl_mlp_pao_if_ortho_geosupport_ovr_ov_i9a2_l01_r0000fdf6_c0000d522,ov_i9a2_l01_r0000fdf6_c0000d522,ov_i9a2_l01_r0000fdf6_c0000d522
225,Path,\\amssclgis08.ams.gmams.cl\CL_MLP_PAO\01_Proyectos_ArcGIS\APRX\CL MLP PAO Aereo Image Server\SQLServer-amssclgis06_ArcGIS-Aereo.sde\OWD.AMD_CL_MLP_PAO_IF_Ortho_Geosupport_OVR\\Ov_i9A2_L01_R0000FDF6_C0000D523,//amssclgis08.ams.gmams.cl/cl_mlp_pao/01_proyectos_arcgis/aprx/cl mlp pao aereo image server/sqlserver-amssclgis06_arcgis-aereo.sde/owd.amd_cl_mlp_pao_if_ortho_geosupport_ovr//ov_i9a2_l01_r0000fdf6_c0000d523,ov_i9a2_l01_r0000fdf6_c0000d523,ov_i9a2_l01_r0000fdf6_c0000d523,amssclgis08_ams_gmams_cl_cl_mlp_pao_01_proyectos_arcgis_aprx_cl_mlp_pao_aereo_image_server_sqlserver_amssclgis06_arcgis_aereo_sde_owd_amd_cl_mlp_pao_if_ortho_geosupport_ovr_ov_i9a2_l01_r0000fdf6_c0000d523,ov_i9a2_l01_r0000fdf6_c0000d523,ov_i9a2_l01_r0000fdf6_c0000d523
226,Path,\\amssclgis08.ams.gmams.cl\CL_MLP_PAO\01_Proyectos_ArcGIS\APRX\CL MLP PAO Aereo Image Server\SQLServer-amssclgis06_ArcGIS-Aereo.sde\OWD.AMD_CL_MLP_PAO_IF_Ortho_Geosupport_OVR\\Ov_i9A2_L01_R0000FDF6_C0000D524,//amssclgis08.ams.gmams.cl/cl_mlp_pao/01_proyectos_arcgis/aprx/cl mlp pao aereo image server/sqlserver-amssclgis06_arcgis-aereo.sde/owd.amd_cl_mlp_pao_if_ortho_geosupport_ovr//ov_i9a2_l01_r0000fdf6_c0000d524,ov_i9a2_l01_r0000fdf6_c0000d524,ov_i9a2_l01_r0000fdf6_c0000d524,amssclgis08_ams_gmams_cl_cl_mlp_pao_01_proyectos_arcgis_aprx_cl_mlp_pao_aereo_image_server_sqlserver_amssclgis06_arcgis_aereo_sde_owd_amd_cl_mlp_pao_if_ortho_geosupport_ovr_ov_i9a2_l01_r0000fdf6_c0000d524,ov_i9a2_l01_r0000fdf6_c0000d524,ov_i9a2_l01_r0000fdf6_c0000d524
227,Path,\\amssclgis08.ams.gmams.cl\CL_MLP_PAO\01_Proyectos_ArcGIS\APRX\CL MLP PAO Aereo Image Server\SQLServer-amssclgis06_ArcGIS-Aereo.sde\OWD.AMD_CL_MLP_PAO_IF_Ortho_Geosupport_OVR\\Ov_i9A2_L01_R0000FDF6_C0000D525,//amssclgis08.ams.gmams.cl/cl_mlp_pao/01_proyectos_arcgis/aprx/cl mlp pao aereo image server/sqlserver-amssclgis06_arcgis-aereo.sde/owd.amd_cl_mlp_pao_if_ortho_geosupport_ovr//ov_i9a2_l01_r0000fdf6_c0000d525,ov_i9a2_l01_r0000fdf6_c0000d525,ov_i9a2_l01_r0000fdf6_c0000d525,amssclgis08_ams_gmams_cl_cl_mlp_pao_01_proyectos_arcgis_aprx_cl_mlp_pao_aereo_image_server_sqlserver_amssclgis06_arcgis_aereo_sde_owd_amd_cl_mlp_pao_if_ortho_geosupport_ovr_ov_i9a2_l01_r0000fdf6_c0000d525,ov_i9a2_l01_r0000fdf6_c0000d525,ov_i9a2_l01_r0000fdf6_c0000d525
228,Path,\\amssclgis08.ams.gmams.cl\CL_MLP_PAO\01_Proyectos_ArcGIS\APRX\CL MLP PAO Aereo Image Server\SQLServer-amssclgis06_ArcGIS-Aereo.sde\OWD.AMD_CL_MLP_PAO_IF_Ortho_Geosupport_OVR\\Ov_i9A2_L01_R0000FDF6_C0000D526,//amssclgis08.ams.gmams.cl/cl_mlp_pao/01_proyectos_arcgis/aprx/cl mlp pao aereo image server/sqlserver-amssclgis06_arcgis-aereo.sde/owd.amd_cl_mlp_pao_if_ortho_geosupport_ovr//ov_i9a2_l01_r0000fdf6_c0000d526,ov_i9a2_l01_r0000fdf6_c0000d526,ov_i9a2_l01_r0000fdf6_c0000d526,amssclgis08_ams_gmams_cl_cl_mlp_pao_01_proyectos_arcgis_aprx_cl_mlp_pao_aereo_image_server_sqlserver_amssclgis06_arcgis_aereo_sde_owd_amd_cl_mlp_pao_if_ortho_geosupport_ovr_ov_i9a2_l01_r0000fdf6_c0000d526,ov_i9a2_l01_r0000fdf6_c0000d526,ov_i9a2_l01_r0000fdf6_c0000d526
229,Path,\\amssclgis08.ams.gmams.cl\CL_MLP_PAO\01_Proyectos_ArcGIS\APRX\CL MLP PAO Aereo Image Server\SQLServer-amssclgis06_ArcGIS-Aereo.sde\OWD.AMD_CL_MLP_PAO_IF_Ortho_Geosupport_OVR\\Ov_i9A2_L01_R0000FDF6_C0000D530,//amssclgis08.ams.gmams.cl/cl_mlp_pao/01_proyectos_arcgis/aprx/cl mlp pao aereo image server/sqlserver-amssclgis06_arcgis-aereo.sde/owd.amd_cl_mlp_pao_if_ortho_geosupport_ovr//ov_i9a2_l01_r0000fdf6_c0000d530,ov_i9a2_l01_r0000fdf6_c0000d530,ov_i9a2_l01_r0000fdf6_c0000d530,amssclgis08_ams_gmams_cl_cl_mlp_pao_01_proyectos_arcgis_aprx_cl_mlp_pao_aereo_image_server_sqlserver_amssclgis06_arcgis_aereo_sde_owd_amd_cl_mlp_pao_if_ortho_geosupport_ovr_ov_i9a2_l01_r0000fdf6_c0000d530,ov_i9a2_l01_r0000fdf6_c0000d530,ov_i9a2_l01_r0000fdf6_c0000d530
230,Path,\\amssclgis08.ams.gmams.cl\CL_MLP_PAO\01_Proyectos_ArcGIS\APRX\CL MLP PAO Aereo Image Server\SQLServer-amssclgis06_ArcGIS-Aereo.sde\OWD.AMD_CL_MLP_PAO_IF_Ortho_Geosupport_OVR\\Ov_i9A2_L01_R0000FDF6_C0000D531,//amssclgis08.ams.gmams.cl/cl_mlp_pao/01_proyectos_arcgis/aprx/cl mlp pao aereo image server/sqlserver-amssclgis06_arcgis-aereo.sde/owd.amd_cl_mlp_pao_if_ortho_geosupport_ovr//ov_i9a2_l01_r0000fdf6_c0000d531,ov_i9a2_l01_r0000fdf6_c0000d531,ov_i9a2_l01_r0000fdf6_c0000d531,amssclgis08_ams_gmams_cl_cl_mlp_pao_01_proyectos_arcgis_aprx_cl_mlp_pao_aereo_image_server_sqlserver_amssclgis06_arcgis_aereo_sde_owd_amd_cl_mlp_pao_if_ortho_geosupport_ovr_ov_i9a2_l01_r0000fdf6_c0000d531,ov_i9a2_l01_r0000fdf6_c0000d531,ov_i9a2_l01_r0000fdf6_c0000d531
231,Path,\\amssclgis08.ams.gmams.cl\CL_MLP_PAO\01_Proyectos_ArcGIS\APRX\CL MLP PAO Aereo Image Server\SQLServer-amssclgis06_ArcGIS-Aereo.sde\OWD.AMD_CL_MLP_PAO_IF_Ortho_Geosupport_OVR\\Ov_i9A2_L01_R0000FDF6_C0000D532,//amssclgis08.ams.gmams.cl/cl_mlp_pao/01_proyectos_arcgis/aprx/cl mlp pao aereo image server/sqlserver-amssclgis06_arcgis-aereo.sde/owd.amd_cl_mlp_pao_if_ortho_geosupport_ovr//ov_i9a2_l01_r0000fdf6_c0000d532,ov_i9a2_l01_r0000fdf6_c0000d532,ov_i9a2_l01_r0000fdf6_c0000d532,amssclgis08_ams_gmams_cl_cl_mlp_pao_01_proyectos_arcgis_aprx_cl_mlp_pao_aereo_image_server_sqlserver_amssclgis06_arcgis_aereo_sde_owd_amd_cl_mlp_pao_if_ortho_geosupport_ovr_ov_i9a2_l01_r0000fdf6_c0000d532,ov_i9a2_l01_r0000fdf6_c0000d532,ov_i9a2_l01_r0000fdf6_c0000d532
232,Path,\\amssclgis08.ams.gmams.cl\CL_MLP_PAO\01_Proyectos_ArcGIS\APRX\CL MLP PAO Aereo Image Server\SQLServer-amssclgis06_ArcGIS-Aereo.sde\OWD.AMD_CL_MLP_PAO_IF_Ortho_Geosupport_OVR\\Ov_i9A2_L01_R0000FDF6_C0000D533,//amssclgis08.ams.gmams.cl/cl_mlp_pao/01_proyectos_arcgis/aprx/cl mlp pao aereo image server/sqlserver-amssclgis06_arcgis-aereo.sde/owd.amd_cl_mlp_pao_if_ortho_geosupport_ovr//ov_i9a2_l01_r0000fdf6_c0000d533,ov_i9a2_l01_r0000fdf6_c0000d533,ov_i9a2_l01_r0000fdf6_c0000d533,amssclgis08_ams_gmams_cl_cl_mlp_pao_01_proyectos_arcgis_aprx_cl_mlp_pao_aereo_image_server_sqlserver_amssclgis06_arcgis_aereo_sde_owd_amd_cl_mlp_pao_if_ortho_geosupport_ovr_ov_i9a2_l01_r0000fdf6_c0000d533,ov_i9a2_l01_r0000fdf6_c0000d533,ov_i9a2_l01_r0000fdf6_c0000d533
233,Path,\\amssclgis08.ams.gmams.cl\CL_MLP_PAO\01_Proyectos_ArcGIS\APRX\CL MLP PAO Aereo Image Server\SQLServer-amssclgis06_ArcGIS-Aereo.sde\OWD.AMD_CL_MLP_PAO_IF_Ortho_Geosupport_OVR\\Ov_i9A2_L01_R0000FDF6_C0000D534,//amssclgis08.ams.gmams.cl/cl_mlp_pao/01_proyectos_arcgis/aprx/cl mlp pao aereo image server/sqlserver-amssclgis06_arcgis-aereo.sde/owd.amd_cl_mlp_pao_if_ortho_geosupport_ovr//ov_i9a2_l01_r0000fdf6_c0000d534,ov_i9a2_l01_r0000fdf6_c0000d534,ov_i9a2_l01_r0000fdf6_c0000d534,amssclgis08_ams_gmams_cl_cl_mlp_pao_01_proyectos_arcgis_aprx_cl_mlp_pao_aereo_image_server_sqlserver_amssclgis06_arcgis_aereo_sde_owd_amd_cl_mlp_pao_if_ortho_geosupport_ovr_ov_i9a2_l01_r0000fdf6_c0000d534,ov_i9a2_l01_r0000fdf6_c0000d534,ov_i9a2_l01_r0000fdf6_c0000d534
234,Path,\\amssclgis08.ams.gmams.cl\CL_MLP_PAO\01_Proyectos_ArcGIS\APRX\CL MLP PAO Aereo Image Server\SQLServer-amssclgis06_ArcGIS-Aereo.sde\OWD.AMD_CL_MLP_PAO_IF_Ortho_Geosupport_OVR\\Ov_i9A2_L01_R0000FDF7_C0000D512,//amssclgis08.ams.gmams.cl/cl_mlp_pao/01_proyectos_arcgis/aprx/cl mlp pao aereo image server/sqlserver-amssclgis06_arcgis-aereo.sde/owd.amd_cl_mlp_pao_if_ortho_geosupport_ovr//ov_i9a2_l01_r0000fdf7_c0000d512,ov_i9a2_l01_r0000fdf7_c0000d512,ov_i9a2_l01_r0000fdf7_c0000d512,amssclgis08_ams_gmams_cl_cl_mlp_pao_01_proyectos_arcgis_aprx_cl_mlp_pao_aereo_image_server_sqlserver_amssclgis06_arcgis_aereo_sde_owd_amd_cl_mlp_pao_if_ortho_geosupport_ovr_ov_i9a2_l01_r0000fdf7_c0000d512,ov_i9a2_l01_r0000fdf7_c0000d512,ov_i9a2_l01_r0000fdf7_c0000d512
235,Path,\\amssclgis08.ams.gmams.cl\CL_MLP_PAO\01_Proyectos_ArcGIS\APRX\CL MLP PAO Aereo Image Server\SQLServer-amssclgis06_ArcGIS-Aereo.sde\OWD.AMD_CL_MLP_PAO_IF_Ortho_Geosupport_OVR\\Ov_i9A2_L01_R0000FDF7_C0000D513,//amssclgis08.ams.gmams.cl/cl_mlp_pao/01_proyectos_arcgis/aprx/cl mlp pao aereo image server/sqlserver-amssclgis06_arcgis-aereo.sde/owd.amd_cl_mlp_pao_if_ortho_geosupport_ovr//ov_i9a2_l01_r0000fdf7_c0000d513,ov_i9a2_l01_r0000fdf7_c0000d513,ov_i9a2_l01_r0000fdf7_c0000d513,amssclgis08_ams_gmams_cl_cl_mlp_pao_01_proyectos_arcgis_aprx_cl_mlp_pao_aereo_image_server_sqlserver_amssclgis06_arcgis_aereo_sde_owd_amd_cl_mlp_pao_if_ortho_geosupport_ovr_ov_i9a2_l01_r0000fdf7_c0000d513,ov_i9a2_l01_r0000fdf7_c0000d513,ov_i9a2_l01_r0000fdf7_c0000d513
236,Path,\\amssclgis08.ams.gmams.cl\CL_MLP_PAO\01_Proyectos_ArcGIS\APRX\CL MLP PAO Aereo Image Server\SQLServer-amssclgis06_ArcGIS-Aereo.sde\OWD.AMD_CL_MLP_PAO_IF_Ortho_Geosupport_OVR\\Ov_i9A2_L01_R0000FDF7_C0000D514,//amssclgis08.ams.gmams.cl/cl_mlp_pao/01_proyectos_arcgis/aprx/cl mlp pao aereo image server/sqlserver-amssclgis06_arcgis-aereo.sde/owd.amd_cl_mlp_pao_if_ortho_geosupport_ovr//ov_i9a2_l01_r0000fdf7_c0000d514,ov_i9a2_l01_r0000fdf7_c0000d514,ov_i9a2_l01_r0000fdf7_c0000d514,amssclgis08_ams_gmams_cl_cl_mlp_pao_01_proyectos_arcgis_aprx_cl_mlp_pao_aereo_image_server_sqlserver_amssclgis06_arcgis_aereo_sde_owd_amd_cl_mlp_pao_if_ortho_geosupport_ovr_ov_i9a2_l01_r0000fdf7_c0000d514,ov_i9a2_l01_r0000fdf7_c0000d514,ov_i9a2_l01_r0000fdf7_c0000d514
237,Path,\\amssclgis08.ams.gmams.cl\CL_MLP_PAO\01_Proyectos_ArcGIS\APRX\CL MLP PAO Aereo Image Server\SQLServer-amssclgis06_ArcGIS-Aereo.sde\OWD.AMD_CL_MLP_PAO_IF_Ortho_Geosupport_OVR\\Ov_i9A2_L01_R0000FDF7_C0000D515,//amssclgis08.ams.gmams.cl/cl_mlp_pao/01_proyectos_arcgis/aprx/cl mlp pao aereo image server/sqlserver-amssclgis06_arcgis-aereo.sde/owd.amd_cl_mlp_pao_if_ortho_geosupport_ovr//ov_i9a2_l01_r0000fdf7_c0000d515,ov_i9a2_l01_r0000fdf7_c0000d515,ov_i9a2_l01_r0000fdf7_c0000d515,amssclgis08_ams_gmams_cl_cl_mlp_pao_01_proyectos_arcgis_aprx_cl_mlp_pao_aereo_image_server_sqlserver_amssclgis06_arcgis_aereo_sde_owd_amd_cl_mlp_pao_if_ortho_geosupport_ovr_ov_i9a2_l01_r0000fdf7_c0000d515,ov_i9a2_l01_r0000fdf7_c0000d515,ov_i9a2_l01_r0000fdf7_c0000d515
238,Path,\\amssclgis08.ams.gmams.cl\CL_MLP_PAO\01_Proyectos_ArcGIS\APRX\CL MLP PAO Aereo Image Server\SQLServer-amssclgis06_ArcGIS-Aereo.sde\OWD.AMD_CL_MLP_PAO_IF_Ortho_Geosupport_OVR\\Ov_i9A2_L01_R0000FDF7_C0000D516,//amssclgis08.ams.gmams.cl/cl_mlp_pao/01_proyectos_arcgis/aprx/cl mlp pao aereo image server/sqlserver-amssclgis06_arcgis-aereo.sde/owd.amd_cl_mlp_pao_if_ortho_geosupport_ovr//ov_i9a2_l01_r0000fdf7_c0000d516,ov_i9a2_l01_r0000fdf7_c0000d516,ov_i9a2_l01_r0000fdf7_c0000d516,amssclgis08_ams_gmams_cl_cl_mlp_pao_01_proyectos_arcgis_aprx_cl_mlp_pao_aereo_image_server_sqlserver_amssclgis06_arcgis_aereo_sde_owd_amd_cl_mlp_pao_if_ortho_geosupport_ovr_ov_i9a2_l01_r0000fdf7_c0000d516,ov_i9a2_l01_r0000fdf7_c0000d516,ov_i9a2_l01_r0000fdf7_c0000d516
239,Path,\\amssclgis08.ams.gmams.cl\CL_MLP_PAO\01_Proyectos_ArcGIS\APRX\CL MLP PAO Aereo Image Server\SQLServer-amssclgis06_ArcGIS-Aereo.sde\OWD.AMD_CL_MLP_PAO_IF_Ortho_Geosupport_OVR\\Ov_i9A2_L01_R0000FDF7_C0000D517,//amssclgis08.ams.gmams.cl/cl_mlp_pao/01_proyectos_arcgis/aprx/cl mlp pao aereo image server/sqlserver-amssclgis06_arcgis-aereo.sde/owd.amd_cl_mlp_pao_if_ortho_geosupport_ovr//ov_i9a2_l01_r0000fdf7_c0000d517,ov_i9a2_l01_r0000fdf7_c0000d517,ov_i9a2_l01_r0000fdf7_c0000d517,amssclgis08_ams_gmams_cl_cl_mlp_pao_01_proyectos_arcgis_aprx_cl_mlp_pao_aereo_image_server_sqlserver_amssclgis06_arcgis_aereo_sde_owd_amd_cl_mlp_pao_if_ortho_geosupport_ovr_ov_i9a2_l01_r0000fdf7_c0000d517,ov_i9a2_l01_r0000fdf7_c0000d517,ov_i9a2_l01_r0000fdf7_c0000d517
240,Path,\\amssclgis08.ams.gmams.cl\CL_MLP_PAO\01_Proyectos_ArcGIS\APRX\CL MLP PAO Aereo Image Server\SQLServer-amssclgis06_ArcGIS-Aereo.sde\OWD.AMD_CL_MLP_PAO_IF_Ortho_Geosupport_OVR\\Ov_i9A2_L01_R0000FDF7_C0000D518,//amssclgis08.ams.gmams.cl/cl_mlp_pao/01_proyectos_arcgis/aprx/cl mlp pao aereo image server/sqlserver-amssclgis06_arcgis-aereo.sde/owd.amd_cl_mlp_pao_if_ortho_geosupport_ovr//ov_i9a2_l01_r0000fdf7_c0000d518,ov_i9a2_l01_r0000fdf7_c0000d518,ov_i9a2_l01_r0000fdf7_c0000d518,amssclgis08_ams_gmams_cl_cl_mlp_pao_01_proyectos_arcgis_aprx_cl_mlp_pao_aereo_image_server_sqlserver_amssclgis06_arcgis_aereo_sde_owd_amd_cl_mlp_pao_if_ortho_geosupport_ovr_ov_i9a2_l01_r0000fdf7_c0000d518,ov_i9a2_l01_r0000fdf7_c0000d518,ov_i9a2_l01_r0000fdf7_c0000d518
241,Path,\\amssclgis08.ams.gmams.cl\CL_MLP_PAO\01_Proyectos_ArcGIS\APRX\CL MLP PAO Aereo Image Server\SQLServer-amssclgis06_ArcGIS-Aereo.sde\OWD.AMD_CL_MLP_PAO_IF_Ortho_Geosupport_OVR\\Ov_i9A2_L01_R0000FDF7_C0000D519,//amssclgis08.ams.gmams.cl/cl_mlp_pao/01_proyectos_arcgis/aprx/cl mlp pao aereo image server/sqlserver-amssclgis06_arcgis-aereo.sde/owd.amd_cl_mlp_pao_if_ortho_geosupport_ovr//ov_i9a2_l01_r0000fdf7_c0000d519,ov_i9a2_l01_r0000fdf7_c0000d519,ov_i9a2_l01_r0000fdf7_c0000d519,amssclgis08_ams_gmams_cl_cl_mlp_pao_01_proyectos_arcgis_aprx_cl_mlp_pao_aereo_image_server_sqlserver_amssclgis06_arcgis_aereo_sde_owd_amd_cl_mlp_pao_if_ortho_geosupport_ovr_ov_i9a2_l01_r0000fdf7_c0000d519,ov_i9a2_l01_r0000fdf7_c0000d519,ov_i9a2_l01_r0000fdf7_c0000d519
242,Path,\\amssclgis08.ams.gmams.cl\CL_MLP_PAO\01_Proyectos_ArcGIS\APRX\CL MLP PAO Aereo Image Server\SQLServer-amssclgis06_ArcGIS-Aereo.sde\OWD.AMD_CL_MLP_PAO_IF_Ortho_Geosupport_OVR\\Ov_i9A2_L01_R0000FDF7_C0000D51A,//amssclgis08.ams.gmams.cl/cl_mlp_pao/01_proyectos_arcgis/aprx/cl mlp pao aereo image server/sqlserver-amssclgis06_arcgis-aereo.sde/owd.amd_cl_mlp_pao_if_ortho_geosupport_ovr//ov_i9a2_l01_r0000fdf7_c0000d51a,ov_i9a2_l01_r0000fdf7_c0000d51a,ov_i9a2_l01_r0000fdf7_c0000d51a,amssclgis08_ams_gmams_cl_cl_mlp_pao_01_proyectos_arcgis_aprx_cl_mlp_pao_aereo_image_server_sqlserver_amssclgis06_arcgis_aereo_sde_owd_amd_cl_mlp_pao_if_ortho_geosupport_ovr_ov_i9a2_l01_r0000fdf7_c0000d51a,ov_i9a2_l01_r0000fdf7_c0000d51a,ov_i9a2_l01_r0000fdf7_c0000d51a
243,Path,\\amssclgis08.ams.gmams.cl\CL_MLP_PAO\01_Proyectos_ArcGIS\APRX\CL MLP PAO Aereo Image Server\SQLServer-amssclgis06_ArcGIS-Aereo.sde\OWD.AMD_CL_MLP_PAO_IF_Ortho_Geosupport_OVR\\Ov_i9A2_L01_R0000FDF7_C0000D51B,//amssclgis08.ams.gmams.cl/cl_mlp_pao/01_proyectos_arcgis/aprx/cl mlp pao aereo image server/sqlserver-amssclgis06_arcgis-aereo.sde/owd.amd_cl_mlp_pao_if_ortho_geosupport_ovr//ov_i9a2_l01_r0000fdf7_c0000d51b,ov_i9a2_l01_r0000fdf7_c0000d51b,ov_i9a2_l01_r0000fdf7_c0000d51b,amssclgis08_ams_gmams_cl_cl_mlp_pao_01_proyectos_arcgis_aprx_cl_mlp_pao_aereo_image_server_sqlserver_amssclgis06_arcgis_aereo_sde_owd_amd_cl_mlp_pao_if_ortho_geosupport_ovr_ov_i9a2_l01_r0000fdf7_c0000d51b,ov_i9a2_l01_r0000fdf7_c0000d51b,ov_i9a2_l01_r0000fdf7_c0000d51b
244,Path,\\amssclgis08.ams.gmams.cl\CL_MLP_PAO\01_Proyectos_ArcGIS\APRX\CL MLP PAO Aereo Image Server\SQLServer-amssclgis06_ArcGIS-Aereo.sde\OWD.AMD_CL_MLP_PAO_IF_Ortho_Geosupport_OVR\\Ov_i9A2_L01_R0000FDF7_C0000D51C,//amssclgis08.ams.gmams.cl/cl_mlp_pao/01_proyectos_arcgis/aprx/cl mlp pao aereo image server/sqlserver-amssclgis06_arcgis-aereo.sde/owd.amd_cl_mlp_pao_if_ortho_geosupport_ovr//ov_i9a2_l01_r0000fdf7_c0000d51c,ov_i9a2_l01_r0000fdf7_c0000d51c,ov_i9a2_l01_r0000fdf7_c0000d51c,amssclgis08_ams_gmams_cl_cl_mlp_pao_01_proyectos_arcgis_aprx_cl_mlp_pao_aereo_image_server_sqlserver_amssclgis06_arcgis_aereo_sde_owd_amd_cl_mlp_pao_if_ortho_geosupport_ovr_ov_i9a2_l01_r0000fdf7_c0000d51c,ov_i9a2_l01_r0000fdf7_c0000d51c,ov_i9a2_l01_r0000fdf7_c0000d51c
245,Path,\\amssclgis08.ams.gmams.cl\CL_MLP_PAO\01_Proyectos_ArcGIS\APRX\CL MLP PAO Aereo Image Server\SQLServer-amssclgis06_ArcGIS-Aereo.sde\OWD.AMD_CL_MLP_PAO_IF_Ortho_Geosupport_OVR\\Ov_i9A2_L01_R0000FDF7_C0000D51D,//amssclgis08.ams.gmams.cl/cl_mlp_pao/01_proyectos_arcgis/aprx/cl mlp pao aereo image server/sqlserver-amssclgis06_arcgis-aereo.sde/owd.amd_cl_mlp_pao_if_ortho_geosupport_ovr//ov_i9a2_l01_r0000fdf7_c0000d51d,ov_i9a2_l01_r0000fdf7_c0000d51d,ov_i9a2_l01_r0000fdf7_c0000d51d,amssclgis08_ams_gmams_cl_cl_mlp_pao_01_proyectos_arcgis_aprx_cl_mlp_pao_aereo_image_server_sqlserver_amssclgis06_arcgis_aereo_sde_owd_amd_cl_mlp_pao_if_ortho_geosupport_ovr_ov_i9a2_l01_r0000fdf7_c0000d51d,ov_i9a2_l01_r0000fdf7_c0000d51d,ov_i9a2_l01_r0000fdf7_c0000d51d
246,Path,\\amssclgis08.ams.gmams.cl\CL_MLP_PAO\01_Proyectos_ArcGIS\APRX\CL MLP PAO Aereo Image Server\SQLServer-amssclgis06_ArcGIS-Aereo.sde\OWD.AMD_CL_MLP_PAO_IF_Ortho_Geosupport_OVR\\Ov_i9A2_L01_R0000FDF7_C0000D525,//amssclgis08.ams.gmams.cl/cl_mlp_pao/01_proyectos_arcgis/aprx/cl mlp pao aereo image server/sqlserver-amssclgis06_arcgis-aereo.sde/owd.amd_cl_mlp_pao_if_ortho_geosupport_ovr//ov_i9a2_l01_r0000fdf7_c0000d525,ov_i9a2_l01_r0000fdf7_c0000d525,ov_i9a2_l01_r0000fdf7_c0000d525,amssclgis08_ams_gmams_cl_cl_mlp_pao_01_proyectos_arcgis_aprx_cl_mlp_pao_aereo_image_server_sqlserver_amssclgis06_arcgis_aereo_sde_owd_amd_cl_mlp_pao_if_ortho_geosupport_ovr_ov_i9a2_l01_r0000fdf7_c0000d525,ov_i9a2_l01_r0000fdf7_c0000d525,ov_i9a2_l01_r0000fdf7_c0000d525
247,Path,\\amssclgis08.ams.gmams.cl\CL_MLP_PAO\01_Proyectos_ArcGIS\APRX\CL MLP PAO Aereo Image Server\SQLServer-amssclgis06_ArcGIS-Aereo.sde\OWD.AMD_CL_MLP_PAO_IF_Ortho_Geosupport_OVR\\Ov_i9A2_L01_R0000FDF7_C0000D526,//amssclgis08.ams.gmams.cl/cl_mlp_pao/01_proyectos_arcgis/aprx/cl mlp pao aereo image server/sqlserver-amssclgis06_arcgis-aereo.sde/owd.amd_cl_mlp_pao_if_ortho_geosupport_ovr//ov_i9a2_l01_r0000fdf7_c0000d526,ov_i9a2_l01_r0000fdf7_c0000d526,ov_i9a2_l01_r0000fdf7_c0000d526,amssclgis08_ams_gmams_cl_cl_mlp_pao_01_proyectos_arcgis_aprx_cl_mlp_pao_aereo_image_server_sqlserver_amssclgis06_arcgis_aereo_sde_owd_amd_cl_mlp_pao_if_ortho_geosupport_ovr_ov_i9a2_l01_r0000fdf7_c0000d526,ov_i9a2_l01_r0000fdf7_c0000d526,ov_i9a2_l01_r0000fdf7_c0000d526
248,Path,\\amssclgis08.ams.gmams.cl\CL_MLP_PAO\01_Proyectos_ArcGIS\APRX\CL MLP PAO Aereo Image Server\SQLServer-amssclgis06_ArcGIS-Aereo.sde\OWD.AMD_CL_MLP_PAO_IF_Ortho_Geosupport_OVR\\Ov_i9A2_L01_R0000FDF7_C0000D527,//amssclgis08.ams.gmams.cl/cl_mlp_pao/01_proyectos_arcgis/aprx/cl mlp pao aereo image server/sqlserver-amssclgis06_arcgis-aereo.sde/owd.amd_cl_mlp_pao_if_ortho_geosupport_ovr//ov_i9a2_l01_r0000fdf7_c0000d527,ov_i9a2_l01_r0000fdf7_c0000d527,ov_i9a2_l01_r0000fdf7_c0000d527,amssclgis08_ams_gmams_cl_cl_mlp_pao_01_proyectos_arcgis_aprx_cl_mlp_pao_aereo_image_server_sqlserver_amssclgis06_arcgis_aereo_sde_owd_amd_cl_mlp_pao_if_ortho_geosupport_ovr_ov_i9a2_l01_r0000fdf7_c0000d527,ov_i9a2_l01_r0000fdf7_c0000d527,ov_i9a2_l01_r0000fdf7_c0000d527
249,Path,\\amssclgis08.ams.gmams.cl\CL_MLP_PAO\01_Proyectos_ArcGIS\APRX\CL MLP PAO Aereo Image Server\SQLServer-amssclgis06_ArcGIS-Aereo.sde\OWD.AMD_CL_MLP_PAO_IF_Ortho_Geosupport_OVR\\Ov_i9A2_L01_R0000FDF7_C0000D528,//amssclgis08.ams.gmams.cl/cl_mlp_pao/01_proyectos_arcgis/aprx/cl mlp pao aereo image server/sqlserver-amssclgis06_arcgis-aereo.sde/owd.amd_cl_mlp_pao_if_ortho_geosupport_ovr//ov_i9a2_l01_r0000fdf7_c0000d528,ov_i9a2_l01_r0000fdf7_c0000d528,ov_i9a2_l01_r0000fdf7_c0000d528,amssclgis08_ams_gmams_cl_cl_mlp_pao_01_proyectos_arcgis_aprx_cl_mlp_pao_aereo_image_server_sqlserver_amssclgis06_arcgis_aereo_sde_owd_amd_cl_mlp_pao_if_ortho_geosupport_ovr_ov_i9a2_l01_r0000fdf7_c0000d528,ov_i9a2_l01_r0000fdf7_c0000d528,ov_i9a2_l01_r0000fdf7_c0000d528
250,Path,\\amssclgis08.ams.gmams.cl\CL_MLP_PAO\01_Proyectos_ArcGIS\APRX\CL MLP PAO Aereo Image Server\SQLServer-amssclgis06_ArcGIS-Aereo.sde\OWD.AMD_CL_MLP_PAO_IF_Ortho_Geosupport_OVR\\Ov_i9A2_L01_R0000FDF7_C0000D529,//amssclgis08.ams.gmams.cl/cl_mlp_pao/01_proyectos_arcgis/aprx/cl mlp pao aereo image server/sqlserver-amssclgis06_arcgis-aereo.sde/owd.amd_cl_mlp_pao_if_ortho_geosupport_ovr//ov_i9a2_l01_r0000fdf7_c0000d529,ov_i9a2_l01_r0000fdf7_c0000d529,ov_i9a2_l01_r0000fdf7_c0000d529,amssclgis08_ams_gmams_cl_cl_mlp_pao_01_proyectos_arcgis_aprx_cl_mlp_pao_aereo_image_server_sqlserver_amssclgis06_arcgis_aereo_sde_owd_amd_cl_mlp_pao_if_ortho_geosupport_ovr_ov_i9a2_l01_r0000fdf7_c0000d529,ov_i9a2_l01_r0000fdf7_c0000d529,ov_i9a2_l01_r0000fdf7_c0000d529
251,Path,\\amssclgis08.ams.gmams.cl\CL_MLP_PAO\01_Proyectos_ArcGIS\APRX\CL MLP PAO Aereo Image Server\SQLServer-amssclgis06_ArcGIS-Aereo.sde\OWD.AMD_CL_MLP_PAO_IF_Ortho_Geosupport_OVR\\Ov_i9A2_L01_R0000FDF7_C0000D52A,//amssclgis08.ams.gmams.cl/cl_mlp_pao/01_proyectos_arcgis/aprx/cl mlp pao aereo image server/sqlserver-amssclgis06_arcgis-aereo.sde/owd.amd_cl_mlp_pao_if_ortho_geosupport_ovr//ov_i9a2_l01_r0000fdf7_c0000d52a,ov_i9a2_l01_r0000fdf7_c0000d52a,ov_i9a2_l01_r0000fdf7_c0000d52a,amssclgis08_ams_gmams_cl_cl_mlp_pao_01_proyectos_arcgis_aprx_cl_mlp_pao_aereo_image_server_sqlserver_amssclgis06_arcgis_aereo_sde_owd_amd_cl_mlp_pao_if_ortho_geosupport_ovr_ov_i9a2_l01_r0000fdf7_c0000d52a,ov_i9a2_l01_r0000fdf7_c0000d52a,ov_i9a2_l01_r0000fdf7_c0000d52a
252,Path,\\amssclgis08.ams.gmams.cl\CL_MLP_PAO\01_Proyectos_ArcGIS\APRX\CL MLP PAO Aereo Image Server\SQLServer-amssclgis06_ArcGIS-Aereo.sde\OWD.AMD_CL_MLP_PAO_IF_Ortho_Geosupport_OVR\\Ov_i9A2_L01_R0000FDF7_C0000D52B,//amssclgis08.ams.gmams.cl/cl_mlp_pao/01_proyectos_arcgis/aprx/cl mlp pao aereo image server/sqlserver-amssclgis06_arcgis-aereo.sde/owd.amd_cl_mlp_pao_if_ortho_geosupport_ovr//ov_i9a2_l01_r0000fdf7_c0000d52b,ov_i9a2_l01_r0000fdf7_c0000d52b,ov_i9a2_l01_r0000fdf7_c0000d52b,amssclgis08_ams_gmams_cl_cl_mlp_pao_01_proyectos_arcgis_aprx_cl_mlp_pao_aereo_image_server_sqlserver_amssclgis06_arcgis_aereo_sde_owd_amd_cl_mlp_pao_if_ortho_geosupport_ovr_ov_i9a2_l01_r0000fdf7_c0000d52b,ov_i9a2_l01_r0000fdf7_c0000d52b,ov_i9a2_l01_r0000fdf7_c0000d52b
253,Path,\\amssclgis08.ams.gmams.cl\CL_MLP_PAO\01_Proyectos_ArcGIS\APRX\CL MLP PAO Aereo Image Server\SQLServer-amssclgis06_ArcGIS-Aereo.sde\OWD.AMD_CL_MLP_PAO_IF_Ortho_Geosupport_OVR\\Ov_i9A2_L01_R0000FDF7_C0000D52C,//amssclgis08.ams.gmams.cl/cl_mlp_pao/01_proyectos_arcgis/aprx/cl mlp pao aereo image server/sqlserver-amssclgis06_arcgis-aereo.sde/owd.amd_cl_mlp_pao_if_ortho_geosupport_ovr//ov_i9a2_l01_r0000fdf7_c0000d52c,ov_i9a2_l01_r0000fdf7_c0000d52c,ov_i9a2_l01_r0000fdf7_c0000d52c,amssclgis08_ams_gmams_cl_cl_mlp_pao_01_proyectos_arcgis_aprx_cl_mlp_pao_aereo_image_server_sqlserver_amssclgis06_arcgis_aereo_sde_owd_amd_cl_mlp_pao_if_ortho_geosupport_ovr_ov_i9a2_l01_r0000fdf7_c0000d52c,ov_i9a2_l01_r0000fdf7_c0000d52c,ov_i9a2_l01_r0000fdf7_c0000d52c
254,Path,\\amssclgis08.ams.gmams.cl\CL_MLP_PAO\01_Proyectos_ArcGIS\APRX\CL MLP PAO Aereo Image Server\SQLServer-amssclgis06_ArcGIS-Aereo.sde\OWD.AMD_CL_MLP_PAO_IF_Ortho_Geosupport_OVR\\Ov_i9A2_L01_R0000FDF7_C0000D52D,//amssclgis08.ams.gmams.cl/cl_mlp_pao/01_proyectos_arcgis/aprx/cl mlp pao aereo image server/sqlserver-amssclgis06_arcgis-aereo.sde/owd.amd_cl_mlp_pao_if_ortho_geosupport_ovr//ov_i9a2_l01_r0000fdf7_c0000d52d,ov_i9a2_l01_r0000fdf7_c0000d52d,ov_i9a2_l01_r0000fdf7_c0000d52d,amssclgis08_ams_gmams_cl_cl_mlp_pao_01_proyectos_arcgis_aprx_cl_mlp_pao_aereo_image_server_sqlserver_amssclgis06_arcgis_aereo_sde_owd_amd_cl_mlp_pao_if_ortho_geosupport_ovr_ov_i9a2_l01_r0000fdf7_c0000d52d,ov_i9a2_l01_r0000fdf7_c0000d52d,ov_i9a2_l01_r0000fdf7_c0000d52d
255,Path,\\amssclgis08.ams.gmams.cl\CL_MLP_PAO\01_Proyectos_ArcGIS\APRX\CL MLP PAO Aereo Image Server\SQLServer-amssclgis06_ArcGIS-Aereo.sde\OWD.AMD_CL_MLP_PAO_IF_Ortho_Geosupport_OVR\\Ov_i9A2_L01_R0000FDF7_C0000D52E,//amssclgis08.ams.gmams.cl/cl_mlp_pao/01_proyectos_arcgis/aprx/cl mlp pao aereo image server/sqlserver-amssclgis06_arcgis-aereo.sde/owd.amd_cl_mlp_pao_if_ortho_geosupport_ovr//ov_i9a2_l01_r0000fdf7_c0000d52e,ov_i9a2_l01_r0000fdf7_c0000d52e,ov_i9a2_l01_r0000fdf7_c0000d52e,amssclgis08_ams_gmams_cl_cl_mlp_pao_01_proyectos_arcgis_aprx_cl_mlp_pao_aereo_image_server_sqlserver_amssclgis06_arcgis_aereo_sde_owd_amd_cl_mlp_pao_if_ortho_geosupport_ovr_ov_i9a2_l01_r0000fdf7_c0000d52e,ov_i9a2_l01_r0000fdf7_c0000d52e,ov_i9a2_l01_r0000fdf7_c0000d52e
256,Path,\\amssclgis08.ams.gmams.cl\CL_MLP_PAO\01_Proyectos_ArcGIS\APRX\CL MLP PAO Aereo Image Server\SQLServer-amssclgis06_ArcGIS-Aereo.sde\OWD.AMD_CL_MLP_PAO_IF_Ortho_Geosupport_OVR\\Ov_i9A2_L01_R0000FDF7_C0000D52F,//amssclgis08.ams.gmams.cl/cl_mlp_pao/01_proyectos_arcgis/aprx/cl mlp pao aereo image server/sqlserver-amssclgis06_arcgis-aereo.sde/owd.amd_cl_mlp_pao_if_ortho_geosupport_ovr//ov_i9a2_l01_r0000fdf7_c0000d52f,ov_i9a2_l01_r0000fdf7_c0000d52f,ov_i9a2_l01_r0000fdf7_c0000d52f,amssclgis08_ams_gmams_cl_cl_mlp_pao_01_proyectos_arcgis_aprx_cl_mlp_pao_aereo_image_server_sqlserver_amssclgis06_arcgis_aereo_sde_owd_amd_cl_mlp_pao_if_ortho_geosupport_ovr_ov_i9a2_l01_r0000fdf7_c0000d52f,ov_i9a2_l01_r0000fdf7_c0000d52f,ov_i9a2_l01_r0000fdf7_c0000d52f
257,Path,\\amssclgis08.ams.gmams.cl\CL_MLP_PAO\01_Proyectos_ArcGIS\APRX\CL MLP PAO Aereo Image Server\SQLServer-amssclgis06_ArcGIS-Aereo.sde\OWD.AMD_CL_MLP_PAO_IF_Ortho_Geosupport_OVR\\Ov_i9A2_L01_R0000FDF7_C0000D530,//amssclgis08.ams.gmams.cl/cl_mlp_pao/01_proyectos_arcgis/aprx/cl mlp pao aereo image server/sqlserver-amssclgis06_arcgis-aereo.sde/owd.amd_cl_mlp_pao_if_ortho_geosupport_ovr//ov_i9a2_l01_r0000fdf7_c0000d530,ov_i9a2_l01_r0000fdf7_c0000d530,ov_i9a2_l01_r0000fdf7_c0000d530,amssclgis08_ams_gmams_cl_cl_mlp_pao_01_proyectos_arcgis_aprx_cl_mlp_pao_aereo_image_server_sqlserver_amssclgis06_arcgis_aereo_sde_owd_amd_cl_mlp_pao_if_ortho_geosupport_ovr_ov_i9a2_l01_r0000fdf7_c0000d530,ov_i9a2_l01_r0000fdf7_c0000d530,ov_i9a2_l01_r0000fdf7_c0000d530
258,Path,\\amssclgis08.ams.gmams.cl\CL_MLP_PAO\01_Proyectos_ArcGIS\APRX\CL MLP PAO Aereo Image Server\SQLServer-amssclgis06_ArcGIS-Aereo.sde\OWD.AMD_CL_MLP_PAO_IF_Ortho_Geosupport_OVR\\Ov_i9A2_L01_R0000FDF8_C0000D514,//amssclgis08.ams.gmams.cl/cl_mlp_pao/01_proyectos_arcgis/aprx/cl mlp pao aereo image server/sqlserver-amssclgis06_arcgis-aereo.sde/owd.amd_cl_mlp_pao_if_ortho_geosupport_ovr//ov_i9a2_l01_r0000fdf8_c0000d514,ov_i9a2_l01_r0000fdf8_c0000d514,ov_i9a2_l01_r0000fdf8_c0000d514,amssclgis08_ams_gmams_cl_cl_mlp_pao_01_proyectos_arcgis_aprx_cl_mlp_pao_aereo_image_server_sqlserver_amssclgis06_arcgis_aereo_sde_owd_amd_cl_mlp_pao_if_ortho_geosupport_ovr_ov_i9a2_l01_r0000fdf8_c0000d514,ov_i9a2_l01_r0000fdf8_c0000d514,ov_i9a2_l01_r0000fdf8_c0000d514
259,Path,\\amssclgis08.ams.gmams.cl\CL_MLP_PAO\01_Proyectos_ArcGIS\APRX\CL MLP PAO Aereo Image Server\SQLServer-amssclgis06_ArcGIS-Aereo.sde\OWD.AMD_CL_MLP_PAO_IF_Ortho_Geosupport_OVR\\Ov_i9A2_L01_R0000FDF8_C0000D515,//amssclgis08.ams.gmams.cl/cl_mlp_pao/01_proyectos_arcgis/aprx/cl mlp pao aereo image server/sqlserver-amssclgis06_arcgis-aereo.sde/owd.amd_cl_mlp_pao_if_ortho_geosupport_ovr//ov_i9a2_l01_r0000fdf8_c0000d515,ov_i9a2_l01_r0000fdf8_c0000d515,ov_i9a2_l01_r0000fdf8_c0000d515,amssclgis08_ams_gmams_cl_cl_mlp_pao_01_proyectos_arcgis_aprx_cl_mlp_pao_aereo_image_server_sqlserver_amssclgis06_arcgis_aereo_sde_owd_amd_cl_mlp_pao_if_ortho_geosupport_ovr_ov_i9a2_l01_r0000fdf8_c0000d515,ov_i9a2_l01_r0000fdf8_c0000d515,ov_i9a2_l01_r0000fdf8_c0000d515
260,Path,\\amssclgis08.ams.gmams.cl\CL_MLP_PAO\01_Proyectos_ArcGIS\APRX\CL MLP PAO Aereo Image Server\SQLServer-amssclgis06_ArcGIS-Aereo.sde\OWD.AMD_CL_MLP_PAO_IF_Ortho_Geosupport_OVR\\Ov_i9A2_L01_R0000FDF8_C0000D516,//amssclgis08.ams.gmams.cl/cl_mlp_pao/01_proyectos_arcgis/aprx/cl mlp pao aereo image server/sqlserver-amssclgis06_arcgis-aereo.sde/owd.amd_cl_mlp_pao_if_ortho_geosupport_ovr//ov_i9a2_l01_r0000fdf8_c0000d516,ov_i9a2_l01_r0000fdf8_c0000d516,ov_i9a2_l01_r0000fdf8_c0000d516,amssclgis08_ams_gmams_cl_cl_mlp_pao_01_proyectos_arcgis_aprx_cl_mlp_pao_aereo_image_server_sqlserver_amssclgis06_arcgis_aereo_sde_owd_amd_cl_mlp_pao_if_ortho_geosupport_ovr_ov_i9a2_l01_r0000fdf8_c0000d516,ov_i9a2_l01_r0000fdf8_c0000d516,ov_i9a2_l01_r0000fdf8_c0000d516
261,Path,\\amssclgis08.ams.gmams.cl\CL_MLP_PAO\01_Proyectos_ArcGIS\APRX\CL MLP PAO Aereo Image Server\SQLServer-amssclgis06_ArcGIS-Aereo.sde\OWD.AMD_CL_MLP_PAO_IF_Ortho_Geosupport_OVR\\Ov_i9A2_L01_R0000FDF8_C0000D517,//amssclgis08.ams.gmams.cl/cl_mlp_pao/01_proyectos_arcgis/aprx/cl mlp pao aereo image server/sqlserver-amssclgis06_arcgis-aereo.sde/owd.amd_cl_mlp_pao_if_ortho_geosupport_ovr//ov_i9a2_l01_r0000fdf8_c0000d517,ov_i9a2_l01_r0000fdf8_c0000d517,ov_i9a2_l01_r0000fdf8_c0000d517,amssclgis08_ams_gmams_cl_cl_mlp_pao_01_proyectos_arcgis_aprx_cl_mlp_pao_aereo_image_server_sqlserver_amssclgis06_arcgis_aereo_sde_owd_amd_cl_mlp_pao_if_ortho_geosupport_ovr_ov_i9a2_l01_r0000fdf8_c0000d517,ov_i9a2_l01_r0000fdf8_c0000d517,ov_i9a2_l01_r0000fdf8_c0000d517
262,Path,\\amssclgis08.ams.gmams.cl\CL_MLP_PAO\01_Proyectos_ArcGIS\APRX\CL MLP PAO Aereo Image Server\SQLServer-amssclgis06_ArcGIS-Aereo.sde\OWD.AMD_CL_MLP_PAO_IF_Ortho_Geosupport_OVR\\Ov_i9A2_L01_R0000FDF6_C0000D539,//amssclgis08.ams.gmams.cl/cl_mlp_pao/01_proyectos_arcgis/aprx/cl mlp pao aereo image server/sqlserver-amssclgis06_arcgis-aereo.sde/owd.amd_cl_mlp_pao_if_ortho_geosupport_ovr//ov_i9a2_l01_r0000fdf6_c0000d539,ov_i9a2_l01_r0000fdf6_c0000d539,ov_i9a2_l01_r0000fdf6_c0000d539,amssclgis08_ams_gmams_cl_cl_mlp_pao_01_proyectos_arcgis_aprx_cl_mlp_pao_aereo_image_server_sqlserver_amssclgis06_arcgis_aereo_sde_owd_amd_cl_mlp_pao_if_ortho_geosupport_ovr_ov_i9a2_l01_r0000fdf6_c0000d539,ov_i9a2_l01_r0000fdf6_c0000d539,ov_i9a2_l01_r0000fdf6_c0000d539
263,Path,\\amssclgis08.ams.gmams.cl\CL_MLP_PAO\01_Proyectos_ArcGIS\APRX\CL MLP PAO Aereo Image Server\SQLServer-amssclgis06_ArcGIS-Aereo.sde\OWD.AMD_CL_MLP_PAO_IF_Ortho_Geosupport_OVR\\Ov_i9A2_L01_R0000FDF7_C0000D539,//amssclgis08.ams.gmams.cl/cl_mlp_pao/01_proyectos_arcgis/aprx/cl mlp pao aereo image server/sqlserver-amssclgis06_arcgis-aereo.sde/owd.amd_cl_mlp_pao_if_ortho_geosupport_ovr//ov_i9a2_l01_r0000fdf7_c0000d539,ov_i9a2_l01_r0000fdf7_c0000d539,ov_i9a2_l01_r0000fdf7_c0000d539,amssclgis08_ams_gmams_cl_cl_mlp_pao_01_proyectos_arcgis_aprx_cl_mlp_pao_aereo_image_server_sqlserver_amssclgis06_arcgis_aereo_sde_owd_amd_cl_mlp_pao_if_ortho_geosupport_ovr_ov_i9a2_l01_r0000fdf7_c0000d539,ov_i9a2_l01_r0000fdf7_c0000d539,ov_i9a2_l01_r0000fdf7_c0000d539
264,Path,\\amssclgis08.ams.gmams.cl\CL_MLP_PAO\01_Proyectos_ArcGIS\APRX\CL MLP PAO Aereo Image Server\SQLServer-amssclgis06_ArcGIS-Aereo.sde\OWD.AMD_CL_MLP_PAO_IF_Ortho_Geosupport_OVR\\Ov_i9A2_L01_R0000FDF7_C0000D53A,//amssclgis08.ams.gmams.cl/cl_mlp_pao/01_proyectos_arcgis/aprx/cl mlp pao aereo image server/sqlserver-amssclgis06_arcgis-aereo.sde/owd.amd_cl_mlp_pao_if_ortho_geosupport_ovr//ov_i9a2_l01_r0000fdf7_c0000d53a,ov_i9a2_l01_r0000fdf7_c0000d53a,ov_i9a2_l01_r0000fdf7_c0000d53a,amssclgis08_ams_gmams_cl_cl_mlp_pao_01_proyectos_arcgis_aprx_cl_mlp_pao_aereo_image_server_sqlserver_amssclgis06_arcgis_aereo_sde_owd_amd_cl_mlp_pao_if_ortho_geosupport_ovr_ov_i9a2_l01_r0000fdf7_c0000d53a,ov_i9a2_l01_r0000fdf7_c0000d53a,ov_i9a2_l01_r0000fdf7_c0000d53a
265,Path,\\amssclgis08.ams.gmams.cl\CL_MLP_PAO\01_Proyectos_ArcGIS\APRX\CL MLP PAO Aereo Image Server\SQLServer-amssclgis06_ArcGIS-Aereo.sde\OWD.AMD_CL_MLP_PAO_IF_Ortho_Geosupport_OVR\\Ov_i9A2_L01_R0000FDF4_C0000D50E,//amssclgis08.ams.gmams.cl/cl_mlp_pao/01_proyectos_arcgis/aprx/cl mlp pao aereo image server/sqlserver-amssclgis06_arcgis-aereo.sde/owd.amd_cl_mlp_pao_if_ortho_geosupport_ovr//ov_i9a2_l01_r0000fdf4_c0000d50e,ov_i9a2_l01_r0000fdf4_c0000d50e,ov_i9a2_l01_r0000fdf4_c0000d50e,amssclgis08_ams_gmams_cl_cl_mlp_pao_01_proyectos_arcgis_aprx_cl_mlp_pao_aereo_image_server_sqlserver_amssclgis06_arcgis_aereo_sde_owd_amd_cl_mlp_pao_if_ortho_geosupport_ovr_ov_i9a2_l01_r0000fdf4_c0000d50e,ov_i9a2_l01_r0000fdf4_c0000d50e,ov_i9a2_l01_r0000fdf4_c0000d50e
266,Path,\\amssclgis08.ams.gmams.cl\CL_MLP_PAO\01_Proyectos_ArcGIS\APRX\CL MLP PAO Aereo Image Server\SQLServer-amssclgis06_ArcGIS-Aereo.sde\OWD.AMD_CL_MLP_PAO_IF_Ortho_Geosupport_OVR\\Ov_i9A2_L01_R0000FDF4_C0000D50F,//amssclgis08.ams.gmams.cl/cl_mlp_pao/01_proyectos_arcgis/aprx/cl mlp pao aereo image server/sqlserver-amssclgis06_arcgis-aereo.sde/owd.amd_cl_mlp_pao_if_ortho_geosupport_ovr//ov_i9a2_l01_r0000fdf4_c0000d50f,ov_i9a2_l01_r0000fdf4_c0000d50f,ov_i9a2_l01_r0000fdf4_c0000d50f,amssclgis08_ams_gmams_cl_cl_mlp_pao_01_proyectos_arcgis_aprx_cl_mlp_pao_aereo_image_server_sqlserver_amssclgis06_arcgis_aereo_sde_owd_amd_cl_mlp_pao_if_ortho_geosupport_ovr_ov_i9a2_l01_r0000fdf4_c0000d50f,ov_i9a2_l01_r0000fdf4_c0000d50f,ov_i9a2_l01_r0000fdf4_c0000d50f
267,Path,\\amssclgis08.ams.gmams.cl\CL_MLP_PAO\01_Proyectos_ArcGIS\APRX\CL MLP PAO Aereo Image Server\SQLServer-amssclgis06_ArcGIS-Aereo.sde\OWD.AMD_CL_MLP_PAO_IF_Ortho_Geosupport_OVR\\Ov_i9A2_L01_R0000FDF4_C0000D510,//amssclgis08.ams.gmams.cl/cl_mlp_pao/01_proyectos_arcgis/aprx/cl mlp pao aereo image server/sqlserver-amssclgis06_arcgis-aereo.sde/owd.amd_cl_mlp_pao_if_ortho_geosupport_ovr//ov_i9a2_l01_r0000fdf4_c0000d510,ov_i9a2_l01_r0000fdf4_c0000d510,ov_i9a2_l01_r0000fdf4_c0000d510,amssclgis08_ams_gmams_cl_cl_mlp_pao_01_proyectos_arcgis_aprx_cl_mlp_pao_aereo_image_server_sqlserver_amssclgis06_arcgis_aereo_sde_owd_amd_cl_mlp_pao_if_ortho_geosupport_ovr_ov_i9a2_l01_r0000fdf4_c0000d510,ov_i9a2_l01_r0000fdf4_c0000d510,ov_i9a2_l01_r0000fdf4_c0000d510
268,Path,\\amssclgis08.ams.gmams.cl\CL_MLP_PAO\01_Proyectos_ArcGIS\APRX\CL MLP PAO Aereo Image Server\SQLServer-amssclgis06_ArcGIS-Aereo.sde\OWD.AMD_CL_MLP_PAO_IF_Ortho_Geosupport_OVR\\Ov_i9A2_L01_R0000FDF5_C0000D50D,//amssclgis08.ams.gmams.cl/cl_mlp_pao/01_proyectos_arcgis/aprx/cl mlp pao aereo image server/sqlserver-amssclgis06_arcgis-aereo.sde/owd.amd_cl_mlp_pao_if_ortho_geosupport_ovr//ov_i9a2_l01_r0000fdf5_c0000d50d,ov_i9a2_l01_r0000fdf5_c0000d50d,ov_i9a2_l01_r0000fdf5_c0000d50d,amssclgis08_ams_gmams_cl_cl_mlp_pao_01_proyectos_arcgis_aprx_cl_mlp_pao_aereo_image_server_sqlserver_amssclgis06_arcgis_aereo_sde_owd_amd_cl_mlp_pao_if_ortho_geosupport_ovr_ov_i9a2_l01_r0000fdf5_c0000d50d,ov_i9a2_l01_r0000fdf5_c0000d50d,ov_i9a2_l01_r0000fdf5_c0000d50d
269,Path,\\amssclgis08.ams.gmams.cl\CL_MLP_PAO\01_Proyectos_ArcGIS\APRX\CL MLP PAO Aereo Image Server\SQLServer-amssclgis06_ArcGIS-Aereo.sde\OWD.AMD_CL_MLP_PAO_IF_Ortho_Geosupport_OVR\\Ov_i9A2_L01_R0000FDF5_C0000D50E,//amssclgis08.ams.gmams.cl/cl_mlp_pao/01_proyectos_arcgis/aprx/cl mlp pao aereo image server/sqlserver-amssclgis06_arcgis-aereo.sde/owd.amd_cl_mlp_pao_if_ortho_geosupport_ovr//ov_i9a2_l01_r0000fdf5_c0000d50e,ov_i9a2_l01_r0000fdf5_c0000d50e,ov_i9a2_l01_r0000fdf5_c0000d50e,amssclgis08_ams_gmams_cl_cl_mlp_pao_01_proyectos_arcgis_aprx_cl_mlp_pao_aereo_image_server_sqlserver_amssclgis06_arcgis_aereo_sde_owd_amd_cl_mlp_pao_if_ortho_geosupport_ovr_ov_i9a2_l01_r0000fdf5_c0000d50e,ov_i9a2_l01_r0000fdf5_c0000d50e,ov_i9a2_l01_r0000fdf5_c0000d50e
270,Path,\\amssclgis08.ams.gmams.cl\CL_MLP_PAO\01_Proyectos_ArcGIS\APRX\CL MLP PAO Aereo Image Server\SQLServer-amssclgis06_ArcGIS-Aereo.sde\OWD.AMD_CL_MLP_PAO_IF_Ortho_Geosupport_OVR\\Ov_i9A2_L01_R0000FDF5_C0000D50F,//amssclgis08.ams.gmams.cl/cl_mlp_pao/01_proyectos_arcgis/aprx/cl mlp pao aereo image server/sqlserver-amssclgis06_arcgis-aereo.sde/owd.amd_cl_mlp_pao_if_ortho_geosupport_ovr//ov_i9a2_l01_r0000fdf5_c0000d50f,ov_i9a2_l01_r0000fdf5_c0000d50f,ov_i9a2_l01_r0000fdf5_c0000d50f,amssclgis08_ams_gmams_cl_cl_mlp_pao_01_proyectos_arcgis_aprx_cl_mlp_pao_aereo_image_server_sqlserver_amssclgis06_arcgis_aereo_sde_owd_amd_cl_mlp_pao_if_ortho_geosupport_ovr_ov_i9a2_l01_r0000fdf5_c0000d50f,ov_i9a2_l01_r0000fdf5_c0000d50f,ov_i9a2_l01_r0000fdf5_c0000d50f
271,Path,\\amssclgis08.ams.gmams.cl\CL_MLP_PAO\01_Proyectos_ArcGIS\APRX\CL MLP PAO Aereo Image Server\SQLServer-amssclgis06_ArcGIS-Aereo.sde\OWD.AMD_CL_MLP_PAO_IF_Ortho_Geosupport_OVR\\Ov_i9A2_L01_R0000FDF5_C0000D510,//amssclgis08.ams.gmams.cl/cl_mlp_pao/01_proyectos_arcgis/aprx/cl mlp pao aereo image server/sqlserver-amssclgis06_arcgis-aereo.sde/owd.amd_cl_mlp_pao_if_ortho_geosupport_ovr//ov_i9a2_l01_r0000fdf5_c0000d510,ov_i9a2_l01_r0000fdf5_c0000d510,ov_i9a2_l01_r0000fdf5_c0000d510,amssclgis08_ams_gmams_cl_cl_mlp_pao_01_proyectos_arcgis_aprx_cl_mlp_pao_aereo_image_server_sqlserver_amssclgis06_arcgis_aereo_sde_owd_amd_cl_mlp_pao_if_ortho_geosupport_ovr_ov_i9a2_l01_r0000fdf5_c0000d510,ov_i9a2_l01_r0000fdf5_c0000d510,ov_i9a2_l01_r0000fdf5_c0000d510
272,Path,\\amssclgis08.ams.gmams.cl\CL_MLP_PAO\01_Proyectos_ArcGIS\APRX\CL MLP PAO Aereo Image Server\SQLServer-amssclgis06_ArcGIS-Aereo.sde\OWD.AMD_CL_MLP_PAO_IF_Ortho_Geosupport_OVR\\Ov_i9A2_L01_R0000FDF6_C0000D50C,//amssclgis08.ams.gmams.cl/cl_mlp_pao/01_proyectos_arcgis/aprx/cl mlp pao aereo image server/sqlserver-amssclgis06_arcgis-aereo.sde/owd.amd_cl_mlp_pao_if_ortho_geosupport_ovr//ov_i9a2_l01_r0000fdf6_c0000d50c,ov_i9a2_l01_r0000fdf6_c0000d50c,ov_i9a2_l01_r0000fdf6_c0000d50c,amssclgis08_ams_gmams_cl_cl_mlp_pao_01_proyectos_arcgis_aprx_cl_mlp_pao_aereo_image_server_sqlserver_amssclgis06_arcgis_aereo_sde_owd_amd_cl_mlp_pao_if_ortho_geosupport_ovr_ov_i9a2_l01_r0000fdf6_c0000d50c,ov_i9a2_l01_r0000fdf6_c0000d50c,ov_i9a2_l01_r0000fdf6_c0000d50c
273,Path,\\amssclgis08.ams.gmams.cl\CL_MLP_PAO\01_Proyectos_ArcGIS\APRX\CL MLP PAO Aereo Image Server\SQLServer-amssclgis06_ArcGIS-Aereo.sde\OWD.AMD_CL_MLP_PAO_IF_Ortho_Geosupport_OVR\\Ov_i9A2_L01_R0000FDF6_C0000D50D,//amssclgis08.ams.gmams.cl/cl_mlp_pao/01_proyectos_arcgis/aprx/cl mlp pao aereo image server/sqlserver-amssclgis06_arcgis-aereo.sde/owd.amd_cl_mlp_pao_if_ortho_geosupport_ovr//ov_i9a2_l01_r0000fdf6_c0000d50d,ov_i9a2_l01_r0000fdf6_c0000d50d,ov_i9a2_l01_r0000fdf6_c0000d50d,amssclgis08_ams_gmams_cl_cl_mlp_pao_01_proyectos_arcgis_aprx_cl_mlp_pao_aereo_image_server_sqlserver_amssclgis06_arcgis_aereo_sde_owd_amd_cl_mlp_pao_if_ortho_geosupport_ovr_ov_i9a2_l01_r0000fdf6_c0000d50d,ov_i9a2_l01_r0000fdf6_c0000d50d,ov_i9a2_l01_r0000fdf6_c0000d50d
274,Path,\\amssclgis08.ams.gmams.cl\CL_MLP_PAO\01_Proyectos_ArcGIS\APRX\CL MLP PAO Aereo Image Server\SQLServer-amssclgis06_ArcGIS-Aereo.sde\OWD.AMD_CL_MLP_PAO_IF_Ortho_Geosupport_OVR\\Ov_i9A2_L01_R0000FDF6_C0000D50E,//amssclgis08.ams.gmams.cl/cl_mlp_pao/01_proyectos_arcgis/aprx/cl mlp pao aereo image server/sqlserver-amssclgis06_arcgis-aereo.sde/owd.amd_cl_mlp_pao_if_ortho_geosupport_ovr//ov_i9a2_l01_r0000fdf6_c0000d50e,ov_i9a2_l01_r0000fdf6_c0000d50e,ov_i9a2_l01_r0000fdf6_c0000d50e,amssclgis08_ams_gmams_cl_cl_mlp_pao_01_proyectos_arcgis_aprx_cl_mlp_pao_aereo_image_server_sqlserver_amssclgis06_arcgis_aereo_sde_owd_amd_cl_mlp_pao_if_ortho_geosupport_ovr_ov_i9a2_l01_r0000fdf6_c0000d50e,ov_i9a2_l01_r0000fdf6_c0000d50e,ov_i9a2_l01_r0000fdf6_c0000d50e
275,Path,\\amssclgis08.ams.gmams.cl\CL_MLP_PAO\01_Proyectos_ArcGIS\APRX\CL MLP PAO Aereo Image Server\SQLServer-amssclgis06_ArcGIS-Aereo.sde\OWD.AMD_CL_MLP_PAO_IF_Ortho_Geosupport_OVR\\Ov_i9A2_L01_R0000FDF6_C0000D50F,//amssclgis08.ams.gmams.cl/cl_mlp_pao/01_proyectos_arcgis/aprx/cl mlp pao aereo image server/sqlserver-amssclgis06_arcgis-aereo.sde/owd.amd_cl_mlp_pao_if_ortho_geosupport_ovr//ov_i9a2_l01_r0000fdf6_c0000d50f,ov_i9a2_l01_r0000fdf6_c0000d50f,ov_i9a2_l01_r0000fdf6_c0000d50f,amssclgis08_ams_gmams_cl_cl_mlp_pao_01_proyectos_arcgis_aprx_cl_mlp_pao_aereo_image_server_sqlserver_amssclgis06_arcgis_aereo_sde_owd_amd_cl_mlp_pao_if_ortho_geosupport_ovr_ov_i9a2_l01_r0000fdf6_c0000d50f,ov_i9a2_l01_r0000fdf6_c0000d50f,ov_i9a2_l01_r0000fdf6_c0000d50f
276,Path,\\amssclgis08.ams.gmams.cl\CL_MLP_PAO\01_Proyectos_ArcGIS\APRX\CL MLP PAO Aereo Image Server\SQLServer-amssclgis06_ArcGIS-Aereo.sde\OWD.AMD_CL_MLP_PAO_IF_Ortho_Geosupport_OVR\\Ov_i9A2_L01_R0000FDF6_C0000D510,//amssclgis08.ams.gmams.cl/cl_mlp_pao/01_proyectos_arcgis/aprx/cl mlp pao aereo image server/sqlserver-amssclgis06_arcgis-aereo.sde/owd.amd_cl_mlp_pao_if_ortho_geosupport_ovr//ov_i9a2_l01_r0000fdf6_c0000d510,ov_i9a2_l01_r0000fdf6_c0000d510,ov_i9a2_l01_r0000fdf6_c0000d510,amssclgis08_ams_gmams_cl_cl_mlp_pao_01_proyectos_arcgis_aprx_cl_mlp_pao_aereo_image_server_sqlserver_amssclgis06_arcgis_aereo_sde_owd_amd_cl_mlp_pao_if_ortho_geosupport_ovr_ov_i9a2_l01_r0000fdf6_c0000d510,ov_i9a2_l01_r0000fdf6_c0000d510,ov_i9a2_l01_r0000fdf6_c0000d510
277,Path,\\amssclgis08.ams.gmams.cl\CL_MLP_PAO\01_Proyectos_ArcGIS\APRX\CL MLP PAO Aereo Image Server\SQLServer-amssclgis06_ArcGIS-Aereo.sde\OWD.AMD_CL_MLP_PAO_IF_Ortho_Geosupport_OVR\\Ov_i9A2_L01_R0000FDF6_C0000D511,//amssclgis08.ams.gmams.cl/cl_mlp_pao/01_proyectos_arcgis/aprx/cl mlp pao aereo image server/sqlserver-amssclgis06_arcgis-aereo.sde/owd.amd_cl_mlp_pao_if_ortho_geosupport_ovr//ov_i9a2_l01_r0000fdf6_c0000d511,ov_i9a2_l01_r0000fdf6_c0000d511,ov_i9a2_l01_r0000fdf6_c0000d511,amssclgis08_ams_gmams_cl_cl_mlp_pao_01_proyectos_arcgis_aprx_cl_mlp_pao_aereo_image_server_sqlserver_amssclgis06_arcgis_aereo_sde_owd_amd_cl_mlp_pao_if_ortho_geosupport_ovr_ov_i9a2_l01_r0000fdf6_c0000d511,ov_i9a2_l01_r0000fdf6_c0000d511,ov_i9a2_l01_r0000fdf6_c0000d511
278,Path,\\amssclgis08.ams.gmams.cl\CL_MLP_PAO\01_Proyectos_ArcGIS\APRX\CL MLP PAO Aereo Image Server\SQLServer-amssclgis06_ArcGIS-Aereo.sde\OWD.AMD_CL_MLP_PAO_IF_Ortho_Geosupport_OVR\\Ov_i9A2_L01_R0000FDF7_C0000D511,//amssclgis08.ams.gmams.cl/cl_mlp_pao/01_proyectos_arcgis/aprx/cl mlp pao aereo image server/sqlserver-amssclgis06_arcgis-aereo.sde/owd.amd_cl_mlp_pao_if_ortho_geosupport_ovr//ov_i9a2_l01_r0000fdf7_c0000d511,ov_i9a2_l01_r0000fdf7_c0000d511,ov_i9a2_l01_r0000fdf7_c0000d511,amssclgis08_ams_gmams_cl_cl_mlp_pao_01_proyectos_arcgis_aprx_cl_mlp_pao_aereo_image_server_sqlserver_amssclgis06_arcgis_aereo_sde_owd_amd_cl_mlp_pao_if_ortho_geosupport_ovr_ov_i9a2_l01_r0000fdf7_c0000d511,ov_i9a2_l01_r0000fdf7_c0000d511,ov_i9a2_l01_r0000fdf7_c0000d511
279,Path,\\amssclgis08.ams.gmams.cl\CL_MLP_PAO\01_Proyectos_ArcGIS\APRX\CL MLP PAO Aereo Image Server\SQLServer-amssclgis06_ArcGIS-Aereo.sde\OWD.AMD_CL_MLP_PAO_IF_Ortho_Geosupport_OVR\\Ov_i9A2_L01_R0000FDF7_C0000D508,//amssclgis08.ams.gmams.cl/cl_mlp_pao/01_proyectos_arcgis/aprx/cl mlp pao aereo image server/sqlserver-amssclgis06_arcgis-aereo.sde/owd.amd_cl_mlp_pao_if_ortho_geosupport_ovr//ov_i9a2_l01_r0000fdf7_c0000d508,ov_i9a2_l01_r0000fdf7_c0000d508,ov_i9a2_l01_r0000fdf7_c0000d508,amssclgis08_ams_gmams_cl_cl_mlp_pao_01_proyectos_arcgis_aprx_cl_mlp_pao_aereo_image_server_sqlserver_amssclgis06_arcgis_aereo_sde_owd_amd_cl_mlp_pao_if_ortho_geosupport_ovr_ov_i9a2_l01_r0000fdf7_c0000d508,ov_i9a2_l01_r0000fdf7_c0000d508,ov_i9a2_l01_r0000fdf7_c0000d508
280,Path,\\amssclgis08.ams.gmams.cl\CL_MLP_PAO\01_Proyectos_ArcGIS\APRX\CL MLP PAO Aereo Image Server\SQLServer-amssclgis06_ArcGIS-Aereo.sde\OWD.AMD_CL_MLP_PAO_IF_Ortho_Geosupport_OVR\\Ov_i9A2_L01_R0000FDF5_C0000D507,//amssclgis08.ams.gmams.cl/cl_mlp_pao/01_proyectos_arcgis/aprx/cl mlp pao aereo image server/sqlserver-amssclgis06_arcgis-aereo.sde/owd.amd_cl_mlp_pao_if_ortho_geosupport_ovr//ov_i9a2_l01_r0000fdf5_c0000d507,ov_i9a2_l01_r0000fdf5_c0000d507,ov_i9a2_l01_r0000fdf5_c0000d507,amssclgis08_ams_gmams_cl_cl_mlp_pao_01_proyectos_arcgis_aprx_cl_mlp_pao_aereo_image_server_sqlserver_amssclgis06_arcgis_aereo_sde_owd_amd_cl_mlp_pao_if_ortho_geosupport_ovr_ov_i9a2_l01_r0000fdf5_c0000d507,ov_i9a2_l01_r0000fdf5_c0000d507,ov_i9a2_l01_r0000fdf5_c0000d507
281,Path,\\amssclgis08.ams.gmams.cl\CL_MLP_PAO\01_Proyectos_ArcGIS\APRX\CL MLP PAO Aereo Image Server\SQLServer-amssclgis06_ArcGIS-Aereo.sde\OWD.AMD_CL_MLP_PAO_IF_Ortho_Geosupport_OVR\\Ov_i9A2_L01_R0000FDF5_C0000D509,//amssclgis08.ams.gmams.cl/cl_mlp_pao/01_proyectos_arcgis/aprx/cl mlp pao aereo image server/sqlserver-amssclgis06_arcgis-aereo.sde/owd.amd_cl_mlp_pao_if_ortho_geosupport_ovr//ov_i9a2_l01_r0000fdf5_c0000d509,ov_i9a2_l01_r0000fdf5_c0000d509,ov_i9a2_l01_r0000fdf5_c0000d509,amssclgis08_ams_gmams_cl_cl_mlp_pao_01_proyectos_arcgis_aprx_cl_mlp_pao_aereo_image_server_sqlserver_amssclgis06_arcgis_aereo_sde_owd_amd_cl_mlp_pao_if_ortho_geosupport_ovr_ov_i9a2_l01_r0000fdf5_c0000d509,ov_i9a2_l01_r0000fdf5_c0000d509,ov_i9a2_l01_r0000fdf5_c0000d509
282,Path,\\amssclgis08.ams.gmams.cl\CL_MLP_PAO\01_Proyectos_ArcGIS\APRX\CL MLP PAO Aereo Image Server\SQLServer-amssclgis06_ArcGIS-Aereo.sde\OWD.AMD_CL_MLP_PAO_IF_Ortho_Geosupport_OVR\\Ov_i9A2_L01_R0000FDF5_C0000D50A,//amssclgis08.ams.gmams.cl/cl_mlp_pao/01_proyectos_arcgis/aprx/cl mlp pao aereo image server/sqlserver-amssclgis06_arcgis-aereo.sde/owd.amd_cl_mlp_pao_if_ortho_geosupport_ovr//ov_i9a2_l01_r0000fdf5_c0000d50a,ov_i9a2_l01_r0000fdf5_c0000d50a,ov_i9a2_l01_r0000fdf5_c0000d50a,amssclgis08_ams_gmams_cl_cl_mlp_pao_01_proyectos_arcgis_aprx_cl_mlp_pao_aereo_image_server_sqlserver_amssclgis06_arcgis_aereo_sde_owd_amd_cl_mlp_pao_if_ortho_geosupport_ovr_ov_i9a2_l01_r0000fdf5_c0000d50a,ov_i9a2_l01_r0000fdf5_c0000d50a,ov_i9a2_l01_r0000fdf5_c0000d50a
283,Path,\\amssclgis08.ams.gmams.cl\CL_MLP_PAO\01_Proyectos_ArcGIS\APRX\CL MLP PAO Aereo Image Server\SQLServer-amssclgis06_ArcGIS-Aereo.sde\OWD.AMD_CL_MLP_PAO_IF_Ortho_Geosupport_OVR\\Ov_i9A2_L01_R0000FDF5_C0000D50B,//amssclgis08.ams.gmams.cl/cl_mlp_pao/01_proyectos_arcgis/aprx/cl mlp pao aereo image server/sqlserver-amssclgis06_arcgis-aereo.sde/owd.amd_cl_mlp_pao_if_ortho_geosupport_ovr//ov_i9a2_l01_r0000fdf5_c0000d50b,ov_i9a2_l01_r0000fdf5_c0000d50b,ov_i9a2_l01_r0000fdf5_c0000d50b,amssclgis08_ams_gmams_cl_cl_mlp_pao_01_proyectos_arcgis_aprx_cl_mlp_pao_aereo_image_server_sqlserver_amssclgis06_arcgis_aereo_sde_owd_amd_cl_mlp_pao_if_ortho_geosupport_ovr_ov_i9a2_l01_r0000fdf5_c0000d50b,ov_i9a2_l01_r0000fdf5_c0000d50b,ov_i9a2_l01_r0000fdf5_c0000d50b
284,Path,\\amssclgis08.ams.gmams.cl\CL_MLP_PAO\01_Proyectos_ArcGIS\APRX\CL MLP PAO Aereo Image Server\SQLServer-amssclgis06_ArcGIS-Aereo.sde\OWD.AMD_CL_MLP_PAO_IF_Ortho_Geosupport_OVR\\Ov_i9A2_L01_R0000FDF2_C0000D521,//amssclgis08.ams.gmams.cl/cl_mlp_pao/01_proyectos_arcgis/aprx/cl mlp pao aereo image server/sqlserver-amssclgis06_arcgis-aereo.sde/owd.amd_cl_mlp_pao_if_ortho_geosupport_ovr//ov_i9a2_l01_r0000fdf2_c0000d521,ov_i9a2_l01_r0000fdf2_c0000d521,ov_i9a2_l01_r0000fdf2_c0000d521,amssclgis08_ams_gmams_cl_cl_mlp_pao_01_proyectos_arcgis_aprx_cl_mlp_pao_aereo_image_server_sqlserver_amssclgis06_arcgis_aereo_sde_owd_amd_cl_mlp_pao_if_ortho_geosupport_ovr_ov_i9a2_l01_r0000fdf2_c0000d521,ov_i9a2_l01_r0000fdf2_c0000d521,ov_i9a2_l01_r0000fdf2_c0000d521
285,Path,\\amssclgis08.ams.gmams.cl\CL_MLP_PAO\01_Proyectos_ArcGIS\APRX\CL MLP PAO Aereo Image Server\SQLServer-amssclgis06_ArcGIS-Aereo.sde\OWD.AMD_CL_MLP_PAO_IF_Ortho_Geosupport_OVR\\Ov_i9A2_L01_R0000FDF2_C0000D522,//amssclgis08.ams.gmams.cl/cl_mlp_pao/01_proyectos_arcgis/aprx/cl mlp pao aereo image server/sqlserver-amssclgis06_arcgis-aereo.sde/owd.amd_cl_mlp_pao_if_ortho_geosupport_ovr//ov_i9a2_l01_r0000fdf2_c0000d522,ov_i9a2_l01_r0000fdf2_c0000d522,ov_i9a2_l01_r0000fdf2_c0000d522,amssclgis08_ams_gmams_cl_cl_mlp_pao_01_proyectos_arcgis_aprx_cl_mlp_pao_aereo_image_server_sqlserver_amssclgis06_arcgis_aereo_sde_owd_amd_cl_mlp_pao_if_ortho_geosupport_ovr_ov_i9a2_l01_r0000fdf2_c0000d522,ov_i9a2_l01_r0000fdf2_c0000d522,ov_i9a2_l01_r0000fdf2_c0000d522
286,Path,\\amssclgis08.ams.gmams.cl\CL_MLP_PAO\01_Proyectos_ArcGIS\APRX\CL MLP PAO Aereo Image Server\SQLServer-amssclgis06_ArcGIS-Aereo.sde\OWD.AMD_CL_MLP_PAO_IF_Ortho_Geosupport_OVR\\Ov_i9A2_L01_R0000FDF3_C0000D512,//amssclgis08.ams.gmams.cl/cl_mlp_pao/01_proyectos_arcgis/aprx/cl mlp pao aereo image server/sqlserver-amssclgis06_arcgis-aereo.sde/owd.amd_cl_mlp_pao_if_ortho_geosupport_ovr//ov_i9a2_l01_r0000fdf3_c0000d512,ov_i9a2_l01_r0000fdf3_c0000d512,ov_i9a2_l01_r0000fdf3_c0000d512,amssclgis08_ams_gmams_cl_cl_mlp_pao_01_proyectos_arcgis_aprx_cl_mlp_pao_aereo_image_server_sqlserver_amssclgis06_arcgis_aereo_sde_owd_amd_cl_mlp_pao_if_ortho_geosupport_ovr_ov_i9a2_l01_r0000fdf3_c0000d512,ov_i9a2_l01_r0000fdf3_c0000d512,ov_i9a2_l01_r0000fdf3_c0000d512
287,Path,\\amssclgis08.ams.gmams.cl\CL_MLP_PAO\01_Proyectos_ArcGIS\APRX\CL MLP PAO Aereo Image Server\SQLServer-amssclgis06_ArcGIS-Aereo.sde\OWD.AMD_CL_MLP_PAO_IF_Ortho_Geosupport_OVR\\Ov_i9A2_L01_R0000FDF3_C0000D513,//amssclgis08.ams.gmams.cl/cl_mlp_pao/01_proyectos_arcgis/aprx/cl mlp pao aereo image server/sqlserver-amssclgis06_arcgis-aereo.sde/owd.amd_cl_mlp_pao_if_ortho_geosupport_ovr//ov_i9a2_l01_r0000fdf3_c0000d513,ov_i9a2_l01_r0000fdf3_c0000d513,ov_i9a2_l01_r0000fdf3_c0000d513,amssclgis08_ams_gmams_cl_cl_mlp_pao_01_proyectos_arcgis_aprx_cl_mlp_pao_aereo_image_server_sqlserver_amssclgis06_arcgis_aereo_sde_owd_amd_cl_mlp_pao_if_ortho_geosupport_ovr_ov_i9a2_l01_r0000fdf3_c0000d513,ov_i9a2_l01_r0000fdf3_c0000d513,ov_i9a2_l01_r0000fdf3_c0000d513
288,Path,\\amssclgis08.ams.gmams.cl\CL_MLP_PAO\01_Proyectos_ArcGIS\APRX\CL MLP PAO Aereo Image Server\SQLServer-amssclgis06_ArcGIS-Aereo.sde\OWD.AMD_CL_MLP_PAO_IF_Ortho_Geosupport_OVR\\Ov_i9A2_L01_R0000FDF3_C0000D514,//amssclgis08.ams.gmams.cl/cl_mlp_pao/01_proyectos_arcgis/aprx/cl mlp pao aereo image server/sqlserver-amssclgis06_arcgis-aereo.sde/owd.amd_cl_mlp_pao_if_ortho_geosupport_ovr//ov_i9a2_l01_r0000fdf3_c0000d514,ov_i9a2_l01_r0000fdf3_c0000d514,ov_i9a2_l01_r0000fdf3_c0000d514,amssclgis08_ams_gmams_cl_cl_mlp_pao_01_proyectos_arcgis_aprx_cl_mlp_pao_aereo_image_server_sqlserver_amssclgis06_arcgis_aereo_sde_owd_amd_cl_mlp_pao_if_ortho_geosupport_ovr_ov_i9a2_l01_r0000fdf3_c0000d514,ov_i9a2_l01_r0000fdf3_c0000d514,ov_i9a2_l01_r0000fdf3_c0000d514
289,Path,\\amssclgis08.ams.gmams.cl\CL_MLP_PAO\01_Proyectos_ArcGIS\APRX\CL MLP PAO Aereo Image Server\SQLServer-amssclgis06_ArcGIS-Aereo.sde\OWD.AMD_CL_MLP_PAO_IF_Ortho_Geosupport_OVR\\Ov_i9A2_L01_R0000FDF3_C0000D515,//amssclgis08.ams.gmams.cl/cl_mlp_pao/01_proyectos_arcgis/aprx/cl mlp pao aereo image server/sqlserver-amssclgis06_arcgis-aereo.sde/owd.amd_cl_mlp_pao_if_ortho_geosupport_ovr//ov_i9a2_l01_r0000fdf3_c0000d515,ov_i9a2_l01_r0000fdf3_c0000d515,ov_i9a2_l01_r0000fdf3_c0000d515,amssclgis08_ams_gmams_cl_cl_mlp_pao_01_proyectos_arcgis_aprx_cl_mlp_pao_aereo_image_server_sqlserver_amssclgis06_arcgis_aereo_sde_owd_amd_cl_mlp_pao_if_ortho_geosupport_ovr_ov_i9a2_l01_r0000fdf3_c0000d515,ov_i9a2_l01_r0000fdf3_c0000d515,ov_i9a2_l01_r0000fdf3_c0000d515
290,Path,\\amssclgis08.ams.gmams.cl\CL_MLP_PAO\01_Proyectos_ArcGIS\APRX\CL MLP PAO Aereo Image Server\SQLServer-amssclgis06_ArcGIS-Aereo.sde\OWD.AMD_CL_MLP_PAO_IF_Ortho_Geosupport_OVR\\Ov_i9A2_L01_R0000FDF3_C0000D516,//amssclgis08.ams.gmams.cl/cl_mlp_pao/01_proyectos_arcgis/aprx/cl mlp pao aereo image server/sqlserver-amssclgis06_arcgis-aereo.sde/owd.amd_cl_mlp_pao_if_ortho_geosupport_ovr//ov_i9a2_l01_r0000fdf3_c0000d516,ov_i9a2_l01_r0000fdf3_c0000d516,ov_i9a2_l01_r0000fdf3_c0000d516,amssclgis08_ams_gmams_cl_cl_mlp_pao_01_proyectos_arcgis_aprx_cl_mlp_pao_aereo_image_server_sqlserver_amssclgis06_arcgis_aereo_sde_owd_amd_cl_mlp_pao_if_ortho_geosupport_ovr_ov_i9a2_l01_r0000fdf3_c0000d516,ov_i9a2_l01_r0000fdf3_c0000d516,ov_i9a2_l01_r0000fdf3_c0000d516
291,Path,\\amssclgis08.ams.gmams.cl\CL_MLP_PAO\01_Proyectos_ArcGIS\APRX\CL MLP PAO Aereo Image Server\SQLServer-amssclgis06_ArcGIS-Aereo.sde\OWD.AMD_CL_MLP_PAO_IF_Ortho_Geosupport_OVR\\Ov_i9A2_L01_R0000FDF3_C0000D517,//amssclgis08.ams.gmams.cl/cl_mlp_pao/01_proyectos_arcgis/aprx/cl mlp pao aereo image server/sqlserver-amssclgis06_arcgis-aereo.sde/owd.amd_cl_mlp_pao_if_ortho_geosupport_ovr//ov_i9a2_l01_r0000fdf3_c0000d517,ov_i9a2_l01_r0000fdf3_c0000d517,ov_i9a2_l01_r0000fdf3_c0000d517,amssclgis08_ams_gmams_cl_cl_mlp_pao_01_proyectos_arcgis_aprx_cl_mlp_pao_aereo_image_server_sqlserver_amssclgis06_arcgis_aereo_sde_owd_amd_cl_mlp_pao_if_ortho_geosupport_ovr_ov_i9a2_l01_r0000fdf3_c0000d517,ov_i9a2_l01_r0000fdf3_c0000d517,ov_i9a2_l01_r0000fdf3_c0000d517
292,Path,\\amssclgis08.ams.gmams.cl\CL_MLP_PAO\01_Proyectos_ArcGIS\APRX\CL MLP PAO Aereo Image Server\SQLServer-amssclgis06_ArcGIS-Aereo.sde\OWD.AMD_CL_MLP_PAO_IF_Ortho_Geosupport_OVR\\Ov_i9A2_L01_R0000FDF3_C0000D518,//amssclgis08.ams.gmams.cl/cl_mlp_pao/01_proyectos_arcgis/aprx/cl mlp pao aereo image server/sqlserver-amssclgis06_arcgis-aereo.sde/owd.amd_cl_mlp_pao_if_ortho_geosupport_ovr//ov_i9a2_l01_r0000fdf3_c0000d518,ov_i9a2_l01_r0000fdf3_c0000d518,ov_i9a2_l01_r0000fdf3_c0000d518,amssclgis08_ams_gmams_cl_cl_mlp_pao_01_proyectos_arcgis_aprx_cl_mlp_pao_aereo_image_server_sqlserver_amssclgis06_arcgis_aereo_sde_owd_amd_cl_mlp_pao_if_ortho_geosupport_ovr_ov_i9a2_l01_r0000fdf3_c0000d518,ov_i9a2_l01_r0000fdf3_c0000d518,ov_i9a2_l01_r0000fdf3_c0000d518
293,Path,\\amssclgis08.ams.gmams.cl\CL_MLP_PAO\01_Proyectos_ArcGIS\APRX\CL MLP PAO Aereo Image Server\SQLServer-amssclgis06_ArcGIS-Aereo.sde\OWD.AMD_CL_MLP_PAO_IF_Ortho_Geosupport_OVR\\Ov_i9A2_L01_R0000FDF3_C0000D519,//amssclgis08.ams.gmams.cl/cl_mlp_pao/01_proyectos_arcgis/aprx/cl mlp pao aereo image server/sqlserver-amssclgis06_arcgis-aereo.sde/owd.amd_cl_mlp_pao_if_ortho_geosupport_ovr//ov_i9a2_l01_r0000fdf3_c0000d519,ov_i9a2_l01_r0000fdf3_c0000d519,ov_i9a2_l01_r0000fdf3_c0000d519,amssclgis08_ams_gmams_cl_cl_mlp_pao_01_proyectos_arcgis_aprx_cl_mlp_pao_aereo_image_server_sqlserver_amssclgis06_arcgis_aereo_sde_owd_amd_cl_mlp_pao_if_ortho_geosupport_ovr_ov_i9a2_l01_r0000fdf3_c0000d519,ov_i9a2_l01_r0000fdf3_c0000d519,ov_i9a2_l01_r0000fdf3_c0000d519
294,Path,\\amssclgis08.ams.gmams.cl\CL_MLP_PAO\01_Proyectos_ArcGIS\APRX\CL MLP PAO Aereo Image Server\SQLServer-amssclgis06_ArcGIS-Aereo.sde\OWD.AMD_CL_MLP_PAO_IF_Ortho_Geosupport_OVR\\Ov_i9A2_L01_R0000FDF3_C0000D51C,//amssclgis08.ams.gmams.cl/cl_mlp_pao/01_proyectos_arcgis/aprx/cl mlp pao aereo image server/sqlserver-amssclgis06_arcgis-aereo.sde/owd.amd_cl_mlp_pao_if_ortho_geosupport_ovr//ov_i9a2_l01_r0000fdf3_c0000d51c,ov_i9a2_l01_r0000fdf3_c0000d51c,ov_i9a2_l01_r0000fdf3_c0000d51c,amssclgis08_ams_gmams_cl_cl_mlp_pao_01_proyectos_arcgis_aprx_cl_mlp_pao_aereo_image_server_sqlserver_amssclgis06_arcgis_aereo_sde_owd_amd_cl_mlp_pao_if_ortho_geosupport_ovr_ov_i9a2_l01_r0000fdf3_c0000d51c,ov_i9a2_l01_r0000fdf3_c0000d51c,ov_i9a2_l01_r0000fdf3_c0000d51c
295,Path,\\amssclgis08.ams.gmams.cl\CL_MLP_PAO\01_Proyectos_ArcGIS\APRX\CL MLP PAO Aereo Image Server\SQLServer-amssclgis06_ArcGIS-Aereo.sde\OWD.AMD_CL_MLP_PAO_IF_Ortho_Geosupport_OVR\\Ov_i9A2_L01_R0000FDF3_C0000D51D,//amssclgis08.ams.gmams.cl/cl_mlp_pao/01_proyectos_arcgis/aprx/cl mlp pao aereo image server/sqlserver-amssclgis06_arcgis-aereo.sde/owd.amd_cl_mlp_pao_if_ortho_geosupport_ovr//ov_i9a2_l01_r0000fdf3_c0000d51d,ov_i9a2_l01_r0000fdf3_c0000d51d,ov_i9a2_l01_r0000fdf3_c0000d51d,amssclgis08_ams_gmams_cl_cl_mlp_pao_01_proyectos_arcgis_aprx_cl_mlp_pao_aereo_image_server_sqlserver_amssclgis06_arcgis_aereo_sde_owd_amd_cl_mlp_pao_if_ortho_geosupport_ovr_ov_i9a2_l01_r0000fdf3_c0000d51d,ov_i9a2_l01_r0000fdf3_c0000d51d,ov_i9a2_l01_r0000fdf3_c0000d51d
296,Path,\\amssclgis08.ams.gmams.cl\CL_MLP_PAO\01_Proyectos_ArcGIS\APRX\CL MLP PAO Aereo Image Server\SQLServer-amssclgis06_ArcGIS-Aereo.sde\OWD.AMD_CL_MLP_PAO_IF_Ortho_Geosupport_OVR\\Ov_i9A2_L01_R0000FDF3_C0000D51E,//amssclgis08.ams.gmams.cl/cl_mlp_pao/01_proyectos_arcgis/aprx/cl mlp pao aereo image server/sqlserver-amssclgis06_arcgis-aereo.sde/owd.amd_cl_mlp_pao_if_ortho_geosupport_ovr//ov_i9a2_l01_r0000fdf3_c0000d51e,ov_i9a2_l01_r0000fdf3_c0000d51e,ov_i9a2_l01_r0000fdf3_c0000d51e,amssclgis08_ams_gmams_cl_cl_mlp_pao_01_proyectos_arcgis_aprx_cl_mlp_pao_aereo_image_server_sqlserver_amssclgis06_arcgis_aereo_sde_owd_amd_cl_mlp_pao_if_ortho_geosupport_ovr_ov_i9a2_l01_r0000fdf3_c0000d51e,ov_i9a2_l01_r0000fdf3_c0000d51e,ov_i9a2_l01_r0000fdf3_c0000d51e
297,Path,\\amssclgis08.ams.gmams.cl\CL_MLP_PAO\01_Proyectos_ArcGIS\APRX\CL MLP PAO Aereo Image Server\SQLServer-amssclgis06_ArcGIS-Aereo.sde\OWD.AMD_CL_MLP_PAO_IF_Ortho_Geosupport_OVR\\Ov_i9A2_L01_R0000FDF3_C0000D51F,//amssclgis08.ams.gmams.cl/cl_mlp_pao/01_proyectos_arcgis/aprx/cl mlp pao aereo image server/sqlserver-amssclgis06_arcgis-aereo.sde/owd.amd_cl_mlp_pao_if_ortho_geosupport_ovr//ov_i9a2_l01_r0000fdf3_c0000d51f,ov_i9a2_l01_r0000fdf3_c0000d51f,ov_i9a2_l01_r0000fdf3_c0000d51f,amssclgis08_ams_gmams_cl_cl_mlp_pao_01_proyectos_arcgis_aprx_cl_mlp_pao_aereo_image_server_sqlserver_amssclgis06_arcgis_aereo_sde_owd_amd_cl_mlp_pao_if_ortho_geosupport_ovr_ov_i9a2_l01_r0000fdf3_c0000d51f,ov_i9a2_l01_r0000fdf3_c0000d51f,ov_i9a2_l01_r0000fdf3_c0000d51f
298,Path,\\amssclgis08.ams.gmams.cl\CL_MLP_PAO\01_Proyectos_ArcGIS\APRX\CL MLP PAO Aereo Image Server\SQLServer-amssclgis06_ArcGIS-Aereo.sde\OWD.AMD_CL_MLP_PAO_IF_Ortho_Geosupport_OVR\\Ov_i9A2_L01_R0000FDF3_C0000D520,//amssclgis08.ams.gmams.cl/cl_mlp_pao/01_proyectos_arcgis/aprx/cl mlp pao aereo image server/sqlserver-amssclgis06_arcgis-aereo.sde/owd.amd_cl_mlp_pao_if_ortho_geosupport_ovr//ov_i9a2_l01_r0000fdf3_c0000d520,ov_i9a2_l01_r0000fdf3_c0000d520,ov_i9a2_l01_r0000fdf3_c0000d520,amssclgis08_ams_gmams_cl_cl_mlp_pao_01_proyectos_arcgis_aprx_cl_mlp_pao_aereo_image_server_sqlserver_amssclgis06_arcgis_aereo_sde_owd_amd_cl_mlp_pao_if_ortho_geosupport_ovr_ov_i9a2_l01_r0000fdf3_c0000d520,ov_i9a2_l01_r0000fdf3_c0000d520,ov_i9a2_l01_r0000fdf3_c0000d520
299,Path,\\amssclgis08.ams.gmams.cl\CL_MLP_PAO\01_Proyectos_ArcGIS\APRX\CL MLP PAO Aereo Image Server\SQLServer-amssclgis06_ArcGIS-Aereo.sde\OWD.AMD_CL_MLP_PAO_IF_Ortho_Geosupport_OVR\\Ov_i9A2_L01_R0000FDF3_C0000D521,//amssclgis08.ams.gmams.cl/cl_mlp_pao/01_proyectos_arcgis/aprx/cl mlp pao aereo image server/sqlserver-amssclgis06_arcgis-aereo.sde/owd.amd_cl_mlp_pao_if_ortho_geosupport_ovr//ov_i9a2_l01_r0000fdf3_c0000d521,ov_i9a2_l01_r0000fdf3_c0000d521,ov_i9a2_l01_r0000fdf3_c0000d521,amssclgis08_ams_gmams_cl_cl_mlp_pao_01_proyectos_arcgis_aprx_cl_mlp_pao_aereo_image_server_sqlserver_amssclgis06_arcgis_aereo_sde_owd_amd_cl_mlp_pao_if_ortho_geosupport_ovr_ov_i9a2_l01_r0000fdf3_c0000d521,ov_i9a2_l01_r0000fdf3_c0000d521,ov_i9a2_l01_r0000fdf3_c0000d521
300,Path,\\amssclgis08.ams.gmams.cl\CL_MLP_PAO\01_Proyectos_ArcGIS\APRX\CL MLP PAO Aereo Image Server\SQLServer-amssclgis06_ArcGIS-Aereo.sde\OWD.AMD_CL_MLP_PAO_IF_Ortho_Geosupport_OVR\\Ov_i9A2_L01_R0000FDF3_C0000D522,//amssclgis08.ams.gmams.cl/cl_mlp_pao/01_proyectos_arcgis/aprx/cl mlp pao aereo image server/sqlserver-amssclgis06_arcgis-aereo.sde/owd.amd_cl_mlp_pao_if_ortho_geosupport_ovr//ov_i9a2_l01_r0000fdf3_c0000d522,ov_i9a2_l01_r0000fdf3_c0000d522,ov_i9a2_l01_r0000fdf3_c0000d522,amssclgis08_ams_gmams_cl_cl_mlp_pao_01_proyectos_arcgis_aprx_cl_mlp_pao_aereo_image_server_sqlserver_amssclgis06_arcgis_aereo_sde_owd_amd_cl_mlp_pao_if_ortho_geosupport_ovr_ov_i9a2_l01_r0000fdf3_c0000d522,ov_i9a2_l01_r0000fdf3_c0000d522,ov_i9a2_l01_r0000fdf3_c0000d522
301,Path,\\amssclgis08.ams.gmams.cl\CL_MLP_PAO\01_Proyectos_ArcGIS\APRX\CL MLP PAO Aereo Image Server\SQLServer-amssclgis06_ArcGIS-Aereo.sde\OWD.AMD_CL_MLP_PAO_IF_Ortho_Geosupport_OVR\\Ov_i9A2_L01_R0000FDF3_C0000D523,//amssclgis08.ams.gmams.cl/cl_mlp_pao/01_proyectos_arcgis/aprx/cl mlp pao aereo image server/sqlserver-amssclgis06_arcgis-aereo.sde/owd.amd_cl_mlp_pao_if_ortho_geosupport_ovr//ov_i9a2_l01_r0000fdf3_c0000d523,ov_i9a2_l01_r0000fdf3_c0000d523,ov_i9a2_l01_r0000fdf3_c0000d523,amssclgis08_ams_gmams_cl_cl_mlp_pao_01_proyectos_arcgis_aprx_cl_mlp_pao_aereo_image_server_sqlserver_amssclgis06_arcgis_aereo_sde_owd_amd_cl_mlp_pao_if_ortho_geosupport_ovr_ov_i9a2_l01_r0000fdf3_c0000d523,ov_i9a2_l01_r0000fdf3_c0000d523,ov_i9a2_l01_r0000fdf3_c0000d523
302,Path,\\amssclgis08.ams.gmams.cl\CL_MLP_PAO\01_Proyectos_ArcGIS\APRX\CL MLP PAO Aereo Image Server\SQLServer-amssclgis06_ArcGIS-Aereo.sde\OWD.AMD_CL_MLP_PAO_IF_Ortho_Geosupport_OVR\\Ov_i9A2_L01_R0000FDF4_C0000D512,//amssclgis08.ams.gmams.cl/cl_mlp_pao/01_proyectos_arcgis/aprx/cl mlp pao aereo image server/sqlserver-amssclgis06_arcgis-aereo.sde/owd.amd_cl_mlp_pao_if_ortho_geosupport_ovr//ov_i9a2_l01_r0000fdf4_c0000d512,ov_i9a2_l01_r0000fdf4_c0000d512,ov_i9a2_l01_r0000fdf4_c0000d512,amssclgis08_ams_gmams_cl_cl_mlp_pao_01_proyectos_arcgis_aprx_cl_mlp_pao_aereo_image_server_sqlserver_amssclgis06_arcgis_aereo_sde_owd_amd_cl_mlp_pao_if_ortho_geosupport_ovr_ov_i9a2_l01_r0000fdf4_c0000d512,ov_i9a2_l01_r0000fdf4_c0000d512,ov_i9a2_l01_r0000fdf4_c0000d512
303,Path,\\amssclgis08.ams.gmams.cl\CL_MLP_PAO\01_Proyectos_ArcGIS\APRX\CL MLP PAO Aereo Image Server\SQLServer-amssclgis06_ArcGIS-Aereo.sde\OWD.AMD_CL_MLP_PAO_IF_Ortho_Geosupport_OVR\\Ov_i9A2_L01_R0000FDF4_C0000D513,//amssclgis08.ams.gmams.cl/cl_mlp_pao/01_proyectos_arcgis/aprx/cl mlp pao aereo image server/sqlserver-amssclgis06_arcgis-aereo.sde/owd.amd_cl_mlp_pao_if_ortho_geosupport_ovr//ov_i9a2_l01_r0000fdf4_c0000d513,ov_i9a2_l01_r0000fdf4_c0000d513,ov_i9a2_l01_r0000fdf4_c0000d513,amssclgis08_ams_gmams_cl_cl_mlp_pao_01_proyectos_arcgis_aprx_cl_mlp_pao_aereo_image_server_sqlserver_amssclgis06_arcgis_aereo_sde_owd_amd_cl_mlp_pao_if_ortho_geosupport_ovr_ov_i9a2_l01_r0000fdf4_c0000d513,ov_i9a2_l01_r0000fdf4_c0000d513,ov_i9a2_l01_r0000fdf4_c0000d513
304,Path,\\amssclgis08.ams.gmams.cl\CL_MLP_PAO\01_Proyectos_ArcGIS\APRX\CL MLP PAO Aereo Image Server\SQLServer-amssclgis06_ArcGIS-Aereo.sde\OWD.AMD_CL_MLP_PAO_IF_Ortho_Geosupport_OVR\\Ov_i9A2_L01_R0000FDF4_C0000D514,//amssclgis08.ams.gmams.cl/cl_mlp_pao/01_proyectos_arcgis/aprx/cl mlp pao aereo image server/sqlserver-amssclgis06_arcgis-aereo.sde/owd.amd_cl_mlp_pao_if_ortho_geosupport_ovr//ov_i9a2_l01_r0000fdf4_c0000d514,ov_i9a2_l01_r0000fdf4_c0000d514,ov_i9a2_l01_r0000fdf4_c0000d514,amssclgis08_ams_gmams_cl_cl_mlp_pao_01_proyectos_arcgis_aprx_cl_mlp_pao_aereo_image_server_sqlserver_amssclgis06_arcgis_aereo_sde_owd_amd_cl_mlp_pao_if_ortho_geosupport_ovr_ov_i9a2_l01_r0000fdf4_c0000d514,ov_i9a2_l01_r0000fdf4_c0000d514,ov_i9a2_l01_r0000fdf4_c0000d514
305,Path,\\amssclgis08.ams.gmams.cl\CL_MLP_PAO\01_Proyectos_ArcGIS\APRX\CL MLP PAO Aereo Image Server\SQLServer-amssclgis06_ArcGIS-Aereo.sde\OWD.AMD_CL_MLP_PAO_IF_Ortho_Geosupport_OVR\\Ov_i9A2_L01_R0000FDF4_C0000D515,//amssclgis08.ams.gmams.cl/cl_mlp_pao/01_proyectos_arcgis/aprx/cl mlp pao aereo image server/sqlserver-amssclgis06_arcgis-aereo.sde/owd.amd_cl_mlp_pao_if_ortho_geosupport_ovr//ov_i9a2_l01_r0000fdf4_c0000d515,ov_i9a2_l01_r0000fdf4_c0000d515,ov_i9a2_l01_r0000fdf4_c0000d515,amssclgis08_ams_gmams_cl_cl_mlp_pao_01_proyectos_arcgis_aprx_cl_mlp_pao_aereo_image_server_sqlserver_amssclgis06_arcgis_aereo_sde_owd_amd_cl_mlp_pao_if_ortho_geosupport_ovr_ov_i9a2_l01_r0000fdf4_c0000d515,ov_i9a2_l01_r0000fdf4_c0000d515,ov_i9a2_l01_r0000fdf4_c0000d515
306,Path,\\amssclgis08.ams.gmams.cl\CL_MLP_PAO\01_Proyectos_ArcGIS\APRX\CL MLP PAO Aereo Image Server\SQLServer-amssclgis06_ArcGIS-Aereo.sde\OWD.AMD_CL_MLP_PAO_IF_Ortho_Geosupport_OVR\\Ov_i9A2_L01_R0000FDF4_C0000D516,//amssclgis08.ams.gmams.cl/cl_mlp_pao/01_proyectos_arcgis/aprx/cl mlp pao aereo image server/sqlserver-amssclgis06_arcgis-aereo.sde/owd.amd_cl_mlp_pao_if_ortho_geosupport_ovr//ov_i9a2_l01_r0000fdf4_c0000d516,ov_i9a2_l01_r0000fdf4_c0000d516,ov_i9a2_l01_r0000fdf4_c0000d516,amssclgis08_ams_gmams_cl_cl_mlp_pao_01_proyectos_arcgis_aprx_cl_mlp_pao_aereo_image_server_sqlserver_amssclgis06_arcgis_aereo_sde_owd_amd_cl_mlp_pao_if_ortho_geosupport_ovr_ov_i9a2_l01_r0000fdf4_c0000d516,ov_i9a2_l01_r0000fdf4_c0000d516,ov_i9a2_l01_r0000fdf4_c0000d516
307,Path,\\amssclgis08.ams.gmams.cl\CL_MLP_PAO\01_Proyectos_ArcGIS\APRX\CL MLP PAO Aereo Image Server\SQLServer-amssclgis06_ArcGIS-Aereo.sde\OWD.AMD_CL_MLP_PAO_IF_Ortho_Geosupport_OVR\\Ov_i9A2_L01_R0000FDF4_C0000D517,//amssclgis08.ams.gmams.cl/cl_mlp_pao/01_proyectos_arcgis/aprx/cl mlp pao aereo image server/sqlserver-amssclgis06_arcgis-aereo.sde/owd.amd_cl_mlp_pao_if_ortho_geosupport_ovr//ov_i9a2_l01_r0000fdf4_c0000d517,ov_i9a2_l01_r0000fdf4_c0000d517,ov_i9a2_l01_r0000fdf4_c0000d517,amssclgis08_ams_gmams_cl_cl_mlp_pao_01_proyectos_arcgis_aprx_cl_mlp_pao_aereo_image_server_sqlserver_amssclgis06_arcgis_aereo_sde_owd_amd_cl_mlp_pao_if_ortho_geosupport_ovr_ov_i9a2_l01_r0000fdf4_c0000d517,ov_i9a2_l01_r0000fdf4_c0000d517,ov_i9a2_l01_r0000fdf4_c0000d517
308,Path,\\amssclgis08.ams.gmams.cl\CL_MLP_PAO\01_Proyectos_ArcGIS\APRX\CL MLP PAO Aereo Image Server\SQLServer-amssclgis06_ArcGIS-Aereo.sde\OWD.AMD_CL_MLP_PAO_IF_Ortho_Geosupport_OVR\\Ov_i9A2_L01_R0000FDF4_C0000D518,//amssclgis08.ams.gmams.cl/cl_mlp_pao/01_proyectos_arcgis/aprx/cl mlp pao aereo image server/sqlserver-amssclgis06_arcgis-aereo.sde/owd.amd_cl_mlp_pao_if_ortho_geosupport_ovr//ov_i9a2_l01_r0000fdf4_c0000d518,ov_i9a2_l01_r0000fdf4_c0000d518,ov_i9a2_l01_r0000fdf4_c0000d518,amssclgis08_ams_gmams_cl_cl_mlp_pao_01_proyectos_arcgis_aprx_cl_mlp_pao_aereo_image_server_sqlserver_amssclgis06_arcgis_aereo_sde_owd_amd_cl_mlp_pao_if_ortho_geosupport_ovr_ov_i9a2_l01_r0000fdf4_c0000d518,ov_i9a2_l01_r0000fdf4_c0000d518,ov_i9a2_l01_r0000fdf4_c0000d518
309,Path,\\amssclgis08.ams.gmams.cl\CL_MLP_PAO\01_Proyectos_ArcGIS\APRX\CL MLP PAO Aereo Image Server\SQLServer-amssclgis06_ArcGIS-Aereo.sde\OWD.AMD_CL_MLP_PAO_IF_Ortho_Geosupport_OVR\\Ov_i9A2_L01_R0000FDF4_C0000D519,//amssclgis08.ams.gmams.cl/cl_mlp_pao/01_proyectos_arcgis/aprx/cl mlp pao aereo image server/sqlserver-amssclgis06_arcgis-aereo.sde/owd.amd_cl_mlp_pao_if_ortho_geosupport_ovr//ov_i9a2_l01_r0000fdf4_c0000d519,ov_i9a2_l01_r0000fdf4_c0000d519,ov_i9a2_l01_r0000fdf4_c0000d519,amssclgis08_ams_gmams_cl_cl_mlp_pao_01_proyectos_arcgis_aprx_cl_mlp_pao_aereo_image_server_sqlserver_amssclgis06_arcgis_aereo_sde_owd_amd_cl_mlp_pao_if_ortho_geosupport_ovr_ov_i9a2_l01_r0000fdf4_c0000d519,ov_i9a2_l01_r0000fdf4_c0000d519,ov_i9a2_l01_r0000fdf4_c0000d519
310,Path,\\amssclgis08.ams.gmams.cl\CL_MLP_PAO\01_Proyectos_ArcGIS\APRX\CL MLP PAO Aereo Image Server\SQLServer-amssclgis06_ArcGIS-Aereo.sde\OWD.AMD_CL_MLP_PAO_IF_Ortho_Geosupport_OVR\\Ov_i9A2_L01_R0000FDF4_C0000D51A,//amssclgis08.ams.gmams.cl/cl_mlp_pao/01_proyectos_arcgis/aprx/cl mlp pao aereo image server/sqlserver-amssclgis06_arcgis-aereo.sde/owd.amd_cl_mlp_pao_if_ortho_geosupport_ovr//ov_i9a2_l01_r0000fdf4_c0000d51a,ov_i9a2_l01_r0000fdf4_c0000d51a,ov_i9a2_l01_r0000fdf4_c0000d51a,amssclgis08_ams_gmams_cl_cl_mlp_pao_01_proyectos_arcgis_aprx_cl_mlp_pao_aereo_image_server_sqlserver_amssclgis06_arcgis_aereo_sde_owd_amd_cl_mlp_pao_if_ortho_geosupport_ovr_ov_i9a2_l01_r0000fdf4_c0000d51a,ov_i9a2_l01_r0000fdf4_c0000d51a,ov_i9a2_l01_r0000fdf4_c0000d51a
311,Path,\\amssclgis08.ams.gmams.cl\CL_MLP_PAO\01_Proyectos_ArcGIS\APRX\CL MLP PAO Aereo Image Server\SQLServer-amssclgis06_ArcGIS-Aereo.sde\OWD.AMD_CL_MLP_PAO_IF_Ortho_Geosupport_OVR\\Ov_i9A2_L01_R0000FDF4_C0000D51B,//amssclgis08.ams.gmams.cl/cl_mlp_pao/01_proyectos_arcgis/aprx/cl mlp pao aereo image server/sqlserver-amssclgis06_arcgis-aereo.sde/owd.amd_cl_mlp_pao_if_ortho_geosupport_ovr//ov_i9a2_l01_r0000fdf4_c0000d51b,ov_i9a2_l01_r0000fdf4_c0000d51b,ov_i9a2_l01_r0000fdf4_c0000d51b,amssclgis08_ams_gmams_cl_cl_mlp_pao_01_proyectos_arcgis_aprx_cl_mlp_pao_aereo_image_server_sqlserver_amssclgis06_arcgis_aereo_sde_owd_amd_cl_mlp_pao_if_ortho_geosupport_ovr_ov_i9a2_l01_r0000fdf4_c0000d51b,ov_i9a2_l01_r0000fdf4_c0000d51b,ov_i9a2_l01_r0000fdf4_c0000d51b
312,Path,\\amssclgis08.ams.gmams.cl\CL_MLP_PAO\01_Proyectos_ArcGIS\APRX\CL MLP PAO Aereo Image Server\SQLServer-amssclgis06_ArcGIS-Aereo.sde\OWD.AMD_CL_MLP_PAO_IF_Ortho_Geosupport_OVR\\Ov_i9A2_L01_R0000FDF4_C0000D51C,//amssclgis08.ams.gmams.cl/cl_mlp_pao/01_proyectos_arcgis/aprx/cl mlp pao aereo image server/sqlserver-amssclgis06_arcgis-aereo.sde/owd.amd_cl_mlp_pao_if_ortho_geosupport_ovr//ov_i9a2_l01_r0000fdf4_c0000d51c,ov_i9a2_l01_r0000fdf4_c0000d51c,ov_i9a2_l01_r0000fdf4_c0000d51c,amssclgis08_ams_gmams_cl_cl_mlp_pao_01_proyectos_arcgis_aprx_cl_mlp_pao_aereo_image_server_sqlserver_amssclgis06_arcgis_aereo_sde_owd_amd_cl_mlp_pao_if_ortho_geosupport_ovr_ov_i9a2_l01_r0000fdf4_c0000d51c,ov_i9a2_l01_r0000fdf4_c0000d51c,ov_i9a2_l01_r0000fdf4_c0000d51c
313,Path,\\amssclgis08.ams.gmams.cl\CL_MLP_PAO\01_Proyectos_ArcGIS\APRX\CL MLP PAO Aereo Image Server\SQLServer-amssclgis06_ArcGIS-Aereo.sde\OWD.AMD_CL_MLP_PAO_IF_Ortho_Geosupport_OVR\\Ov_i9A2_L01_R0000FDF4_C0000D51D,//amssclgis08.ams.gmams.cl/cl_mlp_pao/01_proyectos_arcgis/aprx/cl mlp pao aereo image server/sqlserver-amssclgis06_arcgis-aereo.sde/owd.amd_cl_mlp_pao_if_ortho_geosupport_ovr//ov_i9a2_l01_r0000fdf4_c0000d51d,ov_i9a2_l01_r0000fdf4_c0000d51d,ov_i9a2_l01_r0000fdf4_c0000d51d,amssclgis08_ams_gmams_cl_cl_mlp_pao_01_proyectos_arcgis_aprx_cl_mlp_pao_aereo_image_server_sqlserver_amssclgis06_arcgis_aereo_sde_owd_amd_cl_mlp_pao_if_ortho_geosupport_ovr_ov_i9a2_l01_r0000fdf4_c0000d51d,ov_i9a2_l01_r0000fdf4_c0000d51d,ov_i9a2_l01_r0000fdf4_c0000d51d
314,Path,\\amssclgis08.ams.gmams.cl\CL_MLP_PAO\01_Proyectos_ArcGIS\APRX\CL MLP PAO Aereo Image Server\SQLServer-amssclgis06_ArcGIS-Aereo.sde\OWD.AMD_CL_MLP_PAO_IF_Ortho_Geosupport_OVR\\Ov_i9A2_L01_R0000FDF5_C0000D512,//amssclgis08.ams.gmams.cl/cl_mlp_pao/01_proyectos_arcgis/aprx/cl mlp pao aereo image server/sqlserver-amssclgis06_arcgis-aereo.sde/owd.amd_cl_mlp_pao_if_ortho_geosupport_ovr//ov_i9a2_l01_r0000fdf5_c0000d512,ov_i9a2_l01_r0000fdf5_c0000d512,ov_i9a2_l01_r0000fdf5_c0000d512,amssclgis08_ams_gmams_cl_cl_mlp_pao_01_proyectos_arcgis_aprx_cl_mlp_pao_aereo_image_server_sqlserver_amssclgis06_arcgis_aereo_sde_owd_amd_cl_mlp_pao_if_ortho_geosupport_ovr_ov_i9a2_l01_r0000fdf5_c0000d512,ov_i9a2_l01_r0000fdf5_c0000d512,ov_i9a2_l01_r0000fdf5_c0000d512
315,Path,\\amssclgis08.ams.gmams.cl\CL_MLP_PAO\01_Proyectos_ArcGIS\APRX\CL MLP PAO Aereo Image Server\SQLServer-amssclgis06_ArcGIS-Aereo.sde\OWD.AMD_CL_MLP_PAO_IF_Ortho_Geosupport_OVR\\Ov_i9A2_L01_R0000FDF5_C0000D516,//amssclgis08.ams.gmams.cl/cl_mlp_pao/01_proyectos_arcgis/aprx/cl mlp pao aereo image server/sqlserver-amssclgis06_arcgis-aereo.sde/owd.amd_cl_mlp_pao_if_ortho_geosupport_ovr//ov_i9a2_l01_r0000fdf5_c0000d516,ov_i9a2_l01_r0000fdf5_c0000d516,ov_i9a2_l01_r0000fdf5_c0000d516,amssclgis08_ams_gmams_cl_cl_mlp_pao_01_proyectos_arcgis_aprx_cl_mlp_pao_aereo_image_server_sqlserver_amssclgis06_arcgis_aereo_sde_owd_amd_cl_mlp_pao_if_ortho_geosupport_ovr_ov_i9a2_l01_r0000fdf5_c0000d516,ov_i9a2_l01_r0000fdf5_c0000d516,ov_i9a2_l01_r0000fdf5_c0000d516
316,Path,\\amssclgis08.ams.gmams.cl\CL_MLP_PAO\01_Proyectos_ArcGIS\APRX\CL MLP PAO Aereo Image Server\SQLServer-amssclgis06_ArcGIS-Aereo.sde\OWD.AMD_CL_MLP_PAO_IF_Ortho_Geosupport_OVR\\Ov_i9A2_L01_R0000FDF5_C0000D517,//amssclgis08.ams.gmams.cl/cl_mlp_pao/01_proyectos_arcgis/aprx/cl mlp pao aereo image server/sqlserver-amssclgis06_arcgis-aereo.sde/owd.amd_cl_mlp_pao_if_ortho_geosupport_ovr//ov_i9a2_l01_r0000fdf5_c0000d517,ov_i9a2_l01_r0000fdf5_c0000d517,ov_i9a2_l01_r0000fdf5_c0000d517,amssclgis08_ams_gmams_cl_cl_mlp_pao_01_proyectos_arcgis_aprx_cl_mlp_pao_aereo_image_server_sqlserver_amssclgis06_arcgis_aereo_sde_owd_amd_cl_mlp_pao_if_ortho_geosupport_ovr_ov_i9a2_l01_r0000fdf5_c0000d517,ov_i9a2_l01_r0000fdf5_c0000d517,ov_i9a2_l01_r0000fdf5_c0000d517
317,Path,\\amssclgis08.ams.gmams.cl\CL_MLP_PAO\01_Proyectos_ArcGIS\APRX\CL MLP PAO Aereo Image Server\SQLServer-amssclgis06_ArcGIS-Aereo.sde\OWD.AMD_CL_MLP_PAO_IF_Ortho_Geosupport_OVR\\Ov_i9A2_L01_R0000FDF5_C0000D518,//amssclgis08.ams.gmams.cl/cl_mlp_pao/01_proyectos_arcgis/aprx/cl mlp pao aereo image server/sqlserver-amssclgis06_arcgis-aereo.sde/owd.amd_cl_mlp_pao_if_ortho_geosupport_ovr//ov_i9a2_l01_r0000fdf5_c0000d518,ov_i9a2_l01_r0000fdf5_c0000d518,ov_i9a2_l01_r0000fdf5_c0000d518,amssclgis08_ams_gmams_cl_cl_mlp_pao_01_proyectos_arcgis_aprx_cl_mlp_pao_aereo_image_server_sqlserver_amssclgis06_arcgis_aereo_sde_owd_amd_cl_mlp_pao_if_ortho_geosupport_ovr_ov_i9a2_l01_r0000fdf5_c0000d518,ov_i9a2_l01_r0000fdf5_c0000d518,ov_i9a2_l01_r0000fdf5_c0000d518
318,Path,\\amssclgis08.ams.gmams.cl\CL_MLP_PAO\01_Proyectos_ArcGIS\APRX\CL MLP PAO Aereo Image Server\SQLServer-amssclgis06_ArcGIS-Aereo.sde\OWD.AMD_CL_MLP_PAO_IF_Ortho_Geosupport_OVR\\Ov_i9A2_L01_R0000FDF3_C0000D535,//amssclgis08.ams.gmams.cl/cl_mlp_pao/01_proyectos_arcgis/aprx/cl mlp pao aereo image server/sqlserver-amssclgis06_arcgis-aereo.sde/owd.amd_cl_mlp_pao_if_ortho_geosupport_ovr//ov_i9a2_l01_r0000fdf3_c0000d535,ov_i9a2_l01_r0000fdf3_c0000d535,ov_i9a2_l01_r0000fdf3_c0000d535,amssclgis08_ams_gmams_cl_cl_mlp_pao_01_proyectos_arcgis_aprx_cl_mlp_pao_aereo_image_server_sqlserver_amssclgis06_arcgis_aereo_sde_owd_amd_cl_mlp_pao_if_ortho_geosupport_ovr_ov_i9a2_l01_r0000fdf3_c0000d535,ov_i9a2_l01_r0000fdf3_c0000d535,ov_i9a2_l01_r0000fdf3_c0000d535
319,Path,\\amssclgis08.ams.gmams.cl\CL_MLP_PAO\01_Proyectos_ArcGIS\APRX\CL MLP PAO Aereo Image Server\SQLServer-amssclgis06_ArcGIS-Aereo.sde\OWD.AMD_CL_MLP_PAO_IF_Ortho_Geosupport_OVR\\Ov_i9A2_L01_R0000FDF3_C0000D536,//amssclgis08.ams.gmams.cl/cl_mlp_pao/01_proyectos_arcgis/aprx/cl mlp pao aereo image server/sqlserver-amssclgis06_arcgis-aereo.sde/owd.amd_cl_mlp_pao_if_ortho_geosupport_ovr//ov_i9a2_l01_r0000fdf3_c0000d536,ov_i9a2_l01_r0000fdf3_c0000d536,ov_i9a2_l01_r0000fdf3_c0000d536,amssclgis08_ams_gmams_cl_cl_mlp_pao_01_proyectos_arcgis_aprx_cl_mlp_pao_aereo_image_server_sqlserver_amssclgis06_arcgis_aereo_sde_owd_amd_cl_mlp_pao_if_ortho_geosupport_ovr_ov_i9a2_l01_r0000fdf3_c0000d536,ov_i9a2_l01_r0000fdf3_c0000d536,ov_i9a2_l01_r0000fdf3_c0000d536
320,Path,\\amssclgis08.ams.gmams.cl\CL_MLP_PAO\01_Proyectos_ArcGIS\APRX\CL MLP PAO Aereo Image Server\SQLServer-amssclgis06_ArcGIS-Aereo.sde\OWD.AMD_CL_MLP_PAO_IF_Ortho_Geosupport_OVR\\Ov_i9A2_L01_R0000FDF3_C0000D537,//amssclgis08.ams.gmams.cl/cl_mlp_pao/01_proyectos_arcgis/aprx/cl mlp pao aereo image server/sqlserver-amssclgis06_arcgis-aereo.sde/owd.amd_cl_mlp_pao_if_ortho_geosupport_ovr//ov_i9a2_l01_r0000fdf3_c0000d537,ov_i9a2_l01_r0000fdf3_c0000d537,ov_i9a2_l01_r0000fdf3_c0000d537,amssclgis08_ams_gmams_cl_cl_mlp_pao_01_proyectos_arcgis_aprx_cl_mlp_pao_aereo_image_server_sqlserver_amssclgis06_arcgis_aereo_sde_owd_amd_cl_mlp_pao_if_ortho_geosupport_ovr_ov_i9a2_l01_r0000fdf3_c0000d537,ov_i9a2_l01_r0000fdf3_c0000d537,ov_i9a2_l01_r0000fdf3_c0000d537
321,Path,\\amssclgis08.ams.gmams.cl\CL_MLP_PAO\01_Proyectos_ArcGIS\APRX\CL MLP PAO Aereo Image Server\SQLServer-amssclgis06_ArcGIS-Aereo.sde\OWD.AMD_CL_MLP_PAO_IF_Ortho_Geosupport_OVR\\Ov_i9A2_L01_R0000FDF3_C0000D538,//amssclgis08.ams.gmams.cl/cl_mlp_pao/01_proyectos_arcgis/aprx/cl mlp pao aereo image server/sqlserver-amssclgis06_arcgis-aereo.sde/owd.amd_cl_mlp_pao_if_ortho_geosupport_ovr//ov_i9a2_l01_r0000fdf3_c0000d538,ov_i9a2_l01_r0000fdf3_c0000d538,ov_i9a2_l01_r0000fdf3_c0000d538,amssclgis08_ams_gmams_cl_cl_mlp_pao_01_proyectos_arcgis_aprx_cl_mlp_pao_aereo_image_server_sqlserver_amssclgis06_arcgis_aereo_sde_owd_amd_cl_mlp_pao_if_ortho_geosupport_ovr_ov_i9a2_l01_r0000fdf3_c0000d538,ov_i9a2_l01_r0000fdf3_c0000d538,ov_i9a2_l01_r0000fdf3_c0000d538
322,Path,\\amssclgis08.ams.gmams.cl\CL_MLP_PAO\01_Proyectos_ArcGIS\APRX\CL MLP PAO Aereo Image Server\SQLServer-amssclgis06_ArcGIS-Aereo.sde\OWD.AMD_CL_MLP_PAO_IF_Ortho_Geosupport_OVR\\Ov_i9A2_L01_R0000FDF4_C0000D538,//amssclgis08.ams.gmams.cl/cl_mlp_pao/01_proyectos_arcgis/aprx/cl mlp pao aereo image server/sqlserver-amssclgis06_arcgis-aereo.sde/owd.amd_cl_mlp_pao_if_ortho_geosupport_ovr//ov_i9a2_l01_r0000fdf4_c0000d538,ov_i9a2_l01_r0000fdf4_c0000d538,ov_i9a2_l01_r0000fdf4_c0000d538,amssclgis08_ams_gmams_cl_cl_mlp_pao_01_proyectos_arcgis_aprx_cl_mlp_pao_aereo_image_server_sqlserver_amssclgis06_arcgis_aereo_sde_owd_amd_cl_mlp_pao_if_ortho_geosupport_ovr_ov_i9a2_l01_r0000fdf4_c0000d538,ov_i9a2_l01_r0000fdf4_c0000d538,ov_i9a2_l01_r0000fdf4_c0000d538
323,Path,\\amssclgis08.ams.gmams.cl\CL_MLP_PAO\01_Proyectos_ArcGIS\APRX\CL MLP PAO Aereo Image Server\SQLServer-amssclgis06_ArcGIS-Aereo.sde\OWD.AMD_CL_MLP_PAO_IF_Ortho_Geosupport_OVR\\Ov_i9A2_L01_R0000FDF5_C0000D538,//amssclgis08.ams.gmams.cl/cl_mlp_pao/01_proyectos_arcgis/aprx/cl mlp pao aereo image server/sqlserver-amssclgis06_arcgis-aereo.sde/owd.amd_cl_mlp_pao_if_ortho_geosupport_ovr//ov_i9a2_l01_r0000fdf5_c0000d538,ov_i9a2_l01_r0000fdf5_c0000d538,ov_i9a2_l01_r0000fdf5_c0000d538,amssclgis08_ams_gmams_cl_cl_mlp_pao_01_proyectos_arcgis_aprx_cl_mlp_pao_aereo_image_server_sqlserver_amssclgis06_arcgis_aereo_sde_owd_amd_cl_mlp_pao_if_ortho_geosupport_ovr_ov_i9a2_l01_r0000fdf5_c0000d538,ov_i9a2_l01_r0000fdf5_c0000d538,ov_i9a2_l01_r0000fdf5_c0000d538
324,Path,\\amssclgis08.ams.gmams.cl\CL_MLP_PAO\01_Proyectos_ArcGIS\APRX\CL MLP PAO Aereo Image Server\SQLServer-amssclgis06_ArcGIS-Aereo.sde\OWD.AMD_CL_MLP_PAO_IF_Ortho_Geosupport_OVR\\Ov_i9A2_L01_R0000FDF3_C0000D510,//amssclgis08.ams.gmams.cl/cl_mlp_pao/01_proyectos_arcgis/aprx/cl mlp pao aereo image server/sqlserver-amssclgis06_arcgis-aereo.sde/owd.amd_cl_mlp_pao_if_ortho_geosupport_ovr//ov_i9a2_l01_r0000fdf3_c0000d510,ov_i9a2_l01_r0000fdf3_c0000d510,ov_i9a2_l01_r0000fdf3_c0000d510,amssclgis08_ams_gmams_cl_cl_mlp_pao_01_proyectos_arcgis_aprx_cl_mlp_pao_aereo_image_server_sqlserver_amssclgis06_arcgis_aereo_sde_owd_amd_cl_mlp_pao_if_ortho_geosupport_ovr_ov_i9a2_l01_r0000fdf3_c0000d510,ov_i9a2_l01_r0000fdf3_c0000d510,ov_i9a2_l01_r0000fdf3_c0000d510
325,Path,\\amssclgis08.ams.gmams.cl\CL_MLP_PAO\01_Proyectos_ArcGIS\APRX\CL MLP PAO Aereo Image Server\SQLServer-amssclgis06_ArcGIS-Aereo.sde\OWD.AMD_CL_MLP_PAO_IF_Ortho_Geosupport_OVR\\Ov_i9A2_L01_R0000FDF3_C0000D511,//amssclgis08.ams.gmams.cl/cl_mlp_pao/01_proyectos_arcgis/aprx/cl mlp pao aereo image server/sqlserver-amssclgis06_arcgis-aereo.sde/owd.amd_cl_mlp_pao_if_ortho_geosupport_ovr//ov_i9a2_l01_r0000fdf3_c0000d511,ov_i9a2_l01_r0000fdf3_c0000d511,ov_i9a2_l01_r0000fdf3_c0000d511,amssclgis08_ams_gmams_cl_cl_mlp_pao_01_proyectos_arcgis_aprx_cl_mlp_pao_aereo_image_server_sqlserver_amssclgis06_arcgis_aereo_sde_owd_amd_cl_mlp_pao_if_ortho_geosupport_ovr_ov_i9a2_l01_r0000fdf3_c0000d511,ov_i9a2_l01_r0000fdf3_c0000d511,ov_i9a2_l01_r0000fdf3_c0000d511
326,Path,\\amssclgis08.ams.gmams.cl\CL_MLP_PAO\01_Proyectos_ArcGIS\APRX\CL MLP PAO Aereo Image Server\SQLServer-amssclgis06_ArcGIS-Aereo.sde\OWD.AMD_CL_MLP_PAO_IF_Ortho_Geosupport_OVR\\Ov_i9A2_L01_R0000FDF4_C0000D511,//amssclgis08.ams.gmams.cl/cl_mlp_pao/01_proyectos_arcgis/aprx/cl mlp pao aereo image server/sqlserver-amssclgis06_arcgis-aereo.sde/owd.amd_cl_mlp_pao_if_ortho_geosupport_ovr//ov_i9a2_l01_r0000fdf4_c0000d511,ov_i9a2_l01_r0000fdf4_c0000d511,ov_i9a2_l01_r0000fdf4_c0000d511,amssclgis08_ams_gmams_cl_cl_mlp_pao_01_proyectos_arcgis_aprx_cl_mlp_pao_aereo_image_server_sqlserver_amssclgis06_arcgis_aereo_sde_owd_amd_cl_mlp_pao_if_ortho_geosupport_ovr_ov_i9a2_l01_r0000fdf4_c0000d511,ov_i9a2_l01_r0000fdf4_c0000d511,ov_i9a2_l01_r0000fdf4_c0000d511
327,Path,\\amssclgis08.ams.gmams.cl\CL_MLP_PAO\01_Proyectos_ArcGIS\APRX\CL MLP PAO Aereo Image Server\SQLServer-amssclgis06_ArcGIS-Aereo.sde\OWD.AMD_CL_MLP_PAO_IF_Ortho_Geosupport_OVR\\Ov_i9A2_L01_R0000FDF5_C0000D511,//amssclgis08.ams.gmams.cl/cl_mlp_pao/01_proyectos_arcgis/aprx/cl mlp pao aereo image server/sqlserver-amssclgis06_arcgis-aereo.sde/owd.amd_cl_mlp_pao_if_ortho_geosupport_ovr//ov_i9a2_l01_r0000fdf5_c0000d511,ov_i9a2_l01_r0000fdf5_c0000d511,ov_i9a2_l01_r0000fdf5_c0000d511,amssclgis08_ams_gmams_cl_cl_mlp_pao_01_proyectos_arcgis_aprx_cl_mlp_pao_aereo_image_server_sqlserver_amssclgis06_arcgis_aereo_sde_owd_amd_cl_mlp_pao_if_ortho_geosupport_ovr_ov_i9a2_l01_r0000fdf5_c0000d511,ov_i9a2_l01_r0000fdf5_c0000d511,ov_i9a2_l01_r0000fdf5_c0000d511
328,Path,\\amssclgis08.ams.gmams.cl\CL_MLP_PAO\01_Proyectos_ArcGIS\APRX\CL MLP PAO Aereo Image Server\SQLServer-amssclgis06_ArcGIS-Aereo.sde\OWD.AMD_CL_MLP_PAO_IF_Ortho_Geosupport_OVR\\Ov_i9A2_L01_R0000FDF3_C0000D50D,//amssclgis08.ams.gmams.cl/cl_mlp_pao/01_proyectos_arcgis/aprx/cl mlp pao aereo image server/sqlserver-amssclgis06_arcgis-aereo.sde/owd.amd_cl_mlp_pao_if_ortho_geosupport_ovr//ov_i9a2_l01_r0000fdf3_c0000d50d,ov_i9a2_l01_r0000fdf3_c0000d50d,ov_i9a2_l01_r0000fdf3_c0000d50d,amssclgis08_ams_gmams_cl_cl_mlp_pao_01_proyectos_arcgis_aprx_cl_mlp_pao_aereo_image_server_sqlserver_amssclgis06_arcgis_aereo_sde_owd_amd_cl_mlp_pao_if_ortho_geosupport_ovr_ov_i9a2_l01_r0000fdf3_c0000d50d,ov_i9a2_l01_r0000fdf3_c0000d50d,ov_i9a2_l01_r0000fdf3_c0000d50d
329,Path,\\amssclgis08.ams.gmams.cl\CL_MLP_PAO\01_Proyectos_ArcGIS\APRX\CL MLP PAO Aereo Image Server\SQLServer-amssclgis06_ArcGIS-Aereo.sde\OWD.AMD_CL_MLP_PAO_IF_Ortho_Geosupport_OVR\\Ov_i9A2_L01_R0000FDF4_C0000D50C,//amssclgis08.ams.gmams.cl/cl_mlp_pao/01_proyectos_arcgis/aprx/cl mlp pao aereo image server/sqlserver-amssclgis06_arcgis-aereo.sde/owd.amd_cl_mlp_pao_if_ortho_geosupport_ovr//ov_i9a2_l01_r0000fdf4_c0000d50c,ov_i9a2_l01_r0000fdf4_c0000d50c,ov_i9a2_l01_r0000fdf4_c0000d50c,amssclgis08_ams_gmams_cl_cl_mlp_pao_01_proyectos_arcgis_aprx_cl_mlp_pao_aereo_image_server_sqlserver_amssclgis06_arcgis_aereo_sde_owd_amd_cl_mlp_pao_if_ortho_geosupport_ovr_ov_i9a2_l01_r0000fdf4_c0000d50c,ov_i9a2_l01_r0000fdf4_c0000d50c,ov_i9a2_l01_r0000fdf4_c0000d50c
330,Path,\\amssclgis08.ams.gmams.cl\CL_MLP_PAO\01_Proyectos_ArcGIS\APRX\CL MLP PAO Aereo Image Server\SQLServer-amssclgis06_ArcGIS-Aereo.sde\OWD.AMD_CL_MLP_PAO_IF_Ortho_Geosupport_OVR\\Ov_i9A2_L01_R0000FDF4_C0000D50D,//amssclgis08.ams.gmams.cl/cl_mlp_pao/01_proyectos_arcgis/aprx/cl mlp pao aereo image server/sqlserver-amssclgis06_arcgis-aereo.sde/owd.amd_cl_mlp_pao_if_ortho_geosupport_ovr//ov_i9a2_l01_r0000fdf4_c0000d50d,ov_i9a2_l01_r0000fdf4_c0000d50d,ov_i9a2_l01_r0000fdf4_c0000d50d,amssclgis08_ams_gmams_cl_cl_mlp_pao_01_proyectos_arcgis_aprx_cl_mlp_pao_aereo_image_server_sqlserver_amssclgis06_arcgis_aereo_sde_owd_amd_cl_mlp_pao_if_ortho_geosupport_ovr_ov_i9a2_l01_r0000fdf4_c0000d50d,ov_i9a2_l01_r0000fdf4_c0000d50d,ov_i9a2_l01_r0000fdf4_c0000d50d
331,Path,\\amssclgis08.ams.gmams.cl\CL_MLP_PAO\01_Proyectos_ArcGIS\APRX\CL MLP PAO Aereo Image Server\SQLServer-amssclgis06_ArcGIS-Aereo.sde\OWD.AMD_CL_MLP_PAO_IF_Ortho_Geosupport_OVR\\Ov_i9A2_L01_R0000FDF1_C0000D52C,//amssclgis08.ams.gmams.cl/cl_mlp_pao/01_proyectos_arcgis/aprx/cl mlp pao aereo image server/sqlserver-amssclgis06_arcgis-aereo.sde/owd.amd_cl_mlp_pao_if_ortho_geosupport_ovr//ov_i9a2_l01_r0000fdf1_c0000d52c,ov_i9a2_l01_r0000fdf1_c0000d52c,ov_i9a2_l01_r0000fdf1_c0000d52c,amssclgis08_ams_gmams_cl_cl_mlp_pao_01_proyectos_arcgis_aprx_cl_mlp_pao_aereo_image_server_sqlserver_amssclgis06_arcgis_aereo_sde_owd_amd_cl_mlp_pao_if_ortho_geosupport_ovr_ov_i9a2_l01_r0000fdf1_c0000d52c,ov_i9a2_l01_r0000fdf1_c0000d52c,ov_i9a2_l01_r0000fdf1_c0000d52c
332,Path,\\amssclgis08.ams.gmams.cl\CL_MLP_PAO\01_Proyectos_ArcGIS\APRX\CL MLP PAO Aereo Image Server\SQLServer-amssclgis06_ArcGIS-Aereo.sde\OWD.AMD_CL_MLP_PAO_IF_Ortho_Geosupport_OVR\\Ov_i9A2_L01_R0000FDF1_C0000D52D,//amssclgis08.ams.gmams.cl/cl_mlp_pao/01_proyectos_arcgis/aprx/cl mlp pao aereo image server/sqlserver-amssclgis06_arcgis-aereo.sde/owd.amd_cl_mlp_pao_if_ortho_geosupport_ovr//ov_i9a2_l01_r0000fdf1_c0000d52d,ov_i9a2_l01_r0000fdf1_c0000d52d,ov_i9a2_l01_r0000fdf1_c0000d52d,amssclgis08_ams_gmams_cl_cl_mlp_pao_01_proyectos_arcgis_aprx_cl_mlp_pao_aereo_image_server_sqlserver_amssclgis06_arcgis_aereo_sde_owd_amd_cl_mlp_pao_if_ortho_geosupport_ovr_ov_i9a2_l01_r0000fdf1_c0000d52d,ov_i9a2_l01_r0000fdf1_c0000d52d,ov_i9a2_l01_r0000fdf1_c0000d52d
333,Path,\\amssclgis08.ams.gmams.cl\CL_MLP_PAO\01_Proyectos_ArcGIS\APRX\CL MLP PAO Aereo Image Server\SQLServer-amssclgis06_ArcGIS-Aereo.sde\OWD.AMD_CL_MLP_PAO_IF_Ortho_Geosupport_OVR\\Ov_i9A2_L01_R0000FDF1_C0000D52E,//amssclgis08.ams.gmams.cl/cl_mlp_pao/01_proyectos_arcgis/aprx/cl mlp pao aereo image server/sqlserver-amssclgis06_arcgis-aereo.sde/owd.amd_cl_mlp_pao_if_ortho_geosupport_ovr//ov_i9a2_l01_r0000fdf1_c0000d52e,ov_i9a2_l01_r0000fdf1_c0000d52e,ov_i9a2_l01_r0000fdf1_c0000d52e,amssclgis08_ams_gmams_cl_cl_mlp_pao_01_proyectos_arcgis_aprx_cl_mlp_pao_aereo_image_server_sqlserver_amssclgis06_arcgis_aereo_sde_owd_amd_cl_mlp_pao_if_ortho_geosupport_ovr_ov_i9a2_l01_r0000fdf1_c0000d52e,ov_i9a2_l01_r0000fdf1_c0000d52e,ov_i9a2_l01_r0000fdf1_c0000d52e
334,Path,\\amssclgis08.ams.gmams.cl\CL_MLP_PAO\01_Proyectos_ArcGIS\APRX\CL MLP PAO Aereo Image Server\SQLServer-amssclgis06_ArcGIS-Aereo.sde\OWD.AMD_CL_MLP_PAO_IF_Ortho_Geosupport_OVR\\Ov_i9A2_L01_R0000FDF1_C0000D52F,//amssclgis08.ams.gmams.cl/cl_mlp_pao/01_proyectos_arcgis/aprx/cl mlp pao aereo image server/sqlserver-amssclgis06_arcgis-aereo.sde/owd.amd_cl_mlp_pao_if_ortho_geosupport_ovr//ov_i9a2_l01_r0000fdf1_c0000d52f,ov_i9a2_l01_r0000fdf1_c0000d52f,ov_i9a2_l01_r0000fdf1_c0000d52f,amssclgis08_ams_gmams_cl_cl_mlp_pao_01_proyectos_arcgis_aprx_cl_mlp_pao_aereo_image_server_sqlserver_amssclgis06_arcgis_aereo_sde_owd_amd_cl_mlp_pao_if_ortho_geosupport_ovr_ov_i9a2_l01_r0000fdf1_c0000d52f,ov_i9a2_l01_r0000fdf1_c0000d52f,ov_i9a2_l01_r0000fdf1_c0000d52f
335,Path,\\amssclgis08.ams.gmams.cl\CL_MLP_PAO\01_Proyectos_ArcGIS\APRX\CL MLP PAO Aereo Image Server\SQLServer-amssclgis06_ArcGIS-Aereo.sde\OWD.AMD_CL_MLP_PAO_IF_Ortho_Geosupport_OVR\\Ov_i9A2_L01_R0000FDF2_C0000D52F,//amssclgis08.ams.gmams.cl/cl_mlp_pao/01_proyectos_arcgis/aprx/cl mlp pao aereo image server/sqlserver-amssclgis06_arcgis-aereo.sde/owd.amd_cl_mlp_pao_if_ortho_geosupport_ovr//ov_i9a2_l01_r0000fdf2_c0000d52f,ov_i9a2_l01_r0000fdf2_c0000d52f,ov_i9a2_l01_r0000fdf2_c0000d52f,amssclgis08_ams_gmams_cl_cl_mlp_pao_01_proyectos_arcgis_aprx_cl_mlp_pao_aereo_image_server_sqlserver_amssclgis06_arcgis_aereo_sde_owd_amd_cl_mlp_pao_if_ortho_geosupport_ovr_ov_i9a2_l01_r0000fdf2_c0000d52f,ov_i9a2_l01_r0000fdf2_c0000d52f,ov_i9a2_l01_r0000fdf2_c0000d52f
336,Path,\\amssclgis08.ams.gmams.cl\CL_MLP_PAO\01_Proyectos_ArcGIS\APRX\CL MLP PAO Aereo Image Server\SQLServer-amssclgis06_ArcGIS-Aereo.sde\OWD.AMD_CL_MLP_PAO_IF_Ortho_Geosupport_OVR\\Ov_i9A2_L01_R0000FDF2_C0000D532,//amssclgis08.ams.gmams.cl/cl_mlp_pao/01_proyectos_arcgis/aprx/cl mlp pao aereo image server/sqlserver-amssclgis06_arcgis-aereo.sde/owd.amd_cl_mlp_pao_if_ortho_geosupport_ovr//ov_i9a2_l01_r0000fdf2_c0000d532,ov_i9a2_l01_r0000fdf2_c0000d532,ov_i9a2_l01_r0000fdf2_c0000d532,amssclgis08_ams_gmams_cl_cl_mlp_pao_01_proyectos_arcgis_aprx_cl_mlp_pao_aereo_image_server_sqlserver_amssclgis06_arcgis_aereo_sde_owd_amd_cl_mlp_pao_if_ortho_geosupport_ovr_ov_i9a2_l01_r0000fdf2_c0000d532,ov_i9a2_l01_r0000fdf2_c0000d532,ov_i9a2_l01_r0000fdf2_c0000d532
337,Path,\\amssclgis08.ams.gmams.cl\CL_MLP_PAO\01_Proyectos_ArcGIS\APRX\CL MLP PAO Aereo Image Server\SQLServer-amssclgis06_ArcGIS-Aereo.sde\OWD.AMD_CL_MLP_PAO_IF_Ortho_Geosupport_OVR\\Ov_i9A2_L01_R0000FDF2_C0000D533,//amssclgis08.ams.gmams.cl/cl_mlp_pao/01_proyectos_arcgis/aprx/cl mlp pao aereo image server/sqlserver-amssclgis06_arcgis-aereo.sde/owd.amd_cl_mlp_pao_if_ortho_geosupport_ovr//ov_i9a2_l01_r0000fdf2_c0000d533,ov_i9a2_l01_r0000fdf2_c0000d533,ov_i9a2_l01_r0000fdf2_c0000d533,amssclgis08_ams_gmams_cl_cl_mlp_pao_01_proyectos_arcgis_aprx_cl_mlp_pao_aereo_image_server_sqlserver_amssclgis06_arcgis_aereo_sde_owd_amd_cl_mlp_pao_if_ortho_geosupport_ovr_ov_i9a2_l01_r0000fdf2_c0000d533,ov_i9a2_l01_r0000fdf2_c0000d533,ov_i9a2_l01_r0000fdf2_c0000d533
338,Path,\\amssclgis08.ams.gmams.cl\CL_MLP_PAO\01_Proyectos_ArcGIS\APRX\CL MLP PAO Aereo Image Server\SQLServer-amssclgis06_ArcGIS-Aereo.sde\OWD.AMD_CL_MLP_PAO_IF_Ortho_Geosupport_OVR\\Ov_i9A2_L01_R0000FDF3_C0000D52F,//amssclgis08.ams.gmams.cl/cl_mlp_pao/01_proyectos_arcgis/aprx/cl mlp pao aereo image server/sqlserver-amssclgis06_arcgis-aereo.sde/owd.amd_cl_mlp_pao_if_ortho_geosupport_ovr//ov_i9a2_l01_r0000fdf3_c0000d52f,ov_i9a2_l01_r0000fdf3_c0000d52f,ov_i9a2_l01_r0000fdf3_c0000d52f,amssclgis08_ams_gmams_cl_cl_mlp_pao_01_proyectos_arcgis_aprx_cl_mlp_pao_aereo_image_server_sqlserver_amssclgis06_arcgis_aereo_sde_owd_amd_cl_mlp_pao_if_ortho_geosupport_ovr_ov_i9a2_l01_r0000fdf3_c0000d52f,ov_i9a2_l01_r0000fdf3_c0000d52f,ov_i9a2_l01_r0000fdf3_c0000d52f
339,Path,\\amssclgis08.ams.gmams.cl\CL_MLP_PAO\01_Proyectos_ArcGIS\APRX\CL MLP PAO Aereo Image Server\SQLServer-amssclgis06_ArcGIS-Aereo.sde\OWD.AMD_CL_MLP_PAO_IF_Ortho_Geosupport_OVR\\Ov_i9A2_L01_R0000FDF3_C0000D533,//amssclgis08.ams.gmams.cl/cl_mlp_pao/01_proyectos_arcgis/aprx/cl mlp pao aereo image server/sqlserver-amssclgis06_arcgis-aereo.sde/owd.amd_cl_mlp_pao_if_ortho_geosupport_ovr//ov_i9a2_l01_r0000fdf3_c0000d533,ov_i9a2_l01_r0000fdf3_c0000d533,ov_i9a2_l01_r0000fdf3_c0000d533,amssclgis08_ams_gmams_cl_cl_mlp_pao_01_proyectos_arcgis_aprx_cl_mlp_pao_aereo_image_server_sqlserver_amssclgis06_arcgis_aereo_sde_owd_amd_cl_mlp_pao_if_ortho_geosupport_ovr_ov_i9a2_l01_r0000fdf3_c0000d533,ov_i9a2_l01_r0000fdf3_c0000d533,ov_i9a2_l01_r0000fdf3_c0000d533
340,Path,\\amssclgis08.ams.gmams.cl\CL_MLP_PAO\01_Proyectos_ArcGIS\APRX\CL MLP PAO Aereo Image Server\SQLServer-amssclgis06_ArcGIS-Aereo.sde\OWD.AMD_CL_MLP_PAO_IF_Ortho_Geosupport_OVR\\Ov_i9A2_L01_R0000FDF4_C0000D52F,//amssclgis08.ams.gmams.cl/cl_mlp_pao/01_proyectos_arcgis/aprx/cl mlp pao aereo image server/sqlserver-amssclgis06_arcgis-aereo.sde/owd.amd_cl_mlp_pao_if_ortho_geosupport_ovr//ov_i9a2_l01_r0000fdf4_c0000d52f,ov_i9a2_l01_r0000fdf4_c0000d52f,ov_i9a2_l01_r0000fdf4_c0000d52f,amssclgis08_ams_gmams_cl_cl_mlp_pao_01_proyectos_arcgis_aprx_cl_mlp_pao_aereo_image_server_sqlserver_amssclgis06_arcgis_aereo_sde_owd_amd_cl_mlp_pao_if_ortho_geosupport_ovr_ov_i9a2_l01_r0000fdf4_c0000d52f,ov_i9a2_l01_r0000fdf4_c0000d52f,ov_i9a2_l01_r0000fdf4_c0000d52f
341,Path,\\amssclgis08.ams.gmams.cl\CL_MLP_PAO\01_Proyectos_ArcGIS\APRX\CL MLP PAO Aereo Image Server\SQLServer-amssclgis06_ArcGIS-Aereo.sde\OWD.AMD_CL_MLP_PAO_IF_Ortho_Geosupport_OVR\\Ov_i9A2_L01_R0000FDF4_C0000D530,//amssclgis08.ams.gmams.cl/cl_mlp_pao/01_proyectos_arcgis/aprx/cl mlp pao aereo image server/sqlserver-amssclgis06_arcgis-aereo.sde/owd.amd_cl_mlp_pao_if_ortho_geosupport_ovr//ov_i9a2_l01_r0000fdf4_c0000d530,ov_i9a2_l01_r0000fdf4_c0000d530,ov_i9a2_l01_r0000fdf4_c0000d530,amssclgis08_ams_gmams_cl_cl_mlp_pao_01_proyectos_arcgis_aprx_cl_mlp_pao_aereo_image_server_sqlserver_amssclgis06_arcgis_aereo_sde_owd_amd_cl_mlp_pao_if_ortho_geosupport_ovr_ov_i9a2_l01_r0000fdf4_c0000d530,ov_i9a2_l01_r0000fdf4_c0000d530,ov_i9a2_l01_r0000fdf4_c0000d530
342,Path,\\amssclgis08.ams.gmams.cl\CL_MLP_PAO\01_Proyectos_ArcGIS\APRX\CL MLP PAO Aereo Image Server\SQLServer-amssclgis06_ArcGIS-Aereo.sde\OWD.AMD_CL_MLP_PAO_IF_Ortho_Geosupport_OVR\\Ov_i9A2_L01_R0000FDF4_C0000D531,//amssclgis08.ams.gmams.cl/cl_mlp_pao/01_proyectos_arcgis/aprx/cl mlp pao aereo image server/sqlserver-amssclgis06_arcgis-aereo.sde/owd.amd_cl_mlp_pao_if_ortho_geosupport_ovr//ov_i9a2_l01_r0000fdf4_c0000d531,ov_i9a2_l01_r0000fdf4_c0000d531,ov_i9a2_l01_r0000fdf4_c0000d531,amssclgis08_ams_gmams_cl_cl_mlp_pao_01_proyectos_arcgis_aprx_cl_mlp_pao_aereo_image_server_sqlserver_amssclgis06_arcgis_aereo_sde_owd_amd_cl_mlp_pao_if_ortho_geosupport_ovr_ov_i9a2_l01_r0000fdf4_c0000d531,ov_i9a2_l01_r0000fdf4_c0000d531,ov_i9a2_l01_r0000fdf4_c0000d531
343,Path,\\amssclgis08.ams.gmams.cl\CL_MLP_PAO\01_Proyectos_ArcGIS\APRX\CL MLP PAO Aereo Image Server\SQLServer-amssclgis06_ArcGIS-Aereo.sde\OWD.AMD_CL_MLP_PAO_IF_Ortho_Geosupport_OVR\\Ov_i9A2_L01_R0000FDF4_C0000D532,//amssclgis08.ams.gmams.cl/cl_mlp_pao/01_proyectos_arcgis/aprx/cl mlp pao aereo image server/sqlserver-amssclgis06_arcgis-aereo.sde/owd.amd_cl_mlp_pao_if_ortho_geosupport_ovr//ov_i9a2_l01_r0000fdf4_c0000d532,ov_i9a2_l01_r0000fdf4_c0000d532,ov_i9a2_l01_r0000fdf4_c0000d532,amssclgis08_ams_gmams_cl_cl_mlp_pao_01_proyectos_arcgis_aprx_cl_mlp_pao_aereo_image_server_sqlserver_amssclgis06_arcgis_aereo_sde_owd_amd_cl_mlp_pao_if_ortho_geosupport_ovr_ov_i9a2_l01_r0000fdf4_c0000d532,ov_i9a2_l01_r0000fdf4_c0000d532,ov_i9a2_l01_r0000fdf4_c0000d532
344,Path,\\amssclgis08.ams.gmams.cl\CL_MLP_PAO\01_Proyectos_ArcGIS\APRX\CL MLP PAO Aereo Image Server\SQLServer-amssclgis06_ArcGIS-Aereo.sde\OWD.AMD_CL_MLP_PAO_IF_Ortho_Geosupport_OVR\\Ov_i9A2_L01_R0000FDF4_C0000D533,//amssclgis08.ams.gmams.cl/cl_mlp_pao/01_proyectos_arcgis/aprx/cl mlp pao aereo image server/sqlserver-amssclgis06_arcgis-aereo.sde/owd.amd_cl_mlp_pao_if_ortho_geosupport_ovr//ov_i9a2_l01_r0000fdf4_c0000d533,ov_i9a2_l01_r0000fdf4_c0000d533,ov_i9a2_l01_r0000fdf4_c0000d533,amssclgis08_ams_gmams_cl_cl_mlp_pao_01_proyectos_arcgis_aprx_cl_mlp_pao_aereo_image_server_sqlserver_amssclgis06_arcgis_aereo_sde_owd_amd_cl_mlp_pao_if_ortho_geosupport_ovr_ov_i9a2_l01_r0000fdf4_c0000d533,ov_i9a2_l01_r0000fdf4_c0000d533,ov_i9a2_l01_r0000fdf4_c0000d533
345,Path,\\amssclgis08.ams.gmams.cl\CL_MLP_PAO\01_Proyectos_ArcGIS\APRX\CL MLP PAO Aereo Image Server\SQLServer-amssclgis06_ArcGIS-Aereo.sde\OWD.AMD_CL_MLP_PAO_IF_Ortho_Geosupport_OVR\\Ov_i9A2_L01_R0000FDF3_C0000D524,//amssclgis08.ams.gmams.cl/cl_mlp_pao/01_proyectos_arcgis/aprx/cl mlp pao aereo image server/sqlserver-amssclgis06_arcgis-aereo.sde/owd.amd_cl_mlp_pao_if_ortho_geosupport_ovr//ov_i9a2_l01_r0000fdf3_c0000d524,ov_i9a2_l01_r0000fdf3_c0000d524,ov_i9a2_l01_r0000fdf3_c0000d524,amssclgis08_ams_gmams_cl_cl_mlp_pao_01_proyectos_arcgis_aprx_cl_mlp_pao_aereo_image_server_sqlserver_amssclgis06_arcgis_aereo_sde_owd_amd_cl_mlp_pao_if_ortho_geosupport_ovr_ov_i9a2_l01_r0000fdf3_c0000d524,ov_i9a2_l01_r0000fdf3_c0000d524,ov_i9a2_l01_r0000fdf3_c0000d524
346,Path,\\amssclgis08.ams.gmams.cl\CL_MLP_PAO\01_Proyectos_ArcGIS\APRX\CL MLP PAO Aereo Image Server\SQLServer-amssclgis06_ArcGIS-Aereo.sde\OWD.AMD_CL_MLP_PAO_IF_Ortho_Geosupport_OVR\\Ov_i9A2_L01_R0000FDF4_C0000D524,//amssclgis08.ams.gmams.cl/cl_mlp_pao/01_proyectos_arcgis/aprx/cl mlp pao aereo image server/sqlserver-amssclgis06_arcgis-aereo.sde/owd.amd_cl_mlp_pao_if_ortho_geosupport_ovr//ov_i9a2_l01_r0000fdf4_c0000d524,ov_i9a2_l01_r0000fdf4_c0000d524,ov_i9a2_l01_r0000fdf4_c0000d524,amssclgis08_ams_gmams_cl_cl_mlp_pao_01_proyectos_arcgis_aprx_cl_mlp_pao_aereo_image_server_sqlserver_amssclgis06_arcgis_aereo_sde_owd_amd_cl_mlp_pao_if_ortho_geosupport_ovr_ov_i9a2_l01_r0000fdf4_c0000d524,ov_i9a2_l01_r0000fdf4_c0000d524,ov_i9a2_l01_r0000fdf4_c0000d524
347,Path,\\amssclgis08.ams.gmams.cl\CL_MLP_PAO\01_Proyectos_ArcGIS\APRX\CL MLP PAO Aereo Image Server\SQLServer-amssclgis06_ArcGIS-Aereo.sde\OWD.AMD_CL_MLP_PAO_IF_Ortho_Geosupport_OVR\\Ov_i9A2_L01_R0000FDF4_C0000D525,//amssclgis08.ams.gmams.cl/cl_mlp_pao/01_proyectos_arcgis/aprx/cl mlp pao aereo image server/sqlserver-amssclgis06_arcgis-aereo.sde/owd.amd_cl_mlp_pao_if_ortho_geosupport_ovr//ov_i9a2_l01_r0000fdf4_c0000d525,ov_i9a2_l01_r0000fdf4_c0000d525,ov_i9a2_l01_r0000fdf4_c0000d525,amssclgis08_ams_gmams_cl_cl_mlp_pao_01_proyectos_arcgis_aprx_cl_mlp_pao_aereo_image_server_sqlserver_amssclgis06_arcgis_aereo_sde_owd_amd_cl_mlp_pao_if_ortho_geosupport_ovr_ov_i9a2_l01_r0000fdf4_c0000d525,ov_i9a2_l01_r0000fdf4_c0000d525,ov_i9a2_l01_r0000fdf4_c0000d525
348,Path,\\amssclgis08.ams.gmams.cl\CL_MLP_PAO\01_Proyectos_ArcGIS\APRX\CL MLP PAO Aereo Image Server\SQLServer-amssclgis06_ArcGIS-Aereo.sde\OWD.AMD_CL_MLP_PAO_IF_Ortho_Geosupport_OVR\\Ov_i9A2_L01_R0000FDF4_C0000D526,//amssclgis08.ams.gmams.cl/cl_mlp_pao/01_proyectos_arcgis/aprx/cl mlp pao aereo image server/sqlserver-amssclgis06_arcgis-aereo.sde/owd.amd_cl_mlp_pao_if_ortho_geosupport_ovr//ov_i9a2_l01_r0000fdf4_c0000d526,ov_i9a2_l01_r0000fdf4_c0000d526,ov_i9a2_l01_r0000fdf4_c0000d526,amssclgis08_ams_gmams_cl_cl_mlp_pao_01_proyectos_arcgis_aprx_cl_mlp_pao_aereo_image_server_sqlserver_amssclgis06_arcgis_aereo_sde_owd_amd_cl_mlp_pao_if_ortho_geosupport_ovr_ov_i9a2_l01_r0000fdf4_c0000d526,ov_i9a2_l01_r0000fdf4_c0000d526,ov_i9a2_l01_r0000fdf4_c0000d526
349,Path,\\amssclgis08.ams.gmams.cl\CL_MLP_PAO\01_Proyectos_ArcGIS\APRX\CL MLP PAO Aereo Image Server\SQLServer-amssclgis06_ArcGIS-Aereo.sde\OWD.AMD_CL_MLP_PAO_IF_Ortho_Geosupport_OVR\\Ov_i9A2_L01_R0000FDF3_C0000D52B,//amssclgis08.ams.gmams.cl/cl_mlp_pao/01_proyectos_arcgis/aprx/cl mlp pao aereo image server/sqlserver-amssclgis06_arcgis-aereo.sde/owd.amd_cl_mlp_pao_if_ortho_geosupport_ovr//ov_i9a2_l01_r0000fdf3_c0000d52b,ov_i9a2_l01_r0000fdf3_c0000d52b,ov_i9a2_l01_r0000fdf3_c0000d52b,amssclgis08_ams_gmams_cl_cl_mlp_pao_01_proyectos_arcgis_aprx_cl_mlp_pao_aereo_image_server_sqlserver_amssclgis06_arcgis_aereo_sde_owd_amd_cl_mlp_pao_if_ortho_geosupport_ovr_ov_i9a2_l01_r0000fdf3_c0000d52b,ov_i9a2_l01_r0000fdf3_c0000d52b,ov_i9a2_l01_r0000fdf3_c0000d52b
350,Path,\\amssclgis08.ams.gmams.cl\CL_MLP_PAO\01_Proyectos_ArcGIS\APRX\CL MLP PAO Aereo Image Server\SQLServer-amssclgis06_ArcGIS-Aereo.sde\OWD.AMD_CL_MLP_PAO_IF_Ortho_Geosupport_OVR\\Ov_i9A2_L01_R0000FDF4_C0000D52A,//amssclgis08.ams.gmams.cl/cl_mlp_pao/01_proyectos_arcgis/aprx/cl mlp pao aereo image server/sqlserver-amssclgis06_arcgis-aereo.sde/owd.amd_cl_mlp_pao_if_ortho_geosupport_ovr//ov_i9a2_l01_r0000fdf4_c0000d52a,ov_i9a2_l01_r0000fdf4_c0000d52a,ov_i9a2_l01_r0000fdf4_c0000d52a,amssclgis08_ams_gmams_cl_cl_mlp_pao_01_proyectos_arcgis_aprx_cl_mlp_pao_aereo_image_server_sqlserver_amssclgis06_arcgis_aereo_sde_owd_amd_cl_mlp_pao_if_ortho_geosupport_ovr_ov_i9a2_l01_r0000fdf4_c0000d52a,ov_i9a2_l01_r0000fdf4_c0000d52a,ov_i9a2_l01_r0000fdf4_c0000d52a
351,Path,\\amssclgis08.ams.gmams.cl\CL_MLP_PAO\01_Proyectos_ArcGIS\APRX\CL MLP PAO Aereo Image Server\SQLServer-amssclgis06_ArcGIS-Aereo.sde\OWD.AMD_CL_MLP_PAO_IF_Ortho_Geosupport_OVR\\Ov_i9A2_L01_R0000FDF4_C0000D52B,//amssclgis08.ams.gmams.cl/cl_mlp_pao/01_proyectos_arcgis/aprx/cl mlp pao aereo image server/sqlserver-amssclgis06_arcgis-aereo.sde/owd.amd_cl_mlp_pao_if_ortho_geosupport_ovr//ov_i9a2_l01_r0000fdf4_c0000d52b,ov_i9a2_l01_r0000fdf4_c0000d52b,ov_i9a2_l01_r0000fdf4_c0000d52b,amssclgis08_ams_gmams_cl_cl_mlp_pao_01_proyectos_arcgis_aprx_cl_mlp_pao_aereo_image_server_sqlserver_amssclgis06_arcgis_aereo_sde_owd_amd_cl_mlp_pao_if_ortho_geosupport_ovr_ov_i9a2_l01_r0000fdf4_c0000d52b,ov_i9a2_l01_r0000fdf4_c0000d52b,ov_i9a2_l01_r0000fdf4_c0000d52b
352,Path,\\amssclgis08.ams.gmams.cl\CL_MLP_PAO\01_Proyectos_ArcGIS\APRX\CL MLP PAO Aereo Image Server\SQLServer-amssclgis06_ArcGIS-Aereo.sde\OWD.AMD_CL_MLP_PAO_IF_Ortho_Geosupport_OVR\\Ov_i9A2_L01_R0000FDF3_C0000D50E,//amssclgis08.ams.gmams.cl/cl_mlp_pao/01_proyectos_arcgis/aprx/cl mlp pao aereo image server/sqlserver-amssclgis06_arcgis-aereo.sde/owd.amd_cl_mlp_pao_if_ortho_geosupport_ovr//ov_i9a2_l01_r0000fdf3_c0000d50e,ov_i9a2_l01_r0000fdf3_c0000d50e,ov_i9a2_l01_r0000fdf3_c0000d50e,amssclgis08_ams_gmams_cl_cl_mlp_pao_01_proyectos_arcgis_aprx_cl_mlp_pao_aereo_image_server_sqlserver_amssclgis06_arcgis_aereo_sde_owd_amd_cl_mlp_pao_if_ortho_geosupport_ovr_ov_i9a2_l01_r0000fdf3_c0000d50e,ov_i9a2_l01_r0000fdf3_c0000d50e,ov_i9a2_l01_r0000fdf3_c0000d50e
353,Path,\\amssclgis08.ams.gmams.cl\CL_MLP_PAO\01_Proyectos_ArcGIS\APRX\CL MLP PAO Aereo Image Server\SQLServer-amssclgis06_ArcGIS-Aereo.sde\OWD.AMD_CL_MLP_PAO_IF_Ortho_Geosupport_OVR\\Ov_i9A2_L01_R0000FDF3_C0000D50F,//amssclgis08.ams.gmams.cl/cl_mlp_pao/01_proyectos_arcgis/aprx/cl mlp pao aereo image server/sqlserver-amssclgis06_arcgis-aereo.sde/owd.amd_cl_mlp_pao_if_ortho_geosupport_ovr//ov_i9a2_l01_r0000fdf3_c0000d50f,ov_i9a2_l01_r0000fdf3_c0000d50f,ov_i9a2_l01_r0000fdf3_c0000d50f,amssclgis08_ams_gmams_cl_cl_mlp_pao_01_proyectos_arcgis_aprx_cl_mlp_pao_aereo_image_server_sqlserver_amssclgis06_arcgis_aereo_sde_owd_amd_cl_mlp_pao_if_ortho_geosupport_ovr_ov_i9a2_l01_r0000fdf3_c0000d50f,ov_i9a2_l01_r0000fdf3_c0000d50f,ov_i9a2_l01_r0000fdf3_c0000d50f
354,Path,\\amssclgis08.ams.gmams.cl\CL_MLP_PAO\01_Proyectos_ArcGIS\APRX\CL MLP PAO Aereo Image Server\SQLServer-amssclgis06_ArcGIS-Aereo.sde\OWD.AMD_CL_MLP_PAO_IF_Ortho_Geosupport_OVR\\Ov_i9A2_L01_R0000FDE2_C0000D57B,//amssclgis08.ams.gmams.cl/cl_mlp_pao/01_proyectos_arcgis/aprx/cl mlp pao aereo image server/sqlserver-amssclgis06_arcgis-aereo.sde/owd.amd_cl_mlp_pao_if_ortho_geosupport_ovr//ov_i9a2_l01_r0000fde2_c0000d57b,ov_i9a2_l01_r0000fde2_c0000d57b,ov_i9a2_l01_r0000fde2_c0000d57b,amssclgis08_ams_gmams_cl_cl_mlp_pao_01_proyectos_arcgis_aprx_cl_mlp_pao_aereo_image_server_sqlserver_amssclgis06_arcgis_aereo_sde_owd_amd_cl_mlp_pao_if_ortho_geosupport_ovr_ov_i9a2_l01_r0000fde2_c0000d57b,ov_i9a2_l01_r0000fde2_c0000d57b,ov_i9a2_l01_r0000fde2_c0000d57b
355,Path,\\amssclgis08.ams.gmams.cl\CL_MLP_PAO\01_Proyectos_ArcGIS\APRX\CL MLP PAO Aereo Image Server\SQLServer-amssclgis06_ArcGIS-Aereo.sde\OWD.AMD_CL_MLP_PAO_IF_Ortho_Geosupport_OVR\\Ov_i9A2_L01_R0000FDE3_C0000D57A,//amssclgis08.ams.gmams.cl/cl_mlp_pao/01_proyectos_arcgis/aprx/cl mlp pao aereo image server/sqlserver-amssclgis06_arcgis-aereo.sde/owd.amd_cl_mlp_pao_if_ortho_geosupport_ovr//ov_i9a2_l01_r0000fde3_c0000d57a,ov_i9a2_l01_r0000fde3_c0000d57a,ov_i9a2_l01_r0000fde3_c0000d57a,amssclgis08_ams_gmams_cl_cl_mlp_pao_01_proyectos_arcgis_aprx_cl_mlp_pao_aereo_image_server_sqlserver_amssclgis06_arcgis_aereo_sde_owd_amd_cl_mlp_pao_if_ortho_geosupport_ovr_ov_i9a2_l01_r0000fde3_c0000d57a,ov_i9a2_l01_r0000fde3_c0000d57a,ov_i9a2_l01_r0000fde3_c0000d57a
356,Path,\\amssclgis08.ams.gmams.cl\CL_MLP_PAO\01_Proyectos_ArcGIS\APRX\CL MLP PAO Aereo Image Server\SQLServer-amssclgis06_ArcGIS-Aereo.sde\OWD.AMD_CL_MLP_PAO_IF_Ortho_Geosupport_OVR\\Ov_i9A2_L01_R0000FDE3_C0000D57B,//amssclgis08.ams.gmams.cl/cl_mlp_pao/01_proyectos_arcgis/aprx/cl mlp pao aereo image server/sqlserver-amssclgis06_arcgis-aereo.sde/owd.amd_cl_mlp_pao_if_ortho_geosupport_ovr//ov_i9a2_l01_r0000fde3_c0000d57b,ov_i9a2_l01_r0000fde3_c0000d57b,ov_i9a2_l01_r0000fde3_c0000d57b,amssclgis08_ams_gmams_cl_cl_mlp_pao_01_proyectos_arcgis_aprx_cl_mlp_pao_aereo_image_server_sqlserver_amssclgis06_arcgis_aereo_sde_owd_amd_cl_mlp_pao_if_ortho_geosupport_ovr_ov_i9a2_l01_r0000fde3_c0000d57b,ov_i9a2_l01_r0000fde3_c0000d57b,ov_i9a2_l01_r0000fde3_c0000d57b
357,Path,\\amssclgis08.ams.gmams.cl\CL_MLP_PAO\01_Proyectos_ArcGIS\APRX\CL MLP PAO Aereo Image Server\SQLServer-amssclgis06_ArcGIS-Aereo.sde\OWD.AMD_CL_MLP_PAO_IF_Ortho_Geosupport_OVR\\Ov_i9A2_L01_R0000FDE3_C0000D57C,//amssclgis08.ams.gmams.cl/cl_mlp_pao/01_proyectos_arcgis/aprx/cl mlp pao aereo image server/sqlserver-amssclgis06_arcgis-aereo.sde/owd.amd_cl_mlp_pao_if_ortho_geosupport_ovr//ov_i9a2_l01_r0000fde3_c0000d57c,ov_i9a2_l01_r0000fde3_c0000d57c,ov_i9a2_l01_r0000fde3_c0000d57c,amssclgis08_ams_gmams_cl_cl_mlp_pao_01_proyectos_arcgis_aprx_cl_mlp_pao_aereo_image_server_sqlserver_amssclgis06_arcgis_aereo_sde_owd_amd_cl_mlp_pao_if_ortho_geosupport_ovr_ov_i9a2_l01_r0000fde3_c0000d57c,ov_i9a2_l01_r0000fde3_c0000d57c,ov_i9a2_l01_r0000fde3_c0000d57c
358,Path,\\amssclgis08.ams.gmams.cl\CL_MLP_PAO\01_Proyectos_ArcGIS\APRX\CL MLP PAO Aereo Image Server\SQLServer-amssclgis06_ArcGIS-Aereo.sde\OWD.AMD_CL_MLP_PAO_IF_Ortho_Geosupport_OVR\\Ov_i9A2_L01_R0000FDE3_C0000D57D,//amssclgis08.ams.gmams.cl/cl_mlp_pao/01_proyectos_arcgis/aprx/cl mlp pao aereo image server/sqlserver-amssclgis06_arcgis-aereo.sde/owd.amd_cl_mlp_pao_if_ortho_geosupport_ovr//ov_i9a2_l01_r0000fde3_c0000d57d,ov_i9a2_l01_r0000fde3_c0000d57d,ov_i9a2_l01_r0000fde3_c0000d57d,amssclgis08_ams_gmams_cl_cl_mlp_pao_01_proyectos_arcgis_aprx_cl_mlp_pao_aereo_image_server_sqlserver_amssclgis06_arcgis_aereo_sde_owd_amd_cl_mlp_pao_if_ortho_geosupport_ovr_ov_i9a2_l01_r0000fde3_c0000d57d,ov_i9a2_l01_r0000fde3_c0000d57d,ov_i9a2_l01_r0000fde3_c0000d57d
359,Path,\\amssclgis08.ams.gmams.cl\CL_MLP_PAO\01_Proyectos_ArcGIS\APRX\CL MLP PAO Aereo Image Server\SQLServer-amssclgis06_ArcGIS-Aereo.sde\OWD.AMD_CL_MLP_PAO_IF_Ortho_Geosupport_OVR\\Ov_i9A2_L01_R0000FDE4_C0000D57B,//amssclgis08.ams.gmams.cl/cl_mlp_pao/01_proyectos_arcgis/aprx/cl mlp pao aereo image server/sqlserver-amssclgis06_arcgis-aereo.sde/owd.amd_cl_mlp_pao_if_ortho_geosupport_ovr//ov_i9a2_l01_r0000fde4_c0000d57b,ov_i9a2_l01_r0000fde4_c0000d57b,ov_i9a2_l01_r0000fde4_c0000d57b,amssclgis08_ams_gmams_cl_cl_mlp_pao_01_proyectos_arcgis_aprx_cl_mlp_pao_aereo_image_server_sqlserver_amssclgis06_arcgis_aereo_sde_owd_amd_cl_mlp_pao_if_ortho_geosupport_ovr_ov_i9a2_l01_r0000fde4_c0000d57b,ov_i9a2_l01_r0000fde4_c0000d57b,ov_i9a2_l01_r0000fde4_c0000d57b
360,Path,\\amssclgis08.ams.gmams.cl\CL_MLP_PAO\01_Proyectos_ArcGIS\APRX\CL MLP PAO Aereo Image Server\SQLServer-amssclgis06_ArcGIS-Aereo.sde\OWD.AMD_CL_MLP_PAO_IF_Ortho_Geosupport_OVR\\Ov_i9A2_L01_R0000FDE4_C0000D57C,//amssclgis08.ams.gmams.cl/cl_mlp_pao/01_proyectos_arcgis/aprx/cl mlp pao aereo image server/sqlserver-amssclgis06_arcgis-aereo.sde/owd.amd_cl_mlp_pao_if_ortho_geosupport_ovr//ov_i9a2_l01_r0000fde4_c0000d57c,ov_i9a2_l01_r0000fde4_c0000d57c,ov_i9a2_l01_r0000fde4_c0000d57c,amssclgis08_ams_gmams_cl_cl_mlp_pao_01_proyectos_arcgis_aprx_cl_mlp_pao_aereo_image_server_sqlserver_amssclgis06_arcgis_aereo_sde_owd_amd_cl_mlp_pao_if_ortho_geosupport_ovr_ov_i9a2_l01_r0000fde4_c0000d57c,ov_i9a2_l01_r0000fde4_c0000d57c,ov_i9a2_l01_r0000fde4_c0000d57c
361,Path,\\amssclgis08.ams.gmams.cl\CL_MLP_PAO\01_Proyectos_ArcGIS\APRX\CL MLP PAO Aereo Image Server\SQLServer-amssclgis06_ArcGIS-Aereo.sde\OWD.AMD_CL_MLP_PAO_IF_Ortho_Geosupport_OVR\\Ov_i9A2_L01_R0000FDE4_C0000D57D,//amssclgis08.ams.gmams.cl/cl_mlp_pao/01_proyectos_arcgis/aprx/cl mlp pao aereo image server/sqlserver-amssclgis06_arcgis-aereo.sde/owd.amd_cl_mlp_pao_if_ortho_geosupport_ovr//ov_i9a2_l01_r0000fde4_c0000d57d,ov_i9a2_l01_r0000fde4_c0000d57d,ov_i9a2_l01_r0000fde4_c0000d57d,amssclgis08_ams_gmams_cl_cl_mlp_pao_01_proyectos_arcgis_aprx_cl_mlp_pao_aereo_image_server_sqlserver_amssclgis06_arcgis_aereo_sde_owd_amd_cl_mlp_pao_if_ortho_geosupport_ovr_ov_i9a2_l01_r0000fde4_c0000d57d,ov_i9a2_l01_r0000fde4_c0000d57d,ov_i9a2_l01_r0000fde4_c0000d57d
362,Path,\\amssclgis08.ams.gmams.cl\CL_MLP_PAO\01_Proyectos_ArcGIS\APRX\CL MLP PAO Aereo Image Server\SQLServer-amssclgis06_ArcGIS-Aereo.sde\OWD.AMD_CL_MLP_PAO_IF_Ortho_Geosupport_OVR\\Ov_i9A2_L01_R0000FDE4_C0000D57E,//amssclgis08.ams.gmams.cl/cl_mlp_pao/01_proyectos_arcgis/aprx/cl mlp pao aereo image server/sqlserver-amssclgis06_arcgis-aereo.sde/owd.amd_cl_mlp_pao_if_ortho_geosupport_ovr//ov_i9a2_l01_r0000fde4_c0000d57e,ov_i9a2_l01_r0000fde4_c0000d57e,ov_i9a2_l01_r0000fde4_c0000d57e,amssclgis08_ams_gmams_cl_cl_mlp_pao_01_proyectos_arcgis_aprx_cl_mlp_pao_aereo_image_server_sqlserver_amssclgis06_arcgis_aereo_sde_owd_amd_cl_mlp_pao_if_ortho_geosupport_ovr_ov_i9a2_l01_r0000fde4_c0000d57e,ov_i9a2_l01_r0000fde4_c0000d57e,ov_i9a2_l01_r0000fde4_c0000d57e
363,Path,\\amssclgis08.ams.gmams.cl\CL_MLP_PAO\01_Proyectos_ArcGIS\APRX\CL MLP PAO Aereo Image Server\SQLServer-amssclgis06_ArcGIS-Aereo.sde\OWD.AMD_CL_MLP_PAO_IF_Ortho_Geosupport_OVR\\Ov_i9A2_L01_R0000FDE5_C0000D57D,//amssclgis08.ams.gmams.cl/cl_mlp_pao/01_proyectos_arcgis/aprx/cl mlp pao aereo image server/sqlserver-amssclgis06_arcgis-aereo.sde/owd.amd_cl_mlp_pao_if_ortho_geosupport_ovr//ov_i9a2_l01_r0000fde5_c0000d57d,ov_i9a2_l01_r0000fde5_c0000d57d,ov_i9a2_l01_r0000fde5_c0000d57d,amssclgis08_ams_gmams_cl_cl_mlp_pao_01_proyectos_arcgis_aprx_cl_mlp_pao_aereo_image_server_sqlserver_amssclgis06_arcgis_aereo_sde_owd_amd_cl_mlp_pao_if_ortho_geosupport_ovr_ov_i9a2_l01_r0000fde5_c0000d57d,ov_i9a2_l01_r0000fde5_c0000d57d,ov_i9a2_l01_r0000fde5_c0000d57d
364,Path,\\amssclgis08.ams.gmams.cl\CL_MLP_PAO\01_Proyectos_ArcGIS\APRX\CL MLP PAO Aereo Image Server\SQLServer-amssclgis06_ArcGIS-Aereo.sde\OWD.AMD_CL_MLP_PAO_IF_Ortho_Geosupport_OVR\\Ov_i9A2_L01_R0000FDE5_C0000D57E,//amssclgis08.ams.gmams.cl/cl_mlp_pao/01_proyectos_arcgis/aprx/cl mlp pao aereo image server/sqlserver-amssclgis06_arcgis-aereo.sde/owd.amd_cl_mlp_pao_if_ortho_geosupport_ovr//ov_i9a2_l01_r0000fde5_c0000d57e,ov_i9a2_l01_r0000fde5_c0000d57e,ov_i9a2_l01_r0000fde5_c0000d57e,amssclgis08_ams_gmams_cl_cl_mlp_pao_01_proyectos_arcgis_aprx_cl_mlp_pao_aereo_image_server_sqlserver_amssclgis06_arcgis_aereo_sde_owd_amd_cl_mlp_pao_if_ortho_geosupport_ovr_ov_i9a2_l01_r0000fde5_c0000d57e,ov_i9a2_l01_r0000fde5_c0000d57e,ov_i9a2_l01_r0000fde5_c0000d57e
365,Path,\\amssclgis08.ams.gmams.cl\CL_MLP_PAO\01_Proyectos_ArcGIS\APRX\CL MLP PAO Aereo Image Server\SQLServer-amssclgis06_ArcGIS-Aereo.sde\OWD.AMD_CL_MLP_PAO_IF_Ortho_Geosupport_OVR\\Ov_i9A2_L01_R0000FDDE_C0000D582,//amssclgis08.ams.gmams.cl/cl_mlp_pao/01_proyectos_arcgis/aprx/cl mlp pao aereo image server/sqlserver-amssclgis06_arcgis-aereo.sde/owd.amd_cl_mlp_pao_if_ortho_geosupport_ovr//ov_i9a2_l01_r0000fdde_c0000d582,ov_i9a2_l01_r0000fdde_c0000d582,ov_i9a2_l01_r0000fdde_c0000d582,amssclgis08_ams_gmams_cl_cl_mlp_pao_01_proyectos_arcgis_aprx_cl_mlp_pao_aereo_image_server_sqlserver_amssclgis06_arcgis_aereo_sde_owd_amd_cl_mlp_pao_if_ortho_geosupport_ovr_ov_i9a2_l01_r0000fdde_c0000d582,ov_i9a2_l01_r0000fdde_c0000d582,ov_i9a2_l01_r0000fdde_c0000d582
366,Path,\\amssclgis08.ams.gmams.cl\CL_MLP_PAO\01_Proyectos_ArcGIS\APRX\CL MLP PAO Aereo Image Server\SQLServer-amssclgis06_ArcGIS-Aereo.sde\OWD.AMD_CL_MLP_PAO_IF_Ortho_Geosupport_OVR\\Ov_i9A2_L01_R0000FDDE_C0000D583,//amssclgis08.ams.gmams.cl/cl_mlp_pao/01_proyectos_arcgis/aprx/cl mlp pao aereo image server/sqlserver-amssclgis06_arcgis-aereo.sde/owd.amd_cl_mlp_pao_if_ortho_geosupport_ovr//ov_i9a2_l01_r0000fdde_c0000d583,ov_i9a2_l01_r0000fdde_c0000d583,ov_i9a2_l01_r0000fdde_c0000d583,amssclgis08_ams_gmams_cl_cl_mlp_pao_01_proyectos_arcgis_aprx_cl_mlp_pao_aereo_image_server_sqlserver_amssclgis06_arcgis_aereo_sde_owd_amd_cl_mlp_pao_if_ortho_geosupport_ovr_ov_i9a2_l01_r0000fdde_c0000d583,ov_i9a2_l01_r0000fdde_c0000d583,ov_i9a2_l01_r0000fdde_c0000d583
367,Path,\\amssclgis08.ams.gmams.cl\CL_MLP_PAO\01_Proyectos_ArcGIS\APRX\CL MLP PAO Aereo Image Server\SQLServer-amssclgis06_ArcGIS-Aereo.sde\OWD.AMD_CL_MLP_PAO_IF_Ortho_Geosupport_OVR\\Ov_i9A2_L01_R0000FDDF_C0000D581,//amssclgis08.ams.gmams.cl/cl_mlp_pao/01_proyectos_arcgis/aprx/cl mlp pao aereo image server/sqlserver-amssclgis06_arcgis-aereo.sde/owd.amd_cl_mlp_pao_if_ortho_geosupport_ovr//ov_i9a2_l01_r0000fddf_c0000d581,ov_i9a2_l01_r0000fddf_c0000d581,ov_i9a2_l01_r0000fddf_c0000d581,amssclgis08_ams_gmams_cl_cl_mlp_pao_01_proyectos_arcgis_aprx_cl_mlp_pao_aereo_image_server_sqlserver_amssclgis06_arcgis_aereo_sde_owd_amd_cl_mlp_pao_if_ortho_geosupport_ovr_ov_i9a2_l01_r0000fddf_c0000d581,ov_i9a2_l01_r0000fddf_c0000d581,ov_i9a2_l01_r0000fddf_c0000d581
368,Path,\\amssclgis08.ams.gmams.cl\CL_MLP_PAO\01_Proyectos_ArcGIS\APRX\CL MLP PAO Aereo Image Server\SQLServer-amssclgis06_ArcGIS-Aereo.sde\OWD.AMD_CL_MLP_PAO_IF_Ortho_Geosupport_OVR\\Ov_i9A2_L01_R0000FDDF_C0000D582,//amssclgis08.ams.gmams.cl/cl_mlp_pao/01_proyectos_arcgis/aprx/cl mlp pao aereo image server/sqlserver-amssclgis06_arcgis-aereo.sde/owd.amd_cl_mlp_pao_if_ortho_geosupport_ovr//ov_i9a2_l01_r0000fddf_c0000d582,ov_i9a2_l01_r0000fddf_c0000d582,ov_i9a2_l01_r0000fddf_c0000d582,amssclgis08_ams_gmams_cl_cl_mlp_pao_01_proyectos_arcgis_aprx_cl_mlp_pao_aereo_image_server_sqlserver_amssclgis06_arcgis_aereo_sde_owd_amd_cl_mlp_pao_if_ortho_geosupport_ovr_ov_i9a2_l01_r0000fddf_c0000d582,ov_i9a2_l01_r0000fddf_c0000d582,ov_i9a2_l01_r0000fddf_c0000d582
369,Path,\\amssclgis08.ams.gmams.cl\CL_MLP_PAO\01_Proyectos_ArcGIS\APRX\CL MLP PAO Aereo Image Server\SQLServer-amssclgis06_ArcGIS-Aereo.sde\OWD.AMD_CL_MLP_PAO_IF_Ortho_Geosupport_OVR\\Ov_i9A2_L01_R0000FDDF_C0000D583,//amssclgis08.ams.gmams.cl/cl_mlp_pao/01_proyectos_arcgis/aprx/cl mlp pao aereo image server/sqlserver-amssclgis06_arcgis-aereo.sde/owd.amd_cl_mlp_pao_if_ortho_geosupport_ovr//ov_i9a2_l01_r0000fddf_c0000d583,ov_i9a2_l01_r0000fddf_c0000d583,ov_i9a2_l01_r0000fddf_c0000d583,amssclgis08_ams_gmams_cl_cl_mlp_pao_01_proyectos_arcgis_aprx_cl_mlp_pao_aereo_image_server_sqlserver_amssclgis06_arcgis_aereo_sde_owd_amd_cl_mlp_pao_if_ortho_geosupport_ovr_ov_i9a2_l01_r0000fddf_c0000d583,ov_i9a2_l01_r0000fddf_c0000d583,ov_i9a2_l01_r0000fddf_c0000d583
370,Path,\\amssclgis08.ams.gmams.cl\CL_MLP_PAO\01_Proyectos_ArcGIS\APRX\CL MLP PAO Aereo Image Server\SQLServer-amssclgis06_ArcGIS-Aereo.sde\OWD.AMD_CL_MLP_PAO_IF_Ortho_Geosupport_OVR\\Ov_i9A2_L01_R0000FDE0_C0000D581,//amssclgis08.ams.gmams.cl/cl_mlp_pao/01_proyectos_arcgis/aprx/cl mlp pao aereo image server/sqlserver-amssclgis06_arcgis-aereo.sde/owd.amd_cl_mlp_pao_if_ortho_geosupport_ovr//ov_i9a2_l01_r0000fde0_c0000d581,ov_i9a2_l01_r0000fde0_c0000d581,ov_i9a2_l01_r0000fde0_c0000d581,amssclgis08_ams_gmams_cl_cl_mlp_pao_01_proyectos_arcgis_aprx_cl_mlp_pao_aereo_image_server_sqlserver_amssclgis06_arcgis_aereo_sde_owd_amd_cl_mlp_pao_if_ortho_geosupport_ovr_ov_i9a2_l01_r0000fde0_c0000d581,ov_i9a2_l01_r0000fde0_c0000d581,ov_i9a2_l01_r0000fde0_c0000d581
371,Path,\\amssclgis08.ams.gmams.cl\CL_MLP_PAO\01_Proyectos_ArcGIS\APRX\CL MLP PAO Aereo Image Server\SQLServer-amssclgis06_ArcGIS-Aereo.sde\OWD.AMD_CL_MLP_PAO_IF_Ortho_Geosupport_OVR\\Ov_i9A2_L01_R0000FDE0_C0000D582,//amssclgis08.ams.gmams.cl/cl_mlp_pao/01_proyectos_arcgis/aprx/cl mlp pao aereo image server/sqlserver-amssclgis06_arcgis-aereo.sde/owd.amd_cl_mlp_pao_if_ortho_geosupport_ovr//ov_i9a2_l01_r0000fde0_c0000d582,ov_i9a2_l01_r0000fde0_c0000d582,ov_i9a2_l01_r0000fde0_c0000d582,amssclgis08_ams_gmams_cl_cl_mlp_pao_01_proyectos_arcgis_aprx_cl_mlp_pao_aereo_image_server_sqlserver_amssclgis06_arcgis_aereo_sde_owd_amd_cl_mlp_pao_if_ortho_geosupport_ovr_ov_i9a2_l01_r0000fde0_c0000d582,ov_i9a2_l01_r0000fde0_c0000d582,ov_i9a2_l01_r0000fde0_c0000d582
372,Path,\\amssclgis08.ams.gmams.cl\CL_MLP_PAO\01_Proyectos_ArcGIS\APRX\CL MLP PAO Aereo Image Server\SQLServer-amssclgis06_ArcGIS-Aereo.sde\OWD.AMD_CL_MLP_PAO_IF_Ortho_Geosupport_OVR\\Ov_i9A2_L01_R0000FDE1_C0000D581,//amssclgis08.ams.gmams.cl/cl_mlp_pao/01_proyectos_arcgis/aprx/cl mlp pao aereo image server/sqlserver-amssclgis06_arcgis-aereo.sde/owd.amd_cl_mlp_pao_if_ortho_geosupport_ovr//ov_i9a2_l01_r0000fde1_c0000d581,ov_i9a2_l01_r0000fde1_c0000d581,ov_i9a2_l01_r0000fde1_c0000d581,amssclgis08_ams_gmams_cl_cl_mlp_pao_01_proyectos_arcgis_aprx_cl_mlp_pao_aereo_image_server_sqlserver_amssclgis06_arcgis_aereo_sde_owd_amd_cl_mlp_pao_if_ortho_geosupport_ovr_ov_i9a2_l01_r0000fde1_c0000d581,ov_i9a2_l01_r0000fde1_c0000d581,ov_i9a2_l01_r0000fde1_c0000d581
373,Path,\\amssclgis08.ams.gmams.cl\CL_MLP_PAO\01_Proyectos_ArcGIS\APRX\CL MLP PAO Aereo Image Server\SQLServer-amssclgis06_ArcGIS-Aereo.sde\OWD.AMD_CL_MLP_PAO_IF_Ortho_Geosupport_OVR\\Ov_i9A2_L01_R0000FDE2_C0000D57F,//amssclgis08.ams.gmams.cl/cl_mlp_pao/01_proyectos_arcgis/aprx/cl mlp pao aereo image server/sqlserver-amssclgis06_arcgis-aereo.sde/owd.amd_cl_mlp_pao_if_ortho_geosupport_ovr//ov_i9a2_l01_r0000fde2_c0000d57f,ov_i9a2_l01_r0000fde2_c0000d57f,ov_i9a2_l01_r0000fde2_c0000d57f,amssclgis08_ams_gmams_cl_cl_mlp_pao_01_proyectos_arcgis_aprx_cl_mlp_pao_aereo_image_server_sqlserver_amssclgis06_arcgis_aereo_sde_owd_amd_cl_mlp_pao_if_ortho_geosupport_ovr_ov_i9a2_l01_r0000fde2_c0000d57f,ov_i9a2_l01_r0000fde2_c0000d57f,ov_i9a2_l01_r0000fde2_c0000d57f
374,Path,\\amssclgis08.ams.gmams.cl\CL_MLP_PAO\01_Proyectos_ArcGIS\APRX\CL MLP PAO Aereo Image Server\SQLServer-amssclgis06_ArcGIS-Aereo.sde\OWD.AMD_CL_MLP_PAO_IF_Ortho_Geosupport_OVR\\Ov_i9A2_L01_R0000FDE2_C0000D580,//amssclgis08.ams.gmams.cl/cl_mlp_pao/01_proyectos_arcgis/aprx/cl mlp pao aereo image server/sqlserver-amssclgis06_arcgis-aereo.sde/owd.amd_cl_mlp_pao_if_ortho_geosupport_ovr//ov_i9a2_l01_r0000fde2_c0000d580,ov_i9a2_l01_r0000fde2_c0000d580,ov_i9a2_l01_r0000fde2_c0000d580,amssclgis08_ams_gmams_cl_cl_mlp_pao_01_proyectos_arcgis_aprx_cl_mlp_pao_aereo_image_server_sqlserver_amssclgis06_arcgis_aereo_sde_owd_amd_cl_mlp_pao_if_ortho_geosupport_ovr_ov_i9a2_l01_r0000fde2_c0000d580,ov_i9a2_l01_r0000fde2_c0000d580,ov_i9a2_l01_r0000fde2_c0000d580
375,Path,\\amssclgis08.ams.gmams.cl\CL_MLP_PAO\01_Proyectos_ArcGIS\APRX\CL MLP PAO Aereo Image Server\SQLServer-amssclgis06_ArcGIS-Aereo.sde\OWD.AMD_CL_MLP_PAO_IF_Ortho_Geosupport_OVR\\Ov_i9A2_L01_R0000FDE3_C0000D57F,//amssclgis08.ams.gmams.cl/cl_mlp_pao/01_proyectos_arcgis/aprx/cl mlp pao aereo image server/sqlserver-amssclgis06_arcgis-aereo.sde/owd.amd_cl_mlp_pao_if_ortho_geosupport_ovr//ov_i9a2_l01_r0000fde3_c0000d57f,ov_i9a2_l01_r0000fde3_c0000d57f,ov_i9a2_l01_r0000fde3_c0000d57f,amssclgis08_ams_gmams_cl_cl_mlp_pao_01_proyectos_arcgis_aprx_cl_mlp_pao_aereo_image_server_sqlserver_amssclgis06_arcgis_aereo_sde_owd_amd_cl_mlp_pao_if_ortho_geosupport_ovr_ov_i9a2_l01_r0000fde3_c0000d57f,ov_i9a2_l01_r0000fde3_c0000d57f,ov_i9a2_l01_r0000fde3_c0000d57f
376,Path,\\amssclgis08.ams.gmams.cl\CL_MLP_PAO\01_Proyectos_ArcGIS\APRX\CL MLP PAO Aereo Image Server\SQLServer-amssclgis06_ArcGIS-Aereo.sde\OWD.AMD_CL_MLP_PAO_IF_Ortho_Geosupport_OVR\\Ov_i9A2_L01_R0000FDCE_C0000D57D,//amssclgis08.ams.gmams.cl/cl_mlp_pao/01_proyectos_arcgis/aprx/cl mlp pao aereo image server/sqlserver-amssclgis06_arcgis-aereo.sde/owd.amd_cl_mlp_pao_if_ortho_geosupport_ovr//ov_i9a2_l01_r0000fdce_c0000d57d,ov_i9a2_l01_r0000fdce_c0000d57d,ov_i9a2_l01_r0000fdce_c0000d57d,amssclgis08_ams_gmams_cl_cl_mlp_pao_01_proyectos_arcgis_aprx_cl_mlp_pao_aereo_image_server_sqlserver_amssclgis06_arcgis_aereo_sde_owd_amd_cl_mlp_pao_if_ortho_geosupport_ovr_ov_i9a2_l01_r0000fdce_c0000d57d,ov_i9a2_l01_r0000fdce_c0000d57d,ov_i9a2_l01_r0000fdce_c0000d57d
377,Path,\\amssclgis08.ams.gmams.cl\CL_MLP_PAO\01_Proyectos_ArcGIS\APRX\CL MLP PAO Aereo Image Server\SQLServer-amssclgis06_ArcGIS-Aereo.sde\OWD.AMD_CL_MLP_PAO_IF_Ortho_Geosupport_OVR\\Ov_i9A2_L01_R0000FDCE_C0000D57E,//amssclgis08.ams.gmams.cl/cl_mlp_pao/01_proyectos_arcgis/aprx/cl mlp pao aereo image server/sqlserver-amssclgis06_arcgis-aereo.sde/owd.amd_cl_mlp_pao_if_ortho_geosupport_ovr//ov_i9a2_l01_r0000fdce_c0000d57e,ov_i9a2_l01_r0000fdce_c0000d57e,ov_i9a2_l01_r0000fdce_c0000d57e,amssclgis08_ams_gmams_cl_cl_mlp_pao_01_proyectos_arcgis_aprx_cl_mlp_pao_aereo_image_server_sqlserver_amssclgis06_arcgis_aereo_sde_owd_amd_cl_mlp_pao_if_ortho_geosupport_ovr_ov_i9a2_l01_r0000fdce_c0000d57e,ov_i9a2_l01_r0000fdce_c0000d57e,ov_i9a2_l01_r0000fdce_c0000d57e
378,Path,\\amssclgis08.ams.gmams.cl\CL_MLP_PAO\01_Proyectos_ArcGIS\APRX\CL MLP PAO Aereo Image Server\SQLServer-amssclgis06_ArcGIS-Aereo.sde\OWD.AMD_CL_MLP_PAO_IF_Ortho_Geosupport_OVR\\Ov_i9A2_L01_R0000FDCF_C0000D57C,//amssclgis08.ams.gmams.cl/cl_mlp_pao/01_proyectos_arcgis/aprx/cl mlp pao aereo image server/sqlserver-amssclgis06_arcgis-aereo.sde/owd.amd_cl_mlp_pao_if_ortho_geosupport_ovr//ov_i9a2_l01_r0000fdcf_c0000d57c,ov_i9a2_l01_r0000fdcf_c0000d57c,ov_i9a2_l01_r0000fdcf_c0000d57c,amssclgis08_ams_gmams_cl_cl_mlp_pao_01_proyectos_arcgis_aprx_cl_mlp_pao_aereo_image_server_sqlserver_amssclgis06_arcgis_aereo_sde_owd_amd_cl_mlp_pao_if_ortho_geosupport_ovr_ov_i9a2_l01_r0000fdcf_c0000d57c,ov_i9a2_l01_r0000fdcf_c0000d57c,ov_i9a2_l01_r0000fdcf_c0000d57c
379,Path,\\amssclgis08.ams.gmams.cl\CL_MLP_PAO\01_Proyectos_ArcGIS\APRX\CL MLP PAO Aereo Image Server\SQLServer-amssclgis06_ArcGIS-Aereo.sde\OWD.AMD_CL_MLP_PAO_IF_Ortho_Geosupport_OVR\\Ov_i9A2_L01_R0000FDCF_C0000D57D,//amssclgis08.ams.gmams.cl/cl_mlp_pao/01_proyectos_arcgis/aprx/cl mlp pao aereo image server/sqlserver-amssclgis06_arcgis-aereo.sde/owd.amd_cl_mlp_pao_if_ortho_geosupport_ovr//ov_i9a2_l01_r0000fdcf_c0000d57d,ov_i9a2_l01_r0000fdcf_c0000d57d,ov_i9a2_l01_r0000fdcf_c0000d57d,amssclgis08_ams_gmams_cl_cl_mlp_pao_01_proyectos_arcgis_aprx_cl_mlp_pao_aereo_image_server_sqlserver_amssclgis06_arcgis_aereo_sde_owd_amd_cl_mlp_pao_if_ortho_geosupport_ovr_ov_i9a2_l01_r0000fdcf_c0000d57d,ov_i9a2_l01_r0000fdcf_c0000d57d,ov_i9a2_l01_r0000fdcf_c0000d57d
380,Path,\\amssclgis08.ams.gmams.cl\CL_MLP_PAO\01_Proyectos_ArcGIS\APRX\CL MLP PAO Aereo Image Server\SQLServer-amssclgis06_ArcGIS-Aereo.sde\OWD.AMD_CL_MLP_PAO_IF_Ortho_Geosupport_OVR\\Ov_i9A2_L01_R0000FDD0_C0000D57C,//amssclgis08.ams.gmams.cl/cl_mlp_pao/01_proyectos_arcgis/aprx/cl mlp pao aereo image server/sqlserver-amssclgis06_arcgis-aereo.sde/owd.amd_cl_mlp_pao_if_ortho_geosupport_ovr//ov_i9a2_l01_r0000fdd0_c0000d57c,ov_i9a2_l01_r0000fdd0_c0000d57c,ov_i9a2_l01_r0000fdd0_c0000d57c,amssclgis08_ams_gmams_cl_cl_mlp_pao_01_proyectos_arcgis_aprx_cl_mlp_pao_aereo_image_server_sqlserver_amssclgis06_arcgis_aereo_sde_owd_amd_cl_mlp_pao_if_ortho_geosupport_ovr_ov_i9a2_l01_r0000fdd0_c0000d57c,ov_i9a2_l01_r0000fdd0_c0000d57c,ov_i9a2_l01_r0000fdd0_c0000d57c
381,Path,\\amssclgis08.ams.gmams.cl\CL_MLP_PAO\01_Proyectos_ArcGIS\APRX\CL MLP PAO Aereo Image Server\SQLServer-amssclgis06_ArcGIS-Aereo.sde\OWD.AMD_CL_MLP_PAO_IF_Ortho_Geosupport_OVR\\Ov_i9A2_L01_R0000FDCD_C0000D57B,//amssclgis08.ams.gmams.cl/cl_mlp_pao/01_proyectos_arcgis/aprx/cl mlp pao aereo image server/sqlserver-amssclgis06_arcgis-aereo.sde/owd.amd_cl_mlp_pao_if_ortho_geosupport_ovr//ov_i9a2_l01_r0000fdcd_c0000d57b,ov_i9a2_l01_r0000fdcd_c0000d57b,ov_i9a2_l01_r0000fdcd_c0000d57b,amssclgis08_ams_gmams_cl_cl_mlp_pao_01_proyectos_arcgis_aprx_cl_mlp_pao_aereo_image_server_sqlserver_amssclgis06_arcgis_aereo_sde_owd_amd_cl_mlp_pao_if_ortho_geosupport_ovr_ov_i9a2_l01_r0000fdcd_c0000d57b,ov_i9a2_l01_r0000fdcd_c0000d57b,ov_i9a2_l01_r0000fdcd_c0000d57b
382,Path,\\amssclgis08.ams.gmams.cl\CL_MLP_PAO\01_Proyectos_ArcGIS\APRX\CL MLP PAO Aereo Image Server\SQLServer-amssclgis06_ArcGIS-Aereo.sde\OWD.AMD_CL_MLP_PAO_IF_Ortho_Geosupport_OVR\\Ov_i9A2_L01_R0000FDCE_C0000D57A,//amssclgis08.ams.gmams.cl/cl_mlp_pao/01_proyectos_arcgis/aprx/cl mlp pao aereo image server/sqlserver-amssclgis06_arcgis-aereo.sde/owd.amd_cl_mlp_pao_if_ortho_geosupport_ovr//ov_i9a2_l01_r0000fdce_c0000d57a,ov_i9a2_l01_r0000fdce_c0000d57a,ov_i9a2_l01_r0000fdce_c0000d57a,amssclgis08_ams_gmams_cl_cl_mlp_pao_01_proyectos_arcgis_aprx_cl_mlp_pao_aereo_image_server_sqlserver_amssclgis06_arcgis_aereo_sde_owd_amd_cl_mlp_pao_if_ortho_geosupport_ovr_ov_i9a2_l01_r0000fdce_c0000d57a,ov_i9a2_l01_r0000fdce_c0000d57a,ov_i9a2_l01_r0000fdce_c0000d57a
383,Path,\\amssclgis08.ams.gmams.cl\CL_MLP_PAO\01_Proyectos_ArcGIS\APRX\CL MLP PAO Aereo Image Server\SQLServer-amssclgis06_ArcGIS-Aereo.sde\OWD.AMD_CL_MLP_PAO_IF_Ortho_Geosupport_OVR\\Ov_i9A2_L01_R0000FDCE_C0000D57B,//amssclgis08.ams.gmams.cl/cl_mlp_pao/01_proyectos_arcgis/aprx/cl mlp pao aereo image server/sqlserver-amssclgis06_arcgis-aereo.sde/owd.amd_cl_mlp_pao_if_ortho_geosupport_ovr//ov_i9a2_l01_r0000fdce_c0000d57b,ov_i9a2_l01_r0000fdce_c0000d57b,ov_i9a2_l01_r0000fdce_c0000d57b,amssclgis08_ams_gmams_cl_cl_mlp_pao_01_proyectos_arcgis_aprx_cl_mlp_pao_aereo_image_server_sqlserver_amssclgis06_arcgis_aereo_sde_owd_amd_cl_mlp_pao_if_ortho_geosupport_ovr_ov_i9a2_l01_r0000fdce_c0000d57b,ov_i9a2_l01_r0000fdce_c0000d57b,ov_i9a2_l01_r0000fdce_c0000d57b
384,Path,\\amssclgis08.ams.gmams.cl\CL_MLP_PAO\01_Proyectos_ArcGIS\APRX\CL MLP PAO Aereo Image Server\SQLServer-amssclgis06_ArcGIS-Aereo.sde\OWD.AMD_CL_MLP_PAO_IF_Ortho_Geosupport_OVR\\Ov_i9A2_L01_R0000FDCD_C0000D57C,//amssclgis08.ams.gmams.cl/cl_mlp_pao/01_proyectos_arcgis/aprx/cl mlp pao aereo image server/sqlserver-amssclgis06_arcgis-aereo.sde/owd.amd_cl_mlp_pao_if_ortho_geosupport_ovr//ov_i9a2_l01_r0000fdcd_c0000d57c,ov_i9a2_l01_r0000fdcd_c0000d57c,ov_i9a2_l01_r0000fdcd_c0000d57c,amssclgis08_ams_gmams_cl_cl_mlp_pao_01_proyectos_arcgis_aprx_cl_mlp_pao_aereo_image_server_sqlserver_amssclgis06_arcgis_aereo_sde_owd_amd_cl_mlp_pao_if_ortho_geosupport_ovr_ov_i9a2_l01_r0000fdcd_c0000d57c,ov_i9a2_l01_r0000fdcd_c0000d57c,ov_i9a2_l01_r0000fdcd_c0000d57c
385,Path,\\amssclgis08.ams.gmams.cl\CL_MLP_PAO\01_Proyectos_ArcGIS\APRX\CL MLP PAO Aereo Image Server\SQLServer-amssclgis06_ArcGIS-Aereo.sde\OWD.AMD_CL_MLP_PAO_IF_Ortho_Geosupport_OVR\\Ov_i9A2_L01_R0000FDCD_C0000D57E,//amssclgis08.ams.gmams.cl/cl_mlp_pao/01_proyectos_arcgis/aprx/cl mlp pao aereo image server/sqlserver-amssclgis06_arcgis-aereo.sde/owd.amd_cl_mlp_pao_if_ortho_geosupport_ovr//ov_i9a2_l01_r0000fdcd_c0000d57e,ov_i9a2_l01_r0000fdcd_c0000d57e,ov_i9a2_l01_r0000fdcd_c0000d57e,amssclgis08_ams_gmams_cl_cl_mlp_pao_01_proyectos_arcgis_aprx_cl_mlp_pao_aereo_image_server_sqlserver_amssclgis06_arcgis_aereo_sde_owd_amd_cl_mlp_pao_if_ortho_geosupport_ovr_ov_i9a2_l01_r0000fdcd_c0000d57e,ov_i9a2_l01_r0000fdcd_c0000d57e,ov_i9a2_l01_r0000fdcd_c0000d57e
386,Path,\\amssclgis08.ams.gmams.cl\CL_MLP_PAO\01_Proyectos_ArcGIS\APRX\CL MLP PAO Aereo Image Server\SQLServer-amssclgis06_ArcGIS-Aereo.sde\OWD.AMD_CL_MLP_PAO_IF_Ortho_Geosupport_OVR\\Ov_i9A2_L01_R0000FDCD_C0000D57D,//amssclgis08.ams.gmams.cl/cl_mlp_pao/01_proyectos_arcgis/aprx/cl mlp pao aereo image server/sqlserver-amssclgis06_arcgis-aereo.sde/owd.amd_cl_mlp_pao_if_ortho_geosupport_ovr//ov_i9a2_l01_r0000fdcd_c0000d57d,ov_i9a2_l01_r0000fdcd_c0000d57d,ov_i9a2_l01_r0000fdcd_c0000d57d,amssclgis08_ams_gmams_cl_cl_mlp_pao_01_proyectos_arcgis_aprx_cl_mlp_pao_aereo_image_server_sqlserver_amssclgis06_arcgis_aereo_sde_owd_amd_cl_mlp_pao_if_ortho_geosupport_ovr_ov_i9a2_l01_r0000fdcd_c0000d57d,ov_i9a2_l01_r0000fdcd_c0000d57d,ov_i9a2_l01_r0000fdcd_c0000d57d
387,Path,C:\Users\ESRLRI~1\AppData\Local\Temp\4b6b55659312aa55f0b12cae76f16c26.sde\OWD.AMD_CL_MLP_PAO_IF_Ortho_Geosupport_OVR\\Ov_i9A2_L01_R0000FDF8_C0000D513,c:/users/esrlri~1/appdata/local/temp/4b6b55659312aa55f0b12cae76f16c26.sde/owd.amd_cl_mlp_pao_if_ortho_geosupport_ovr//ov_i9a2_l01_r0000fdf8_c0000d513,ov_i9a2_l01_r0000fdf8_c0000d513,ov_i9a2_l01_r0000fdf8_c0000d513,c_users_esrlri_1_appdata_local_temp_4b6b55659312aa55f0b12cae76f16c26_sde_owd_amd_cl_mlp_pao_if_ortho_geosupport_ovr_ov_i9a2_l01_r0000fdf8_c0000d513,ov_i9a2_l01_r0000fdf8_c0000d513,ov_i9a2_l01_r0000fdf8_c0000d513
388,Path,C:\Users\ESRLRI~1\AppData\Local\Temp\4b6b55659312aa55f0b12cae76f16c26.sde\OWD.AMD_CL_MLP_PAO_IF_Ortho_Geosupport_OVR\\Ov_i9A2_L01_R0000FDF2_C0000D511,c:/users/esrlri~1/appdata/local/temp/4b6b55659312aa55f0b12cae76f16c26.sde/owd.amd_cl_mlp_pao_if_ortho_geosupport_ovr//ov_i9a2_l01_r0000fdf2_c0000d511,ov_i9a2_l01_r0000fdf2_c0000d511,ov_i9a2_l01_r0000fdf2_c0000d511,c_users_esrlri_1_appdata_local_temp_4b6b55659312aa55f0b12cae76f16c26_sde_owd_amd_cl_mlp_pao_if_ortho_geosupport_ovr_ov_i9a2_l01_r0000fdf2_c0000d511,ov_i9a2_l01_r0000fdf2_c0000d511,ov_i9a2_l01_r0000fdf2_c0000d511
389,Path,C:\Users\ESRLRI~1\AppData\Local\Temp\4b6b55659312aa55f0b12cae76f16c26.sde\OWD.AMD_CL_MLP_PAO_IF_Ortho_Geosupport_OVR\\Ov_i9A2_L01_R0000FDF2_C0000D512,c:/users/esrlri~1/appdata/local/temp/4b6b55659312aa55f0b12cae76f16c26.sde/owd.amd_cl_mlp_pao_if_ortho_geosupport_ovr//ov_i9a2_l01_r0000fdf2_c0000d512,ov_i9a2_l01_r0000fdf2_c0000d512,ov_i9a2_l01_r0000fdf2_c0000d512,c_users_esrlri_1_appdata_local_temp_4b6b55659312aa55f0b12cae76f16c26_sde_owd_amd_cl_mlp_pao_if_ortho_geosupport_ovr_ov_i9a2_l01_r0000fdf2_c0000d512,ov_i9a2_l01_r0000fdf2_c0000d512,ov_i9a2_l01_r0000fdf2_c0000d512
390,Path,C:\Users\ESRLRI~1\AppData\Local\Temp\4b6b55659312aa55f0b12cae76f16c26.sde\OWD.AMD_CL_MLP_PAO_IF_Ortho_Geosupport_OVR\\Ov_i9A2_L01_R0000FDF2_C0000D513,c:/users/esrlri~1/appdata/local/temp/4b6b55659312aa55f0b12cae76f16c26.sde/owd.amd_cl_mlp_pao_if_ortho_geosupport_ovr//ov_i9a2_l01_r0000fdf2_c0000d513,ov_i9a2_l01_r0000fdf2_c0000d513,ov_i9a2_l01_r0000fdf2_c0000d513,c_users_esrlri_1_appdata_local_temp_4b6b55659312aa55f0b12cae76f16c26_sde_owd_amd_cl_mlp_pao_if_ortho_geosupport_ovr_ov_i9a2_l01_r0000fdf2_c0000d513,ov_i9a2_l01_r0000fdf2_c0000d513,ov_i9a2_l01_r0000fdf2_c0000d513
391,Path,C:\Users\ESRLRI~1\AppData\Local\Temp\4b6b55659312aa55f0b12cae76f16c26.sde\OWD.AMD_CL_MLP_PAO_IF_Ortho_Geosupport_OVR\\Ov_i9A2_L01_R0000FDF2_C0000D514,c:/users/esrlri~1/appdata/local/temp/4b6b55659312aa55f0b12cae76f16c26.sde/owd.amd_cl_mlp_pao_if_ortho_geosupport_ovr//ov_i9a2_l01_r0000fdf2_c0000d514,ov_i9a2_l01_r0000fdf2_c0000d514,ov_i9a2_l01_r0000fdf2_c0000d514,c_users_esrlri_1_appdata_local_temp_4b6b55659312aa55f0b12cae76f16c26_sde_owd_amd_cl_mlp_pao_if_ortho_geosupport_ovr_ov_i9a2_l01_r0000fdf2_c0000d514,ov_i9a2_l01_r0000fdf2_c0000d514,ov_i9a2_l01_r0000fdf2_c0000d514
392,Path,C:\Users\ESRLRI~1\AppData\Local\Temp\4b6b55659312aa55f0b12cae76f16c26.sde\OWD.AMD_CL_MLP_PAO_IF_Ortho_Geosupport_OVR\\Ov_i9A2_L01_R0000FDF2_C0000D515,c:/users/esrlri~1/appdata/local/temp/4b6b55659312aa55f0b12cae76f16c26.sde/owd.amd_cl_mlp_pao_if_ortho_geosupport_ovr//ov_i9a2_l01_r0000fdf2_c0000d515,ov_i9a2_l01_r0000fdf2_c0000d515,ov_i9a2_l01_r0000fdf2_c0000d515,c_users_esrlri_1_appdata_local_temp_4b6b55659312aa55f0b12cae76f16c26_sde_owd_amd_cl_mlp_pao_if_ortho_geosupport_ovr_ov_i9a2_l01_r0000fdf2_c0000d515,ov_i9a2_l01_r0000fdf2_c0000d515,ov_i9a2_l01_r0000fdf2_c0000d515
393,Path,C:\Users\ESRLRI~1\AppData\Local\Temp\4b6b55659312aa55f0b12cae76f16c26.sde\OWD.AMD_CL_MLP_PAO_IF_Ortho_Geosupport_OVR\\Ov_i9A2_L01_R0000FDF2_C0000D516,c:/users/esrlri~1/appdata/local/temp/4b6b55659312aa55f0b12cae76f16c26.sde/owd.amd_cl_mlp_pao_if_ortho_geosupport_ovr//ov_i9a2_l01_r0000fdf2_c0000d516,ov_i9a2_l01_r0000fdf2_c0000d516,ov_i9a2_l01_r0000fdf2_c0000d516,c_users_esrlri_1_appdata_local_temp_4b6b55659312aa55f0b12cae76f16c26_sde_owd_amd_cl_mlp_pao_if_ortho_geosupport_ovr_ov_i9a2_l01_r0000fdf2_c0000d516,ov_i9a2_l01_r0000fdf2_c0000d516,ov_i9a2_l01_r0000fdf2_c0000d516
394,Path,C:\Users\ESRLRI~1\AppData\Local\Temp\4b6b55659312aa55f0b12cae76f16c26.sde\OWD.AMD_CL_MLP_PAO_IF_Ortho_Geosupport_OVR\\Ov_i9A2_L01_R0000FDF2_C0000D517,c:/users/esrlri~1/appdata/local/temp/4b6b55659312aa55f0b12cae76f16c26.sde/owd.amd_cl_mlp_pao_if_ortho_geosupport_ovr//ov_i9a2_l01_r0000fdf2_c0000d517,ov_i9a2_l01_r0000fdf2_c0000d517,ov_i9a2_l01_r0000fdf2_c0000d517,c_users_esrlri_1_appdata_local_temp_4b6b55659312aa55f0b12cae76f16c26_sde_owd_amd_cl_mlp_pao_if_ortho_geosupport_ovr_ov_i9a2_l01_r0000fdf2_c0000d517,ov_i9a2_l01_r0000fdf2_c0000d517,ov_i9a2_l01_r0000fdf2_c0000d517
395,Path,C:\Users\ESRLRI~1\AppData\Local\Temp\4b6b55659312aa55f0b12cae76f16c26.sde\OWD.AMD_CL_MLP_PAO_IF_Ortho_Geosupport_OVR\\Ov_i9A2_L01_R0000FDF2_C0000D518,c:/users/esrlri~1/appdata/local/temp/4b6b55659312aa55f0b12cae76f16c26.sde/owd.amd_cl_mlp_pao_if_ortho_geosupport_ovr//ov_i9a2_l01_r0000fdf2_c0000d518,ov_i9a2_l01_r0000fdf2_c0000d518,ov_i9a2_l01_r0000fdf2_c0000d518,c_users_esrlri_1_appdata_local_temp_4b6b55659312aa55f0b12cae76f16c26_sde_owd_amd_cl_mlp_pao_if_ortho_geosupport_ovr_ov_i9a2_l01_r0000fdf2_c0000d518,ov_i9a2_l01_r0000fdf2_c0000d518,ov_i9a2_l01_r0000fdf2_c0000d518
396,Path,C:\Users\ESRLRI~1\AppData\Local\Temp\4b6b55659312aa55f0b12cae76f16c26.sde\OWD.AMD_CL_MLP_PAO_IF_Ortho_Geosupport_OVR\\Ov_i9A2_L01_R0000FDF2_C0000D519,c:/users/esrlri~1/appdata/local/temp/4b6b55659312aa55f0b12cae76f16c26.sde/owd.amd_cl_mlp_pao_if_ortho_geosupport_ovr//ov_i9a2_l01_r0000fdf2_c0000d519,ov_i9a2_l01_r0000fdf2_c0000d519,ov_i9a2_l01_r0000fdf2_c0000d519,c_users_esrlri_1_appdata_local_temp_4b6b55659312aa55f0b12cae76f16c26_sde_owd_amd_cl_mlp_pao_if_ortho_geosupport_ovr_ov_i9a2_l01_r0000fdf2_c0000d519,ov_i9a2_l01_r0000fdf2_c0000d519,ov_i9a2_l01_r0000fdf2_c0000d519
397,Path,C:\Users\ESRLRI~1\AppData\Local\Temp\4b6b55659312aa55f0b12cae76f16c26.sde\OWD.AMD_CL_MLP_PAO_IF_Ortho_Geosupport_OVR\\Ov_i9A2_L01_R0000FDF2_C0000D51A,c:/users/esrlri~1/appdata/local/temp/4b6b55659312aa55f0b12cae76f16c26.sde/owd.amd_cl_mlp_pao_if_ortho_geosupport_ovr//ov_i9a2_l01_r0000fdf2_c0000d51a,ov_i9a2_l01_r0000fdf2_c0000d51a,ov_i9a2_l01_r0000fdf2_c0000d51a,c_users_esrlri_1_appdata_local_temp_4b6b55659312aa55f0b12cae76f16c26_sde_owd_amd_cl_mlp_pao_if_ortho_geosupport_ovr_ov_i9a2_l01_r0000fdf2_c0000d51a,ov_i9a2_l01_r0000fdf2_c0000d51a,ov_i9a2_l01_r0000fdf2_c0000d51a
398,Path,C:\Users\ESRLRI~1\AppData\Local\Temp\4b6b55659312aa55f0b12cae76f16c26.sde\OWD.AMD_CL_MLP_PAO_IF_Ortho_Geosupport_OVR\\Ov_i9A2_L01_R0000FDF2_C0000D51B,c:/users/esrlri~1/appdata/local/temp/4b6b55659312aa55f0b12cae76f16c26.sde/owd.amd_cl_mlp_pao_if_ortho_geosupport_ovr//ov_i9a2_l01_r0000fdf2_c0000d51b,ov_i9a2_l01_r0000fdf2_c0000d51b,ov_i9a2_l01_r0000fdf2_c0000d51b,c_users_esrlri_1_appdata_local_temp_4b6b55659312aa55f0b12cae76f16c26_sde_owd_amd_cl_mlp_pao_if_ortho_geosupport_ovr_ov_i9a2_l01_r0000fdf2_c0000d51b,ov_i9a2_l01_r0000fdf2_c0000d51b,ov_i9a2_l01_r0000fdf2_c0000d51b
399,Path,C:\Users\ESRLRI~1\AppData\Local\Temp\4b6b55659312aa55f0b12cae76f16c26.sde\OWD.AMD_CL_MLP_PAO_IF_Ortho_Geosupport_OVR\\Ov_i9A2_L01_R0000FDF2_C0000D51C,c:/users/esrlri~1/appdata/local/temp/4b6b55659312aa55f0b12cae76f16c26.sde/owd.amd_cl_mlp_pao_if_ortho_geosupport_ovr//ov_i9a2_l01_r0000fdf2_c0000d51c,ov_i9a2_l01_r0000fdf2_c0000d51c,ov_i9a2_l01_r0000fdf2_c0000d51c,c_users_esrlri_1_appdata_local_temp_4b6b55659312aa55f0b12cae76f16c26_sde_owd_amd_cl_mlp_pao_if_ortho_geosupport_ovr_ov_i9a2_l01_r0000fdf2_c0000d51c,ov_i9a2_l01_r0000fdf2_c0000d51c,ov_i9a2_l01_r0000fdf2_c0000d51c
400,Path,C:\Users\ESRLRI~1\AppData\Local\Temp\4b6b55659312aa55f0b12cae76f16c26.sde\OWD.AMD_CL_MLP_PAO_IF_Ortho_Geosupport_OVR\\Ov_i9A2_L01_R0000FDF2_C0000D51D,c:/users/esrlri~1/appdata/local/temp/4b6b55659312aa55f0b12cae76f16c26.sde/owd.amd_cl_mlp_pao_if_ortho_geosupport_ovr//ov_i9a2_l01_r0000fdf2_c0000d51d,ov_i9a2_l01_r0000fdf2_c0000d51d,ov_i9a2_l01_r0000fdf2_c0000d51d,c_users_esrlri_1_appdata_local_temp_4b6b55659312aa55f0b12cae76f16c26_sde_owd_amd_cl_mlp_pao_if_ortho_geosupport_ovr_ov_i9a2_l01_r0000fdf2_c0000d51d,ov_i9a2_l01_r0000fdf2_c0000d51d,ov_i9a2_l01_r0000fdf2_c0000d51d
401,Path,C:\Users\ESRLRI~1\AppData\Local\Temp\4b6b55659312aa55f0b12cae76f16c26.sde\OWD.AMD_CL_MLP_PAO_IF_Ortho_Geosupport_OVR\\Ov_i9A2_L01_R0000FDF2_C0000D51E,c:/users/esrlri~1/appdata/local/temp/4b6b55659312aa55f0b12cae76f16c26.sde/owd.amd_cl_mlp_pao_if_ortho_geosupport_ovr//ov_i9a2_l01_r0000fdf2_c0000d51e,ov_i9a2_l01_r0000fdf2_c0000d51e,ov_i9a2_l01_r0000fdf2_c0000d51e,c_users_esrlri_1_appdata_local_temp_4b6b55659312aa55f0b12cae76f16c26_sde_owd_amd_cl_mlp_pao_if_ortho_geosupport_ovr_ov_i9a2_l01_r0000fdf2_c0000d51e,ov_i9a2_l01_r0000fdf2_c0000d51e,ov_i9a2_l01_r0000fdf2_c0000d51e
402,Path,C:\Users\ESRLRI~1\AppData\Local\Temp\4b6b55659312aa55f0b12cae76f16c26.sde\OWD.AMD_CL_MLP_PAO_IF_Ortho_Geosupport_OVR\\Ov_i9A2_L01_R0000FDF2_C0000D51F,c:/users/esrlri~1/appdata/local/temp/4b6b55659312aa55f0b12cae76f16c26.sde/owd.amd_cl_mlp_pao_if_ortho_geosupport_ovr//ov_i9a2_l01_r0000fdf2_c0000d51f,ov_i9a2_l01_r0000fdf2_c0000d51f,ov_i9a2_l01_r0000fdf2_c0000d51f,c_users_esrlri_1_appdata_local_temp_4b6b55659312aa55f0b12cae76f16c26_sde_owd_amd_cl_mlp_pao_if_ortho_geosupport_ovr_ov_i9a2_l01_r0000fdf2_c0000d51f,ov_i9a2_l01_r0000fdf2_c0000d51f,ov_i9a2_l01_r0000fdf2_c0000d51f
403,Path,C:\Users\ESRLRI~1\AppData\Local\Temp\4b6b55659312aa55f0b12cae76f16c26.sde\OWD.AMD_CL_MLP_PAO_IF_Ortho_Geosupport_OVR\\Ov_i9A2_L01_R0000FDF2_C0000D520,c:/users/esrlri~1/appdata/local/temp/4b6b55659312aa55f0b12cae76f16c26.sde/owd.amd_cl_mlp_pao_if_ortho_geosupport_ovr//ov_i9a2_l01_r0000fdf2_c0000d520,ov_i9a2_l01_r0000fdf2_c0000d520,ov_i9a2_l01_r0000fdf2_c0000d520,c_users_esrlri_1_appdata_local_temp_4b6b55659312aa55f0b12cae76f16c26_sde_owd_amd_cl_mlp_pao_if_ortho_geosupport_ovr_ov_i9a2_l01_r0000fdf2_c0000d520,ov_i9a2_l01_r0000fdf2_c0000d520,ov_i9a2_l01_r0000fdf2_c0000d520
404,Path,C:\Users\ESRLRI~1\AppData\Local\Temp\4b6b55659312aa55f0b12cae76f16c26.sde\OWD.AMD_CL_MLP_PAO_IF_Ortho_Geosupport_OVR\\Ov_i9A2_L01_R0000FDF2_C0000D523,c:/users/esrlri~1/appdata/local/temp/4b6b55659312aa55f0b12cae76f16c26.sde/owd.amd_cl_mlp_pao_if_ortho_geosupport_ovr//ov_i9a2_l01_r0000fdf2_c0000d523,ov_i9a2_l01_r0000fdf2_c0000d523,ov_i9a2_l01_r0000fdf2_c0000d523,c_users_esrlri_1_appdata_local_temp_4b6b55659312aa55f0b12cae76f16c26_sde_owd_amd_cl_mlp_pao_if_ortho_geosupport_ovr_ov_i9a2_l01_r0000fdf2_c0000d523,ov_i9a2_l01_r0000fdf2_c0000d523,ov_i9a2_l01_r0000fdf2_c0000d523
405,Path,C:\Users\ESRLRI~1\AppData\Local\Temp\4b6b55659312aa55f0b12cae76f16c26.sde\OWD.AMD_CL_MLP_PAO_IF_Ortho_Geosupport_OVR\\Ov_i9A2_L01_R0000FDF2_C0000D524,c:/users/esrlri~1/appdata/local/temp/4b6b55659312aa55f0b12cae76f16c26.sde/owd.amd_cl_mlp_pao_if_ortho_geosupport_ovr//ov_i9a2_l01_r0000fdf2_c0000d524,ov_i9a2_l01_r0000fdf2_c0000d524,ov_i9a2_l01_r0000fdf2_c0000d524,c_users_esrlri_1_appdata_local_temp_4b6b55659312aa55f0b12cae76f16c26_sde_owd_amd_cl_mlp_pao_if_ortho_geosupport_ovr_ov_i9a2_l01_r0000fdf2_c0000d524,ov_i9a2_l01_r0000fdf2_c0000d524,ov_i9a2_l01_r0000fdf2_c0000d524
406,Path,C:\Users\amsgiseeap\AppData\Local\Temp\ArcGISProTemp12292\Untitled\SQLServer-amssclgis06_ArcGIS-Aereo.sde\OWD.AMD_CL_MLP_PAO_IF_Ortho_Geosupport_OVR\\Ov_i9A2_L01_R0000FE03_C0000D548,c:/users/amsgiseeap/appdata/local/temp/arcgisprotemp12292/untitled/sqlserver-amssclgis06_arcgis-aereo.sde/owd.amd_cl_mlp_pao_if_ortho_geosupport_ovr//ov_i9a2_l01_r0000fe03_c0000d548,ov_i9a2_l01_r0000fe03_c0000d548,ov_i9a2_l01_r0000fe03_c0000d548,c_users_amsgiseeap_appdata_local_temp_arcgisprotemp12292_untitled_sqlserver_amssclgis06_arcgis_aereo_sde_owd_amd_cl_mlp_pao_if_ortho_geosupport_ovr_ov_i9a2_l01_r0000fe03_c0000d548,ov_i9a2_l01_r0000fe03_c0000d548,ov_i9a2_l01_r0000fe03_c0000d548
407,Path,C:\Users\amsgiseeap\AppData\Local\Temp\ArcGISProTemp12292\Untitled\SQLServer-amssclgis06_ArcGIS-Aereo.sde\OWD.AMD_CL_MLP_PAO_IF_Ortho_Geosupport_OVR\\Ov_i9A2_L01_R0000FE03_C0000D549,c:/users/amsgiseeap/appdata/local/temp/arcgisprotemp12292/untitled/sqlserver-amssclgis06_arcgis-aereo.sde/owd.amd_cl_mlp_pao_if_ortho_geosupport_ovr//ov_i9a2_l01_r0000fe03_c0000d549,ov_i9a2_l01_r0000fe03_c0000d549,ov_i9a2_l01_r0000fe03_c0000d549,c_users_amsgiseeap_appdata_local_temp_arcgisprotemp12292_untitled_sqlserver_amssclgis06_arcgis_aereo_sde_owd_amd_cl_mlp_pao_if_ortho_geosupport_ovr_ov_i9a2_l01_r0000fe03_c0000d549,ov_i9a2_l01_r0000fe03_c0000d549,ov_i9a2_l01_r0000fe03_c0000d549
408,Path,C:\Users\amsgiseeap\AppData\Local\Temp\ArcGISProTemp12292\Untitled\SQLServer-amssclgis06_ArcGIS-Aereo.sde\OWD.AMD_CL_MLP_PAO_IF_Ortho_Geosupport_OVR\\Ov_i9A2_L01_R0000FE03_C0000D54A,c:/users/amsgiseeap/appdata/local/temp/arcgisprotemp12292/untitled/sqlserver-amssclgis06_arcgis-aereo.sde/owd.amd_cl_mlp_pao_if_ortho_geosupport_ovr//ov_i9a2_l01_r0000fe03_c0000d54a,ov_i9a2_l01_r0000fe03_c0000d54a,ov_i9a2_l01_r0000fe03_c0000d54a,c_users_amsgiseeap_appdata_local_temp_arcgisprotemp12292_untitled_sqlserver_amssclgis06_arcgis_aereo_sde_owd_amd_cl_mlp_pao_if_ortho_geosupport_ovr_ov_i9a2_l01_r0000fe03_c0000d54a,ov_i9a2_l01_r0000fe03_c0000d54a,ov_i9a2_l01_r0000fe03_c0000d54a
409,Path,C:\Users\amsgiseeap\AppData\Local\Temp\ArcGISProTemp12292\Untitled\SQLServer-amssclgis06_ArcGIS-Aereo.sde\OWD.AMD_CL_MLP_PAO_IF_Ortho_Geosupport_OVR\\Ov_i9A2_L01_R0000FE03_C0000D54B,c:/users/amsgiseeap/appdata/local/temp/arcgisprotemp12292/untitled/sqlserver-amssclgis06_arcgis-aereo.sde/owd.amd_cl_mlp_pao_if_ortho_geosupport_ovr//ov_i9a2_l01_r0000fe03_c0000d54b,ov_i9a2_l01_r0000fe03_c0000d54b,ov_i9a2_l01_r0000fe03_c0000d54b,c_users_amsgiseeap_appdata_local_temp_arcgisprotemp12292_untitled_sqlserver_amssclgis06_arcgis_aereo_sde_owd_amd_cl_mlp_pao_if_ortho_geosupport_ovr_ov_i9a2_l01_r0000fe03_c0000d54b,ov_i9a2_l01_r0000fe03_c0000d54b,ov_i9a2_l01_r0000fe03_c0000d54b
410,Path,C:\Users\amsgiseeap\AppData\Local\Temp\ArcGISProTemp12292\Untitled\SQLServer-amssclgis06_ArcGIS-Aereo.sde\OWD.AMD_CL_MLP_PAO_IF_Ortho_Geosupport_OVR\\Ov_i9A2_L01_R0000FE03_C0000D54C,c:/users/amsgiseeap/appdata/local/temp/arcgisprotemp12292/untitled/sqlserver-amssclgis06_arcgis-aereo.sde/owd.amd_cl_mlp_pao_if_ortho_geosupport_ovr//ov_i9a2_l01_r0000fe03_c0000d54c,ov_i9a2_l01_r0000fe03_c0000d54c,ov_i9a2_l01_r0000fe03_c0000d54c,c_users_amsgiseeap_appdata_local_temp_arcgisprotemp12292_untitled_sqlserver_amssclgis06_arcgis_aereo_sde_owd_amd_cl_mlp_pao_if_ortho_geosupport_ovr_ov_i9a2_l01_r0000fe03_c0000d54c,ov_i9a2_l01_r0000fe03_c0000d54c,ov_i9a2_l01_r0000fe03_c0000d54c
411,Path,C:\Users\amsgiseeap\AppData\Local\Temp\ArcGISProTemp12292\Untitled\SQLServer-amssclgis06_ArcGIS-Aereo.sde\OWD.AMD_CL_MLP_PAO_IF_Ortho_Geosupport_OVR\\Ov_i9A2_L01_R0000FE03_C0000D54D,c:/users/amsgiseeap/appdata/local/temp/arcgisprotemp12292/untitled/sqlserver-amssclgis06_arcgis-aereo.sde/owd.amd_cl_mlp_pao_if_ortho_geosupport_ovr//ov_i9a2_l01_r0000fe03_c0000d54d,ov_i9a2_l01_r0000fe03_c0000d54d,ov_i9a2_l01_r0000fe03_c0000d54d,c_users_amsgiseeap_appdata_local_temp_arcgisprotemp12292_untitled_sqlserver_amssclgis06_arcgis_aereo_sde_owd_amd_cl_mlp_pao_if_ortho_geosupport_ovr_ov_i9a2_l01_r0000fe03_c0000d54d,ov_i9a2_l01_r0000fe03_c0000d54d,ov_i9a2_l01_r0000fe03_c0000d54d
412,Path,C:\Users\amsgiseeap\AppData\Local\Temp\ArcGISProTemp12292\Untitled\SQLServer-amssclgis06_ArcGIS-Aereo.sde\OWD.AMD_CL_MLP_PAO_IF_Ortho_Geosupport_OVR\\Ov_i9A2_L01_R0000FE03_C0000D54E,c:/users/amsgiseeap/appdata/local/temp/arcgisprotemp12292/untitled/sqlserver-amssclgis06_arcgis-aereo.sde/owd.amd_cl_mlp_pao_if_ortho_geosupport_ovr//ov_i9a2_l01_r0000fe03_c0000d54e,ov_i9a2_l01_r0000fe03_c0000d54e,ov_i9a2_l01_r0000fe03_c0000d54e,c_users_amsgiseeap_appdata_local_temp_arcgisprotemp12292_untitled_sqlserver_amssclgis06_arcgis_aereo_sde_owd_amd_cl_mlp_pao_if_ortho_geosupport_ovr_ov_i9a2_l01_r0000fe03_c0000d54e,ov_i9a2_l01_r0000fe03_c0000d54e,ov_i9a2_l01_r0000fe03_c0000d54e
413,Path,C:\Users\amsgiseeap\AppData\Local\Temp\ArcGISProTemp12292\Untitled\SQLServer-amssclgis06_ArcGIS-Aereo.sde\OWD.AMD_CL_MLP_PAO_IF_Ortho_Geosupport_OVR\\Ov_i9A2_L01_R0000FE04_C0000D548,c:/users/amsgiseeap/appdata/local/temp/arcgisprotemp12292/untitled/sqlserver-amssclgis06_arcgis-aereo.sde/owd.amd_cl_mlp_pao_if_ortho_geosupport_ovr//ov_i9a2_l01_r0000fe04_c0000d548,ov_i9a2_l01_r0000fe04_c0000d548,ov_i9a2_l01_r0000fe04_c0000d548,c_users_amsgiseeap_appdata_local_temp_arcgisprotemp12292_untitled_sqlserver_amssclgis06_arcgis_aereo_sde_owd_amd_cl_mlp_pao_if_ortho_geosupport_ovr_ov_i9a2_l01_r0000fe04_c0000d548,ov_i9a2_l01_r0000fe04_c0000d548,ov_i9a2_l01_r0000fe04_c0000d548
414,Path,C:\Users\amsgiseeap\AppData\Local\Temp\ArcGISProTemp12292\Untitled\SQLServer-amssclgis06_ArcGIS-Aereo.sde\OWD.AMD_CL_MLP_PAO_IF_Ortho_Geosupport_OVR\\Ov_i9A2_L01_R0000FE04_C0000D549,c:/users/amsgiseeap/appdata/local/temp/arcgisprotemp12292/untitled/sqlserver-amssclgis06_arcgis-aereo.sde/owd.amd_cl_mlp_pao_if_ortho_geosupport_ovr//ov_i9a2_l01_r0000fe04_c0000d549,ov_i9a2_l01_r0000fe04_c0000d549,ov_i9a2_l01_r0000fe04_c0000d549,c_users_amsgiseeap_appdata_local_temp_arcgisprotemp12292_untitled_sqlserver_amssclgis06_arcgis_aereo_sde_owd_amd_cl_mlp_pao_if_ortho_geosupport_ovr_ov_i9a2_l01_r0000fe04_c0000d549,ov_i9a2_l01_r0000fe04_c0000d549,ov_i9a2_l01_r0000fe04_c0000d549
415,Path,C:\Users\amsgiseeap\AppData\Local\Temp\ArcGISProTemp12292\Untitled\SQLServer-amssclgis06_ArcGIS-Aereo.sde\OWD.AMD_CL_MLP_PAO_IF_Ortho_Geosupport_OVR\\Ov_i9A2_L01_R0000FE04_C0000D54A,c:/users/amsgiseeap/appdata/local/temp/arcgisprotemp12292/untitled/sqlserver-amssclgis06_arcgis-aereo.sde/owd.amd_cl_mlp_pao_if_ortho_geosupport_ovr//ov_i9a2_l01_r0000fe04_c0000d54a,ov_i9a2_l01_r0000fe04_c0000d54a,ov_i9a2_l01_r0000fe04_c0000d54a,c_users_amsgiseeap_appdata_local_temp_arcgisprotemp12292_untitled_sqlserver_amssclgis06_arcgis_aereo_sde_owd_amd_cl_mlp_pao_if_ortho_geosupport_ovr_ov_i9a2_l01_r0000fe04_c0000d54a,ov_i9a2_l01_r0000fe04_c0000d54a,ov_i9a2_l01_r0000fe04_c0000d54a
416,Path,C:\Users\amsgiseeap\AppData\Local\Temp\ArcGISProTemp12292\Untitled\SQLServer-amssclgis06_ArcGIS-Aereo.sde\OWD.AMD_CL_MLP_PAO_IF_Ortho_Geosupport_OVR\\Ov_i9A2_L01_R0000FE04_C0000D54B,c:/users/amsgiseeap/appdata/local/temp/arcgisprotemp12292/untitled/sqlserver-amssclgis06_arcgis-aereo.sde/owd.amd_cl_mlp_pao_if_ortho_geosupport_ovr//ov_i9a2_l01_r0000fe04_c0000d54b,ov_i9a2_l01_r0000fe04_c0000d54b,ov_i9a2_l01_r0000fe04_c0000d54b,c_users_amsgiseeap_appdata_local_temp_arcgisprotemp12292_untitled_sqlserver_amssclgis06_arcgis_aereo_sde_owd_amd_cl_mlp_pao_if_ortho_geosupport_ovr_ov_i9a2_l01_r0000fe04_c0000d54b,ov_i9a2_l01_r0000fe04_c0000d54b,ov_i9a2_l01_r0000fe04_c0000d54b
417,Path,C:\Users\amsgiseeap\AppData\Local\Temp\ArcGISProTemp12292\Untitled\SQLServer-amssclgis06_ArcGIS-Aereo.sde\OWD.AMD_CL_MLP_PAO_IF_Ortho_Geosupport_OVR\\Ov_i9A2_L01_R0000FE04_C0000D54C,c:/users/amsgiseeap/appdata/local/temp/arcgisprotemp12292/untitled/sqlserver-amssclgis06_arcgis-aereo.sde/owd.amd_cl_mlp_pao_if_ortho_geosupport_ovr//ov_i9a2_l01_r0000fe04_c0000d54c,ov_i9a2_l01_r0000fe04_c0000d54c,ov_i9a2_l01_r0000fe04_c0000d54c,c_users_amsgiseeap_appdata_local_temp_arcgisprotemp12292_untitled_sqlserver_amssclgis06_arcgis_aereo_sde_owd_amd_cl_mlp_pao_if_ortho_geosupport_ovr_ov_i9a2_l01_r0000fe04_c0000d54c,ov_i9a2_l01_r0000fe04_c0000d54c,ov_i9a2_l01_r0000fe04_c0000d54c
418,Path,C:\Users\amsgiseeap\AppData\Local\Temp\ArcGISProTemp12292\Untitled\SQLServer-amssclgis06_ArcGIS-Aereo.sde\OWD.AMD_CL_MLP_PAO_IF_Ortho_Geosupport_OVR\\Ov_i9A2_L01_R0000FE04_C0000D54D,c:/users/amsgiseeap/appdata/local/temp/arcgisprotemp12292/untitled/sqlserver-amssclgis06_arcgis-aereo.sde/owd.amd_cl_mlp_pao_if_ortho_geosupport_ovr//ov_i9a2_l01_r0000fe04_c0000d54d,ov_i9a2_l01_r0000fe04_c0000d54d,ov_i9a2_l01_r0000fe04_c0000d54d,c_users_amsgiseeap_appdata_local_temp_arcgisprotemp12292_untitled_sqlserver_amssclgis06_arcgis_aereo_sde_owd_amd_cl_mlp_pao_if_ortho_geosupport_ovr_ov_i9a2_l01_r0000fe04_c0000d54d,ov_i9a2_l01_r0000fe04_c0000d54d,ov_i9a2_l01_r0000fe04_c0000d54d
419,Path,C:\Users\amsgiseeap\AppData\Local\Temp\ArcGISProTemp12292\Untitled\SQLServer-amssclgis06_ArcGIS-Aereo.sde\OWD.AMD_CL_MLP_PAO_IF_Ortho_Geosupport_OVR\\Ov_i9A2_L01_R0000FE04_C0000D54E,c:/users/amsgiseeap/appdata/local/temp/arcgisprotemp12292/untitled/sqlserver-amssclgis06_arcgis-aereo.sde/owd.amd_cl_mlp_pao_if_ortho_geosupport_ovr//ov_i9a2_l01_r0000fe04_c0000d54e,ov_i9a2_l01_r0000fe04_c0000d54e,ov_i9a2_l01_r0000fe04_c0000d54e,c_users_amsgiseeap_appdata_local_temp_arcgisprotemp12292_untitled_sqlserver_amssclgis06_arcgis_aereo_sde_owd_amd_cl_mlp_pao_if_ortho_geosupport_ovr_ov_i9a2_l01_r0000fe04_c0000d54e,ov_i9a2_l01_r0000fe04_c0000d54e,ov_i9a2_l01_r0000fe04_c0000d54e
420,Path,C:\Users\amsgiseeap\AppData\Local\Temp\ArcGISProTemp12292\Untitled\SQLServer-amssclgis06_ArcGIS-Aereo.sde\OWD.AMD_CL_MLP_PAO_IF_Ortho_Geosupport_OVR\\Ov_i9A2_L01_R0000FE04_C0000D559,c:/users/amsgiseeap/appdata/local/temp/arcgisprotemp12292/untitled/sqlserver-amssclgis06_arcgis-aereo.sde/owd.amd_cl_mlp_pao_if_ortho_geosupport_ovr//ov_i9a2_l01_r0000fe04_c0000d559,ov_i9a2_l01_r0000fe04_c0000d559,ov_i9a2_l01_r0000fe04_c0000d559,c_users_amsgiseeap_appdata_local_temp_arcgisprotemp12292_untitled_sqlserver_amssclgis06_arcgis_aereo_sde_owd_amd_cl_mlp_pao_if_ortho_geosupport_ovr_ov_i9a2_l01_r0000fe04_c0000d559,ov_i9a2_l01_r0000fe04_c0000d559,ov_i9a2_l01_r0000fe04_c0000d559
421,Path,C:\Users\amsgiseeap\AppData\Local\Temp\ArcGISProTemp12292\Untitled\SQLServer-amssclgis06_ArcGIS-Aereo.sde\OWD.AMD_CL_MLP_PAO_IF_Ortho_Geosupport_OVR\\Ov_i9A2_L01_R0000FE05_C0000D548,c:/users/amsgiseeap/appdata/local/temp/arcgisprotemp12292/untitled/sqlserver-amssclgis06_arcgis-aereo.sde/owd.amd_cl_mlp_pao_if_ortho_geosupport_ovr//ov_i9a2_l01_r0000fe05_c0000d548,ov_i9a2_l01_r0000fe05_c0000d548,ov_i9a2_l01_r0000fe05_c0000d548,c_users_amsgiseeap_appdata_local_temp_arcgisprotemp12292_untitled_sqlserver_amssclgis06_arcgis_aereo_sde_owd_amd_cl_mlp_pao_if_ortho_geosupport_ovr_ov_i9a2_l01_r0000fe05_c0000d548,ov_i9a2_l01_r0000fe05_c0000d548,ov_i9a2_l01_r0000fe05_c0000d548
422,Path,C:\Users\amsgiseeap\AppData\Local\Temp\ArcGISProTemp12292\Untitled\SQLServer-amssclgis06_ArcGIS-Aereo.sde\OWD.AMD_CL_MLP_PAO_IF_Ortho_Geosupport_OVR\\Ov_i9A2_L01_R0000FE05_C0000D549,c:/users/amsgiseeap/appdata/local/temp/arcgisprotemp12292/untitled/sqlserver-amssclgis06_arcgis-aereo.sde/owd.amd_cl_mlp_pao_if_ortho_geosupport_ovr//ov_i9a2_l01_r0000fe05_c0000d549,ov_i9a2_l01_r0000fe05_c0000d549,ov_i9a2_l01_r0000fe05_c0000d549,c_users_amsgiseeap_appdata_local_temp_arcgisprotemp12292_untitled_sqlserver_amssclgis06_arcgis_aereo_sde_owd_amd_cl_mlp_pao_if_ortho_geosupport_ovr_ov_i9a2_l01_r0000fe05_c0000d549,ov_i9a2_l01_r0000fe05_c0000d549,ov_i9a2_l01_r0000fe05_c0000d549
423,Path,C:\Users\amsgiseeap\AppData\Local\Temp\ArcGISProTemp12292\Untitled\SQLServer-amssclgis06_ArcGIS-Aereo.sde\OWD.AMD_CL_MLP_PAO_IF_Ortho_Geosupport_OVR\\Ov_i9A2_L01_R0000FE05_C0000D54A,c:/users/amsgiseeap/appdata/local/temp/arcgisprotemp12292/untitled/sqlserver-amssclgis06_arcgis-aereo.sde/owd.amd_cl_mlp_pao_if_ortho_geosupport_ovr//ov_i9a2_l01_r0000fe05_c0000d54a,ov_i9a2_l01_r0000fe05_c0000d54a,ov_i9a2_l01_r0000fe05_c0000d54a,c_users_amsgiseeap_appdata_local_temp_arcgisprotemp12292_untitled_sqlserver_amssclgis06_arcgis_aereo_sde_owd_amd_cl_mlp_pao_if_ortho_geosupport_ovr_ov_i9a2_l01_r0000fe05_c0000d54a,ov_i9a2_l01_r0000fe05_c0000d54a,ov_i9a2_l01_r0000fe05_c0000d54a
424,Path,C:\Users\amsgiseeap\AppData\Local\Temp\ArcGISProTemp12292\Untitled\SQLServer-amssclgis06_ArcGIS-Aereo.sde\OWD.AMD_CL_MLP_PAO_IF_Ortho_Geosupport_OVR\\Ov_i9A2_L01_R0000FE05_C0000D54B,c:/users/amsgiseeap/appdata/local/temp/arcgisprotemp12292/untitled/sqlserver-amssclgis06_arcgis-aereo.sde/owd.amd_cl_mlp_pao_if_ortho_geosupport_ovr//ov_i9a2_l01_r0000fe05_c0000d54b,ov_i9a2_l01_r0000fe05_c0000d54b,ov_i9a2_l01_r0000fe05_c0000d54b,c_users_amsgiseeap_appdata_local_temp_arcgisprotemp12292_untitled_sqlserver_amssclgis06_arcgis_aereo_sde_owd_amd_cl_mlp_pao_if_ortho_geosupport_ovr_ov_i9a2_l01_r0000fe05_c0000d54b,ov_i9a2_l01_r0000fe05_c0000d54b,ov_i9a2_l01_r0000fe05_c0000d54b
425,Path,C:\Users\amsgiseeap\AppData\Local\Temp\ArcGISProTemp12292\Untitled\SQLServer-amssclgis06_ArcGIS-Aereo.sde\OWD.AMD_CL_MLP_PAO_IF_Ortho_Geosupport_OVR\\Ov_i9A2_L01_R0000FE05_C0000D54C,c:/users/amsgiseeap/appdata/local/temp/arcgisprotemp12292/untitled/sqlserver-amssclgis06_arcgis-aereo.sde/owd.amd_cl_mlp_pao_if_ortho_geosupport_ovr//ov_i9a2_l01_r0000fe05_c0000d54c,ov_i9a2_l01_r0000fe05_c0000d54c,ov_i9a2_l01_r0000fe05_c0000d54c,c_users_amsgiseeap_appdata_local_temp_arcgisprotemp12292_untitled_sqlserver_amssclgis06_arcgis_aereo_sde_owd_amd_cl_mlp_pao_if_ortho_geosupport_ovr_ov_i9a2_l01_r0000fe05_c0000d54c,ov_i9a2_l01_r0000fe05_c0000d54c,ov_i9a2_l01_r0000fe05_c0000d54c
426,Path,C:\Users\amsgiseeap\AppData\Local\Temp\ArcGISProTemp12292\Untitled\SQLServer-amssclgis06_ArcGIS-Aereo.sde\OWD.AMD_CL_MLP_PAO_IF_Ortho_Geosupport_OVR\\Ov_i9A2_L01_R0000FE05_C0000D54D,c:/users/amsgiseeap/appdata/local/temp/arcgisprotemp12292/untitled/sqlserver-amssclgis06_arcgis-aereo.sde/owd.amd_cl_mlp_pao_if_ortho_geosupport_ovr//ov_i9a2_l01_r0000fe05_c0000d54d,ov_i9a2_l01_r0000fe05_c0000d54d,ov_i9a2_l01_r0000fe05_c0000d54d,c_users_amsgiseeap_appdata_local_temp_arcgisprotemp12292_untitled_sqlserver_amssclgis06_arcgis_aereo_sde_owd_amd_cl_mlp_pao_if_ortho_geosupport_ovr_ov_i9a2_l01_r0000fe05_c0000d54d,ov_i9a2_l01_r0000fe05_c0000d54d,ov_i9a2_l01_r0000fe05_c0000d54d
427,Path,C:\Users\amsgiseeap\AppData\Local\Temp\ArcGISProTemp12292\Untitled\SQLServer-amssclgis06_ArcGIS-Aereo.sde\OWD.AMD_CL_MLP_PAO_IF_Ortho_Geosupport_OVR\\Ov_i9A2_L01_R0000FE05_C0000D54E,c:/users/amsgiseeap/appdata/local/temp/arcgisprotemp12292/untitled/sqlserver-amssclgis06_arcgis-aereo.sde/owd.amd_cl_mlp_pao_if_ortho_geosupport_ovr//ov_i9a2_l01_r0000fe05_c0000d54e,ov_i9a2_l01_r0000fe05_c0000d54e,ov_i9a2_l01_r0000fe05_c0000d54e,c_users_amsgiseeap_appdata_local_temp_arcgisprotemp12292_untitled_sqlserver_amssclgis06_arcgis_aereo_sde_owd_amd_cl_mlp_pao_if_ortho_geosupport_ovr_ov_i9a2_l01_r0000fe05_c0000d54e,ov_i9a2_l01_r0000fe05_c0000d54e,ov_i9a2_l01_r0000fe05_c0000d54e
428,Path,C:\Users\amsgiseeap\AppData\Local\Temp\ArcGISProTemp12292\Untitled\SQLServer-amssclgis06_ArcGIS-Aereo.sde\OWD.AMD_CL_MLP_PAO_IF_Ortho_Geosupport_OVR\\Ov_i9A2_L01_R0000FE05_C0000D557,c:/users/amsgiseeap/appdata/local/temp/arcgisprotemp12292/untitled/sqlserver-amssclgis06_arcgis-aereo.sde/owd.amd_cl_mlp_pao_if_ortho_geosupport_ovr//ov_i9a2_l01_r0000fe05_c0000d557,ov_i9a2_l01_r0000fe05_c0000d557,ov_i9a2_l01_r0000fe05_c0000d557,c_users_amsgiseeap_appdata_local_temp_arcgisprotemp12292_untitled_sqlserver_amssclgis06_arcgis_aereo_sde_owd_amd_cl_mlp_pao_if_ortho_geosupport_ovr_ov_i9a2_l01_r0000fe05_c0000d557,ov_i9a2_l01_r0000fe05_c0000d557,ov_i9a2_l01_r0000fe05_c0000d557
429,Path,C:\Users\amsgiseeap\AppData\Local\Temp\ArcGISProTemp12292\Untitled\SQLServer-amssclgis06_ArcGIS-Aereo.sde\OWD.AMD_CL_MLP_PAO_IF_Ortho_Geosupport_OVR\\Ov_i9A2_L01_R0000FE06_C0000D549,c:/users/amsgiseeap/appdata/local/temp/arcgisprotemp12292/untitled/sqlserver-amssclgis06_arcgis-aereo.sde/owd.amd_cl_mlp_pao_if_ortho_geosupport_ovr//ov_i9a2_l01_r0000fe06_c0000d549,ov_i9a2_l01_r0000fe06_c0000d549,ov_i9a2_l01_r0000fe06_c0000d549,c_users_amsgiseeap_appdata_local_temp_arcgisprotemp12292_untitled_sqlserver_amssclgis06_arcgis_aereo_sde_owd_amd_cl_mlp_pao_if_ortho_geosupport_ovr_ov_i9a2_l01_r0000fe06_c0000d549,ov_i9a2_l01_r0000fe06_c0000d549,ov_i9a2_l01_r0000fe06_c0000d549
430,Path,C:\Users\amsgiseeap\AppData\Local\Temp\ArcGISProTemp12292\Untitled\SQLServer-amssclgis06_ArcGIS-Aereo.sde\OWD.AMD_CL_MLP_PAO_IF_Ortho_Geosupport_OVR\\Ov_i9A2_L01_R0000FE06_C0000D54A,c:/users/amsgiseeap/appdata/local/temp/arcgisprotemp12292/untitled/sqlserver-amssclgis06_arcgis-aereo.sde/owd.amd_cl_mlp_pao_if_ortho_geosupport_ovr//ov_i9a2_l01_r0000fe06_c0000d54a,ov_i9a2_l01_r0000fe06_c0000d54a,ov_i9a2_l01_r0000fe06_c0000d54a,c_users_amsgiseeap_appdata_local_temp_arcgisprotemp12292_untitled_sqlserver_amssclgis06_arcgis_aereo_sde_owd_amd_cl_mlp_pao_if_ortho_geosupport_ovr_ov_i9a2_l01_r0000fe06_c0000d54a,ov_i9a2_l01_r0000fe06_c0000d54a,ov_i9a2_l01_r0000fe06_c0000d54a
431,Path,C:\Users\amsgiseeap\AppData\Local\Temp\ArcGISProTemp12292\Untitled\SQLServer-amssclgis06_ArcGIS-Aereo.sde\OWD.AMD_CL_MLP_PAO_IF_Ortho_Geosupport_OVR\\Ov_i9A2_L01_R0000FE06_C0000D54B,c:/users/amsgiseeap/appdata/local/temp/arcgisprotemp12292/untitled/sqlserver-amssclgis06_arcgis-aereo.sde/owd.amd_cl_mlp_pao_if_ortho_geosupport_ovr//ov_i9a2_l01_r0000fe06_c0000d54b,ov_i9a2_l01_r0000fe06_c0000d54b,ov_i9a2_l01_r0000fe06_c0000d54b,c_users_amsgiseeap_appdata_local_temp_arcgisprotemp12292_untitled_sqlserver_amssclgis06_arcgis_aereo_sde_owd_amd_cl_mlp_pao_if_ortho_geosupport_ovr_ov_i9a2_l01_r0000fe06_c0000d54b,ov_i9a2_l01_r0000fe06_c0000d54b,ov_i9a2_l01_r0000fe06_c0000d54b
432,Path,C:\Users\amsgiseeap\AppData\Local\Temp\ArcGISProTemp12292\Untitled\SQLServer-amssclgis06_ArcGIS-Aereo.sde\OWD.AMD_CL_MLP_PAO_IF_Ortho_Geosupport_OVR\\Ov_i9A2_L01_R0000FE06_C0000D54C,c:/users/amsgiseeap/appdata/local/temp/arcgisprotemp12292/untitled/sqlserver-amssclgis06_arcgis-aereo.sde/owd.amd_cl_mlp_pao_if_ortho_geosupport_ovr//ov_i9a2_l01_r0000fe06_c0000d54c,ov_i9a2_l01_r0000fe06_c0000d54c,ov_i9a2_l01_r0000fe06_c0000d54c,c_users_amsgiseeap_appdata_local_temp_arcgisprotemp12292_untitled_sqlserver_amssclgis06_arcgis_aereo_sde_owd_amd_cl_mlp_pao_if_ortho_geosupport_ovr_ov_i9a2_l01_r0000fe06_c0000d54c,ov_i9a2_l01_r0000fe06_c0000d54c,ov_i9a2_l01_r0000fe06_c0000d54c
433,Path,C:\Users\amsgiseeap\AppData\Local\Temp\ArcGISProTemp12292\Untitled\SQLServer-amssclgis06_ArcGIS-Aereo.sde\OWD.AMD_CL_MLP_PAO_IF_Ortho_Geosupport_OVR\\Ov_i9A2_L01_R0000FE06_C0000D54D,c:/users/amsgiseeap/appdata/local/temp/arcgisprotemp12292/untitled/sqlserver-amssclgis06_arcgis-aereo.sde/owd.amd_cl_mlp_pao_if_ortho_geosupport_ovr//ov_i9a2_l01_r0000fe06_c0000d54d,ov_i9a2_l01_r0000fe06_c0000d54d,ov_i9a2_l01_r0000fe06_c0000d54d,c_users_amsgiseeap_appdata_local_temp_arcgisprotemp12292_untitled_sqlserver_amssclgis06_arcgis_aereo_sde_owd_amd_cl_mlp_pao_if_ortho_geosupport_ovr_ov_i9a2_l01_r0000fe06_c0000d54d,ov_i9a2_l01_r0000fe06_c0000d54d,ov_i9a2_l01_r0000fe06_c0000d54d
434,Path,C:\Users\amsgiseeap\AppData\Local\Temp\ArcGISProTemp12292\Untitled\SQLServer-amssclgis06_ArcGIS-Aereo.sde\OWD.AMD_CL_MLP_PAO_IF_Ortho_Geosupport_OVR\\Ov_i9A2_L01_R0000FE06_C0000D54E,c:/users/amsgiseeap/appdata/local/temp/arcgisprotemp12292/untitled/sqlserver-amssclgis06_arcgis-aereo.sde/owd.amd_cl_mlp_pao_if_ortho_geosupport_ovr//ov_i9a2_l01_r0000fe06_c0000d54e,ov_i9a2_l01_r0000fe06_c0000d54e,ov_i9a2_l01_r0000fe06_c0000d54e,c_users_amsgiseeap_appdata_local_temp_arcgisprotemp12292_untitled_sqlserver_amssclgis06_arcgis_aereo_sde_owd_amd_cl_mlp_pao_if_ortho_geosupport_ovr_ov_i9a2_l01_r0000fe06_c0000d54e,ov_i9a2_l01_r0000fe06_c0000d54e,ov_i9a2_l01_r0000fe06_c0000d54e
435,Path,C:\Users\amsgiseeap\AppData\Local\Temp\ArcGISProTemp12292\Untitled\SQLServer-amssclgis06_ArcGIS-Aereo.sde\OWD.AMD_CL_MLP_PAO_IF_Ortho_Geosupport_OVR\\Ov_i9A2_L01_R0000FE06_C0000D555,c:/users/amsgiseeap/appdata/local/temp/arcgisprotemp12292/untitled/sqlserver-amssclgis06_arcgis-aereo.sde/owd.amd_cl_mlp_pao_if_ortho_geosupport_ovr//ov_i9a2_l01_r0000fe06_c0000d555,ov_i9a2_l01_r0000fe06_c0000d555,ov_i9a2_l01_r0000fe06_c0000d555,c_users_amsgiseeap_appdata_local_temp_arcgisprotemp12292_untitled_sqlserver_amssclgis06_arcgis_aereo_sde_owd_amd_cl_mlp_pao_if_ortho_geosupport_ovr_ov_i9a2_l01_r0000fe06_c0000d555,ov_i9a2_l01_r0000fe06_c0000d555,ov_i9a2_l01_r0000fe06_c0000d555
436,Path,C:\Users\amsgiseeap\AppData\Local\Temp\ArcGISProTemp12292\Untitled\SQLServer-amssclgis06_ArcGIS-Aereo.sde\OWD.AMD_CL_MLP_PAO_IF_Ortho_Geosupport_OVR\\Ov_i9A2_L01_R0000FE06_C0000D556,c:/users/amsgiseeap/appdata/local/temp/arcgisprotemp12292/untitled/sqlserver-amssclgis06_arcgis-aereo.sde/owd.amd_cl_mlp_pao_if_ortho_geosupport_ovr//ov_i9a2_l01_r0000fe06_c0000d556,ov_i9a2_l01_r0000fe06_c0000d556,ov_i9a2_l01_r0000fe06_c0000d556,c_users_amsgiseeap_appdata_local_temp_arcgisprotemp12292_untitled_sqlserver_amssclgis06_arcgis_aereo_sde_owd_amd_cl_mlp_pao_if_ortho_geosupport_ovr_ov_i9a2_l01_r0000fe06_c0000d556,ov_i9a2_l01_r0000fe06_c0000d556,ov_i9a2_l01_r0000fe06_c0000d556
437,Path,C:\Users\amsgiseeap\AppData\Local\Temp\ArcGISProTemp12292\Untitled\SQLServer-amssclgis06_ArcGIS-Aereo.sde\OWD.AMD_CL_MLP_PAO_IF_Ortho_Geosupport_OVR\\Ov_i9A2_L01_R0000FE06_C0000D557,c:/users/amsgiseeap/appdata/local/temp/arcgisprotemp12292/untitled/sqlserver-amssclgis06_arcgis-aereo.sde/owd.amd_cl_mlp_pao_if_ortho_geosupport_ovr//ov_i9a2_l01_r0000fe06_c0000d557,ov_i9a2_l01_r0000fe06_c0000d557,ov_i9a2_l01_r0000fe06_c0000d557,c_users_amsgiseeap_appdata_local_temp_arcgisprotemp12292_untitled_sqlserver_amssclgis06_arcgis_aereo_sde_owd_amd_cl_mlp_pao_if_ortho_geosupport_ovr_ov_i9a2_l01_r0000fe06_c0000d557,ov_i9a2_l01_r0000fe06_c0000d557,ov_i9a2_l01_r0000fe06_c0000d557
438,Path,C:\Users\amsgiseeap\AppData\Local\Temp\ArcGISProTemp12292\Untitled\SQLServer-amssclgis06_ArcGIS-Aereo.sde\OWD.AMD_CL_MLP_PAO_IF_Ortho_Geosupport_OVR\\Ov_i9A2_L01_R0000FE07_C0000D555,c:/users/amsgiseeap/appdata/local/temp/arcgisprotemp12292/untitled/sqlserver-amssclgis06_arcgis-aereo.sde/owd.amd_cl_mlp_pao_if_ortho_geosupport_ovr//ov_i9a2_l01_r0000fe07_c0000d555,ov_i9a2_l01_r0000fe07_c0000d555,ov_i9a2_l01_r0000fe07_c0000d555,c_users_amsgiseeap_appdata_local_temp_arcgisprotemp12292_untitled_sqlserver_amssclgis06_arcgis_aereo_sde_owd_amd_cl_mlp_pao_if_ortho_geosupport_ovr_ov_i9a2_l01_r0000fe07_c0000d555,ov_i9a2_l01_r0000fe07_c0000d555,ov_i9a2_l01_r0000fe07_c0000d555
439,Path,C:\Users\amsgiseeap\AppData\Local\Temp\ArcGISProTemp12292\Untitled\SQLServer-amssclgis06_ArcGIS-Aereo.sde\OWD.AMD_CL_MLP_PAO_IF_Ortho_Geosupport_OVR\\Ov_i9A2_L01_R0000FE07_C0000D556,c:/users/amsgiseeap/appdata/local/temp/arcgisprotemp12292/untitled/sqlserver-amssclgis06_arcgis-aereo.sde/owd.amd_cl_mlp_pao_if_ortho_geosupport_ovr//ov_i9a2_l01_r0000fe07_c0000d556,ov_i9a2_l01_r0000fe07_c0000d556,ov_i9a2_l01_r0000fe07_c0000d556,c_users_amsgiseeap_appdata_local_temp_arcgisprotemp12292_untitled_sqlserver_amssclgis06_arcgis_aereo_sde_owd_amd_cl_mlp_pao_if_ortho_geosupport_ovr_ov_i9a2_l01_r0000fe07_c0000d556,ov_i9a2_l01_r0000fe07_c0000d556,ov_i9a2_l01_r0000fe07_c0000d556
440,Path,C:\Users\amsgiseeap\AppData\Local\Temp\ArcGISProTemp12292\Untitled\SQLServer-amssclgis06_ArcGIS-Aereo.sde\OWD.AMD_CL_MLP_PAO_IF_Ortho_Geosupport_OVR\\Ov_i9A2_L01_R0000FE07_C0000D557,c:/users/amsgiseeap/appdata/local/temp/arcgisprotemp12292/untitled/sqlserver-amssclgis06_arcgis-aereo.sde/owd.amd_cl_mlp_pao_if_ortho_geosupport_ovr//ov_i9a2_l01_r0000fe07_c0000d557,ov_i9a2_l01_r0000fe07_c0000d557,ov_i9a2_l01_r0000fe07_c0000d557,c_users_amsgiseeap_appdata_local_temp_arcgisprotemp12292_untitled_sqlserver_amssclgis06_arcgis_aereo_sde_owd_amd_cl_mlp_pao_if_ortho_geosupport_ovr_ov_i9a2_l01_r0000fe07_c0000d557,ov_i9a2_l01_r0000fe07_c0000d557,ov_i9a2_l01_r0000fe07_c0000d557
441,Path,C:\Users\amsgiseeap\AppData\Local\Temp\ArcGISProTemp12292\Untitled\SQLServer-amssclgis06_ArcGIS-Aereo.sde\OWD.AMD_CL_MLP_PAO_IF_Ortho_Geosupport_OVR\\Ov_i9A2_L01_R0000FE07_C0000D558,c:/users/amsgiseeap/appdata/local/temp/arcgisprotemp12292/untitled/sqlserver-amssclgis06_arcgis-aereo.sde/owd.amd_cl_mlp_pao_if_ortho_geosupport_ovr//ov_i9a2_l01_r0000fe07_c0000d558,ov_i9a2_l01_r0000fe07_c0000d558,ov_i9a2_l01_r0000fe07_c0000d558,c_users_amsgiseeap_appdata_local_temp_arcgisprotemp12292_untitled_sqlserver_amssclgis06_arcgis_aereo_sde_owd_amd_cl_mlp_pao_if_ortho_geosupport_ovr_ov_i9a2_l01_r0000fe07_c0000d558,ov_i9a2_l01_r0000fe07_c0000d558,ov_i9a2_l01_r0000fe07_c0000d558
442,Path,C:\Users\amsgiseeap\AppData\Local\Temp\ArcGISProTemp12292\Untitled\SQLServer-amssclgis06_ArcGIS-Aereo.sde\OWD.AMD_CL_MLP_PAO_IF_Ortho_Geosupport_OVR\\Ov_i9A2_L01_R0000FE08_C0000D556,c:/users/amsgiseeap/appdata/local/temp/arcgisprotemp12292/untitled/sqlserver-amssclgis06_arcgis-aereo.sde/owd.amd_cl_mlp_pao_if_ortho_geosupport_ovr//ov_i9a2_l01_r0000fe08_c0000d556,ov_i9a2_l01_r0000fe08_c0000d556,ov_i9a2_l01_r0000fe08_c0000d556,c_users_amsgiseeap_appdata_local_temp_arcgisprotemp12292_untitled_sqlserver_amssclgis06_arcgis_aereo_sde_owd_amd_cl_mlp_pao_if_ortho_geosupport_ovr_ov_i9a2_l01_r0000fe08_c0000d556,ov_i9a2_l01_r0000fe08_c0000d556,ov_i9a2_l01_r0000fe08_c0000d556
443,Path,C:\Users\amsgiseeap\AppData\Local\Temp\ArcGISProTemp12292\Untitled\SQLServer-amssclgis06_ArcGIS-Aereo.sde\OWD.AMD_CL_MLP_PAO_IF_Ortho_Geosupport_OVR\\Ov_i9A2_L01_R0000FE08_C0000D557,c:/users/amsgiseeap/appdata/local/temp/arcgisprotemp12292/untitled/sqlserver-amssclgis06_arcgis-aereo.sde/owd.amd_cl_mlp_pao_if_ortho_geosupport_ovr//ov_i9a2_l01_r0000fe08_c0000d557,ov_i9a2_l01_r0000fe08_c0000d557,ov_i9a2_l01_r0000fe08_c0000d557,c_users_amsgiseeap_appdata_local_temp_arcgisprotemp12292_untitled_sqlserver_amssclgis06_arcgis_aereo_sde_owd_amd_cl_mlp_pao_if_ortho_geosupport_ovr_ov_i9a2_l01_r0000fe08_c0000d557,ov_i9a2_l01_r0000fe08_c0000d557,ov_i9a2_l01_r0000fe08_c0000d557
444,Path,C:\Users\amsgiseeap\AppData\Local\Temp\ArcGISProTemp12292\Untitled\SQLServer-amssclgis06_ArcGIS-Aereo.sde\OWD.AMD_CL_MLP_PAO_IF_Ortho_Geosupport_OVR\\Ov_i9A2_L01_R0000FE08_C0000D558,c:/users/amsgiseeap/appdata/local/temp/arcgisprotemp12292/untitled/sqlserver-amssclgis06_arcgis-aereo.sde/owd.amd_cl_mlp_pao_if_ortho_geosupport_ovr//ov_i9a2_l01_r0000fe08_c0000d558,ov_i9a2_l01_r0000fe08_c0000d558,ov_i9a2_l01_r0000fe08_c0000d558,c_users_amsgiseeap_appdata_local_temp_arcgisprotemp12292_untitled_sqlserver_amssclgis06_arcgis_aereo_sde_owd_amd_cl_mlp_pao_if_ortho_geosupport_ovr_ov_i9a2_l01_r0000fe08_c0000d558,ov_i9a2_l01_r0000fe08_c0000d558,ov_i9a2_l01_r0000fe08_c0000d558
445,Path,C:\Users\amsgiseeap\AppData\Local\Temp\ArcGISProTemp12292\Untitled\SQLServer-amssclgis06_ArcGIS-Aereo.sde\OWD.AMD_CL_MLP_PAO_IF_Ortho_Geosupport_OVR\\Ov_i9A2_L01_R0000FE09_C0000D555,c:/users/amsgiseeap/appdata/local/temp/arcgisprotemp12292/untitled/sqlserver-amssclgis06_arcgis-aereo.sde/owd.amd_cl_mlp_pao_if_ortho_geosupport_ovr//ov_i9a2_l01_r0000fe09_c0000d555,ov_i9a2_l01_r0000fe09_c0000d555,ov_i9a2_l01_r0000fe09_c0000d555,c_users_amsgiseeap_appdata_local_temp_arcgisprotemp12292_untitled_sqlserver_amssclgis06_arcgis_aereo_sde_owd_amd_cl_mlp_pao_if_ortho_geosupport_ovr_ov_i9a2_l01_r0000fe09_c0000d555,ov_i9a2_l01_r0000fe09_c0000d555,ov_i9a2_l01_r0000fe09_c0000d555
446,Path,C:\Users\amsgiseeap\AppData\Local\Temp\ArcGISProTemp12292\Untitled\SQLServer-amssclgis06_ArcGIS-Aereo.sde\OWD.AMD_CL_MLP_PAO_IF_Ortho_Geosupport_OVR\\Ov_i9A2_L01_R0000FE09_C0000D556,c:/users/amsgiseeap/appdata/local/temp/arcgisprotemp12292/untitled/sqlserver-amssclgis06_arcgis-aereo.sde/owd.amd_cl_mlp_pao_if_ortho_geosupport_ovr//ov_i9a2_l01_r0000fe09_c0000d556,ov_i9a2_l01_r0000fe09_c0000d556,ov_i9a2_l01_r0000fe09_c0000d556,c_users_amsgiseeap_appdata_local_temp_arcgisprotemp12292_untitled_sqlserver_amssclgis06_arcgis_aereo_sde_owd_amd_cl_mlp_pao_if_ortho_geosupport_ovr_ov_i9a2_l01_r0000fe09_c0000d556,ov_i9a2_l01_r0000fe09_c0000d556,ov_i9a2_l01_r0000fe09_c0000d556
447,Path,C:\Users\amsgiseeap\AppData\Local\Temp\ArcGISProTemp12292\Untitled\SQLServer-amssclgis06_ArcGIS-Aereo.sde\OWD.AMD_CL_MLP_PAO_IF_Ortho_Geosupport_OVR\\Ov_i9A2_L01_R0000FE09_C0000D557,c:/users/amsgiseeap/appdata/local/temp/arcgisprotemp12292/untitled/sqlserver-amssclgis06_arcgis-aereo.sde/owd.amd_cl_mlp_pao_if_ortho_geosupport_ovr//ov_i9a2_l01_r0000fe09_c0000d557,ov_i9a2_l01_r0000fe09_c0000d557,ov_i9a2_l01_r0000fe09_c0000d557,c_users_amsgiseeap_appdata_local_temp_arcgisprotemp12292_untitled_sqlserver_amssclgis06_arcgis_aereo_sde_owd_amd_cl_mlp_pao_if_ortho_geosupport_ovr_ov_i9a2_l01_r0000fe09_c0000d557,ov_i9a2_l01_r0000fe09_c0000d557,ov_i9a2_l01_r0000fe09_c0000d557
448,Path,C:\Users\amsgiseeap\AppData\Local\Temp\ArcGISProTemp12292\Untitled\SQLServer-amssclgis06_ArcGIS-Aereo.sde\OWD.AMD_CL_MLP_PAO_IF_Ortho_Geosupport_OVR\\Ov_i9A2_L01_R0000FE09_C0000D558,c:/users/amsgiseeap/appdata/local/temp/arcgisprotemp12292/untitled/sqlserver-amssclgis06_arcgis-aereo.sde/owd.amd_cl_mlp_pao_if_ortho_geosupport_ovr//ov_i9a2_l01_r0000fe09_c0000d558,ov_i9a2_l01_r0000fe09_c0000d558,ov_i9a2_l01_r0000fe09_c0000d558,c_users_amsgiseeap_appdata_local_temp_arcgisprotemp12292_untitled_sqlserver_amssclgis06_arcgis_aereo_sde_owd_amd_cl_mlp_pao_if_ortho_geosupport_ovr_ov_i9a2_l01_r0000fe09_c0000d558,ov_i9a2_l01_r0000fe09_c0000d558,ov_i9a2_l01_r0000fe09_c0000d558
449,Path,C:\Users\amsgiseeap\AppData\Local\Temp\ArcGISProTemp12292\Untitled\SQLServer-amssclgis06_ArcGIS-Aereo.sde\OWD.AMD_CL_MLP_PAO_IF_Ortho_Geosupport_OVR\\Ov_i9A2_L01_R0000FE09_C0000D559,c:/users/amsgiseeap/appdata/local/temp/arcgisprotemp12292/untitled/sqlserver-amssclgis06_arcgis-aereo.sde/owd.amd_cl_mlp_pao_if_ortho_geosupport_ovr//ov_i9a2_l01_r0000fe09_c0000d559,ov_i9a2_l01_r0000fe09_c0000d559,ov_i9a2_l01_r0000fe09_c0000d559,c_users_amsgiseeap_appdata_local_temp_arcgisprotemp12292_untitled_sqlserver_amssclgis06_arcgis_aereo_sde_owd_amd_cl_mlp_pao_if_ortho_geosupport_ovr_ov_i9a2_l01_r0000fe09_c0000d559,ov_i9a2_l01_r0000fe09_c0000d559,ov_i9a2_l01_r0000fe09_c0000d559
450,Path,C:\Users\amsgiseeap\AppData\Local\Temp\ArcGISProTemp12292\Untitled\SQLServer-amssclgis06_ArcGIS-Aereo.sde\OWD.AMD_CL_MLP_PAO_IF_Ortho_Geosupport_OVR\\Ov_i9A2_L01_R0000FE09_C0000D55A,c:/users/amsgiseeap/appdata/local/temp/arcgisprotemp12292/untitled/sqlserver-amssclgis06_arcgis-aereo.sde/owd.amd_cl_mlp_pao_if_ortho_geosupport_ovr//ov_i9a2_l01_r0000fe09_c0000d55a,ov_i9a2_l01_r0000fe09_c0000d55a,ov_i9a2_l01_r0000fe09_c0000d55a,c_users_amsgiseeap_appdata_local_temp_arcgisprotemp12292_untitled_sqlserver_amssclgis06_arcgis_aereo_sde_owd_amd_cl_mlp_pao_if_ortho_geosupport_ovr_ov_i9a2_l01_r0000fe09_c0000d55a,ov_i9a2_l01_r0000fe09_c0000d55a,ov_i9a2_l01_r0000fe09_c0000d55a
451,Path,C:\Users\amsgiseeap\AppData\Local\Temp\ArcGISProTemp12292\Untitled\SQLServer-amssclgis06_ArcGIS-Aereo.sde\OWD.AMD_CL_MLP_PAO_IF_Ortho_Geosupport_OVR\\Ov_i9A2_L01_R0000FE09_C0000D55B,c:/users/amsgiseeap/appdata/local/temp/arcgisprotemp12292/untitled/sqlserver-amssclgis06_arcgis-aereo.sde/owd.amd_cl_mlp_pao_if_ortho_geosupport_ovr//ov_i9a2_l01_r0000fe09_c0000d55b,ov_i9a2_l01_r0000fe09_c0000d55b,ov_i9a2_l01_r0000fe09_c0000d55b,c_users_amsgiseeap_appdata_local_temp_arcgisprotemp12292_untitled_sqlserver_amssclgis06_arcgis_aereo_sde_owd_amd_cl_mlp_pao_if_ortho_geosupport_ovr_ov_i9a2_l01_r0000fe09_c0000d55b,ov_i9a2_l01_r0000fe09_c0000d55b,ov_i9a2_l01_r0000fe09_c0000d55b
452,Path,C:\Users\amsgiseeap\AppData\Local\Temp\ArcGISProTemp12292\Untitled\SQLServer-amssclgis06_ArcGIS-Aereo.sde\OWD.AMD_CL_MLP_PAO_IF_Ortho_Geosupport_OVR\\Ov_i9A2_L01_R0000FE09_C0000D55C,c:/users/amsgiseeap/appdata/local/temp/arcgisprotemp12292/untitled/sqlserver-amssclgis06_arcgis-aereo.sde/owd.amd_cl_mlp_pao_if_ortho_geosupport_ovr//ov_i9a2_l01_r0000fe09_c0000d55c,ov_i9a2_l01_r0000fe09_c0000d55c,ov_i9a2_l01_r0000fe09_c0000d55c,c_users_amsgiseeap_appdata_local_temp_arcgisprotemp12292_untitled_sqlserver_amssclgis06_arcgis_aereo_sde_owd_amd_cl_mlp_pao_if_ortho_geosupport_ovr_ov_i9a2_l01_r0000fe09_c0000d55c,ov_i9a2_l01_r0000fe09_c0000d55c,ov_i9a2_l01_r0000fe09_c0000d55c
453,Path,C:\Users\amsgiseeap\AppData\Local\Temp\ArcGISProTemp12292\Untitled\SQLServer-amssclgis06_ArcGIS-Aereo.sde\OWD.AMD_CL_MLP_PAO_IF_Ortho_Geosupport_OVR\\Ov_i9A2_L01_R0000FE0A_C0000D556,c:/users/amsgiseeap/appdata/local/temp/arcgisprotemp12292/untitled/sqlserver-amssclgis06_arcgis-aereo.sde/owd.amd_cl_mlp_pao_if_ortho_geosupport_ovr//ov_i9a2_l01_r0000fe0a_c0000d556,ov_i9a2_l01_r0000fe0a_c0000d556,ov_i9a2_l01_r0000fe0a_c0000d556,c_users_amsgiseeap_appdata_local_temp_arcgisprotemp12292_untitled_sqlserver_amssclgis06_arcgis_aereo_sde_owd_amd_cl_mlp_pao_if_ortho_geosupport_ovr_ov_i9a2_l01_r0000fe0a_c0000d556,ov_i9a2_l01_r0000fe0a_c0000d556,ov_i9a2_l01_r0000fe0a_c0000d556
454,Path,C:\Users\amsgiseeap\AppData\Local\Temp\ArcGISProTemp12292\Untitled\SQLServer-amssclgis06_ArcGIS-Aereo.sde\OWD.AMD_CL_MLP_PAO_IF_Ortho_Geosupport_OVR\\Ov_i9A2_L01_R0000FE0A_C0000D557,c:/users/amsgiseeap/appdata/local/temp/arcgisprotemp12292/untitled/sqlserver-amssclgis06_arcgis-aereo.sde/owd.amd_cl_mlp_pao_if_ortho_geosupport_ovr//ov_i9a2_l01_r0000fe0a_c0000d557,ov_i9a2_l01_r0000fe0a_c0000d557,ov_i9a2_l01_r0000fe0a_c0000d557,c_users_amsgiseeap_appdata_local_temp_arcgisprotemp12292_untitled_sqlserver_amssclgis06_arcgis_aereo_sde_owd_amd_cl_mlp_pao_if_ortho_geosupport_ovr_ov_i9a2_l01_r0000fe0a_c0000d557,ov_i9a2_l01_r0000fe0a_c0000d557,ov_i9a2_l01_r0000fe0a_c0000d557
455,Path,C:\Users\amsgiseeap\AppData\Local\Temp\ArcGISProTemp12292\Untitled\SQLServer-amssclgis06_ArcGIS-Aereo.sde\OWD.AMD_CL_MLP_PAO_IF_Ortho_Geosupport_OVR\\Ov_i9A2_L01_R0000FE0A_C0000D558,c:/users/amsgiseeap/appdata/local/temp/arcgisprotemp12292/untitled/sqlserver-amssclgis06_arcgis-aereo.sde/owd.amd_cl_mlp_pao_if_ortho_geosupport_ovr//ov_i9a2_l01_r0000fe0a_c0000d558,ov_i9a2_l01_r0000fe0a_c0000d558,ov_i9a2_l01_r0000fe0a_c0000d558,c_users_amsgiseeap_appdata_local_temp_arcgisprotemp12292_untitled_sqlserver_amssclgis06_arcgis_aereo_sde_owd_amd_cl_mlp_pao_if_ortho_geosupport_ovr_ov_i9a2_l01_r0000fe0a_c0000d558,ov_i9a2_l01_r0000fe0a_c0000d558,ov_i9a2_l01_r0000fe0a_c0000d558
456,Path,C:\Users\amsgiseeap\AppData\Local\Temp\ArcGISProTemp12292\Untitled\SQLServer-amssclgis06_ArcGIS-Aereo.sde\OWD.AMD_CL_MLP_PAO_IF_Ortho_Geosupport_OVR\\Ov_i9A2_L01_R0000FE0A_C0000D559,c:/users/amsgiseeap/appdata/local/temp/arcgisprotemp12292/untitled/sqlserver-amssclgis06_arcgis-aereo.sde/owd.amd_cl_mlp_pao_if_ortho_geosupport_ovr//ov_i9a2_l01_r0000fe0a_c0000d559,ov_i9a2_l01_r0000fe0a_c0000d559,ov_i9a2_l01_r0000fe0a_c0000d559,c_users_amsgiseeap_appdata_local_temp_arcgisprotemp12292_untitled_sqlserver_amssclgis06_arcgis_aereo_sde_owd_amd_cl_mlp_pao_if_ortho_geosupport_ovr_ov_i9a2_l01_r0000fe0a_c0000d559,ov_i9a2_l01_r0000fe0a_c0000d559,ov_i9a2_l01_r0000fe0a_c0000d559
457,Path,C:\Users\amsgiseeap\AppData\Local\Temp\ArcGISProTemp12292\Untitled\SQLServer-amssclgis06_ArcGIS-Aereo.sde\OWD.AMD_CL_MLP_PAO_IF_Ortho_Geosupport_OVR\\Ov_i9A2_L01_R0000FE0A_C0000D55A,c:/users/amsgiseeap/appdata/local/temp/arcgisprotemp12292/untitled/sqlserver-amssclgis06_arcgis-aereo.sde/owd.amd_cl_mlp_pao_if_ortho_geosupport_ovr//ov_i9a2_l01_r0000fe0a_c0000d55a,ov_i9a2_l01_r0000fe0a_c0000d55a,ov_i9a2_l01_r0000fe0a_c0000d55a,c_users_amsgiseeap_appdata_local_temp_arcgisprotemp12292_untitled_sqlserver_amssclgis06_arcgis_aereo_sde_owd_amd_cl_mlp_pao_if_ortho_geosupport_ovr_ov_i9a2_l01_r0000fe0a_c0000d55a,ov_i9a2_l01_r0000fe0a_c0000d55a,ov_i9a2_l01_r0000fe0a_c0000d55a
458,Path,C:\Users\amsgiseeap\AppData\Local\Temp\ArcGISProTemp12292\Untitled\SQLServer-amssclgis06_ArcGIS-Aereo.sde\OWD.AMD_CL_MLP_PAO_IF_Ortho_Geosupport_OVR\\Ov_i9A2_L01_R0000FE0A_C0000D55B,c:/users/amsgiseeap/appdata/local/temp/arcgisprotemp12292/untitled/sqlserver-amssclgis06_arcgis-aereo.sde/owd.amd_cl_mlp_pao_if_ortho_geosupport_ovr//ov_i9a2_l01_r0000fe0a_c0000d55b,ov_i9a2_l01_r0000fe0a_c0000d55b,ov_i9a2_l01_r0000fe0a_c0000d55b,c_users_amsgiseeap_appdata_local_temp_arcgisprotemp12292_untitled_sqlserver_amssclgis06_arcgis_aereo_sde_owd_amd_cl_mlp_pao_if_ortho_geosupport_ovr_ov_i9a2_l01_r0000fe0a_c0000d55b,ov_i9a2_l01_r0000fe0a_c0000d55b,ov_i9a2_l01_r0000fe0a_c0000d55b
459,Path,C:\Users\amsgiseeap\AppData\Local\Temp\ArcGISProTemp12292\Untitled\SQLServer-amssclgis06_ArcGIS-Aereo.sde\OWD.AMD_CL_MLP_PAO_IF_Ortho_Geosupport_OVR\\Ov_i9A2_L01_R0000FE0A_C0000D58A,c:/users/amsgiseeap/appdata/local/temp/arcgisprotemp12292/untitled/sqlserver-amssclgis06_arcgis-aereo.sde/owd.amd_cl_mlp_pao_if_ortho_geosupport_ovr//ov_i9a2_l01_r0000fe0a_c0000d58a,ov_i9a2_l01_r0000fe0a_c0000d58a,ov_i9a2_l01_r0000fe0a_c0000d58a,c_users_amsgiseeap_appdata_local_temp_arcgisprotemp12292_untitled_sqlserver_amssclgis06_arcgis_aereo_sde_owd_amd_cl_mlp_pao_if_ortho_geosupport_ovr_ov_i9a2_l01_r0000fe0a_c0000d58a,ov_i9a2_l01_r0000fe0a_c0000d58a,ov_i9a2_l01_r0000fe0a_c0000d58a
460,Path,C:\Users\amsgiseeap\AppData\Local\Temp\ArcGISProTemp12292\Untitled\SQLServer-amssclgis06_ArcGIS-Aereo.sde\OWD.AMD_CL_MLP_PAO_IF_Ortho_Geosupport_OVR\\Ov_i9A2_L01_R0000FE0B_C0000D58A,c:/users/amsgiseeap/appdata/local/temp/arcgisprotemp12292/untitled/sqlserver-amssclgis06_arcgis-aereo.sde/owd.amd_cl_mlp_pao_if_ortho_geosupport_ovr//ov_i9a2_l01_r0000fe0b_c0000d58a,ov_i9a2_l01_r0000fe0b_c0000d58a,ov_i9a2_l01_r0000fe0b_c0000d58a,c_users_amsgiseeap_appdata_local_temp_arcgisprotemp12292_untitled_sqlserver_amssclgis06_arcgis_aereo_sde_owd_amd_cl_mlp_pao_if_ortho_geosupport_ovr_ov_i9a2_l01_r0000fe0b_c0000d58a,ov_i9a2_l01_r0000fe0b_c0000d58a,ov_i9a2_l01_r0000fe0b_c0000d58a
461,Path,C:\Users\amsgiseeap\AppData\Local\Temp\ArcGISProTemp12292\Untitled\SQLServer-amssclgis06_ArcGIS-Aereo.sde\OWD.AMD_CL_MLP_PAO_IF_Ortho_Geosupport_OVR\\Ov_i9A2_L01_R0000FE0D_C0000D58A,c:/users/amsgiseeap/appdata/local/temp/arcgisprotemp12292/untitled/sqlserver-amssclgis06_arcgis-aereo.sde/owd.amd_cl_mlp_pao_if_ortho_geosupport_ovr//ov_i9a2_l01_r0000fe0d_c0000d58a,ov_i9a2_l01_r0000fe0d_c0000d58a,ov_i9a2_l01_r0000fe0d_c0000d58a,c_users_amsgiseeap_appdata_local_temp_arcgisprotemp12292_untitled_sqlserver_amssclgis06_arcgis_aereo_sde_owd_amd_cl_mlp_pao_if_ortho_geosupport_ovr_ov_i9a2_l01_r0000fe0d_c0000d58a,ov_i9a2_l01_r0000fe0d_c0000d58a,ov_i9a2_l01_r0000fe0d_c0000d58a
462,Path,C:\Users\amsgiseeap\AppData\Local\Temp\ArcGISProTemp12292\Untitled\SQLServer-amssclgis06_ArcGIS-Aereo.sde\OWD.AMD_CL_MLP_PAO_IF_Ortho_Geosupport_OVR\\Ov_i9A2_L01_R0000FE0E_C0000D58A,c:/users/amsgiseeap/appdata/local/temp/arcgisprotemp12292/untitled/sqlserver-amssclgis06_arcgis-aereo.sde/owd.amd_cl_mlp_pao_if_ortho_geosupport_ovr//ov_i9a2_l01_r0000fe0e_c0000d58a,ov_i9a2_l01_r0000fe0e_c0000d58a,ov_i9a2_l01_r0000fe0e_c0000d58a,c_users_amsgiseeap_appdata_local_temp_arcgisprotemp12292_untitled_sqlserver_amssclgis06_arcgis_aereo_sde_owd_amd_cl_mlp_pao_if_ortho_geosupport_ovr_ov_i9a2_l01_r0000fe0e_c0000d58a,ov_i9a2_l01_r0000fe0e_c0000d58a,ov_i9a2_l01_r0000fe0e_c0000d58a
463,Path,C:\Users\amsgiseeap\AppData\Local\Temp\ArcGISProTemp12292\Untitled\SQLServer-amssclgis06_ArcGIS-Aereo.sde\OWD.AMD_CL_MLP_PAO_IF_Ortho_Geosupport_OVR\\Ov_i9A2_L01_R0000FE0F_C0000D58A,c:/users/amsgiseeap/appdata/local/temp/arcgisprotemp12292/untitled/sqlserver-amssclgis06_arcgis-aereo.sde/owd.amd_cl_mlp_pao_if_ortho_geosupport_ovr//ov_i9a2_l01_r0000fe0f_c0000d58a,ov_i9a2_l01_r0000fe0f_c0000d58a,ov_i9a2_l01_r0000fe0f_c0000d58a,c_users_amsgiseeap_appdata_local_temp_arcgisprotemp12292_untitled_sqlserver_amssclgis06_arcgis_aereo_sde_owd_amd_cl_mlp_pao_if_ortho_geosupport_ovr_ov_i9a2_l01_r0000fe0f_c0000d58a,ov_i9a2_l01_r0000fe0f_c0000d58a,ov_i9a2_l01_r0000fe0f_c0000d58a
464,Path,C:\Users\amsgiseeap\AppData\Local\Temp\ArcGISProTemp12292\Untitled\SQLServer-amssclgis06_ArcGIS-Aereo.sde\OWD.AMD_CL_MLP_PAO_IF_Ortho_Geosupport_OVR\\Ov_i9A2_L01_R0000FE10_C0000D58A,c:/users/amsgiseeap/appdata/local/temp/arcgisprotemp12292/untitled/sqlserver-amssclgis06_arcgis-aereo.sde/owd.amd_cl_mlp_pao_if_ortho_geosupport_ovr//ov_i9a2_l01_r0000fe10_c0000d58a,ov_i9a2_l01_r0000fe10_c0000d58a,ov_i9a2_l01_r0000fe10_c0000d58a,c_users_amsgiseeap_appdata_local_temp_arcgisprotemp12292_untitled_sqlserver_amssclgis06_arcgis_aereo_sde_owd_amd_cl_mlp_pao_if_ortho_geosupport_ovr_ov_i9a2_l01_r0000fe10_c0000d58a,ov_i9a2_l01_r0000fe10_c0000d58a,ov_i9a2_l01_r0000fe10_c0000d58a
465,Path,C:\Users\amsgiseeap\AppData\Local\Temp\ArcGISProTemp12292\Untitled\SQLServer-amssclgis06_ArcGIS-Aereo.sde\OWD.AMD_CL_MLP_PAO_IF_Ortho_Geosupport_OVR\\Ov_i9A2_L01_R0000FDF7_C0000D531,c:/users/amsgiseeap/appdata/local/temp/arcgisprotemp12292/untitled/sqlserver-amssclgis06_arcgis-aereo.sde/owd.amd_cl_mlp_pao_if_ortho_geosupport_ovr//ov_i9a2_l01_r0000fdf7_c0000d531,ov_i9a2_l01_r0000fdf7_c0000d531,ov_i9a2_l01_r0000fdf7_c0000d531,c_users_amsgiseeap_appdata_local_temp_arcgisprotemp12292_untitled_sqlserver_amssclgis06_arcgis_aereo_sde_owd_amd_cl_mlp_pao_if_ortho_geosupport_ovr_ov_i9a2_l01_r0000fdf7_c0000d531,ov_i9a2_l01_r0000fdf7_c0000d531,ov_i9a2_l01_r0000fdf7_c0000d531
466,Path,C:\Users\amsgiseeap\AppData\Local\Temp\ArcGISProTemp12292\Untitled\SQLServer-amssclgis06_ArcGIS-Aereo.sde\OWD.AMD_CL_MLP_PAO_IF_Ortho_Geosupport_OVR\\Ov_i9A2_L01_R0000FE02_C0000D562,c:/users/amsgiseeap/appdata/local/temp/arcgisprotemp12292/untitled/sqlserver-amssclgis06_arcgis-aereo.sde/owd.amd_cl_mlp_pao_if_ortho_geosupport_ovr//ov_i9a2_l01_r0000fe02_c0000d562,ov_i9a2_l01_r0000fe02_c0000d562,ov_i9a2_l01_r0000fe02_c0000d562,c_users_amsgiseeap_appdata_local_temp_arcgisprotemp12292_untitled_sqlserver_amssclgis06_arcgis_aereo_sde_owd_amd_cl_mlp_pao_if_ortho_geosupport_ovr_ov_i9a2_l01_r0000fe02_c0000d562,ov_i9a2_l01_r0000fe02_c0000d562,ov_i9a2_l01_r0000fe02_c0000d562
467,Path,C:\Users\amsgiseeap\AppData\Local\Temp\ArcGISProTemp12292\Untitled\SQLServer-amssclgis06_ArcGIS-Aereo.sde\OWD.AMD_CL_MLP_PAO_IF_Ortho_Geosupport_OVR\\Ov_i9A2_L01_R0000FDDD_C0000D583,c:/users/amsgiseeap/appdata/local/temp/arcgisprotemp12292/untitled/sqlserver-amssclgis06_arcgis-aereo.sde/owd.amd_cl_mlp_pao_if_ortho_geosupport_ovr//ov_i9a2_l01_r0000fddd_c0000d583,ov_i9a2_l01_r0000fddd_c0000d583,ov_i9a2_l01_r0000fddd_c0000d583,c_users_amsgiseeap_appdata_local_temp_arcgisprotemp12292_untitled_sqlserver_amssclgis06_arcgis_aereo_sde_owd_amd_cl_mlp_pao_if_ortho_geosupport_ovr_ov_i9a2_l01_r0000fddd_c0000d583,ov_i9a2_l01_r0000fddd_c0000d583,ov_i9a2_l01_r0000fddd_c0000d583
468,Path,C:\Users\amsgiseeap\AppData\Local\Temp\ArcGISProTemp12292\Untitled\SQLServer-amssclgis06_ArcGIS-Aereo.sde\OWD.AMD_CL_MLP_PAO_IF_Ortho_Geosupport_OVR\\Ov_i9A2_L01_R0000FDE0_C0000D583,c:/users/amsgiseeap/appdata/local/temp/arcgisprotemp12292/untitled/sqlserver-amssclgis06_arcgis-aereo.sde/owd.amd_cl_mlp_pao_if_ortho_geosupport_ovr//ov_i9a2_l01_r0000fde0_c0000d583,ov_i9a2_l01_r0000fde0_c0000d583,ov_i9a2_l01_r0000fde0_c0000d583,c_users_amsgiseeap_appdata_local_temp_arcgisprotemp12292_untitled_sqlserver_amssclgis06_arcgis_aereo_sde_owd_amd_cl_mlp_pao_if_ortho_geosupport_ovr_ov_i9a2_l01_r0000fde0_c0000d583,ov_i9a2_l01_r0000fde0_c0000d583,ov_i9a2_l01_r0000fde0_c0000d583
469,Path,C:\Users\amsgiseeap\AppData\Local\Temp\ArcGISProTemp12292\Untitled\SQLServer-amssclgis06_ArcGIS-Aereo.sde\OWD.AMD_CL_MLP_PAO_IF_Ortho_Geosupport_OVR\\Ov_i9A2_L01_R0000FDE1_C0000D580,c:/users/amsgiseeap/appdata/local/temp/arcgisprotemp12292/untitled/sqlserver-amssclgis06_arcgis-aereo.sde/owd.amd_cl_mlp_pao_if_ortho_geosupport_ovr//ov_i9a2_l01_r0000fde1_c0000d580,ov_i9a2_l01_r0000fde1_c0000d580,ov_i9a2_l01_r0000fde1_c0000d580,c_users_amsgiseeap_appdata_local_temp_arcgisprotemp12292_untitled_sqlserver_amssclgis06_arcgis_aereo_sde_owd_amd_cl_mlp_pao_if_ortho_geosupport_ovr_ov_i9a2_l01_r0000fde1_c0000d580,ov_i9a2_l01_r0000fde1_c0000d580,ov_i9a2_l01_r0000fde1_c0000d580
470,Path,C:\Users\amsgiseeap\AppData\Local\Temp\ArcGISProTemp12292\Untitled\SQLServer-amssclgis06_ArcGIS-Aereo.sde\OWD.AMD_CL_MLP_PAO_IF_Ortho_Geosupport_OVR\\Ov_i9A2_L01_R0000FDE1_C0000D583,c:/users/amsgiseeap/appdata/local/temp/arcgisprotemp12292/untitled/sqlserver-amssclgis06_arcgis-aereo.sde/owd.amd_cl_mlp_pao_if_ortho_geosupport_ovr//ov_i9a2_l01_r0000fde1_c0000d583,ov_i9a2_l01_r0000fde1_c0000d583,ov_i9a2_l01_r0000fde1_c0000d583,c_users_amsgiseeap_appdata_local_temp_arcgisprotemp12292_untitled_sqlserver_amssclgis06_arcgis_aereo_sde_owd_amd_cl_mlp_pao_if_ortho_geosupport_ovr_ov_i9a2_l01_r0000fde1_c0000d583,ov_i9a2_l01_r0000fde1_c0000d583,ov_i9a2_l01_r0000fde1_c0000d583
471,Path,C:\Users\amsgiseeap\AppData\Local\Temp\ArcGISProTemp12292\Untitled\SQLServer-amssclgis06_ArcGIS-Aereo.sde\OWD.AMD_CL_MLP_PAO_IF_Ortho_Geosupport_OVR\\Ov_i9A2_L01_R0000FDE2_C0000D583,c:/users/amsgiseeap/appdata/local/temp/arcgisprotemp12292/untitled/sqlserver-amssclgis06_arcgis-aereo.sde/owd.amd_cl_mlp_pao_if_ortho_geosupport_ovr//ov_i9a2_l01_r0000fde2_c0000d583,ov_i9a2_l01_r0000fde2_c0000d583,ov_i9a2_l01_r0000fde2_c0000d583,c_users_amsgiseeap_appdata_local_temp_arcgisprotemp12292_untitled_sqlserver_amssclgis06_arcgis_aereo_sde_owd_amd_cl_mlp_pao_if_ortho_geosupport_ovr_ov_i9a2_l01_r0000fde2_c0000d583,ov_i9a2_l01_r0000fde2_c0000d583,ov_i9a2_l01_r0000fde2_c0000d583
472,Path,C:\Users\amsgiseeap\AppData\Local\Temp\ArcGISProTemp12292\Untitled\SQLServer-amssclgis06_ArcGIS-Aereo.sde\OWD.AMD_CL_MLP_PAO_IF_Ortho_Geosupport_OVR\\Ov_i9A2_L01_R0000FDE3_C0000D583,c:/users/amsgiseeap/appdata/local/temp/arcgisprotemp12292/untitled/sqlserver-amssclgis06_arcgis-aereo.sde/owd.amd_cl_mlp_pao_if_ortho_geosupport_ovr//ov_i9a2_l01_r0000fde3_c0000d583,ov_i9a2_l01_r0000fde3_c0000d583,ov_i9a2_l01_r0000fde3_c0000d583,c_users_amsgiseeap_appdata_local_temp_arcgisprotemp12292_untitled_sqlserver_amssclgis06_arcgis_aereo_sde_owd_amd_cl_mlp_pao_if_ortho_geosupport_ovr_ov_i9a2_l01_r0000fde3_c0000d583,ov_i9a2_l01_r0000fde3_c0000d583,ov_i9a2_l01_r0000fde3_c0000d583
473,Path,C:\Users\amsgiseeap\AppData\Local\Temp\ArcGISProTemp12292\Untitled\SQLServer-amssclgis06_ArcGIS-Aereo.sde\OWD.AMD_CL_MLP_PAO_IF_Ortho_Geosupport_OVR\\Ov_i9A2_L01_R0000FDE4_C0000D583,c:/users/amsgiseeap/appdata/local/temp/arcgisprotemp12292/untitled/sqlserver-amssclgis06_arcgis-aereo.sde/owd.amd_cl_mlp_pao_if_ortho_geosupport_ovr//ov_i9a2_l01_r0000fde4_c0000d583,ov_i9a2_l01_r0000fde4_c0000d583,ov_i9a2_l01_r0000fde4_c0000d583,c_users_amsgiseeap_appdata_local_temp_arcgisprotemp12292_untitled_sqlserver_amssclgis06_arcgis_aereo_sde_owd_amd_cl_mlp_pao_if_ortho_geosupport_ovr_ov_i9a2_l01_r0000fde4_c0000d583,ov_i9a2_l01_r0000fde4_c0000d583,ov_i9a2_l01_r0000fde4_c0000d583
474,Path,C:\Users\amsgiseeap\AppData\Local\Temp\ArcGISProTemp12292\Untitled\SQLServer-amssclgis06_ArcGIS-Aereo.sde\OWD.AMD_CL_MLP_PAO_IF_Ortho_Geosupport_OVR\\Ov_i9A2_L01_R0000FDE5_C0000D583,c:/users/amsgiseeap/appdata/local/temp/arcgisprotemp12292/untitled/sqlserver-amssclgis06_arcgis-aereo.sde/owd.amd_cl_mlp_pao_if_ortho_geosupport_ovr//ov_i9a2_l01_r0000fde5_c0000d583,ov_i9a2_l01_r0000fde5_c0000d583,ov_i9a2_l01_r0000fde5_c0000d583,c_users_amsgiseeap_appdata_local_temp_arcgisprotemp12292_untitled_sqlserver_amssclgis06_arcgis_aereo_sde_owd_amd_cl_mlp_pao_if_ortho_geosupport_ovr_ov_i9a2_l01_r0000fde5_c0000d583,ov_i9a2_l01_r0000fde5_c0000d583,ov_i9a2_l01_r0000fde5_c0000d583
475,Path,C:\Users\amsgiseeap\AppData\Local\Temp\ArcGISProTemp12292\Untitled\SQLServer-amssclgis06_ArcGIS-Aereo.sde\OWD.AMD_CL_MLP_PAO_IF_Ortho_Geosupport_OVR\\Ov_i9A2_L01_R0000FDF1_C0000D530,c:/users/amsgiseeap/appdata/local/temp/arcgisprotemp12292/untitled/sqlserver-amssclgis06_arcgis-aereo.sde/owd.amd_cl_mlp_pao_if_ortho_geosupport_ovr//ov_i9a2_l01_r0000fdf1_c0000d530,ov_i9a2_l01_r0000fdf1_c0000d530,ov_i9a2_l01_r0000fdf1_c0000d530,c_users_amsgiseeap_appdata_local_temp_arcgisprotemp12292_untitled_sqlserver_amssclgis06_arcgis_aereo_sde_owd_amd_cl_mlp_pao_if_ortho_geosupport_ovr_ov_i9a2_l01_r0000fdf1_c0000d530,ov_i9a2_l01_r0000fdf1_c0000d530,ov_i9a2_l01_r0000fdf1_c0000d530
476,Path,C:\Users\amsgiseeap\AppData\Local\Temp\ArcGISProTemp12292\Untitled\SQLServer-amssclgis06_ArcGIS-Aereo.sde\OWD.AMD_CL_MLP_PAO_IF_Ortho_Geosupport_OVR\\Ov_i9A2_L01_R0000FDF1_C0000D531,c:/users/amsgiseeap/appdata/local/temp/arcgisprotemp12292/untitled/sqlserver-amssclgis06_arcgis-aereo.sde/owd.amd_cl_mlp_pao_if_ortho_geosupport_ovr//ov_i9a2_l01_r0000fdf1_c0000d531,ov_i9a2_l01_r0000fdf1_c0000d531,ov_i9a2_l01_r0000fdf1_c0000d531,c_users_amsgiseeap_appdata_local_temp_arcgisprotemp12292_untitled_sqlserver_amssclgis06_arcgis_aereo_sde_owd_amd_cl_mlp_pao_if_ortho_geosupport_ovr_ov_i9a2_l01_r0000fdf1_c0000d531,ov_i9a2_l01_r0000fdf1_c0000d531,ov_i9a2_l01_r0000fdf1_c0000d531
477,Path,C:\Users\amsgiseeap\AppData\Local\Temp\ArcGISProTemp12292\Untitled\SQLServer-amssclgis06_ArcGIS-Aereo.sde\OWD.AMD_CL_MLP_PAO_IF_Ortho_Geosupport_OVR\\Ov_i9A2_L01_R0000FDF1_C0000D532,c:/users/amsgiseeap/appdata/local/temp/arcgisprotemp12292/untitled/sqlserver-amssclgis06_arcgis-aereo.sde/owd.amd_cl_mlp_pao_if_ortho_geosupport_ovr//ov_i9a2_l01_r0000fdf1_c0000d532,ov_i9a2_l01_r0000fdf1_c0000d532,ov_i9a2_l01_r0000fdf1_c0000d532,c_users_amsgiseeap_appdata_local_temp_arcgisprotemp12292_untitled_sqlserver_amssclgis06_arcgis_aereo_sde_owd_amd_cl_mlp_pao_if_ortho_geosupport_ovr_ov_i9a2_l01_r0000fdf1_c0000d532,ov_i9a2_l01_r0000fdf1_c0000d532,ov_i9a2_l01_r0000fdf1_c0000d532
478,Path,C:\Users\amsgiseeap\AppData\Local\Temp\ArcGISProTemp12292\Untitled\SQLServer-amssclgis06_ArcGIS-Aereo.sde\OWD.AMD_CL_MLP_PAO_IF_Ortho_Geosupport_OVR\\Ov_i9A2_L01_R0000FDF1_C0000D533,c:/users/amsgiseeap/appdata/local/temp/arcgisprotemp12292/untitled/sqlserver-amssclgis06_arcgis-aereo.sde/owd.amd_cl_mlp_pao_if_ortho_geosupport_ovr//ov_i9a2_l01_r0000fdf1_c0000d533,ov_i9a2_l01_r0000fdf1_c0000d533,ov_i9a2_l01_r0000fdf1_c0000d533,c_users_amsgiseeap_appdata_local_temp_arcgisprotemp12292_untitled_sqlserver_amssclgis06_arcgis_aereo_sde_owd_amd_cl_mlp_pao_if_ortho_geosupport_ovr_ov_i9a2_l01_r0000fdf1_c0000d533,ov_i9a2_l01_r0000fdf1_c0000d533,ov_i9a2_l01_r0000fdf1_c0000d533
479,Path,C:\Users\amsgiseeap\AppData\Local\Temp\ArcGISProTemp12292\Untitled\SQLServer-amssclgis06_ArcGIS-Aereo.sde\OWD.AMD_CL_MLP_PAO_IF_Ortho_Geosupport_OVR\\Ov_i9A2_L01_R0000FDF2_C0000D534,c:/users/amsgiseeap/appdata/local/temp/arcgisprotemp12292/untitled/sqlserver-amssclgis06_arcgis-aereo.sde/owd.amd_cl_mlp_pao_if_ortho_geosupport_ovr//ov_i9a2_l01_r0000fdf2_c0000d534,ov_i9a2_l01_r0000fdf2_c0000d534,ov_i9a2_l01_r0000fdf2_c0000d534,c_users_amsgiseeap_appdata_local_temp_arcgisprotemp12292_untitled_sqlserver_amssclgis06_arcgis_aereo_sde_owd_amd_cl_mlp_pao_if_ortho_geosupport_ovr_ov_i9a2_l01_r0000fdf2_c0000d534,ov_i9a2_l01_r0000fdf2_c0000d534,ov_i9a2_l01_r0000fdf2_c0000d534
480,Path,C:\Users\amsgiseeap\AppData\Local\Temp\ArcGISProTemp12292\Untitled\SQLServer-amssclgis06_ArcGIS-Aereo.sde\OWD.AMD_CL_MLP_PAO_IF_Ortho_Geosupport_OVR\\Ov_i9A2_L01_R0000FDF2_C0000D535,c:/users/amsgiseeap/appdata/local/temp/arcgisprotemp12292/untitled/sqlserver-amssclgis06_arcgis-aereo.sde/owd.amd_cl_mlp_pao_if_ortho_geosupport_ovr//ov_i9a2_l01_r0000fdf2_c0000d535,ov_i9a2_l01_r0000fdf2_c0000d535,ov_i9a2_l01_r0000fdf2_c0000d535,c_users_amsgiseeap_appdata_local_temp_arcgisprotemp12292_untitled_sqlserver_amssclgis06_arcgis_aereo_sde_owd_amd_cl_mlp_pao_if_ortho_geosupport_ovr_ov_i9a2_l01_r0000fdf2_c0000d535,ov_i9a2_l01_r0000fdf2_c0000d535,ov_i9a2_l01_r0000fdf2_c0000d535
481,Path,C:\Users\amsgiseeap\AppData\Local\Temp\ArcGISProTemp12292\Untitled\SQLServer-amssclgis06_ArcGIS-Aereo.sde\OWD.AMD_CL_MLP_PAO_IF_Ortho_Geosupport_OVR\\Ov_i9A2_L01_R0000FDF2_C0000D536,c:/users/amsgiseeap/appdata/local/temp/arcgisprotemp12292/untitled/sqlserver-amssclgis06_arcgis-aereo.sde/owd.amd_cl_mlp_pao_if_ortho_geosupport_ovr//ov_i9a2_l01_r0000fdf2_c0000d536,ov_i9a2_l01_r0000fdf2_c0000d536,ov_i9a2_l01_r0000fdf2_c0000d536,c_users_amsgiseeap_appdata_local_temp_arcgisprotemp12292_untitled_sqlserver_amssclgis06_arcgis_aereo_sde_owd_amd_cl_mlp_pao_if_ortho_geosupport_ovr_ov_i9a2_l01_r0000fdf2_c0000d536,ov_i9a2_l01_r0000fdf2_c0000d536,ov_i9a2_l01_r0000fdf2_c0000d536
482,Path,C:\Users\amsgiseeap\AppData\Local\Temp\ArcGISProTemp12292\Untitled\SQLServer-amssclgis06_ArcGIS-Aereo.sde\OWD.AMD_CL_MLP_PAO_IF_Ortho_Geosupport_OVR\\Ov_i9A2_L01_R0000FDF2_C0000D537,c:/users/amsgiseeap/appdata/local/temp/arcgisprotemp12292/untitled/sqlserver-amssclgis06_arcgis-aereo.sde/owd.amd_cl_mlp_pao_if_ortho_geosupport_ovr//ov_i9a2_l01_r0000fdf2_c0000d537,ov_i9a2_l01_r0000fdf2_c0000d537,ov_i9a2_l01_r0000fdf2_c0000d537,c_users_amsgiseeap_appdata_local_temp_arcgisprotemp12292_untitled_sqlserver_amssclgis06_arcgis_aereo_sde_owd_amd_cl_mlp_pao_if_ortho_geosupport_ovr_ov_i9a2_l01_r0000fdf2_c0000d537,ov_i9a2_l01_r0000fdf2_c0000d537,ov_i9a2_l01_r0000fdf2_c0000d537
483,Path,C:\Users\amsgiseeap\AppData\Local\Temp\ArcGISProTemp12292\Untitled\SQLServer-amssclgis06_ArcGIS-Aereo.sde\OWD.AMD_CL_MLP_PAO_IF_Ortho_Geosupport_OVR\\Ov_i9A2_L01_R0000FDF2_C0000D538,c:/users/amsgiseeap/appdata/local/temp/arcgisprotemp12292/untitled/sqlserver-amssclgis06_arcgis-aereo.sde/owd.amd_cl_mlp_pao_if_ortho_geosupport_ovr//ov_i9a2_l01_r0000fdf2_c0000d538,ov_i9a2_l01_r0000fdf2_c0000d538,ov_i9a2_l01_r0000fdf2_c0000d538,c_users_amsgiseeap_appdata_local_temp_arcgisprotemp12292_untitled_sqlserver_amssclgis06_arcgis_aereo_sde_owd_amd_cl_mlp_pao_if_ortho_geosupport_ovr_ov_i9a2_l01_r0000fdf2_c0000d538,ov_i9a2_l01_r0000fdf2_c0000d538,ov_i9a2_l01_r0000fdf2_c0000d538
484,Path,C:\Users\amsgiseeap\AppData\Local\Temp\ArcGISProTemp12292\Untitled\SQLServer-amssclgis06_ArcGIS-Aereo.sde\OWD.AMD_CL_MLP_PAO_IF_Ortho_Geosupport_OVR\\Ov_i9A2_L01_R0000FDF2_C0000D539,c:/users/amsgiseeap/appdata/local/temp/arcgisprotemp12292/untitled/sqlserver-amssclgis06_arcgis-aereo.sde/owd.amd_cl_mlp_pao_if_ortho_geosupport_ovr//ov_i9a2_l01_r0000fdf2_c0000d539,ov_i9a2_l01_r0000fdf2_c0000d539,ov_i9a2_l01_r0000fdf2_c0000d539,c_users_amsgiseeap_appdata_local_temp_arcgisprotemp12292_untitled_sqlserver_amssclgis06_arcgis_aereo_sde_owd_amd_cl_mlp_pao_if_ortho_geosupport_ovr_ov_i9a2_l01_r0000fdf2_c0000d539,ov_i9a2_l01_r0000fdf2_c0000d539,ov_i9a2_l01_r0000fdf2_c0000d539
485,Path,C:\Users\amsgiseeap\AppData\Local\Temp\ArcGISProTemp12292\Untitled\SQLServer-amssclgis06_ArcGIS-Aereo.sde\OWD.AMD_CL_MLP_PAO_IF_Ortho_Geosupport_OVR\\Ov_i9A2_L01_R0000FDF2_C0000D53A,c:/users/amsgiseeap/appdata/local/temp/arcgisprotemp12292/untitled/sqlserver-amssclgis06_arcgis-aereo.sde/owd.amd_cl_mlp_pao_if_ortho_geosupport_ovr//ov_i9a2_l01_r0000fdf2_c0000d53a,ov_i9a2_l01_r0000fdf2_c0000d53a,ov_i9a2_l01_r0000fdf2_c0000d53a,c_users_amsgiseeap_appdata_local_temp_arcgisprotemp12292_untitled_sqlserver_amssclgis06_arcgis_aereo_sde_owd_amd_cl_mlp_pao_if_ortho_geosupport_ovr_ov_i9a2_l01_r0000fdf2_c0000d53a,ov_i9a2_l01_r0000fdf2_c0000d53a,ov_i9a2_l01_r0000fdf2_c0000d53a
486,Path,C:\Users\amsgiseeap\AppData\Local\Temp\ArcGISProTemp12292\Untitled\SQLServer-amssclgis06_ArcGIS-Aereo.sde\OWD.AMD_CL_MLP_PAO_IF_Ortho_Geosupport_OVR\\Ov_i9A2_L01_R0000FDF2_C0000D53B,c:/users/amsgiseeap/appdata/local/temp/arcgisprotemp12292/untitled/sqlserver-amssclgis06_arcgis-aereo.sde/owd.amd_cl_mlp_pao_if_ortho_geosupport_ovr//ov_i9a2_l01_r0000fdf2_c0000d53b,ov_i9a2_l01_r0000fdf2_c0000d53b,ov_i9a2_l01_r0000fdf2_c0000d53b,c_users_amsgiseeap_appdata_local_temp_arcgisprotemp12292_untitled_sqlserver_amssclgis06_arcgis_aereo_sde_owd_amd_cl_mlp_pao_if_ortho_geosupport_ovr_ov_i9a2_l01_r0000fdf2_c0000d53b,ov_i9a2_l01_r0000fdf2_c0000d53b,ov_i9a2_l01_r0000fdf2_c0000d53b
487,Path,C:\Users\amsgiseeap\AppData\Local\Temp\ArcGISProTemp12292\Untitled\SQLServer-amssclgis06_ArcGIS-Aereo.sde\OWD.AMD_CL_MLP_PAO_IF_Ortho_Geosupport_OVR\\Ov_i9A2_L01_R0000FDF2_C0000D53C,c:/users/amsgiseeap/appdata/local/temp/arcgisprotemp12292/untitled/sqlserver-amssclgis06_arcgis-aereo.sde/owd.amd_cl_mlp_pao_if_ortho_geosupport_ovr//ov_i9a2_l01_r0000fdf2_c0000d53c,ov_i9a2_l01_r0000fdf2_c0000d53c,ov_i9a2_l01_r0000fdf2_c0000d53c,c_users_amsgiseeap_appdata_local_temp_arcgisprotemp12292_untitled_sqlserver_amssclgis06_arcgis_aereo_sde_owd_amd_cl_mlp_pao_if_ortho_geosupport_ovr_ov_i9a2_l01_r0000fdf2_c0000d53c,ov_i9a2_l01_r0000fdf2_c0000d53c,ov_i9a2_l01_r0000fdf2_c0000d53c
488,Path,C:\Users\amsgiseeap\AppData\Local\Temp\ArcGISProTemp12292\Untitled\SQLServer-amssclgis06_ArcGIS-Aereo.sde\OWD.AMD_CL_MLP_PAO_IF_Ortho_Geosupport_OVR\\Ov_i9A2_L01_R0000FDF2_C0000D53D,c:/users/amsgiseeap/appdata/local/temp/arcgisprotemp12292/untitled/sqlserver-amssclgis06_arcgis-aereo.sde/owd.amd_cl_mlp_pao_if_ortho_geosupport_ovr//ov_i9a2_l01_r0000fdf2_c0000d53d,ov_i9a2_l01_r0000fdf2_c0000d53d,ov_i9a2_l01_r0000fdf2_c0000d53d,c_users_amsgiseeap_appdata_local_temp_arcgisprotemp12292_untitled_sqlserver_amssclgis06_arcgis_aereo_sde_owd_amd_cl_mlp_pao_if_ortho_geosupport_ovr_ov_i9a2_l01_r0000fdf2_c0000d53d,ov_i9a2_l01_r0000fdf2_c0000d53d,ov_i9a2_l01_r0000fdf2_c0000d53d
489,Path,C:\Users\amsgiseeap\AppData\Local\Temp\ArcGISProTemp12292\Untitled\SQLServer-amssclgis06_ArcGIS-Aereo.sde\OWD.AMD_CL_MLP_PAO_IF_Ortho_Geosupport_OVR\\Ov_i9A2_L01_R0000FDF2_C0000D53E,c:/users/amsgiseeap/appdata/local/temp/arcgisprotemp12292/untitled/sqlserver-amssclgis06_arcgis-aereo.sde/owd.amd_cl_mlp_pao_if_ortho_geosupport_ovr//ov_i9a2_l01_r0000fdf2_c0000d53e,ov_i9a2_l01_r0000fdf2_c0000d53e,ov_i9a2_l01_r0000fdf2_c0000d53e,c_users_amsgiseeap_appdata_local_temp_arcgisprotemp12292_untitled_sqlserver_amssclgis06_arcgis_aereo_sde_owd_amd_cl_mlp_pao_if_ortho_geosupport_ovr_ov_i9a2_l01_r0000fdf2_c0000d53e,ov_i9a2_l01_r0000fdf2_c0000d53e,ov_i9a2_l01_r0000fdf2_c0000d53e
490,Path,C:\Users\amsgiseeap\AppData\Local\Temp\ArcGISProTemp12292\Untitled\SQLServer-amssclgis06_ArcGIS-Aereo.sde\OWD.AMD_CL_MLP_PAO_IF_Ortho_Geosupport_OVR\\Ov_i9A2_L01_R0000FDF3_C0000D532,c:/users/amsgiseeap/appdata/local/temp/arcgisprotemp12292/untitled/sqlserver-amssclgis06_arcgis-aereo.sde/owd.amd_cl_mlp_pao_if_ortho_geosupport_ovr//ov_i9a2_l01_r0000fdf3_c0000d532,ov_i9a2_l01_r0000fdf3_c0000d532,ov_i9a2_l01_r0000fdf3_c0000d532,c_users_amsgiseeap_appdata_local_temp_arcgisprotemp12292_untitled_sqlserver_amssclgis06_arcgis_aereo_sde_owd_amd_cl_mlp_pao_if_ortho_geosupport_ovr_ov_i9a2_l01_r0000fdf3_c0000d532,ov_i9a2_l01_r0000fdf3_c0000d532,ov_i9a2_l01_r0000fdf3_c0000d532
491,Path,C:\Users\amsgiseeap\AppData\Local\Temp\ArcGISProTemp12292\Untitled\SQLServer-amssclgis06_ArcGIS-Aereo.sde\OWD.AMD_CL_MLP_PAO_IF_Ortho_Geosupport_OVR\\Ov_i9A2_L01_R0000FDF1_C0000D535,c:/users/amsgiseeap/appdata/local/temp/arcgisprotemp12292/untitled/sqlserver-amssclgis06_arcgis-aereo.sde/owd.amd_cl_mlp_pao_if_ortho_geosupport_ovr//ov_i9a2_l01_r0000fdf1_c0000d535,ov_i9a2_l01_r0000fdf1_c0000d535,ov_i9a2_l01_r0000fdf1_c0000d535,c_users_amsgiseeap_appdata_local_temp_arcgisprotemp12292_untitled_sqlserver_amssclgis06_arcgis_aereo_sde_owd_amd_cl_mlp_pao_if_ortho_geosupport_ovr_ov_i9a2_l01_r0000fdf1_c0000d535,ov_i9a2_l01_r0000fdf1_c0000d535,ov_i9a2_l01_r0000fdf1_c0000d535
492,Path,C:\Users\amsgiseeap\AppData\Local\Temp\ArcGISProTemp12292\Untitled\SQLServer-amssclgis06_ArcGIS-Aereo.sde\OWD.AMD_CL_MLP_PAO_IF_Ortho_Geosupport_OVR\\Ov_i9A2_L01_R0000FDF1_C0000D536,c:/users/amsgiseeap/appdata/local/temp/arcgisprotemp12292/untitled/sqlserver-amssclgis06_arcgis-aereo.sde/owd.amd_cl_mlp_pao_if_ortho_geosupport_ovr//ov_i9a2_l01_r0000fdf1_c0000d536,ov_i9a2_l01_r0000fdf1_c0000d536,ov_i9a2_l01_r0000fdf1_c0000d536,c_users_amsgiseeap_appdata_local_temp_arcgisprotemp12292_untitled_sqlserver_amssclgis06_arcgis_aereo_sde_owd_amd_cl_mlp_pao_if_ortho_geosupport_ovr_ov_i9a2_l01_r0000fdf1_c0000d536,ov_i9a2_l01_r0000fdf1_c0000d536,ov_i9a2_l01_r0000fdf1_c0000d536
493,Path,C:\Users\amsgiseeap\AppData\Local\Temp\ArcGISProTemp12292\Untitled\SQLServer-amssclgis06_ArcGIS-Aereo.sde\OWD.AMD_CL_MLP_PAO_IF_Ortho_Geosupport_OVR\\Ov_i9A2_L01_R0000FDF1_C0000D537,c:/users/amsgiseeap/appdata/local/temp/arcgisprotemp12292/untitled/sqlserver-amssclgis06_arcgis-aereo.sde/owd.amd_cl_mlp_pao_if_ortho_geosupport_ovr//ov_i9a2_l01_r0000fdf1_c0000d537,ov_i9a2_l01_r0000fdf1_c0000d537,ov_i9a2_l01_r0000fdf1_c0000d537,c_users_amsgiseeap_appdata_local_temp_arcgisprotemp12292_untitled_sqlserver_amssclgis06_arcgis_aereo_sde_owd_amd_cl_mlp_pao_if_ortho_geosupport_ovr_ov_i9a2_l01_r0000fdf1_c0000d537,ov_i9a2_l01_r0000fdf1_c0000d537,ov_i9a2_l01_r0000fdf1_c0000d537
494,Path,C:\Users\amsgiseeap\AppData\Local\Temp\ArcGISProTemp12292\Untitled\SQLServer-amssclgis06_ArcGIS-Aereo.sde\OWD.AMD_CL_MLP_PAO_IF_Ortho_Geosupport_OVR\\Ov_i9A2_L01_R0000FDF1_C0000D538,c:/users/amsgiseeap/appdata/local/temp/arcgisprotemp12292/untitled/sqlserver-amssclgis06_arcgis-aereo.sde/owd.amd_cl_mlp_pao_if_ortho_geosupport_ovr//ov_i9a2_l01_r0000fdf1_c0000d538,ov_i9a2_l01_r0000fdf1_c0000d538,ov_i9a2_l01_r0000fdf1_c0000d538,c_users_amsgiseeap_appdata_local_temp_arcgisprotemp12292_untitled_sqlserver_amssclgis06_arcgis_aereo_sde_owd_amd_cl_mlp_pao_if_ortho_geosupport_ovr_ov_i9a2_l01_r0000fdf1_c0000d538,ov_i9a2_l01_r0000fdf1_c0000d538,ov_i9a2_l01_r0000fdf1_c0000d538
495,Path,C:\Users\amsgiseeap\AppData\Local\Temp\ArcGISProTemp12292\Untitled\SQLServer-amssclgis06_ArcGIS-Aereo.sde\OWD.AMD_CL_MLP_PAO_IF_Ortho_Geosupport_OVR\\Ov_i9A2_L01_R0000FDF1_C0000D539,c:/users/amsgiseeap/appdata/local/temp/arcgisprotemp12292/untitled/sqlserver-amssclgis06_arcgis-aereo.sde/owd.amd_cl_mlp_pao_if_ortho_geosupport_ovr//ov_i9a2_l01_r0000fdf1_c0000d539,ov_i9a2_l01_r0000fdf1_c0000d539,ov_i9a2_l01_r0000fdf1_c0000d539,c_users_amsgiseeap_appdata_local_temp_arcgisprotemp12292_untitled_sqlserver_amssclgis06_arcgis_aereo_sde_owd_amd_cl_mlp_pao_if_ortho_geosupport_ovr_ov_i9a2_l01_r0000fdf1_c0000d539,ov_i9a2_l01_r0000fdf1_c0000d539,ov_i9a2_l01_r0000fdf1_c0000d539
496,Path,C:\Users\amsgiseeap\AppData\Local\Temp\ArcGISProTemp12292\Untitled\SQLServer-amssclgis06_ArcGIS-Aereo.sde\OWD.AMD_CL_MLP_PAO_IF_Ortho_Geosupport_OVR\\Ov_i9A2_L01_R0000FDF1_C0000D53A,c:/users/amsgiseeap/appdata/local/temp/arcgisprotemp12292/untitled/sqlserver-amssclgis06_arcgis-aereo.sde/owd.amd_cl_mlp_pao_if_ortho_geosupport_ovr//ov_i9a2_l01_r0000fdf1_c0000d53a,ov_i9a2_l01_r0000fdf1_c0000d53a,ov_i9a2_l01_r0000fdf1_c0000d53a,c_users_amsgiseeap_appdata_local_temp_arcgisprotemp12292_untitled_sqlserver_amssclgis06_arcgis_aereo_sde_owd_amd_cl_mlp_pao_if_ortho_geosupport_ovr_ov_i9a2_l01_r0000fdf1_c0000d53a,ov_i9a2_l01_r0000fdf1_c0000d53a,ov_i9a2_l01_r0000fdf1_c0000d53a
497,Path,C:\Users\amsgiseeap\AppData\Local\Temp\ArcGISProTemp12292\Untitled\SQLServer-amssclgis06_ArcGIS-Aereo.sde\OWD.AMD_CL_MLP_PAO_IF_Ortho_Geosupport_OVR\\Ov_i9A2_L01_R0000FDF1_C0000D53B,c:/users/amsgiseeap/appdata/local/temp/arcgisprotemp12292/untitled/sqlserver-amssclgis06_arcgis-aereo.sde/owd.amd_cl_mlp_pao_if_ortho_geosupport_ovr//ov_i9a2_l01_r0000fdf1_c0000d53b,ov_i9a2_l01_r0000fdf1_c0000d53b,ov_i9a2_l01_r0000fdf1_c0000d53b,c_users_amsgiseeap_appdata_local_temp_arcgisprotemp12292_untitled_sqlserver_amssclgis06_arcgis_aereo_sde_owd_amd_cl_mlp_pao_if_ortho_geosupport_ovr_ov_i9a2_l01_r0000fdf1_c0000d53b,ov_i9a2_l01_r0000fdf1_c0000d53b,ov_i9a2_l01_r0000fdf1_c0000d53b
498,Path,C:\Users\amsgiseeap\AppData\Local\Temp\ArcGISProTemp12292\Untitled\SQLServer-amssclgis06_ArcGIS-Aereo.sde\OWD.AMD_CL_MLP_PAO_IF_Ortho_Geosupport_OVR\\Ov_i9A2_L01_R0000FDF1_C0000D53C,c:/users/amsgiseeap/appdata/local/temp/arcgisprotemp12292/untitled/sqlserver-amssclgis06_arcgis-aereo.sde/owd.amd_cl_mlp_pao_if_ortho_geosupport_ovr//ov_i9a2_l01_r0000fdf1_c0000d53c,ov_i9a2_l01_r0000fdf1_c0000d53c,ov_i9a2_l01_r0000fdf1_c0000d53c,c_users_amsgiseeap_appdata_local_temp_arcgisprotemp12292_untitled_sqlserver_amssclgis06_arcgis_aereo_sde_owd_amd_cl_mlp_pao_if_ortho_geosupport_ovr_ov_i9a2_l01_r0000fdf1_c0000d53c,ov_i9a2_l01_r0000fdf1_c0000d53c,ov_i9a2_l01_r0000fdf1_c0000d53c
499,Path,C:\Users\amsgiseeap\AppData\Local\Temp\ArcGISProTemp12292\Untitled\SQLServer-amssclgis06_ArcGIS-Aereo.sde\OWD.AMD_CL_MLP_PAO_IF_Ortho_Geosupport_OVR\\Ov_i9A2_L01_R0000FDF1_C0000D53D,c:/users/amsgiseeap/appdata/local/temp/arcgisprotemp12292/untitled/sqlserver-amssclgis06_arcgis-aereo.sde/owd.amd_cl_mlp_pao_if_ortho_geosupport_ovr//ov_i9a2_l01_r0000fdf1_c0000d53d,ov_i9a2_l01_r0000fdf1_c0000d53d,ov_i9a2_l01_r0000fdf1_c0000d53d,c_users_amsgiseeap_appdata_local_temp_arcgisprotemp12292_untitled_sqlserver_amssclgis06_arcgis_aereo_sde_owd_amd_cl_mlp_pao_if_ortho_geosupport_ovr_ov_i9a2_l01_r0000fdf1_c0000d53d,ov_i9a2_l01_r0000fdf1_c0000d53d,ov_i9a2_l01_r0000fdf1_c0000d53d
500,Path,C:\Users\amsgiseeap\AppData\Local\Temp\ArcGISProTemp12292\Untitled\SQLServer-amssclgis06_ArcGIS-Aereo.sde\OWD.AMD_CL_MLP_PAO_IF_Ortho_Geosupport_OVR\\Ov_i9A2_L01_R0000FDF1_C0000D53E,c:/users/amsgiseeap/appdata/local/temp/arcgisprotemp12292/untitled/sqlserver-amssclgis06_arcgis-aereo.sde/owd.amd_cl_mlp_pao_if_ortho_geosupport_ovr//ov_i9a2_l01_r0000fdf1_c0000d53e,ov_i9a2_l01_r0000fdf1_c0000d53e,ov_i9a2_l01_r0000fdf1_c0000d53e,c_users_amsgiseeap_appdata_local_temp_arcgisprotemp12292_untitled_sqlserver_amssclgis06_arcgis_aereo_sde_owd_amd_cl_mlp_pao_if_ortho_geosupport_ovr_ov_i9a2_l01_r0000fdf1_c0000d53e,ov_i9a2_l01_r0000fdf1_c0000d53e,ov_i9a2_l01_r0000fdf1_c0000d53e
501,Path,C:\Users\amsgiseeap\AppData\Local\Temp\ArcGISProTemp12292\Untitled\SQLServer-amssclgis06_ArcGIS-Aereo.sde\OWD.AMD_CL_MLP_PAO_IF_Ortho_Geosupport_OVR\\Ov_i9A2_L01_R0000FDF1_C0000D53F,c:/users/amsgiseeap/appdata/local/temp/arcgisprotemp12292/untitled/sqlserver-amssclgis06_arcgis-aereo.sde/owd.amd_cl_mlp_pao_if_ortho_geosupport_ovr//ov_i9a2_l01_r0000fdf1_c0000d53f,ov_i9a2_l01_r0000fdf1_c0000d53f,ov_i9a2_l01_r0000fdf1_c0000d53f,c_users_amsgiseeap_appdata_local_temp_arcgisprotemp12292_untitled_sqlserver_amssclgis06_arcgis_aereo_sde_owd_amd_cl_mlp_pao_if_ortho_geosupport_ovr_ov_i9a2_l01_r0000fdf1_c0000d53f,ov_i9a2_l01_r0000fdf1_c0000d53f,ov_i9a2_l01_r0000fdf1_c0000d53f
502,Path,C:\Users\amsgiseeap\AppData\Local\Temp\ArcGISProTemp12292\Untitled\SQLServer-amssclgis06_ArcGIS-Aereo.sde\OWD.AMD_CL_MLP_PAO_IF_Ortho_Geosupport_OVR\\Ov_i9A2_L01_R0000FDF1_C0000D540,c:/users/amsgiseeap/appdata/local/temp/arcgisprotemp12292/untitled/sqlserver-amssclgis06_arcgis-aereo.sde/owd.amd_cl_mlp_pao_if_ortho_geosupport_ovr//ov_i9a2_l01_r0000fdf1_c0000d540,ov_i9a2_l01_r0000fdf1_c0000d540,ov_i9a2_l01_r0000fdf1_c0000d540,c_users_amsgiseeap_appdata_local_temp_arcgisprotemp12292_untitled_sqlserver_amssclgis06_arcgis_aereo_sde_owd_amd_cl_mlp_pao_if_ortho_geosupport_ovr_ov_i9a2_l01_r0000fdf1_c0000d540,ov_i9a2_l01_r0000fdf1_c0000d540,ov_i9a2_l01_r0000fdf1_c0000d540
503,Path,C:\Users\amsgiseeap\AppData\Local\Temp\ArcGISProTemp12292\Untitled\SQLServer-amssclgis06_ArcGIS-Aereo.sde\OWD.AMD_CL_MLP_PAO_IF_Ortho_Geosupport_OVR\\Ov_i9A2_L01_R0000FDF3_C0000D540,c:/users/amsgiseeap/appdata/local/temp/arcgisprotemp12292/untitled/sqlserver-amssclgis06_arcgis-aereo.sde/owd.amd_cl_mlp_pao_if_ortho_geosupport_ovr//ov_i9a2_l01_r0000fdf3_c0000d540,ov_i9a2_l01_r0000fdf3_c0000d540,ov_i9a2_l01_r0000fdf3_c0000d540,c_users_amsgiseeap_appdata_local_temp_arcgisprotemp12292_untitled_sqlserver_amssclgis06_arcgis_aereo_sde_owd_amd_cl_mlp_pao_if_ortho_geosupport_ovr_ov_i9a2_l01_r0000fdf3_c0000d540,ov_i9a2_l01_r0000fdf3_c0000d540,ov_i9a2_l01_r0000fdf3_c0000d540
504,Path,C:\Users\amsgiseeap\AppData\Local\Temp\ArcGISProTemp12292\Untitled\SQLServer-amssclgis06_ArcGIS-Aereo.sde\OWD.AMD_CL_MLP_PAO_IF_Ortho_Geosupport_OVR\\Ov_i9A2_L01_R0000FDF4_C0000D540,c:/users/amsgiseeap/appdata/local/temp/arcgisprotemp12292/untitled/sqlserver-amssclgis06_arcgis-aereo.sde/owd.amd_cl_mlp_pao_if_ortho_geosupport_ovr//ov_i9a2_l01_r0000fdf4_c0000d540,ov_i9a2_l01_r0000fdf4_c0000d540,ov_i9a2_l01_r0000fdf4_c0000d540,c_users_amsgiseeap_appdata_local_temp_arcgisprotemp12292_untitled_sqlserver_amssclgis06_arcgis_aereo_sde_owd_amd_cl_mlp_pao_if_ortho_geosupport_ovr_ov_i9a2_l01_r0000fdf4_c0000d540,ov_i9a2_l01_r0000fdf4_c0000d540,ov_i9a2_l01_r0000fdf4_c0000d540
505,Path,C:\Users\amsgiseeap\AppData\Local\Temp\ArcGISProTemp12292\Untitled\SQLServer-amssclgis06_ArcGIS-Aereo.sde\OWD.AMD_CL_MLP_PAO_IF_Ortho_Geosupport_OVR\\Ov_i9A2_L01_R0000FDF5_C0000D540,c:/users/amsgiseeap/appdata/local/temp/arcgisprotemp12292/untitled/sqlserver-amssclgis06_arcgis-aereo.sde/owd.amd_cl_mlp_pao_if_ortho_geosupport_ovr//ov_i9a2_l01_r0000fdf5_c0000d540,ov_i9a2_l01_r0000fdf5_c0000d540,ov_i9a2_l01_r0000fdf5_c0000d540,c_users_amsgiseeap_appdata_local_temp_arcgisprotemp12292_untitled_sqlserver_amssclgis06_arcgis_aereo_sde_owd_amd_cl_mlp_pao_if_ortho_geosupport_ovr_ov_i9a2_l01_r0000fdf5_c0000d540,ov_i9a2_l01_r0000fdf5_c0000d540,ov_i9a2_l01_r0000fdf5_c0000d540
506,Path,C:\Users\amsgiseeap\AppData\Local\Temp\ArcGISProTemp12292\Untitled\SQLServer-amssclgis06_ArcGIS-Aereo.sde\OWD.AMD_CL_MLP_PAO_IF_Ortho_Geosupport_OVR\\Ov_i9A2_L01_R0000FDF6_C0000D540,c:/users/amsgiseeap/appdata/local/temp/arcgisprotemp12292/untitled/sqlserver-amssclgis06_arcgis-aereo.sde/owd.amd_cl_mlp_pao_if_ortho_geosupport_ovr//ov_i9a2_l01_r0000fdf6_c0000d540,ov_i9a2_l01_r0000fdf6_c0000d540,ov_i9a2_l01_r0000fdf6_c0000d540,c_users_amsgiseeap_appdata_local_temp_arcgisprotemp12292_untitled_sqlserver_amssclgis06_arcgis_aereo_sde_owd_amd_cl_mlp_pao_if_ortho_geosupport_ovr_ov_i9a2_l01_r0000fdf6_c0000d540,ov_i9a2_l01_r0000fdf6_c0000d540,ov_i9a2_l01_r0000fdf6_c0000d540
507,Path,C:\Users\amsgiseeap\AppData\Local\Temp\ArcGISProTemp12292\Untitled\SQLServer-amssclgis06_ArcGIS-Aereo.sde\OWD.AMD_CL_MLP_PAO_IF_Ortho_Geosupport_OVR\\Ov_i9A2_L01_R0000FDF7_C0000D540,c:/users/amsgiseeap/appdata/local/temp/arcgisprotemp12292/untitled/sqlserver-amssclgis06_arcgis-aereo.sde/owd.amd_cl_mlp_pao_if_ortho_geosupport_ovr//ov_i9a2_l01_r0000fdf7_c0000d540,ov_i9a2_l01_r0000fdf7_c0000d540,ov_i9a2_l01_r0000fdf7_c0000d540,c_users_amsgiseeap_appdata_local_temp_arcgisprotemp12292_untitled_sqlserver_amssclgis06_arcgis_aereo_sde_owd_amd_cl_mlp_pao_if_ortho_geosupport_ovr_ov_i9a2_l01_r0000fdf7_c0000d540,ov_i9a2_l01_r0000fdf7_c0000d540,ov_i9a2_l01_r0000fdf7_c0000d540
508,Path,C:\Users\amsgiseeap\AppData\Local\Temp\ArcGISProTemp12292\Untitled\SQLServer-amssclgis06_ArcGIS-Aereo.sde\OWD.AMD_CL_MLP_PAO_IF_Ortho_Geosupport_OVR\\Ov_i9A2_L01_R0000FDF8_C0000D540,c:/users/amsgiseeap/appdata/local/temp/arcgisprotemp12292/untitled/sqlserver-amssclgis06_arcgis-aereo.sde/owd.amd_cl_mlp_pao_if_ortho_geosupport_ovr//ov_i9a2_l01_r0000fdf8_c0000d540,ov_i9a2_l01_r0000fdf8_c0000d540,ov_i9a2_l01_r0000fdf8_c0000d540,c_users_amsgiseeap_appdata_local_temp_arcgisprotemp12292_untitled_sqlserver_amssclgis06_arcgis_aereo_sde_owd_amd_cl_mlp_pao_if_ortho_geosupport_ovr_ov_i9a2_l01_r0000fdf8_c0000d540,ov_i9a2_l01_r0000fdf8_c0000d540,ov_i9a2_l01_r0000fdf8_c0000d540
509,Path,C:\Users\amsgiseeap\AppData\Local\Temp\ArcGISProTemp12292\Untitled\SQLServer-amssclgis06_ArcGIS-Aereo.sde\OWD.AMD_CL_MLP_PAO_IF_Ortho_Geosupport_OVR\\Ov_i9A2_L01_R0000FDF9_C0000D540,c:/users/amsgiseeap/appdata/local/temp/arcgisprotemp12292/untitled/sqlserver-amssclgis06_arcgis-aereo.sde/owd.amd_cl_mlp_pao_if_ortho_geosupport_ovr//ov_i9a2_l01_r0000fdf9_c0000d540,ov_i9a2_l01_r0000fdf9_c0000d540,ov_i9a2_l01_r0000fdf9_c0000d540,c_users_amsgiseeap_appdata_local_temp_arcgisprotemp12292_untitled_sqlserver_amssclgis06_arcgis_aereo_sde_owd_amd_cl_mlp_pao_if_ortho_geosupport_ovr_ov_i9a2_l01_r0000fdf9_c0000d540,ov_i9a2_l01_r0000fdf9_c0000d540,ov_i9a2_l01_r0000fdf9_c0000d540
510,Path,C:\Users\amsgiseeap\AppData\Local\Temp\ArcGISProTemp12292\Untitled\SQLServer-amssclgis06_ArcGIS-Aereo.sde\OWD.AMD_CL_MLP_PAO_IF_Ortho_Geosupport_OVR\\Ov_i9A2_L01_R0000FDFA_C0000D540,c:/users/amsgiseeap/appdata/local/temp/arcgisprotemp12292/untitled/sqlserver-amssclgis06_arcgis-aereo.sde/owd.amd_cl_mlp_pao_if_ortho_geosupport_ovr//ov_i9a2_l01_r0000fdfa_c0000d540,ov_i9a2_l01_r0000fdfa_c0000d540,ov_i9a2_l01_r0000fdfa_c0000d540,c_users_amsgiseeap_appdata_local_temp_arcgisprotemp12292_untitled_sqlserver_amssclgis06_arcgis_aereo_sde_owd_amd_cl_mlp_pao_if_ortho_geosupport_ovr_ov_i9a2_l01_r0000fdfa_c0000d540,ov_i9a2_l01_r0000fdfa_c0000d540,ov_i9a2_l01_r0000fdfa_c0000d540
511,Path,C:\Users\amsgiseeap\AppData\Local\Temp\ArcGISProTemp12292\Untitled\SQLServer-amssclgis06_ArcGIS-Aereo.sde\OWD.AMD_CL_MLP_PAO_IF_Ortho_Geosupport_OVR\\Ov_i9A2_L01_R0000FDFB_C0000D540,c:/users/amsgiseeap/appdata/local/temp/arcgisprotemp12292/untitled/sqlserver-amssclgis06_arcgis-aereo.sde/owd.amd_cl_mlp_pao_if_ortho_geosupport_ovr//ov_i9a2_l01_r0000fdfb_c0000d540,ov_i9a2_l01_r0000fdfb_c0000d540,ov_i9a2_l01_r0000fdfb_c0000d540,c_users_amsgiseeap_appdata_local_temp_arcgisprotemp12292_untitled_sqlserver_amssclgis06_arcgis_aereo_sde_owd_amd_cl_mlp_pao_if_ortho_geosupport_ovr_ov_i9a2_l01_r0000fdfb_c0000d540,ov_i9a2_l01_r0000fdfb_c0000d540,ov_i9a2_l01_r0000fdfb_c0000d540
512,Path,C:\Users\amsgiseeap\AppData\Local\Temp\ArcGISProTemp12292\Untitled\SQLServer-amssclgis06_ArcGIS-Aereo.sde\OWD.AMD_CL_MLP_PAO_IF_Ortho_Geosupport_OVR\\Ov_i9A2_L01_R0000FDFC_C0000D540,c:/users/amsgiseeap/appdata/local/temp/arcgisprotemp12292/untitled/sqlserver-amssclgis06_arcgis-aereo.sde/owd.amd_cl_mlp_pao_if_ortho_geosupport_ovr//ov_i9a2_l01_r0000fdfc_c0000d540,ov_i9a2_l01_r0000fdfc_c0000d540,ov_i9a2_l01_r0000fdfc_c0000d540,c_users_amsgiseeap_appdata_local_temp_arcgisprotemp12292_untitled_sqlserver_amssclgis06_arcgis_aereo_sde_owd_amd_cl_mlp_pao_if_ortho_geosupport_ovr_ov_i9a2_l01_r0000fdfc_c0000d540,ov_i9a2_l01_r0000fdfc_c0000d540,ov_i9a2_l01_r0000fdfc_c0000d540
513,Path,C:\Users\amsgiseeap\AppData\Local\Temp\ArcGISProTemp12292\Untitled\SQLServer-amssclgis06_ArcGIS-Aereo.sde\OWD.AMD_CL_MLP_PAO_IF_Ortho_Geosupport_OVR\\Ov_i9A2_L01_R0000FDFD_C0000D540,c:/users/amsgiseeap/appdata/local/temp/arcgisprotemp12292/untitled/sqlserver-amssclgis06_arcgis-aereo.sde/owd.amd_cl_mlp_pao_if_ortho_geosupport_ovr//ov_i9a2_l01_r0000fdfd_c0000d540,ov_i9a2_l01_r0000fdfd_c0000d540,ov_i9a2_l01_r0000fdfd_c0000d540,c_users_amsgiseeap_appdata_local_temp_arcgisprotemp12292_untitled_sqlserver_amssclgis06_arcgis_aereo_sde_owd_amd_cl_mlp_pao_if_ortho_geosupport_ovr_ov_i9a2_l01_r0000fdfd_c0000d540,ov_i9a2_l01_r0000fdfd_c0000d540,ov_i9a2_l01_r0000fdfd_c0000d540
514,Path,C:\Users\amsgiseeap\AppData\Local\Temp\ArcGISProTemp12292\Untitled\SQLServer-amssclgis06_ArcGIS-Aereo.sde\OWD.AMD_CL_MLP_PAO_IF_Ortho_Geosupport_OVR\\Ov_i9A2_L01_R0000FDFE_C0000D540,c:/users/amsgiseeap/appdata/local/temp/arcgisprotemp12292/untitled/sqlserver-amssclgis06_arcgis-aereo.sde/owd.amd_cl_mlp_pao_if_ortho_geosupport_ovr//ov_i9a2_l01_r0000fdfe_c0000d540,ov_i9a2_l01_r0000fdfe_c0000d540,ov_i9a2_l01_r0000fdfe_c0000d540,c_users_amsgiseeap_appdata_local_temp_arcgisprotemp12292_untitled_sqlserver_amssclgis06_arcgis_aereo_sde_owd_amd_cl_mlp_pao_if_ortho_geosupport_ovr_ov_i9a2_l01_r0000fdfe_c0000d540,ov_i9a2_l01_r0000fdfe_c0000d540,ov_i9a2_l01_r0000fdfe_c0000d540
515,Path,C:\Users\amsgiseeap\AppData\Local\Temp\ArcGISProTemp12292\Untitled\SQLServer-amssclgis06_ArcGIS-Aereo.sde\OWD.AMD_CL_MLP_PAO_IF_Ortho_Geosupport_OVR\\Ov_i9A2_L01_R0000FDFB_C0000D539,c:/users/amsgiseeap/appdata/local/temp/arcgisprotemp12292/untitled/sqlserver-amssclgis06_arcgis-aereo.sde/owd.amd_cl_mlp_pao_if_ortho_geosupport_ovr//ov_i9a2_l01_r0000fdfb_c0000d539,ov_i9a2_l01_r0000fdfb_c0000d539,ov_i9a2_l01_r0000fdfb_c0000d539,c_users_amsgiseeap_appdata_local_temp_arcgisprotemp12292_untitled_sqlserver_amssclgis06_arcgis_aereo_sde_owd_amd_cl_mlp_pao_if_ortho_geosupport_ovr_ov_i9a2_l01_r0000fdfb_c0000d539,ov_i9a2_l01_r0000fdfb_c0000d539,ov_i9a2_l01_r0000fdfb_c0000d539
516,Path,C:\Users\amsgiseeap\AppData\Local\Temp\ArcGISProTemp12292\Untitled\SQLServer-amssclgis06_ArcGIS-Aereo.sde\OWD.AMD_CL_MLP_PAO_IF_Ortho_Geosupport_OVR\\Ov_i9A2_L01_R0000FDF1_C0000D525,c:/users/amsgiseeap/appdata/local/temp/arcgisprotemp12292/untitled/sqlserver-amssclgis06_arcgis-aereo.sde/owd.amd_cl_mlp_pao_if_ortho_geosupport_ovr//ov_i9a2_l01_r0000fdf1_c0000d525,ov_i9a2_l01_r0000fdf1_c0000d525,ov_i9a2_l01_r0000fdf1_c0000d525,c_users_amsgiseeap_appdata_local_temp_arcgisprotemp12292_untitled_sqlserver_amssclgis06_arcgis_aereo_sde_owd_amd_cl_mlp_pao_if_ortho_geosupport_ovr_ov_i9a2_l01_r0000fdf1_c0000d525,ov_i9a2_l01_r0000fdf1_c0000d525,ov_i9a2_l01_r0000fdf1_c0000d525
517,Path,C:\Users\amsgiseeap\AppData\Local\Temp\ArcGISProTemp12292\Untitled\SQLServer-amssclgis06_ArcGIS-Aereo.sde\OWD.AMD_CL_MLP_PAO_IF_Ortho_Geosupport_OVR\\Ov_i9A2_L01_R0000FDF1_C0000D526,c:/users/amsgiseeap/appdata/local/temp/arcgisprotemp12292/untitled/sqlserver-amssclgis06_arcgis-aereo.sde/owd.amd_cl_mlp_pao_if_ortho_geosupport_ovr//ov_i9a2_l01_r0000fdf1_c0000d526,ov_i9a2_l01_r0000fdf1_c0000d526,ov_i9a2_l01_r0000fdf1_c0000d526,c_users_amsgiseeap_appdata_local_temp_arcgisprotemp12292_untitled_sqlserver_amssclgis06_arcgis_aereo_sde_owd_amd_cl_mlp_pao_if_ortho_geosupport_ovr_ov_i9a2_l01_r0000fdf1_c0000d526,ov_i9a2_l01_r0000fdf1_c0000d526,ov_i9a2_l01_r0000fdf1_c0000d526
518,Path,C:\Users\amsgiseeap\AppData\Local\Temp\ArcGISProTemp12292\Untitled\SQLServer-amssclgis06_ArcGIS-Aereo.sde\OWD.AMD_CL_MLP_PAO_IF_Ortho_Geosupport_OVR\\Ov_i9A2_L01_R0000FDF1_C0000D527,c:/users/amsgiseeap/appdata/local/temp/arcgisprotemp12292/untitled/sqlserver-amssclgis06_arcgis-aereo.sde/owd.amd_cl_mlp_pao_if_ortho_geosupport_ovr//ov_i9a2_l01_r0000fdf1_c0000d527,ov_i9a2_l01_r0000fdf1_c0000d527,ov_i9a2_l01_r0000fdf1_c0000d527,c_users_amsgiseeap_appdata_local_temp_arcgisprotemp12292_untitled_sqlserver_amssclgis06_arcgis_aereo_sde_owd_amd_cl_mlp_pao_if_ortho_geosupport_ovr_ov_i9a2_l01_r0000fdf1_c0000d527,ov_i9a2_l01_r0000fdf1_c0000d527,ov_i9a2_l01_r0000fdf1_c0000d527
519,Path,C:\Users\amsgiseeap\AppData\Local\Temp\ArcGISProTemp12292\Untitled\SQLServer-amssclgis06_ArcGIS-Aereo.sde\OWD.AMD_CL_MLP_PAO_IF_Ortho_Geosupport_OVR\\Ov_i9A2_L01_R0000FDF1_C0000D528,c:/users/amsgiseeap/appdata/local/temp/arcgisprotemp12292/untitled/sqlserver-amssclgis06_arcgis-aereo.sde/owd.amd_cl_mlp_pao_if_ortho_geosupport_ovr//ov_i9a2_l01_r0000fdf1_c0000d528,ov_i9a2_l01_r0000fdf1_c0000d528,ov_i9a2_l01_r0000fdf1_c0000d528,c_users_amsgiseeap_appdata_local_temp_arcgisprotemp12292_untitled_sqlserver_amssclgis06_arcgis_aereo_sde_owd_amd_cl_mlp_pao_if_ortho_geosupport_ovr_ov_i9a2_l01_r0000fdf1_c0000d528,ov_i9a2_l01_r0000fdf1_c0000d528,ov_i9a2_l01_r0000fdf1_c0000d528
520,Path,C:\Users\amsgiseeap\AppData\Local\Temp\ArcGISProTemp12292\Untitled\SQLServer-amssclgis06_ArcGIS-Aereo.sde\OWD.AMD_CL_MLP_PAO_IF_Ortho_Geosupport_OVR\\Ov_i9A2_L01_R0000FDF1_C0000D529,c:/users/amsgiseeap/appdata/local/temp/arcgisprotemp12292/untitled/sqlserver-amssclgis06_arcgis-aereo.sde/owd.amd_cl_mlp_pao_if_ortho_geosupport_ovr//ov_i9a2_l01_r0000fdf1_c0000d529,ov_i9a2_l01_r0000fdf1_c0000d529,ov_i9a2_l01_r0000fdf1_c0000d529,c_users_amsgiseeap_appdata_local_temp_arcgisprotemp12292_untitled_sqlserver_amssclgis06_arcgis_aereo_sde_owd_amd_cl_mlp_pao_if_ortho_geosupport_ovr_ov_i9a2_l01_r0000fdf1_c0000d529,ov_i9a2_l01_r0000fdf1_c0000d529,ov_i9a2_l01_r0000fdf1_c0000d529
521,Path,C:\Users\amsgiseeap\AppData\Local\Temp\ArcGISProTemp12292\Untitled\SQLServer-amssclgis06_ArcGIS-Aereo.sde\OWD.AMD_CL_MLP_PAO_IF_Ortho_Geosupport_OVR\\Ov_i9A2_L01_R0000FDF1_C0000D52A,c:/users/amsgiseeap/appdata/local/temp/arcgisprotemp12292/untitled/sqlserver-amssclgis06_arcgis-aereo.sde/owd.amd_cl_mlp_pao_if_ortho_geosupport_ovr//ov_i9a2_l01_r0000fdf1_c0000d52a,ov_i9a2_l01_r0000fdf1_c0000d52a,ov_i9a2_l01_r0000fdf1_c0000d52a,c_users_amsgiseeap_appdata_local_temp_arcgisprotemp12292_untitled_sqlserver_amssclgis06_arcgis_aereo_sde_owd_amd_cl_mlp_pao_if_ortho_geosupport_ovr_ov_i9a2_l01_r0000fdf1_c0000d52a,ov_i9a2_l01_r0000fdf1_c0000d52a,ov_i9a2_l01_r0000fdf1_c0000d52a
522,Path,C:\Users\amsgiseeap\AppData\Local\Temp\ArcGISProTemp12292\Untitled\SQLServer-amssclgis06_ArcGIS-Aereo.sde\OWD.AMD_CL_MLP_PAO_IF_Ortho_Geosupport_OVR\\Ov_i9A2_L01_R0000FDF1_C0000D52B,c:/users/amsgiseeap/appdata/local/temp/arcgisprotemp12292/untitled/sqlserver-amssclgis06_arcgis-aereo.sde/owd.amd_cl_mlp_pao_if_ortho_geosupport_ovr//ov_i9a2_l01_r0000fdf1_c0000d52b,ov_i9a2_l01_r0000fdf1_c0000d52b,ov_i9a2_l01_r0000fdf1_c0000d52b,c_users_amsgiseeap_appdata_local_temp_arcgisprotemp12292_untitled_sqlserver_amssclgis06_arcgis_aereo_sde_owd_amd_cl_mlp_pao_if_ortho_geosupport_ovr_ov_i9a2_l01_r0000fdf1_c0000d52b,ov_i9a2_l01_r0000fdf1_c0000d52b,ov_i9a2_l01_r0000fdf1_c0000d52b
523,Path,C:\Users\amsgiseeap\AppData\Local\Temp\ArcGISProTemp12292\Untitled\SQLServer-amssclgis06_ArcGIS-Aereo.sde\OWD.AMD_CL_MLP_PAO_IF_Ortho_Geosupport_OVR\\Ov_i9A2_L01_R0000FE09_C0000D55D,c:/users/amsgiseeap/appdata/local/temp/arcgisprotemp12292/untitled/sqlserver-amssclgis06_arcgis-aereo.sde/owd.amd_cl_mlp_pao_if_ortho_geosupport_ovr//ov_i9a2_l01_r0000fe09_c0000d55d,ov_i9a2_l01_r0000fe09_c0000d55d,ov_i9a2_l01_r0000fe09_c0000d55d,c_users_amsgiseeap_appdata_local_temp_arcgisprotemp12292_untitled_sqlserver_amssclgis06_arcgis_aereo_sde_owd_amd_cl_mlp_pao_if_ortho_geosupport_ovr_ov_i9a2_l01_r0000fe09_c0000d55d,ov_i9a2_l01_r0000fe09_c0000d55d,ov_i9a2_l01_r0000fe09_c0000d55d
524,Path,C:\Users\amsgiseeap\AppData\Local\Temp\ArcGISProTemp12292\Untitled\SQLServer-amssclgis06_ArcGIS-Aereo.sde\OWD.AMD_CL_MLP_PAO_IF_Ortho_Geosupport_OVR\\Ov_i9A2_L01_R0000FE09_C0000D55E,c:/users/amsgiseeap/appdata/local/temp/arcgisprotemp12292/untitled/sqlserver-amssclgis06_arcgis-aereo.sde/owd.amd_cl_mlp_pao_if_ortho_geosupport_ovr//ov_i9a2_l01_r0000fe09_c0000d55e,ov_i9a2_l01_r0000fe09_c0000d55e,ov_i9a2_l01_r0000fe09_c0000d55e,c_users_amsgiseeap_appdata_local_temp_arcgisprotemp12292_untitled_sqlserver_amssclgis06_arcgis_aereo_sde_owd_amd_cl_mlp_pao_if_ortho_geosupport_ovr_ov_i9a2_l01_r0000fe09_c0000d55e,ov_i9a2_l01_r0000fe09_c0000d55e,ov_i9a2_l01_r0000fe09_c0000d55e
525,Path,C:\Users\amsgiseeap\AppData\Local\Temp\ArcGISProTemp12292\Untitled\SQLServer-amssclgis06_ArcGIS-Aereo.sde\OWD.AMD_CL_MLP_PAO_IF_Ortho_Geosupport_OVR\\Ov_i9A2_L01_R0000FE09_C0000D55F,c:/users/amsgiseeap/appdata/local/temp/arcgisprotemp12292/untitled/sqlserver-amssclgis06_arcgis-aereo.sde/owd.amd_cl_mlp_pao_if_ortho_geosupport_ovr//ov_i9a2_l01_r0000fe09_c0000d55f,ov_i9a2_l01_r0000fe09_c0000d55f,ov_i9a2_l01_r0000fe09_c0000d55f,c_users_amsgiseeap_appdata_local_temp_arcgisprotemp12292_untitled_sqlserver_amssclgis06_arcgis_aereo_sde_owd_amd_cl_mlp_pao_if_ortho_geosupport_ovr_ov_i9a2_l01_r0000fe09_c0000d55f,ov_i9a2_l01_r0000fe09_c0000d55f,ov_i9a2_l01_r0000fe09_c0000d55f
526,Path,C:\Users\amsgiseeap\AppData\Local\Temp\ArcGISProTemp12292\Untitled\SQLServer-amssclgis06_ArcGIS-Aereo.sde\OWD.AMD_CL_MLP_PAO_IF_Ortho_Geosupport_OVR\\Ov_i9A2_L01_R0000FE0A_C0000D560,c:/users/amsgiseeap/appdata/local/temp/arcgisprotemp12292/untitled/sqlserver-amssclgis06_arcgis-aereo.sde/owd.amd_cl_mlp_pao_if_ortho_geosupport_ovr//ov_i9a2_l01_r0000fe0a_c0000d560,ov_i9a2_l01_r0000fe0a_c0000d560,ov_i9a2_l01_r0000fe0a_c0000d560,c_users_amsgiseeap_appdata_local_temp_arcgisprotemp12292_untitled_sqlserver_amssclgis06_arcgis_aereo_sde_owd_amd_cl_mlp_pao_if_ortho_geosupport_ovr_ov_i9a2_l01_r0000fe0a_c0000d560,ov_i9a2_l01_r0000fe0a_c0000d560,ov_i9a2_l01_r0000fe0a_c0000d560
527,Path,C:\Users\amsgiseeap\AppData\Local\Temp\ArcGISProTemp12292\Untitled\SQLServer-amssclgis06_ArcGIS-Aereo.sde\OWD.AMD_CL_MLP_PAO_IF_Ortho_Geosupport_OVR\\Ov_i9A2_L01_R0000FE0A_C0000D561,c:/users/amsgiseeap/appdata/local/temp/arcgisprotemp12292/untitled/sqlserver-amssclgis06_arcgis-aereo.sde/owd.amd_cl_mlp_pao_if_ortho_geosupport_ovr//ov_i9a2_l01_r0000fe0a_c0000d561,ov_i9a2_l01_r0000fe0a_c0000d561,ov_i9a2_l01_r0000fe0a_c0000d561,c_users_amsgiseeap_appdata_local_temp_arcgisprotemp12292_untitled_sqlserver_amssclgis06_arcgis_aereo_sde_owd_amd_cl_mlp_pao_if_ortho_geosupport_ovr_ov_i9a2_l01_r0000fe0a_c0000d561,ov_i9a2_l01_r0000fe0a_c0000d561,ov_i9a2_l01_r0000fe0a_c0000d561
528,Path,C:\Users\amsgiseeap\AppData\Local\Temp\ArcGISProTemp12292\Untitled\SQLServer-amssclgis06_ArcGIS-Aereo.sde\OWD.AMD_CL_MLP_PAO_IF_Ortho_Geosupport_OVR\\Ov_i9A2_L01_R0000FDCC_C0000D57B,c:/users/amsgiseeap/appdata/local/temp/arcgisprotemp12292/untitled/sqlserver-amssclgis06_arcgis-aereo.sde/owd.amd_cl_mlp_pao_if_ortho_geosupport_ovr//ov_i9a2_l01_r0000fdcc_c0000d57b,ov_i9a2_l01_r0000fdcc_c0000d57b,ov_i9a2_l01_r0000fdcc_c0000d57b,c_users_amsgiseeap_appdata_local_temp_arcgisprotemp12292_untitled_sqlserver_amssclgis06_arcgis_aereo_sde_owd_amd_cl_mlp_pao_if_ortho_geosupport_ovr_ov_i9a2_l01_r0000fdcc_c0000d57b,ov_i9a2_l01_r0000fdcc_c0000d57b,ov_i9a2_l01_r0000fdcc_c0000d57b
529,Path,C:\Users\amsgiseeap\AppData\Local\Temp\ArcGISProTemp12292\Untitled\SQLServer-amssclgis06_ArcGIS-Aereo.sde\OWD.AMD_CL_MLP_PAO_IF_Ortho_Geosupport_OVR\\Ov_i9A2_L01_R0000FDCC_C0000D57C,c:/users/amsgiseeap/appdata/local/temp/arcgisprotemp12292/untitled/sqlserver-amssclgis06_arcgis-aereo.sde/owd.amd_cl_mlp_pao_if_ortho_geosupport_ovr//ov_i9a2_l01_r0000fdcc_c0000d57c,ov_i9a2_l01_r0000fdcc_c0000d57c,ov_i9a2_l01_r0000fdcc_c0000d57c,c_users_amsgiseeap_appdata_local_temp_arcgisprotemp12292_untitled_sqlserver_amssclgis06_arcgis_aereo_sde_owd_amd_cl_mlp_pao_if_ortho_geosupport_ovr_ov_i9a2_l01_r0000fdcc_c0000d57c,ov_i9a2_l01_r0000fdcc_c0000d57c,ov_i9a2_l01_r0000fdcc_c0000d57c
530,Path,C:\Users\amsgiseeap\AppData\Local\Temp\ArcGISProTemp12292\Untitled\SQLServer-amssclgis06_ArcGIS-Aereo.sde\OWD.AMD_CL_MLP_PAO_IF_Ortho_Geosupport_OVR\\Ov_i9A2_L01_R0000FDCC_C0000D57D,c:/users/amsgiseeap/appdata/local/temp/arcgisprotemp12292/untitled/sqlserver-amssclgis06_arcgis-aereo.sde/owd.amd_cl_mlp_pao_if_ortho_geosupport_ovr//ov_i9a2_l01_r0000fdcc_c0000d57d,ov_i9a2_l01_r0000fdcc_c0000d57d,ov_i9a2_l01_r0000fdcc_c0000d57d,c_users_amsgiseeap_appdata_local_temp_arcgisprotemp12292_untitled_sqlserver_amssclgis06_arcgis_aereo_sde_owd_amd_cl_mlp_pao_if_ortho_geosupport_ovr_ov_i9a2_l01_r0000fdcc_c0000d57d,ov_i9a2_l01_r0000fdcc_c0000d57d,ov_i9a2_l01_r0000fdcc_c0000d57d
531,Path,C:\Users\amsgiseeap\AppData\Local\Temp\ArcGISProTemp12292\Untitled\SQLServer-amssclgis06_ArcGIS-Aereo.sde\OWD.AMD_CL_MLP_PAO_IF_Ortho_Geosupport_OVR\\Ov_i9A2_L01_R0000FDDC_C0000D581,c:/users/amsgiseeap/appdata/local/temp/arcgisprotemp12292/untitled/sqlserver-amssclgis06_arcgis-aereo.sde/owd.amd_cl_mlp_pao_if_ortho_geosupport_ovr//ov_i9a2_l01_r0000fddc_c0000d581,ov_i9a2_l01_r0000fddc_c0000d581,ov_i9a2_l01_r0000fddc_c0000d581,c_users_amsgiseeap_appdata_local_temp_arcgisprotemp12292_untitled_sqlserver_amssclgis06_arcgis_aereo_sde_owd_amd_cl_mlp_pao_if_ortho_geosupport_ovr_ov_i9a2_l01_r0000fddc_c0000d581,ov_i9a2_l01_r0000fddc_c0000d581,ov_i9a2_l01_r0000fddc_c0000d581
532,Path,C:\Users\amsgiseeap\AppData\Local\Temp\ArcGISProTemp12292\Untitled\SQLServer-amssclgis06_ArcGIS-Aereo.sde\OWD.AMD_CL_MLP_PAO_IF_Ortho_Geosupport_OVR\\Ov_i9A2_L01_R0000FDDC_C0000D582,c:/users/amsgiseeap/appdata/local/temp/arcgisprotemp12292/untitled/sqlserver-amssclgis06_arcgis-aereo.sde/owd.amd_cl_mlp_pao_if_ortho_geosupport_ovr//ov_i9a2_l01_r0000fddc_c0000d582,ov_i9a2_l01_r0000fddc_c0000d582,ov_i9a2_l01_r0000fddc_c0000d582,c_users_amsgiseeap_appdata_local_temp_arcgisprotemp12292_untitled_sqlserver_amssclgis06_arcgis_aereo_sde_owd_amd_cl_mlp_pao_if_ortho_geosupport_ovr_ov_i9a2_l01_r0000fddc_c0000d582,ov_i9a2_l01_r0000fddc_c0000d582,ov_i9a2_l01_r0000fddc_c0000d582
533,Path,C:\Users\amsgiseeap\AppData\Local\Temp\ArcGISProTemp12292\Untitled\SQLServer-amssclgis06_ArcGIS-Aereo.sde\OWD.AMD_CL_MLP_PAO_IF_Ortho_Geosupport_OVR\\Ov_i9A2_L01_R0000FDDC_C0000D583,c:/users/amsgiseeap/appdata/local/temp/arcgisprotemp12292/untitled/sqlserver-amssclgis06_arcgis-aereo.sde/owd.amd_cl_mlp_pao_if_ortho_geosupport_ovr//ov_i9a2_l01_r0000fddc_c0000d583,ov_i9a2_l01_r0000fddc_c0000d583,ov_i9a2_l01_r0000fddc_c0000d583,c_users_amsgiseeap_appdata_local_temp_arcgisprotemp12292_untitled_sqlserver_amssclgis06_arcgis_aereo_sde_owd_amd_cl_mlp_pao_if_ortho_geosupport_ovr_ov_i9a2_l01_r0000fddc_c0000d583,ov_i9a2_l01_r0000fddc_c0000d583,ov_i9a2_l01_r0000fddc_c0000d583
534,Path,C:\Users\amsgiseeap\AppData\Local\Temp\ArcGISProTemp12292\Untitled\SQLServer-amssclgis06_ArcGIS-Aereo.sde\OWD.AMD_CL_MLP_PAO_IF_Ortho_Geosupport_OVR\\Ov_i9A2_L01_R0000FDCD_C0000D57F,c:/users/amsgiseeap/appdata/local/temp/arcgisprotemp12292/untitled/sqlserver-amssclgis06_arcgis-aereo.sde/owd.amd_cl_mlp_pao_if_ortho_geosupport_ovr//ov_i9a2_l01_r0000fdcd_c0000d57f,ov_i9a2_l01_r0000fdcd_c0000d57f,ov_i9a2_l01_r0000fdcd_c0000d57f,c_users_amsgiseeap_appdata_local_temp_arcgisprotemp12292_untitled_sqlserver_amssclgis06_arcgis_aereo_sde_owd_amd_cl_mlp_pao_if_ortho_geosupport_ovr_ov_i9a2_l01_r0000fdcd_c0000d57f,ov_i9a2_l01_r0000fdcd_c0000d57f,ov_i9a2_l01_r0000fdcd_c0000d57f
535,Path,C:\Users\amsgiseeap\AppData\Local\Temp\ArcGISProTemp12292\Untitled\SQLServer-amssclgis06_ArcGIS-Aereo.sde\OWD.AMD_CL_MLP_PAO_IF_Ortho_Geosupport_OVR\\Ov_i9A2_L01_R0000FDCE_C0000D57F,c:/users/amsgiseeap/appdata/local/temp/arcgisprotemp12292/untitled/sqlserver-amssclgis06_arcgis-aereo.sde/owd.amd_cl_mlp_pao_if_ortho_geosupport_ovr//ov_i9a2_l01_r0000fdce_c0000d57f,ov_i9a2_l01_r0000fdce_c0000d57f,ov_i9a2_l01_r0000fdce_c0000d57f,c_users_amsgiseeap_appdata_local_temp_arcgisprotemp12292_untitled_sqlserver_amssclgis06_arcgis_aereo_sde_owd_amd_cl_mlp_pao_if_ortho_geosupport_ovr_ov_i9a2_l01_r0000fdce_c0000d57f,ov_i9a2_l01_r0000fdce_c0000d57f,ov_i9a2_l01_r0000fdce_c0000d57f
536,Path,C:\Users\amsgiseeap\AppData\Local\Temp\ArcGISProTemp12292\Untitled\SQLServer-amssclgis06_ArcGIS-Aereo.sde\OWD.AMD_CL_MLP_PAO_IF_Ortho_Geosupport_OVR\\Ov_i9A2_L01_R0000FDCF_C0000D57F,c:/users/amsgiseeap/appdata/local/temp/arcgisprotemp12292/untitled/sqlserver-amssclgis06_arcgis-aereo.sde/owd.amd_cl_mlp_pao_if_ortho_geosupport_ovr//ov_i9a2_l01_r0000fdcf_c0000d57f,ov_i9a2_l01_r0000fdcf_c0000d57f,ov_i9a2_l01_r0000fdcf_c0000d57f,c_users_amsgiseeap_appdata_local_temp_arcgisprotemp12292_untitled_sqlserver_amssclgis06_arcgis_aereo_sde_owd_amd_cl_mlp_pao_if_ortho_geosupport_ovr_ov_i9a2_l01_r0000fdcf_c0000d57f,ov_i9a2_l01_r0000fdcf_c0000d57f,ov_i9a2_l01_r0000fdcf_c0000d57f
537,Path,C:\Users\amsgiseeap\AppData\Local\Temp\ArcGISProTemp12292\Untitled\SQLServer-amssclgis06_ArcGIS-Aereo.sde\OWD.AMD_CL_MLP_PAO_IF_Ortho_Geosupport_OVR\\Ov_i9A2_L01_R0000FDD0_C0000D57F,c:/users/amsgiseeap/appdata/local/temp/arcgisprotemp12292/untitled/sqlserver-amssclgis06_arcgis-aereo.sde/owd.amd_cl_mlp_pao_if_ortho_geosupport_ovr//ov_i9a2_l01_r0000fdd0_c0000d57f,ov_i9a2_l01_r0000fdd0_c0000d57f,ov_i9a2_l01_r0000fdd0_c0000d57f,c_users_amsgiseeap_appdata_local_temp_arcgisprotemp12292_untitled_sqlserver_amssclgis06_arcgis_aereo_sde_owd_amd_cl_mlp_pao_if_ortho_geosupport_ovr_ov_i9a2_l01_r0000fdd0_c0000d57f,ov_i9a2_l01_r0000fdd0_c0000d57f,ov_i9a2_l01_r0000fdd0_c0000d57f
538,Path,C:\Users\amsgiseeap\AppData\Local\Temp\ArcGISProTemp12292\Untitled\SQLServer-amssclgis06_ArcGIS-Aereo.sde\OWD.AMD_CL_MLP_PAO_IF_Ortho_Geosupport_OVR\\Ov_i9A2_L01_R0000FE04_C0000D587,c:/users/amsgiseeap/appdata/local/temp/arcgisprotemp12292/untitled/sqlserver-amssclgis06_arcgis-aereo.sde/owd.amd_cl_mlp_pao_if_ortho_geosupport_ovr//ov_i9a2_l01_r0000fe04_c0000d587,ov_i9a2_l01_r0000fe04_c0000d587,ov_i9a2_l01_r0000fe04_c0000d587,c_users_amsgiseeap_appdata_local_temp_arcgisprotemp12292_untitled_sqlserver_amssclgis06_arcgis_aereo_sde_owd_amd_cl_mlp_pao_if_ortho_geosupport_ovr_ov_i9a2_l01_r0000fe04_c0000d587,ov_i9a2_l01_r0000fe04_c0000d587,ov_i9a2_l01_r0000fe04_c0000d587
539,Path,C:\Users\amsgiseeap\AppData\Local\Temp\ArcGISProTemp12292\Untitled\SQLServer-amssclgis06_ArcGIS-Aereo.sde\OWD.AMD_CL_MLP_PAO_IF_Ortho_Geosupport_OVR\\Ov_i9A2_L01_R0000FE05_C0000D587,c:/users/amsgiseeap/appdata/local/temp/arcgisprotemp12292/untitled/sqlserver-amssclgis06_arcgis-aereo.sde/owd.amd_cl_mlp_pao_if_ortho_geosupport_ovr//ov_i9a2_l01_r0000fe05_c0000d587,ov_i9a2_l01_r0000fe05_c0000d587,ov_i9a2_l01_r0000fe05_c0000d587,c_users_amsgiseeap_appdata_local_temp_arcgisprotemp12292_untitled_sqlserver_amssclgis06_arcgis_aereo_sde_owd_amd_cl_mlp_pao_if_ortho_geosupport_ovr_ov_i9a2_l01_r0000fe05_c0000d587,ov_i9a2_l01_r0000fe05_c0000d587,ov_i9a2_l01_r0000fe05_c0000d587
540,Path,C:\Users\amsgiseeap\AppData\Local\Temp\ArcGISProTemp12292\Untitled\SQLServer-amssclgis06_ArcGIS-Aereo.sde\OWD.AMD_CL_MLP_PAO_IF_Ortho_Geosupport_OVR\\Ov_i9A2_L01_R0000FE06_C0000D587,c:/users/amsgiseeap/appdata/local/temp/arcgisprotemp12292/untitled/sqlserver-amssclgis06_arcgis-aereo.sde/owd.amd_cl_mlp_pao_if_ortho_geosupport_ovr//ov_i9a2_l01_r0000fe06_c0000d587,ov_i9a2_l01_r0000fe06_c0000d587,ov_i9a2_l01_r0000fe06_c0000d587,c_users_amsgiseeap_appdata_local_temp_arcgisprotemp12292_untitled_sqlserver_amssclgis06_arcgis_aereo_sde_owd_amd_cl_mlp_pao_if_ortho_geosupport_ovr_ov_i9a2_l01_r0000fe06_c0000d587,ov_i9a2_l01_r0000fe06_c0000d587,ov_i9a2_l01_r0000fe06_c0000d587
541,Path,C:\Users\amsgiseeap\AppData\Local\Temp\ArcGISProTemp12292\Untitled\SQLServer-amssclgis06_ArcGIS-Aereo.sde\OWD.AMD_CL_MLP_PAO_IF_Ortho_Geosupport_OVR\\Ov_i9A2_L01_R0000FE07_C0000D587,c:/users/amsgiseeap/appdata/local/temp/arcgisprotemp12292/untitled/sqlserver-amssclgis06_arcgis-aereo.sde/owd.amd_cl_mlp_pao_if_ortho_geosupport_ovr//ov_i9a2_l01_r0000fe07_c0000d587,ov_i9a2_l01_r0000fe07_c0000d587,ov_i9a2_l01_r0000fe07_c0000d587,c_users_amsgiseeap_appdata_local_temp_arcgisprotemp12292_untitled_sqlserver_amssclgis06_arcgis_aereo_sde_owd_amd_cl_mlp_pao_if_ortho_geosupport_ovr_ov_i9a2_l01_r0000fe07_c0000d587,ov_i9a2_l01_r0000fe07_c0000d587,ov_i9a2_l01_r0000fe07_c0000d587
542,Path,C:\Users\amsgiseeap\AppData\Local\Temp\ArcGISProTemp12292\Untitled\SQLServer-amssclgis06_ArcGIS-Aereo.sde\OWD.AMD_CL_MLP_PAO_IF_Ortho_Geosupport_OVR\\Ov_i9A2_L01_R0000FE08_C0000D587,c:/users/amsgiseeap/appdata/local/temp/arcgisprotemp12292/untitled/sqlserver-amssclgis06_arcgis-aereo.sde/owd.amd_cl_mlp_pao_if_ortho_geosupport_ovr//ov_i9a2_l01_r0000fe08_c0000d587,ov_i9a2_l01_r0000fe08_c0000d587,ov_i9a2_l01_r0000fe08_c0000d587,c_users_amsgiseeap_appdata_local_temp_arcgisprotemp12292_untitled_sqlserver_amssclgis06_arcgis_aereo_sde_owd_amd_cl_mlp_pao_if_ortho_geosupport_ovr_ov_i9a2_l01_r0000fe08_c0000d587,ov_i9a2_l01_r0000fe08_c0000d587,ov_i9a2_l01_r0000fe08_c0000d587
543,Path,C:\Users\amsgiseeap\AppData\Local\Temp\ArcGISProTemp12292\Untitled\SQLServer-amssclgis06_ArcGIS-Aereo.sde\OWD.AMD_CL_MLP_PAO_IF_Ortho_Geosupport_OVR\\Ov_i9A2_L01_R0000FE09_C0000D588,c:/users/amsgiseeap/appdata/local/temp/arcgisprotemp12292/untitled/sqlserver-amssclgis06_arcgis-aereo.sde/owd.amd_cl_mlp_pao_if_ortho_geosupport_ovr//ov_i9a2_l01_r0000fe09_c0000d588,ov_i9a2_l01_r0000fe09_c0000d588,ov_i9a2_l01_r0000fe09_c0000d588,c_users_amsgiseeap_appdata_local_temp_arcgisprotemp12292_untitled_sqlserver_amssclgis06_arcgis_aereo_sde_owd_amd_cl_mlp_pao_if_ortho_geosupport_ovr_ov_i9a2_l01_r0000fe09_c0000d588,ov_i9a2_l01_r0000fe09_c0000d588,ov_i9a2_l01_r0000fe09_c0000d588
544,Path,C:\Users\amsgiseeap\AppData\Local\Temp\ArcGISProTemp12292\Untitled\SQLServer-amssclgis06_ArcGIS-Aereo.sde\OWD.AMD_CL_MLP_PAO_IF_Ortho_Geosupport_OVR\\Ov_i9A2_L01_R0000FE09_C0000D589,c:/users/amsgiseeap/appdata/local/temp/arcgisprotemp12292/untitled/sqlserver-amssclgis06_arcgis-aereo.sde/owd.amd_cl_mlp_pao_if_ortho_geosupport_ovr//ov_i9a2_l01_r0000fe09_c0000d589,ov_i9a2_l01_r0000fe09_c0000d589,ov_i9a2_l01_r0000fe09_c0000d589,c_users_amsgiseeap_appdata_local_temp_arcgisprotemp12292_untitled_sqlserver_amssclgis06_arcgis_aereo_sde_owd_amd_cl_mlp_pao_if_ortho_geosupport_ovr_ov_i9a2_l01_r0000fe09_c0000d589,ov_i9a2_l01_r0000fe09_c0000d589,ov_i9a2_l01_r0000fe09_c0000d589
545,Path,C:\Users\amsgiseeap\AppData\Local\Temp\ArcGISProTemp12292\Untitled\SQLServer-amssclgis06_ArcGIS-Aereo.sde\OWD.AMD_CL_MLP_PAO_IF_Ortho_Geosupport_OVR\\Ov_i9A2_L01_R0000FDFE_C0000D587,c:/users/amsgiseeap/appdata/local/temp/arcgisprotemp12292/untitled/sqlserver-amssclgis06_arcgis-aereo.sde/owd.amd_cl_mlp_pao_if_ortho_geosupport_ovr//ov_i9a2_l01_r0000fdfe_c0000d587,ov_i9a2_l01_r0000fdfe_c0000d587,ov_i9a2_l01_r0000fdfe_c0000d587,c_users_amsgiseeap_appdata_local_temp_arcgisprotemp12292_untitled_sqlserver_amssclgis06_arcgis_aereo_sde_owd_amd_cl_mlp_pao_if_ortho_geosupport_ovr_ov_i9a2_l01_r0000fdfe_c0000d587,ov_i9a2_l01_r0000fdfe_c0000d587,ov_i9a2_l01_r0000fdfe_c0000d587
546,Path,C:\Users\amsgiseeap\AppData\Local\Temp\ArcGISProTemp12292\Untitled\SQLServer-amssclgis06_ArcGIS-Aereo.sde\OWD.AMD_CL_MLP_PAO_IF_Ortho_Geosupport_OVR\\Ov_i9A2_L01_R0000FDFF_C0000D587,c:/users/amsgiseeap/appdata/local/temp/arcgisprotemp12292/untitled/sqlserver-amssclgis06_arcgis-aereo.sde/owd.amd_cl_mlp_pao_if_ortho_geosupport_ovr//ov_i9a2_l01_r0000fdff_c0000d587,ov_i9a2_l01_r0000fdff_c0000d587,ov_i9a2_l01_r0000fdff_c0000d587,c_users_amsgiseeap_appdata_local_temp_arcgisprotemp12292_untitled_sqlserver_amssclgis06_arcgis_aereo_sde_owd_amd_cl_mlp_pao_if_ortho_geosupport_ovr_ov_i9a2_l01_r0000fdff_c0000d587,ov_i9a2_l01_r0000fdff_c0000d587,ov_i9a2_l01_r0000fdff_c0000d587
547,Path,C:\Users\amsgiseeap\AppData\Local\Temp\ArcGISProTemp12292\Untitled\SQLServer-amssclgis06_ArcGIS-Aereo.sde\OWD.AMD_CL_MLP_PAO_IF_Ortho_Geosupport_OVR\\Ov_i9A2_L01_R0000FE00_C0000D587,c:/users/amsgiseeap/appdata/local/temp/arcgisprotemp12292/untitled/sqlserver-amssclgis06_arcgis-aereo.sde/owd.amd_cl_mlp_pao_if_ortho_geosupport_ovr//ov_i9a2_l01_r0000fe00_c0000d587,ov_i9a2_l01_r0000fe00_c0000d587,ov_i9a2_l01_r0000fe00_c0000d587,c_users_amsgiseeap_appdata_local_temp_arcgisprotemp12292_untitled_sqlserver_amssclgis06_arcgis_aereo_sde_owd_amd_cl_mlp_pao_if_ortho_geosupport_ovr_ov_i9a2_l01_r0000fe00_c0000d587,ov_i9a2_l01_r0000fe00_c0000d587,ov_i9a2_l01_r0000fe00_c0000d587
548,Path,C:\Users\amsgiseeap\AppData\Local\Temp\ArcGISProTemp12292\Untitled\SQLServer-amssclgis06_ArcGIS-Aereo.sde\OWD.AMD_CL_MLP_PAO_IF_Ortho_Geosupport_OVR\\Ov_i9A2_L01_R0000FDFE_C0000D548,c:/users/amsgiseeap/appdata/local/temp/arcgisprotemp12292/untitled/sqlserver-amssclgis06_arcgis-aereo.sde/owd.amd_cl_mlp_pao_if_ortho_geosupport_ovr//ov_i9a2_l01_r0000fdfe_c0000d548,ov_i9a2_l01_r0000fdfe_c0000d548,ov_i9a2_l01_r0000fdfe_c0000d548,c_users_amsgiseeap_appdata_local_temp_arcgisprotemp12292_untitled_sqlserver_amssclgis06_arcgis_aereo_sde_owd_amd_cl_mlp_pao_if_ortho_geosupport_ovr_ov_i9a2_l01_r0000fdfe_c0000d548,ov_i9a2_l01_r0000fdfe_c0000d548,ov_i9a2_l01_r0000fdfe_c0000d548
549,Path,C:\Users\amsgiseeap\AppData\Local\Temp\ArcGISProTemp12292\Untitled\SQLServer-amssclgis06_ArcGIS-Aereo.sde\OWD.AMD_CL_MLP_PAO_IF_Ortho_Geosupport_OVR\\Ov_i9A2_L01_R0000FE07_C0000D546,c:/users/amsgiseeap/appdata/local/temp/arcgisprotemp12292/untitled/sqlserver-amssclgis06_arcgis-aereo.sde/owd.amd_cl_mlp_pao_if_ortho_geosupport_ovr//ov_i9a2_l01_r0000fe07_c0000d546,ov_i9a2_l01_r0000fe07_c0000d546,ov_i9a2_l01_r0000fe07_c0000d546,c_users_amsgiseeap_appdata_local_temp_arcgisprotemp12292_untitled_sqlserver_amssclgis06_arcgis_aereo_sde_owd_amd_cl_mlp_pao_if_ortho_geosupport_ovr_ov_i9a2_l01_r0000fe07_c0000d546,ov_i9a2_l01_r0000fe07_c0000d546,ov_i9a2_l01_r0000fe07_c0000d546
550,Path,C:\Users\amsgiseeap\AppData\Local\Temp\ArcGISProTemp12292\Untitled\SQLServer-amssclgis06_ArcGIS-Aereo.sde\OWD.AMD_CL_MLP_PAO_IF_Ortho_Geosupport_OVR\\Ov_i9A2_L01_R0000FE07_C0000D547,c:/users/amsgiseeap/appdata/local/temp/arcgisprotemp12292/untitled/sqlserver-amssclgis06_arcgis-aereo.sde/owd.amd_cl_mlp_pao_if_ortho_geosupport_ovr//ov_i9a2_l01_r0000fe07_c0000d547,ov_i9a2_l01_r0000fe07_c0000d547,ov_i9a2_l01_r0000fe07_c0000d547,c_users_amsgiseeap_appdata_local_temp_arcgisprotemp12292_untitled_sqlserver_amssclgis06_arcgis_aereo_sde_owd_amd_cl_mlp_pao_if_ortho_geosupport_ovr_ov_i9a2_l01_r0000fe07_c0000d547,ov_i9a2_l01_r0000fe07_c0000d547,ov_i9a2_l01_r0000fe07_c0000d547
551,Path,C:\Users\amsgiseeap\AppData\Local\Temp\ArcGISProTemp12292\Untitled\SQLServer-amssclgis06_ArcGIS-Aereo.sde\OWD.AMD_CL_MLP_PAO_IF_Ortho_Geosupport_OVR\\Ov_i9A2_L01_R0000FDFF_C0000D548,c:/users/amsgiseeap/appdata/local/temp/arcgisprotemp12292/untitled/sqlserver-amssclgis06_arcgis-aereo.sde/owd.amd_cl_mlp_pao_if_ortho_geosupport_ovr//ov_i9a2_l01_r0000fdff_c0000d548,ov_i9a2_l01_r0000fdff_c0000d548,ov_i9a2_l01_r0000fdff_c0000d548,c_users_amsgiseeap_appdata_local_temp_arcgisprotemp12292_untitled_sqlserver_amssclgis06_arcgis_aereo_sde_owd_amd_cl_mlp_pao_if_ortho_geosupport_ovr_ov_i9a2_l01_r0000fdff_c0000d548,ov_i9a2_l01_r0000fdff_c0000d548,ov_i9a2_l01_r0000fdff_c0000d548
552,Path,C:\Users\amsgiseeap\AppData\Local\Temp\ArcGISProTemp12292\Untitled\SQLServer-amssclgis06_ArcGIS-Aereo.sde\OWD.AMD_CL_MLP_PAO_IF_Ortho_Geosupport_OVR\\Ov_i9A2_L01_R0000FE00_C0000D548,c:/users/amsgiseeap/appdata/local/temp/arcgisprotemp12292/untitled/sqlserver-amssclgis06_arcgis-aereo.sde/owd.amd_cl_mlp_pao_if_ortho_geosupport_ovr//ov_i9a2_l01_r0000fe00_c0000d548,ov_i9a2_l01_r0000fe00_c0000d548,ov_i9a2_l01_r0000fe00_c0000d548,c_users_amsgiseeap_appdata_local_temp_arcgisprotemp12292_untitled_sqlserver_amssclgis06_arcgis_aereo_sde_owd_amd_cl_mlp_pao_if_ortho_geosupport_ovr_ov_i9a2_l01_r0000fe00_c0000d548,ov_i9a2_l01_r0000fe00_c0000d548,ov_i9a2_l01_r0000fe00_c0000d548
553,Path,C:\Users\amsgiseeap\AppData\Local\Temp\ArcGISProTemp12292\Untitled\SQLServer-amssclgis06_ArcGIS-Aereo.sde\OWD.AMD_CL_MLP_PAO_IF_Ortho_Geosupport_OVR\\Ov_i9A2_L01_R0000FDDC_C0000D57F,c:/users/amsgiseeap/appdata/local/temp/arcgisprotemp12292/untitled/sqlserver-amssclgis06_arcgis-aereo.sde/owd.amd_cl_mlp_pao_if_ortho_geosupport_ovr//ov_i9a2_l01_r0000fddc_c0000d57f,ov_i9a2_l01_r0000fddc_c0000d57f,ov_i9a2_l01_r0000fddc_c0000d57f,c_users_amsgiseeap_appdata_local_temp_arcgisprotemp12292_untitled_sqlserver_amssclgis06_arcgis_aereo_sde_owd_amd_cl_mlp_pao_if_ortho_geosupport_ovr_ov_i9a2_l01_r0000fddc_c0000d57f,ov_i9a2_l01_r0000fddc_c0000d57f,ov_i9a2_l01_r0000fddc_c0000d57f
554,Path,C:\Users\amsgiseeap\AppData\Local\Temp\ArcGISProTemp12292\Untitled\SQLServer-amssclgis06_ArcGIS-Aereo.sde\OWD.AMD_CL_MLP_PAO_IF_Ortho_Geosupport_OVR\\Ov_i9A2_L01_R0000FE0B_C0000D560,c:/users/amsgiseeap/appdata/local/temp/arcgisprotemp12292/untitled/sqlserver-amssclgis06_arcgis-aereo.sde/owd.amd_cl_mlp_pao_if_ortho_geosupport_ovr//ov_i9a2_l01_r0000fe0b_c0000d560,ov_i9a2_l01_r0000fe0b_c0000d560,ov_i9a2_l01_r0000fe0b_c0000d560,c_users_amsgiseeap_appdata_local_temp_arcgisprotemp12292_untitled_sqlserver_amssclgis06_arcgis_aereo_sde_owd_amd_cl_mlp_pao_if_ortho_geosupport_ovr_ov_i9a2_l01_r0000fe0b_c0000d560,ov_i9a2_l01_r0000fe0b_c0000d560,ov_i9a2_l01_r0000fe0b_c0000d560
555,Path,C:\Users\amsgiseeap\AppData\Local\Temp\ArcGISProTemp12292\Untitled\SQLServer-amssclgis06_ArcGIS-Aereo.sde\OWD.AMD_CL_MLP_PAO_IF_Ortho_Geosupport_OVR\\Ov_i9A2_L01_R0000FE0B_C0000D561,c:/users/amsgiseeap/appdata/local/temp/arcgisprotemp12292/untitled/sqlserver-amssclgis06_arcgis-aereo.sde/owd.amd_cl_mlp_pao_if_ortho_geosupport_ovr//ov_i9a2_l01_r0000fe0b_c0000d561,ov_i9a2_l01_r0000fe0b_c0000d561,ov_i9a2_l01_r0000fe0b_c0000d561,c_users_amsgiseeap_appdata_local_temp_arcgisprotemp12292_untitled_sqlserver_amssclgis06_arcgis_aereo_sde_owd_amd_cl_mlp_pao_if_ortho_geosupport_ovr_ov_i9a2_l01_r0000fe0b_c0000d561,ov_i9a2_l01_r0000fe0b_c0000d561,ov_i9a2_l01_r0000fe0b_c0000d561
556,Path,C:\Users\amsgiseeap\AppData\Local\Temp\ArcGISProTemp12292\Untitled\SQLServer-amssclgis06_ArcGIS-Aereo.sde\OWD.AMD_CL_MLP_PAO_IF_Ortho_Geosupport_OVR\\Ov_i9A2_L01_R0000FE0C_C0000D560,c:/users/amsgiseeap/appdata/local/temp/arcgisprotemp12292/untitled/sqlserver-amssclgis06_arcgis-aereo.sde/owd.amd_cl_mlp_pao_if_ortho_geosupport_ovr//ov_i9a2_l01_r0000fe0c_c0000d560,ov_i9a2_l01_r0000fe0c_c0000d560,ov_i9a2_l01_r0000fe0c_c0000d560,c_users_amsgiseeap_appdata_local_temp_arcgisprotemp12292_untitled_sqlserver_amssclgis06_arcgis_aereo_sde_owd_amd_cl_mlp_pao_if_ortho_geosupport_ovr_ov_i9a2_l01_r0000fe0c_c0000d560,ov_i9a2_l01_r0000fe0c_c0000d560,ov_i9a2_l01_r0000fe0c_c0000d560
557,Path,C:\Users\amsgiseeap\AppData\Local\Temp\ArcGISProTemp12292\Untitled\SQLServer-amssclgis06_ArcGIS-Aereo.sde\OWD.AMD_CL_MLP_PAO_IF_Ortho_Geosupport_OVR\\Ov_i9A2_L01_R0000FE0D_C0000D552,c:/users/amsgiseeap/appdata/local/temp/arcgisprotemp12292/untitled/sqlserver-amssclgis06_arcgis-aereo.sde/owd.amd_cl_mlp_pao_if_ortho_geosupport_ovr//ov_i9a2_l01_r0000fe0d_c0000d552,ov_i9a2_l01_r0000fe0d_c0000d552,ov_i9a2_l01_r0000fe0d_c0000d552,c_users_amsgiseeap_appdata_local_temp_arcgisprotemp12292_untitled_sqlserver_amssclgis06_arcgis_aereo_sde_owd_amd_cl_mlp_pao_if_ortho_geosupport_ovr_ov_i9a2_l01_r0000fe0d_c0000d552,ov_i9a2_l01_r0000fe0d_c0000d552,ov_i9a2_l01_r0000fe0d_c0000d552
558,Path,C:\Users\amsgiseeap\AppData\Local\Temp\ArcGISProTemp12292\Untitled\SQLServer-amssclgis06_ArcGIS-Aereo.sde\OWD.AMD_CL_MLP_PAO_IF_Ortho_Geosupport_OVR\\Ov_i9A2_L01_R0000FE0D_C0000D554,c:/users/amsgiseeap/appdata/local/temp/arcgisprotemp12292/untitled/sqlserver-amssclgis06_arcgis-aereo.sde/owd.amd_cl_mlp_pao_if_ortho_geosupport_ovr//ov_i9a2_l01_r0000fe0d_c0000d554,ov_i9a2_l01_r0000fe0d_c0000d554,ov_i9a2_l01_r0000fe0d_c0000d554,c_users_amsgiseeap_appdata_local_temp_arcgisprotemp12292_untitled_sqlserver_amssclgis06_arcgis_aereo_sde_owd_amd_cl_mlp_pao_if_ortho_geosupport_ovr_ov_i9a2_l01_r0000fe0d_c0000d554,ov_i9a2_l01_r0000fe0d_c0000d554,ov_i9a2_l01_r0000fe0d_c0000d554
559,Path,C:\Users\amsgiseeap\AppData\Local\Temp\ArcGISProTemp12292\Untitled\SQLServer-amssclgis06_ArcGIS-Aereo.sde\OWD.AMD_CL_MLP_PAO_IF_Ortho_Geosupport_OVR\\Ov_i9A2_L01_R0000FDCC_C0000D57E,c:/users/amsgiseeap/appdata/local/temp/arcgisprotemp12292/untitled/sqlserver-amssclgis06_arcgis-aereo.sde/owd.amd_cl_mlp_pao_if_ortho_geosupport_ovr//ov_i9a2_l01_r0000fdcc_c0000d57e,ov_i9a2_l01_r0000fdcc_c0000d57e,ov_i9a2_l01_r0000fdcc_c0000d57e,c_users_amsgiseeap_appdata_local_temp_arcgisprotemp12292_untitled_sqlserver_amssclgis06_arcgis_aereo_sde_owd_amd_cl_mlp_pao_if_ortho_geosupport_ovr_ov_i9a2_l01_r0000fdcc_c0000d57e,ov_i9a2_l01_r0000fdcc_c0000d57e,ov_i9a2_l01_r0000fdcc_c0000d57e
560,Path,C:\Users\amsgiseeap\AppData\Local\Temp\ArcGISProTemp12292\Untitled\SQLServer-amssclgis06_ArcGIS-Aereo.sde\OWD.AMD_CL_MLP_PAO_IF_Ortho_Geosupport_OVR\\Ov_i9A2_L01_R0000FDCC_C0000D57F,c:/users/amsgiseeap/appdata/local/temp/arcgisprotemp12292/untitled/sqlserver-amssclgis06_arcgis-aereo.sde/owd.amd_cl_mlp_pao_if_ortho_geosupport_ovr//ov_i9a2_l01_r0000fdcc_c0000d57f,ov_i9a2_l01_r0000fdcc_c0000d57f,ov_i9a2_l01_r0000fdcc_c0000d57f,c_users_amsgiseeap_appdata_local_temp_arcgisprotemp12292_untitled_sqlserver_amssclgis06_arcgis_aereo_sde_owd_amd_cl_mlp_pao_if_ortho_geosupport_ovr_ov_i9a2_l01_r0000fdcc_c0000d57f,ov_i9a2_l01_r0000fdcc_c0000d57f,ov_i9a2_l01_r0000fdcc_c0000d57f
561,Path,C:\Users\amsgiseeap\AppData\Local\Temp\ArcGISProTemp12292\Untitled\SQLServer-amssclgis06_ArcGIS-Aereo.sde\OWD.AMD_CL_MLP_PAO_IF_Ortho_Geosupport_OVR\\Ov_i9A2_L01_R0000FDCC_C0000D57A,c:/users/amsgiseeap/appdata/local/temp/arcgisprotemp12292/untitled/sqlserver-amssclgis06_arcgis-aereo.sde/owd.amd_cl_mlp_pao_if_ortho_geosupport_ovr//ov_i9a2_l01_r0000fdcc_c0000d57a,ov_i9a2_l01_r0000fdcc_c0000d57a,ov_i9a2_l01_r0000fdcc_c0000d57a,c_users_amsgiseeap_appdata_local_temp_arcgisprotemp12292_untitled_sqlserver_amssclgis06_arcgis_aereo_sde_owd_amd_cl_mlp_pao_if_ortho_geosupport_ovr_ov_i9a2_l01_r0000fdcc_c0000d57a,ov_i9a2_l01_r0000fdcc_c0000d57a,ov_i9a2_l01_r0000fdcc_c0000d57a
562,Path,C:\Users\amsgiseeap\AppData\Local\Temp\ArcGISProTemp12292\Untitled\SQLServer-amssclgis06_ArcGIS-Aereo.sde\OWD.AMD_CL_MLP_PAO_IF_Ortho_Geosupport_OVR\\Ov_i9A2_L01_R0000FEA6_C0000D716,c:/users/amsgiseeap/appdata/local/temp/arcgisprotemp12292/untitled/sqlserver-amssclgis06_arcgis-aereo.sde/owd.amd_cl_mlp_pao_if_ortho_geosupport_ovr//ov_i9a2_l01_r0000fea6_c0000d716,ov_i9a2_l01_r0000fea6_c0000d716,ov_i9a2_l01_r0000fea6_c0000d716,c_users_amsgiseeap_appdata_local_temp_arcgisprotemp12292_untitled_sqlserver_amssclgis06_arcgis_aereo_sde_owd_amd_cl_mlp_pao_if_ortho_geosupport_ovr_ov_i9a2_l01_r0000fea6_c0000d716,ov_i9a2_l01_r0000fea6_c0000d716,ov_i9a2_l01_r0000fea6_c0000d716
563,Path,C:\Users\amsgiseeap\AppData\Local\Temp\ArcGISProTemp12292\Untitled\SQLServer-amssclgis06_ArcGIS-Aereo.sde\OWD.AMD_CL_MLP_PAO_IF_Ortho_Geosupport_OVR\\Ov_i9A2_L01_R0000FE09_C0000D58A,c:/users/amsgiseeap/appdata/local/temp/arcgisprotemp12292/untitled/sqlserver-amssclgis06_arcgis-aereo.sde/owd.amd_cl_mlp_pao_if_ortho_geosupport_ovr//ov_i9a2_l01_r0000fe09_c0000d58a,ov_i9a2_l01_r0000fe09_c0000d58a,ov_i9a2_l01_r0000fe09_c0000d58a,c_users_amsgiseeap_appdata_local_temp_arcgisprotemp12292_untitled_sqlserver_amssclgis06_arcgis_aereo_sde_owd_amd_cl_mlp_pao_if_ortho_geosupport_ovr_ov_i9a2_l01_r0000fe09_c0000d58a,ov_i9a2_l01_r0000fe09_c0000d58a,ov_i9a2_l01_r0000fe09_c0000d58a
564,Path,C:\Users\amsgiseeap\AppData\Local\Temp\ArcGISProTemp12292\Untitled\SQLServer-amssclgis06_ArcGIS-Aereo.sde\OWD.AMD_CL_MLP_PAO_IF_Ortho_Geosupport_OVR\\Ov_i9A2_L01_R0000FE09_C0000D560,c:/users/amsgiseeap/appdata/local/temp/arcgisprotemp12292/untitled/sqlserver-amssclgis06_arcgis-aereo.sde/owd.amd_cl_mlp_pao_if_ortho_geosupport_ovr//ov_i9a2_l01_r0000fe09_c0000d560,ov_i9a2_l01_r0000fe09_c0000d560,ov_i9a2_l01_r0000fe09_c0000d560,c_users_amsgiseeap_appdata_local_temp_arcgisprotemp12292_untitled_sqlserver_amssclgis06_arcgis_aereo_sde_owd_amd_cl_mlp_pao_if_ortho_geosupport_ovr_ov_i9a2_l01_r0000fe09_c0000d560,ov_i9a2_l01_r0000fe09_c0000d560,ov_i9a2_l01_r0000fe09_c0000d560
565,Path,C:\Users\amsgiseeap\AppData\Local\Temp\ArcGISProTemp12292\Untitled\SQLServer-amssclgis06_ArcGIS-Aereo.sde\OWD.AMD_CL_MLP_PAO_IF_Ortho_Geosupport_OVR\\Ov_i9A2_L01_R0000FDF7_C0000D507,c:/users/amsgiseeap/appdata/local/temp/arcgisprotemp12292/untitled/sqlserver-amssclgis06_arcgis-aereo.sde/owd.amd_cl_mlp_pao_if_ortho_geosupport_ovr//ov_i9a2_l01_r0000fdf7_c0000d507,ov_i9a2_l01_r0000fdf7_c0000d507,ov_i9a2_l01_r0000fdf7_c0000d507,c_users_amsgiseeap_appdata_local_temp_arcgisprotemp12292_untitled_sqlserver_amssclgis06_arcgis_aereo_sde_owd_amd_cl_mlp_pao_if_ortho_geosupport_ovr_ov_i9a2_l01_r0000fdf7_c0000d507,ov_i9a2_l01_r0000fdf7_c0000d507,ov_i9a2_l01_r0000fdf7_c0000d507
566,Path,C:\Users\amsgiseeap\AppData\Local\Temp\ArcGISProTemp12292\Untitled\SQLServer-amssclgis06_ArcGIS-Aereo.sde\OWD.AMD_CL_MLP_PAO_IF_Ortho_Geosupport_OVR\\Ov_i9A2_L01_R0000FEA6_C0000D714,c:/users/amsgiseeap/appdata/local/temp/arcgisprotemp12292/untitled/sqlserver-amssclgis06_arcgis-aereo.sde/owd.amd_cl_mlp_pao_if_ortho_geosupport_ovr//ov_i9a2_l01_r0000fea6_c0000d714,ov_i9a2_l01_r0000fea6_c0000d714,ov_i9a2_l01_r0000fea6_c0000d714,c_users_amsgiseeap_appdata_local_temp_arcgisprotemp12292_untitled_sqlserver_amssclgis06_arcgis_aereo_sde_owd_amd_cl_mlp_pao_if_ortho_geosupport_ovr_ov_i9a2_l01_r0000fea6_c0000d714,ov_i9a2_l01_r0000fea6_c0000d714,ov_i9a2_l01_r0000fea6_c0000d714
567,Path,\\amssclgis10.ams.gmams.cl\CL_MLP_PAO\El_Mauro_Drone\26_04\CL_MLP_PAO_IF_Ortho_26_04_11_Camino_Alternativo_Salamanca.tif,//amssclgis10.ams.gmams.cl/cl_mlp_pao/el_mauro_drone/26_04/cl_mlp_pao_if_ortho_26_04_11_camino_alternativo_salamanca.tif,cl_mlp_pao_if_ortho_26_04_11_camino_alternativo_salamanca.tif,cl_mlp_pao_if_ortho_26_04_11_camino_alternativo_salamanca,amssclgis10_ams_gmams_cl_cl_mlp_pao_el_mauro_drone_26_04_cl_mlp_pao_if_ortho_26_04_11_camino_alternativo_salamanca_tif,cl_mlp_pao_if_ortho_26_04_11_camino_alternativo_salamanca_tif,cl_mlp_pao_if_ortho_26_04_11_camino_alternativo_salamanca
568,Path,\\amssclgis10.ams.gmams.cl\CL_MLP_PAO\El_Mauro_Drone\26_04\CL_MLP_PAO_IF_Ortho_26_04_16_Camino_Alternativo_Salamanca.tif,//amssclgis10.ams.gmams.cl/cl_mlp_pao/el_mauro_drone/26_04/cl_mlp_pao_if_ortho_26_04_16_camino_alternativo_salamanca.tif,cl_mlp_pao_if_ortho_26_04_16_camino_alternativo_salamanca.tif,cl_mlp_pao_if_ortho_26_04_16_camino_alternativo_salamanca,amssclgis10_ams_gmams_cl_cl_mlp_pao_el_mauro_drone_26_04_cl_mlp_pao_if_ortho_26_04_16_camino_alternativo_salamanca_tif,cl_mlp_pao_if_ortho_26_04_16_camino_alternativo_salamanca_tif,cl_mlp_pao_if_ortho_26_04_16_camino_alternativo_salamanca
569,Path,\\amssclgis10.ams.gmams.cl\CL_MLP_PAO\El_Mauro_Drone\26_04\CL_MLP_PAO_IF_Ortho_26_04_02_Camino_Alternativo_Salamanca.tif,//amssclgis10.ams.gmams.cl/cl_mlp_pao/el_mauro_drone/26_04/cl_mlp_pao_if_ortho_26_04_02_camino_alternativo_salamanca.tif,cl_mlp_pao_if_ortho_26_04_02_camino_alternativo_salamanca.tif,cl_mlp_pao_if_ortho_26_04_02_camino_alternativo_salamanca,amssclgis10_ams_gmams_cl_cl_mlp_pao_el_mauro_drone_26_04_cl_mlp_pao_if_ortho_26_04_02_camino_alternativo_salamanca_tif,cl_mlp_pao_if_ortho_26_04_02_camino_alternativo_salamanca_tif,cl_mlp_pao_if_ortho_26_04_02_camino_alternativo_salamanca
570,Path,\\amssclgis10.ams.gmams.cl\CL_MLP_PAO\El_Mauro_Drone\26_03_21\CL_MLP_PAO_IF_Ortho_26_03_21_Camino_Alternativo_Salamanca.tif,//amssclgis10.ams.gmams.cl/cl_mlp_pao/el_mauro_drone/26_03_21/cl_mlp_pao_if_ortho_26_03_21_camino_alternativo_salamanca.tif,cl_mlp_pao_if_ortho_26_03_21_camino_alternativo_salamanca.tif,cl_mlp_pao_if_ortho_26_03_21_camino_alternativo_salamanca,amssclgis10_ams_gmams_cl_cl_mlp_pao_el_mauro_drone_26_03_21_cl_mlp_pao_if_ortho_26_03_21_camino_alternativo_salamanca_tif,cl_mlp_pao_if_ortho_26_03_21_camino_alternativo_salamanca_tif,cl_mlp_pao_if_ortho_26_03_21_camino_alternativo_salamanca
571,Path,\\amssclgis10.ams.gmams.cl\CL_MLP_PAO\El_Mauro_Drone\26_05\CL_MLP_PAO_IF_Ortho_26_05_03_Camino_Alternativo_Salamanca.tif,//amssclgis10.ams.gmams.cl/cl_mlp_pao/el_mauro_drone/26_05/cl_mlp_pao_if_ortho_26_05_03_camino_alternativo_salamanca.tif,cl_mlp_pao_if_ortho_26_05_03_camino_alternativo_salamanca.tif,cl_mlp_pao_if_ortho_26_05_03_camino_alternativo_salamanca,amssclgis10_ams_gmams_cl_cl_mlp_pao_el_mauro_drone_26_05_cl_mlp_pao_if_ortho_26_05_03_camino_alternativo_salamanca_tif,cl_mlp_pao_if_ortho_26_05_03_camino_alternativo_salamanca_tif,cl_mlp_pao_if_ortho_26_05_03_camino_alternativo_salamanca
572,Path,\\amssclgis10.ams.gmams.cl\CL_MLP_PAO\Chacay_El_Mauro_Drone\26_03_28\CL_MLP_PAO_IF_Ortho_26_03_28_IIFF9-PA13.tif,//amssclgis10.ams.gmams.cl/cl_mlp_pao/chacay_el_mauro_drone/26_03_28/cl_mlp_pao_if_ortho_26_03_28_iiff9-pa13.tif,cl_mlp_pao_if_ortho_26_03_28_iiff9-pa13.tif,cl_mlp_pao_if_ortho_26_03_28_iiff9-pa13,amssclgis10_ams_gmams_cl_cl_mlp_pao_chacay_el_mauro_drone_26_03_28_cl_mlp_pao_if_ortho_26_03_28_iiff9_pa13_tif,cl_mlp_pao_if_ortho_26_03_28_iiff9_pa13_tif,cl_mlp_pao_if_ortho_26_03_28_iiff9_pa13
573,Path,\\amssclgis10.ams.gmams.cl\CL_MLP_PAO\El_Mauro_Drone\26_05\CL_MLP_PAO_IF_Ortho_26_05_06_Camino_Alternativo_Salamanca.tif,//amssclgis10.ams.gmams.cl/cl_mlp_pao/el_mauro_drone/26_05/cl_mlp_pao_if_ortho_26_05_06_camino_alternativo_salamanca.tif,cl_mlp_pao_if_ortho_26_05_06_camino_alternativo_salamanca.tif,cl_mlp_pao_if_ortho_26_05_06_camino_alternativo_salamanca,amssclgis10_ams_gmams_cl_cl_mlp_pao_el_mauro_drone_26_05_cl_mlp_pao_if_ortho_26_05_06_camino_alternativo_salamanca_tif,cl_mlp_pao_if_ortho_26_05_06_camino_alternativo_salamanca_tif,cl_mlp_pao_if_ortho_26_05_06_camino_alternativo_salamanca
574,Path,\\amssclgis10.ams.gmams.cl\CL_MLP_PAO\Puerto_Punta_Chungo_Drone\26_05\CL_MLP_PAO_IF_Ortho_26_05_03_EDT.tif,//amssclgis10.ams.gmams.cl/cl_mlp_pao/puerto_punta_chungo_drone/26_05/cl_mlp_pao_if_ortho_26_05_03_edt.tif,cl_mlp_pao_if_ortho_26_05_03_edt.tif,cl_mlp_pao_if_ortho_26_05_03_edt,amssclgis10_ams_gmams_cl_cl_mlp_pao_puerto_punta_chungo_drone_26_05_cl_mlp_pao_if_ortho_26_05_03_edt_tif,cl_mlp_pao_if_ortho_26_05_03_edt_tif,cl_mlp_pao_if_ortho_26_05_03_edt
575,Path,\\amssclgis10.ams.gmams.cl\CL_MLP_PAO\Puerto_Punta_Chungo_Drone\26_03_30\CL_MLP_PAO_IF_Ortho_26_03_30_EDT.tif,//amssclgis10.ams.gmams.cl/cl_mlp_pao/puerto_punta_chungo_drone/26_03_30/cl_mlp_pao_if_ortho_26_03_30_edt.tif,cl_mlp_pao_if_ortho_26_03_30_edt.tif,cl_mlp_pao_if_ortho_26_03_30_edt,amssclgis10_ams_gmams_cl_cl_mlp_pao_puerto_punta_chungo_drone_26_03_30_cl_mlp_pao_if_ortho_26_03_30_edt_tif,cl_mlp_pao_if_ortho_26_03_30_edt_tif,cl_mlp_pao_if_ortho_26_03_30_edt
576,Path,\\amssclgis10.ams.gmams.cl\CL_MLP_PAO\El_Mauro_Drone\26_01_20\CL_MLP_PAO_IF_Ortho_26_01_20_Linea-33-kV-NorteElMauro-Area3.tif,//amssclgis10.ams.gmams.cl/cl_mlp_pao/el_mauro_drone/26_01_20/cl_mlp_pao_if_ortho_26_01_20_linea-33-kv-norteelmauro-area3.tif,cl_mlp_pao_if_ortho_26_01_20_linea-33-kv-norteelmauro-area3.tif,cl_mlp_pao_if_ortho_26_01_20_linea-33-kv-norteelmauro-area3,amssclgis10_ams_gmams_cl_cl_mlp_pao_el_mauro_drone_26_01_20_cl_mlp_pao_if_ortho_26_01_20_linea_33_kv_norteelmauro_area3_tif,cl_mlp_pao_if_ortho_26_01_20_linea_33_kv_norteelmauro_area3_tif,cl_mlp_pao_if_ortho_26_01_20_linea_33_kv_norteelmauro_area3
577,Path,\\amssclgis10.ams.gmams.cl\CL_MLP_PAO\Puerto_Punta_Chungo_Drone\26_04\CL_MLP_PAO_IF_Ortho_26_04_26_EDT.tif,//amssclgis10.ams.gmams.cl/cl_mlp_pao/puerto_punta_chungo_drone/26_04/cl_mlp_pao_if_ortho_26_04_26_edt.tif,cl_mlp_pao_if_ortho_26_04_26_edt.tif,cl_mlp_pao_if_ortho_26_04_26_edt,amssclgis10_ams_gmams_cl_cl_mlp_pao_puerto_punta_chungo_drone_26_04_cl_mlp_pao_if_ortho_26_04_26_edt_tif,cl_mlp_pao_if_ortho_26_04_26_edt_tif,cl_mlp_pao_if_ortho_26_04_26_edt
578,Path,\\amssclgis10.ams.gmams.cl\CL_MLP_PAO\Puerto_Punta_Chungo_Drone\26_05\CL_MLP_PAO_IF_Ortho_26_05_09_EDT.tif,//amssclgis10.ams.gmams.cl/cl_mlp_pao/puerto_punta_chungo_drone/26_05/cl_mlp_pao_if_ortho_26_05_09_edt.tif,cl_mlp_pao_if_ortho_26_05_09_edt.tif,cl_mlp_pao_if_ortho_26_05_09_edt,amssclgis10_ams_gmams_cl_cl_mlp_pao_puerto_punta_chungo_drone_26_05_cl_mlp_pao_if_ortho_26_05_09_edt_tif,cl_mlp_pao_if_ortho_26_05_09_edt_tif,cl_mlp_pao_if_ortho_26_05_09_edt
579,Path,\\amssclgis10.ams.gmams.cl\CL_MLP_PAO\El_Mauro_Drone\26_02_24\CL_MLP_PAO_IF_Ortho_26_02_24_Linea-33-kV-NorteElMauro-Area3.tif,//amssclgis10.ams.gmams.cl/cl_mlp_pao/el_mauro_drone/26_02_24/cl_mlp_pao_if_ortho_26_02_24_linea-33-kv-norteelmauro-area3.tif,cl_mlp_pao_if_ortho_26_02_24_linea-33-kv-norteelmauro-area3.tif,cl_mlp_pao_if_ortho_26_02_24_linea-33-kv-norteelmauro-area3,amssclgis10_ams_gmams_cl_cl_mlp_pao_el_mauro_drone_26_02_24_cl_mlp_pao_if_ortho_26_02_24_linea_33_kv_norteelmauro_area3_tif,cl_mlp_pao_if_ortho_26_02_24_linea_33_kv_norteelmauro_area3_tif,cl_mlp_pao_if_ortho_26_02_24_linea_33_kv_norteelmauro_area3
580,Path,\\amssclgis10.ams.gmams.cl\CL_MLP_PAO\Puerto_Punta_Chungo_Drone\26_04\CL_MLP_PAO_IF_Ortho_26_04_11_EDT.tif,//amssclgis10.ams.gmams.cl/cl_mlp_pao/puerto_punta_chungo_drone/26_04/cl_mlp_pao_if_ortho_26_04_11_edt.tif,cl_mlp_pao_if_ortho_26_04_11_edt.tif,cl_mlp_pao_if_ortho_26_04_11_edt,amssclgis10_ams_gmams_cl_cl_mlp_pao_puerto_punta_chungo_drone_26_04_cl_mlp_pao_if_ortho_26_04_11_edt_tif,cl_mlp_pao_if_ortho_26_04_11_edt_tif,cl_mlp_pao_if_ortho_26_04_11_edt
581,Path,C:\Users\amsgiseeap\AppData\Local\Temp\ArcGISProTemp12292\Untitled\SQLServer-amssclgis06_ArcGIS-Aereo.sde\OWD.AMD_CL_MLP_PAO_IF_Ortho_Geosupport_OVR\\Ov_i9A2_L02_R000054C1_C00004756,c:/users/amsgiseeap/appdata/local/temp/arcgisprotemp12292/untitled/sqlserver-amssclgis06_arcgis-aereo.sde/owd.amd_cl_mlp_pao_if_ortho_geosupport_ovr//ov_i9a2_l02_r000054c1_c00004756,ov_i9a2_l02_r000054c1_c00004756,ov_i9a2_l02_r000054c1_c00004756,c_users_amsgiseeap_appdata_local_temp_arcgisprotemp12292_untitled_sqlserver_amssclgis06_arcgis_aereo_sde_owd_amd_cl_mlp_pao_if_ortho_geosupport_ovr_ov_i9a2_l02_r000054c1_c00004756,ov_i9a2_l02_r000054c1_c00004756,ov_i9a2_l02_r000054c1_c00004756
582,Path,C:\Users\amsgiseeap\AppData\Local\Temp\ArcGISProTemp12292\Untitled\SQLServer-amssclgis06_ArcGIS-Aereo.sde\OWD.AMD_CL_MLP_PAO_IF_Ortho_Geosupport_OVR\\Ov_i9A2_L02_R000054C2_C00004756,c:/users/amsgiseeap/appdata/local/temp/arcgisprotemp12292/untitled/sqlserver-amssclgis06_arcgis-aereo.sde/owd.amd_cl_mlp_pao_if_ortho_geosupport_ovr//ov_i9a2_l02_r000054c2_c00004756,ov_i9a2_l02_r000054c2_c00004756,ov_i9a2_l02_r000054c2_c00004756,c_users_amsgiseeap_appdata_local_temp_arcgisprotemp12292_untitled_sqlserver_amssclgis06_arcgis_aereo_sde_owd_amd_cl_mlp_pao_if_ortho_geosupport_ovr_ov_i9a2_l02_r000054c2_c00004756,ov_i9a2_l02_r000054c2_c00004756,ov_i9a2_l02_r000054c2_c00004756
583,Path,C:\Users\amsgiseeap\AppData\Local\Temp\ArcGISProTemp12292\Untitled\SQLServer-amssclgis06_ArcGIS-Aereo.sde\OWD.AMD_CL_MLP_PAO_IF_Ortho_Geosupport_OVR\\Ov_i9A2_L02_R000054C3_C00004755,c:/users/amsgiseeap/appdata/local/temp/arcgisprotemp12292/untitled/sqlserver-amssclgis06_arcgis-aereo.sde/owd.amd_cl_mlp_pao_if_ortho_geosupport_ovr//ov_i9a2_l02_r000054c3_c00004755,ov_i9a2_l02_r000054c3_c00004755,ov_i9a2_l02_r000054c3_c00004755,c_users_amsgiseeap_appdata_local_temp_arcgisprotemp12292_untitled_sqlserver_amssclgis06_arcgis_aereo_sde_owd_amd_cl_mlp_pao_if_ortho_geosupport_ovr_ov_i9a2_l02_r000054c3_c00004755,ov_i9a2_l02_r000054c3_c00004755,ov_i9a2_l02_r000054c3_c00004755
584,Path,C:\Users\amsgiseeap\AppData\Local\Temp\ArcGISProTemp12292\Untitled\SQLServer-amssclgis06_ArcGIS-Aereo.sde\OWD.AMD_CL_MLP_PAO_IF_Ortho_Geosupport_OVR\\Ov_i9A2_L02_R000054C4_C00004755,c:/users/amsgiseeap/appdata/local/temp/arcgisprotemp12292/untitled/sqlserver-amssclgis06_arcgis-aereo.sde/owd.amd_cl_mlp_pao_if_ortho_geosupport_ovr//ov_i9a2_l02_r000054c4_c00004755,ov_i9a2_l02_r000054c4_c00004755,ov_i9a2_l02_r000054c4_c00004755,c_users_amsgiseeap_appdata_local_temp_arcgisprotemp12292_untitled_sqlserver_amssclgis06_arcgis_aereo_sde_owd_amd_cl_mlp_pao_if_ortho_geosupport_ovr_ov_i9a2_l02_r000054c4_c00004755,ov_i9a2_l02_r000054c4_c00004755,ov_i9a2_l02_r000054c4_c00004755
585,Path,C:\Users\amsgiseeap\AppData\Local\Temp\ArcGISProTemp12292\Untitled\SQLServer-amssclgis06_ArcGIS-Aereo.sde\OWD.AMD_CL_MLP_PAO_IF_Ortho_Geosupport_OVR\\Ov_i9A2_L02_R000054C2_C00004755,c:/users/amsgiseeap/appdata/local/temp/arcgisprotemp12292/untitled/sqlserver-amssclgis06_arcgis-aereo.sde/owd.amd_cl_mlp_pao_if_ortho_geosupport_ovr//ov_i9a2_l02_r000054c2_c00004755,ov_i9a2_l02_r000054c2_c00004755,ov_i9a2_l02_r000054c2_c00004755,c_users_amsgiseeap_appdata_local_temp_arcgisprotemp12292_untitled_sqlserver_amssclgis06_arcgis_aereo_sde_owd_amd_cl_mlp_pao_if_ortho_geosupport_ovr_ov_i9a2_l02_r000054c2_c00004755,ov_i9a2_l02_r000054c2_c00004755,ov_i9a2_l02_r000054c2_c00004755
586,Path,C:\Users\amsgiseeap\AppData\Local\Temp\ArcGISProTemp12292\Untitled\SQLServer-amssclgis06_ArcGIS-Aereo.sde\OWD.AMD_CL_MLP_PAO_IF_Ortho_Geosupport_OVR\\Ov_i9A2_L02_R000054C2_C00004757,c:/users/amsgiseeap/appdata/local/temp/arcgisprotemp12292/untitled/sqlserver-amssclgis06_arcgis-aereo.sde/owd.amd_cl_mlp_pao_if_ortho_geosupport_ovr//ov_i9a2_l02_r000054c2_c00004757,ov_i9a2_l02_r000054c2_c00004757,ov_i9a2_l02_r000054c2_c00004757,c_users_amsgiseeap_appdata_local_temp_arcgisprotemp12292_untitled_sqlserver_amssclgis06_arcgis_aereo_sde_owd_amd_cl_mlp_pao_if_ortho_geosupport_ovr_ov_i9a2_l02_r000054c2_c00004757,ov_i9a2_l02_r000054c2_c00004757,ov_i9a2_l02_r000054c2_c00004757
587,Path,C:\Users\amsgiseeap\AppData\Local\Temp\ArcGISProTemp12292\Untitled\SQLServer-amssclgis06_ArcGIS-Aereo.sde\OWD.AMD_CL_MLP_PAO_IF_Ortho_Geosupport_OVR\\Ov_i9A2_L02_R000054C1_C00004757,c:/users/amsgiseeap/appdata/local/temp/arcgisprotemp12292/untitled/sqlserver-amssclgis06_arcgis-aereo.sde/owd.amd_cl_mlp_pao_if_ortho_geosupport_ovr//ov_i9a2_l02_r000054c1_c00004757,ov_i9a2_l02_r000054c1_c00004757,ov_i9a2_l02_r000054c1_c00004757,c_users_amsgiseeap_appdata_local_temp_arcgisprotemp12292_untitled_sqlserver_amssclgis06_arcgis_aereo_sde_owd_amd_cl_mlp_pao_if_ortho_geosupport_ovr_ov_i9a2_l02_r000054c1_c00004757,ov_i9a2_l02_r000054c1_c00004757,ov_i9a2_l02_r000054c1_c00004757
588,Path,C:\Users\amsgiseeap\AppData\Local\Temp\ArcGISProTemp12292\Untitled\SQLServer-amssclgis06_ArcGIS-Aereo.sde\OWD.AMD_CL_MLP_PAO_IF_Ortho_Geosupport_OVR\\Ov_i9A2_L02_R000054AC_C00004722,c:/users/amsgiseeap/appdata/local/temp/arcgisprotemp12292/untitled/sqlserver-amssclgis06_arcgis-aereo.sde/owd.amd_cl_mlp_pao_if_ortho_geosupport_ovr//ov_i9a2_l02_r000054ac_c00004722,ov_i9a2_l02_r000054ac_c00004722,ov_i9a2_l02_r000054ac_c00004722,c_users_amsgiseeap_appdata_local_temp_arcgisprotemp12292_untitled_sqlserver_amssclgis06_arcgis_aereo_sde_owd_amd_cl_mlp_pao_if_ortho_geosupport_ovr_ov_i9a2_l02_r000054ac_c00004722,ov_i9a2_l02_r000054ac_c00004722,ov_i9a2_l02_r000054ac_c00004722
589,Path,C:\Users\amsgiseeap\AppData\Local\Temp\ArcGISProTemp12292\Untitled\SQLServer-amssclgis06_ArcGIS-Aereo.sde\OWD.AMD_CL_MLP_PAO_IF_Ortho_Geosupport_OVR\\Ov_i9A2_L02_R000054AC_C00004723,c:/users/amsgiseeap/appdata/local/temp/arcgisprotemp12292/untitled/sqlserver-amssclgis06_arcgis-aereo.sde/owd.amd_cl_mlp_pao_if_ortho_geosupport_ovr//ov_i9a2_l02_r000054ac_c00004723,ov_i9a2_l02_r000054ac_c00004723,ov_i9a2_l02_r000054ac_c00004723,c_users_amsgiseeap_appdata_local_temp_arcgisprotemp12292_untitled_sqlserver_amssclgis06_arcgis_aereo_sde_owd_amd_cl_mlp_pao_if_ortho_geosupport_ovr_ov_i9a2_l02_r000054ac_c00004723,ov_i9a2_l02_r000054ac_c00004723,ov_i9a2_l02_r000054ac_c00004723
590,Path,C:\Users\amsgiseeap\AppData\Local\Temp\ArcGISProTemp12292\Untitled\SQLServer-amssclgis06_ArcGIS-Aereo.sde\OWD.AMD_CL_MLP_PAO_IF_Ortho_Geosupport_OVR\\Ov_i9A2_L02_R000054AC_C0000471D,c:/users/amsgiseeap/appdata/local/temp/arcgisprotemp12292/untitled/sqlserver-amssclgis06_arcgis-aereo.sde/owd.amd_cl_mlp_pao_if_ortho_geosupport_ovr//ov_i9a2_l02_r000054ac_c0000471d,ov_i9a2_l02_r000054ac_c0000471d,ov_i9a2_l02_r000054ac_c0000471d,c_users_amsgiseeap_appdata_local_temp_arcgisprotemp12292_untitled_sqlserver_amssclgis06_arcgis_aereo_sde_owd_amd_cl_mlp_pao_if_ortho_geosupport_ovr_ov_i9a2_l02_r000054ac_c0000471d,ov_i9a2_l02_r000054ac_c0000471d,ov_i9a2_l02_r000054ac_c0000471d
591,Path,C:\Users\amsgiseeap\AppData\Local\Temp\ArcGISProTemp12292\Untitled\SQLServer-amssclgis06_ArcGIS-Aereo.sde\OWD.AMD_CL_MLP_PAO_IF_Ortho_Geosupport_OVR\\Ov_i9A2_L02_R000054AA_C00004720,c:/users/amsgiseeap/appdata/local/temp/arcgisprotemp12292/untitled/sqlserver-amssclgis06_arcgis-aereo.sde/owd.amd_cl_mlp_pao_if_ortho_geosupport_ovr//ov_i9a2_l02_r000054aa_c00004720,ov_i9a2_l02_r000054aa_c00004720,ov_i9a2_l02_r000054aa_c00004720,c_users_amsgiseeap_appdata_local_temp_arcgisprotemp12292_untitled_sqlserver_amssclgis06_arcgis_aereo_sde_owd_amd_cl_mlp_pao_if_ortho_geosupport_ovr_ov_i9a2_l02_r000054aa_c00004720,ov_i9a2_l02_r000054aa_c00004720,ov_i9a2_l02_r000054aa_c00004720
592,Path,C:\Users\amsgiseeap\AppData\Local\Temp\ArcGISProTemp12292\Untitled\SQLServer-amssclgis06_ArcGIS-Aereo.sde\OWD.AMD_CL_MLP_PAO_IF_Ortho_Geosupport_OVR\\Ov_i9A2_L02_R000054AA_C00004721,c:/users/amsgiseeap/appdata/local/temp/arcgisprotemp12292/untitled/sqlserver-amssclgis06_arcgis-aereo.sde/owd.amd_cl_mlp_pao_if_ortho_geosupport_ovr//ov_i9a2_l02_r000054aa_c00004721,ov_i9a2_l02_r000054aa_c00004721,ov_i9a2_l02_r000054aa_c00004721,c_users_amsgiseeap_appdata_local_temp_arcgisprotemp12292_untitled_sqlserver_amssclgis06_arcgis_aereo_sde_owd_amd_cl_mlp_pao_if_ortho_geosupport_ovr_ov_i9a2_l02_r000054aa_c00004721,ov_i9a2_l02_r000054aa_c00004721,ov_i9a2_l02_r000054aa_c00004721
593,Path,C:\Users\amsgiseeap\AppData\Local\Temp\ArcGISProTemp12292\Untitled\SQLServer-amssclgis06_ArcGIS-Aereo.sde\OWD.AMD_CL_MLP_PAO_IF_Ortho_Geosupport_OVR\\Ov_i9A2_L02_R000054AB_C00004720,c:/users/amsgiseeap/appdata/local/temp/arcgisprotemp12292/untitled/sqlserver-amssclgis06_arcgis-aereo.sde/owd.amd_cl_mlp_pao_if_ortho_geosupport_ovr//ov_i9a2_l02_r000054ab_c00004720,ov_i9a2_l02_r000054ab_c00004720,ov_i9a2_l02_r000054ab_c00004720,c_users_amsgiseeap_appdata_local_temp_arcgisprotemp12292_untitled_sqlserver_amssclgis06_arcgis_aereo_sde_owd_amd_cl_mlp_pao_if_ortho_geosupport_ovr_ov_i9a2_l02_r000054ab_c00004720,ov_i9a2_l02_r000054ab_c00004720,ov_i9a2_l02_r000054ab_c00004720
594,Path,C:\Users\amsgiseeap\AppData\Local\Temp\ArcGISProTemp12292\Untitled\SQLServer-amssclgis06_ArcGIS-Aereo.sde\OWD.AMD_CL_MLP_PAO_IF_Ortho_Geosupport_OVR\\Ov_i9A2_L02_R000054AA_C00004723,c:/users/amsgiseeap/appdata/local/temp/arcgisprotemp12292/untitled/sqlserver-amssclgis06_arcgis-aereo.sde/owd.amd_cl_mlp_pao_if_ortho_geosupport_ovr//ov_i9a2_l02_r000054aa_c00004723,ov_i9a2_l02_r000054aa_c00004723,ov_i9a2_l02_r000054aa_c00004723,c_users_amsgiseeap_appdata_local_temp_arcgisprotemp12292_untitled_sqlserver_amssclgis06_arcgis_aereo_sde_owd_amd_cl_mlp_pao_if_ortho_geosupport_ovr_ov_i9a2_l02_r000054aa_c00004723,ov_i9a2_l02_r000054aa_c00004723,ov_i9a2_l02_r000054aa_c00004723
595,Path,C:\Users\amsgiseeap\AppData\Local\Temp\ArcGISProTemp12292\Untitled\SQLServer-amssclgis06_ArcGIS-Aereo.sde\OWD.AMD_CL_MLP_PAO_IF_Ortho_Geosupport_OVR\\Ov_i9A2_L02_R000054AA_C00004722,c:/users/amsgiseeap/appdata/local/temp/arcgisprotemp12292/untitled/sqlserver-amssclgis06_arcgis-aereo.sde/owd.amd_cl_mlp_pao_if_ortho_geosupport_ovr//ov_i9a2_l02_r000054aa_c00004722,ov_i9a2_l02_r000054aa_c00004722,ov_i9a2_l02_r000054aa_c00004722,c_users_amsgiseeap_appdata_local_temp_arcgisprotemp12292_untitled_sqlserver_amssclgis06_arcgis_aereo_sde_owd_amd_cl_mlp_pao_if_ortho_geosupport_ovr_ov_i9a2_l02_r000054aa_c00004722,ov_i9a2_l02_r000054aa_c00004722,ov_i9a2_l02_r000054aa_c00004722
596,Path,C:\Users\amsgiseeap\AppData\Local\Temp\ArcGISProTemp12292\Untitled\SQLServer-amssclgis06_ArcGIS-Aereo.sde\OWD.AMD_CL_MLP_PAO_IF_Ortho_Geosupport_OVR\\Ov_i9A2_L02_R000054A7_C00004701,c:/users/amsgiseeap/appdata/local/temp/arcgisprotemp12292/untitled/sqlserver-amssclgis06_arcgis-aereo.sde/owd.amd_cl_mlp_pao_if_ortho_geosupport_ovr//ov_i9a2_l02_r000054a7_c00004701,ov_i9a2_l02_r000054a7_c00004701,ov_i9a2_l02_r000054a7_c00004701,c_users_amsgiseeap_appdata_local_temp_arcgisprotemp12292_untitled_sqlserver_amssclgis06_arcgis_aereo_sde_owd_amd_cl_mlp_pao_if_ortho_geosupport_ovr_ov_i9a2_l02_r000054a7_c00004701,ov_i9a2_l02_r000054a7_c00004701,ov_i9a2_l02_r000054a7_c00004701
597,Path,C:\Users\amsgiseeap\AppData\Local\Temp\ArcGISProTemp12292\Untitled\SQLServer-amssclgis06_ArcGIS-Aereo.sde\OWD.AMD_CL_MLP_PAO_IF_Ortho_Geosupport_OVR\\Ov_i9A2_L02_R000054A7_C00004702,c:/users/amsgiseeap/appdata/local/temp/arcgisprotemp12292/untitled/sqlserver-amssclgis06_arcgis-aereo.sde/owd.amd_cl_mlp_pao_if_ortho_geosupport_ovr//ov_i9a2_l02_r000054a7_c00004702,ov_i9a2_l02_r000054a7_c00004702,ov_i9a2_l02_r000054a7_c00004702,c_users_amsgiseeap_appdata_local_temp_arcgisprotemp12292_untitled_sqlserver_amssclgis06_arcgis_aereo_sde_owd_amd_cl_mlp_pao_if_ortho_geosupport_ovr_ov_i9a2_l02_r000054a7_c00004702,ov_i9a2_l02_r000054a7_c00004702,ov_i9a2_l02_r000054a7_c00004702
598,Path,\\amssclgis10.ams.gmams.cl\CL_MLP_PAO\El_Mauro_Drone\26_04\CL_MLP_PAO_IF_Ortho_26_04_01_Pozos_PRP.tif,//amssclgis10.ams.gmams.cl/cl_mlp_pao/el_mauro_drone/26_04/cl_mlp_pao_if_ortho_26_04_01_pozos_prp.tif,cl_mlp_pao_if_ortho_26_04_01_pozos_prp.tif,cl_mlp_pao_if_ortho_26_04_01_pozos_prp,amssclgis10_ams_gmams_cl_cl_mlp_pao_el_mauro_drone_26_04_cl_mlp_pao_if_ortho_26_04_01_pozos_prp_tif,cl_mlp_pao_if_ortho_26_04_01_pozos_prp_tif,cl_mlp_pao_if_ortho_26_04_01_pozos_prp
599,Path,\\amssclgis10.ams.gmams.cl\CL_MLP_PAO\El_Mauro_Drone\26_04\CL_MLP_PAO_IF_Ortho_26_04_22_EB3.tif,//amssclgis10.ams.gmams.cl/cl_mlp_pao/el_mauro_drone/26_04/cl_mlp_pao_if_ortho_26_04_22_eb3.tif,cl_mlp_pao_if_ortho_26_04_22_eb3.tif,cl_mlp_pao_if_ortho_26_04_22_eb3,amssclgis10_ams_gmams_cl_cl_mlp_pao_el_mauro_drone_26_04_cl_mlp_pao_if_ortho_26_04_22_eb3_tif,cl_mlp_pao_if_ortho_26_04_22_eb3_tif,cl_mlp_pao_if_ortho_26_04_22_eb3
601,Path,\\amssclgis10.ams.gmams.cl\CL_MLP_PAO\El_Mauro_Drone\26_03_26\CL_MLP_PAO_IF_Ortho_26_03_26_Pozos_PRP.tif,//amssclgis10.ams.gmams.cl/cl_mlp_pao/el_mauro_drone/26_03_26/cl_mlp_pao_if_ortho_26_03_26_pozos_prp.tif,cl_mlp_pao_if_ortho_26_03_26_pozos_prp.tif,cl_mlp_pao_if_ortho_26_03_26_pozos_prp,amssclgis10_ams_gmams_cl_cl_mlp_pao_el_mauro_drone_26_03_26_cl_mlp_pao_if_ortho_26_03_26_pozos_prp_tif,cl_mlp_pao_if_ortho_26_03_26_pozos_prp_tif,cl_mlp_pao_if_ortho_26_03_26_pozos_prp
602,Path,\\amssclgis10.ams.gmams.cl\CL_MLP_PAO\El_Mauro_Drone\26_04\CL_MLP_PAO_IF_Ortho_26_04_17_EB3.tif,//amssclgis10.ams.gmams.cl/cl_mlp_pao/el_mauro_drone/26_04/cl_mlp_pao_if_ortho_26_04_17_eb3.tif,cl_mlp_pao_if_ortho_26_04_17_eb3.tif,cl_mlp_pao_if_ortho_26_04_17_eb3,amssclgis10_ams_gmams_cl_cl_mlp_pao_el_mauro_drone_26_04_cl_mlp_pao_if_ortho_26_04_17_eb3_tif,cl_mlp_pao_if_ortho_26_04_17_eb3_tif,cl_mlp_pao_if_ortho_26_04_17_eb3
604,Path,\\amssclgis10.ams.gmams.cl\CL_MLP_PAO\Chacay_Drone\26_03_27\CL_MLP_PAO_IF_Ortho_26_03_27_Estacion_Cabecera.tif,//amssclgis10.ams.gmams.cl/cl_mlp_pao/chacay_drone/26_03_27/cl_mlp_pao_if_ortho_26_03_27_estacion_cabecera.tif,cl_mlp_pao_if_ortho_26_03_27_estacion_cabecera.tif,cl_mlp_pao_if_ortho_26_03_27_estacion_cabecera,amssclgis10_ams_gmams_cl_cl_mlp_pao_chacay_drone_26_03_27_cl_mlp_pao_if_ortho_26_03_27_estacion_cabecera_tif,cl_mlp_pao_if_ortho_26_03_27_estacion_cabecera_tif,cl_mlp_pao_if_ortho_26_03_27_estacion_cabecera
605,Path,\\amssclgis10.ams.gmams.cl\CL_MLP_PAO\El_Mauro_Drone\26_02_26\CL_MLP_PAO_IF_Ortho_26_02_26_EB3.tif,//amssclgis10.ams.gmams.cl/cl_mlp_pao/el_mauro_drone/26_02_26/cl_mlp_pao_if_ortho_26_02_26_eb3.tif,cl_mlp_pao_if_ortho_26_02_26_eb3.tif,cl_mlp_pao_if_ortho_26_02_26_eb3,amssclgis10_ams_gmams_cl_cl_mlp_pao_el_mauro_drone_26_02_26_cl_mlp_pao_if_ortho_26_02_26_eb3_tif,cl_mlp_pao_if_ortho_26_02_26_eb3_tif,cl_mlp_pao_if_ortho_26_02_26_eb3
606,Path,\\amssclgis10.ams.gmams.cl\CL_MLP_PAO\Chacay_Drone\26_05\CL_MLP_PAO_IF_Ortho_26_05_09_Estacion_Cabecera.tif,//amssclgis10.ams.gmams.cl/cl_mlp_pao/chacay_drone/26_05/cl_mlp_pao_if_ortho_26_05_09_estacion_cabecera.tif,cl_mlp_pao_if_ortho_26_05_09_estacion_cabecera.tif,cl_mlp_pao_if_ortho_26_05_09_estacion_cabecera,amssclgis10_ams_gmams_cl_cl_mlp_pao_chacay_drone_26_05_cl_mlp_pao_if_ortho_26_05_09_estacion_cabecera_tif,cl_mlp_pao_if_ortho_26_05_09_estacion_cabecera_tif,cl_mlp_pao_if_ortho_26_05_09_estacion_cabecera
607,Path,\\amssclgis10.ams.gmams.cl\CL_MLP_PAO\El_Mauro_Drone\26_04\CL_MLP_PAO_IF_Ortho_26_04_09_EB3.tif,//amssclgis10.ams.gmams.cl/cl_mlp_pao/el_mauro_drone/26_04/cl_mlp_pao_if_ortho_26_04_09_eb3.tif,cl_mlp_pao_if_ortho_26_04_09_eb3.tif,cl_mlp_pao_if_ortho_26_04_09_eb3,amssclgis10_ams_gmams_cl_cl_mlp_pao_el_mauro_drone_26_04_cl_mlp_pao_if_ortho_26_04_09_eb3_tif,cl_mlp_pao_if_ortho_26_04_09_eb3_tif,cl_mlp_pao_if_ortho_26_04_09_eb3
608,Path,\\amssclgis10.ams.gmams.cl\CL_MLP_PAO\El_Mauro_Drone\26_04\CL_MLP_PAO_IF_Ortho_26_04_16_Pozos_PRP.tif,//amssclgis10.ams.gmams.cl/cl_mlp_pao/el_mauro_drone/26_04/cl_mlp_pao_if_ortho_26_04_16_pozos_prp.tif,cl_mlp_pao_if_ortho_26_04_16_pozos_prp.tif,cl_mlp_pao_if_ortho_26_04_16_pozos_prp,amssclgis10_ams_gmams_cl_cl_mlp_pao_el_mauro_drone_26_04_cl_mlp_pao_if_ortho_26_04_16_pozos_prp_tif,cl_mlp_pao_if_ortho_26_04_16_pozos_prp_tif,cl_mlp_pao_if_ortho_26_04_16_pozos_prp
609,Path,\\amssclgis10.ams.gmams.cl\CL_MLP_PAO\El_Mauro_Drone\26_04\CL_MLP_PAO_IF_Ortho_26_04_25_Pozos_PRP.tif,//amssclgis10.ams.gmams.cl/cl_mlp_pao/el_mauro_drone/26_04/cl_mlp_pao_if_ortho_26_04_25_pozos_prp.tif,cl_mlp_pao_if_ortho_26_04_25_pozos_prp.tif,cl_mlp_pao_if_ortho_26_04_25_pozos_prp,amssclgis10_ams_gmams_cl_cl_mlp_pao_el_mauro_drone_26_04_cl_mlp_pao_if_ortho_26_04_25_pozos_prp_tif,cl_mlp_pao_if_ortho_26_04_25_pozos_prp_tif,cl_mlp_pao_if_ortho_26_04_25_pozos_prp
611,Path,\\amssclgis10.ams.gmams.cl\CL_MLP_PAO\El_Mauro_Drone\26_05\CL_MLP_PAO_IF_Ortho_26_05_08_Pozos_PRP.tif,//amssclgis10.ams.gmams.cl/cl_mlp_pao/el_mauro_drone/26_05/cl_mlp_pao_if_ortho_26_05_08_pozos_prp.tif,cl_mlp_pao_if_ortho_26_05_08_pozos_prp.tif,cl_mlp_pao_if_ortho_26_05_08_pozos_prp,amssclgis10_ams_gmams_cl_cl_mlp_pao_el_mauro_drone_26_05_cl_mlp_pao_if_ortho_26_05_08_pozos_prp_tif,cl_mlp_pao_if_ortho_26_05_08_pozos_prp_tif,cl_mlp_pao_if_ortho_26_05_08_pozos_prp
612,Path,\\amssclgis10.ams.gmams.cl\CL_MLP_PAO\El_Mauro_Drone\26_03_12\CL_MLP_PAO_IF_Ortho_26_03_12_EB3.tif,//amssclgis10.ams.gmams.cl/cl_mlp_pao/el_mauro_drone/26_03_12/cl_mlp_pao_if_ortho_26_03_12_eb3.tif,cl_mlp_pao_if_ortho_26_03_12_eb3.tif,cl_mlp_pao_if_ortho_26_03_12_eb3,amssclgis10_ams_gmams_cl_cl_mlp_pao_el_mauro_drone_26_03_12_cl_mlp_pao_if_ortho_26_03_12_eb3_tif,cl_mlp_pao_if_ortho_26_03_12_eb3_tif,cl_mlp_pao_if_ortho_26_03_12_eb3
613,Path,\\amssclgis10.ams.gmams.cl\CL_MLP_PAO\El_Mauro_Drone\26_03_27\CL_MLP_PAO_IF_Ortho_26_03_27_EB3.tif,//amssclgis10.ams.gmams.cl/cl_mlp_pao/el_mauro_drone/26_03_27/cl_mlp_pao_if_ortho_26_03_27_eb3.tif,cl_mlp_pao_if_ortho_26_03_27_eb3.tif,cl_mlp_pao_if_ortho_26_03_27_eb3,amssclgis10_ams_gmams_cl_cl_mlp_pao_el_mauro_drone_26_03_27_cl_mlp_pao_if_ortho_26_03_27_eb3_tif,cl_mlp_pao_if_ortho_26_03_27_eb3_tif,cl_mlp_pao_if_ortho_26_03_27_eb3
614,Path,\\amssclgis10.ams.gmams.cl\CL_MLP_PAO\El_Mauro_Drone\26_03_20\CL_MLP_PAO_IF_Ortho_26_03_20_EB3.tif,//amssclgis10.ams.gmams.cl/cl_mlp_pao/el_mauro_drone/26_03_20/cl_mlp_pao_if_ortho_26_03_20_eb3.tif,cl_mlp_pao_if_ortho_26_03_20_eb3.tif,cl_mlp_pao_if_ortho_26_03_20_eb3,amssclgis10_ams_gmams_cl_cl_mlp_pao_el_mauro_drone_26_03_20_cl_mlp_pao_if_ortho_26_03_20_eb3_tif,cl_mlp_pao_if_ortho_26_03_20_eb3_tif,cl_mlp_pao_if_ortho_26_03_20_eb3
615,Path,\\amssclgis10.ams.gmams.cl\CL_MLP_PAO\El_Mauro_Drone\26_03_04\CL_MLP_PAO_IF_Ortho_26_03_04_Linea-33-kV-NorteElMauro-Area3.tif,//amssclgis10.ams.gmams.cl/cl_mlp_pao/el_mauro_drone/26_03_04/cl_mlp_pao_if_ortho_26_03_04_linea-33-kv-norteelmauro-area3.tif,cl_mlp_pao_if_ortho_26_03_04_linea-33-kv-norteelmauro-area3.tif,cl_mlp_pao_if_ortho_26_03_04_linea-33-kv-norteelmauro-area3,amssclgis10_ams_gmams_cl_cl_mlp_pao_el_mauro_drone_26_03_04_cl_mlp_pao_if_ortho_26_03_04_linea_33_kv_norteelmauro_area3_tif,cl_mlp_pao_if_ortho_26_03_04_linea_33_kv_norteelmauro_area3_tif,cl_mlp_pao_if_ortho_26_03_04_linea_33_kv_norteelmauro_area3
616,Path,\\amssclgis10.ams.gmams.cl\CL_MLP_PAO\El_Mauro_Drone\26_03_04\CL_MLP_PAO_IF_Ortho_26_03_04_EBD.tif,//amssclgis10.ams.gmams.cl/cl_mlp_pao/el_mauro_drone/26_03_04/cl_mlp_pao_if_ortho_26_03_04_ebd.tif,cl_mlp_pao_if_ortho_26_03_04_ebd.tif,cl_mlp_pao_if_ortho_26_03_04_ebd,amssclgis10_ams_gmams_cl_cl_mlp_pao_el_mauro_drone_26_03_04_cl_mlp_pao_if_ortho_26_03_04_ebd_tif,cl_mlp_pao_if_ortho_26_03_04_ebd_tif,cl_mlp_pao_if_ortho_26_03_04_ebd
617,Path,\\amssclgis10.ams.gmams.cl\CL_MLP_PAO\Chacay_El_Mauro_Drone\26_02_21\CL_MLP_PAO_IF_Ortho_26_02_21_IIFF9-PA13.tif,//amssclgis10.ams.gmams.cl/cl_mlp_pao/chacay_el_mauro_drone/26_02_21/cl_mlp_pao_if_ortho_26_02_21_iiff9-pa13.tif,cl_mlp_pao_if_ortho_26_02_21_iiff9-pa13.tif,cl_mlp_pao_if_ortho_26_02_21_iiff9-pa13,amssclgis10_ams_gmams_cl_cl_mlp_pao_chacay_el_mauro_drone_26_02_21_cl_mlp_pao_if_ortho_26_02_21_iiff9_pa13_tif,cl_mlp_pao_if_ortho_26_02_21_iiff9_pa13_tif,cl_mlp_pao_if_ortho_26_02_21_iiff9_pa13
618,Path,\\amssclgis10.ams.gmams.cl\CL_MLP_PAO\El_Mauro_Puerto_Punta_Chungo_Drone\26_02_11\CL_MLP_PAO_IF_Ortho_26_02_11_EB2.tif,//amssclgis10.ams.gmams.cl/cl_mlp_pao/el_mauro_puerto_punta_chungo_drone/26_02_11/cl_mlp_pao_if_ortho_26_02_11_eb2.tif,cl_mlp_pao_if_ortho_26_02_11_eb2.tif,cl_mlp_pao_if_ortho_26_02_11_eb2,amssclgis10_ams_gmams_cl_cl_mlp_pao_el_mauro_puerto_punta_chungo_drone_26_02_11_cl_mlp_pao_if_ortho_26_02_11_eb2_tif,cl_mlp_pao_if_ortho_26_02_11_eb2_tif,cl_mlp_pao_if_ortho_26_02_11_eb2
619,Path,\\amssclgis10.ams.gmams.cl\CL_MLP_PAO\El_Mauro_Drone\26_03_07\CL_MLP_PAO_IF_Ortho_26_03_07_EB3.tif,//amssclgis10.ams.gmams.cl/cl_mlp_pao/el_mauro_drone/26_03_07/cl_mlp_pao_if_ortho_26_03_07_eb3.tif,cl_mlp_pao_if_ortho_26_03_07_eb3.tif,cl_mlp_pao_if_ortho_26_03_07_eb3,amssclgis10_ams_gmams_cl_cl_mlp_pao_el_mauro_drone_26_03_07_cl_mlp_pao_if_ortho_26_03_07_eb3_tif,cl_mlp_pao_if_ortho_26_03_07_eb3_tif,cl_mlp_pao_if_ortho_26_03_07_eb3
620,Path,\\amssclgis10.ams.gmams.cl\CL_MLP_PAO\Chacay_El_Mauro_Drone\26_05\CL_MLP_PAO_IF_Ortho_26_05_02_EM2_S2.tif,//amssclgis10.ams.gmams.cl/cl_mlp_pao/chacay_el_mauro_drone/26_05/cl_mlp_pao_if_ortho_26_05_02_em2_s2.tif,cl_mlp_pao_if_ortho_26_05_02_em2_s2.tif,cl_mlp_pao_if_ortho_26_05_02_em2_s2,amssclgis10_ams_gmams_cl_cl_mlp_pao_chacay_el_mauro_drone_26_05_cl_mlp_pao_if_ortho_26_05_02_em2_s2_tif,cl_mlp_pao_if_ortho_26_05_02_em2_s2_tif,cl_mlp_pao_if_ortho_26_05_02_em2_s2
621,Path,\\amssclgis10.ams.gmams.cl\CL_MLP_PAO\Chacay_El_Mauro_Drone\26_02_04\CL_MLP_PAO_IF_Ortho_26_02_04_IIFF9-PA13.tif,//amssclgis10.ams.gmams.cl/cl_mlp_pao/chacay_el_mauro_drone/26_02_04/cl_mlp_pao_if_ortho_26_02_04_iiff9-pa13.tif,cl_mlp_pao_if_ortho_26_02_04_iiff9-pa13.tif,cl_mlp_pao_if_ortho_26_02_04_iiff9-pa13,amssclgis10_ams_gmams_cl_cl_mlp_pao_chacay_el_mauro_drone_26_02_04_cl_mlp_pao_if_ortho_26_02_04_iiff9_pa13_tif,cl_mlp_pao_if_ortho_26_02_04_iiff9_pa13_tif,cl_mlp_pao_if_ortho_26_02_04_iiff9_pa13
622,Path,\\amssclgis10.ams.gmams.cl\CL_MLP_PAO\Chacay_El_Mauro_Drone\26_05\CL_MLP_PAO_IF_Ortho_26_05_07_EM2_S2.tif,//amssclgis10.ams.gmams.cl/cl_mlp_pao/chacay_el_mauro_drone/26_05/cl_mlp_pao_if_ortho_26_05_07_em2_s2.tif,cl_mlp_pao_if_ortho_26_05_07_em2_s2.tif,cl_mlp_pao_if_ortho_26_05_07_em2_s2,amssclgis10_ams_gmams_cl_cl_mlp_pao_chacay_el_mauro_drone_26_05_cl_mlp_pao_if_ortho_26_05_07_em2_s2_tif,cl_mlp_pao_if_ortho_26_05_07_em2_s2_tif,cl_mlp_pao_if_ortho_26_05_07_em2_s2
623,Path,\\amssclgis10.ams.gmams.cl\CL_MLP_PAO\Chacay_El_Mauro_Drone\26_03_04\CL_MLP_PAO_IF_Ortho_26_03_04_IIFF9-PA13.tif,//amssclgis10.ams.gmams.cl/cl_mlp_pao/chacay_el_mauro_drone/26_03_04/cl_mlp_pao_if_ortho_26_03_04_iiff9-pa13.tif,cl_mlp_pao_if_ortho_26_03_04_iiff9-pa13.tif,cl_mlp_pao_if_ortho_26_03_04_iiff9-pa13,amssclgis10_ams_gmams_cl_cl_mlp_pao_chacay_el_mauro_drone_26_03_04_cl_mlp_pao_if_ortho_26_03_04_iiff9_pa13_tif,cl_mlp_pao_if_ortho_26_03_04_iiff9_pa13_tif,cl_mlp_pao_if_ortho_26_03_04_iiff9_pa13
624,Path,\\amssclgis10.ams.gmams.cl\CL_MLP_PAO\Chacay_El_Mauro_Drone\26_04\CL_MLP_PAO_IF_Ortho_26_04_11_EM2_S2.tif,//amssclgis10.ams.gmams.cl/cl_mlp_pao/chacay_el_mauro_drone/26_04/cl_mlp_pao_if_ortho_26_04_11_em2_s2.tif,cl_mlp_pao_if_ortho_26_04_11_em2_s2.tif,cl_mlp_pao_if_ortho_26_04_11_em2_s2,amssclgis10_ams_gmams_cl_cl_mlp_pao_chacay_el_mauro_drone_26_04_cl_mlp_pao_if_ortho_26_04_11_em2_s2_tif,cl_mlp_pao_if_ortho_26_04_11_em2_s2_tif,cl_mlp_pao_if_ortho_26_04_11_em2_s2
625,Path,\\amssclgis10.ams.gmams.cl\CL_MLP_PAO\Chacay_El_Mauro_Drone\26_01_21\CL_MLP_PAO_IF_Ortho_26_01_21_IIFF9-PA13.tif,//amssclgis10.ams.gmams.cl/cl_mlp_pao/chacay_el_mauro_drone/26_01_21/cl_mlp_pao_if_ortho_26_01_21_iiff9-pa13.tif,cl_mlp_pao_if_ortho_26_01_21_iiff9-pa13.tif,cl_mlp_pao_if_ortho_26_01_21_iiff9-pa13,amssclgis10_ams_gmams_cl_cl_mlp_pao_chacay_el_mauro_drone_26_01_21_cl_mlp_pao_if_ortho_26_01_21_iiff9_pa13_tif,cl_mlp_pao_if_ortho_26_01_21_iiff9_pa13_tif,cl_mlp_pao_if_ortho_26_01_21_iiff9_pa13
626,Path,\\amssclgis10.ams.gmams.cl\CL_MLP_PAO\Chacay_Drone\26_04\CL_MLP_PAO_IF_Ortho_26_04_03_Estacion_Cabecera.tif,//amssclgis10.ams.gmams.cl/cl_mlp_pao/chacay_drone/26_04/cl_mlp_pao_if_ortho_26_04_03_estacion_cabecera.tif,cl_mlp_pao_if_ortho_26_04_03_estacion_cabecera.tif,cl_mlp_pao_if_ortho_26_04_03_estacion_cabecera,amssclgis10_ams_gmams_cl_cl_mlp_pao_chacay_drone_26_04_cl_mlp_pao_if_ortho_26_04_03_estacion_cabecera_tif,cl_mlp_pao_if_ortho_26_04_03_estacion_cabecera_tif,cl_mlp_pao_if_ortho_26_04_03_estacion_cabecera
627,Path,\\amssclgis10.ams.gmams.cl\CL_MLP_PAO\Chacay_El_Mauro_Drone\26_02_05\CL_MLP_PAO_IF_Ortho_26_02_05_ED2.tif,//amssclgis10.ams.gmams.cl/cl_mlp_pao/chacay_el_mauro_drone/26_02_05/cl_mlp_pao_if_ortho_26_02_05_ed2.tif,cl_mlp_pao_if_ortho_26_02_05_ed2.tif,cl_mlp_pao_if_ortho_26_02_05_ed2,amssclgis10_ams_gmams_cl_cl_mlp_pao_chacay_el_mauro_drone_26_02_05_cl_mlp_pao_if_ortho_26_02_05_ed2_tif,cl_mlp_pao_if_ortho_26_02_05_ed2_tif,cl_mlp_pao_if_ortho_26_02_05_ed2
628,Path,\\amssclgis10.ams.gmams.cl\CL_MLP_PAO\El_Mauro_Puerto_Punta_Chungo_Drone\26_05\CL_MLP_PAO_IF_Ortho_26_05_02_EV2.tif,//amssclgis10.ams.gmams.cl/cl_mlp_pao/el_mauro_puerto_punta_chungo_drone/26_05/cl_mlp_pao_if_ortho_26_05_02_ev2.tif,cl_mlp_pao_if_ortho_26_05_02_ev2.tif,cl_mlp_pao_if_ortho_26_05_02_ev2,amssclgis10_ams_gmams_cl_cl_mlp_pao_el_mauro_puerto_punta_chungo_drone_26_05_cl_mlp_pao_if_ortho_26_05_02_ev2_tif,cl_mlp_pao_if_ortho_26_05_02_ev2_tif,cl_mlp_pao_if_ortho_26_05_02_ev2
629,Path,\\amssclgis10.ams.gmams.cl\CL_MLP_PAO\Chacay_El_Mauro_Drone\26_02_12\CL_MLP_PAO_IF_Ortho_26_02_12_ED2.tif,//amssclgis10.ams.gmams.cl/cl_mlp_pao/chacay_el_mauro_drone/26_02_12/cl_mlp_pao_if_ortho_26_02_12_ed2.tif,cl_mlp_pao_if_ortho_26_02_12_ed2.tif,cl_mlp_pao_if_ortho_26_02_12_ed2,amssclgis10_ams_gmams_cl_cl_mlp_pao_chacay_el_mauro_drone_26_02_12_cl_mlp_pao_if_ortho_26_02_12_ed2_tif,cl_mlp_pao_if_ortho_26_02_12_ed2_tif,cl_mlp_pao_if_ortho_26_02_12_ed2
630,Path,\\amssclgis10.ams.gmams.cl\CL_MLP_PAO\Chacay_Drone\26_05\CL_MLP_PAO_IF_Ortho_26_05_01_EM1.tif,//amssclgis10.ams.gmams.cl/cl_mlp_pao/chacay_drone/26_05/cl_mlp_pao_if_ortho_26_05_01_em1.tif,cl_mlp_pao_if_ortho_26_05_01_em1.tif,cl_mlp_pao_if_ortho_26_05_01_em1,amssclgis10_ams_gmams_cl_cl_mlp_pao_chacay_drone_26_05_cl_mlp_pao_if_ortho_26_05_01_em1_tif,cl_mlp_pao_if_ortho_26_05_01_em1_tif,cl_mlp_pao_if_ortho_26_05_01_em1
631,Path,\\amssclgis10.ams.gmams.cl\CL_MLP_PAO\Chacay_El_Mauro_Drone\26_04\CL_MLP_PAO_IF_Ortho_26_04_15_EM2_S2.tif,//amssclgis10.ams.gmams.cl/cl_mlp_pao/chacay_el_mauro_drone/26_04/cl_mlp_pao_if_ortho_26_04_15_em2_s2.tif,cl_mlp_pao_if_ortho_26_04_15_em2_s2.tif,cl_mlp_pao_if_ortho_26_04_15_em2_s2,amssclgis10_ams_gmams_cl_cl_mlp_pao_chacay_el_mauro_drone_26_04_cl_mlp_pao_if_ortho_26_04_15_em2_s2_tif,cl_mlp_pao_if_ortho_26_04_15_em2_s2_tif,cl_mlp_pao_if_ortho_26_04_15_em2_s2
632,Path,\\amssclgis10.ams.gmams.cl\CL_MLP_PAO\Chacay_Drone\26_03_13\CL_MLP_PAO_IF_Ortho_26_03_13_EM1.tif,//amssclgis10.ams.gmams.cl/cl_mlp_pao/chacay_drone/26_03_13/cl_mlp_pao_if_ortho_26_03_13_em1.tif,cl_mlp_pao_if_ortho_26_03_13_em1.tif,cl_mlp_pao_if_ortho_26_03_13_em1,amssclgis10_ams_gmams_cl_cl_mlp_pao_chacay_drone_26_03_13_cl_mlp_pao_if_ortho_26_03_13_em1_tif,cl_mlp_pao_if_ortho_26_03_13_em1_tif,cl_mlp_pao_if_ortho_26_03_13_em1
633,Path,\\amssclgis10.ams.gmams.cl\CL_MLP_PAO\Chacay_Drone\26_01_16\CL_MLP_PAO_IF_Ortho_26_01_16_EM1.tif,//amssclgis10.ams.gmams.cl/cl_mlp_pao/chacay_drone/26_01_16/cl_mlp_pao_if_ortho_26_01_16_em1.tif,cl_mlp_pao_if_ortho_26_01_16_em1.tif,cl_mlp_pao_if_ortho_26_01_16_em1,amssclgis10_ams_gmams_cl_cl_mlp_pao_chacay_drone_26_01_16_cl_mlp_pao_if_ortho_26_01_16_em1_tif,cl_mlp_pao_if_ortho_26_01_16_em1_tif,cl_mlp_pao_if_ortho_26_01_16_em1
634,Path,\\amssclgis10.ams.gmams.cl\CL_MLP_PAO\El_Mauro_Puerto_Punta_Chungo_Drone\26_01_31\CL_MLP_PAO_IF_Ortho_26_01_31_EV2_1.tif,//amssclgis10.ams.gmams.cl/cl_mlp_pao/el_mauro_puerto_punta_chungo_drone/26_01_31/cl_mlp_pao_if_ortho_26_01_31_ev2_1.tif,cl_mlp_pao_if_ortho_26_01_31_ev2_1.tif,cl_mlp_pao_if_ortho_26_01_31_ev2_1,amssclgis10_ams_gmams_cl_cl_mlp_pao_el_mauro_puerto_punta_chungo_drone_26_01_31_cl_mlp_pao_if_ortho_26_01_31_ev2_1_tif,cl_mlp_pao_if_ortho_26_01_31_ev2_1_tif,cl_mlp_pao_if_ortho_26_01_31_ev2_1
635,Path,\\amssclgis10.ams.gmams.cl\CL_MLP_PAO\Chacay_Drone\26_02_06\CL_MLP_PAO_IF_Ortho_26_02_06_EM1.tif,//amssclgis10.ams.gmams.cl/cl_mlp_pao/chacay_drone/26_02_06/cl_mlp_pao_if_ortho_26_02_06_em1.tif,cl_mlp_pao_if_ortho_26_02_06_em1.tif,cl_mlp_pao_if_ortho_26_02_06_em1,amssclgis10_ams_gmams_cl_cl_mlp_pao_chacay_drone_26_02_06_cl_mlp_pao_if_ortho_26_02_06_em1_tif,cl_mlp_pao_if_ortho_26_02_06_em1_tif,cl_mlp_pao_if_ortho_26_02_06_em1
636,Path,\\amssclgis10.ams.gmams.cl\CL_MLP_PAO\Chacay_El_Mauro_Drone\26_05\CL_MLP_PAO_IF_Ortho_26_05_03_ED2.tif,//amssclgis10.ams.gmams.cl/cl_mlp_pao/chacay_el_mauro_drone/26_05/cl_mlp_pao_if_ortho_26_05_03_ed2.tif,cl_mlp_pao_if_ortho_26_05_03_ed2.tif,cl_mlp_pao_if_ortho_26_05_03_ed2,amssclgis10_ams_gmams_cl_cl_mlp_pao_chacay_el_mauro_drone_26_05_cl_mlp_pao_if_ortho_26_05_03_ed2_tif,cl_mlp_pao_if_ortho_26_05_03_ed2_tif,cl_mlp_pao_if_ortho_26_05_03_ed2
637,Path,\\amssclgis10.ams.gmams.cl\CL_MLP_PAO\El_Mauro_Puerto_Punta_Chungo_Drone\26_03_13\CL_MLP_PAO_IF_Ortho_26_03_13_EV2.tif,//amssclgis10.ams.gmams.cl/cl_mlp_pao/el_mauro_puerto_punta_chungo_drone/26_03_13/cl_mlp_pao_if_ortho_26_03_13_ev2.tif,cl_mlp_pao_if_ortho_26_03_13_ev2.tif,cl_mlp_pao_if_ortho_26_03_13_ev2,amssclgis10_ams_gmams_cl_cl_mlp_pao_el_mauro_puerto_punta_chungo_drone_26_03_13_cl_mlp_pao_if_ortho_26_03_13_ev2_tif,cl_mlp_pao_if_ortho_26_03_13_ev2_tif,cl_mlp_pao_if_ortho_26_03_13_ev2
638,Path,\\amssclgis10.ams.gmams.cl\CL_MLP_PAO\Chacay_El_Mauro_Drone\26_04\CL_MLP_PAO_IF_Ortho_26_04_16_ED2.tif,//amssclgis10.ams.gmams.cl/cl_mlp_pao/chacay_el_mauro_drone/26_04/cl_mlp_pao_if_ortho_26_04_16_ed2.tif,cl_mlp_pao_if_ortho_26_04_16_ed2.tif,cl_mlp_pao_if_ortho_26_04_16_ed2,amssclgis10_ams_gmams_cl_cl_mlp_pao_chacay_el_mauro_drone_26_04_cl_mlp_pao_if_ortho_26_04_16_ed2_tif,cl_mlp_pao_if_ortho_26_04_16_ed2_tif,cl_mlp_pao_if_ortho_26_04_16_ed2
639,Path,\\amssclgis10.ams.gmams.cl\CL_MLP_PAO\Chacay_El_Mauro_Drone\26_03_14\CL_MLP_PAO_IF_Ortho_26_03_14_IIFF9-PA13.tif,//amssclgis10.ams.gmams.cl/cl_mlp_pao/chacay_el_mauro_drone/26_03_14/cl_mlp_pao_if_ortho_26_03_14_iiff9-pa13.tif,cl_mlp_pao_if_ortho_26_03_14_iiff9-pa13.tif,cl_mlp_pao_if_ortho_26_03_14_iiff9-pa13,amssclgis10_ams_gmams_cl_cl_mlp_pao_chacay_el_mauro_drone_26_03_14_cl_mlp_pao_if_ortho_26_03_14_iiff9_pa13_tif,cl_mlp_pao_if_ortho_26_03_14_iiff9_pa13_tif,cl_mlp_pao_if_ortho_26_03_14_iiff9_pa13
640,Path,\\amssclgis10.ams.gmams.cl\CL_MLP_PAO\Chacay_El_Mauro_Drone\26_03_15\CL_MLP_PAO_IF_Ortho_26_03_15_ED2.tif,//amssclgis10.ams.gmams.cl/cl_mlp_pao/chacay_el_mauro_drone/26_03_15/cl_mlp_pao_if_ortho_26_03_15_ed2.tif,cl_mlp_pao_if_ortho_26_03_15_ed2.tif,cl_mlp_pao_if_ortho_26_03_15_ed2,amssclgis10_ams_gmams_cl_cl_mlp_pao_chacay_el_mauro_drone_26_03_15_cl_mlp_pao_if_ortho_26_03_15_ed2_tif,cl_mlp_pao_if_ortho_26_03_15_ed2_tif,cl_mlp_pao_if_ortho_26_03_15_ed2
641,Path,\\amssclgis10.ams.gmams.cl\CL_MLP_PAO\Chacay_El_Mauro_Drone\26_03_02\CL_MLP_PAO_IF_Ortho_26_03_02_ED2.tif,//amssclgis10.ams.gmams.cl/cl_mlp_pao/chacay_el_mauro_drone/26_03_02/cl_mlp_pao_if_ortho_26_03_02_ed2.tif,cl_mlp_pao_if_ortho_26_03_02_ed2.tif,cl_mlp_pao_if_ortho_26_03_02_ed2,amssclgis10_ams_gmams_cl_cl_mlp_pao_chacay_el_mauro_drone_26_03_02_cl_mlp_pao_if_ortho_26_03_02_ed2_tif,cl_mlp_pao_if_ortho_26_03_02_ed2_tif,cl_mlp_pao_if_ortho_26_03_02_ed2
642,Path,\\amssclgis10.ams.gmams.cl\CL_MLP_PAO\Chacay_Drone\26_04\CL_MLP_PAO_IF_Ortho_26_04_09_EM1.tif,//amssclgis10.ams.gmams.cl/cl_mlp_pao/chacay_drone/26_04/cl_mlp_pao_if_ortho_26_04_09_em1.tif,cl_mlp_pao_if_ortho_26_04_09_em1.tif,cl_mlp_pao_if_ortho_26_04_09_em1,amssclgis10_ams_gmams_cl_cl_mlp_pao_chacay_drone_26_04_cl_mlp_pao_if_ortho_26_04_09_em1_tif,cl_mlp_pao_if_ortho_26_04_09_em1_tif,cl_mlp_pao_if_ortho_26_04_09_em1
643,Path,\\amssclgis10.ams.gmams.cl\CL_MLP_PAO\Chacay_El_Mauro_Drone\26_05\CL_MLP_PAO_IF_Ortho_26_05_07_ED2.tif,//amssclgis10.ams.gmams.cl/cl_mlp_pao/chacay_el_mauro_drone/26_05/cl_mlp_pao_if_ortho_26_05_07_ed2.tif,cl_mlp_pao_if_ortho_26_05_07_ed2.tif,cl_mlp_pao_if_ortho_26_05_07_ed2,amssclgis10_ams_gmams_cl_cl_mlp_pao_chacay_el_mauro_drone_26_05_cl_mlp_pao_if_ortho_26_05_07_ed2_tif,cl_mlp_pao_if_ortho_26_05_07_ed2_tif,cl_mlp_pao_if_ortho_26_05_07_ed2
644,Path,\\amssclgis10.ams.gmams.cl\CL_MLP_PAO\El_Mauro_Puerto_Punta_Chungo_Drone\26_02_11\CL_MLP_PAO_IF_Ortho_26_02_11_EV2.tif,//amssclgis10.ams.gmams.cl/cl_mlp_pao/el_mauro_puerto_punta_chungo_drone/26_02_11/cl_mlp_pao_if_ortho_26_02_11_ev2.tif,cl_mlp_pao_if_ortho_26_02_11_ev2.tif,cl_mlp_pao_if_ortho_26_02_11_ev2,amssclgis10_ams_gmams_cl_cl_mlp_pao_el_mauro_puerto_punta_chungo_drone_26_02_11_cl_mlp_pao_if_ortho_26_02_11_ev2_tif,cl_mlp_pao_if_ortho_26_02_11_ev2_tif,cl_mlp_pao_if_ortho_26_02_11_ev2
645,Path,\\amssclgis10.ams.gmams.cl\CL_MLP_PAO\Chacay_El_Mauro_Drone\26_02_21\CL_MLP_PAO_IF_Ortho_26_02_21_ED2.tif,//amssclgis10.ams.gmams.cl/cl_mlp_pao/chacay_el_mauro_drone/26_02_21/cl_mlp_pao_if_ortho_26_02_21_ed2.tif,cl_mlp_pao_if_ortho_26_02_21_ed2.tif,cl_mlp_pao_if_ortho_26_02_21_ed2,amssclgis10_ams_gmams_cl_cl_mlp_pao_chacay_el_mauro_drone_26_02_21_cl_mlp_pao_if_ortho_26_02_21_ed2_tif,cl_mlp_pao_if_ortho_26_02_21_ed2_tif,cl_mlp_pao_if_ortho_26_02_21_ed2
646,Path,\\amssclgis10.ams.gmams.cl\CL_MLP_PAO\Chacay_Drone\26_02_20\CL_MLP_PAO_IF_Ortho_26_02_20_EM1.tif,//amssclgis10.ams.gmams.cl/cl_mlp_pao/chacay_drone/26_02_20/cl_mlp_pao_if_ortho_26_02_20_em1.tif,cl_mlp_pao_if_ortho_26_02_20_em1.tif,cl_mlp_pao_if_ortho_26_02_20_em1,amssclgis10_ams_gmams_cl_cl_mlp_pao_chacay_drone_26_02_20_cl_mlp_pao_if_ortho_26_02_20_em1_tif,cl_mlp_pao_if_ortho_26_02_20_em1_tif,cl_mlp_pao_if_ortho_26_02_20_em1
647,Path,\\amssclgis10.ams.gmams.cl\CL_MLP_PAO\El_Mauro_Puerto_Punta_Chungo_Drone\26_04\CL_MLP_PAO_IF_Ortho_26_04_12_EV2.tif,//amssclgis10.ams.gmams.cl/cl_mlp_pao/el_mauro_puerto_punta_chungo_drone/26_04/cl_mlp_pao_if_ortho_26_04_12_ev2.tif,cl_mlp_pao_if_ortho_26_04_12_ev2.tif,cl_mlp_pao_if_ortho_26_04_12_ev2,amssclgis10_ams_gmams_cl_cl_mlp_pao_el_mauro_puerto_punta_chungo_drone_26_04_cl_mlp_pao_if_ortho_26_04_12_ev2_tif,cl_mlp_pao_if_ortho_26_04_12_ev2_tif,cl_mlp_pao_if_ortho_26_04_12_ev2
648,Path,\\amssclgis10.ams.gmams.cl\CL_MLP_PAO\Chacay_Drone\26_04\CL_MLP_PAO_IF_Ortho_26_04_18_Estacion_Cabecera.tif,//amssclgis10.ams.gmams.cl/cl_mlp_pao/chacay_drone/26_04/cl_mlp_pao_if_ortho_26_04_18_estacion_cabecera.tif,cl_mlp_pao_if_ortho_26_04_18_estacion_cabecera.tif,cl_mlp_pao_if_ortho_26_04_18_estacion_cabecera,amssclgis10_ams_gmams_cl_cl_mlp_pao_chacay_drone_26_04_cl_mlp_pao_if_ortho_26_04_18_estacion_cabecera_tif,cl_mlp_pao_if_ortho_26_04_18_estacion_cabecera_tif,cl_mlp_pao_if_ortho_26_04_18_estacion_cabecera
649,Path,\\amssclgis10.ams.gmams.cl\CL_MLP_PAO\El_Mauro_Puerto_Punta_Chungo_Drone\26_05\CL_MLP_PAO_IF_Ortho_26_05_09_EV2.tif,//amssclgis10.ams.gmams.cl/cl_mlp_pao/el_mauro_puerto_punta_chungo_drone/26_05/cl_mlp_pao_if_ortho_26_05_09_ev2.tif,cl_mlp_pao_if_ortho_26_05_09_ev2.tif,cl_mlp_pao_if_ortho_26_05_09_ev2,amssclgis10_ams_gmams_cl_cl_mlp_pao_el_mauro_puerto_punta_chungo_drone_26_05_cl_mlp_pao_if_ortho_26_05_09_ev2_tif,cl_mlp_pao_if_ortho_26_05_09_ev2_tif,cl_mlp_pao_if_ortho_26_05_09_ev2
650,Path,\\amssclgis10.ams.gmams.cl\CL_MLP_PAO\Chacay_El_Mauro_Drone\26_04\CL_MLP_PAO_IF_Ortho_26_04_01_EM2_2.tif,//amssclgis10.ams.gmams.cl/cl_mlp_pao/chacay_el_mauro_drone/26_04/cl_mlp_pao_if_ortho_26_04_01_em2_2.tif,cl_mlp_pao_if_ortho_26_04_01_em2_2.tif,cl_mlp_pao_if_ortho_26_04_01_em2_2,amssclgis10_ams_gmams_cl_cl_mlp_pao_chacay_el_mauro_drone_26_04_cl_mlp_pao_if_ortho_26_04_01_em2_2_tif,cl_mlp_pao_if_ortho_26_04_01_em2_2_tif,cl_mlp_pao_if_ortho_26_04_01_em2_2
651,Path,\\amssclgis10.ams.gmams.cl\CL_MLP_PAO\Chacay_El_Mauro_Drone\26_04\CL_MLP_PAO_IF_Ortho_26_04_01_EM2.tif,//amssclgis10.ams.gmams.cl/cl_mlp_pao/chacay_el_mauro_drone/26_04/cl_mlp_pao_if_ortho_26_04_01_em2.tif,cl_mlp_pao_if_ortho_26_04_01_em2.tif,cl_mlp_pao_if_ortho_26_04_01_em2,amssclgis10_ams_gmams_cl_cl_mlp_pao_chacay_el_mauro_drone_26_04_cl_mlp_pao_if_ortho_26_04_01_em2_tif,cl_mlp_pao_if_ortho_26_04_01_em2_tif,cl_mlp_pao_if_ortho_26_04_01_em2
652,Path,\\amssclgis10.ams.gmams.cl\CL_MLP_PAO\El_Mauro_Puerto_Punta_Chungo_Drone\26_04\CL_MLP_PAO_IF_Ortho_26_04_19_EV2.tif,//amssclgis10.ams.gmams.cl/cl_mlp_pao/el_mauro_puerto_punta_chungo_drone/26_04/cl_mlp_pao_if_ortho_26_04_19_ev2.tif,cl_mlp_pao_if_ortho_26_04_19_ev2.tif,cl_mlp_pao_if_ortho_26_04_19_ev2,amssclgis10_ams_gmams_cl_cl_mlp_pao_el_mauro_puerto_punta_chungo_drone_26_04_cl_mlp_pao_if_ortho_26_04_19_ev2_tif,cl_mlp_pao_if_ortho_26_04_19_ev2_tif,cl_mlp_pao_if_ortho_26_04_19_ev2
653,Path,\\amssclgis10.ams.gmams.cl\CL_MLP_PAO\Chacay_El_Mauro_Drone\26_02_12\CL_MLP_PAO_IF_Ortho_26_02_12_IIFF9-PA13_1.tif,//amssclgis10.ams.gmams.cl/cl_mlp_pao/chacay_el_mauro_drone/26_02_12/cl_mlp_pao_if_ortho_26_02_12_iiff9-pa13_1.tif,cl_mlp_pao_if_ortho_26_02_12_iiff9-pa13_1.tif,cl_mlp_pao_if_ortho_26_02_12_iiff9-pa13_1,amssclgis10_ams_gmams_cl_cl_mlp_pao_chacay_el_mauro_drone_26_02_12_cl_mlp_pao_if_ortho_26_02_12_iiff9_pa13_1_tif,cl_mlp_pao_if_ortho_26_02_12_iiff9_pa13_1_tif,cl_mlp_pao_if_ortho_26_02_12_iiff9_pa13_1
654,Path,\\amssclgis10.ams.gmams.cl\CL_MLP_PAO\Chacay_El_Mauro_Drone\26_03_19\CL_MLP_PAO_IF_Ortho_26_03_19_ED2.tif,//amssclgis10.ams.gmams.cl/cl_mlp_pao/chacay_el_mauro_drone/26_03_19/cl_mlp_pao_if_ortho_26_03_19_ed2.tif,cl_mlp_pao_if_ortho_26_03_19_ed2.tif,cl_mlp_pao_if_ortho_26_03_19_ed2,amssclgis10_ams_gmams_cl_cl_mlp_pao_chacay_el_mauro_drone_26_03_19_cl_mlp_pao_if_ortho_26_03_19_ed2_tif,cl_mlp_pao_if_ortho_26_03_19_ed2_tif,cl_mlp_pao_if_ortho_26_03_19_ed2
655,Path,\\amssclgis10.ams.gmams.cl\CL_MLP_PAO\Chacay_Drone\26_02_11\CL_MLP_PAO_IF_Ortho_26_02_11_EM1_1.tif,//amssclgis10.ams.gmams.cl/cl_mlp_pao/chacay_drone/26_02_11/cl_mlp_pao_if_ortho_26_02_11_em1_1.tif,cl_mlp_pao_if_ortho_26_02_11_em1_1.tif,cl_mlp_pao_if_ortho_26_02_11_em1_1,amssclgis10_ams_gmams_cl_cl_mlp_pao_chacay_drone_26_02_11_cl_mlp_pao_if_ortho_26_02_11_em1_1_tif,cl_mlp_pao_if_ortho_26_02_11_em1_1_tif,cl_mlp_pao_if_ortho_26_02_11_em1_1
656,Path,\\amssclgis10.ams.gmams.cl\CL_MLP_PAO\Chacay_El_Mauro_Drone\26_01_20\CL_MLP_PAO_IF_Ortho_26_01_20_EV1.tif,//amssclgis10.ams.gmams.cl/cl_mlp_pao/chacay_el_mauro_drone/26_01_20/cl_mlp_pao_if_ortho_26_01_20_ev1.tif,cl_mlp_pao_if_ortho_26_01_20_ev1.tif,cl_mlp_pao_if_ortho_26_01_20_ev1,amssclgis10_ams_gmams_cl_cl_mlp_pao_chacay_el_mauro_drone_26_01_20_cl_mlp_pao_if_ortho_26_01_20_ev1_tif,cl_mlp_pao_if_ortho_26_01_20_ev1_tif,cl_mlp_pao_if_ortho_26_01_20_ev1
657,Path,\\amssclgis10.ams.gmams.cl\CL_MLP_PAO\Chacay_El_Mauro_Drone\26_04\CL_MLP_PAO_IF_Ortho_26_04_09_ED2.tif,//amssclgis10.ams.gmams.cl/cl_mlp_pao/chacay_el_mauro_drone/26_04/cl_mlp_pao_if_ortho_26_04_09_ed2.tif,cl_mlp_pao_if_ortho_26_04_09_ed2.tif,cl_mlp_pao_if_ortho_26_04_09_ed2,amssclgis10_ams_gmams_cl_cl_mlp_pao_chacay_el_mauro_drone_26_04_cl_mlp_pao_if_ortho_26_04_09_ed2_tif,cl_mlp_pao_if_ortho_26_04_09_ed2_tif,cl_mlp_pao_if_ortho_26_04_09_ed2
658,Path,\\amssclgis10.ams.gmams.cl\CL_MLP_PAO\El_Mauro_Puerto_Punta_Chungo_Drone\26_01_04\CL_MLP_PAO_IF_Ortho_26_01_04_EV2.tif,//amssclgis10.ams.gmams.cl/cl_mlp_pao/el_mauro_puerto_punta_chungo_drone/26_01_04/cl_mlp_pao_if_ortho_26_01_04_ev2.tif,cl_mlp_pao_if_ortho_26_01_04_ev2.tif,cl_mlp_pao_if_ortho_26_01_04_ev2,amssclgis10_ams_gmams_cl_cl_mlp_pao_el_mauro_puerto_punta_chungo_drone_26_01_04_cl_mlp_pao_if_ortho_26_01_04_ev2_tif,cl_mlp_pao_if_ortho_26_01_04_ev2_tif,cl_mlp_pao_if_ortho_26_01_04_ev2
659,Path,\\amssclgis10.ams.gmams.cl\CL_MLP_PAO\El_Mauro_Drone\26_02_04\CL_MLP_PAO_IF_Ortho_26_02_04_Linea-33-kV-NorteElMauro-Area3.tif,//amssclgis10.ams.gmams.cl/cl_mlp_pao/el_mauro_drone/26_02_04/cl_mlp_pao_if_ortho_26_02_04_linea-33-kv-norteelmauro-area3.tif,cl_mlp_pao_if_ortho_26_02_04_linea-33-kv-norteelmauro-area3.tif,cl_mlp_pao_if_ortho_26_02_04_linea-33-kv-norteelmauro-area3,amssclgis10_ams_gmams_cl_cl_mlp_pao_el_mauro_drone_26_02_04_cl_mlp_pao_if_ortho_26_02_04_linea_33_kv_norteelmauro_area3_tif,cl_mlp_pao_if_ortho_26_02_04_linea_33_kv_norteelmauro_area3_tif,cl_mlp_pao_if_ortho_26_02_04_linea_33_kv_norteelmauro_area3
660,Path,\\amssclgis10.ams.gmams.cl\CL_MLP_PAO\Chacay_El_Mauro_Drone\26_01_10\CL_MLP_PAO_IF_Ortho_26_01_10_ED2.tif,//amssclgis10.ams.gmams.cl/cl_mlp_pao/chacay_el_mauro_drone/26_01_10/cl_mlp_pao_if_ortho_26_01_10_ed2.tif,cl_mlp_pao_if_ortho_26_01_10_ed2.tif,cl_mlp_pao_if_ortho_26_01_10_ed2,amssclgis10_ams_gmams_cl_cl_mlp_pao_chacay_el_mauro_drone_26_01_10_cl_mlp_pao_if_ortho_26_01_10_ed2_tif,cl_mlp_pao_if_ortho_26_01_10_ed2_tif,cl_mlp_pao_if_ortho_26_01_10_ed2
661,Path,\\amssclgis10.ams.gmams.cl\CL_MLP_PAO\Chacay_El_Mauro_Drone\26_04\CL_MLP_PAO_IF_Ortho_26_04_02_ED2.tif,//amssclgis10.ams.gmams.cl/cl_mlp_pao/chacay_el_mauro_drone/26_04/cl_mlp_pao_if_ortho_26_04_02_ed2.tif,cl_mlp_pao_if_ortho_26_04_02_ed2.tif,cl_mlp_pao_if_ortho_26_04_02_ed2,amssclgis10_ams_gmams_cl_cl_mlp_pao_chacay_el_mauro_drone_26_04_cl_mlp_pao_if_ortho_26_04_02_ed2_tif,cl_mlp_pao_if_ortho_26_04_02_ed2_tif,cl_mlp_pao_if_ortho_26_04_02_ed2
662,Path,\\amssclgis10.ams.gmams.cl\CL_MLP_PAO\El_Mauro_Puerto_Punta_Chungo_Drone\26_01_31\CL_MLP_PAO_IF_Ortho_26_01_31_EB2_1.tif,//amssclgis10.ams.gmams.cl/cl_mlp_pao/el_mauro_puerto_punta_chungo_drone/26_01_31/cl_mlp_pao_if_ortho_26_01_31_eb2_1.tif,cl_mlp_pao_if_ortho_26_01_31_eb2_1.tif,cl_mlp_pao_if_ortho_26_01_31_eb2_1,amssclgis10_ams_gmams_cl_cl_mlp_pao_el_mauro_puerto_punta_chungo_drone_26_01_31_cl_mlp_pao_if_ortho_26_01_31_eb2_1_tif,cl_mlp_pao_if_ortho_26_01_31_eb2_1_tif,cl_mlp_pao_if_ortho_26_01_31_eb2_1
663,Path,\\amssclgis10.ams.gmams.cl\CL_MLP_PAO\El_Mauro_Drone\26_03_29\CL_MLP_PAO_IF_Ortho_26_03_29_EBR.tif,//amssclgis10.ams.gmams.cl/cl_mlp_pao/el_mauro_drone/26_03_29/cl_mlp_pao_if_ortho_26_03_29_ebr.tif,cl_mlp_pao_if_ortho_26_03_29_ebr.tif,cl_mlp_pao_if_ortho_26_03_29_ebr,amssclgis10_ams_gmams_cl_cl_mlp_pao_el_mauro_drone_26_03_29_cl_mlp_pao_if_ortho_26_03_29_ebr_tif,cl_mlp_pao_if_ortho_26_03_29_ebr_tif,cl_mlp_pao_if_ortho_26_03_29_ebr
664,Path,\\amssclgis10.ams.gmams.cl\CL_MLP_PAO\El_Mauro_Drone\26_04\CL_MLP_PAO_IF_Ortho_26_04_04_EBR.tif,//amssclgis10.ams.gmams.cl/cl_mlp_pao/el_mauro_drone/26_04/cl_mlp_pao_if_ortho_26_04_04_ebr.tif,cl_mlp_pao_if_ortho_26_04_04_ebr.tif,cl_mlp_pao_if_ortho_26_04_04_ebr,amssclgis10_ams_gmams_cl_cl_mlp_pao_el_mauro_drone_26_04_cl_mlp_pao_if_ortho_26_04_04_ebr_tif,cl_mlp_pao_if_ortho_26_04_04_ebr_tif,cl_mlp_pao_if_ortho_26_04_04_ebr
665,Path,\\amssclgis10.ams.gmams.cl\CL_MLP_PAO\El_Mauro_Drone\26_04\CL_MLP_PAO_IF_Ortho_26_04_05_EB3.tif,//amssclgis10.ams.gmams.cl/cl_mlp_pao/el_mauro_drone/26_04/cl_mlp_pao_if_ortho_26_04_05_eb3.tif,cl_mlp_pao_if_ortho_26_04_05_eb3.tif,cl_mlp_pao_if_ortho_26_04_05_eb3,amssclgis10_ams_gmams_cl_cl_mlp_pao_el_mauro_drone_26_04_cl_mlp_pao_if_ortho_26_04_05_eb3_tif,cl_mlp_pao_if_ortho_26_04_05_eb3_tif,cl_mlp_pao_if_ortho_26_04_05_eb3
666,Path,\\amssclgis10.ams.gmams.cl\CL_MLP_PAO\El_Mauro_Drone\26_04\CL_MLP_PAO_IF_Ortho_26_04_18_EBR.tif,//amssclgis10.ams.gmams.cl/cl_mlp_pao/el_mauro_drone/26_04/cl_mlp_pao_if_ortho_26_04_18_ebr.tif,cl_mlp_pao_if_ortho_26_04_18_ebr.tif,cl_mlp_pao_if_ortho_26_04_18_ebr,amssclgis10_ams_gmams_cl_cl_mlp_pao_el_mauro_drone_26_04_cl_mlp_pao_if_ortho_26_04_18_ebr_tif,cl_mlp_pao_if_ortho_26_04_18_ebr_tif,cl_mlp_pao_if_ortho_26_04_18_ebr
667,Path,\\amssclgis10.ams.gmams.cl\CL_MLP_PAO\Chacay_El_Mauro_Drone\26_03_26\CL_MLP_PAO_IF_Ortho_26_03_26_ED2.tif,//amssclgis10.ams.gmams.cl/cl_mlp_pao/chacay_el_mauro_drone/26_03_26/cl_mlp_pao_if_ortho_26_03_26_ed2.tif,cl_mlp_pao_if_ortho_26_03_26_ed2.tif,cl_mlp_pao_if_ortho_26_03_26_ed2,amssclgis10_ams_gmams_cl_cl_mlp_pao_chacay_el_mauro_drone_26_03_26_cl_mlp_pao_if_ortho_26_03_26_ed2_tif,cl_mlp_pao_if_ortho_26_03_26_ed2_tif,cl_mlp_pao_if_ortho_26_03_26_ed2
668,Path,\\amssclgis10.ams.gmams.cl\CL_MLP_PAO\El_Mauro_Drone\26_05\CL_MLP_PAO_IF_Ortho_26_05_01_Pozos_PRP.tif,//amssclgis10.ams.gmams.cl/cl_mlp_pao/el_mauro_drone/26_05/cl_mlp_pao_if_ortho_26_05_01_pozos_prp.tif,cl_mlp_pao_if_ortho_26_05_01_pozos_prp.tif,cl_mlp_pao_if_ortho_26_05_01_pozos_prp,amssclgis10_ams_gmams_cl_cl_mlp_pao_el_mauro_drone_26_05_cl_mlp_pao_if_ortho_26_05_01_pozos_prp_tif,cl_mlp_pao_if_ortho_26_05_01_pozos_prp_tif,cl_mlp_pao_if_ortho_26_05_01_pozos_prp
669,Path,\\amssclgis10.ams.gmams.cl\CL_MLP_PAO\Chacay_Drone\26_04\CL_MLP_PAO_IF_Ortho_26_04_10_Estacion_Cabecera.tif,//amssclgis10.ams.gmams.cl/cl_mlp_pao/chacay_drone/26_04/cl_mlp_pao_if_ortho_26_04_10_estacion_cabecera.tif,cl_mlp_pao_if_ortho_26_04_10_estacion_cabecera.tif,cl_mlp_pao_if_ortho_26_04_10_estacion_cabecera,amssclgis10_ams_gmams_cl_cl_mlp_pao_chacay_drone_26_04_cl_mlp_pao_if_ortho_26_04_10_estacion_cabecera_tif,cl_mlp_pao_if_ortho_26_04_10_estacion_cabecera_tif,cl_mlp_pao_if_ortho_26_04_10_estacion_cabecera
670,Path,\\amssclgis10.ams.gmams.cl\CL_MLP_PAO\El_Mauro_Puerto_Punta_Chungo_Drone\26_02_20\CL_MLP_PAO_IF_Ortho_26_02_20_EV2.tif,//amssclgis10.ams.gmams.cl/cl_mlp_pao/el_mauro_puerto_punta_chungo_drone/26_02_20/cl_mlp_pao_if_ortho_26_02_20_ev2.tif,cl_mlp_pao_if_ortho_26_02_20_ev2.tif,cl_mlp_pao_if_ortho_26_02_20_ev2,amssclgis10_ams_gmams_cl_cl_mlp_pao_el_mauro_puerto_punta_chungo_drone_26_02_20_cl_mlp_pao_if_ortho_26_02_20_ev2_tif,cl_mlp_pao_if_ortho_26_02_20_ev2_tif,cl_mlp_pao_if_ortho_26_02_20_ev2
671,Path,\\amssclgis10.ams.gmams.cl\CL_MLP_PAO\El_Mauro_Drone\26_04\CL_MLP_PAO_IF_Ortho_26_04_10_Pozos_PRP.tif,//amssclgis10.ams.gmams.cl/cl_mlp_pao/el_mauro_drone/26_04/cl_mlp_pao_if_ortho_26_04_10_pozos_prp.tif,cl_mlp_pao_if_ortho_26_04_10_pozos_prp.tif,cl_mlp_pao_if_ortho_26_04_10_pozos_prp,amssclgis10_ams_gmams_cl_cl_mlp_pao_el_mauro_drone_26_04_cl_mlp_pao_if_ortho_26_04_10_pozos_prp_tif,cl_mlp_pao_if_ortho_26_04_10_pozos_prp_tif,cl_mlp_pao_if_ortho_26_04_10_pozos_prp
672,Path,\\amssclgis10.ams.gmams.cl\CL_MLP_PAO\El_Mauro_Puerto_Punta_Chungo_Drone\26_02_05\CL_MLP_PAO_IF_Ortho_26_02_05_EV2.tif,//amssclgis10.ams.gmams.cl/cl_mlp_pao/el_mauro_puerto_punta_chungo_drone/26_02_05/cl_mlp_pao_if_ortho_26_02_05_ev2.tif,cl_mlp_pao_if_ortho_26_02_05_ev2.tif,cl_mlp_pao_if_ortho_26_02_05_ev2,amssclgis10_ams_gmams_cl_cl_mlp_pao_el_mauro_puerto_punta_chungo_drone_26_02_05_cl_mlp_pao_if_ortho_26_02_05_ev2_tif,cl_mlp_pao_if_ortho_26_02_05_ev2_tif,cl_mlp_pao_if_ortho_26_02_05_ev2
673,Path,\\amssclgis10.ams.gmams.cl\CL_MLP_PAO\El_Mauro_Drone\26_03_15\CL_MLP_PAO_IF_Ortho_26_03_15_Linea-33-kV-NorteElMauro-Area3_1.tif,//amssclgis10.ams.gmams.cl/cl_mlp_pao/el_mauro_drone/26_03_15/cl_mlp_pao_if_ortho_26_03_15_linea-33-kv-norteelmauro-area3_1.tif,cl_mlp_pao_if_ortho_26_03_15_linea-33-kv-norteelmauro-area3_1.tif,cl_mlp_pao_if_ortho_26_03_15_linea-33-kv-norteelmauro-area3_1,amssclgis10_ams_gmams_cl_cl_mlp_pao_el_mauro_drone_26_03_15_cl_mlp_pao_if_ortho_26_03_15_linea_33_kv_norteelmauro_area3_1_tif,cl_mlp_pao_if_ortho_26_03_15_linea_33_kv_norteelmauro_area3_1_tif,cl_mlp_pao_if_ortho_26_03_15_linea_33_kv_norteelmauro_area3_1
674,Path,\\amssclgis10.ams.gmams.cl\CL_MLP_PAO\El_Mauro_Drone\26_03_26\CL_MLP_PAO_IF_Ortho_26_03_26_Camino_Alternativo_Salamanca.tif,//amssclgis10.ams.gmams.cl/cl_mlp_pao/el_mauro_drone/26_03_26/cl_mlp_pao_if_ortho_26_03_26_camino_alternativo_salamanca.tif,cl_mlp_pao_if_ortho_26_03_26_camino_alternativo_salamanca.tif,cl_mlp_pao_if_ortho_26_03_26_camino_alternativo_salamanca,amssclgis10_ams_gmams_cl_cl_mlp_pao_el_mauro_drone_26_03_26_cl_mlp_pao_if_ortho_26_03_26_camino_alternativo_salamanca_tif,cl_mlp_pao_if_ortho_26_03_26_camino_alternativo_salamanca_tif,cl_mlp_pao_if_ortho_26_03_26_camino_alternativo_salamanca
675,Path,\\amssclgis10.ams.gmams.cl\CL_MLP_PAO\El_Mauro_Drone\26_01_31\CL_MLP_PAO_IF_Ortho_26_01_31_Linea-33-kV-NorteElMauro-Area3_1.tif,//amssclgis10.ams.gmams.cl/cl_mlp_pao/el_mauro_drone/26_01_31/cl_mlp_pao_if_ortho_26_01_31_linea-33-kv-norteelmauro-area3_1.tif,cl_mlp_pao_if_ortho_26_01_31_linea-33-kv-norteelmauro-area3_1.tif,cl_mlp_pao_if_ortho_26_01_31_linea-33-kv-norteelmauro-area3_1,amssclgis10_ams_gmams_cl_cl_mlp_pao_el_mauro_drone_26_01_31_cl_mlp_pao_if_ortho_26_01_31_linea_33_kv_norteelmauro_area3_1_tif,cl_mlp_pao_if_ortho_26_01_31_linea_33_kv_norteelmauro_area3_1_tif,cl_mlp_pao_if_ortho_26_01_31_linea_33_kv_norteelmauro_area3_1
676,Path,\\amssclgis10.ams.gmams.cl\CL_MLP_PAO\Chacay_Drone\26_05\CL_MLP_PAO_IF_Ortho_26_05_09_EM1.tif,//amssclgis10.ams.gmams.cl/cl_mlp_pao/chacay_drone/26_05/cl_mlp_pao_if_ortho_26_05_09_em1.tif,cl_mlp_pao_if_ortho_26_05_09_em1.tif,cl_mlp_pao_if_ortho_26_05_09_em1,amssclgis10_ams_gmams_cl_cl_mlp_pao_chacay_drone_26_05_cl_mlp_pao_if_ortho_26_05_09_em1_tif,cl_mlp_pao_if_ortho_26_05_09_em1_tif,cl_mlp_pao_if_ortho_26_05_09_em1
677,Path,\\amssclgis10.ams.gmams.cl\CL_MLP_PAO\El_Mauro_Puerto_Punta_Chungo_Drone\26_03_21\CL_MLP_PAO_IF_Ortho_26_03_21_EV2.tif,//amssclgis10.ams.gmams.cl/cl_mlp_pao/el_mauro_puerto_punta_chungo_drone/26_03_21/cl_mlp_pao_if_ortho_26_03_21_ev2.tif,cl_mlp_pao_if_ortho_26_03_21_ev2.tif,cl_mlp_pao_if_ortho_26_03_21_ev2,amssclgis10_ams_gmams_cl_cl_mlp_pao_el_mauro_puerto_punta_chungo_drone_26_03_21_cl_mlp_pao_if_ortho_26_03_21_ev2_tif,cl_mlp_pao_if_ortho_26_03_21_ev2_tif,cl_mlp_pao_if_ortho_26_03_21_ev2
678,Path,\\amssclgis10.ams.gmams.cl\CL_MLP_PAO\El_Mauro_Drone\26_01_07\CL_MLP_PAO_IF_Ortho_26_01_07_Patio-19B-y-Armado.tif,//amssclgis10.ams.gmams.cl/cl_mlp_pao/el_mauro_drone/26_01_07/cl_mlp_pao_if_ortho_26_01_07_patio-19b-y-armado.tif,cl_mlp_pao_if_ortho_26_01_07_patio-19b-y-armado.tif,cl_mlp_pao_if_ortho_26_01_07_patio-19b-y-armado,amssclgis10_ams_gmams_cl_cl_mlp_pao_el_mauro_drone_26_01_07_cl_mlp_pao_if_ortho_26_01_07_patio_19b_y_armado_tif,cl_mlp_pao_if_ortho_26_01_07_patio_19b_y_armado_tif,cl_mlp_pao_if_ortho_26_01_07_patio_19b_y_armado
679,Path,\\amssclgis10.ams.gmams.cl\CL_MLP_PAO\El_Mauro_Drone\26_02_21\CL_MLP_PAO_IF_Ortho_26_02_21_Patio-19B-y-Armado.tif,//amssclgis10.ams.gmams.cl/cl_mlp_pao/el_mauro_drone/26_02_21/cl_mlp_pao_if_ortho_26_02_21_patio-19b-y-armado.tif,cl_mlp_pao_if_ortho_26_02_21_patio-19b-y-armado.tif,cl_mlp_pao_if_ortho_26_02_21_patio-19b-y-armado,amssclgis10_ams_gmams_cl_cl_mlp_pao_el_mauro_drone_26_02_21_cl_mlp_pao_if_ortho_26_02_21_patio_19b_y_armado_tif,cl_mlp_pao_if_ortho_26_02_21_patio_19b_y_armado_tif,cl_mlp_pao_if_ortho_26_02_21_patio_19b_y_armado
680,Path,\\amssclgis10.ams.gmams.cl\CL_MLP_PAO\El_Mauro_Drone\26_02_28\CL_MLP_PAO_IF_Ortho_26_02_28_Patio-19B-y-Armado.tif,//amssclgis10.ams.gmams.cl/cl_mlp_pao/el_mauro_drone/26_02_28/cl_mlp_pao_if_ortho_26_02_28_patio-19b-y-armado.tif,cl_mlp_pao_if_ortho_26_02_28_patio-19b-y-armado.tif,cl_mlp_pao_if_ortho_26_02_28_patio-19b-y-armado,amssclgis10_ams_gmams_cl_cl_mlp_pao_el_mauro_drone_26_02_28_cl_mlp_pao_if_ortho_26_02_28_patio_19b_y_armado_tif,cl_mlp_pao_if_ortho_26_02_28_patio_19b_y_armado_tif,cl_mlp_pao_if_ortho_26_02_28_patio_19b_y_armado
681,Path,\\amssclgis10.ams.gmams.cl\CL_MLP_PAO\El_Mauro_Drone\26_01_22\CL_MLP_PAO_IF_Ortho_26_01_22_Patio-19B-y-Armado.tif,//amssclgis10.ams.gmams.cl/cl_mlp_pao/el_mauro_drone/26_01_22/cl_mlp_pao_if_ortho_26_01_22_patio-19b-y-armado.tif,cl_mlp_pao_if_ortho_26_01_22_patio-19b-y-armado.tif,cl_mlp_pao_if_ortho_26_01_22_patio-19b-y-armado,amssclgis10_ams_gmams_cl_cl_mlp_pao_el_mauro_drone_26_01_22_cl_mlp_pao_if_ortho_26_01_22_patio_19b_y_armado_tif,cl_mlp_pao_if_ortho_26_01_22_patio_19b_y_armado_tif,cl_mlp_pao_if_ortho_26_01_22_patio_19b_y_armado
682,Path,\\amssclgis10.ams.gmams.cl\CL_MLP_PAO\El_Mauro_Drone\26_04\CL_MLP_PAO_IF_Ortho_26_04_18_Helipuerto.tif,//amssclgis10.ams.gmams.cl/cl_mlp_pao/el_mauro_drone/26_04/cl_mlp_pao_if_ortho_26_04_18_helipuerto.tif,cl_mlp_pao_if_ortho_26_04_18_helipuerto.tif,cl_mlp_pao_if_ortho_26_04_18_helipuerto,amssclgis10_ams_gmams_cl_cl_mlp_pao_el_mauro_drone_26_04_cl_mlp_pao_if_ortho_26_04_18_helipuerto_tif,cl_mlp_pao_if_ortho_26_04_18_helipuerto_tif,cl_mlp_pao_if_ortho_26_04_18_helipuerto
684,Path,\\amssclgis10.ams.gmams.cl\CL_MLP_PAO\El_Mauro_Drone\26_03_20\CL_MLP_PAO_IF_Ortho_26_03_20_Estacion_Drenes_El_Mauro.tif,//amssclgis10.ams.gmams.cl/cl_mlp_pao/el_mauro_drone/26_03_20/cl_mlp_pao_if_ortho_26_03_20_estacion_drenes_el_mauro.tif,cl_mlp_pao_if_ortho_26_03_20_estacion_drenes_el_mauro.tif,cl_mlp_pao_if_ortho_26_03_20_estacion_drenes_el_mauro,amssclgis10_ams_gmams_cl_cl_mlp_pao_el_mauro_drone_26_03_20_cl_mlp_pao_if_ortho_26_03_20_estacion_drenes_el_mauro_tif,cl_mlp_pao_if_ortho_26_03_20_estacion_drenes_el_mauro_tif,cl_mlp_pao_if_ortho_26_03_20_estacion_drenes_el_mauro
685,Path,\\amssclgis10.ams.gmams.cl\CL_MLP_PAO\El_Mauro_Drone\26_02_14\CL_MLP_PAO_IF_Ortho_26_02_14_Subestacion-El-Mauro.tif,//amssclgis10.ams.gmams.cl/cl_mlp_pao/el_mauro_drone/26_02_14/cl_mlp_pao_if_ortho_26_02_14_subestacion-el-mauro.tif,cl_mlp_pao_if_ortho_26_02_14_subestacion-el-mauro.tif,cl_mlp_pao_if_ortho_26_02_14_subestacion-el-mauro,amssclgis10_ams_gmams_cl_cl_mlp_pao_el_mauro_drone_26_02_14_cl_mlp_pao_if_ortho_26_02_14_subestacion_el_mauro_tif,cl_mlp_pao_if_ortho_26_02_14_subestacion_el_mauro_tif,cl_mlp_pao_if_ortho_26_02_14_subestacion_el_mauro
686,Path,\\amssclgis10.ams.gmams.cl\CL_MLP_PAO\Chacay_El_Mauro_Drone\26_03_18\CL_MLP_PAO_IF_Ortho_26_03_18_EM2_S2.tif,//amssclgis10.ams.gmams.cl/cl_mlp_pao/chacay_el_mauro_drone/26_03_18/cl_mlp_pao_if_ortho_26_03_18_em2_s2.tif,cl_mlp_pao_if_ortho_26_03_18_em2_s2.tif,cl_mlp_pao_if_ortho_26_03_18_em2_s2,amssclgis10_ams_gmams_cl_cl_mlp_pao_chacay_el_mauro_drone_26_03_18_cl_mlp_pao_if_ortho_26_03_18_em2_s2_tif,cl_mlp_pao_if_ortho_26_03_18_em2_s2_tif,cl_mlp_pao_if_ortho_26_03_18_em2_s2
687,Path,\\amssclgis10.ams.gmams.cl\CL_MLP_PAO\El_Mauro_Puerto_Punta_Chungo_Drone\26_02_26\CL_MLP_PAO_IF_Ortho_26_02_26_TORRE_E85_A_E_125.tif,//amssclgis10.ams.gmams.cl/cl_mlp_pao/el_mauro_puerto_punta_chungo_drone/26_02_26/cl_mlp_pao_if_ortho_26_02_26_torre_e85_a_e_125.tif,cl_mlp_pao_if_ortho_26_02_26_torre_e85_a_e_125.tif,cl_mlp_pao_if_ortho_26_02_26_torre_e85_a_e_125,amssclgis10_ams_gmams_cl_cl_mlp_pao_el_mauro_puerto_punta_chungo_drone_26_02_26_cl_mlp_pao_if_ortho_26_02_26_torre_e85_a_e_125_tif,cl_mlp_pao_if_ortho_26_02_26_torre_e85_a_e_125_tif,cl_mlp_pao_if_ortho_26_02_26_torre_e85_a_e_125
688,Path,\\amssclgis10.ams.gmams.cl\CL_MLP_PAO\Chacay_El_Mauro_Drone\26_04\CL_MLP_PAO_IF_Ortho_26_04_02_EM3.tif,//amssclgis10.ams.gmams.cl/cl_mlp_pao/chacay_el_mauro_drone/26_04/cl_mlp_pao_if_ortho_26_04_02_em3.tif,cl_mlp_pao_if_ortho_26_04_02_em3.tif,cl_mlp_pao_if_ortho_26_04_02_em3,amssclgis10_ams_gmams_cl_cl_mlp_pao_chacay_el_mauro_drone_26_04_cl_mlp_pao_if_ortho_26_04_02_em3_tif,cl_mlp_pao_if_ortho_26_04_02_em3_tif,cl_mlp_pao_if_ortho_26_04_02_em3
689,Path,\\amssclgis10.ams.gmams.cl\CL_MLP_PAO\Chacay_Drone\26_03_20\CL_MLP_PAO_IF_Ortho_26_03_20_EM1.tif,//amssclgis10.ams.gmams.cl/cl_mlp_pao/chacay_drone/26_03_20/cl_mlp_pao_if_ortho_26_03_20_em1.tif,cl_mlp_pao_if_ortho_26_03_20_em1.tif,cl_mlp_pao_if_ortho_26_03_20_em1,amssclgis10_ams_gmams_cl_cl_mlp_pao_chacay_drone_26_03_20_cl_mlp_pao_if_ortho_26_03_20_em1_tif,cl_mlp_pao_if_ortho_26_03_20_em1_tif,cl_mlp_pao_if_ortho_26_03_20_em1
690,Path,\\amssclgis10.ams.gmams.cl\CL_MLP_PAO\Chacay_El_Mauro_Drone\26_02_19\CL_MLP_PAO_IF_Ortho_26_02_19_ED1_IIFF7_DME8.tif,//amssclgis10.ams.gmams.cl/cl_mlp_pao/chacay_el_mauro_drone/26_02_19/cl_mlp_pao_if_ortho_26_02_19_ed1_iiff7_dme8.tif,cl_mlp_pao_if_ortho_26_02_19_ed1_iiff7_dme8.tif,cl_mlp_pao_if_ortho_26_02_19_ed1_iiff7_dme8,amssclgis10_ams_gmams_cl_cl_mlp_pao_chacay_el_mauro_drone_26_02_19_cl_mlp_pao_if_ortho_26_02_19_ed1_iiff7_dme8_tif,cl_mlp_pao_if_ortho_26_02_19_ed1_iiff7_dme8_tif,cl_mlp_pao_if_ortho_26_02_19_ed1_iiff7_dme8
691,Path,\\amssclgis10.ams.gmams.cl\CL_MLP_PAO\Chacay_El_Mauro_Drone\26_02_21\CL_MLP_PAO_IF_Ortho_26_02_21_EV1.tif,//amssclgis10.ams.gmams.cl/cl_mlp_pao/chacay_el_mauro_drone/26_02_21/cl_mlp_pao_if_ortho_26_02_21_ev1.tif,cl_mlp_pao_if_ortho_26_02_21_ev1.tif,cl_mlp_pao_if_ortho_26_02_21_ev1,amssclgis10_ams_gmams_cl_cl_mlp_pao_chacay_el_mauro_drone_26_02_21_cl_mlp_pao_if_ortho_26_02_21_ev1_tif,cl_mlp_pao_if_ortho_26_02_21_ev1_tif,cl_mlp_pao_if_ortho_26_02_21_ev1
692,Path,\\amssclgis10.ams.gmams.cl\CL_MLP_PAO\Chacay_El_Mauro_Drone\26_03_26\CL_MLP_PAO_IF_Ortho_26_03_26_EM3.tif,//amssclgis10.ams.gmams.cl/cl_mlp_pao/chacay_el_mauro_drone/26_03_26/cl_mlp_pao_if_ortho_26_03_26_em3.tif,cl_mlp_pao_if_ortho_26_03_26_em3.tif,cl_mlp_pao_if_ortho_26_03_26_em3,amssclgis10_ams_gmams_cl_cl_mlp_pao_chacay_el_mauro_drone_26_03_26_cl_mlp_pao_if_ortho_26_03_26_em3_tif,cl_mlp_pao_if_ortho_26_03_26_em3_tif,cl_mlp_pao_if_ortho_26_03_26_em3
693,Path,\\amssclgis10.ams.gmams.cl\CL_MLP_PAO\El_Mauro_Puerto_Punta_Chungo_Drone\26_03_07\CL_MLP_PAO_IF_Ortho_26_03_07_EV2.tif,//amssclgis10.ams.gmams.cl/cl_mlp_pao/el_mauro_puerto_punta_chungo_drone/26_03_07/cl_mlp_pao_if_ortho_26_03_07_ev2.tif,cl_mlp_pao_if_ortho_26_03_07_ev2.tif,cl_mlp_pao_if_ortho_26_03_07_ev2,amssclgis10_ams_gmams_cl_cl_mlp_pao_el_mauro_puerto_punta_chungo_drone_26_03_07_cl_mlp_pao_if_ortho_26_03_07_ev2_tif,cl_mlp_pao_if_ortho_26_03_07_ev2_tif,cl_mlp_pao_if_ortho_26_03_07_ev2
694,Path,\\amssclgis10.ams.gmams.cl\CL_MLP_PAO\Chacay_Drone\26_04\CL_MLP_PAO_IF_Ortho_26_04_18_EM1.tif,//amssclgis10.ams.gmams.cl/cl_mlp_pao/chacay_drone/26_04/cl_mlp_pao_if_ortho_26_04_18_em1.tif,cl_mlp_pao_if_ortho_26_04_18_em1.tif,cl_mlp_pao_if_ortho_26_04_18_em1,amssclgis10_ams_gmams_cl_cl_mlp_pao_chacay_drone_26_04_cl_mlp_pao_if_ortho_26_04_18_em1_tif,cl_mlp_pao_if_ortho_26_04_18_em1_tif,cl_mlp_pao_if_ortho_26_04_18_em1
695,Path,\\amssclgis10.ams.gmams.cl\CL_MLP_PAO\Chacay_El_Mauro_Drone\26_05\CL_MLP_PAO_IF_Ortho_26_05_02_ED1.tif,//amssclgis10.ams.gmams.cl/cl_mlp_pao/chacay_el_mauro_drone/26_05/cl_mlp_pao_if_ortho_26_05_02_ed1.tif,cl_mlp_pao_if_ortho_26_05_02_ed1.tif,cl_mlp_pao_if_ortho_26_05_02_ed1,amssclgis10_ams_gmams_cl_cl_mlp_pao_chacay_el_mauro_drone_26_05_cl_mlp_pao_if_ortho_26_05_02_ed1_tif,cl_mlp_pao_if_ortho_26_05_02_ed1_tif,cl_mlp_pao_if_ortho_26_05_02_ed1
696,Path,\\amssclgis10.ams.gmams.cl\CL_MLP_PAO\Chacay_El_Mauro_Drone\26_01_10\CL_MLP_PAO_IF_Ortho_26_01_10_ED1-IIFF7-DME8.tif,//amssclgis10.ams.gmams.cl/cl_mlp_pao/chacay_el_mauro_drone/26_01_10/cl_mlp_pao_if_ortho_26_01_10_ed1-iiff7-dme8.tif,cl_mlp_pao_if_ortho_26_01_10_ed1-iiff7-dme8.tif,cl_mlp_pao_if_ortho_26_01_10_ed1-iiff7-dme8,amssclgis10_ams_gmams_cl_cl_mlp_pao_chacay_el_mauro_drone_26_01_10_cl_mlp_pao_if_ortho_26_01_10_ed1_iiff7_dme8_tif,cl_mlp_pao_if_ortho_26_01_10_ed1_iiff7_dme8_tif,cl_mlp_pao_if_ortho_26_01_10_ed1_iiff7_dme8
697,Path,\\amssclgis10.ams.gmams.cl\CL_MLP_PAO\Chacay_Drone\26_04\CL_MLP_PAO_IF_Ortho_26_04_03_EM1.tif,//amssclgis10.ams.gmams.cl/cl_mlp_pao/chacay_drone/26_04/cl_mlp_pao_if_ortho_26_04_03_em1.tif,cl_mlp_pao_if_ortho_26_04_03_em1.tif,cl_mlp_pao_if_ortho_26_04_03_em1,amssclgis10_ams_gmams_cl_cl_mlp_pao_chacay_drone_26_04_cl_mlp_pao_if_ortho_26_04_03_em1_tif,cl_mlp_pao_if_ortho_26_04_03_em1_tif,cl_mlp_pao_if_ortho_26_04_03_em1
698,Path,\\amssclgis10.ams.gmams.cl\CL_MLP_PAO\Chacay_El_Mauro_Drone\26_02_04\CL_MLP_PAO_IF_Ortho_26_02_04_ED1-IIFF7-DME8.tif,//amssclgis10.ams.gmams.cl/cl_mlp_pao/chacay_el_mauro_drone/26_02_04/cl_mlp_pao_if_ortho_26_02_04_ed1-iiff7-dme8.tif,cl_mlp_pao_if_ortho_26_02_04_ed1-iiff7-dme8.tif,cl_mlp_pao_if_ortho_26_02_04_ed1-iiff7-dme8,amssclgis10_ams_gmams_cl_cl_mlp_pao_chacay_el_mauro_drone_26_02_04_cl_mlp_pao_if_ortho_26_02_04_ed1_iiff7_dme8_tif,cl_mlp_pao_if_ortho_26_02_04_ed1_iiff7_dme8_tif,cl_mlp_pao_if_ortho_26_02_04_ed1_iiff7_dme8
699,Path,\\amssclgis10.ams.gmams.cl\CL_MLP_PAO\Chacay_Drone\26_03_29\CL_MLP_PAO_IF_Ortho_26_03_29_EM1.tif,//amssclgis10.ams.gmams.cl/cl_mlp_pao/chacay_drone/26_03_29/cl_mlp_pao_if_ortho_26_03_29_em1.tif,cl_mlp_pao_if_ortho_26_03_29_em1.tif,cl_mlp_pao_if_ortho_26_03_29_em1,amssclgis10_ams_gmams_cl_cl_mlp_pao_chacay_drone_26_03_29_cl_mlp_pao_if_ortho_26_03_29_em1_tif,cl_mlp_pao_if_ortho_26_03_29_em1_tif,cl_mlp_pao_if_ortho_26_03_29_em1
700,Path,\\amssclgis10.ams.gmams.cl\CL_MLP_PAO\El_Mauro_Puerto_Punta_Chungo_Drone\26_04\CL_MLP_PAO_IF_Ortho_26_04_18_ED1.tif,//amssclgis10.ams.gmams.cl/cl_mlp_pao/el_mauro_puerto_punta_chungo_drone/26_04/cl_mlp_pao_if_ortho_26_04_18_ed1.tif,cl_mlp_pao_if_ortho_26_04_18_ed1.tif,cl_mlp_pao_if_ortho_26_04_18_ed1,amssclgis10_ams_gmams_cl_cl_mlp_pao_el_mauro_puerto_punta_chungo_drone_26_04_cl_mlp_pao_if_ortho_26_04_18_ed1_tif,cl_mlp_pao_if_ortho_26_04_18_ed1_tif,cl_mlp_pao_if_ortho_26_04_18_ed1
701,Path,\\amssclgis10.ams.gmams.cl\CL_MLP_PAO\Chacay_Drone\26_03_06\CL_MLP_PAO_IF_Ortho_26_03_06_EM1.tif,//amssclgis10.ams.gmams.cl/cl_mlp_pao/chacay_drone/26_03_06/cl_mlp_pao_if_ortho_26_03_06_em1.tif,cl_mlp_pao_if_ortho_26_03_06_em1.tif,cl_mlp_pao_if_ortho_26_03_06_em1,amssclgis10_ams_gmams_cl_cl_mlp_pao_chacay_drone_26_03_06_cl_mlp_pao_if_ortho_26_03_06_em1_tif,cl_mlp_pao_if_ortho_26_03_06_em1_tif,cl_mlp_pao_if_ortho_26_03_06_em1
702,Path,\\amssclgis10.ams.gmams.cl\CL_MLP_PAO\Chacay_Drone\26_04\CL_MLP_PAO_IF_Ortho_26_04_25_EM1.tif,//amssclgis10.ams.gmams.cl/cl_mlp_pao/chacay_drone/26_04/cl_mlp_pao_if_ortho_26_04_25_em1.tif,cl_mlp_pao_if_ortho_26_04_25_em1.tif,cl_mlp_pao_if_ortho_26_04_25_em1,amssclgis10_ams_gmams_cl_cl_mlp_pao_chacay_drone_26_04_cl_mlp_pao_if_ortho_26_04_25_em1_tif,cl_mlp_pao_if_ortho_26_04_25_em1_tif,cl_mlp_pao_if_ortho_26_04_25_em1
703,Path,\\amssclgis10.ams.gmams.cl\CL_MLP_PAO\Chacay_El_Mauro_Drone\26_03_11\CL_MLP_PAO_IF_Ortho_26_03_11_EV1.tif,//amssclgis10.ams.gmams.cl/cl_mlp_pao/chacay_el_mauro_drone/26_03_11/cl_mlp_pao_if_ortho_26_03_11_ev1.tif,cl_mlp_pao_if_ortho_26_03_11_ev1.tif,cl_mlp_pao_if_ortho_26_03_11_ev1,amssclgis10_ams_gmams_cl_cl_mlp_pao_chacay_el_mauro_drone_26_03_11_cl_mlp_pao_if_ortho_26_03_11_ev1_tif,cl_mlp_pao_if_ortho_26_03_11_ev1_tif,cl_mlp_pao_if_ortho_26_03_11_ev1
704,Path,\\amssclgis10.ams.gmams.cl\CL_MLP_PAO\Chacay_El_Mauro_Drone\26_03_14\CL_MLP_PAO_IF_Ortho_26_03_14_ED1-IIFF7-DME8.tif,//amssclgis10.ams.gmams.cl/cl_mlp_pao/chacay_el_mauro_drone/26_03_14/cl_mlp_pao_if_ortho_26_03_14_ed1-iiff7-dme8.tif,cl_mlp_pao_if_ortho_26_03_14_ed1-iiff7-dme8.tif,cl_mlp_pao_if_ortho_26_03_14_ed1-iiff7-dme8,amssclgis10_ams_gmams_cl_cl_mlp_pao_chacay_el_mauro_drone_26_03_14_cl_mlp_pao_if_ortho_26_03_14_ed1_iiff7_dme8_tif,cl_mlp_pao_if_ortho_26_03_14_ed1_iiff7_dme8_tif,cl_mlp_pao_if_ortho_26_03_14_ed1_iiff7_dme8
705,Path,\\amssclgis10.ams.gmams.cl\CL_MLP_PAO\Chacay_El_Mauro_Drone\26_01_21\CL_MLP_PAO_IF_Ortho_26_01_21_ED1-IIFF7-DME8.tif,//amssclgis10.ams.gmams.cl/cl_mlp_pao/chacay_el_mauro_drone/26_01_21/cl_mlp_pao_if_ortho_26_01_21_ed1-iiff7-dme8.tif,cl_mlp_pao_if_ortho_26_01_21_ed1-iiff7-dme8.tif,cl_mlp_pao_if_ortho_26_01_21_ed1-iiff7-dme8,amssclgis10_ams_gmams_cl_cl_mlp_pao_chacay_el_mauro_drone_26_01_21_cl_mlp_pao_if_ortho_26_01_21_ed1_iiff7_dme8_tif,cl_mlp_pao_if_ortho_26_01_21_ed1_iiff7_dme8_tif,cl_mlp_pao_if_ortho_26_01_21_ed1_iiff7_dme8
706,Path,C:\Users\amsgiseeap\AppData\Local\Temp\ArcGISProTemp12292\Untitled\SQLServer-amssclgis06_ArcGIS-Aereo.sde\OWD.AMD_CL_MLP_PAO_IF_Ortho_Geosupport_OVR\\Ov_i9A2_L03_R00001C4E_C000017B5,c:/users/amsgiseeap/appdata/local/temp/arcgisprotemp12292/untitled/sqlserver-amssclgis06_arcgis-aereo.sde/owd.amd_cl_mlp_pao_if_ortho_geosupport_ovr//ov_i9a2_l03_r00001c4e_c000017b5,ov_i9a2_l03_r00001c4e_c000017b5,ov_i9a2_l03_r00001c4e_c000017b5,c_users_amsgiseeap_appdata_local_temp_arcgisprotemp12292_untitled_sqlserver_amssclgis06_arcgis_aereo_sde_owd_amd_cl_mlp_pao_if_ortho_geosupport_ovr_ov_i9a2_l03_r00001c4e_c000017b5,ov_i9a2_l03_r00001c4e_c000017b5,ov_i9a2_l03_r00001c4e_c000017b5
707,Path,C:\Users\amsgiseeap\AppData\Local\Temp\ArcGISProTemp12292\Untitled\SQLServer-amssclgis06_ArcGIS-Aereo.sde\OWD.AMD_CL_MLP_PAO_IF_Ortho_Geosupport_OVR\\Ov_i9A2_L03_R00001C4F_C000017B5,c:/users/amsgiseeap/appdata/local/temp/arcgisprotemp12292/untitled/sqlserver-amssclgis06_arcgis-aereo.sde/owd.amd_cl_mlp_pao_if_ortho_geosupport_ovr//ov_i9a2_l03_r00001c4f_c000017b5,ov_i9a2_l03_r00001c4f_c000017b5,ov_i9a2_l03_r00001c4f_c000017b5,c_users_amsgiseeap_appdata_local_temp_arcgisprotemp12292_untitled_sqlserver_amssclgis06_arcgis_aereo_sde_owd_amd_cl_mlp_pao_if_ortho_geosupport_ovr_ov_i9a2_l03_r00001c4f_c000017b5,ov_i9a2_l03_r00001c4f_c000017b5,ov_i9a2_l03_r00001c4f_c000017b5
708,Path,C:\Users\amsgiseeap\AppData\Local\Temp\ArcGISProTemp12292\Untitled\SQLServer-amssclgis06_ArcGIS-Aereo.sde\OWD.AMD_CL_MLP_PAO_IF_Ortho_Geosupport_OVR\\Ov_i9A2_L03_R00001C4B_C000017E5,c:/users/amsgiseeap/appdata/local/temp/arcgisprotemp12292/untitled/sqlserver-amssclgis06_arcgis-aereo.sde/owd.amd_cl_mlp_pao_if_ortho_geosupport_ovr//ov_i9a2_l03_r00001c4b_c000017e5,ov_i9a2_l03_r00001c4b_c000017e5,ov_i9a2_l03_r00001c4b_c000017e5,c_users_amsgiseeap_appdata_local_temp_arcgisprotemp12292_untitled_sqlserver_amssclgis06_arcgis_aereo_sde_owd_amd_cl_mlp_pao_if_ortho_geosupport_ovr_ov_i9a2_l03_r00001c4b_c000017e5,ov_i9a2_l03_r00001c4b_c000017e5,ov_i9a2_l03_r00001c4b_c000017e5
709,Path,C:\Users\amsgiseeap\AppData\Local\Temp\ArcGISProTemp12292\Untitled\SQLServer-amssclgis06_ArcGIS-Aereo.sde\OWD.AMD_CL_MLP_PAO_IF_Ortho_Geosupport_OVR\\Ov_i9A2_L03_R00001C4B_C000017E6,c:/users/amsgiseeap/appdata/local/temp/arcgisprotemp12292/untitled/sqlserver-amssclgis06_arcgis-aereo.sde/owd.amd_cl_mlp_pao_if_ortho_geosupport_ovr//ov_i9a2_l03_r00001c4b_c000017e6,ov_i9a2_l03_r00001c4b_c000017e6,ov_i9a2_l03_r00001c4b_c000017e6,c_users_amsgiseeap_appdata_local_temp_arcgisprotemp12292_untitled_sqlserver_amssclgis06_arcgis_aereo_sde_owd_amd_cl_mlp_pao_if_ortho_geosupport_ovr_ov_i9a2_l03_r00001c4b_c000017e6,ov_i9a2_l03_r00001c4b_c000017e6,ov_i9a2_l03_r00001c4b_c000017e6
710,Path,C:\Users\amsgiseeap\AppData\Local\Temp\ArcGISProTemp12292\Untitled\SQLServer-amssclgis06_ArcGIS-Aereo.sde\OWD.AMD_CL_MLP_PAO_IF_Ortho_Geosupport_OVR\\Ov_i9A2_L03_R00001C40_C00001785,c:/users/amsgiseeap/appdata/local/temp/arcgisprotemp12292/untitled/sqlserver-amssclgis06_arcgis-aereo.sde/owd.amd_cl_mlp_pao_if_ortho_geosupport_ovr//ov_i9a2_l03_r00001c40_c00001785,ov_i9a2_l03_r00001c40_c00001785,ov_i9a2_l03_r00001c40_c00001785,c_users_amsgiseeap_appdata_local_temp_arcgisprotemp12292_untitled_sqlserver_amssclgis06_arcgis_aereo_sde_owd_amd_cl_mlp_pao_if_ortho_geosupport_ovr_ov_i9a2_l03_r00001c40_c00001785,ov_i9a2_l03_r00001c40_c00001785,ov_i9a2_l03_r00001c40_c00001785
711,Path,C:\Users\amsgiseeap\AppData\Local\Temp\ArcGISProTemp12292\Untitled\SQLServer-amssclgis06_ArcGIS-Aereo.sde\OWD.AMD_CL_MLP_PAO_IF_Ortho_Geosupport_OVR\\Ov_i9A2_L03_R00001C39_C000017A9,c:/users/amsgiseeap/appdata/local/temp/arcgisprotemp12292/untitled/sqlserver-amssclgis06_arcgis-aereo.sde/owd.amd_cl_mlp_pao_if_ortho_geosupport_ovr//ov_i9a2_l03_r00001c39_c000017a9,ov_i9a2_l03_r00001c39_c000017a9,ov_i9a2_l03_r00001c39_c000017a9,c_users_amsgiseeap_appdata_local_temp_arcgisprotemp12292_untitled_sqlserver_amssclgis06_arcgis_aereo_sde_owd_amd_cl_mlp_pao_if_ortho_geosupport_ovr_ov_i9a2_l03_r00001c39_c000017a9,ov_i9a2_l03_r00001c39_c000017a9,ov_i9a2_l03_r00001c39_c000017a9
712,Path,C:\Users\amsgiseeap\AppData\Local\Temp\ArcGISProTemp12292\Untitled\SQLServer-amssclgis06_ArcGIS-Aereo.sde\OWD.AMD_CL_MLP_PAO_IF_Ortho_Geosupport_OVR\\Ov_i9A2_L03_R00001C3A_C000017A9,c:/users/amsgiseeap/appdata/local/temp/arcgisprotemp12292/untitled/sqlserver-amssclgis06_arcgis-aereo.sde/owd.amd_cl_mlp_pao_if_ortho_geosupport_ovr//ov_i9a2_l03_r00001c3a_c000017a9,ov_i9a2_l03_r00001c3a_c000017a9,ov_i9a2_l03_r00001c3a_c000017a9,c_users_amsgiseeap_appdata_local_temp_arcgisprotemp12292_untitled_sqlserver_amssclgis06_arcgis_aereo_sde_owd_amd_cl_mlp_pao_if_ortho_geosupport_ovr_ov_i9a2_l03_r00001c3a_c000017a9,ov_i9a2_l03_r00001c3a_c000017a9,ov_i9a2_l03_r00001c3a_c000017a9
713,Path,C:\Users\amsgiseeap\AppData\Local\Temp\ArcGISProTemp12292\Untitled\SQLServer-amssclgis06_ArcGIS-Aereo.sde\OWD.AMD_CL_MLP_PAO_IF_Ortho_Geosupport_OVR\\Ov_i9A2_L03_R00001C3F_C000017C1,c:/users/amsgiseeap/appdata/local/temp/arcgisprotemp12292/untitled/sqlserver-amssclgis06_arcgis-aereo.sde/owd.amd_cl_mlp_pao_if_ortho_geosupport_ovr//ov_i9a2_l03_r00001c3f_c000017c1,ov_i9a2_l03_r00001c3f_c000017c1,ov_i9a2_l03_r00001c3f_c000017c1,c_users_amsgiseeap_appdata_local_temp_arcgisprotemp12292_untitled_sqlserver_amssclgis06_arcgis_aereo_sde_owd_amd_cl_mlp_pao_if_ortho_geosupport_ovr_ov_i9a2_l03_r00001c3f_c000017c1,ov_i9a2_l03_r00001c3f_c000017c1,ov_i9a2_l03_r00001c3f_c000017c1
714,Path,C:\Users\amsgiseeap\AppData\Local\Temp\ArcGISProTemp12292\Untitled\SQLServer-amssclgis06_ArcGIS-Aereo.sde\OWD.AMD_CL_MLP_PAO_IF_Ortho_Geosupport_OVR\\Ov_i9A2_L03_R00001C40_C000017C4,c:/users/amsgiseeap/appdata/local/temp/arcgisprotemp12292/untitled/sqlserver-amssclgis06_arcgis-aereo.sde/owd.amd_cl_mlp_pao_if_ortho_geosupport_ovr//ov_i9a2_l03_r00001c40_c000017c4,ov_i9a2_l03_r00001c40_c000017c4,ov_i9a2_l03_r00001c40_c000017c4,c_users_amsgiseeap_appdata_local_temp_arcgisprotemp12292_untitled_sqlserver_amssclgis06_arcgis_aereo_sde_owd_amd_cl_mlp_pao_if_ortho_geosupport_ovr_ov_i9a2_l03_r00001c40_c000017c4,ov_i9a2_l03_r00001c40_c000017c4,ov_i9a2_l03_r00001c40_c000017c4
715,Path,C:\Users\amsgiseeap\AppData\Local\Temp\ArcGISProTemp12292\Untitled\SQLServer-amssclgis06_ArcGIS-Aereo.sde\OWD.AMD_CL_MLP_PAO_IF_Ortho_Geosupport_OVR\\Ov_i9A2_L03_R00001C37_C000017AB,c:/users/amsgiseeap/appdata/local/temp/arcgisprotemp12292/untitled/sqlserver-amssclgis06_arcgis-aereo.sde/owd.amd_cl_mlp_pao_if_ortho_geosupport_ovr//ov_i9a2_l03_r00001c37_c000017ab,ov_i9a2_l03_r00001c37_c000017ab,ov_i9a2_l03_r00001c37_c000017ab,c_users_amsgiseeap_appdata_local_temp_arcgisprotemp12292_untitled_sqlserver_amssclgis06_arcgis_aereo_sde_owd_amd_cl_mlp_pao_if_ortho_geosupport_ovr_ov_i9a2_l03_r00001c37_c000017ab,ov_i9a2_l03_r00001c37_c000017ab,ov_i9a2_l03_r00001c37_c000017ab
716,Path,C:\Users\amsgiseeap\AppData\Local\Temp\ArcGISProTemp12292\Untitled\SQLServer-amssclgis06_ArcGIS-Aereo.sde\OWD.AMD_CL_MLP_PAO_IF_Ortho_Geosupport_OVR\\Ov_i9A2_L03_R00001C39_C000017B4,c:/users/amsgiseeap/appdata/local/temp/arcgisprotemp12292/untitled/sqlserver-amssclgis06_arcgis-aereo.sde/owd.amd_cl_mlp_pao_if_ortho_geosupport_ovr//ov_i9a2_l03_r00001c39_c000017b4,ov_i9a2_l03_r00001c39_c000017b4,ov_i9a2_l03_r00001c39_c000017b4,c_users_amsgiseeap_appdata_local_temp_arcgisprotemp12292_untitled_sqlserver_amssclgis06_arcgis_aereo_sde_owd_amd_cl_mlp_pao_if_ortho_geosupport_ovr_ov_i9a2_l03_r00001c39_c000017b4,ov_i9a2_l03_r00001c39_c000017b4,ov_i9a2_l03_r00001c39_c000017b4
717,Path,C:\Users\amsgiseeap\AppData\Local\Temp\ArcGISProTemp12292\Untitled\SQLServer-amssclgis06_ArcGIS-Aereo.sde\OWD.AMD_CL_MLP_PAO_IF_Ortho_Geosupport_OVR\\Ov_i9A2_L03_R00001C38_C000017B6,c:/users/amsgiseeap/appdata/local/temp/arcgisprotemp12292/untitled/sqlserver-amssclgis06_arcgis-aereo.sde/owd.amd_cl_mlp_pao_if_ortho_geosupport_ovr//ov_i9a2_l03_r00001c38_c000017b6,ov_i9a2_l03_r00001c38_c000017b6,ov_i9a2_l03_r00001c38_c000017b6,c_users_amsgiseeap_appdata_local_temp_arcgisprotemp12292_untitled_sqlserver_amssclgis06_arcgis_aereo_sde_owd_amd_cl_mlp_pao_if_ortho_geosupport_ovr_ov_i9a2_l03_r00001c38_c000017b6,ov_i9a2_l03_r00001c38_c000017b6,ov_i9a2_l03_r00001c38_c000017b6
718,Path,C:\Users\amsgiseeap\AppData\Local\Temp\ArcGISProTemp12292\Untitled\SQLServer-amssclgis06_ArcGIS-Aereo.sde\OWD.AMD_CL_MLP_PAO_IF_Ortho_Geosupport_OVR\\Ov_i9A2_L03_R00001C46_C000017E2,c:/users/amsgiseeap/appdata/local/temp/arcgisprotemp12292/untitled/sqlserver-amssclgis06_arcgis-aereo.sde/owd.amd_cl_mlp_pao_if_ortho_geosupport_ovr//ov_i9a2_l03_r00001c46_c000017e2,ov_i9a2_l03_r00001c46_c000017e2,ov_i9a2_l03_r00001c46_c000017e2,c_users_amsgiseeap_appdata_local_temp_arcgisprotemp12292_untitled_sqlserver_amssclgis06_arcgis_aereo_sde_owd_amd_cl_mlp_pao_if_ortho_geosupport_ovr_ov_i9a2_l03_r00001c46_c000017e2,ov_i9a2_l03_r00001c46_c000017e2,ov_i9a2_l03_r00001c46_c000017e2
719,Path,\\amssclgis10.ams.gmams.cl\CL_MLP_PAO\Chacay_El_Mauro_Drone\26_04\CL_MLP_PAO_IF_Ortho_26_04_15_EV1.tif,//amssclgis10.ams.gmams.cl/cl_mlp_pao/chacay_el_mauro_drone/26_04/cl_mlp_pao_if_ortho_26_04_15_ev1.tif,cl_mlp_pao_if_ortho_26_04_15_ev1.tif,cl_mlp_pao_if_ortho_26_04_15_ev1,amssclgis10_ams_gmams_cl_cl_mlp_pao_chacay_el_mauro_drone_26_04_cl_mlp_pao_if_ortho_26_04_15_ev1_tif,cl_mlp_pao_if_ortho_26_04_15_ev1_tif,cl_mlp_pao_if_ortho_26_04_15_ev1
720,Path,\\amssclgis10.ams.gmams.cl\CL_MLP_PAO\Chacay_El_Mauro_Drone\26_02_05\CL_MLP_PAO_IF_Ortho_26_02_05_EV1.tif,//amssclgis10.ams.gmams.cl/cl_mlp_pao/chacay_el_mauro_drone/26_02_05/cl_mlp_pao_if_ortho_26_02_05_ev1.tif,cl_mlp_pao_if_ortho_26_02_05_ev1.tif,cl_mlp_pao_if_ortho_26_02_05_ev1,amssclgis10_ams_gmams_cl_cl_mlp_pao_chacay_el_mauro_drone_26_02_05_cl_mlp_pao_if_ortho_26_02_05_ev1_tif,cl_mlp_pao_if_ortho_26_02_05_ev1_tif,cl_mlp_pao_if_ortho_26_02_05_ev1
721,Path,\\amssclgis10.ams.gmams.cl\CL_MLP_PAO\Chacay_El_Mauro_Drone\26_03_07\CL_MLP_PAO_IF_Ortho_26_03_07_ED1-IIFF7-DME8.tif,//amssclgis10.ams.gmams.cl/cl_mlp_pao/chacay_el_mauro_drone/26_03_07/cl_mlp_pao_if_ortho_26_03_07_ed1-iiff7-dme8.tif,cl_mlp_pao_if_ortho_26_03_07_ed1-iiff7-dme8.tif,cl_mlp_pao_if_ortho_26_03_07_ed1-iiff7-dme8,amssclgis10_ams_gmams_cl_cl_mlp_pao_chacay_el_mauro_drone_26_03_07_cl_mlp_pao_if_ortho_26_03_07_ed1_iiff7_dme8_tif,cl_mlp_pao_if_ortho_26_03_07_ed1_iiff7_dme8_tif,cl_mlp_pao_if_ortho_26_03_07_ed1_iiff7_dme8
722,Path,\\amssclgis10.ams.gmams.cl\CL_MLP_PAO\Chacay_El_Mauro_Drone\26_02_10\CL_MLP_PAO_IF_Ortho_26_02_10_ED1-IIFF7-DME8.tif,//amssclgis10.ams.gmams.cl/cl_mlp_pao/chacay_el_mauro_drone/26_02_10/cl_mlp_pao_if_ortho_26_02_10_ed1-iiff7-dme8.tif,cl_mlp_pao_if_ortho_26_02_10_ed1-iiff7-dme8.tif,cl_mlp_pao_if_ortho_26_02_10_ed1-iiff7-dme8,amssclgis10_ams_gmams_cl_cl_mlp_pao_chacay_el_mauro_drone_26_02_10_cl_mlp_pao_if_ortho_26_02_10_ed1_iiff7_dme8_tif,cl_mlp_pao_if_ortho_26_02_10_ed1_iiff7_dme8_tif,cl_mlp_pao_if_ortho_26_02_10_ed1_iiff7_dme8
723,Path,\\amssclgis10.ams.gmams.cl\CL_MLP_PAO\Chacay_El_Mauro_Drone\26_05\CL_MLP_PAO_IF_Ortho_26_05_01_EV1.tif,//amssclgis10.ams.gmams.cl/cl_mlp_pao/chacay_el_mauro_drone/26_05/cl_mlp_pao_if_ortho_26_05_01_ev1.tif,cl_mlp_pao_if_ortho_26_05_01_ev1.tif,cl_mlp_pao_if_ortho_26_05_01_ev1,amssclgis10_ams_gmams_cl_cl_mlp_pao_chacay_el_mauro_drone_26_05_cl_mlp_pao_if_ortho_26_05_01_ev1_tif,cl_mlp_pao_if_ortho_26_05_01_ev1_tif,cl_mlp_pao_if_ortho_26_05_01_ev1
724,Path,\\amssclgis10.ams.gmams.cl\CL_MLP_PAO\Chacay_El_Mauro_Drone\26_04\CL_MLP_PAO_IF_Ortho_26_04_08_EV1.tif,//amssclgis10.ams.gmams.cl/cl_mlp_pao/chacay_el_mauro_drone/26_04/cl_mlp_pao_if_ortho_26_04_08_ev1.tif,cl_mlp_pao_if_ortho_26_04_08_ev1.tif,cl_mlp_pao_if_ortho_26_04_08_ev1,amssclgis10_ams_gmams_cl_cl_mlp_pao_chacay_el_mauro_drone_26_04_cl_mlp_pao_if_ortho_26_04_08_ev1_tif,cl_mlp_pao_if_ortho_26_04_08_ev1_tif,cl_mlp_pao_if_ortho_26_04_08_ev1
725,Path,\\amssclgis10.ams.gmams.cl\CL_MLP_PAO\Chacay_Drone\26_01_11\CL_MLP_PAO_IF_Ortho_26_01_11_EM1.tif,//amssclgis10.ams.gmams.cl/cl_mlp_pao/chacay_drone/26_01_11/cl_mlp_pao_if_ortho_26_01_11_em1.tif,cl_mlp_pao_if_ortho_26_01_11_em1.tif,cl_mlp_pao_if_ortho_26_01_11_em1,amssclgis10_ams_gmams_cl_cl_mlp_pao_chacay_drone_26_01_11_cl_mlp_pao_if_ortho_26_01_11_em1_tif,cl_mlp_pao_if_ortho_26_01_11_em1_tif,cl_mlp_pao_if_ortho_26_01_11_em1
726,Path,\\amssclgis10.ams.gmams.cl\CL_MLP_PAO\Chacay_El_Mauro_Drone\26_04\CL_MLP_PAO_IF_Ortho_26_04_05_EV1.tif,//amssclgis10.ams.gmams.cl/cl_mlp_pao/chacay_el_mauro_drone/26_04/cl_mlp_pao_if_ortho_26_04_05_ev1.tif,cl_mlp_pao_if_ortho_26_04_05_ev1.tif,cl_mlp_pao_if_ortho_26_04_05_ev1,amssclgis10_ams_gmams_cl_cl_mlp_pao_chacay_el_mauro_drone_26_04_cl_mlp_pao_if_ortho_26_04_05_ev1_tif,cl_mlp_pao_if_ortho_26_04_05_ev1_tif,cl_mlp_pao_if_ortho_26_04_05_ev1
727,Path,\\amssclgis10.ams.gmams.cl\CL_MLP_PAO\Chacay_El_Mauro_Drone\26_03_27\CL_MLP_PAO_IF_Ortho_26_03_27_EV1.tif,//amssclgis10.ams.gmams.cl/cl_mlp_pao/chacay_el_mauro_drone/26_03_27/cl_mlp_pao_if_ortho_26_03_27_ev1.tif,cl_mlp_pao_if_ortho_26_03_27_ev1.tif,cl_mlp_pao_if_ortho_26_03_27_ev1,amssclgis10_ams_gmams_cl_cl_mlp_pao_chacay_el_mauro_drone_26_03_27_cl_mlp_pao_if_ortho_26_03_27_ev1_tif,cl_mlp_pao_if_ortho_26_03_27_ev1_tif,cl_mlp_pao_if_ortho_26_03_27_ev1
728,Path,\\amssclgis10.ams.gmams.cl\CL_MLP_PAO\Chacay_El_Mauro_Drone\26_05\CL_MLP_PAO_IF_Ortho_26_05_03_EM3.tif,//amssclgis10.ams.gmams.cl/cl_mlp_pao/chacay_el_mauro_drone/26_05/cl_mlp_pao_if_ortho_26_05_03_em3.tif,cl_mlp_pao_if_ortho_26_05_03_em3.tif,cl_mlp_pao_if_ortho_26_05_03_em3,amssclgis10_ams_gmams_cl_cl_mlp_pao_chacay_el_mauro_drone_26_05_cl_mlp_pao_if_ortho_26_05_03_em3_tif,cl_mlp_pao_if_ortho_26_05_03_em3_tif,cl_mlp_pao_if_ortho_26_05_03_em3
729,Path,\\amssclgis10.ams.gmams.cl\CL_MLP_PAO\Chacay_El_Mauro_Drone\26_04\CL_MLP_PAO_IF_Ortho_26_04_13_ED1-IIFF7-DME8.tif,//amssclgis10.ams.gmams.cl/cl_mlp_pao/chacay_el_mauro_drone/26_04/cl_mlp_pao_if_ortho_26_04_13_ed1-iiff7-dme8.tif,cl_mlp_pao_if_ortho_26_04_13_ed1-iiff7-dme8.tif,cl_mlp_pao_if_ortho_26_04_13_ed1-iiff7-dme8,amssclgis10_ams_gmams_cl_cl_mlp_pao_chacay_el_mauro_drone_26_04_cl_mlp_pao_if_ortho_26_04_13_ed1_iiff7_dme8_tif,cl_mlp_pao_if_ortho_26_04_13_ed1_iiff7_dme8_tif,cl_mlp_pao_if_ortho_26_04_13_ed1_iiff7_dme8
730,Path,\\amssclgis10.ams.gmams.cl\CL_MLP_PAO\Chacay_El_Mauro_Drone\26_04\CL_MLP_PAO_IF_Ortho_26_04_11_EM3.tif,//amssclgis10.ams.gmams.cl/cl_mlp_pao/chacay_el_mauro_drone/26_04/cl_mlp_pao_if_ortho_26_04_11_em3.tif,cl_mlp_pao_if_ortho_26_04_11_em3.tif,cl_mlp_pao_if_ortho_26_04_11_em3,amssclgis10_ams_gmams_cl_cl_mlp_pao_chacay_el_mauro_drone_26_04_cl_mlp_pao_if_ortho_26_04_11_em3_tif,cl_mlp_pao_if_ortho_26_04_11_em3_tif,cl_mlp_pao_if_ortho_26_04_11_em3
731,Path,\\amssclgis10.ams.gmams.cl\CL_MLP_PAO\Chacay_El_Mauro_Drone\26_03_18\CL_MLP_PAO_IF_Ortho_26_03_18_EV1.tif,//amssclgis10.ams.gmams.cl/cl_mlp_pao/chacay_el_mauro_drone/26_03_18/cl_mlp_pao_if_ortho_26_03_18_ev1.tif,cl_mlp_pao_if_ortho_26_03_18_ev1.tif,cl_mlp_pao_if_ortho_26_03_18_ev1,amssclgis10_ams_gmams_cl_cl_mlp_pao_chacay_el_mauro_drone_26_03_18_cl_mlp_pao_if_ortho_26_03_18_ev1_tif,cl_mlp_pao_if_ortho_26_03_18_ev1_tif,cl_mlp_pao_if_ortho_26_03_18_ev1
732,Path,\\amssclgis10.ams.gmams.cl\CL_MLP_PAO\Chacay_El_Mauro_Drone\26_02_25\CL_MLP_PAO_IF_Ortho_26_02_25_EV1.tif,//amssclgis10.ams.gmams.cl/cl_mlp_pao/chacay_el_mauro_drone/26_02_25/cl_mlp_pao_if_ortho_26_02_25_ev1.tif,cl_mlp_pao_if_ortho_26_02_25_ev1.tif,cl_mlp_pao_if_ortho_26_02_25_ev1,amssclgis10_ams_gmams_cl_cl_mlp_pao_chacay_el_mauro_drone_26_02_25_cl_mlp_pao_if_ortho_26_02_25_ev1_tif,cl_mlp_pao_if_ortho_26_02_25_ev1_tif,cl_mlp_pao_if_ortho_26_02_25_ev1
733,Path,\\amssclgis10.ams.gmams.cl\CL_MLP_PAO\Chacay_El_Mauro_Drone\26_02_26\CL_MLP_PAO_IF_Ortho_26_02_26_EV1.tif,//amssclgis10.ams.gmams.cl/cl_mlp_pao/chacay_el_mauro_drone/26_02_26/cl_mlp_pao_if_ortho_26_02_26_ev1.tif,cl_mlp_pao_if_ortho_26_02_26_ev1.tif,cl_mlp_pao_if_ortho_26_02_26_ev1,amssclgis10_ams_gmams_cl_cl_mlp_pao_chacay_el_mauro_drone_26_02_26_cl_mlp_pao_if_ortho_26_02_26_ev1_tif,cl_mlp_pao_if_ortho_26_02_26_ev1_tif,cl_mlp_pao_if_ortho_26_02_26_ev1
734,Path,\\amssclgis10.ams.gmams.cl\CL_MLP_PAO\Chacay_El_Mauro_Drone\26_05\CL_MLP_PAO_IF_Ortho_26_05_07_EM3.tif,//amssclgis10.ams.gmams.cl/cl_mlp_pao/chacay_el_mauro_drone/26_05/cl_mlp_pao_if_ortho_26_05_07_em3.tif,cl_mlp_pao_if_ortho_26_05_07_em3.tif,cl_mlp_pao_if_ortho_26_05_07_em3,amssclgis10_ams_gmams_cl_cl_mlp_pao_chacay_el_mauro_drone_26_05_cl_mlp_pao_if_ortho_26_05_07_em3_tif,cl_mlp_pao_if_ortho_26_05_07_em3_tif,cl_mlp_pao_if_ortho_26_05_07_em3
735,Path,\\amssclgis10.ams.gmams.cl\CL_MLP_PAO\Chacay_El_Mauro_Drone\26_02_11\CL_MLP_PAO_IF_Ortho_26_02_11_EV1_1.tif,//amssclgis10.ams.gmams.cl/cl_mlp_pao/chacay_el_mauro_drone/26_02_11/cl_mlp_pao_if_ortho_26_02_11_ev1_1.tif,cl_mlp_pao_if_ortho_26_02_11_ev1_1.tif,cl_mlp_pao_if_ortho_26_02_11_ev1_1,amssclgis10_ams_gmams_cl_cl_mlp_pao_chacay_el_mauro_drone_26_02_11_cl_mlp_pao_if_ortho_26_02_11_ev1_1_tif,cl_mlp_pao_if_ortho_26_02_11_ev1_1_tif,cl_mlp_pao_if_ortho_26_02_11_ev1_1
736,Path,\\amssclgis10.ams.gmams.cl\CL_MLP_PAO\El_Mauro_Puerto_Punta_Chungo_Drone\26_02_11\CL_MLP_PAO_IF_Ortho_26_02_11_TORRE_E85_A_E_125.tif,//amssclgis10.ams.gmams.cl/cl_mlp_pao/el_mauro_puerto_punta_chungo_drone/26_02_11/cl_mlp_pao_if_ortho_26_02_11_torre_e85_a_e_125.tif,cl_mlp_pao_if_ortho_26_02_11_torre_e85_a_e_125.tif,cl_mlp_pao_if_ortho_26_02_11_torre_e85_a_e_125,amssclgis10_ams_gmams_cl_cl_mlp_pao_el_mauro_puerto_punta_chungo_drone_26_02_11_cl_mlp_pao_if_ortho_26_02_11_torre_e85_a_e_125_tif,cl_mlp_pao_if_ortho_26_02_11_torre_e85_a_e_125_tif,cl_mlp_pao_if_ortho_26_02_11_torre_e85_a_e_125
737,Path,\\amssclgis10.ams.gmams.cl\CL_MLP_PAO\Chacay_El_Mauro_Drone\26_05\CL_MLP_PAO_IF_Ortho_26_05_09_EV1.tif,//amssclgis10.ams.gmams.cl/cl_mlp_pao/chacay_el_mauro_drone/26_05/cl_mlp_pao_if_ortho_26_05_09_ev1.tif,cl_mlp_pao_if_ortho_26_05_09_ev1.tif,cl_mlp_pao_if_ortho_26_05_09_ev1,amssclgis10_ams_gmams_cl_cl_mlp_pao_chacay_el_mauro_drone_26_05_cl_mlp_pao_if_ortho_26_05_09_ev1_tif,cl_mlp_pao_if_ortho_26_05_09_ev1_tif,cl_mlp_pao_if_ortho_26_05_09_ev1
738,Path,\\amssclgis10.ams.gmams.cl\CL_MLP_PAO\Chacay_El_Mauro_Drone\26_04\CL_MLP_PAO_IF_Ortho_26_04_16_EM3.tif,//amssclgis10.ams.gmams.cl/cl_mlp_pao/chacay_el_mauro_drone/26_04/cl_mlp_pao_if_ortho_26_04_16_em3.tif,cl_mlp_pao_if_ortho_26_04_16_em3.tif,cl_mlp_pao_if_ortho_26_04_16_em3,amssclgis10_ams_gmams_cl_cl_mlp_pao_chacay_el_mauro_drone_26_04_cl_mlp_pao_if_ortho_26_04_16_em3_tif,cl_mlp_pao_if_ortho_26_04_16_em3_tif,cl_mlp_pao_if_ortho_26_04_16_em3
739,Path,\\amssclgis10.ams.gmams.cl\CL_MLP_PAO\El_Mauro_Puerto_Punta_Chungo_Drone\26_01_03\CL_MLP_PAO_IF_Ortho_26_01_03_DME5A-DME17-a-NSTC-78p9.tif,//amssclgis10.ams.gmams.cl/cl_mlp_pao/el_mauro_puerto_punta_chungo_drone/26_01_03/cl_mlp_pao_if_ortho_26_01_03_dme5a-dme17-a-nstc-78p9.tif,cl_mlp_pao_if_ortho_26_01_03_dme5a-dme17-a-nstc-78p9.tif,cl_mlp_pao_if_ortho_26_01_03_dme5a-dme17-a-nstc-78p9,amssclgis10_ams_gmams_cl_cl_mlp_pao_el_mauro_puerto_punta_chungo_drone_26_01_03_cl_mlp_pao_if_ortho_26_01_03_dme5a_dme17_a_nstc_78p9_tif,cl_mlp_pao_if_ortho_26_01_03_dme5a_dme17_a_nstc_78p9_tif,cl_mlp_pao_if_ortho_26_01_03_dme5a_dme17_a_nstc_78p9
740,Path,\\amssclgis10.ams.gmams.cl\CL_MLP_PAO\El_Mauro_Drone\26_03_27\CL_MLP_PAO_IF_Ortho_26_03_27_Helipuerto.tif,//amssclgis10.ams.gmams.cl/cl_mlp_pao/el_mauro_drone/26_03_27/cl_mlp_pao_if_ortho_26_03_27_helipuerto.tif,cl_mlp_pao_if_ortho_26_03_27_helipuerto.tif,cl_mlp_pao_if_ortho_26_03_27_helipuerto,amssclgis10_ams_gmams_cl_cl_mlp_pao_el_mauro_drone_26_03_27_cl_mlp_pao_if_ortho_26_03_27_helipuerto_tif,cl_mlp_pao_if_ortho_26_03_27_helipuerto_tif,cl_mlp_pao_if_ortho_26_03_27_helipuerto
741,Path,\\amssclgis10.ams.gmams.cl\CL_MLP_PAO\El_Mauro_Drone\26_04\CL_MLP_PAO_IF_Ortho_26_04_05_Helipuerto.tif,//amssclgis10.ams.gmams.cl/cl_mlp_pao/el_mauro_drone/26_04/cl_mlp_pao_if_ortho_26_04_05_helipuerto.tif,cl_mlp_pao_if_ortho_26_04_05_helipuerto.tif,cl_mlp_pao_if_ortho_26_04_05_helipuerto,amssclgis10_ams_gmams_cl_cl_mlp_pao_el_mauro_drone_26_04_cl_mlp_pao_if_ortho_26_04_05_helipuerto_tif,cl_mlp_pao_if_ortho_26_04_05_helipuerto_tif,cl_mlp_pao_if_ortho_26_04_05_helipuerto
742,Path,\\amssclgis10.ams.gmams.cl\CL_MLP_PAO\Chacay_El_Mauro_Drone\26_03_05\CL_MLP_PAO_IF_Ortho_26_03_05_EV1.tif,//amssclgis10.ams.gmams.cl/cl_mlp_pao/chacay_el_mauro_drone/26_03_05/cl_mlp_pao_if_ortho_26_03_05_ev1.tif,cl_mlp_pao_if_ortho_26_03_05_ev1.tif,cl_mlp_pao_if_ortho_26_03_05_ev1,amssclgis10_ams_gmams_cl_cl_mlp_pao_chacay_el_mauro_drone_26_03_05_cl_mlp_pao_if_ortho_26_03_05_ev1_tif,cl_mlp_pao_if_ortho_26_03_05_ev1_tif,cl_mlp_pao_if_ortho_26_03_05_ev1
743,Path,\\amssclgis10.ams.gmams.cl\CL_MLP_PAO\El_Mauro_Drone\26_04\CL_MLP_PAO_IF_Ortho_26_04_10_Helipuerto.tif,//amssclgis10.ams.gmams.cl/cl_mlp_pao/el_mauro_drone/26_04/cl_mlp_pao_if_ortho_26_04_10_helipuerto.tif,cl_mlp_pao_if_ortho_26_04_10_helipuerto.tif,cl_mlp_pao_if_ortho_26_04_10_helipuerto,amssclgis10_ams_gmams_cl_cl_mlp_pao_el_mauro_drone_26_04_cl_mlp_pao_if_ortho_26_04_10_helipuerto_tif,cl_mlp_pao_if_ortho_26_04_10_helipuerto_tif,cl_mlp_pao_if_ortho_26_04_10_helipuerto
744,Path,\\amssclgis10.ams.gmams.cl\CL_MLP_PAO\El_Mauro_Drone\26_03_13\CL_MLP_PAO_IF_Ortho_26_03_13_EM4.tif,//amssclgis10.ams.gmams.cl/cl_mlp_pao/el_mauro_drone/26_03_13/cl_mlp_pao_if_ortho_26_03_13_em4.tif,cl_mlp_pao_if_ortho_26_03_13_em4.tif,cl_mlp_pao_if_ortho_26_03_13_em4,amssclgis10_ams_gmams_cl_cl_mlp_pao_el_mauro_drone_26_03_13_cl_mlp_pao_if_ortho_26_03_13_em4_tif,cl_mlp_pao_if_ortho_26_03_13_em4_tif,cl_mlp_pao_if_ortho_26_03_13_em4
745,Path,\\amssclgis10.ams.gmams.cl\CL_MLP_PAO\El_Mauro_Puerto_Punta_Chungo_Drone\26_01_09\CL_MLP_PAO_IF_Ortho_26_01_09_TORRE_E85_A_E_125.tif,//amssclgis10.ams.gmams.cl/cl_mlp_pao/el_mauro_puerto_punta_chungo_drone/26_01_09/cl_mlp_pao_if_ortho_26_01_09_torre_e85_a_e_125.tif,cl_mlp_pao_if_ortho_26_01_09_torre_e85_a_e_125.tif,cl_mlp_pao_if_ortho_26_01_09_torre_e85_a_e_125,amssclgis10_ams_gmams_cl_cl_mlp_pao_el_mauro_puerto_punta_chungo_drone_26_01_09_cl_mlp_pao_if_ortho_26_01_09_torre_e85_a_e_125_tif,cl_mlp_pao_if_ortho_26_01_09_torre_e85_a_e_125_tif,cl_mlp_pao_if_ortho_26_01_09_torre_e85_a_e_125
746,Path,\\amssclgis10.ams.gmams.cl\CL_MLP_PAO\Chacay_El_Mauro_Drone\26_03_05\CL_MLP_PAO_IF_Ortho_26_03_05_ED2.tif,//amssclgis10.ams.gmams.cl/cl_mlp_pao/chacay_el_mauro_drone/26_03_05/cl_mlp_pao_if_ortho_26_03_05_ed2.tif,cl_mlp_pao_if_ortho_26_03_05_ed2.tif,cl_mlp_pao_if_ortho_26_03_05_ed2,amssclgis10_ams_gmams_cl_cl_mlp_pao_chacay_el_mauro_drone_26_03_05_cl_mlp_pao_if_ortho_26_03_05_ed2_tif,cl_mlp_pao_if_ortho_26_03_05_ed2_tif,cl_mlp_pao_if_ortho_26_03_05_ed2
747,Path,\\amssclgis10.ams.gmams.cl\CL_MLP_PAO\El_Mauro_Puerto_Punta_Chungo_Drone\26_03_12\CL_MLP_PAO_IF_Ortho_26_03_12_TORRE_E85_A_E125.tif,//amssclgis10.ams.gmams.cl/cl_mlp_pao/el_mauro_puerto_punta_chungo_drone/26_03_12/cl_mlp_pao_if_ortho_26_03_12_torre_e85_a_e125.tif,cl_mlp_pao_if_ortho_26_03_12_torre_e85_a_e125.tif,cl_mlp_pao_if_ortho_26_03_12_torre_e85_a_e125,amssclgis10_ams_gmams_cl_cl_mlp_pao_el_mauro_puerto_punta_chungo_drone_26_03_12_cl_mlp_pao_if_ortho_26_03_12_torre_e85_a_e125_tif,cl_mlp_pao_if_ortho_26_03_12_torre_e85_a_e125_tif,cl_mlp_pao_if_ortho_26_03_12_torre_e85_a_e125
748,Path,\\amssclgis10.ams.gmams.cl\CL_MLP_PAO\El_Mauro_Drone\26_02_25\CL_MLP_PAO_IF_Ortho_26_02_25_EM4.tif,//amssclgis10.ams.gmams.cl/cl_mlp_pao/el_mauro_drone/26_02_25/cl_mlp_pao_if_ortho_26_02_25_em4.tif,cl_mlp_pao_if_ortho_26_02_25_em4.tif,cl_mlp_pao_if_ortho_26_02_25_em4,amssclgis10_ams_gmams_cl_cl_mlp_pao_el_mauro_drone_26_02_25_cl_mlp_pao_if_ortho_26_02_25_em4_tif,cl_mlp_pao_if_ortho_26_02_25_em4_tif,cl_mlp_pao_if_ortho_26_02_25_em4
749,Path,\\amssclgis10.ams.gmams.cl\CL_MLP_PAO\El_Mauro_Drone\26_02_19\CL_MLP_PAO_IF_Ortho_26_02_19_TORRES_E12_-_E30_PV4.tif,//amssclgis10.ams.gmams.cl/cl_mlp_pao/el_mauro_drone/26_02_19/cl_mlp_pao_if_ortho_26_02_19_torres_e12_-_e30_pv4.tif,cl_mlp_pao_if_ortho_26_02_19_torres_e12_-_e30_pv4.tif,cl_mlp_pao_if_ortho_26_02_19_torres_e12_-_e30_pv4,amssclgis10_ams_gmams_cl_cl_mlp_pao_el_mauro_drone_26_02_19_cl_mlp_pao_if_ortho_26_02_19_torres_e12_e30_pv4_tif,cl_mlp_pao_if_ortho_26_02_19_torres_e12_e30_pv4_tif,cl_mlp_pao_if_ortho_26_02_19_torres_e12_e30_pv4
750,Path,\\amssclgis10.ams.gmams.cl\CL_MLP_PAO\El_Mauro_Puerto_Punta_Chungo_Drone\26_02_07\CL_MLP_PAO_IF_Ortho_26_02_07_TORRE_E85_A_E_125.tif,//amssclgis10.ams.gmams.cl/cl_mlp_pao/el_mauro_puerto_punta_chungo_drone/26_02_07/cl_mlp_pao_if_ortho_26_02_07_torre_e85_a_e_125.tif,cl_mlp_pao_if_ortho_26_02_07_torre_e85_a_e_125.tif,cl_mlp_pao_if_ortho_26_02_07_torre_e85_a_e_125,amssclgis10_ams_gmams_cl_cl_mlp_pao_el_mauro_puerto_punta_chungo_drone_26_02_07_cl_mlp_pao_if_ortho_26_02_07_torre_e85_a_e_125_tif,cl_mlp_pao_if_ortho_26_02_07_torre_e85_a_e_125_tif,cl_mlp_pao_if_ortho_26_02_07_torre_e85_a_e_125
751,Path,\\amssclgis10.ams.gmams.cl\CL_MLP_PAO\El_Mauro_Drone\26_03_21\CL_MLP_PAO_IF_Ortho_26_03_21_Hidrociclones.tif,//amssclgis10.ams.gmams.cl/cl_mlp_pao/el_mauro_drone/26_03_21/cl_mlp_pao_if_ortho_26_03_21_hidrociclones.tif,cl_mlp_pao_if_ortho_26_03_21_hidrociclones.tif,cl_mlp_pao_if_ortho_26_03_21_hidrociclones,amssclgis10_ams_gmams_cl_cl_mlp_pao_el_mauro_drone_26_03_21_cl_mlp_pao_if_ortho_26_03_21_hidrociclones_tif,cl_mlp_pao_if_ortho_26_03_21_hidrociclones_tif,cl_mlp_pao_if_ortho_26_03_21_hidrociclones
752,Path,\\amssclgis10.ams.gmams.cl\CL_MLP_PAO\El_Mauro_Drone\26_02_11\CL_MLP_PAO_IF_Ortho_26_02_11_TORRES_E12_-_E30_PV4.tif,//amssclgis10.ams.gmams.cl/cl_mlp_pao/el_mauro_drone/26_02_11/cl_mlp_pao_if_ortho_26_02_11_torres_e12_-_e30_pv4.tif,cl_mlp_pao_if_ortho_26_02_11_torres_e12_-_e30_pv4.tif,cl_mlp_pao_if_ortho_26_02_11_torres_e12_-_e30_pv4,amssclgis10_ams_gmams_cl_cl_mlp_pao_el_mauro_drone_26_02_11_cl_mlp_pao_if_ortho_26_02_11_torres_e12_e30_pv4_tif,cl_mlp_pao_if_ortho_26_02_11_torres_e12_e30_pv4_tif,cl_mlp_pao_if_ortho_26_02_11_torres_e12_e30_pv4
753,Path,\\amssclgis10.ams.gmams.cl\CL_MLP_PAO\El_Mauro_Drone\26_02_01\CL_MLP_PAO_IF_Ortho_26_02_01_TORRES_E12_-_E30_PV4.tif,//amssclgis10.ams.gmams.cl/cl_mlp_pao/el_mauro_drone/26_02_01/cl_mlp_pao_if_ortho_26_02_01_torres_e12_-_e30_pv4.tif,cl_mlp_pao_if_ortho_26_02_01_torres_e12_-_e30_pv4.tif,cl_mlp_pao_if_ortho_26_02_01_torres_e12_-_e30_pv4,amssclgis10_ams_gmams_cl_cl_mlp_pao_el_mauro_drone_26_02_01_cl_mlp_pao_if_ortho_26_02_01_torres_e12_e30_pv4_tif,cl_mlp_pao_if_ortho_26_02_01_torres_e12_e30_pv4_tif,cl_mlp_pao_if_ortho_26_02_01_torres_e12_e30_pv4
754,Path,\\amssclgis10.ams.gmams.cl\CL_MLP_PAO\El_Mauro_Drone\26_04\CL_MLP_PAO_IF_Ortho_26_04_10_EBD.tif,//amssclgis10.ams.gmams.cl/cl_mlp_pao/el_mauro_drone/26_04/cl_mlp_pao_if_ortho_26_04_10_ebd.tif,cl_mlp_pao_if_ortho_26_04_10_ebd.tif,cl_mlp_pao_if_ortho_26_04_10_ebd,amssclgis10_ams_gmams_cl_cl_mlp_pao_el_mauro_drone_26_04_cl_mlp_pao_if_ortho_26_04_10_ebd_tif,cl_mlp_pao_if_ortho_26_04_10_ebd_tif,cl_mlp_pao_if_ortho_26_04_10_ebd
755,Path,\\amssclgis10.ams.gmams.cl\CL_MLP_PAO\El_Mauro_Drone\26_02_03\CL_MLP_PAO_IF_Ortho_26_02_03_TORRES_E12_-_E30_PV4.tif,//amssclgis10.ams.gmams.cl/cl_mlp_pao/el_mauro_drone/26_02_03/cl_mlp_pao_if_ortho_26_02_03_torres_e12_-_e30_pv4.tif,cl_mlp_pao_if_ortho_26_02_03_torres_e12_-_e30_pv4.tif,cl_mlp_pao_if_ortho_26_02_03_torres_e12_-_e30_pv4,amssclgis10_ams_gmams_cl_cl_mlp_pao_el_mauro_drone_26_02_03_cl_mlp_pao_if_ortho_26_02_03_torres_e12_e30_pv4_tif,cl_mlp_pao_if_ortho_26_02_03_torres_e12_e30_pv4_tif,cl_mlp_pao_if_ortho_26_02_03_torres_e12_e30_pv4
756,Path,\\amssclgis10.ams.gmams.cl\CL_MLP_PAO\El_Mauro_Drone\26_03_19\CL_MLP_PAO_IF_Ortho_26_03_19_EM4.tif,//amssclgis10.ams.gmams.cl/cl_mlp_pao/el_mauro_drone/26_03_19/cl_mlp_pao_if_ortho_26_03_19_em4.tif,cl_mlp_pao_if_ortho_26_03_19_em4.tif,cl_mlp_pao_if_ortho_26_03_19_em4,amssclgis10_ams_gmams_cl_cl_mlp_pao_el_mauro_drone_26_03_19_cl_mlp_pao_if_ortho_26_03_19_em4_tif,cl_mlp_pao_if_ortho_26_03_19_em4_tif,cl_mlp_pao_if_ortho_26_03_19_em4
757,Path,\\amssclgis10.ams.gmams.cl\CL_MLP_PAO\El_Mauro_Drone\26_03_16\CL_MLP_PAO_IF_Ortho_26_03_16_Patio-19B-y-Armado.tif,//amssclgis10.ams.gmams.cl/cl_mlp_pao/el_mauro_drone/26_03_16/cl_mlp_pao_if_ortho_26_03_16_patio-19b-y-armado.tif,cl_mlp_pao_if_ortho_26_03_16_patio-19b-y-armado.tif,cl_mlp_pao_if_ortho_26_03_16_patio-19b-y-armado,amssclgis10_ams_gmams_cl_cl_mlp_pao_el_mauro_drone_26_03_16_cl_mlp_pao_if_ortho_26_03_16_patio_19b_y_armado_tif,cl_mlp_pao_if_ortho_26_03_16_patio_19b_y_armado_tif,cl_mlp_pao_if_ortho_26_03_16_patio_19b_y_armado
758,Path,\\amssclgis10.ams.gmams.cl\CL_MLP_PAO\El_Mauro_Drone\26_02_12\CL_MLP_PAO_IF_Ortho_26_02_12_Patio-19B-y-Armado.tif,//amssclgis10.ams.gmams.cl/cl_mlp_pao/el_mauro_drone/26_02_12/cl_mlp_pao_if_ortho_26_02_12_patio-19b-y-armado.tif,cl_mlp_pao_if_ortho_26_02_12_patio-19b-y-armado.tif,cl_mlp_pao_if_ortho_26_02_12_patio-19b-y-armado,amssclgis10_ams_gmams_cl_cl_mlp_pao_el_mauro_drone_26_02_12_cl_mlp_pao_if_ortho_26_02_12_patio_19b_y_armado_tif,cl_mlp_pao_if_ortho_26_02_12_patio_19b_y_armado_tif,cl_mlp_pao_if_ortho_26_02_12_patio_19b_y_armado
759,Path,\\amssclgis10.ams.gmams.cl\CL_MLP_PAO\El_Mauro_Drone\26_04\CL_MLP_PAO_IF_Ortho_26_04_16_EBD.tif,//amssclgis10.ams.gmams.cl/cl_mlp_pao/el_mauro_drone/26_04/cl_mlp_pao_if_ortho_26_04_16_ebd.tif,cl_mlp_pao_if_ortho_26_04_16_ebd.tif,cl_mlp_pao_if_ortho_26_04_16_ebd,amssclgis10_ams_gmams_cl_cl_mlp_pao_el_mauro_drone_26_04_cl_mlp_pao_if_ortho_26_04_16_ebd_tif,cl_mlp_pao_if_ortho_26_04_16_ebd_tif,cl_mlp_pao_if_ortho_26_04_16_ebd
760,Path,\\amssclgis10.ams.gmams.cl\CL_MLP_PAO\El_Mauro_Drone\26_02_06\CL_MLP_PAO_IF_Ortho_26_02_06_Patio-19B-y-Armado.tif,//amssclgis10.ams.gmams.cl/cl_mlp_pao/el_mauro_drone/26_02_06/cl_mlp_pao_if_ortho_26_02_06_patio-19b-y-armado.tif,cl_mlp_pao_if_ortho_26_02_06_patio-19b-y-armado.tif,cl_mlp_pao_if_ortho_26_02_06_patio-19b-y-armado,amssclgis10_ams_gmams_cl_cl_mlp_pao_el_mauro_drone_26_02_06_cl_mlp_pao_if_ortho_26_02_06_patio_19b_y_armado_tif,cl_mlp_pao_if_ortho_26_02_06_patio_19b_y_armado_tif,cl_mlp_pao_if_ortho_26_02_06_patio_19b_y_armado
761,Path,\\amssclgis10.ams.gmams.cl\CL_MLP_PAO\El_Mauro_Puerto_Punta_Chungo_Drone\26_03_27\CL_MLP_PAO_IF_Ortho_26_03_27_TORRE_E85_A_E_125.tif,//amssclgis10.ams.gmams.cl/cl_mlp_pao/el_mauro_puerto_punta_chungo_drone/26_03_27/cl_mlp_pao_if_ortho_26_03_27_torre_e85_a_e_125.tif,cl_mlp_pao_if_ortho_26_03_27_torre_e85_a_e_125.tif,cl_mlp_pao_if_ortho_26_03_27_torre_e85_a_e_125,amssclgis10_ams_gmams_cl_cl_mlp_pao_el_mauro_puerto_punta_chungo_drone_26_03_27_cl_mlp_pao_if_ortho_26_03_27_torre_e85_a_e_125_tif,cl_mlp_pao_if_ortho_26_03_27_torre_e85_a_e_125_tif,cl_mlp_pao_if_ortho_26_03_27_torre_e85_a_e_125
762,Path,\\amssclgis10.ams.gmams.cl\CL_MLP_PAO\El_Mauro_Drone\26_03_26\CL_MLP_PAO_IF_Ortho_26_03_26_EBD.tif,//amssclgis10.ams.gmams.cl/cl_mlp_pao/el_mauro_drone/26_03_26/cl_mlp_pao_if_ortho_26_03_26_ebd.tif,cl_mlp_pao_if_ortho_26_03_26_ebd.tif,cl_mlp_pao_if_ortho_26_03_26_ebd,amssclgis10_ams_gmams_cl_cl_mlp_pao_el_mauro_drone_26_03_26_cl_mlp_pao_if_ortho_26_03_26_ebd_tif,cl_mlp_pao_if_ortho_26_03_26_ebd_tif,cl_mlp_pao_if_ortho_26_03_26_ebd
763,Path,\\amssclgis10.ams.gmams.cl\CL_MLP_PAO\El_Mauro_Puerto_Punta_Chungo_Drone\26_02_20\CL_MLP_PAO_IF_Ortho_26_02_20_TORRES_E84_A_E127.tif,//amssclgis10.ams.gmams.cl/cl_mlp_pao/el_mauro_puerto_punta_chungo_drone/26_02_20/cl_mlp_pao_if_ortho_26_02_20_torres_e84_a_e127.tif,cl_mlp_pao_if_ortho_26_02_20_torres_e84_a_e127.tif,cl_mlp_pao_if_ortho_26_02_20_torres_e84_a_e127,amssclgis10_ams_gmams_cl_cl_mlp_pao_el_mauro_puerto_punta_chungo_drone_26_02_20_cl_mlp_pao_if_ortho_26_02_20_torres_e84_a_e127_tif,cl_mlp_pao_if_ortho_26_02_20_torres_e84_a_e127_tif,cl_mlp_pao_if_ortho_26_02_20_torres_e84_a_e127
764,Path,\\amssclgis10.ams.gmams.cl\CL_MLP_PAO\El_Mauro_Drone\26_02_26\CL_MLP_PAO_IF_Ortho_26_02_26_Subestacion-El-Mauro.tif,//amssclgis10.ams.gmams.cl/cl_mlp_pao/el_mauro_drone/26_02_26/cl_mlp_pao_if_ortho_26_02_26_subestacion-el-mauro.tif,cl_mlp_pao_if_ortho_26_02_26_subestacion-el-mauro.tif,cl_mlp_pao_if_ortho_26_02_26_subestacion-el-mauro,amssclgis10_ams_gmams_cl_cl_mlp_pao_el_mauro_drone_26_02_26_cl_mlp_pao_if_ortho_26_02_26_subestacion_el_mauro_tif,cl_mlp_pao_if_ortho_26_02_26_subestacion_el_mauro_tif,cl_mlp_pao_if_ortho_26_02_26_subestacion_el_mauro
765,Path,\\amssclgis10.ams.gmams.cl\CL_MLP_PAO\El_Mauro_Drone\26_01_14\CL_MLP_PAO_IF_Ortho_26_01_14_Subestacion-El-Mauro.tif,//amssclgis10.ams.gmams.cl/cl_mlp_pao/el_mauro_drone/26_01_14/cl_mlp_pao_if_ortho_26_01_14_subestacion-el-mauro.tif,cl_mlp_pao_if_ortho_26_01_14_subestacion-el-mauro.tif,cl_mlp_pao_if_ortho_26_01_14_subestacion-el-mauro,amssclgis10_ams_gmams_cl_cl_mlp_pao_el_mauro_drone_26_01_14_cl_mlp_pao_if_ortho_26_01_14_subestacion_el_mauro_tif,cl_mlp_pao_if_ortho_26_01_14_subestacion_el_mauro_tif,cl_mlp_pao_if_ortho_26_01_14_subestacion_el_mauro
766,Path,\\amssclgis10.ams.gmams.cl\CL_MLP_PAO\El_Mauro_Drone\26_03_07\CL_MLP_PAO_IF_Ortho_26_03_07_Patio-19B-y-Armado.tif,//amssclgis10.ams.gmams.cl/cl_mlp_pao/el_mauro_drone/26_03_07/cl_mlp_pao_if_ortho_26_03_07_patio-19b-y-armado.tif,cl_mlp_pao_if_ortho_26_03_07_patio-19b-y-armado.tif,cl_mlp_pao_if_ortho_26_03_07_patio-19b-y-armado,amssclgis10_ams_gmams_cl_cl_mlp_pao_el_mauro_drone_26_03_07_cl_mlp_pao_if_ortho_26_03_07_patio_19b_y_armado_tif,cl_mlp_pao_if_ortho_26_03_07_patio_19b_y_armado_tif,cl_mlp_pao_if_ortho_26_03_07_patio_19b_y_armado
767,Path,\\amssclgis10.ams.gmams.cl\CL_MLP_PAO\El_Mauro_Drone\26_04\CL_MLP_PAO_IF_Ortho_26_04_25_EBD.tif,//amssclgis10.ams.gmams.cl/cl_mlp_pao/el_mauro_drone/26_04/cl_mlp_pao_if_ortho_26_04_25_ebd.tif,cl_mlp_pao_if_ortho_26_04_25_ebd.tif,cl_mlp_pao_if_ortho_26_04_25_ebd,amssclgis10_ams_gmams_cl_cl_mlp_pao_el_mauro_drone_26_04_cl_mlp_pao_if_ortho_26_04_25_ebd_tif,cl_mlp_pao_if_ortho_26_04_25_ebd_tif,cl_mlp_pao_if_ortho_26_04_25_ebd
769,Path,\\amssclgis10.ams.gmams.cl\CL_MLP_PAO\El_Mauro_Drone\26_05\CL_MLP_PAO_IF_Ortho_26_05_08_EBD.tif,//amssclgis10.ams.gmams.cl/cl_mlp_pao/el_mauro_drone/26_05/cl_mlp_pao_if_ortho_26_05_08_ebd.tif,cl_mlp_pao_if_ortho_26_05_08_ebd.tif,cl_mlp_pao_if_ortho_26_05_08_ebd,amssclgis10_ams_gmams_cl_cl_mlp_pao_el_mauro_drone_26_05_cl_mlp_pao_if_ortho_26_05_08_ebd_tif,cl_mlp_pao_if_ortho_26_05_08_ebd_tif,cl_mlp_pao_if_ortho_26_05_08_ebd
770,Path,\\amssclgis10.ams.gmams.cl\CL_MLP_PAO\El_Mauro_Drone\26_03_20\CL_MLP_PAO_IF_Ortho_26_03_20_Patio-19B-y-Armado.tif,//amssclgis10.ams.gmams.cl/cl_mlp_pao/el_mauro_drone/26_03_20/cl_mlp_pao_if_ortho_26_03_20_patio-19b-y-armado.tif,cl_mlp_pao_if_ortho_26_03_20_patio-19b-y-armado.tif,cl_mlp_pao_if_ortho_26_03_20_patio-19b-y-armado,amssclgis10_ams_gmams_cl_cl_mlp_pao_el_mauro_drone_26_03_20_cl_mlp_pao_if_ortho_26_03_20_patio_19b_y_armado_tif,cl_mlp_pao_if_ortho_26_03_20_patio_19b_y_armado_tif,cl_mlp_pao_if_ortho_26_03_20_patio_19b_y_armado
771,Path,\\amssclgis10.ams.gmams.cl\CL_MLP_PAO\El_Mauro_Drone\26_04\CL_MLP_PAO_IF_Ortho_26_04_09_Subestacion-El-Mauro.tif,//amssclgis10.ams.gmams.cl/cl_mlp_pao/el_mauro_drone/26_04/cl_mlp_pao_if_ortho_26_04_09_subestacion-el-mauro.tif,cl_mlp_pao_if_ortho_26_04_09_subestacion-el-mauro.tif,cl_mlp_pao_if_ortho_26_04_09_subestacion-el-mauro,amssclgis10_ams_gmams_cl_cl_mlp_pao_el_mauro_drone_26_04_cl_mlp_pao_if_ortho_26_04_09_subestacion_el_mauro_tif,cl_mlp_pao_if_ortho_26_04_09_subestacion_el_mauro_tif,cl_mlp_pao_if_ortho_26_04_09_subestacion_el_mauro
772,Path,\\amssclgis10.ams.gmams.cl\CL_MLP_PAO\El_Mauro_Puerto_Punta_Chungo_Drone\26_04\CL_MLP_PAO_IF_Ortho_26_04_04_MonteAranda-NSTC-Km-84p2-a-82p3.tif,//amssclgis10.ams.gmams.cl/cl_mlp_pao/el_mauro_puerto_punta_chungo_drone/26_04/cl_mlp_pao_if_ortho_26_04_04_montearanda-nstc-km-84p2-a-82p3.tif,cl_mlp_pao_if_ortho_26_04_04_montearanda-nstc-km-84p2-a-82p3.tif,cl_mlp_pao_if_ortho_26_04_04_montearanda-nstc-km-84p2-a-82p3,amssclgis10_ams_gmams_cl_cl_mlp_pao_el_mauro_puerto_punta_chungo_drone_26_04_cl_mlp_pao_if_ortho_26_04_04_montearanda_nstc_km_84p2_a_82p3_tif,cl_mlp_pao_if_ortho_26_04_04_montearanda_nstc_km_84p2_a_82p3_tif,cl_mlp_pao_if_ortho_26_04_04_montearanda_nstc_km_84p2_a_82p3
773,Path,\\amssclgis10.ams.gmams.cl\CL_MLP_PAO\El_Mauro_Drone\26_05\CL_MLP_PAO_IF_Ortho_26_05_03_EBD.tif,//amssclgis10.ams.gmams.cl/cl_mlp_pao/el_mauro_drone/26_05/cl_mlp_pao_if_ortho_26_05_03_ebd.tif,cl_mlp_pao_if_ortho_26_05_03_ebd.tif,cl_mlp_pao_if_ortho_26_05_03_ebd,amssclgis10_ams_gmams_cl_cl_mlp_pao_el_mauro_drone_26_05_cl_mlp_pao_if_ortho_26_05_03_ebd_tif,cl_mlp_pao_if_ortho_26_05_03_ebd_tif,cl_mlp_pao_if_ortho_26_05_03_ebd
774,Path,\\amssclgis10.ams.gmams.cl\CL_MLP_PAO\El_Mauro_Puerto_Punta_Chungo_Drone\26_04\CL_MLP_PAO_IF_Ortho_26_04_17_TORRE_E85_A_E_125.tif,//amssclgis10.ams.gmams.cl/cl_mlp_pao/el_mauro_puerto_punta_chungo_drone/26_04/cl_mlp_pao_if_ortho_26_04_17_torre_e85_a_e_125.tif,cl_mlp_pao_if_ortho_26_04_17_torre_e85_a_e_125.tif,cl_mlp_pao_if_ortho_26_04_17_torre_e85_a_e_125,amssclgis10_ams_gmams_cl_cl_mlp_pao_el_mauro_puerto_punta_chungo_drone_26_04_cl_mlp_pao_if_ortho_26_04_17_torre_e85_a_e_125_tif,cl_mlp_pao_if_ortho_26_04_17_torre_e85_a_e_125_tif,cl_mlp_pao_if_ortho_26_04_17_torre_e85_a_e_125
775,Path,\\amssclgis10.ams.gmams.cl\CL_MLP_PAO\El_Mauro_Drone\26_01_07\CL_MLP_PAO_IF_Ortho_26_01_07_TORRES_E12_-_E30_PV4.tif,//amssclgis10.ams.gmams.cl/cl_mlp_pao/el_mauro_drone/26_01_07/cl_mlp_pao_if_ortho_26_01_07_torres_e12_-_e30_pv4.tif,cl_mlp_pao_if_ortho_26_01_07_torres_e12_-_e30_pv4.tif,cl_mlp_pao_if_ortho_26_01_07_torres_e12_-_e30_pv4,amssclgis10_ams_gmams_cl_cl_mlp_pao_el_mauro_drone_26_01_07_cl_mlp_pao_if_ortho_26_01_07_torres_e12_e30_pv4_tif,cl_mlp_pao_if_ortho_26_01_07_torres_e12_e30_pv4_tif,cl_mlp_pao_if_ortho_26_01_07_torres_e12_e30_pv4
776,Path,\\amssclgis10.ams.gmams.cl\CL_MLP_PAO\El_Mauro_Drone\26_05\CL_MLP_PAO_IF_Ortho_26_05_08_Acceso_a_pozos.tif,//amssclgis10.ams.gmams.cl/cl_mlp_pao/el_mauro_drone/26_05/cl_mlp_pao_if_ortho_26_05_08_acceso_a_pozos.tif,cl_mlp_pao_if_ortho_26_05_08_acceso_a_pozos.tif,cl_mlp_pao_if_ortho_26_05_08_acceso_a_pozos,amssclgis10_ams_gmams_cl_cl_mlp_pao_el_mauro_drone_26_05_cl_mlp_pao_if_ortho_26_05_08_acceso_a_pozos_tif,cl_mlp_pao_if_ortho_26_05_08_acceso_a_pozos_tif,cl_mlp_pao_if_ortho_26_05_08_acceso_a_pozos
777,Path,\\amssclgis10.ams.gmams.cl\CL_MLP_PAO\El_Mauro_Drone\26_04\CL_MLP_PAO_IF_Ortho_26_04_11_Pozos_PRP.tif,//amssclgis10.ams.gmams.cl/cl_mlp_pao/el_mauro_drone/26_04/cl_mlp_pao_if_ortho_26_04_11_pozos_prp.tif,cl_mlp_pao_if_ortho_26_04_11_pozos_prp.tif,cl_mlp_pao_if_ortho_26_04_11_pozos_prp,amssclgis10_ams_gmams_cl_cl_mlp_pao_el_mauro_drone_26_04_cl_mlp_pao_if_ortho_26_04_11_pozos_prp_tif,cl_mlp_pao_if_ortho_26_04_11_pozos_prp_tif,cl_mlp_pao_if_ortho_26_04_11_pozos_prp
778,Path,\\amssclgis10.ams.gmams.cl\CL_MLP_PAO\El_Mauro_Drone\26_03_12\CL_MLP_PAO_IF_Ortho_26_03_12_Subestacion-El-Mauro.tif,//amssclgis10.ams.gmams.cl/cl_mlp_pao/el_mauro_drone/26_03_12/cl_mlp_pao_if_ortho_26_03_12_subestacion-el-mauro.tif,cl_mlp_pao_if_ortho_26_03_12_subestacion-el-mauro.tif,cl_mlp_pao_if_ortho_26_03_12_subestacion-el-mauro,amssclgis10_ams_gmams_cl_cl_mlp_pao_el_mauro_drone_26_03_12_cl_mlp_pao_if_ortho_26_03_12_subestacion_el_mauro_tif,cl_mlp_pao_if_ortho_26_03_12_subestacion_el_mauro_tif,cl_mlp_pao_if_ortho_26_03_12_subestacion_el_mauro
779,Path,\\amssclgis10.ams.gmams.cl\CL_MLP_PAO\El_Mauro_Drone\26_02_06\CL_MLP_PAO_IF_Ortho_26_02_06_Subestacion-El-Mauro.tif,//amssclgis10.ams.gmams.cl/cl_mlp_pao/el_mauro_drone/26_02_06/cl_mlp_pao_if_ortho_26_02_06_subestacion-el-mauro.tif,cl_mlp_pao_if_ortho_26_02_06_subestacion-el-mauro.tif,cl_mlp_pao_if_ortho_26_02_06_subestacion-el-mauro,amssclgis10_ams_gmams_cl_cl_mlp_pao_el_mauro_drone_26_02_06_cl_mlp_pao_if_ortho_26_02_06_subestacion_el_mauro_tif,cl_mlp_pao_if_ortho_26_02_06_subestacion_el_mauro_tif,cl_mlp_pao_if_ortho_26_02_06_subestacion_el_mauro
780,Path,\\amssclgis10.ams.gmams.cl\CL_MLP_PAO\El_Mauro_Drone\26_02_21\CL_MLP_PAO_IF_Ortho_26_02_21_Subestacion-El-Mauro.tif,//amssclgis10.ams.gmams.cl/cl_mlp_pao/el_mauro_drone/26_02_21/cl_mlp_pao_if_ortho_26_02_21_subestacion-el-mauro.tif,cl_mlp_pao_if_ortho_26_02_21_subestacion-el-mauro.tif,cl_mlp_pao_if_ortho_26_02_21_subestacion-el-mauro,amssclgis10_ams_gmams_cl_cl_mlp_pao_el_mauro_drone_26_02_21_cl_mlp_pao_if_ortho_26_02_21_subestacion_el_mauro_tif,cl_mlp_pao_if_ortho_26_02_21_subestacion_el_mauro_tif,cl_mlp_pao_if_ortho_26_02_21_subestacion_el_mauro
781,Path,\\amssclgis10.ams.gmams.cl\CL_MLP_PAO\El_Mauro_Puerto_Punta_Chungo_Drone\26_04\CL_MLP_PAO_IF_Ortho_26_04_02_TORRE_E85_A_E_125.tif,//amssclgis10.ams.gmams.cl/cl_mlp_pao/el_mauro_puerto_punta_chungo_drone/26_04/cl_mlp_pao_if_ortho_26_04_02_torre_e85_a_e_125.tif,cl_mlp_pao_if_ortho_26_04_02_torre_e85_a_e_125.tif,cl_mlp_pao_if_ortho_26_04_02_torre_e85_a_e_125,amssclgis10_ams_gmams_cl_cl_mlp_pao_el_mauro_puerto_punta_chungo_drone_26_04_cl_mlp_pao_if_ortho_26_04_02_torre_e85_a_e_125_tif,cl_mlp_pao_if_ortho_26_04_02_torre_e85_a_e_125_tif,cl_mlp_pao_if_ortho_26_04_02_torre_e85_a_e_125
782,Path,\\amssclgis10.ams.gmams.cl\CL_MLP_PAO\El_Mauro_Drone\26_03_27\CL_MLP_PAO_IF_Ortho_26_03_27_Subestacion-El-Mauro.tif,//amssclgis10.ams.gmams.cl/cl_mlp_pao/el_mauro_drone/26_03_27/cl_mlp_pao_if_ortho_26_03_27_subestacion-el-mauro.tif,cl_mlp_pao_if_ortho_26_03_27_subestacion-el-mauro.tif,cl_mlp_pao_if_ortho_26_03_27_subestacion-el-mauro,amssclgis10_ams_gmams_cl_cl_mlp_pao_el_mauro_drone_26_03_27_cl_mlp_pao_if_ortho_26_03_27_subestacion_el_mauro_tif,cl_mlp_pao_if_ortho_26_03_27_subestacion_el_mauro_tif,cl_mlp_pao_if_ortho_26_03_27_subestacion_el_mauro
783,Path,\\amssclgis10.ams.gmams.cl\CL_MLP_PAO\El_Mauro_Puerto_Punta_Chungo_Drone\26_03_22\CL_MLP_PAO_IF_Ortho_26_03_22_MonteAranda-NSTC-Km-84p2-a-82p3.tif,//amssclgis10.ams.gmams.cl/cl_mlp_pao/el_mauro_puerto_punta_chungo_drone/26_03_22/cl_mlp_pao_if_ortho_26_03_22_montearanda-nstc-km-84p2-a-82p3.tif,cl_mlp_pao_if_ortho_26_03_22_montearanda-nstc-km-84p2-a-82p3.tif,cl_mlp_pao_if_ortho_26_03_22_montearanda-nstc-km-84p2-a-82p3,amssclgis10_ams_gmams_cl_cl_mlp_pao_el_mauro_puerto_punta_chungo_drone_26_03_22_cl_mlp_pao_if_ortho_26_03_22_montearanda_nstc_km_84p2_a_82p3_tif,cl_mlp_pao_if_ortho_26_03_22_montearanda_nstc_km_84p2_a_82p3_tif,cl_mlp_pao_if_ortho_26_03_22_montearanda_nstc_km_84p2_a_82p3
784,Path,\\amssclgis10.ams.gmams.cl\CL_MLP_PAO\El_Mauro_Drone\26_03_06\CL_MLP_PAO_IF_Ortho_26_03_06_EM4.tif,//amssclgis10.ams.gmams.cl/cl_mlp_pao/el_mauro_drone/26_03_06/cl_mlp_pao_if_ortho_26_03_06_em4.tif,cl_mlp_pao_if_ortho_26_03_06_em4.tif,cl_mlp_pao_if_ortho_26_03_06_em4,amssclgis10_ams_gmams_cl_cl_mlp_pao_el_mauro_drone_26_03_06_cl_mlp_pao_if_ortho_26_03_06_em4_tif,cl_mlp_pao_if_ortho_26_03_06_em4_tif,cl_mlp_pao_if_ortho_26_03_06_em4
785,Path,\\amssclgis10.ams.gmams.cl\CL_MLP_PAO\El_Mauro_Puerto_Punta_Chungo_Drone\26_03_08\CL_MLP_PAO_IF_Ortho_26_03_08_TORRES_E85_A_E125.tif,//amssclgis10.ams.gmams.cl/cl_mlp_pao/el_mauro_puerto_punta_chungo_drone/26_03_08/cl_mlp_pao_if_ortho_26_03_08_torres_e85_a_e125.tif,cl_mlp_pao_if_ortho_26_03_08_torres_e85_a_e125.tif,cl_mlp_pao_if_ortho_26_03_08_torres_e85_a_e125,amssclgis10_ams_gmams_cl_cl_mlp_pao_el_mauro_puerto_punta_chungo_drone_26_03_08_cl_mlp_pao_if_ortho_26_03_08_torres_e85_a_e125_tif,cl_mlp_pao_if_ortho_26_03_08_torres_e85_a_e125_tif,cl_mlp_pao_if_ortho_26_03_08_torres_e85_a_e125
786,Path,\\amssclgis10.ams.gmams.cl\CL_MLP_PAO\El_Mauro_Drone\26_04\CL_MLP_PAO_IF_Ortho_26_04_17_Estacion_Intermedia.tif,//amssclgis10.ams.gmams.cl/cl_mlp_pao/el_mauro_drone/26_04/cl_mlp_pao_if_ortho_26_04_17_estacion_intermedia.tif,cl_mlp_pao_if_ortho_26_04_17_estacion_intermedia.tif,cl_mlp_pao_if_ortho_26_04_17_estacion_intermedia,amssclgis10_ams_gmams_cl_cl_mlp_pao_el_mauro_drone_26_04_cl_mlp_pao_if_ortho_26_04_17_estacion_intermedia_tif,cl_mlp_pao_if_ortho_26_04_17_estacion_intermedia_tif,cl_mlp_pao_if_ortho_26_04_17_estacion_intermedia
788,Path,\\amssclgis10.ams.gmams.cl\CL_MLP_PAO\El_Mauro_Puerto_Punta_Chungo_Drone\26_03_21\CL_MLP_PAO_IF_Ortho_26_03_21_TORRE_E85_A_E_125.tif,//amssclgis10.ams.gmams.cl/cl_mlp_pao/el_mauro_puerto_punta_chungo_drone/26_03_21/cl_mlp_pao_if_ortho_26_03_21_torre_e85_a_e_125.tif,cl_mlp_pao_if_ortho_26_03_21_torre_e85_a_e_125.tif,cl_mlp_pao_if_ortho_26_03_21_torre_e85_a_e_125,amssclgis10_ams_gmams_cl_cl_mlp_pao_el_mauro_puerto_punta_chungo_drone_26_03_21_cl_mlp_pao_if_ortho_26_03_21_torre_e85_a_e_125_tif,cl_mlp_pao_if_ortho_26_03_21_torre_e85_a_e_125_tif,cl_mlp_pao_if_ortho_26_03_21_torre_e85_a_e_125
789,Path,\\amssclgis10.ams.gmams.cl\CL_MLP_PAO\El_Mauro_Puerto_Punta_Chungo_Drone\26_04\CL_MLP_PAO_IF_Ortho_26_04_29_TORRE_E85_A_E_125.tif,//amssclgis10.ams.gmams.cl/cl_mlp_pao/el_mauro_puerto_punta_chungo_drone/26_04/cl_mlp_pao_if_ortho_26_04_29_torre_e85_a_e_125.tif,cl_mlp_pao_if_ortho_26_04_29_torre_e85_a_e_125.tif,cl_mlp_pao_if_ortho_26_04_29_torre_e85_a_e_125,amssclgis10_ams_gmams_cl_cl_mlp_pao_el_mauro_puerto_punta_chungo_drone_26_04_cl_mlp_pao_if_ortho_26_04_29_torre_e85_a_e_125_tif,cl_mlp_pao_if_ortho_26_04_29_torre_e85_a_e_125_tif,cl_mlp_pao_if_ortho_26_04_29_torre_e85_a_e_125
790,Path,\\amssclgis10.ams.gmams.cl\CL_MLP_PAO\El_Mauro_Puerto_Punta_Chungo_Drone\26_04\CL_MLP_PAO_IF_Ortho_26_04_12_TORRE_E85_A_E_125.tif,//amssclgis10.ams.gmams.cl/cl_mlp_pao/el_mauro_puerto_punta_chungo_drone/26_04/cl_mlp_pao_if_ortho_26_04_12_torre_e85_a_e_125.tif,cl_mlp_pao_if_ortho_26_04_12_torre_e85_a_e_125.tif,cl_mlp_pao_if_ortho_26_04_12_torre_e85_a_e_125,amssclgis10_ams_gmams_cl_cl_mlp_pao_el_mauro_puerto_punta_chungo_drone_26_04_cl_mlp_pao_if_ortho_26_04_12_torre_e85_a_e_125_tif,cl_mlp_pao_if_ortho_26_04_12_torre_e85_a_e_125_tif,cl_mlp_pao_if_ortho_26_04_12_torre_e85_a_e_125
791,Path,\\amssclgis10.ams.gmams.cl\CL_MLP_PAO\El_Mauro_Puerto_Punta_Chungo_Drone\26_04\CL_MLP_PAO_IF_Ortho_26_04_25_TORRE_E85_A_E_125.tif,//amssclgis10.ams.gmams.cl/cl_mlp_pao/el_mauro_puerto_punta_chungo_drone/26_04/cl_mlp_pao_if_ortho_26_04_25_torre_e85_a_e_125.tif,cl_mlp_pao_if_ortho_26_04_25_torre_e85_a_e_125.tif,cl_mlp_pao_if_ortho_26_04_25_torre_e85_a_e_125,amssclgis10_ams_gmams_cl_cl_mlp_pao_el_mauro_puerto_punta_chungo_drone_26_04_cl_mlp_pao_if_ortho_26_04_25_torre_e85_a_e_125_tif,cl_mlp_pao_if_ortho_26_04_25_torre_e85_a_e_125_tif,cl_mlp_pao_if_ortho_26_04_25_torre_e85_a_e_125
792,Path,\\amssclgis10.ams.gmams.cl\CL_MLP_PAO\El_Mauro_Drone\26_03_20\CL_MLP_PAO_IF_Ortho_26_03_20_Subestacion-El-Mauro.tif,//amssclgis10.ams.gmams.cl/cl_mlp_pao/el_mauro_drone/26_03_20/cl_mlp_pao_if_ortho_26_03_20_subestacion-el-mauro.tif,cl_mlp_pao_if_ortho_26_03_20_subestacion-el-mauro.tif,cl_mlp_pao_if_ortho_26_03_20_subestacion-el-mauro,amssclgis10_ams_gmams_cl_cl_mlp_pao_el_mauro_drone_26_03_20_cl_mlp_pao_if_ortho_26_03_20_subestacion_el_mauro_tif,cl_mlp_pao_if_ortho_26_03_20_subestacion_el_mauro_tif,cl_mlp_pao_if_ortho_26_03_20_subestacion_el_mauro
793,Path,\\amssclgis10.ams.gmams.cl\CL_MLP_PAO\El_Mauro_Drone\26_01_14\CL_MLP_PAO_IF_Ortho_26_01_14_Linea-33-kV-NorteElMauro-Area6.tif,//amssclgis10.ams.gmams.cl/cl_mlp_pao/el_mauro_drone/26_01_14/cl_mlp_pao_if_ortho_26_01_14_linea-33-kv-norteelmauro-area6.tif,cl_mlp_pao_if_ortho_26_01_14_linea-33-kv-norteelmauro-area6.tif,cl_mlp_pao_if_ortho_26_01_14_linea-33-kv-norteelmauro-area6,amssclgis10_ams_gmams_cl_cl_mlp_pao_el_mauro_drone_26_01_14_cl_mlp_pao_if_ortho_26_01_14_linea_33_kv_norteelmauro_area6_tif,cl_mlp_pao_if_ortho_26_01_14_linea_33_kv_norteelmauro_area6_tif,cl_mlp_pao_if_ortho_26_01_14_linea_33_kv_norteelmauro_area6
794,Path,\\amssclgis10.ams.gmams.cl\CL_MLP_PAO\El_Mauro_Drone\26_01_14\CL_MLP_PAO_IF_Ortho_26_01_14_Linea-33-kV-NorteElMauro-Area7.tif,//amssclgis10.ams.gmams.cl/cl_mlp_pao/el_mauro_drone/26_01_14/cl_mlp_pao_if_ortho_26_01_14_linea-33-kv-norteelmauro-area7.tif,cl_mlp_pao_if_ortho_26_01_14_linea-33-kv-norteelmauro-area7.tif,cl_mlp_pao_if_ortho_26_01_14_linea-33-kv-norteelmauro-area7,amssclgis10_ams_gmams_cl_cl_mlp_pao_el_mauro_drone_26_01_14_cl_mlp_pao_if_ortho_26_01_14_linea_33_kv_norteelmauro_area7_tif,cl_mlp_pao_if_ortho_26_01_14_linea_33_kv_norteelmauro_area7_tif,cl_mlp_pao_if_ortho_26_01_14_linea_33_kv_norteelmauro_area7
795,Path,\\amssclgis10.ams.gmams.cl\CL_MLP_PAO\El_Mauro_Drone\26_04\CL_MLP_PAO_IF_Ortho_26_04_05_Subestacion-El-Mauro.tif,//amssclgis10.ams.gmams.cl/cl_mlp_pao/el_mauro_drone/26_04/cl_mlp_pao_if_ortho_26_04_05_subestacion-el-mauro.tif,cl_mlp_pao_if_ortho_26_04_05_subestacion-el-mauro.tif,cl_mlp_pao_if_ortho_26_04_05_subestacion-el-mauro,amssclgis10_ams_gmams_cl_cl_mlp_pao_el_mauro_drone_26_04_cl_mlp_pao_if_ortho_26_04_05_subestacion_el_mauro_tif,cl_mlp_pao_if_ortho_26_04_05_subestacion_el_mauro_tif,cl_mlp_pao_if_ortho_26_04_05_subestacion_el_mauro
796,Path,\\amssclgis10.ams.gmams.cl\CL_MLP_PAO\El_Mauro_Drone\26_02_12\CL_MLP_PAO_IF_Ortho_26_02_12_EM4.tif,//amssclgis10.ams.gmams.cl/cl_mlp_pao/el_mauro_drone/26_02_12/cl_mlp_pao_if_ortho_26_02_12_em4.tif,cl_mlp_pao_if_ortho_26_02_12_em4.tif,cl_mlp_pao_if_ortho_26_02_12_em4,amssclgis10_ams_gmams_cl_cl_mlp_pao_el_mauro_drone_26_02_12_cl_mlp_pao_if_ortho_26_02_12_em4_tif,cl_mlp_pao_if_ortho_26_02_12_em4_tif,cl_mlp_pao_if_ortho_26_02_12_em4
797,Path,\\amssclgis10.ams.gmams.cl\CL_MLP_PAO\El_Mauro_Drone\26_01_30\CL_MLP_PAO_IF_Ortho_26_01_30_Plataforma_Integrada_El_Mauro.tif,//amssclgis10.ams.gmams.cl/cl_mlp_pao/el_mauro_drone/26_01_30/cl_mlp_pao_if_ortho_26_01_30_plataforma_integrada_el_mauro.tif,cl_mlp_pao_if_ortho_26_01_30_plataforma_integrada_el_mauro.tif,cl_mlp_pao_if_ortho_26_01_30_plataforma_integrada_el_mauro,amssclgis10_ams_gmams_cl_cl_mlp_pao_el_mauro_drone_26_01_30_cl_mlp_pao_if_ortho_26_01_30_plataforma_integrada_el_mauro_tif,cl_mlp_pao_if_ortho_26_01_30_plataforma_integrada_el_mauro_tif,cl_mlp_pao_if_ortho_26_01_30_plataforma_integrada_el_mauro
798,Path,\\amssclgis10.ams.gmams.cl\CL_MLP_PAO\El_Mauro_Drone\26_01_31\CL_MLP_PAO_IF_Ortho_26_01_31_Plataforma_Integrada_El_Mauro.tif,//amssclgis10.ams.gmams.cl/cl_mlp_pao/el_mauro_drone/26_01_31/cl_mlp_pao_if_ortho_26_01_31_plataforma_integrada_el_mauro.tif,cl_mlp_pao_if_ortho_26_01_31_plataforma_integrada_el_mauro.tif,cl_mlp_pao_if_ortho_26_01_31_plataforma_integrada_el_mauro,amssclgis10_ams_gmams_cl_cl_mlp_pao_el_mauro_drone_26_01_31_cl_mlp_pao_if_ortho_26_01_31_plataforma_integrada_el_mauro_tif,cl_mlp_pao_if_ortho_26_01_31_plataforma_integrada_el_mauro_tif,cl_mlp_pao_if_ortho_26_01_31_plataforma_integrada_el_mauro
799,Path,\\amssclgis10.ams.gmams.cl\CL_MLP_PAO\El_Mauro_Drone\26_01_16\CL_MLP_PAO_IF_Ortho_26_01_16_Plataforma_Integrada_El_Mauro.tif,//amssclgis10.ams.gmams.cl/cl_mlp_pao/el_mauro_drone/26_01_16/cl_mlp_pao_if_ortho_26_01_16_plataforma_integrada_el_mauro.tif,cl_mlp_pao_if_ortho_26_01_16_plataforma_integrada_el_mauro.tif,cl_mlp_pao_if_ortho_26_01_16_plataforma_integrada_el_mauro,amssclgis10_ams_gmams_cl_cl_mlp_pao_el_mauro_drone_26_01_16_cl_mlp_pao_if_ortho_26_01_16_plataforma_integrada_el_mauro_tif,cl_mlp_pao_if_ortho_26_01_16_plataforma_integrada_el_mauro_tif,cl_mlp_pao_if_ortho_26_01_16_plataforma_integrada_el_mauro
800,Path,\\amssclgis10.ams.gmams.cl\CL_MLP_PAO\El_Mauro_Puerto_Punta_Chungo_Drone\26_01_10\CL_MLP_PAO_IF_Ortho_26_01_10_MonteAranda-NSTC-Km-84p2-a-82p3.tif,//amssclgis10.ams.gmams.cl/cl_mlp_pao/el_mauro_puerto_punta_chungo_drone/26_01_10/cl_mlp_pao_if_ortho_26_01_10_montearanda-nstc-km-84p2-a-82p3.tif,cl_mlp_pao_if_ortho_26_01_10_montearanda-nstc-km-84p2-a-82p3.tif,cl_mlp_pao_if_ortho_26_01_10_montearanda-nstc-km-84p2-a-82p3,amssclgis10_ams_gmams_cl_cl_mlp_pao_el_mauro_puerto_punta_chungo_drone_26_01_10_cl_mlp_pao_if_ortho_26_01_10_montearanda_nstc_km_84p2_a_82p3_tif,cl_mlp_pao_if_ortho_26_01_10_montearanda_nstc_km_84p2_a_82p3_tif,cl_mlp_pao_if_ortho_26_01_10_montearanda_nstc_km_84p2_a_82p3
801,Path,\\amssclgis10.ams.gmams.cl\CL_MLP_PAO\El_Mauro_Puerto_Punta_Chungo_Drone\26_01_17\CL_MLP_PAO_IF_Ortho_26_01_17_MonteAranda-NSTC-Km-84p2-a-82p3.tif,//amssclgis10.ams.gmams.cl/cl_mlp_pao/el_mauro_puerto_punta_chungo_drone/26_01_17/cl_mlp_pao_if_ortho_26_01_17_montearanda-nstc-km-84p2-a-82p3.tif,cl_mlp_pao_if_ortho_26_01_17_montearanda-nstc-km-84p2-a-82p3.tif,cl_mlp_pao_if_ortho_26_01_17_montearanda-nstc-km-84p2-a-82p3,amssclgis10_ams_gmams_cl_cl_mlp_pao_el_mauro_puerto_punta_chungo_drone_26_01_17_cl_mlp_pao_if_ortho_26_01_17_montearanda_nstc_km_84p2_a_82p3_tif,cl_mlp_pao_if_ortho_26_01_17_montearanda_nstc_km_84p2_a_82p3_tif,cl_mlp_pao_if_ortho_26_01_17_montearanda_nstc_km_84p2_a_82p3
802,Path,\\amssclgis10.ams.gmams.cl\CL_MLP_PAO\El_Mauro_Puerto_Punta_Chungo_Drone\26_01_21\CL_MLP_PAO_IF_Ortho_26_01_21_InstalacionesTipay.tif,//amssclgis10.ams.gmams.cl/cl_mlp_pao/el_mauro_puerto_punta_chungo_drone/26_01_21/cl_mlp_pao_if_ortho_26_01_21_instalacionestipay.tif,cl_mlp_pao_if_ortho_26_01_21_instalacionestipay.tif,cl_mlp_pao_if_ortho_26_01_21_instalacionestipay,amssclgis10_ams_gmams_cl_cl_mlp_pao_el_mauro_puerto_punta_chungo_drone_26_01_21_cl_mlp_pao_if_ortho_26_01_21_instalacionestipay_tif,cl_mlp_pao_if_ortho_26_01_21_instalacionestipay_tif,cl_mlp_pao_if_ortho_26_01_21_instalacionestipay
803,Path,\\amssclgis10.ams.gmams.cl\CL_MLP_PAO\Chacay_El_Mauro_Drone\26_01_21\CL_MLP_PAO_IF_Ortho_26_01_21_DME9-PA12-IIFF8.tif,//amssclgis10.ams.gmams.cl/cl_mlp_pao/chacay_el_mauro_drone/26_01_21/cl_mlp_pao_if_ortho_26_01_21_dme9-pa12-iiff8.tif,cl_mlp_pao_if_ortho_26_01_21_dme9-pa12-iiff8.tif,cl_mlp_pao_if_ortho_26_01_21_dme9-pa12-iiff8,amssclgis10_ams_gmams_cl_cl_mlp_pao_chacay_el_mauro_drone_26_01_21_cl_mlp_pao_if_ortho_26_01_21_dme9_pa12_iiff8_tif,cl_mlp_pao_if_ortho_26_01_21_dme9_pa12_iiff8_tif,cl_mlp_pao_if_ortho_26_01_21_dme9_pa12_iiff8
804,Path,\\amssclgis10.ams.gmams.cl\CL_MLP_PAO\Chacay_El_Mauro_Drone\26_02_04\CL_MLP_PAO_IF_Ortho_26_02_04_DME9_PA12_IIFF8.tif,//amssclgis10.ams.gmams.cl/cl_mlp_pao/chacay_el_mauro_drone/26_02_04/cl_mlp_pao_if_ortho_26_02_04_dme9_pa12_iiff8.tif,cl_mlp_pao_if_ortho_26_02_04_dme9_pa12_iiff8.tif,cl_mlp_pao_if_ortho_26_02_04_dme9_pa12_iiff8,amssclgis10_ams_gmams_cl_cl_mlp_pao_chacay_el_mauro_drone_26_02_04_cl_mlp_pao_if_ortho_26_02_04_dme9_pa12_iiff8_tif,cl_mlp_pao_if_ortho_26_02_04_dme9_pa12_iiff8_tif,cl_mlp_pao_if_ortho_26_02_04_dme9_pa12_iiff8
805,Path,\\amssclgis10.ams.gmams.cl\CL_MLP_PAO\Chacay_El_Mauro_Drone\26_02_05\CL_MLP_PAO_IF_Ortho_26_02_05_33-kV-NSTC-Km-74p7-a-75p5.tif,//amssclgis10.ams.gmams.cl/cl_mlp_pao/chacay_el_mauro_drone/26_02_05/cl_mlp_pao_if_ortho_26_02_05_33-kv-nstc-km-74p7-a-75p5.tif,cl_mlp_pao_if_ortho_26_02_05_33-kv-nstc-km-74p7-a-75p5.tif,cl_mlp_pao_if_ortho_26_02_05_33-kv-nstc-km-74p7-a-75p5,amssclgis10_ams_gmams_cl_cl_mlp_pao_chacay_el_mauro_drone_26_02_05_cl_mlp_pao_if_ortho_26_02_05_33_kv_nstc_km_74p7_a_75p5_tif,cl_mlp_pao_if_ortho_26_02_05_33_kv_nstc_km_74p7_a_75p5_tif,cl_mlp_pao_if_ortho_26_02_05_33_kv_nstc_km_74p7_a_75p5
806,Path,\\amssclgis10.ams.gmams.cl\CL_MLP_PAO\El_Mauro_Puerto_Punta_Chungo_Drone\26_01_31\CL_MLP_PAO_IF_Ortho_26_01_31_MonteAranda-NSTC-Km-84p2-a-82p3.tif,//amssclgis10.ams.gmams.cl/cl_mlp_pao/el_mauro_puerto_punta_chungo_drone/26_01_31/cl_mlp_pao_if_ortho_26_01_31_montearanda-nstc-km-84p2-a-82p3.tif,cl_mlp_pao_if_ortho_26_01_31_montearanda-nstc-km-84p2-a-82p3.tif,cl_mlp_pao_if_ortho_26_01_31_montearanda-nstc-km-84p2-a-82p3,amssclgis10_ams_gmams_cl_cl_mlp_pao_el_mauro_puerto_punta_chungo_drone_26_01_31_cl_mlp_pao_if_ortho_26_01_31_montearanda_nstc_km_84p2_a_82p3_tif,cl_mlp_pao_if_ortho_26_01_31_montearanda_nstc_km_84p2_a_82p3_tif,cl_mlp_pao_if_ortho_26_01_31_montearanda_nstc_km_84p2_a_82p3
807,Path,\\amssclgis10.ams.gmams.cl\CL_MLP_PAO\El_Mauro_Drone\26_02_09\CL_MLP_PAO_IF_Ortho_26_02_09_EM4.tif,//amssclgis10.ams.gmams.cl/cl_mlp_pao/el_mauro_drone/26_02_09/cl_mlp_pao_if_ortho_26_02_09_em4.tif,cl_mlp_pao_if_ortho_26_02_09_em4.tif,cl_mlp_pao_if_ortho_26_02_09_em4,amssclgis10_ams_gmams_cl_cl_mlp_pao_el_mauro_drone_26_02_09_cl_mlp_pao_if_ortho_26_02_09_em4_tif,cl_mlp_pao_if_ortho_26_02_09_em4_tif,cl_mlp_pao_if_ortho_26_02_09_em4
808,Path,\\amssclgis10.ams.gmams.cl\CL_MLP_PAO\El_Mauro_Puerto_Punta_Chungo_Drone\26_02_07\CL_MLP_PAO_IF_Ortho_26_02_07_MonteAranda-NSTC-Km-84p2-a-82p3.tif,//amssclgis10.ams.gmams.cl/cl_mlp_pao/el_mauro_puerto_punta_chungo_drone/26_02_07/cl_mlp_pao_if_ortho_26_02_07_montearanda-nstc-km-84p2-a-82p3.tif,cl_mlp_pao_if_ortho_26_02_07_montearanda-nstc-km-84p2-a-82p3.tif,cl_mlp_pao_if_ortho_26_02_07_montearanda-nstc-km-84p2-a-82p3,amssclgis10_ams_gmams_cl_cl_mlp_pao_el_mauro_puerto_punta_chungo_drone_26_02_07_cl_mlp_pao_if_ortho_26_02_07_montearanda_nstc_km_84p2_a_82p3_tif,cl_mlp_pao_if_ortho_26_02_07_montearanda_nstc_km_84p2_a_82p3_tif,cl_mlp_pao_if_ortho_26_02_07_montearanda_nstc_km_84p2_a_82p3
809,Path,\\amssclgis10.ams.gmams.cl\CL_MLP_PAO\El_Mauro_Puerto_Punta_Chungo_Drone\26_02_11\CL_MLP_PAO_IF_Ortho_26_02_11_MonteAranda-NSTC-Km-84p2-a-82p3.tif,//amssclgis10.ams.gmams.cl/cl_mlp_pao/el_mauro_puerto_punta_chungo_drone/26_02_11/cl_mlp_pao_if_ortho_26_02_11_montearanda-nstc-km-84p2-a-82p3.tif,cl_mlp_pao_if_ortho_26_02_11_montearanda-nstc-km-84p2-a-82p3.tif,cl_mlp_pao_if_ortho_26_02_11_montearanda-nstc-km-84p2-a-82p3,amssclgis10_ams_gmams_cl_cl_mlp_pao_el_mauro_puerto_punta_chungo_drone_26_02_11_cl_mlp_pao_if_ortho_26_02_11_montearanda_nstc_km_84p2_a_82p3_tif,cl_mlp_pao_if_ortho_26_02_11_montearanda_nstc_km_84p2_a_82p3_tif,cl_mlp_pao_if_ortho_26_02_11_montearanda_nstc_km_84p2_a_82p3
810,Path,\\amssclgis10.ams.gmams.cl\CL_MLP_PAO\Chacay_El_Mauro_Drone\26_02_13\CL_MLP_PAO_IF_Ortho_26_02_13_DME9_PA12_IIFF8_1.tif,//amssclgis10.ams.gmams.cl/cl_mlp_pao/chacay_el_mauro_drone/26_02_13/cl_mlp_pao_if_ortho_26_02_13_dme9_pa12_iiff8_1.tif,cl_mlp_pao_if_ortho_26_02_13_dme9_pa12_iiff8_1.tif,cl_mlp_pao_if_ortho_26_02_13_dme9_pa12_iiff8_1,amssclgis10_ams_gmams_cl_cl_mlp_pao_chacay_el_mauro_drone_26_02_13_cl_mlp_pao_if_ortho_26_02_13_dme9_pa12_iiff8_1_tif,cl_mlp_pao_if_ortho_26_02_13_dme9_pa12_iiff8_1_tif,cl_mlp_pao_if_ortho_26_02_13_dme9_pa12_iiff8_1
811,Path,\\amssclgis10.ams.gmams.cl\CL_MLP_PAO\Chacay_Drone\26_02_26\CL_MLP_PAO_IF_Ortho_26_02_26_EM2.tif,//amssclgis10.ams.gmams.cl/cl_mlp_pao/chacay_drone/26_02_26/cl_mlp_pao_if_ortho_26_02_26_em2.tif,cl_mlp_pao_if_ortho_26_02_26_em2.tif,cl_mlp_pao_if_ortho_26_02_26_em2,amssclgis10_ams_gmams_cl_cl_mlp_pao_chacay_drone_26_02_26_cl_mlp_pao_if_ortho_26_02_26_em2_tif,cl_mlp_pao_if_ortho_26_02_26_em2_tif,cl_mlp_pao_if_ortho_26_02_26_em2
812,Path,\\amssclgis10.ams.gmams.cl\CL_MLP_PAO\Chacay_El_Mauro_Drone\26_02_18\CL_MLP_PAO_IF_Ortho_26_02_18_DME9-PA12-IIFF8.tif,//amssclgis10.ams.gmams.cl/cl_mlp_pao/chacay_el_mauro_drone/26_02_18/cl_mlp_pao_if_ortho_26_02_18_dme9-pa12-iiff8.tif,cl_mlp_pao_if_ortho_26_02_18_dme9-pa12-iiff8.tif,cl_mlp_pao_if_ortho_26_02_18_dme9-pa12-iiff8,amssclgis10_ams_gmams_cl_cl_mlp_pao_chacay_el_mauro_drone_26_02_18_cl_mlp_pao_if_ortho_26_02_18_dme9_pa12_iiff8_tif,cl_mlp_pao_if_ortho_26_02_18_dme9_pa12_iiff8_tif,cl_mlp_pao_if_ortho_26_02_18_dme9_pa12_iiff8
813,Path,\\amssclgis10.ams.gmams.cl\CL_MLP_PAO\El_Mauro_Puerto_Punta_Chungo_Drone\26_02_19\CL_MLP_PAO_IF_Ortho_26_02_19_MonteAranda-NSTC-Km-84p2-a-82p3.tif,//amssclgis10.ams.gmams.cl/cl_mlp_pao/el_mauro_puerto_punta_chungo_drone/26_02_19/cl_mlp_pao_if_ortho_26_02_19_montearanda-nstc-km-84p2-a-82p3.tif,cl_mlp_pao_if_ortho_26_02_19_montearanda-nstc-km-84p2-a-82p3.tif,cl_mlp_pao_if_ortho_26_02_19_montearanda-nstc-km-84p2-a-82p3,amssclgis10_ams_gmams_cl_cl_mlp_pao_el_mauro_puerto_punta_chungo_drone_26_02_19_cl_mlp_pao_if_ortho_26_02_19_montearanda_nstc_km_84p2_a_82p3_tif,cl_mlp_pao_if_ortho_26_02_19_montearanda_nstc_km_84p2_a_82p3_tif,cl_mlp_pao_if_ortho_26_02_19_montearanda_nstc_km_84p2_a_82p3
814,Path,\\amssclgis10.ams.gmams.cl\CL_MLP_PAO\El_Mauro_Puerto_Punta_Chungo_Drone\26_02_25\CL_MLP_PAO_IF_Ortho_26_02_25_MonteAranda-NSTC-Km-84p2-a-82p3.tif,//amssclgis10.ams.gmams.cl/cl_mlp_pao/el_mauro_puerto_punta_chungo_drone/26_02_25/cl_mlp_pao_if_ortho_26_02_25_montearanda-nstc-km-84p2-a-82p3.tif,cl_mlp_pao_if_ortho_26_02_25_montearanda-nstc-km-84p2-a-82p3.tif,cl_mlp_pao_if_ortho_26_02_25_montearanda-nstc-km-84p2-a-82p3,amssclgis10_ams_gmams_cl_cl_mlp_pao_el_mauro_puerto_punta_chungo_drone_26_02_25_cl_mlp_pao_if_ortho_26_02_25_montearanda_nstc_km_84p2_a_82p3_tif,cl_mlp_pao_if_ortho_26_02_25_montearanda_nstc_km_84p2_a_82p3_tif,cl_mlp_pao_if_ortho_26_02_25_montearanda_nstc_km_84p2_a_82p3
815,Path,\\amssclgis10.ams.gmams.cl\CL_MLP_PAO\El_Mauro_Drone\26_02_20\CL_MLP_PAO_IF_Ortho_26_02_20_EM4.tif,//amssclgis10.ams.gmams.cl/cl_mlp_pao/el_mauro_drone/26_02_20/cl_mlp_pao_if_ortho_26_02_20_em4.tif,cl_mlp_pao_if_ortho_26_02_20_em4.tif,cl_mlp_pao_if_ortho_26_02_20_em4,amssclgis10_ams_gmams_cl_cl_mlp_pao_el_mauro_drone_26_02_20_cl_mlp_pao_if_ortho_26_02_20_em4_tif,cl_mlp_pao_if_ortho_26_02_20_em4_tif,cl_mlp_pao_if_ortho_26_02_20_em4
816,Path,\\amssclgis10.ams.gmams.cl\CL_MLP_PAO\Chacay_El_Mauro_Drone\26_03_04\CL_MLP_PAO_IF_Ortho_26_03_04_DME9-PA12-IIFF8.tif,//amssclgis10.ams.gmams.cl/cl_mlp_pao/chacay_el_mauro_drone/26_03_04/cl_mlp_pao_if_ortho_26_03_04_dme9-pa12-iiff8.tif,cl_mlp_pao_if_ortho_26_03_04_dme9-pa12-iiff8.tif,cl_mlp_pao_if_ortho_26_03_04_dme9-pa12-iiff8,amssclgis10_ams_gmams_cl_cl_mlp_pao_chacay_el_mauro_drone_26_03_04_cl_mlp_pao_if_ortho_26_03_04_dme9_pa12_iiff8_tif,cl_mlp_pao_if_ortho_26_03_04_dme9_pa12_iiff8_tif,cl_mlp_pao_if_ortho_26_03_04_dme9_pa12_iiff8
817,Path,\\amssclgis10.ams.gmams.cl\CL_MLP_PAO\Chacay_El_Mauro_Drone\26_03_14\CL_MLP_PAO_IF_Ortho_26_03_14_EM2.tif,//amssclgis10.ams.gmams.cl/cl_mlp_pao/chacay_el_mauro_drone/26_03_14/cl_mlp_pao_if_ortho_26_03_14_em2.tif,cl_mlp_pao_if_ortho_26_03_14_em2.tif,cl_mlp_pao_if_ortho_26_03_14_em2,amssclgis10_ams_gmams_cl_cl_mlp_pao_chacay_el_mauro_drone_26_03_14_cl_mlp_pao_if_ortho_26_03_14_em2_tif,cl_mlp_pao_if_ortho_26_03_14_em2_tif,cl_mlp_pao_if_ortho_26_03_14_em2
818,Path,\\amssclgis10.ams.gmams.cl\CL_MLP_PAO\El_Mauro_Drone\26_03_06\CL_MLP_PAO_IF_Ortho_26_03_06_TORRES_E48_A_E84_PV4.tif,//amssclgis10.ams.gmams.cl/cl_mlp_pao/el_mauro_drone/26_03_06/cl_mlp_pao_if_ortho_26_03_06_torres_e48_a_e84_pv4.tif,cl_mlp_pao_if_ortho_26_03_06_torres_e48_a_e84_pv4.tif,cl_mlp_pao_if_ortho_26_03_06_torres_e48_a_e84_pv4,amssclgis10_ams_gmams_cl_cl_mlp_pao_el_mauro_drone_26_03_06_cl_mlp_pao_if_ortho_26_03_06_torres_e48_a_e84_pv4_tif,cl_mlp_pao_if_ortho_26_03_06_torres_e48_a_e84_pv4_tif,cl_mlp_pao_if_ortho_26_03_06_torres_e48_a_e84_pv4
819,Path,\\amssclgis10.ams.gmams.cl\CL_MLP_PAO\El_Mauro_Drone\26_03_07\CL_MLP_PAO_IF_Ortho_26_03_07_Subestacion-El-Mauro.tif,//amssclgis10.ams.gmams.cl/cl_mlp_pao/el_mauro_drone/26_03_07/cl_mlp_pao_if_ortho_26_03_07_subestacion-el-mauro.tif,cl_mlp_pao_if_ortho_26_03_07_subestacion-el-mauro.tif,cl_mlp_pao_if_ortho_26_03_07_subestacion-el-mauro,amssclgis10_ams_gmams_cl_cl_mlp_pao_el_mauro_drone_26_03_07_cl_mlp_pao_if_ortho_26_03_07_subestacion_el_mauro_tif,cl_mlp_pao_if_ortho_26_03_07_subestacion_el_mauro_tif,cl_mlp_pao_if_ortho_26_03_07_subestacion_el_mauro
820,Path,\\amssclgis10.ams.gmams.cl\CL_MLP_PAO\El_Mauro_Drone\26_03_11\CL_MLP_PAO_IF_Ortho_26_03_11_TORRES_E035_E048.tif,//amssclgis10.ams.gmams.cl/cl_mlp_pao/el_mauro_drone/26_03_11/cl_mlp_pao_if_ortho_26_03_11_torres_e035_e048.tif,cl_mlp_pao_if_ortho_26_03_11_torres_e035_e048.tif,cl_mlp_pao_if_ortho_26_03_11_torres_e035_e048,amssclgis10_ams_gmams_cl_cl_mlp_pao_el_mauro_drone_26_03_11_cl_mlp_pao_if_ortho_26_03_11_torres_e035_e048_tif,cl_mlp_pao_if_ortho_26_03_11_torres_e035_e048_tif,cl_mlp_pao_if_ortho_26_03_11_torres_e035_e048
821,Path,\\amssclgis10.ams.gmams.cl\CL_MLP_PAO\El_Mauro_Puerto_Punta_Chungo_Drone\26_03_08\CL_MLP_PAO_IF_Ortho_26_03_08_MonteAranda-NSTC-Km-84p2-a-82p3.tif,//amssclgis10.ams.gmams.cl/cl_mlp_pao/el_mauro_puerto_punta_chungo_drone/26_03_08/cl_mlp_pao_if_ortho_26_03_08_montearanda-nstc-km-84p2-a-82p3.tif,cl_mlp_pao_if_ortho_26_03_08_montearanda-nstc-km-84p2-a-82p3.tif,cl_mlp_pao_if_ortho_26_03_08_montearanda-nstc-km-84p2-a-82p3,amssclgis10_ams_gmams_cl_cl_mlp_pao_el_mauro_puerto_punta_chungo_drone_26_03_08_cl_mlp_pao_if_ortho_26_03_08_montearanda_nstc_km_84p2_a_82p3_tif,cl_mlp_pao_if_ortho_26_03_08_montearanda_nstc_km_84p2_a_82p3_tif,cl_mlp_pao_if_ortho_26_03_08_montearanda_nstc_km_84p2_a_82p3
822,Path,\\amssclgis10.ams.gmams.cl\CL_MLP_PAO\El_Mauro_Puerto_Punta_Chungo_Drone\26_03_13\CL_MLP_PAO_IF_Ortho_26_03_13_MonteAranda-NSTC-Km-84p2-a-82p3.tif,//amssclgis10.ams.gmams.cl/cl_mlp_pao/el_mauro_puerto_punta_chungo_drone/26_03_13/cl_mlp_pao_if_ortho_26_03_13_montearanda-nstc-km-84p2-a-82p3.tif,cl_mlp_pao_if_ortho_26_03_13_montearanda-nstc-km-84p2-a-82p3.tif,cl_mlp_pao_if_ortho_26_03_13_montearanda-nstc-km-84p2-a-82p3,amssclgis10_ams_gmams_cl_cl_mlp_pao_el_mauro_puerto_punta_chungo_drone_26_03_13_cl_mlp_pao_if_ortho_26_03_13_montearanda_nstc_km_84p2_a_82p3_tif,cl_mlp_pao_if_ortho_26_03_13_montearanda_nstc_km_84p2_a_82p3_tif,cl_mlp_pao_if_ortho_26_03_13_montearanda_nstc_km_84p2_a_82p3
823,Path,\\amssclgis10.ams.gmams.cl\CL_MLP_PAO\Chacay_El_Mauro_Drone\26_03_18\CL_MLP_PAO_IF_Ortho_26_03_18_EM2.tif,//amssclgis10.ams.gmams.cl/cl_mlp_pao/chacay_el_mauro_drone/26_03_18/cl_mlp_pao_if_ortho_26_03_18_em2.tif,cl_mlp_pao_if_ortho_26_03_18_em2.tif,cl_mlp_pao_if_ortho_26_03_18_em2,amssclgis10_ams_gmams_cl_cl_mlp_pao_chacay_el_mauro_drone_26_03_18_cl_mlp_pao_if_ortho_26_03_18_em2_tif,cl_mlp_pao_if_ortho_26_03_18_em2_tif,cl_mlp_pao_if_ortho_26_03_18_em2
824,Path,\\amssclgis10.ams.gmams.cl\CL_MLP_PAO\El_Mauro_Drone\26_03_21\CL_MLP_PAO_IF_Ortho_26_03_21_TORRES_E35_A_E48.tif,//amssclgis10.ams.gmams.cl/cl_mlp_pao/el_mauro_drone/26_03_21/cl_mlp_pao_if_ortho_26_03_21_torres_e35_a_e48.tif,cl_mlp_pao_if_ortho_26_03_21_torres_e35_a_e48.tif,cl_mlp_pao_if_ortho_26_03_21_torres_e35_a_e48,amssclgis10_ams_gmams_cl_cl_mlp_pao_el_mauro_drone_26_03_21_cl_mlp_pao_if_ortho_26_03_21_torres_e35_a_e48_tif,cl_mlp_pao_if_ortho_26_03_21_torres_e35_a_e48_tif,cl_mlp_pao_if_ortho_26_03_21_torres_e35_a_e48
825,Path,\\amssclgis10.ams.gmams.cl\CL_MLP_PAO\El_Mauro_Drone\26_03_26\CL_MLP_PAO_IF_Ortho_26_03_26_Patio-19B-y-Armado.tif,//amssclgis10.ams.gmams.cl/cl_mlp_pao/el_mauro_drone/26_03_26/cl_mlp_pao_if_ortho_26_03_26_patio-19b-y-armado.tif,cl_mlp_pao_if_ortho_26_03_26_patio-19b-y-armado.tif,cl_mlp_pao_if_ortho_26_03_26_patio-19b-y-armado,amssclgis10_ams_gmams_cl_cl_mlp_pao_el_mauro_drone_26_03_26_cl_mlp_pao_if_ortho_26_03_26_patio_19b_y_armado_tif,cl_mlp_pao_if_ortho_26_03_26_patio_19b_y_armado_tif,cl_mlp_pao_if_ortho_26_03_26_patio_19b_y_armado
826,Path,\\amssclgis10.ams.gmams.cl\CL_MLP_PAO\El_Mauro_Drone\26_03_28\CL_MLP_PAO_IF_Ortho_26_03_28_TORRES_E35_A_E48.tif,//amssclgis10.ams.gmams.cl/cl_mlp_pao/el_mauro_drone/26_03_28/cl_mlp_pao_if_ortho_26_03_28_torres_e35_a_e48.tif,cl_mlp_pao_if_ortho_26_03_28_torres_e35_a_e48.tif,cl_mlp_pao_if_ortho_26_03_28_torres_e35_a_e48,amssclgis10_ams_gmams_cl_cl_mlp_pao_el_mauro_drone_26_03_28_cl_mlp_pao_if_ortho_26_03_28_torres_e35_a_e48_tif,cl_mlp_pao_if_ortho_26_03_28_torres_e35_a_e48_tif,cl_mlp_pao_if_ortho_26_03_28_torres_e35_a_e48
827,Path,\\amssclgis10.ams.gmams.cl\CL_MLP_PAO\El_Mauro_Puerto_Punta_Chungo_Drone\26_03_21\CL_MLP_PAO_IF_Ortho_26_03_21_TORRES_E48_A_E84_PV4.tif,//amssclgis10.ams.gmams.cl/cl_mlp_pao/el_mauro_puerto_punta_chungo_drone/26_03_21/cl_mlp_pao_if_ortho_26_03_21_torres_e48_a_e84_pv4.tif,cl_mlp_pao_if_ortho_26_03_21_torres_e48_a_e84_pv4.tif,cl_mlp_pao_if_ortho_26_03_21_torres_e48_a_e84_pv4,amssclgis10_ams_gmams_cl_cl_mlp_pao_el_mauro_puerto_punta_chungo_drone_26_03_21_cl_mlp_pao_if_ortho_26_03_21_torres_e48_a_e84_pv4_tif,cl_mlp_pao_if_ortho_26_03_21_torres_e48_a_e84_pv4_tif,cl_mlp_pao_if_ortho_26_03_21_torres_e48_a_e84_pv4
828,Path,\\amssclgis10.ams.gmams.cl\CL_MLP_PAO\El_Mauro_Puerto_Punta_Chungo_Drone\26_03_26\CL_MLP_PAO_IF_Ortho_26_03_26_TORRES_E48_A_E84_PV4.tif,//amssclgis10.ams.gmams.cl/cl_mlp_pao/el_mauro_puerto_punta_chungo_drone/26_03_26/cl_mlp_pao_if_ortho_26_03_26_torres_e48_a_e84_pv4.tif,cl_mlp_pao_if_ortho_26_03_26_torres_e48_a_e84_pv4.tif,cl_mlp_pao_if_ortho_26_03_26_torres_e48_a_e84_pv4,amssclgis10_ams_gmams_cl_cl_mlp_pao_el_mauro_puerto_punta_chungo_drone_26_03_26_cl_mlp_pao_if_ortho_26_03_26_torres_e48_a_e84_pv4_tif,cl_mlp_pao_if_ortho_26_03_26_torres_e48_a_e84_pv4_tif,cl_mlp_pao_if_ortho_26_03_26_torres_e48_a_e84_pv4
829,Path,\\amssclgis10.ams.gmams.cl\CL_MLP_PAO\El_Mauro_Drone\26_03_27\CL_MLP_PAO_IF_Ortho_26_03_27_Estacion_Intermedia.tif,//amssclgis10.ams.gmams.cl/cl_mlp_pao/el_mauro_drone/26_03_27/cl_mlp_pao_if_ortho_26_03_27_estacion_intermedia.tif,cl_mlp_pao_if_ortho_26_03_27_estacion_intermedia.tif,cl_mlp_pao_if_ortho_26_03_27_estacion_intermedia,amssclgis10_ams_gmams_cl_cl_mlp_pao_el_mauro_drone_26_03_27_cl_mlp_pao_if_ortho_26_03_27_estacion_intermedia_tif,cl_mlp_pao_if_ortho_26_03_27_estacion_intermedia_tif,cl_mlp_pao_if_ortho_26_03_27_estacion_intermedia
830,Path,\\amssclgis10.ams.gmams.cl\CL_MLP_PAO\El_Mauro_Drone\25_12_19\CL_MLP_PAO_IF_Ortho_25_12_19_Plataforma_Integrada_El_Mauro.tif,//amssclgis10.ams.gmams.cl/cl_mlp_pao/el_mauro_drone/25_12_19/cl_mlp_pao_if_ortho_25_12_19_plataforma_integrada_el_mauro.tif,cl_mlp_pao_if_ortho_25_12_19_plataforma_integrada_el_mauro.tif,cl_mlp_pao_if_ortho_25_12_19_plataforma_integrada_el_mauro,amssclgis10_ams_gmams_cl_cl_mlp_pao_el_mauro_drone_25_12_19_cl_mlp_pao_if_ortho_25_12_19_plataforma_integrada_el_mauro_tif,cl_mlp_pao_if_ortho_25_12_19_plataforma_integrada_el_mauro_tif,cl_mlp_pao_if_ortho_25_12_19_plataforma_integrada_el_mauro
831,Path,\\amssclgis10.ams.gmams.cl\CL_MLP_PAO\El_Mauro_Drone\25_12_26\CL_MLP_PAO_IF_Ortho_25_12_26_Plataforma_Integrada_El_Mauro.tif,//amssclgis10.ams.gmams.cl/cl_mlp_pao/el_mauro_drone/25_12_26/cl_mlp_pao_if_ortho_25_12_26_plataforma_integrada_el_mauro.tif,cl_mlp_pao_if_ortho_25_12_26_plataforma_integrada_el_mauro.tif,cl_mlp_pao_if_ortho_25_12_26_plataforma_integrada_el_mauro,amssclgis10_ams_gmams_cl_cl_mlp_pao_el_mauro_drone_25_12_26_cl_mlp_pao_if_ortho_25_12_26_plataforma_integrada_el_mauro_tif,cl_mlp_pao_if_ortho_25_12_26_plataforma_integrada_el_mauro_tif,cl_mlp_pao_if_ortho_25_12_26_plataforma_integrada_el_mauro
832,Path,\\amssclgis10.ams.gmams.cl\CL_MLP_PAO\El_Mauro_Drone\26_01_02\CL_MLP_PAO_IF_Ortho_26_01_02_Plataforma_Integrada_El_Mauro.tif,//amssclgis10.ams.gmams.cl/cl_mlp_pao/el_mauro_drone/26_01_02/cl_mlp_pao_if_ortho_26_01_02_plataforma_integrada_el_mauro.tif,cl_mlp_pao_if_ortho_26_01_02_plataforma_integrada_el_mauro.tif,cl_mlp_pao_if_ortho_26_01_02_plataforma_integrada_el_mauro,amssclgis10_ams_gmams_cl_cl_mlp_pao_el_mauro_drone_26_01_02_cl_mlp_pao_if_ortho_26_01_02_plataforma_integrada_el_mauro_tif,cl_mlp_pao_if_ortho_26_01_02_plataforma_integrada_el_mauro_tif,cl_mlp_pao_if_ortho_26_01_02_plataforma_integrada_el_mauro
833,Path,\\amssclgis10.ams.gmams.cl\CL_MLP_PAO\El_Mauro_Drone\26_01_08\CL_MLP_PAO_IF_Ortho_26_01_08_TORRES_E31_A_E48_PV4.tif,//amssclgis10.ams.gmams.cl/cl_mlp_pao/el_mauro_drone/26_01_08/cl_mlp_pao_if_ortho_26_01_08_torres_e31_a_e48_pv4.tif,cl_mlp_pao_if_ortho_26_01_08_torres_e31_a_e48_pv4.tif,cl_mlp_pao_if_ortho_26_01_08_torres_e31_a_e48_pv4,amssclgis10_ams_gmams_cl_cl_mlp_pao_el_mauro_drone_26_01_08_cl_mlp_pao_if_ortho_26_01_08_torres_e31_a_e48_pv4_tif,cl_mlp_pao_if_ortho_26_01_08_torres_e31_a_e48_pv4_tif,cl_mlp_pao_if_ortho_26_01_08_torres_e31_a_e48_pv4
834,Path,\\amssclgis10.ams.gmams.cl\CL_MLP_PAO\El_Mauro_Drone\26_01_09\CL_MLP_PAO_IF_Ortho_26_01_09_Plataforma_Integrada_El_Mauro.tif,//amssclgis10.ams.gmams.cl/cl_mlp_pao/el_mauro_drone/26_01_09/cl_mlp_pao_if_ortho_26_01_09_plataforma_integrada_el_mauro.tif,cl_mlp_pao_if_ortho_26_01_09_plataforma_integrada_el_mauro.tif,cl_mlp_pao_if_ortho_26_01_09_plataforma_integrada_el_mauro,amssclgis10_ams_gmams_cl_cl_mlp_pao_el_mauro_drone_26_01_09_cl_mlp_pao_if_ortho_26_01_09_plataforma_integrada_el_mauro_tif,cl_mlp_pao_if_ortho_26_01_09_plataforma_integrada_el_mauro_tif,cl_mlp_pao_if_ortho_26_01_09_plataforma_integrada_el_mauro
835,Path,\\amssclgis10.ams.gmams.cl\CL_MLP_PAO\El_Mauro_Puerto_Punta_Chungo_Drone\26_02_06\CL_MLP_PAO_IF_Ortho_26_02_06_TORRE_E48_A_E84_PV4.tif,//amssclgis10.ams.gmams.cl/cl_mlp_pao/el_mauro_puerto_punta_chungo_drone/26_02_06/cl_mlp_pao_if_ortho_26_02_06_torre_e48_a_e84_pv4.tif,cl_mlp_pao_if_ortho_26_02_06_torre_e48_a_e84_pv4.tif,cl_mlp_pao_if_ortho_26_02_06_torre_e48_a_e84_pv4,amssclgis10_ams_gmams_cl_cl_mlp_pao_el_mauro_puerto_punta_chungo_drone_26_02_06_cl_mlp_pao_if_ortho_26_02_06_torre_e48_a_e84_pv4_tif,cl_mlp_pao_if_ortho_26_02_06_torre_e48_a_e84_pv4_tif,cl_mlp_pao_if_ortho_26_02_06_torre_e48_a_e84_pv4
836,Path,\\amssclgis10.ams.gmams.cl\CL_MLP_PAO\El_Mauro_Drone\26_02_07\CL_MLP_PAO_IF_Ortho_26_02_07_Plataforma_Integrada_El_Mauro.tif,//amssclgis10.ams.gmams.cl/cl_mlp_pao/el_mauro_drone/26_02_07/cl_mlp_pao_if_ortho_26_02_07_plataforma_integrada_el_mauro.tif,cl_mlp_pao_if_ortho_26_02_07_plataforma_integrada_el_mauro.tif,cl_mlp_pao_if_ortho_26_02_07_plataforma_integrada_el_mauro,amssclgis10_ams_gmams_cl_cl_mlp_pao_el_mauro_drone_26_02_07_cl_mlp_pao_if_ortho_26_02_07_plataforma_integrada_el_mauro_tif,cl_mlp_pao_if_ortho_26_02_07_plataforma_integrada_el_mauro_tif,cl_mlp_pao_if_ortho_26_02_07_plataforma_integrada_el_mauro
837,Path,\\amssclgis10.ams.gmams.cl\CL_MLP_PAO\El_Mauro_Drone\26_02_09\CL_MLP_PAO_IF_Ortho_26_02_09_EM4_PR2.tif,//amssclgis10.ams.gmams.cl/cl_mlp_pao/el_mauro_drone/26_02_09/cl_mlp_pao_if_ortho_26_02_09_em4_pr2.tif,cl_mlp_pao_if_ortho_26_02_09_em4_pr2.tif,cl_mlp_pao_if_ortho_26_02_09_em4_pr2,amssclgis10_ams_gmams_cl_cl_mlp_pao_el_mauro_drone_26_02_09_cl_mlp_pao_if_ortho_26_02_09_em4_pr2_tif,cl_mlp_pao_if_ortho_26_02_09_em4_pr2_tif,cl_mlp_pao_if_ortho_26_02_09_em4_pr2
838,Path,\\amssclgis10.ams.gmams.cl\CL_MLP_PAO\El_Mauro_Drone\26_02_13\CL_MLP_PAO_IF_Ortho_26_02_13_Plataforma_Integrada_El_Mauro.tif,//amssclgis10.ams.gmams.cl/cl_mlp_pao/el_mauro_drone/26_02_13/cl_mlp_pao_if_ortho_26_02_13_plataforma_integrada_el_mauro.tif,cl_mlp_pao_if_ortho_26_02_13_plataforma_integrada_el_mauro.tif,cl_mlp_pao_if_ortho_26_02_13_plataforma_integrada_el_mauro,amssclgis10_ams_gmams_cl_cl_mlp_pao_el_mauro_drone_26_02_13_cl_mlp_pao_if_ortho_26_02_13_plataforma_integrada_el_mauro_tif,cl_mlp_pao_if_ortho_26_02_13_plataforma_integrada_el_mauro_tif,cl_mlp_pao_if_ortho_26_02_13_plataforma_integrada_el_mauro
839,Path,\\amssclgis10.ams.gmams.cl\CL_MLP_PAO\El_Mauro_Drone\26_02_14\CL_MLP_PAO_IF_Ortho_26_02_14_TORRES_E31_A_E48_PV4.tif,//amssclgis10.ams.gmams.cl/cl_mlp_pao/el_mauro_drone/26_02_14/cl_mlp_pao_if_ortho_26_02_14_torres_e31_a_e48_pv4.tif,cl_mlp_pao_if_ortho_26_02_14_torres_e31_a_e48_pv4.tif,cl_mlp_pao_if_ortho_26_02_14_torres_e31_a_e48_pv4,amssclgis10_ams_gmams_cl_cl_mlp_pao_el_mauro_drone_26_02_14_cl_mlp_pao_if_ortho_26_02_14_torres_e31_a_e48_pv4_tif,cl_mlp_pao_if_ortho_26_02_14_torres_e31_a_e48_pv4_tif,cl_mlp_pao_if_ortho_26_02_14_torres_e31_a_e48_pv4
840,Path,\\amssclgis10.ams.gmams.cl\CL_MLP_PAO\El_Mauro_Drone\26_02_18\CL_MLP_PAO_IF_Ortho_26_02_18_TORRES_E48_A_E84_PV4.tif,//amssclgis10.ams.gmams.cl/cl_mlp_pao/el_mauro_drone/26_02_18/cl_mlp_pao_if_ortho_26_02_18_torres_e48_a_e84_pv4.tif,cl_mlp_pao_if_ortho_26_02_18_torres_e48_a_e84_pv4.tif,cl_mlp_pao_if_ortho_26_02_18_torres_e48_a_e84_pv4,amssclgis10_ams_gmams_cl_cl_mlp_pao_el_mauro_drone_26_02_18_cl_mlp_pao_if_ortho_26_02_18_torres_e48_a_e84_pv4_tif,cl_mlp_pao_if_ortho_26_02_18_torres_e48_a_e84_pv4_tif,cl_mlp_pao_if_ortho_26_02_18_torres_e48_a_e84_pv4
841,Path,\\amssclgis10.ams.gmams.cl\CL_MLP_PAO\El_Mauro_Drone\26_02_20\CL_MLP_PAO_IF_Ortho_26_02_20_EM4_PR2.tif,//amssclgis10.ams.gmams.cl/cl_mlp_pao/el_mauro_drone/26_02_20/cl_mlp_pao_if_ortho_26_02_20_em4_pr2.tif,cl_mlp_pao_if_ortho_26_02_20_em4_pr2.tif,cl_mlp_pao_if_ortho_26_02_20_em4_pr2,amssclgis10_ams_gmams_cl_cl_mlp_pao_el_mauro_drone_26_02_20_cl_mlp_pao_if_ortho_26_02_20_em4_pr2_tif,cl_mlp_pao_if_ortho_26_02_20_em4_pr2_tif,cl_mlp_pao_if_ortho_26_02_20_em4_pr2
842,Path,\\amssclgis10.ams.gmams.cl\CL_MLP_PAO\El_Mauro_Drone\26_02_20\CL_MLP_PAO_IF_Ortho_26_02_20_Plataforma_Integrada_El_Mauro.tif,//amssclgis10.ams.gmams.cl/cl_mlp_pao/el_mauro_drone/26_02_20/cl_mlp_pao_if_ortho_26_02_20_plataforma_integrada_el_mauro.tif,cl_mlp_pao_if_ortho_26_02_20_plataforma_integrada_el_mauro.tif,cl_mlp_pao_if_ortho_26_02_20_plataforma_integrada_el_mauro,amssclgis10_ams_gmams_cl_cl_mlp_pao_el_mauro_drone_26_02_20_cl_mlp_pao_if_ortho_26_02_20_plataforma_integrada_el_mauro_tif,cl_mlp_pao_if_ortho_26_02_20_plataforma_integrada_el_mauro_tif,cl_mlp_pao_if_ortho_26_02_20_plataforma_integrada_el_mauro
843,Path,\\amssclgis10.ams.gmams.cl\CL_MLP_PAO\El_Mauro_Drone\26_02_22\CL_MLP_PAO_IF_Ortho_26_02_22_TORRES_E31_A_E48_PV4.tif,//amssclgis10.ams.gmams.cl/cl_mlp_pao/el_mauro_drone/26_02_22/cl_mlp_pao_if_ortho_26_02_22_torres_e31_a_e48_pv4.tif,cl_mlp_pao_if_ortho_26_02_22_torres_e31_a_e48_pv4.tif,cl_mlp_pao_if_ortho_26_02_22_torres_e31_a_e48_pv4,amssclgis10_ams_gmams_cl_cl_mlp_pao_el_mauro_drone_26_02_22_cl_mlp_pao_if_ortho_26_02_22_torres_e31_a_e48_pv4_tif,cl_mlp_pao_if_ortho_26_02_22_torres_e31_a_e48_pv4_tif,cl_mlp_pao_if_ortho_26_02_22_torres_e31_a_e48_pv4
844,Path,\\amssclgis10.ams.gmams.cl\CL_MLP_PAO\El_Mauro_Drone\26_02_27\CL_MLP_PAO_IF_Ortho_26_02_27_Plataforma_Integrada_El_Mauro.tif,//amssclgis10.ams.gmams.cl/cl_mlp_pao/el_mauro_drone/26_02_27/cl_mlp_pao_if_ortho_26_02_27_plataforma_integrada_el_mauro.tif,cl_mlp_pao_if_ortho_26_02_27_plataforma_integrada_el_mauro.tif,cl_mlp_pao_if_ortho_26_02_27_plataforma_integrada_el_mauro,amssclgis10_ams_gmams_cl_cl_mlp_pao_el_mauro_drone_26_02_27_cl_mlp_pao_if_ortho_26_02_27_plataforma_integrada_el_mauro_tif,cl_mlp_pao_if_ortho_26_02_27_plataforma_integrada_el_mauro_tif,cl_mlp_pao_if_ortho_26_02_27_plataforma_integrada_el_mauro
845,Path,\\amssclgis10.ams.gmams.cl\CL_MLP_PAO\El_Mauro_Drone\26_02_28\CL_MLP_PAO_IF_Ortho_26_02_28_TORRES_E35_A_E48.tif,//amssclgis10.ams.gmams.cl/cl_mlp_pao/el_mauro_drone/26_02_28/cl_mlp_pao_if_ortho_26_02_28_torres_e35_a_e48.tif,cl_mlp_pao_if_ortho_26_02_28_torres_e35_a_e48.tif,cl_mlp_pao_if_ortho_26_02_28_torres_e35_a_e48,amssclgis10_ams_gmams_cl_cl_mlp_pao_el_mauro_drone_26_02_28_cl_mlp_pao_if_ortho_26_02_28_torres_e35_a_e48_tif,cl_mlp_pao_if_ortho_26_02_28_torres_e35_a_e48_tif,cl_mlp_pao_if_ortho_26_02_28_torres_e35_a_e48
846,Path,\\amssclgis10.ams.gmams.cl\CL_MLP_PAO\El_Mauro_Drone\26_03_01\CL_MLP_PAO_IF_Ortho_26_03_01_Subestacion-El-Mauro_A_E35.tif,//amssclgis10.ams.gmams.cl/cl_mlp_pao/el_mauro_drone/26_03_01/cl_mlp_pao_if_ortho_26_03_01_subestacion-el-mauro_a_e35.tif,cl_mlp_pao_if_ortho_26_03_01_subestacion-el-mauro_a_e35.tif,cl_mlp_pao_if_ortho_26_03_01_subestacion-el-mauro_a_e35,amssclgis10_ams_gmams_cl_cl_mlp_pao_el_mauro_drone_26_03_01_cl_mlp_pao_if_ortho_26_03_01_subestacion_el_mauro_a_e35_tif,cl_mlp_pao_if_ortho_26_03_01_subestacion_el_mauro_a_e35_tif,cl_mlp_pao_if_ortho_26_03_01_subestacion_el_mauro_a_e35
847,Path,\\amssclgis10.ams.gmams.cl\CL_MLP_PAO\El_Mauro_Puerto_Punta_Chungo_Drone\26_01_07\CL_MLP_PAO_IF_Ortho_26_01_07_TORRE_E48_A_E84_PV4.tif,//amssclgis10.ams.gmams.cl/cl_mlp_pao/el_mauro_puerto_punta_chungo_drone/26_01_07/cl_mlp_pao_if_ortho_26_01_07_torre_e48_a_e84_pv4.tif,cl_mlp_pao_if_ortho_26_01_07_torre_e48_a_e84_pv4.tif,cl_mlp_pao_if_ortho_26_01_07_torre_e48_a_e84_pv4,amssclgis10_ams_gmams_cl_cl_mlp_pao_el_mauro_puerto_punta_chungo_drone_26_01_07_cl_mlp_pao_if_ortho_26_01_07_torre_e48_a_e84_pv4_tif,cl_mlp_pao_if_ortho_26_01_07_torre_e48_a_e84_pv4_tif,cl_mlp_pao_if_ortho_26_01_07_torre_e48_a_e84_pv4
848,Path,\\amssclgis10.ams.gmams.cl\CL_MLP_PAO\El_Mauro_Drone\26_03_29\CL_MLP_PAO_IF_Ortho_26_03_29_Acceso_a_pozos.tif,//amssclgis10.ams.gmams.cl/cl_mlp_pao/el_mauro_drone/26_03_29/cl_mlp_pao_if_ortho_26_03_29_acceso_a_pozos.tif,cl_mlp_pao_if_ortho_26_03_29_acceso_a_pozos.tif,cl_mlp_pao_if_ortho_26_03_29_acceso_a_pozos,amssclgis10_ams_gmams_cl_cl_mlp_pao_el_mauro_drone_26_03_29_cl_mlp_pao_if_ortho_26_03_29_acceso_a_pozos_tif,cl_mlp_pao_if_ortho_26_03_29_acceso_a_pozos_tif,cl_mlp_pao_if_ortho_26_03_29_acceso_a_pozos
849,Path,\\amssclgis10.ams.gmams.cl\CL_MLP_PAO\El_Mauro_Drone\26_03_29\CL_MLP_PAO_IF_Ortho_26_03_29_EM4.tif,//amssclgis10.ams.gmams.cl/cl_mlp_pao/el_mauro_drone/26_03_29/cl_mlp_pao_if_ortho_26_03_29_em4.tif,cl_mlp_pao_if_ortho_26_03_29_em4.tif,cl_mlp_pao_if_ortho_26_03_29_em4,amssclgis10_ams_gmams_cl_cl_mlp_pao_el_mauro_drone_26_03_29_cl_mlp_pao_if_ortho_26_03_29_em4_tif,cl_mlp_pao_if_ortho_26_03_29_em4_tif,cl_mlp_pao_if_ortho_26_03_29_em4
850,Path,\\amssclgis10.ams.gmams.cl\CL_MLP_PAO\El_Mauro_Drone\26_04\CL_MLP_PAO_IF_Ortho_26_04_02_EM4.tif,//amssclgis10.ams.gmams.cl/cl_mlp_pao/el_mauro_drone/26_04/cl_mlp_pao_if_ortho_26_04_02_em4.tif,cl_mlp_pao_if_ortho_26_04_02_em4.tif,cl_mlp_pao_if_ortho_26_04_02_em4,amssclgis10_ams_gmams_cl_cl_mlp_pao_el_mauro_drone_26_04_cl_mlp_pao_if_ortho_26_04_02_em4_tif,cl_mlp_pao_if_ortho_26_04_02_em4_tif,cl_mlp_pao_if_ortho_26_04_02_em4
851,Path,\\amssclgis10.ams.gmams.cl\CL_MLP_PAO\El_Mauro_Drone\26_04\CL_MLP_PAO_IF_Ortho_26_04_02_Pozos_PRP.tif,//amssclgis10.ams.gmams.cl/cl_mlp_pao/el_mauro_drone/26_04/cl_mlp_pao_if_ortho_26_04_02_pozos_prp.tif,cl_mlp_pao_if_ortho_26_04_02_pozos_prp.tif,cl_mlp_pao_if_ortho_26_04_02_pozos_prp,amssclgis10_ams_gmams_cl_cl_mlp_pao_el_mauro_drone_26_04_cl_mlp_pao_if_ortho_26_04_02_pozos_prp_tif,cl_mlp_pao_if_ortho_26_04_02_pozos_prp_tif,cl_mlp_pao_if_ortho_26_04_02_pozos_prp
852,Path,\\amssclgis10.ams.gmams.cl\CL_MLP_PAO\El_Mauro_Drone\26_04\CL_MLP_PAO_IF_Ortho_26_04_02_TORRES_E35_A_E48.tif,//amssclgis10.ams.gmams.cl/cl_mlp_pao/el_mauro_drone/26_04/cl_mlp_pao_if_ortho_26_04_02_torres_e35_a_e48.tif,cl_mlp_pao_if_ortho_26_04_02_torres_e35_a_e48.tif,cl_mlp_pao_if_ortho_26_04_02_torres_e35_a_e48,amssclgis10_ams_gmams_cl_cl_mlp_pao_el_mauro_drone_26_04_cl_mlp_pao_if_ortho_26_04_02_torres_e35_a_e48_tif,cl_mlp_pao_if_ortho_26_04_02_torres_e35_a_e48_tif,cl_mlp_pao_if_ortho_26_04_02_torres_e35_a_e48
853,Path,\\amssclgis10.ams.gmams.cl\CL_MLP_PAO\El_Mauro_Puerto_Punta_Chungo_Drone\26_03_11\CL_MLP_PAO_IF_Ortho_26_03_11_TORRES_E48_A_E84_PV4.tif,//amssclgis10.ams.gmams.cl/cl_mlp_pao/el_mauro_puerto_punta_chungo_drone/26_03_11/cl_mlp_pao_if_ortho_26_03_11_torres_e48_a_e84_pv4.tif,cl_mlp_pao_if_ortho_26_03_11_torres_e48_a_e84_pv4.tif,cl_mlp_pao_if_ortho_26_03_11_torres_e48_a_e84_pv4,amssclgis10_ams_gmams_cl_cl_mlp_pao_el_mauro_puerto_punta_chungo_drone_26_03_11_cl_mlp_pao_if_ortho_26_03_11_torres_e48_a_e84_pv4_tif,cl_mlp_pao_if_ortho_26_03_11_torres_e48_a_e84_pv4_tif,cl_mlp_pao_if_ortho_26_03_11_torres_e48_a_e84_pv4
854,Path,\\amssclgis10.ams.gmams.cl\CL_MLP_PAO\El_Mauro_Drone\26_03_08\CL_MLP_PAO_IF_Ortho_26_03_08_Subestacion-El-Mauro_A_E35.tif,//amssclgis10.ams.gmams.cl/cl_mlp_pao/el_mauro_drone/26_03_08/cl_mlp_pao_if_ortho_26_03_08_subestacion-el-mauro_a_e35.tif,cl_mlp_pao_if_ortho_26_03_08_subestacion-el-mauro_a_e35.tif,cl_mlp_pao_if_ortho_26_03_08_subestacion-el-mauro_a_e35,amssclgis10_ams_gmams_cl_cl_mlp_pao_el_mauro_drone_26_03_08_cl_mlp_pao_if_ortho_26_03_08_subestacion_el_mauro_a_e35_tif,cl_mlp_pao_if_ortho_26_03_08_subestacion_el_mauro_a_e35_tif,cl_mlp_pao_if_ortho_26_03_08_subestacion_el_mauro_a_e35
855,Path,\\amssclgis10.ams.gmams.cl\CL_MLP_PAO\El_Mauro_Drone\26_03_06\CL_MLP_PAO_IF_Ortho_26_03_06_Plataforma_Integrada_El_Mauro.tif,//amssclgis10.ams.gmams.cl/cl_mlp_pao/el_mauro_drone/26_03_06/cl_mlp_pao_if_ortho_26_03_06_plataforma_integrada_el_mauro.tif,cl_mlp_pao_if_ortho_26_03_06_plataforma_integrada_el_mauro.tif,cl_mlp_pao_if_ortho_26_03_06_plataforma_integrada_el_mauro,amssclgis10_ams_gmams_cl_cl_mlp_pao_el_mauro_drone_26_03_06_cl_mlp_pao_if_ortho_26_03_06_plataforma_integrada_el_mauro_tif,cl_mlp_pao_if_ortho_26_03_06_plataforma_integrada_el_mauro_tif,cl_mlp_pao_if_ortho_26_03_06_plataforma_integrada_el_mauro
856,Path,\\amssclgis10.ams.gmams.cl\CL_MLP_PAO\El_Mauro_Drone\26_03_13\CL_MLP_PAO_IF_Ortho_26_03_13_Plataforma_Integrada_El_Mauro.tif,//amssclgis10.ams.gmams.cl/cl_mlp_pao/el_mauro_drone/26_03_13/cl_mlp_pao_if_ortho_26_03_13_plataforma_integrada_el_mauro.tif,cl_mlp_pao_if_ortho_26_03_13_plataforma_integrada_el_mauro.tif,cl_mlp_pao_if_ortho_26_03_13_plataforma_integrada_el_mauro,amssclgis10_ams_gmams_cl_cl_mlp_pao_el_mauro_drone_26_03_13_cl_mlp_pao_if_ortho_26_03_13_plataforma_integrada_el_mauro_tif,cl_mlp_pao_if_ortho_26_03_13_plataforma_integrada_el_mauro_tif,cl_mlp_pao_if_ortho_26_03_13_plataforma_integrada_el_mauro
857,Path,\\amssclgis10.ams.gmams.cl\CL_MLP_PAO\El_Mauro_Drone\26_03_19\CL_MLP_PAO_IF_Ortho_26_03_19_Plataforma_Integrada_El_Mauro.tif,//amssclgis10.ams.gmams.cl/cl_mlp_pao/el_mauro_drone/26_03_19/cl_mlp_pao_if_ortho_26_03_19_plataforma_integrada_el_mauro.tif,cl_mlp_pao_if_ortho_26_03_19_plataforma_integrada_el_mauro.tif,cl_mlp_pao_if_ortho_26_03_19_plataforma_integrada_el_mauro,amssclgis10_ams_gmams_cl_cl_mlp_pao_el_mauro_drone_26_03_19_cl_mlp_pao_if_ortho_26_03_19_plataforma_integrada_el_mauro_tif,cl_mlp_pao_if_ortho_26_03_19_plataforma_integrada_el_mauro_tif,cl_mlp_pao_if_ortho_26_03_19_plataforma_integrada_el_mauro
858,Path,\\amssclgis10.ams.gmams.cl\CL_MLP_PAO\El_Mauro_Drone\26_03_26\CL_MLP_PAO_IF_Ortho_26_03_26_Plataforma_Integrada_El_Mauro.tif,//amssclgis10.ams.gmams.cl/cl_mlp_pao/el_mauro_drone/26_03_26/cl_mlp_pao_if_ortho_26_03_26_plataforma_integrada_el_mauro.tif,cl_mlp_pao_if_ortho_26_03_26_plataforma_integrada_el_mauro.tif,cl_mlp_pao_if_ortho_26_03_26_plataforma_integrada_el_mauro,amssclgis10_ams_gmams_cl_cl_mlp_pao_el_mauro_drone_26_03_26_cl_mlp_pao_if_ortho_26_03_26_plataforma_integrada_el_mauro_tif,cl_mlp_pao_if_ortho_26_03_26_plataforma_integrada_el_mauro_tif,cl_mlp_pao_if_ortho_26_03_26_plataforma_integrada_el_mauro
859,Path,\\amssclgis10.ams.gmams.cl\CL_MLP_PAO\El_Mauro_Drone\26_04\CL_MLP_PAO_IF_Ortho_26_04_02_Plataforma_Integrada_El_Mauro.tif,//amssclgis10.ams.gmams.cl/cl_mlp_pao/el_mauro_drone/26_04/cl_mlp_pao_if_ortho_26_04_02_plataforma_integrada_el_mauro.tif,cl_mlp_pao_if_ortho_26_04_02_plataforma_integrada_el_mauro.tif,cl_mlp_pao_if_ortho_26_04_02_plataforma_integrada_el_mauro,amssclgis10_ams_gmams_cl_cl_mlp_pao_el_mauro_drone_26_04_cl_mlp_pao_if_ortho_26_04_02_plataforma_integrada_el_mauro_tif,cl_mlp_pao_if_ortho_26_04_02_plataforma_integrada_el_mauro_tif,cl_mlp_pao_if_ortho_26_04_02_plataforma_integrada_el_mauro
860,Path,\\amssclgis10.ams.gmams.cl\CL_MLP_PAO\El_Mauro_Drone\26_04\CL_MLP_PAO_IF_Ortho_26_04_04_Estacion_Intermedia.tif,//amssclgis10.ams.gmams.cl/cl_mlp_pao/el_mauro_drone/26_04/cl_mlp_pao_if_ortho_26_04_04_estacion_intermedia.tif,cl_mlp_pao_if_ortho_26_04_04_estacion_intermedia.tif,cl_mlp_pao_if_ortho_26_04_04_estacion_intermedia,amssclgis10_ams_gmams_cl_cl_mlp_pao_el_mauro_drone_26_04_cl_mlp_pao_if_ortho_26_04_04_estacion_intermedia_tif,cl_mlp_pao_if_ortho_26_04_04_estacion_intermedia_tif,cl_mlp_pao_if_ortho_26_04_04_estacion_intermedia
861,Path,\\amssclgis10.ams.gmams.cl\CL_MLP_PAO\El_Mauro_Drone\26_04\CL_MLP_PAO_IF_Ortho_26_04_05_Patio-19B-y-Armado.tif,//amssclgis10.ams.gmams.cl/cl_mlp_pao/el_mauro_drone/26_04/cl_mlp_pao_if_ortho_26_04_05_patio-19b-y-armado.tif,cl_mlp_pao_if_ortho_26_04_05_patio-19b-y-armado.tif,cl_mlp_pao_if_ortho_26_04_05_patio-19b-y-armado,amssclgis10_ams_gmams_cl_cl_mlp_pao_el_mauro_drone_26_04_cl_mlp_pao_if_ortho_26_04_05_patio_19b_y_armado_tif,cl_mlp_pao_if_ortho_26_04_05_patio_19b_y_armado_tif,cl_mlp_pao_if_ortho_26_04_05_patio_19b_y_armado
862,Path,\\amssclgis10.ams.gmams.cl\CL_MLP_PAO\El_Mauro_Drone\26_04\CL_MLP_PAO_IF_Ortho_26_04_05_Subestacion-El-Mauro_A_E35.tif,//amssclgis10.ams.gmams.cl/cl_mlp_pao/el_mauro_drone/26_04/cl_mlp_pao_if_ortho_26_04_05_subestacion-el-mauro_a_e35.tif,cl_mlp_pao_if_ortho_26_04_05_subestacion-el-mauro_a_e35.tif,cl_mlp_pao_if_ortho_26_04_05_subestacion-el-mauro_a_e35,amssclgis10_ams_gmams_cl_cl_mlp_pao_el_mauro_drone_26_04_cl_mlp_pao_if_ortho_26_04_05_subestacion_el_mauro_a_e35_tif,cl_mlp_pao_if_ortho_26_04_05_subestacion_el_mauro_a_e35_tif,cl_mlp_pao_if_ortho_26_04_05_subestacion_el_mauro_a_e35
863,Path,\\amssclgis10.ams.gmams.cl\CL_MLP_PAO\El_Mauro_Drone\26_04\CL_MLP_PAO_IF_Ortho_26_04_08_TORRES_E35_A_E48.tif,//amssclgis10.ams.gmams.cl/cl_mlp_pao/el_mauro_drone/26_04/cl_mlp_pao_if_ortho_26_04_08_torres_e35_a_e48.tif,cl_mlp_pao_if_ortho_26_04_08_torres_e35_a_e48.tif,cl_mlp_pao_if_ortho_26_04_08_torres_e35_a_e48,amssclgis10_ams_gmams_cl_cl_mlp_pao_el_mauro_drone_26_04_cl_mlp_pao_if_ortho_26_04_08_torres_e35_a_e48_tif,cl_mlp_pao_if_ortho_26_04_08_torres_e35_a_e48_tif,cl_mlp_pao_if_ortho_26_04_08_torres_e35_a_e48
864,Path,\\amssclgis10.ams.gmams.cl\CL_MLP_PAO\El_Mauro_Drone\26_04\CL_MLP_PAO_IF_Ortho_26_04_09_Estacion_Intermedia.tif,//amssclgis10.ams.gmams.cl/cl_mlp_pao/el_mauro_drone/26_04/cl_mlp_pao_if_ortho_26_04_09_estacion_intermedia.tif,cl_mlp_pao_if_ortho_26_04_09_estacion_intermedia.tif,cl_mlp_pao_if_ortho_26_04_09_estacion_intermedia,amssclgis10_ams_gmams_cl_cl_mlp_pao_el_mauro_drone_26_04_cl_mlp_pao_if_ortho_26_04_09_estacion_intermedia_tif,cl_mlp_pao_if_ortho_26_04_09_estacion_intermedia_tif,cl_mlp_pao_if_ortho_26_04_09_estacion_intermedia
865,Path,\\amssclgis10.ams.gmams.cl\CL_MLP_PAO\El_Mauro_Drone\26_04\CL_MLP_PAO_IF_Ortho_26_04_09_Plataforma_Integrada_El_Mauro.tif,//amssclgis10.ams.gmams.cl/cl_mlp_pao/el_mauro_drone/26_04/cl_mlp_pao_if_ortho_26_04_09_plataforma_integrada_el_mauro.tif,cl_mlp_pao_if_ortho_26_04_09_plataforma_integrada_el_mauro.tif,cl_mlp_pao_if_ortho_26_04_09_plataforma_integrada_el_mauro,amssclgis10_ams_gmams_cl_cl_mlp_pao_el_mauro_drone_26_04_cl_mlp_pao_if_ortho_26_04_09_plataforma_integrada_el_mauro_tif,cl_mlp_pao_if_ortho_26_04_09_plataforma_integrada_el_mauro_tif,cl_mlp_pao_if_ortho_26_04_09_plataforma_integrada_el_mauro
866,Path,\\amssclgis10.ams.gmams.cl\CL_MLP_PAO\El_Mauro_Drone\26_04\CL_MLP_PAO_IF_Ortho_26_04_09_Subestacion-El-Mauro_A_E35.tif,//amssclgis10.ams.gmams.cl/cl_mlp_pao/el_mauro_drone/26_04/cl_mlp_pao_if_ortho_26_04_09_subestacion-el-mauro_a_e35.tif,cl_mlp_pao_if_ortho_26_04_09_subestacion-el-mauro_a_e35.tif,cl_mlp_pao_if_ortho_26_04_09_subestacion-el-mauro_a_e35,amssclgis10_ams_gmams_cl_cl_mlp_pao_el_mauro_drone_26_04_cl_mlp_pao_if_ortho_26_04_09_subestacion_el_mauro_a_e35_tif,cl_mlp_pao_if_ortho_26_04_09_subestacion_el_mauro_a_e35_tif,cl_mlp_pao_if_ortho_26_04_09_subestacion_el_mauro_a_e35
867,Path,\\amssclgis10.ams.gmams.cl\CL_MLP_PAO\El_Mauro_Drone\26_04\CL_MLP_PAO_IF_Ortho_26_04_10_Patio-19B-y-Armado.tif,//amssclgis10.ams.gmams.cl/cl_mlp_pao/el_mauro_drone/26_04/cl_mlp_pao_if_ortho_26_04_10_patio-19b-y-armado.tif,cl_mlp_pao_if_ortho_26_04_10_patio-19b-y-armado.tif,cl_mlp_pao_if_ortho_26_04_10_patio-19b-y-armado,amssclgis10_ams_gmams_cl_cl_mlp_pao_el_mauro_drone_26_04_cl_mlp_pao_if_ortho_26_04_10_patio_19b_y_armado_tif,cl_mlp_pao_if_ortho_26_04_10_patio_19b_y_armado_tif,cl_mlp_pao_if_ortho_26_04_10_patio_19b_y_armado
868,Path,\\amssclgis10.ams.gmams.cl\CL_MLP_PAO\El_Mauro_Drone\26_04\CL_MLP_PAO_IF_Ortho_26_04_13_EM4.tif,//amssclgis10.ams.gmams.cl/cl_mlp_pao/el_mauro_drone/26_04/cl_mlp_pao_if_ortho_26_04_13_em4.tif,cl_mlp_pao_if_ortho_26_04_13_em4.tif,cl_mlp_pao_if_ortho_26_04_13_em4,amssclgis10_ams_gmams_cl_cl_mlp_pao_el_mauro_drone_26_04_cl_mlp_pao_if_ortho_26_04_13_em4_tif,cl_mlp_pao_if_ortho_26_04_13_em4_tif,cl_mlp_pao_if_ortho_26_04_13_em4
869,Path,\\amssclgis10.ams.gmams.cl\CL_MLP_PAO\El_Mauro_Puerto_Punta_Chungo_Drone\26_04\CL_MLP_PAO_IF_Ortho_26_04_10_TORRES_E48_A_E84_PV4.tif,//amssclgis10.ams.gmams.cl/cl_mlp_pao/el_mauro_puerto_punta_chungo_drone/26_04/cl_mlp_pao_if_ortho_26_04_10_torres_e48_a_e84_pv4.tif,cl_mlp_pao_if_ortho_26_04_10_torres_e48_a_e84_pv4.tif,cl_mlp_pao_if_ortho_26_04_10_torres_e48_a_e84_pv4,amssclgis10_ams_gmams_cl_cl_mlp_pao_el_mauro_puerto_punta_chungo_drone_26_04_cl_mlp_pao_if_ortho_26_04_10_torres_e48_a_e84_pv4_tif,cl_mlp_pao_if_ortho_26_04_10_torres_e48_a_e84_pv4_tif,cl_mlp_pao_if_ortho_26_04_10_torres_e48_a_e84_pv4
870,Path,\\amssclgis10.ams.gmams.cl\CL_MLP_PAO\El_Mauro_Puerto_Punta_Chungo_Drone\26_04\CL_MLP_PAO_IF_Ortho_26_04_11_MonteAranda-NSTC-Km-84p2-a-82p3.tif,//amssclgis10.ams.gmams.cl/cl_mlp_pao/el_mauro_puerto_punta_chungo_drone/26_04/cl_mlp_pao_if_ortho_26_04_11_montearanda-nstc-km-84p2-a-82p3.tif,cl_mlp_pao_if_ortho_26_04_11_montearanda-nstc-km-84p2-a-82p3.tif,cl_mlp_pao_if_ortho_26_04_11_montearanda-nstc-km-84p2-a-82p3,amssclgis10_ams_gmams_cl_cl_mlp_pao_el_mauro_puerto_punta_chungo_drone_26_04_cl_mlp_pao_if_ortho_26_04_11_montearanda_nstc_km_84p2_a_82p3_tif,cl_mlp_pao_if_ortho_26_04_11_montearanda_nstc_km_84p2_a_82p3_tif,cl_mlp_pao_if_ortho_26_04_11_montearanda_nstc_km_84p2_a_82p3
871,Path,\\amssclgis10.ams.gmams.cl\CL_MLP_PAO\El_Mauro_Drone\26_04\CL_MLP_PAO_IF_Ortho_26_04_30_TORRES_E35_A_E48.tif,//amssclgis10.ams.gmams.cl/cl_mlp_pao/el_mauro_drone/26_04/cl_mlp_pao_if_ortho_26_04_30_torres_e35_a_e48.tif,cl_mlp_pao_if_ortho_26_04_30_torres_e35_a_e48.tif,cl_mlp_pao_if_ortho_26_04_30_torres_e35_a_e48,amssclgis10_ams_gmams_cl_cl_mlp_pao_el_mauro_drone_26_04_cl_mlp_pao_if_ortho_26_04_30_torres_e35_a_e48_tif,cl_mlp_pao_if_ortho_26_04_30_torres_e35_a_e48_tif,cl_mlp_pao_if_ortho_26_04_30_torres_e35_a_e48
872,Path,\\amssclgis10.ams.gmams.cl\CL_MLP_PAO\Chacay_El_Mauro_Drone\26_05\CL_MLP_PAO_IF_Ortho_26_05_02_EM2.tif,//amssclgis10.ams.gmams.cl/cl_mlp_pao/chacay_el_mauro_drone/26_05/cl_mlp_pao_if_ortho_26_05_02_em2.tif,cl_mlp_pao_if_ortho_26_05_02_em2.tif,cl_mlp_pao_if_ortho_26_05_02_em2,amssclgis10_ams_gmams_cl_cl_mlp_pao_chacay_el_mauro_drone_26_05_cl_mlp_pao_if_ortho_26_05_02_em2_tif,cl_mlp_pao_if_ortho_26_05_02_em2_tif,cl_mlp_pao_if_ortho_26_05_02_em2
873,Path,\\amssclgis10.ams.gmams.cl\CL_MLP_PAO\El_Mauro_Drone\26_04\CL_MLP_PAO_IF_Ortho_26_04_30_EM4.tif,//amssclgis10.ams.gmams.cl/cl_mlp_pao/el_mauro_drone/26_04/cl_mlp_pao_if_ortho_26_04_30_em4.tif,cl_mlp_pao_if_ortho_26_04_30_em4.tif,cl_mlp_pao_if_ortho_26_04_30_em4,amssclgis10_ams_gmams_cl_cl_mlp_pao_el_mauro_drone_26_04_cl_mlp_pao_if_ortho_26_04_30_em4_tif,cl_mlp_pao_if_ortho_26_04_30_em4_tif,cl_mlp_pao_if_ortho_26_04_30_em4
874,Path,\\amssclgis10.ams.gmams.cl\CL_MLP_PAO\El_Mauro_Drone\26_05\CL_MLP_PAO_IF_Ortho_26_05_08_EM4.tif,//amssclgis10.ams.gmams.cl/cl_mlp_pao/el_mauro_drone/26_05/cl_mlp_pao_if_ortho_26_05_08_em4.tif,cl_mlp_pao_if_ortho_26_05_08_em4.tif,cl_mlp_pao_if_ortho_26_05_08_em4,amssclgis10_ams_gmams_cl_cl_mlp_pao_el_mauro_drone_26_05_cl_mlp_pao_if_ortho_26_05_08_em4_tif,cl_mlp_pao_if_ortho_26_05_08_em4_tif,cl_mlp_pao_if_ortho_26_05_08_em4
875,Path,\\amssclgis10.ams.gmams.cl\CL_MLP_PAO\El_Mauro_Drone\26_05\CL_MLP_PAO_IF_Ortho_26_05_01_Acceso_a_pozos.tif,//amssclgis10.ams.gmams.cl/cl_mlp_pao/el_mauro_drone/26_05/cl_mlp_pao_if_ortho_26_05_01_acceso_a_pozos.tif,cl_mlp_pao_if_ortho_26_05_01_acceso_a_pozos.tif,cl_mlp_pao_if_ortho_26_05_01_acceso_a_pozos,amssclgis10_ams_gmams_cl_cl_mlp_pao_el_mauro_drone_26_05_cl_mlp_pao_if_ortho_26_05_01_acceso_a_pozos_tif,cl_mlp_pao_if_ortho_26_05_01_acceso_a_pozos_tif,cl_mlp_pao_if_ortho_26_05_01_acceso_a_pozos
876,Path,\\amssclgis10.ams.gmams.cl\CL_MLP_PAO\El_Mauro_Drone\26_05\CL_MLP_PAO_IF_Ortho_26_05_02_Subestacion-El-Mauro_A_E35.tif,//amssclgis10.ams.gmams.cl/cl_mlp_pao/el_mauro_drone/26_05/cl_mlp_pao_if_ortho_26_05_02_subestacion-el-mauro_a_e35.tif,cl_mlp_pao_if_ortho_26_05_02_subestacion-el-mauro_a_e35.tif,cl_mlp_pao_if_ortho_26_05_02_subestacion-el-mauro_a_e35,amssclgis10_ams_gmams_cl_cl_mlp_pao_el_mauro_drone_26_05_cl_mlp_pao_if_ortho_26_05_02_subestacion_el_mauro_a_e35_tif,cl_mlp_pao_if_ortho_26_05_02_subestacion_el_mauro_a_e35_tif,cl_mlp_pao_if_ortho_26_05_02_subestacion_el_mauro_a_e35
877,Path,\\amssclgis10.ams.gmams.cl\CL_MLP_PAO\El_Mauro_Drone\26_05\CL_MLP_PAO_IF_Ortho_26_05_06_TORRES_E35_A_E48.tif,//amssclgis10.ams.gmams.cl/cl_mlp_pao/el_mauro_drone/26_05/cl_mlp_pao_if_ortho_26_05_06_torres_e35_a_e48.tif,cl_mlp_pao_if_ortho_26_05_06_torres_e35_a_e48.tif,cl_mlp_pao_if_ortho_26_05_06_torres_e35_a_e48,amssclgis10_ams_gmams_cl_cl_mlp_pao_el_mauro_drone_26_05_cl_mlp_pao_if_ortho_26_05_06_torres_e35_a_e48_tif,cl_mlp_pao_if_ortho_26_05_06_torres_e35_a_e48_tif,cl_mlp_pao_if_ortho_26_05_06_torres_e35_a_e48
878,Path,\\amssclgis10.ams.gmams.cl\CL_MLP_PAO\El_Mauro_Drone\26_05\CL_MLP_PAO_IF_Ortho_26_05_07_Estacion_Intermedia.tif,//amssclgis10.ams.gmams.cl/cl_mlp_pao/el_mauro_drone/26_05/cl_mlp_pao_if_ortho_26_05_07_estacion_intermedia.tif,cl_mlp_pao_if_ortho_26_05_07_estacion_intermedia.tif,cl_mlp_pao_if_ortho_26_05_07_estacion_intermedia,amssclgis10_ams_gmams_cl_cl_mlp_pao_el_mauro_drone_26_05_cl_mlp_pao_if_ortho_26_05_07_estacion_intermedia_tif,cl_mlp_pao_if_ortho_26_05_07_estacion_intermedia_tif,cl_mlp_pao_if_ortho_26_05_07_estacion_intermedia
879,Path,\\amssclgis10.ams.gmams.cl\CL_MLP_PAO\El_Mauro_Puerto_Punta_Chungo_Drone\26_05\CL_MLP_PAO_IF_Ortho_26_05_02_TORRES_E48_A_E84_PV4.tif,//amssclgis10.ams.gmams.cl/cl_mlp_pao/el_mauro_puerto_punta_chungo_drone/26_05/cl_mlp_pao_if_ortho_26_05_02_torres_e48_a_e84_pv4.tif,cl_mlp_pao_if_ortho_26_05_02_torres_e48_a_e84_pv4.tif,cl_mlp_pao_if_ortho_26_05_02_torres_e48_a_e84_pv4,amssclgis10_ams_gmams_cl_cl_mlp_pao_el_mauro_puerto_punta_chungo_drone_26_05_cl_mlp_pao_if_ortho_26_05_02_torres_e48_a_e84_pv4_tif,cl_mlp_pao_if_ortho_26_05_02_torres_e48_a_e84_pv4_tif,cl_mlp_pao_if_ortho_26_05_02_torres_e48_a_e84_pv4
880,Path,\\amssclgis10.ams.gmams.cl\CL_MLP_PAO\El_Mauro_Puerto_Punta_Chungo_Drone\26_05\CL_MLP_PAO_IF_Ortho_26_05_03_MonteAranda-NSTC-Km-84p2-a-82p3.tif,//amssclgis10.ams.gmams.cl/cl_mlp_pao/el_mauro_puerto_punta_chungo_drone/26_05/cl_mlp_pao_if_ortho_26_05_03_montearanda-nstc-km-84p2-a-82p3.tif,cl_mlp_pao_if_ortho_26_05_03_montearanda-nstc-km-84p2-a-82p3.tif,cl_mlp_pao_if_ortho_26_05_03_montearanda-nstc-km-84p2-a-82p3,amssclgis10_ams_gmams_cl_cl_mlp_pao_el_mauro_puerto_punta_chungo_drone_26_05_cl_mlp_pao_if_ortho_26_05_03_montearanda_nstc_km_84p2_a_82p3_tif,cl_mlp_pao_if_ortho_26_05_03_montearanda_nstc_km_84p2_a_82p3_tif,cl_mlp_pao_if_ortho_26_05_03_montearanda_nstc_km_84p2_a_82p3
881,Path,\\amssclgis10.ams.gmams.cl\CL_MLP_PAO\El_Mauro_Drone\26_05\CL_MLP_PAO_IF_Ortho_26_05_08_Subestacion-El-Mauro_A_E35.tif,//amssclgis10.ams.gmams.cl/cl_mlp_pao/el_mauro_drone/26_05/cl_mlp_pao_if_ortho_26_05_08_subestacion-el-mauro_a_e35.tif,cl_mlp_pao_if_ortho_26_05_08_subestacion-el-mauro_a_e35.tif,cl_mlp_pao_if_ortho_26_05_08_subestacion-el-mauro_a_e35,amssclgis10_ams_gmams_cl_cl_mlp_pao_el_mauro_drone_26_05_cl_mlp_pao_if_ortho_26_05_08_subestacion_el_mauro_a_e35_tif,cl_mlp_pao_if_ortho_26_05_08_subestacion_el_mauro_a_e35_tif,cl_mlp_pao_if_ortho_26_05_08_subestacion_el_mauro_a_e35
882,Path,\\amssclgis10.ams.gmams.cl\CL_MLP_PAO\El_Mauro_Drone\26_01_14\CL_MLP_PAO_IF_Ortho_26_01_14_Linea-33-kV-NorteElMauro-Area1.tif,//amssclgis10.ams.gmams.cl/cl_mlp_pao/el_mauro_drone/26_01_14/cl_mlp_pao_if_ortho_26_01_14_linea-33-kv-norteelmauro-area1.tif,cl_mlp_pao_if_ortho_26_01_14_linea-33-kv-norteelmauro-area1.tif,cl_mlp_pao_if_ortho_26_01_14_linea-33-kv-norteelmauro-area1,amssclgis10_ams_gmams_cl_cl_mlp_pao_el_mauro_drone_26_01_14_cl_mlp_pao_if_ortho_26_01_14_linea_33_kv_norteelmauro_area1_tif,cl_mlp_pao_if_ortho_26_01_14_linea_33_kv_norteelmauro_area1_tif,cl_mlp_pao_if_ortho_26_01_14_linea_33_kv_norteelmauro_area1
883,Path,\\amssclgis10.ams.gmams.cl\CL_MLP_PAO\El_Mauro_Drone\26_01_16\CL_MLP_PAO_IF_Ortho_26_01_16_Linea-33-kV-NorteElMauro-Area3.tif,//amssclgis10.ams.gmams.cl/cl_mlp_pao/el_mauro_drone/26_01_16/cl_mlp_pao_if_ortho_26_01_16_linea-33-kv-norteelmauro-area3.tif,cl_mlp_pao_if_ortho_26_01_16_linea-33-kv-norteelmauro-area3.tif,cl_mlp_pao_if_ortho_26_01_16_linea-33-kv-norteelmauro-area3,amssclgis10_ams_gmams_cl_cl_mlp_pao_el_mauro_drone_26_01_16_cl_mlp_pao_if_ortho_26_01_16_linea_33_kv_norteelmauro_area3_tif,cl_mlp_pao_if_ortho_26_01_16_linea_33_kv_norteelmauro_area3_tif,cl_mlp_pao_if_ortho_26_01_16_linea_33_kv_norteelmauro_area3
884,Path,\\amssclgis10.ams.gmams.cl\CL_MLP_PAO\El_Mauro_Drone\26_03_08\CL_MLP_PAO_IF_Ortho_26_03_08_TORRES_E35_A_E48.tif,//amssclgis10.ams.gmams.cl/cl_mlp_pao/el_mauro_drone/26_03_08/cl_mlp_pao_if_ortho_26_03_08_torres_e35_a_e48.tif,cl_mlp_pao_if_ortho_26_03_08_torres_e35_a_e48.tif,cl_mlp_pao_if_ortho_26_03_08_torres_e35_a_e48,amssclgis10_ams_gmams_cl_cl_mlp_pao_el_mauro_drone_26_03_08_cl_mlp_pao_if_ortho_26_03_08_torres_e35_a_e48_tif,cl_mlp_pao_if_ortho_26_03_08_torres_e35_a_e48_tif,cl_mlp_pao_if_ortho_26_03_08_torres_e35_a_e48
885,Path,\\amssclgis10.ams.gmams.cl\CL_MLP_PAO\El_Mauro_Drone\26_03_14\CL_MLP_PAO_IF_Ortho_26_03_14_Subestacion-El-Mauro_A_E35_.tif,//amssclgis10.ams.gmams.cl/cl_mlp_pao/el_mauro_drone/26_03_14/cl_mlp_pao_if_ortho_26_03_14_subestacion-el-mauro_a_e35_.tif,cl_mlp_pao_if_ortho_26_03_14_subestacion-el-mauro_a_e35_.tif,cl_mlp_pao_if_ortho_26_03_14_subestacion-el-mauro_a_e35_,amssclgis10_ams_gmams_cl_cl_mlp_pao_el_mauro_drone_26_03_14_cl_mlp_pao_if_ortho_26_03_14_subestacion_el_mauro_a_e35_tif,cl_mlp_pao_if_ortho_26_03_14_subestacion_el_mauro_a_e35_tif,cl_mlp_pao_if_ortho_26_03_14_subestacion_el_mauro_a_e35
886,Path,\\amssclgis10.ams.gmams.cl\CL_MLP_PAO\El_Mauro_Puerto_Punta_Chungo_Drone\26_03_27\CL_MLP_PAO_IF_Ortho_26_03_27_MonteAranda-NSTC-Km-84p2-a-82p3.tif,//amssclgis10.ams.gmams.cl/cl_mlp_pao/el_mauro_puerto_punta_chungo_drone/26_03_27/cl_mlp_pao_if_ortho_26_03_27_montearanda-nstc-km-84p2-a-82p3.tif,cl_mlp_pao_if_ortho_26_03_27_montearanda-nstc-km-84p2-a-82p3.tif,cl_mlp_pao_if_ortho_26_03_27_montearanda-nstc-km-84p2-a-82p3,amssclgis10_ams_gmams_cl_cl_mlp_pao_el_mauro_puerto_punta_chungo_drone_26_03_27_cl_mlp_pao_if_ortho_26_03_27_montearanda_nstc_km_84p2_a_82p3_tif,cl_mlp_pao_if_ortho_26_03_27_montearanda_nstc_km_84p2_a_82p3_tif,cl_mlp_pao_if_ortho_26_03_27_montearanda_nstc_km_84p2_a_82p3
887,Path,\\amssclgis10.ams.gmams.cl\CL_MLP_PAO\Chacay_El_Mauro_Drone\26_03_28\CL_MLP_PAO_IF_Ortho_26_03_28_EM2.tif,//amssclgis10.ams.gmams.cl/cl_mlp_pao/chacay_el_mauro_drone/26_03_28/cl_mlp_pao_if_ortho_26_03_28_em2.tif,cl_mlp_pao_if_ortho_26_03_28_em2.tif,cl_mlp_pao_if_ortho_26_03_28_em2,amssclgis10_ams_gmams_cl_cl_mlp_pao_chacay_el_mauro_drone_26_03_28_cl_mlp_pao_if_ortho_26_03_28_em2_tif,cl_mlp_pao_if_ortho_26_03_28_em2_tif,cl_mlp_pao_if_ortho_26_03_28_em2
888,Path,\\amssclgis10.ams.gmams.cl\CL_MLP_PAO\El_Mauro_Drone\26_03_29\CL_MLP_PAO_IF_Ortho_26_03_29_Subestacion-El-Mauro_A_E35_.tif,//amssclgis10.ams.gmams.cl/cl_mlp_pao/el_mauro_drone/26_03_29/cl_mlp_pao_if_ortho_26_03_29_subestacion-el-mauro_a_e35_.tif,cl_mlp_pao_if_ortho_26_03_29_subestacion-el-mauro_a_e35_.tif,cl_mlp_pao_if_ortho_26_03_29_subestacion-el-mauro_a_e35_,amssclgis10_ams_gmams_cl_cl_mlp_pao_el_mauro_drone_26_03_29_cl_mlp_pao_if_ortho_26_03_29_subestacion_el_mauro_a_e35_tif,cl_mlp_pao_if_ortho_26_03_29_subestacion_el_mauro_a_e35_tif,cl_mlp_pao_if_ortho_26_03_29_subestacion_el_mauro_a_e35
889,Path,\\amssclgis10.ams.gmams.cl\CL_MLP_PAO\El_Mauro_Puerto_Punta_Chungo_Drone\26_04\CL_MLP_PAO_IF_Ortho_26_04_02_TORRES_E48_A_E84_PV4.tif,//amssclgis10.ams.gmams.cl/cl_mlp_pao/el_mauro_puerto_punta_chungo_drone/26_04/cl_mlp_pao_if_ortho_26_04_02_torres_e48_a_e84_pv4.tif,cl_mlp_pao_if_ortho_26_04_02_torres_e48_a_e84_pv4.tif,cl_mlp_pao_if_ortho_26_04_02_torres_e48_a_e84_pv4,amssclgis10_ams_gmams_cl_cl_mlp_pao_el_mauro_puerto_punta_chungo_drone_26_04_cl_mlp_pao_if_ortho_26_04_02_torres_e48_a_e84_pv4_tif,cl_mlp_pao_if_ortho_26_04_02_torres_e48_a_e84_pv4_tif,cl_mlp_pao_if_ortho_26_04_02_torres_e48_a_e84_pv4
890,Path,\\amssclgis10.ams.gmams.cl\CL_MLP_PAO\El_Mauro_Drone\26_04\CL_MLP_PAO_IF_Ortho_26_04_16_Acceso_a_pozos.tif,//amssclgis10.ams.gmams.cl/cl_mlp_pao/el_mauro_drone/26_04/cl_mlp_pao_if_ortho_26_04_16_acceso_a_pozos.tif,cl_mlp_pao_if_ortho_26_04_16_acceso_a_pozos.tif,cl_mlp_pao_if_ortho_26_04_16_acceso_a_pozos,amssclgis10_ams_gmams_cl_cl_mlp_pao_el_mauro_drone_26_04_cl_mlp_pao_if_ortho_26_04_16_acceso_a_pozos_tif,cl_mlp_pao_if_ortho_26_04_16_acceso_a_pozos_tif,cl_mlp_pao_if_ortho_26_04_16_acceso_a_pozos
891,Path,\\amssclgis10.ams.gmams.cl\CL_MLP_PAO\Chacay_El_Mauro_Drone\26_04\CL_MLP_PAO_IF_Ortho_26_04_15_EM2.tif,//amssclgis10.ams.gmams.cl/cl_mlp_pao/chacay_el_mauro_drone/26_04/cl_mlp_pao_if_ortho_26_04_15_em2.tif,cl_mlp_pao_if_ortho_26_04_15_em2.tif,cl_mlp_pao_if_ortho_26_04_15_em2,amssclgis10_ams_gmams_cl_cl_mlp_pao_chacay_el_mauro_drone_26_04_cl_mlp_pao_if_ortho_26_04_15_em2_tif,cl_mlp_pao_if_ortho_26_04_15_em2_tif,cl_mlp_pao_if_ortho_26_04_15_em2
892,Path,\\amssclgis10.ams.gmams.cl\CL_MLP_PAO\El_Mauro_Drone\26_04\CL_MLP_PAO_IF_Ortho_26_04_16_EM4.tif,//amssclgis10.ams.gmams.cl/cl_mlp_pao/el_mauro_drone/26_04/cl_mlp_pao_if_ortho_26_04_16_em4.tif,cl_mlp_pao_if_ortho_26_04_16_em4.tif,cl_mlp_pao_if_ortho_26_04_16_em4,amssclgis10_ams_gmams_cl_cl_mlp_pao_el_mauro_drone_26_04_cl_mlp_pao_if_ortho_26_04_16_em4_tif,cl_mlp_pao_if_ortho_26_04_16_em4_tif,cl_mlp_pao_if_ortho_26_04_16_em4
893,Path,\\amssclgis10.ams.gmams.cl\CL_MLP_PAO\El_Mauro_Puerto_Punta_Chungo_Drone\26_04\CL_MLP_PAO_IF_Ortho_26_04_18_MonteAranda-NSTC-Km-84p2-a-82p3.tif,//amssclgis10.ams.gmams.cl/cl_mlp_pao/el_mauro_puerto_punta_chungo_drone/26_04/cl_mlp_pao_if_ortho_26_04_18_montearanda-nstc-km-84p2-a-82p3.tif,cl_mlp_pao_if_ortho_26_04_18_montearanda-nstc-km-84p2-a-82p3.tif,cl_mlp_pao_if_ortho_26_04_18_montearanda-nstc-km-84p2-a-82p3,amssclgis10_ams_gmams_cl_cl_mlp_pao_el_mauro_puerto_punta_chungo_drone_26_04_cl_mlp_pao_if_ortho_26_04_18_montearanda_nstc_km_84p2_a_82p3_tif,cl_mlp_pao_if_ortho_26_04_18_montearanda_nstc_km_84p2_a_82p3_tif,cl_mlp_pao_if_ortho_26_04_18_montearanda_nstc_km_84p2_a_82p3
894,Path,\\amssclgis10.ams.gmams.cl\CL_MLP_PAO\El_Mauro_Drone\26_04\CL_MLP_PAO_IF_Ortho_26_04_23_TORRES_E35_A_E48.tif,//amssclgis10.ams.gmams.cl/cl_mlp_pao/el_mauro_drone/26_04/cl_mlp_pao_if_ortho_26_04_23_torres_e35_a_e48.tif,cl_mlp_pao_if_ortho_26_04_23_torres_e35_a_e48.tif,cl_mlp_pao_if_ortho_26_04_23_torres_e35_a_e48,amssclgis10_ams_gmams_cl_cl_mlp_pao_el_mauro_drone_26_04_cl_mlp_pao_if_ortho_26_04_23_torres_e35_a_e48_tif,cl_mlp_pao_if_ortho_26_04_23_torres_e35_a_e48_tif,cl_mlp_pao_if_ortho_26_04_23_torres_e35_a_e48
896,Path,\\amssclgis10.ams.gmams.cl\CL_MLP_PAO\El_Mauro_Drone\26_04\CL_MLP_PAO_IF_Ortho_26_04_24_Patio-19B-y-Armado.tif,//amssclgis10.ams.gmams.cl/cl_mlp_pao/el_mauro_drone/26_04/cl_mlp_pao_if_ortho_26_04_24_patio-19b-y-armado.tif,cl_mlp_pao_if_ortho_26_04_24_patio-19b-y-armado.tif,cl_mlp_pao_if_ortho_26_04_24_patio-19b-y-armado,amssclgis10_ams_gmams_cl_cl_mlp_pao_el_mauro_drone_26_04_cl_mlp_pao_if_ortho_26_04_24_patio_19b_y_armado_tif,cl_mlp_pao_if_ortho_26_04_24_patio_19b_y_armado_tif,cl_mlp_pao_if_ortho_26_04_24_patio_19b_y_armado
898,Path,\\amssclgis10.ams.gmams.cl\CL_MLP_PAO\El_Mauro_Drone\26_04\CL_MLP_PAO_IF_Ortho_26_04_22_Estacion_Intermedia.tif,//amssclgis10.ams.gmams.cl/cl_mlp_pao/el_mauro_drone/26_04/cl_mlp_pao_if_ortho_26_04_22_estacion_intermedia.tif,cl_mlp_pao_if_ortho_26_04_22_estacion_intermedia.tif,cl_mlp_pao_if_ortho_26_04_22_estacion_intermedia,amssclgis10_ams_gmams_cl_cl_mlp_pao_el_mauro_drone_26_04_cl_mlp_pao_if_ortho_26_04_22_estacion_intermedia_tif,cl_mlp_pao_if_ortho_26_04_22_estacion_intermedia_tif,cl_mlp_pao_if_ortho_26_04_22_estacion_intermedia
900,Path,\\amssclgis10.ams.gmams.cl\CL_MLP_PAO\El_Mauro_Drone\26_04\CL_MLP_PAO_IF_Ortho_26_04_15_TORRES_E35_A_E48.tif,//amssclgis10.ams.gmams.cl/cl_mlp_pao/el_mauro_drone/26_04/cl_mlp_pao_if_ortho_26_04_15_torres_e35_a_e48.tif,cl_mlp_pao_if_ortho_26_04_15_torres_e35_a_e48.tif,cl_mlp_pao_if_ortho_26_04_15_torres_e35_a_e48,amssclgis10_ams_gmams_cl_cl_mlp_pao_el_mauro_drone_26_04_cl_mlp_pao_if_ortho_26_04_15_torres_e35_a_e48_tif,cl_mlp_pao_if_ortho_26_04_15_torres_e35_a_e48_tif,cl_mlp_pao_if_ortho_26_04_15_torres_e35_a_e48
901,Path,\\amssclgis10.ams.gmams.cl\CL_MLP_PAO\El_Mauro_Drone\26_04\CL_MLP_PAO_IF_Ortho_26_04_01_EBD.tif,//amssclgis10.ams.gmams.cl/cl_mlp_pao/el_mauro_drone/26_04/cl_mlp_pao_if_ortho_26_04_01_ebd.tif,cl_mlp_pao_if_ortho_26_04_01_ebd.tif,cl_mlp_pao_if_ortho_26_04_01_ebd,amssclgis10_ams_gmams_cl_cl_mlp_pao_el_mauro_drone_26_04_cl_mlp_pao_if_ortho_26_04_01_ebd_tif,cl_mlp_pao_if_ortho_26_04_01_ebd_tif,cl_mlp_pao_if_ortho_26_04_01_ebd
902,Path,\\amssclgis10.ams.gmams.cl\CL_MLP_PAO\El_Mauro_Drone\26_04\CL_MLP_PAO_IF_Ortho_26_04_22_Subestacion-El-Mauro.tif,//amssclgis10.ams.gmams.cl/cl_mlp_pao/el_mauro_drone/26_04/cl_mlp_pao_if_ortho_26_04_22_subestacion-el-mauro.tif,cl_mlp_pao_if_ortho_26_04_22_subestacion-el-mauro.tif,cl_mlp_pao_if_ortho_26_04_22_subestacion-el-mauro,amssclgis10_ams_gmams_cl_cl_mlp_pao_el_mauro_drone_26_04_cl_mlp_pao_if_ortho_26_04_22_subestacion_el_mauro_tif,cl_mlp_pao_if_ortho_26_04_22_subestacion_el_mauro_tif,cl_mlp_pao_if_ortho_26_04_22_subestacion_el_mauro
904,Path,\\amssclgis10.ams.gmams.cl\CL_MLP_PAO\El_Mauro_Drone\26_04\CL_MLP_PAO_IF_Ortho_26_04_17_Subestacion-El-Mauro.tif,//amssclgis10.ams.gmams.cl/cl_mlp_pao/el_mauro_drone/26_04/cl_mlp_pao_if_ortho_26_04_17_subestacion-el-mauro.tif,cl_mlp_pao_if_ortho_26_04_17_subestacion-el-mauro.tif,cl_mlp_pao_if_ortho_26_04_17_subestacion-el-mauro,amssclgis10_ams_gmams_cl_cl_mlp_pao_el_mauro_drone_26_04_cl_mlp_pao_if_ortho_26_04_17_subestacion_el_mauro_tif,cl_mlp_pao_if_ortho_26_04_17_subestacion_el_mauro_tif,cl_mlp_pao_if_ortho_26_04_17_subestacion_el_mauro
906,Path,\\amssclgis10.ams.gmams.cl\CL_MLP_PAO\El_Mauro_Drone\26_04\CL_MLP_PAO_IF_Ortho_26_04_18_Patio-19B-y-Armado.tif,//amssclgis10.ams.gmams.cl/cl_mlp_pao/el_mauro_drone/26_04/cl_mlp_pao_if_ortho_26_04_18_patio-19b-y-armado.tif,cl_mlp_pao_if_ortho_26_04_18_patio-19b-y-armado.tif,cl_mlp_pao_if_ortho_26_04_18_patio-19b-y-armado,amssclgis10_ams_gmams_cl_cl_mlp_pao_el_mauro_drone_26_04_cl_mlp_pao_if_ortho_26_04_18_patio_19b_y_armado_tif,cl_mlp_pao_if_ortho_26_04_18_patio_19b_y_armado_tif,cl_mlp_pao_if_ortho_26_04_18_patio_19b_y_armado
908,Path,\\amssclgis10.ams.gmams.cl\CL_MLP_PAO\El_Mauro_Puerto_Punta_Chungo_Drone\26_04\CL_MLP_PAO_IF_Ortho_26_04_16_TORRES_E48_A_E84_PV4.tif,//amssclgis10.ams.gmams.cl/cl_mlp_pao/el_mauro_puerto_punta_chungo_drone/26_04/cl_mlp_pao_if_ortho_26_04_16_torres_e48_a_e84_pv4.tif,cl_mlp_pao_if_ortho_26_04_16_torres_e48_a_e84_pv4.tif,cl_mlp_pao_if_ortho_26_04_16_torres_e48_a_e84_pv4,amssclgis10_ams_gmams_cl_cl_mlp_pao_el_mauro_puerto_punta_chungo_drone_26_04_cl_mlp_pao_if_ortho_26_04_16_torres_e48_a_e84_pv4_tif,cl_mlp_pao_if_ortho_26_04_16_torres_e48_a_e84_pv4_tif,cl_mlp_pao_if_ortho_26_04_16_torres_e48_a_e84_pv4
909,Path,\\amssclgis08.ams.gmams.cl\CL_MLP_PAO\01_Proyectos_ArcGIS\APRX\CL MLP PAO Aereo Image Server\SQLServer-amssclgis06_ArcGIS-Aereo.sde\OWD.AMD_CL_MLP_PAO_IF_Ortho_Geosupport_OVR\\Ov_i9A2_L03_R0000096C_C000007F6,//amssclgis08.ams.gmams.cl/cl_mlp_pao/01_proyectos_arcgis/aprx/cl mlp pao aereo image server/sqlserver-amssclgis06_arcgis-aereo.sde/owd.amd_cl_mlp_pao_if_ortho_geosupport_ovr//ov_i9a2_l03_r0000096c_c000007f6,ov_i9a2_l03_r0000096c_c000007f6,ov_i9a2_l03_r0000096c_c000007f6,amssclgis08_ams_gmams_cl_cl_mlp_pao_01_proyectos_arcgis_aprx_cl_mlp_pao_aereo_image_server_sqlserver_amssclgis06_arcgis_aereo_sde_owd_amd_cl_mlp_pao_if_ortho_geosupport_ovr_ov_i9a2_l03_r0000096c_c000007f6,ov_i9a2_l03_r0000096c_c000007f6,ov_i9a2_l03_r0000096c_c000007f6
910,Path,\\amssclgis08.ams.gmams.cl\CL_MLP_PAO\01_Proyectos_ArcGIS\APRX\CL MLP PAO Aereo Image Server\SQLServer-amssclgis06_ArcGIS-Aereo.sde\OWD.AMD_CL_MLP_PAO_IF_Ortho_Geosupport_OVR\\Ov_i9A2_L03_R0000096D_C000007F6,//amssclgis08.ams.gmams.cl/cl_mlp_pao/01_proyectos_arcgis/aprx/cl mlp pao aereo image server/sqlserver-amssclgis06_arcgis-aereo.sde/owd.amd_cl_mlp_pao_if_ortho_geosupport_ovr//ov_i9a2_l03_r0000096d_c000007f6,ov_i9a2_l03_r0000096d_c000007f6,ov_i9a2_l03_r0000096d_c000007f6,amssclgis08_ams_gmams_cl_cl_mlp_pao_01_proyectos_arcgis_aprx_cl_mlp_pao_aereo_image_server_sqlserver_amssclgis06_arcgis_aereo_sde_owd_amd_cl_mlp_pao_if_ortho_geosupport_ovr_ov_i9a2_l03_r0000096d_c000007f6,ov_i9a2_l03_r0000096d_c000007f6,ov_i9a2_l03_r0000096d_c000007f6
911,Path,C:\Users\amsgiseeap\AppData\Local\Temp\ArcGISProTemp12292\Untitled\SQLServer-amssclgis06_ArcGIS-Aereo.sde\OWD.AMD_CL_MLP_PAO_IF_Ortho_Geosupport_OVR\\Ov_i9A2_L04_R00000967_C000007E5,c:/users/amsgiseeap/appdata/local/temp/arcgisprotemp12292/untitled/sqlserver-amssclgis06_arcgis-aereo.sde/owd.amd_cl_mlp_pao_if_ortho_geosupport_ovr//ov_i9a2_l04_r00000967_c000007e5,ov_i9a2_l04_r00000967_c000007e5,ov_i9a2_l04_r00000967_c000007e5,c_users_amsgiseeap_appdata_local_temp_arcgisprotemp12292_untitled_sqlserver_amssclgis06_arcgis_aereo_sde_owd_amd_cl_mlp_pao_if_ortho_geosupport_ovr_ov_i9a2_l04_r00000967_c000007e5,ov_i9a2_l04_r00000967_c000007e5,ov_i9a2_l04_r00000967_c000007e5
912,Path,C:\Users\amsgiseeap\AppData\Local\Temp\ArcGISProTemp12292\Untitled\SQLServer-amssclgis06_ArcGIS-Aereo.sde\OWD.AMD_CL_MLP_PAO_IF_Ortho_Geosupport_OVR\\Ov_i9A2_L04_R00000968_C000007E6,c:/users/amsgiseeap/appdata/local/temp/arcgisprotemp12292/untitled/sqlserver-amssclgis06_arcgis-aereo.sde/owd.amd_cl_mlp_pao_if_ortho_geosupport_ovr//ov_i9a2_l04_r00000968_c000007e6,ov_i9a2_l04_r00000968_c000007e6,ov_i9a2_l04_r00000968_c000007e6,c_users_amsgiseeap_appdata_local_temp_arcgisprotemp12292_untitled_sqlserver_amssclgis06_arcgis_aereo_sde_owd_amd_cl_mlp_pao_if_ortho_geosupport_ovr_ov_i9a2_l04_r00000968_c000007e6,ov_i9a2_l04_r00000968_c000007e6,ov_i9a2_l04_r00000968_c000007e6
913,Path,C:\Users\amsgiseeap\AppData\Local\Temp\ArcGISProTemp12292\Untitled\SQLServer-amssclgis06_ArcGIS-Aereo.sde\OWD.AMD_CL_MLP_PAO_IF_Ortho_Geosupport_OVR\\Ov_i9A2_L04_R00000968_C000007E7,c:/users/amsgiseeap/appdata/local/temp/arcgisprotemp12292/untitled/sqlserver-amssclgis06_arcgis-aereo.sde/owd.amd_cl_mlp_pao_if_ortho_geosupport_ovr//ov_i9a2_l04_r00000968_c000007e7,ov_i9a2_l04_r00000968_c000007e7,ov_i9a2_l04_r00000968_c000007e7,c_users_amsgiseeap_appdata_local_temp_arcgisprotemp12292_untitled_sqlserver_amssclgis06_arcgis_aereo_sde_owd_amd_cl_mlp_pao_if_ortho_geosupport_ovr_ov_i9a2_l04_r00000968_c000007e7,ov_i9a2_l04_r00000968_c000007e7,ov_i9a2_l04_r00000968_c000007e7
914,Path,C:\Users\amsgiseeap\AppData\Local\Temp\ArcGISProTemp12292\Untitled\SQLServer-amssclgis06_ArcGIS-Aereo.sde\OWD.AMD_CL_MLP_PAO_IF_Ortho_Geosupport_OVR\\Ov_i9A2_L04_R00000968_C000007E4,c:/users/amsgiseeap/appdata/local/temp/arcgisprotemp12292/untitled/sqlserver-amssclgis06_arcgis-aereo.sde/owd.amd_cl_mlp_pao_if_ortho_geosupport_ovr//ov_i9a2_l04_r00000968_c000007e4,ov_i9a2_l04_r00000968_c000007e4,ov_i9a2_l04_r00000968_c000007e4,c_users_amsgiseeap_appdata_local_temp_arcgisprotemp12292_untitled_sqlserver_amssclgis06_arcgis_aereo_sde_owd_amd_cl_mlp_pao_if_ortho_geosupport_ovr_ov_i9a2_l04_r00000968_c000007e4,ov_i9a2_l04_r00000968_c000007e4,ov_i9a2_l04_r00000968_c000007e4
915,Path,C:\Users\amsgiseeap\AppData\Local\Temp\ArcGISProTemp12292\Untitled\SQLServer-amssclgis06_ArcGIS-Aereo.sde\OWD.AMD_CL_MLP_PAO_IF_Ortho_Geosupport_OVR\\Ov_i9A2_L04_R00000969_C000007E9,c:/users/amsgiseeap/appdata/local/temp/arcgisprotemp12292/untitled/sqlserver-amssclgis06_arcgis-aereo.sde/owd.amd_cl_mlp_pao_if_ortho_geosupport_ovr//ov_i9a2_l04_r00000969_c000007e9,ov_i9a2_l04_r00000969_c000007e9,ov_i9a2_l04_r00000969_c000007e9,c_users_amsgiseeap_appdata_local_temp_arcgisprotemp12292_untitled_sqlserver_amssclgis06_arcgis_aereo_sde_owd_amd_cl_mlp_pao_if_ortho_geosupport_ovr_ov_i9a2_l04_r00000969_c000007e9,ov_i9a2_l04_r00000969_c000007e9,ov_i9a2_l04_r00000969_c000007e9
916,Path,C:\Users\amsgiseeap\AppData\Local\Temp\ArcGISProTemp12292\Untitled\SQLServer-amssclgis06_ArcGIS-Aereo.sde\OWD.AMD_CL_MLP_PAO_IF_Ortho_Geosupport_OVR\\Ov_i9A2_L04_R0000096A_C000007ED,c:/users/amsgiseeap/appdata/local/temp/arcgisprotemp12292/untitled/sqlserver-amssclgis06_arcgis-aereo.sde/owd.amd_cl_mlp_pao_if_ortho_geosupport_ovr//ov_i9a2_l04_r0000096a_c000007ed,ov_i9a2_l04_r0000096a_c000007ed,ov_i9a2_l04_r0000096a_c000007ed,c_users_amsgiseeap_appdata_local_temp_arcgisprotemp12292_untitled_sqlserver_amssclgis06_arcgis_aereo_sde_owd_amd_cl_mlp_pao_if_ortho_geosupport_ovr_ov_i9a2_l04_r0000096a_c000007ed,ov_i9a2_l04_r0000096a_c000007ed,ov_i9a2_l04_r0000096a_c000007ed
917,Path,C:\Users\amsgiseeap\AppData\Local\Temp\ArcGISProTemp12292\Untitled\SQLServer-amssclgis06_ArcGIS-Aereo.sde\OWD.AMD_CL_MLP_PAO_IF_Ortho_Geosupport_OVR\\Ov_i9A2_L04_R0000096B_C000007EC,c:/users/amsgiseeap/appdata/local/temp/arcgisprotemp12292/untitled/sqlserver-amssclgis06_arcgis-aereo.sde/owd.amd_cl_mlp_pao_if_ortho_geosupport_ovr//ov_i9a2_l04_r0000096b_c000007ec,ov_i9a2_l04_r0000096b_c000007ec,ov_i9a2_l04_r0000096b_c000007ec,c_users_amsgiseeap_appdata_local_temp_arcgisprotemp12292_untitled_sqlserver_amssclgis06_arcgis_aereo_sde_owd_amd_cl_mlp_pao_if_ortho_geosupport_ovr_ov_i9a2_l04_r0000096b_c000007ec,ov_i9a2_l04_r0000096b_c000007ec,ov_i9a2_l04_r0000096b_c000007ec
918,Path,C:\Users\amsgiseeap\AppData\Local\Temp\ArcGISProTemp12292\Untitled\SQLServer-amssclgis06_ArcGIS-Aereo.sde\OWD.AMD_CL_MLP_PAO_IF_Ortho_Geosupport_OVR\\Ov_i9A2_L04_R0000096B_C000007ED,c:/users/amsgiseeap/appdata/local/temp/arcgisprotemp12292/untitled/sqlserver-amssclgis06_arcgis-aereo.sde/owd.amd_cl_mlp_pao_if_ortho_geosupport_ovr//ov_i9a2_l04_r0000096b_c000007ed,ov_i9a2_l04_r0000096b_c000007ed,ov_i9a2_l04_r0000096b_c000007ed,c_users_amsgiseeap_appdata_local_temp_arcgisprotemp12292_untitled_sqlserver_amssclgis06_arcgis_aereo_sde_owd_amd_cl_mlp_pao_if_ortho_geosupport_ovr_ov_i9a2_l04_r0000096b_c000007ed,ov_i9a2_l04_r0000096b_c000007ed,ov_i9a2_l04_r0000096b_c000007ed
919,Path,C:\Users\amsgiseeap\AppData\Local\Temp\ArcGISProTemp12292\Untitled\SQLServer-amssclgis06_ArcGIS-Aereo.sde\OWD.AMD_CL_MLP_PAO_IF_Ortho_Geosupport_OVR\\Ov_i9A2_L04_R0000096B_C000007F5,c:/users/amsgiseeap/appdata/local/temp/arcgisprotemp12292/untitled/sqlserver-amssclgis06_arcgis-aereo.sde/owd.amd_cl_mlp_pao_if_ortho_geosupport_ovr//ov_i9a2_l04_r0000096b_c000007f5,ov_i9a2_l04_r0000096b_c000007f5,ov_i9a2_l04_r0000096b_c000007f5,c_users_amsgiseeap_appdata_local_temp_arcgisprotemp12292_untitled_sqlserver_amssclgis06_arcgis_aereo_sde_owd_amd_cl_mlp_pao_if_ortho_geosupport_ovr_ov_i9a2_l04_r0000096b_c000007f5,ov_i9a2_l04_r0000096b_c000007f5,ov_i9a2_l04_r0000096b_c000007f5
920,Path,C:\Users\amsgiseeap\AppData\Local\Temp\ArcGISProTemp12292\Untitled\SQLServer-amssclgis06_ArcGIS-Aereo.sde\OWD.AMD_CL_MLP_PAO_IF_Ortho_Geosupport_OVR\\Ov_i9A2_L04_R0000096C_C000007F6,c:/users/amsgiseeap/appdata/local/temp/arcgisprotemp12292/untitled/sqlserver-amssclgis06_arcgis-aereo.sde/owd.amd_cl_mlp_pao_if_ortho_geosupport_ovr//ov_i9a2_l04_r0000096c_c000007f6,ov_i9a2_l04_r0000096c_c000007f6,ov_i9a2_l04_r0000096c_c000007f6,c_users_amsgiseeap_appdata_local_temp_arcgisprotemp12292_untitled_sqlserver_amssclgis06_arcgis_aereo_sde_owd_amd_cl_mlp_pao_if_ortho_geosupport_ovr_ov_i9a2_l04_r0000096c_c000007f6,ov_i9a2_l04_r0000096c_c000007f6,ov_i9a2_l04_r0000096c_c000007f6
921,Path,C:\Users\amsgiseeap\AppData\Local\Temp\ArcGISProTemp12292\Untitled\SQLServer-amssclgis06_ArcGIS-Aereo.sde\OWD.AMD_CL_MLP_PAO_IF_Ortho_Geosupport_OVR\\Ov_i9A2_L04_R0000096D_C000007F6,c:/users/amsgiseeap/appdata/local/temp/arcgisprotemp12292/untitled/sqlserver-amssclgis06_arcgis-aereo.sde/owd.amd_cl_mlp_pao_if_ortho_geosupport_ovr//ov_i9a2_l04_r0000096d_c000007f6,ov_i9a2_l04_r0000096d_c000007f6,ov_i9a2_l04_r0000096d_c000007f6,c_users_amsgiseeap_appdata_local_temp_arcgisprotemp12292_untitled_sqlserver_amssclgis06_arcgis_aereo_sde_owd_amd_cl_mlp_pao_if_ortho_geosupport_ovr_ov_i9a2_l04_r0000096d_c000007f6,ov_i9a2_l04_r0000096d_c000007f6,ov_i9a2_l04_r0000096d_c000007f6
922,Path,C:\Users\amsgiseeap\AppData\Local\Temp\ArcGISProTemp12292\Untitled\SQLServer-amssclgis06_ArcGIS-Aereo.sde\OWD.AMD_CL_MLP_PAO_IF_Ortho_Geosupport_OVR\\Ov_i9A2_L04_R00000966_C000007E8,c:/users/amsgiseeap/appdata/local/temp/arcgisprotemp12292/untitled/sqlserver-amssclgis06_arcgis-aereo.sde/owd.amd_cl_mlp_pao_if_ortho_geosupport_ovr//ov_i9a2_l04_r00000966_c000007e8,ov_i9a2_l04_r00000966_c000007e8,ov_i9a2_l04_r00000966_c000007e8,c_users_amsgiseeap_appdata_local_temp_arcgisprotemp12292_untitled_sqlserver_amssclgis06_arcgis_aereo_sde_owd_amd_cl_mlp_pao_if_ortho_geosupport_ovr_ov_i9a2_l04_r00000966_c000007e8,ov_i9a2_l04_r00000966_c000007e8,ov_i9a2_l04_r00000966_c000007e8
923,Path,C:\Users\amsgiseeap\AppData\Local\Temp\ArcGISProTemp12292\Untitled\SQLServer-amssclgis06_ArcGIS-Aereo.sde\OWD.AMD_CL_MLP_PAO_IF_Ortho_Geosupport_OVR\\Ov_i9A2_L04_R0000096A_C000007EE,c:/users/amsgiseeap/appdata/local/temp/arcgisprotemp12292/untitled/sqlserver-amssclgis06_arcgis-aereo.sde/owd.amd_cl_mlp_pao_if_ortho_geosupport_ovr//ov_i9a2_l04_r0000096a_c000007ee,ov_i9a2_l04_r0000096a_c000007ee,ov_i9a2_l04_r0000096a_c000007ee,c_users_amsgiseeap_appdata_local_temp_arcgisprotemp12292_untitled_sqlserver_amssclgis06_arcgis_aereo_sde_owd_amd_cl_mlp_pao_if_ortho_geosupport_ovr_ov_i9a2_l04_r0000096a_c000007ee,ov_i9a2_l04_r0000096a_c000007ee,ov_i9a2_l04_r0000096a_c000007ee
924,Path,C:\Users\amsgiseeap\AppData\Local\Temp\ArcGISProTemp12292\Untitled\SQLServer-amssclgis06_ArcGIS-Aereo.sde\OWD.AMD_CL_MLP_PAO_IF_Ortho_Geosupport_OVR\\Ov_i9A2_L04_R0000096A_C000007EF,c:/users/amsgiseeap/appdata/local/temp/arcgisprotemp12292/untitled/sqlserver-amssclgis06_arcgis-aereo.sde/owd.amd_cl_mlp_pao_if_ortho_geosupport_ovr//ov_i9a2_l04_r0000096a_c000007ef,ov_i9a2_l04_r0000096a_c000007ef,ov_i9a2_l04_r0000096a_c000007ef,c_users_amsgiseeap_appdata_local_temp_arcgisprotemp12292_untitled_sqlserver_amssclgis06_arcgis_aereo_sde_owd_amd_cl_mlp_pao_if_ortho_geosupport_ovr_ov_i9a2_l04_r0000096a_c000007ef,ov_i9a2_l04_r0000096a_c000007ef,ov_i9a2_l04_r0000096a_c000007ef
925,Path,\\amssclgis08.ams.gmams.cl\CL_MLP_PAO\01_Proyectos_ArcGIS\APRX\CL MLP PAO Aereo Image Server\SQLServer-amssclgis06_ArcGIS-Aereo.sde\OWD.AMD_CL_MLP_PAO_IF_Ortho_Geosupport_OVR\\Ov_i9A2_L04_R00000324_C000002A7,//amssclgis08.ams.gmams.cl/cl_mlp_pao/01_proyectos_arcgis/aprx/cl mlp pao aereo image server/sqlserver-amssclgis06_arcgis-aereo.sde/owd.amd_cl_mlp_pao_if_ortho_geosupport_ovr//ov_i9a2_l04_r00000324_c000002a7,ov_i9a2_l04_r00000324_c000002a7,ov_i9a2_l04_r00000324_c000002a7,amssclgis08_ams_gmams_cl_cl_mlp_pao_01_proyectos_arcgis_aprx_cl_mlp_pao_aereo_image_server_sqlserver_amssclgis06_arcgis_aereo_sde_owd_amd_cl_mlp_pao_if_ortho_geosupport_ovr_ov_i9a2_l04_r00000324_c000002a7,ov_i9a2_l04_r00000324_c000002a7,ov_i9a2_l04_r00000324_c000002a7
