OBJECTID,Name,MinPS,MaxPS,LowPS,HighPS,Category,Tag,GroupName,ProductName,CenterX,CenterY,ZOrder,TypeID,ItemTS,UriHash,Sector,Sensor,Proyecto,FechaAdqui,FechaCarga,Estado,URL,NombreVuelo,Shape.STArea(),Shape.STLength()
1779,CL_MLP_PAO_IF_Ortho_26_01_07_ED2,0.0,0.159038,0.0159038,0.0159038,1,Dataset,,1779,317933.767645663,6468729.750610783,,21,46144.24856071759,4A2FED73E54965D21906DD86740DDC98,ED2,DJI MAVIC 3 ENTERPRISE,PAO,2026-01-07 04:00:00,2026-01-28 00:00:00,Activo,https://sig.aminerals.cl/imgdyn/rest/services/CL_MLP_PAO/CL_MLP_PAO_IF_Ortho_Geosupport/ImageServer/file?id=.\Chacay_El_Mauro_Drone\26_01_07\CL_MLP_PAO_IF_Ortho_26_01_07_ED2.tif&rasterId=,148_26_01_07_ED2,2375.039197455,199.7331817194376
17123,Ov_i9A2_L01_R0000FE03_C0000D54F,0.0,0.0289053,0.019406222,0.019406222,2,Dataset,,,305025.831961327,6463195.932589023,,2466,46169.86580585648,60DFAD4690689EABB3F321D6FED9E064,,,,,,,,,2475.953421715,328.6600394157063
17124,Ov_i9A2_L01_R0000FE03_C0000D550,0.0,0.0289053,0.019406222,0.019406222,2,Dataset,,,305121.94897881,6463201.968279293,,2466,46169.86580767362,32FAC07904FD6AA4D00EEED5B7BEF35B,,,,,,,,,1272.810295865,225.13161237344565
17125,Ov_i9A2_L01_R0000FE03_C0000D551,0.0,0.0289053,0.019406222,0.019406222,2,Dataset,,,305199.314420923,6463206.47476172,,2466,46169.86580947917,8B63EF70BB71DE6724AA55F8FDCC84AB,,,,,,,,,212.24192004,128.36954338293597
17126,Ov_i9A2_L01_R0000FE03_C0000D556,0.0,0.0289053,0.019406222,0.019406222,2,Dataset,,,305748.640516425,6463196.086237584,,2466,46169.86581145833,F64570F95E3C63AE76D491B76D971909,,,,,,,,,1471.408888375,218.84793208087135
17127,Ov_i9A2_L01_R0000FE03_C0000D557,0.0,0.0289053,0.019406222,0.019406222,2,Dataset,,,305823.527463653,6463187.399495787,,2466,46169.86581337963,F2BBC04FE67B368B4B86856BAF49FE2A,,,,,,,,,4126.096991015,287.8507420456664
17128,Ov_i9A2_L01_R0000FE03_C0000D558,0.0,0.0289053,0.019406222,0.019406222,2,Dataset,,,305895.195702291,6463198.971609806,,2466,46169.86581524305,02FF2106A182AEE997AD54C0B0B86A5F,,,,,,,,,907.18603204,148.8540990696215
17136,Ov_i9A2_L01_R0000FE04_C0000D54F,0.0,0.0289053,0.019406222,0.019406222,2,Dataset,,,305030.11735,6463258.49455,,2466,46169.86581708333,0F1E87576058DAD4F850582742A410D7,,,,,,,,,9872.38972801,397.4396
17137,Ov_i9A2_L01_R0000FE04_C0000D550,0.0,0.0289053,0.019406222,0.019406222,2,Dataset,,,305129.4772,6463258.49455,,2466,46169.86581880787,8C6A02713D8E47FBC199E1DDA64B132B,,,,,,,,,9872.37979202,397.4394
17138,Ov_i9A2_L01_R0000FE04_C0000D551,0.0,0.0289053,0.019406222,0.019406222,2,Dataset,,,305228.507684127,6463258.926697644,,2466,46169.86582072917,C10610FC81FBE7EA35FB6FD0792ECA99,,,,,,,,,9784.618550675,393.1866212569332
17139,Ov_i9A2_L01_R0000FE04_C0000D552,0.0,0.0289053,0.019406222,0.019406222,2,Dataset,,,305326.923439516,6463263.729854777,,2466,46169.86582248843,2F86C43542A4D6D1687D879593B56381,,,,,,,,,8813.06672246,384.29784567497603
17140,Ov_i9A2_L01_R0000FE04_C0000D553,0.0,0.0289053,0.019406222,0.019406222,2,Dataset,,,305421.569155547,6463278.505547608,,2466,46169.8658244213,77ABA6190FC340766CA6761C35A70D01,,,,,,,,,5649.61154599,320.61158466485665
17141,Ov_i9A2_L01_R0000FE04_C0000D554,0.0,0.0289053,0.019406222,0.019406222,2,Dataset,,,305531.531944096,6463287.703887326,,2466,46169.86582621528,9D654067BC25646A8113139C20C55C05,,,,,,,,,3943.10778425,293.15693167410683
17142,Ov_i9A2_L01_R0000FE04_C0000D555,0.0,0.0289053,0.019406222,0.019406222,2,Dataset,,,305630.641770562,6463273.6349217,,2466,46169.865828125,1CA93D45B346539B369574D40FF2FB17,,,,,,,,,6700.27565779,345.61184583083246
17143,Ov_i9A2_L01_R0000FE04_C0000D556,0.0,0.0289053,0.019406222,0.019406222,2,Dataset,,,305726.153206239,6463259.028294576,,2466,46169.86583,AF19A12A1AD26AFF03FDDDDD5834C7F8,,,,,,,,,9757.40073697,388.6796263615074
17144,Ov_i9A2_L01_R0000FE04_C0000D557,0.0,0.0289053,0.019406222,0.019406222,2,Dataset,,,305824.9962,6463258.49455,,2466,46169.86583189815,D010D2A9DD74DAE8FBEFA20EED973ABD,,,,,,,,,9872.37979202,397.4394
17145,Ov_i9A2_L01_R0000FE04_C0000D558,0.0,0.29109333,0.019406222,0.019406222,2,Dataset,,,305918.334911806,6463266.074537404,,2466,46169.878316319446,590BDE42627744948CEFEF6335B19E8D,,,,,,,,,7892.873345585,404.0132959839914
17146,Ov_i9A2_L01_R0000FE04_C0000D55D,0.0,0.0289053,0.019406222,0.019406222,2,Dataset,,,306467.691925107,6463306.302829385,,2466,46169.865835648154,01A2F92B21EEB53E511EEBEAB88C96BA,,,,,,,,,26.47513088,26.020299946450503
17147,Ov_i9A2_L01_R0000FE04_C0000D55E,0.0,0.0289053,0.019406222,0.019406222,2,Dataset,,,306511.454978893,6463294.214338316,,2466,46169.8658375,E6C152BA3A9DFC04E1AAF68FD50D21EC,,,,,,,,,1598.197328455,187.50657423025154
17155,Ov_i9A2_L01_R0000FE05_C0000D54F,0.0,0.0289053,0.019406222,0.019406222,2,Dataset,,,305030.11735,6463357.8544,,2466,46169.865839328704,D7CD213FA8EA81D67A003FDB83F5284D,,,,,,,,,9872.37979202,397.4394
17156,Ov_i9A2_L01_R0000FE05_C0000D550,0.0,0.0289053,0.019406222,0.019406222,2,Dataset,,,305129.4772,6463357.8544,,2466,46169.86584111112,FF5223AE2F2508320127A52CF00DDD9B,,,,,,,,,9872.36985604,397.4392
17157,Ov_i9A2_L01_R0000FE05_C0000D551,0.0,0.0289053,0.019406222,0.019406222,2,Dataset,,,305228.658471425,6463357.603638114,,2466,46169.86584297454,57BCF21D01895D2F5D75AAC394EA79AA,,,,,,,,,9822.03854616,395.23493210613344
17158,Ov_i9A2_L01_R0000FE05_C0000D552,0.0,0.0289053,0.019406222,0.019406222,2,Dataset,,,305328.379465246,6463357.638835605,,2466,46169.86584488426,E7E42DCED2B192FCF2EA7E183DD987ED,,,,,,,,,9828.612681905,396.5541954746338
17159,Ov_i9A2_L01_R0000FE05_C0000D553,0.0,0.0289053,0.019406222,0.019406222,2,Dataset,,,305427.55675,6463357.8544,,2466,46169.8658468287,AB926B14F8A13B96F69B125A129A0D20,,,,,,,,,9872.37979202,397.4394
17160,Ov_i9A2_L01_R0000FE05_C0000D554,0.0,0.0289053,0.019406222,0.019406222,2,Dataset,,,305526.91665,6463357.8544,,2466,46169.86584859953,5B9587173982E22248F3BB39AF9C34FB,,,,,,,,,9872.37979202,397.4394
17161,Ov_i9A2_L01_R0000FE05_C0000D555,0.0,0.0289053,0.019406222,0.019406222,2,Dataset,,,305626.2765,6463357.854400001,,2466,46169.86585048611,F135026B3A20318FD870A933076A6527,,,,,,,,,9872.36985604,397.4392
17162,Ov_i9A2_L01_R0000FE05_C0000D556,0.0,0.0289053,0.019406222,0.019406222,2,Dataset,,,305725.63635,6463357.8544,,2466,46169.86585231481,AE10CCADA4DCDD203962AE4389CA34F5,,,,,,,,,9872.37979202,397.4394
17164,Ov_i9A2_L01_R0000FE05_C0000D558,0.0,0.29109333,0.019406222,0.019406222,2,Dataset,,,305924.35605,6463357.8544,,2466,46169.87831760417,FFA23070CD6A6903B79CB3FBCD392F74,,,,,,,,,9872.37979202,397.4394
17165,Ov_i9A2_L01_R0000FE05_C0000D559,0.0,0.29109333,0.019406222,0.019406222,2,Dataset,,,306002.341266724,6463357.846220828,,2466,46169.878318958334,A86E92771EB7740AB9F4AD9996F0B784,,,,,,,,,5624.81082383,311.94071573322134
17166,Ov_i9A2_L01_R0000FE05_C0000D55C,0.0,0.0289053,0.019406222,0.019406222,2,Dataset,,,306353.225525492,6463395.183059786,,2466,46169.865857847224,C1C639B47425B3423A10B5D3027D0BB3,,,,,,,,,1014.264792115,159.22559618892444
17167,Ov_i9A2_L01_R0000FE05_C0000D55D,0.0,0.0289053,0.019406222,0.019406222,2,Dataset,,,306422.658861442,6463364.696020314,,2466,46169.86585971065,F98AFE267995694F2E970E7B243005DE,,,,,,,,,5808.517815835,334.88556834725665
17168,Ov_i9A2_L01_R0000FE05_C0000D55E,0.0,0.0289053,0.019406222,0.019406222,2,Dataset,,,306514.61463524,6463336.425984796,,2466,46169.86586152778,0B9C8D9E289BD47E94EF9985084FE407,,,,,,,,,3581.369789465,357.33092797399695
17175,Ov_i9A2_L01_R0000FE06_C0000D54F,0.0,0.0289053,0.019406222,0.019406222,2,Dataset,,,305026.082233651,6463412.817102532,,2466,46169.865863356485,D62546CD618A9282F54F4947AFC0CB51,,,,,,,,,1029.42397593,219.5691055298104
17176,Ov_i9A2_L01_R0000FE06_C0000D550,0.0,0.0289053,0.019406222,0.019406222,2,Dataset,,,305121.606693674,6463410.390060385,,2466,46169.86586527778,CA130B34C00E6B72620CDC97A8D484C9,,,,,,,,,527.758103165,209.47089550062068
17177,Ov_i9A2_L01_R0000FE06_C0000D551,0.0,0.0289053,0.019406222,0.019406222,2,Dataset,,,305197.439637205,6463408.463339335,,2466,46169.86586697917,1F935C2D2C12DDF75A6478EEF32E87CC,,,,,,,,,76.433382955,112.55266835468598
17178,Ov_i9A2_L01_R0000FE06_C0000D552,0.0,0.0289053,0.019406222,0.019406222,2,Dataset,,,305353.956140152,6463446.048580927,,2466,46169.86586886574,62E32B70E1F11A3E6C45CBC9C2B93C8A,,,,,,,,,4085.16839163,339.16764469261113
17179,Ov_i9A2_L01_R0000FE06_C0000D553,0.0,0.0289053,0.019406222,0.019406222,2,Dataset,,,305427.55675,6463457.21425,,2466,46169.86587076388,679FEE65BD5E82DA9A3C31BE3939671B,,,,,,,,,9872.38972801,397.4396
17180,Ov_i9A2_L01_R0000FE06_C0000D554,0.0,0.0289053,0.019406222,0.019406222,2,Dataset,,,305526.91665,6463457.21425,,2466,46169.86587275463,736EB9260A3BF83197ED38B2C3CE92EE,,,,,,,,,9872.38972801,397.4396
17184,Ov_i9A2_L01_R0000FE06_C0000D558,0.0,0.0289053,0.019406222,0.019406222,2,Dataset,,,305924.35605,6463457.21425,,2466,46169.86587466435,653D40B049B4E457C5D6C5923D2C0163,,,,,,,,,9872.38972801,397.4396
17185,Ov_i9A2_L01_R0000FE06_C0000D559,0.0,0.29109333,0.019406222,0.019406222,2,Dataset,,,306002.549826332,6463457.557204255,,2466,46169.878320358795,7121A7F672F0E5458B09E1E449BA4B78,,,,,,,,,5663.319828015,319.72042193345925
17186,Ov_i9A2_L01_R0000FE06_C0000D55A,0.0,0.0289053,0.019406222,0.019406222,2,Dataset,,,306170.383188585,6463505.329936248,,2466,46169.86587837963,97F1BFA59E9F6664FB64DB3FD5A1C4CF,,,,,,,,,16.70055123,20.335625804484792
17187,Ov_i9A2_L01_R0000FE06_C0000D55B,0.0,0.0289053,0.019406222,0.019406222,2,Dataset,,,306236.920423945,6463483.394967196,,2466,46169.865880474536,A5F8539873932CDCCDC0816C626B9B44,,,,,,,,,3720.85307092,293.2691339581805
17188,Ov_i9A2_L01_R0000FE06_C0000D55C,0.0,0.0289053,0.019406222,0.019406222,2,Dataset,,,306324.236423308,6463460.005994389,,2466,46169.86588233796,2A321E71DB987FC6B67958C9BCF1DB09,,,,,,,,,9227.71866569,377.0298724831549
17189,Ov_i9A2_L01_R0000FE06_C0000D55D,0.0,0.0289053,0.019406222,0.019406222,2,Dataset,,,306400.534856369,6463455.576555376,,2466,46169.86588417824,5596CAD176384C54422980C552122962,,,,,,,,,5755.92473207,315.2383643196484
17190,Ov_i9A2_L01_R0000FE06_C0000D55E,0.0,0.0289053,0.019406222,0.019406222,2,Dataset,,,306564.210317751,6463423.348233866,,2466,46169.865886064814,04171EA74E0562ABF53330BE453487E0,,,,,,,,,226.664519565,83.6491002758722
17191,Ov_i9A2_L01_R0000FE06_C0000D55F,0.0,0.0289053,0.019406222,0.019406222,2,Dataset,,,306571.035978997,6463440.371715003,,2466,46169.86588787037,37C543B7F6E00FFD10D01B88854AB568,,,,,,,,,12.001753705,23.018225721658467
17192,Ov_i9A2_L01_R0000FE07_C0000D552,0.0,0.0289053,0.019406222,0.019406222,2,Dataset,,,305373.577415607,6463514.591584484,,2466,46169.86588962963,71EFDAF6BC280027812A991B108B13E7,,,,,,,,,147.08279511,55.449853192122546
17193,Ov_i9A2_L01_R0000FE07_C0000D553,0.0,0.0289053,0.019406222,0.019406222,2,Dataset,,,305440.78077339,6463534.722256107,,2466,46169.86589151621,21949BAF3CF8F090367C9E6505A7C23A,,,,,,,,,4451.58034263,335.33916797212515
17194,Ov_i9A2_L01_R0000FE07_C0000D554,0.0,0.0289053,0.019406222,0.019406222,2,Dataset,,,305527.53275787,6463555.923612434,,2466,46169.865893368056,19C78A6F43A66C8CCB7CA51FB2CD7803,,,,,,,,,9732.215572595,388.0610018849858
17199,Ov_i9A2_L01_R0000FE07_C0000D559,0.0,0.0289053,0.019406222,0.019406222,2,Dataset,,,306020.500965449,6463559.858120658,,2466,46169.8658953588,D18113D3C5C8A374BEF483131C303D9F,,,,,,,,,9058.40707063,377.54908422349445
17200,Ov_i9A2_L01_R0000FE07_C0000D55A,0.0,0.0289053,0.019406222,0.019406222,2,Dataset,,,306129.856473681,6463568.472585516,,2466,46169.86589732639,7B3CC0C84C605173C1C8B60D3A3373F6,,,,,,,,,7071.189559395,391.0540280500562
17201,Ov_i9A2_L01_R0000FE07_C0000D55B,0.0,0.0289053,0.019406222,0.019406222,2,Dataset,,,306222.43565,6463556.5741,,2466,46169.865899247685,34F5F72FD43713386B835A12C88E1FD5,,,,,,,,,9872.37979202,397.4394
17202,Ov_i9A2_L01_R0000FE07_C0000D55C,0.0,0.0289053,0.019406222,0.019406222,2,Dataset,,,306321.7955,6463556.5741,,2466,46169.86590115741,99B19B4E2CB4A020745EC44808E7A958,,,,,,,,,9872.36985604,397.4392
17203,Ov_i9A2_L01_R0000FE07_C0000D55D,0.0,0.0289053,0.019406222,0.019406222,2,Dataset,,,306394.829157694,6463554.532622158,,2466,46169.86590309028,AFED87A95957B622D7501758AEF56F69,,,,,,,,,4617.458206725,292.32227643477825
17204,Ov_i9A2_L01_R0000FE08_C0000D554,0.0,0.0289053,0.019406222,0.019406222,2,Dataset,,,305550.221659432,6463638.31795297,,2466,46169.86590503472,C6EFC9B6968A323EDBF72979FD06C504,,,,,,,,,3805.58184276,299.87036554846173
17205,Ov_i9A2_L01_R0000FE08_C0000D555,0.0,0.0289053,0.019406222,0.019406222,2,Dataset,,,305626.296917039,6463655.913611312,,2466,46169.8659068287,3866DDB476722CB20F22E179C84D5CB2,,,,,,,,,9868.25204642,395.7675651884142
17209,Ov_i9A2_L01_R0000FE08_C0000D559,0.0,0.0289053,0.019406222,0.019406222,2,Dataset,,,306023.7159,6463655.93395,,2466,46169.86590857639,3B48A3BC670A4CE0CCD07593AB4FABE4,,,,,,,,,9872.37979202,397.4394
17210,Ov_i9A2_L01_R0000FE08_C0000D55A,0.0,0.0289053,0.019406222,0.019406222,2,Dataset,,,306123.07575,6463655.93395,,2466,46169.86591039351,E08CE8F7CE925B5BAD962A2CFC0533AD,,,,,,,,,9872.38972801,397.4396
17211,Ov_i9A2_L01_R0000FE08_C0000D55B,0.0,0.0289053,0.019406222,0.019406222,2,Dataset,,,306222.43565,6463655.93395,,2466,46169.865912152774,EE044B3B309FA1162680B328FA67F2C5,,,,,,,,,9872.38972801,397.4396
17212,Ov_i9A2_L01_R0000FE08_C0000D55C,0.0,0.0289053,0.019406222,0.019406222,2,Dataset,,,306320.531500715,6463654.543478223,,2466,46169.86591408565,E8F46EDEBFD6EAC9018135ED7B2F71B1,,,,,,,,,9564.07985024,383.43779874152096
17213,Ov_i9A2_L01_R0000FE08_C0000D55D,0.0,0.0289053,0.019406222,0.019406222,2,Dataset,,,306387.373059983,6463638.744332341,,2466,46169.8659159375,4186770A7F7EFC16DA66A0ED08051CAA,,,,,,,,,2269.220344875,215.3111464358001
17229,Ov_i9A2_L01_R0000FEA8_C0000D716,0.0,0.174656,0.019406222,0.019406222,2,Dataset,,,350242.135123675,6479519.8716113,,2466,46169.86591777778,CC1864C3DB0D1A5B16B9A405022B6637,,,,,,,,,30.16500649,178.0440643058375
17232,Ov_i9A2_L01_R0000FEA7_C0000D716,0.0,0.174656,0.019406222,0.019406222,2,Dataset,,,350258.132867901,6479463.83788256,,2466,46169.86591957176,125F38E14487D24CCC3576D92AE5A64B,,,,,,,,,18.137045285,207.08809146990598
17234,Ov_i9A2_L01_R0000FEA8_C0000D715,0.0,0.174656,0.019406222,0.019406222,2,Dataset,,,350181.032755286,6479512.503728302,,2466,46169.86592137731,CE3CFCAA65A73DBC9F98FEF03A5DF84A,,,,,,,,,1.114022165,21.33138328704294
17236,Ov_i9A2_L01_R0000FEA7_C0000D715,0.0,0.174656,0.019406222,0.019406222,2,Dataset,,,350131.945033614,6479450.533174344,,2466,46169.86592322917,42AD4661B3C27C3E2295F29BF3578AC8,,,,,,,,,9.789015155,133.1228925696526
17248,Ov_i9A2_L01_R0000FEA6_C0000D715,0.0,0.174656,0.019406222,0.019406222,2,Dataset,,,350151.608386219,6479329.459604263,,2466,46169.86592512731,D3E89247CAED8163D3C29979FFFDFD38,,,,,,,,,56.266720715,149.65976276764664
17253,Ov_i9A2_L01_R0000FE09_C0000D586,0.0,0.29109333,0.019406222,0.019406222,2,Dataset,,,310521.038015848,6463792.913558111,,2466,46169.86592701389,8164AB165C0B99E76BFE6EC55555AB70,,,,,,,,,1268.05735371,172.13038507338268
17254,Ov_i9A2_L01_R0000FE09_C0000D587,0.0,0.29109333,0.019406222,0.019406222,2,Dataset,,,310563.261913768,6463786.648782527,,2466,46169.86592899306,5D57B8873C933A5372B541FFD6FEEDC2,,,,,,,,,610.26894131,606.1021700021548
17255,Ov_i9A2_L01_R0000FE0A_C0000D584,0.0,0.0289053,0.019406222,0.019406222,2,Dataset,,,310340.766516115,6463900.834149481,,2466,46169.865930914355,994DE98464F8633E6BDF0B5E53903D70,,,,,,,,,80.362527715,44.37125521901189
17256,Ov_i9A2_L01_R0000FE0A_C0000D585,0.0,0.0289053,0.019406222,0.019406222,2,Dataset,,,310408.203482356,6463877.717660117,,2466,46169.8659328588,D77297821079C2B78F971DBCC8E1A174,,,,,,,,,4427.405822885,308.6167285606632
17257,Ov_i9A2_L01_R0000FE0A_C0000D586,0.0,0.0289053,0.019406222,0.019406222,2,Dataset,,,310496.295750336,6463856.176770339,,2466,46169.865934699075,DA61FDB3DB12F8622691F0F58DC76B10,,,,,,,,,9532.33390259,382.6620064309069
17258,Ov_i9A2_L01_R0000FE0A_C0000D587,0.0,0.0289053,0.019406222,0.019406222,2,Dataset,,,310588.738579577,6463861.261669421,,2466,46169.86593659723,695596DCC9EB8ED35E1519932B9CC467,,,,,,,,,8200.566147195,562.4051836751278
17259,Ov_i9A2_L01_R0000FE0A_C0000D588,0.0,0.0289053,0.019406222,0.019406222,2,Dataset,,,310664.497398563,6463888.185471945,,2466,46169.86593864583,E046BFBEFC3D3F96B54B90B029B0F188,,,,,,,,,1493.16723751,188.49127421132238
17260,Ov_i9A2_L01_R0000FE0B_C0000D581,0.0,0.0289053,0.019406222,0.019406222,2,Dataset,,,310038.92088007,6464000.193039319,,2466,46169.865940509255,E256C473A2902C3C4A4F51D82EBC6F73,,,,,,,,,133.887923015,56.09674145338735
17261,Ov_i9A2_L01_R0000FE0B_C0000D582,0.0,0.0289053,0.019406222,0.019406222,2,Dataset,,,310105.382089863,6463994.938654333,,2466,46169.86594225694,9D8D374AA80E3C1E278089760DBD03D3,,,,,,,,,1616.73457444,232.6323688243137
17262,Ov_i9A2_L01_R0000FE0B_C0000D583,0.0,0.0289053,0.019406222,0.019406222,2,Dataset,,,310207.156317279,6463977.657410987,,2466,46169.86594429398,CF9A7DA39037D93B86D8E7C2B5908387,,,,,,,,,4569.151904565,362.1059639141886
17263,Ov_i9A2_L01_R0000FE0B_C0000D584,0.0,0.0289053,0.019406222,0.019406222,2,Dataset,,,310298.677391712,6463960.751149911,,2466,46169.86594614583,9957CA520BE23ACD6FAAD9E70DA64752,,,,,,,,,8441.33974005,409.9491989724842
17264,Ov_i9A2_L01_R0000FE0B_C0000D585,0.0,0.0289053,0.019406222,0.019406222,2,Dataset,,,310395.5496,6463954.01355,,2466,46169.865947962964,973E1AB4451ED22CDC3F5BBC66CC077A,,,,,,,,,9872.37979202,397.4394
17265,Ov_i9A2_L01_R0000FE0B_C0000D586,0.0,0.0289053,0.019406222,0.019406222,2,Dataset,,,310494.90945,6463954.01355,,2466,46169.865949872685,32D242A0E39020469EB58EF47FB05DFC,,,,,,,,,9872.38972801,397.4396
17266,Ov_i9A2_L01_R0000FE0B_C0000D587,0.0,0.0289053,0.019406222,0.019406222,2,Dataset,,,310594.273917849,6463954.017930157,,2466,46169.86595189815,6D01E72C2CFF10E0E6ECD2532F7291FF,,,,,,,,,9871.31843361,451.00501663497494
17267,Ov_i9A2_L01_R0000FE0B_C0000D588,0.0,0.0289053,0.019406222,0.019406222,2,Dataset,,,310691.402198367,6463956.402058898,,2466,46169.86595375,D89ABEC142A2EE4BE802E5C6F1543317,,,,,,,,,9313.46620156,378.053107011815
17268,Ov_i9A2_L01_R0000FE0B_C0000D589,0.0,0.0289053,0.019406222,0.019406222,2,Dataset,,,310772.881933167,6463980.453243937,,2466,46169.86595554398,2C0A6B72492232BE42C02F3691FFF863,,,,,,,,,3092.76096878,271.2751182789157
17269,Ov_i9A2_L01_R0000FE0C_C0000D581,0.0,0.0289053,0.019406222,0.019406222,2,Dataset,,,310037.196300827,6464053.097366196,,2466,46169.86595737268,36BA4BC64F6BCC20EB6BBD098E252D3A,,,,,,,,,2099.927985455,237.2812108558523
17270,Ov_i9A2_L01_R0000FE0C_C0000D582,0.0,0.0289053,0.019406222,0.019406222,2,Dataset,,,310097.47005,6464053.3734,,2466,46169.865959201394,DA99A143B766DCF3A3A835268B6169B0,,,,,,,,,9872.37979202,397.4394
17271,Ov_i9A2_L01_R0000FE0C_C0000D583,0.0,0.0289053,0.019406222,0.019406222,2,Dataset,,,310196.8299,6464053.3734,,2466,46169.865961076386,CA8281A41A5F76B8C601733E76F0988A,,,,,,,,,9872.36985604,397.4392
17272,Ov_i9A2_L01_R0000FE0C_C0000D584,0.0,0.0289053,0.019406222,0.019406222,2,Dataset,,,310296.18975,6464053.3734,,2466,46169.86596302083,52E9DF77423C44BB9D162ABC698B7B76,,,,,,,,,9872.37979202,397.4394
17273,Ov_i9A2_L01_R0000FE0C_C0000D585,0.0,0.0289053,0.019406222,0.019406222,2,Dataset,,,310395.5496,6464053.3734,,2466,46169.8659649074,8A4EDF2C7EE7B7ACB95E32B1F932D445,,,,,,,,,9872.36985604,397.4392
17274,Ov_i9A2_L01_R0000FE0C_C0000D586,0.0,0.0289053,0.019406222,0.019406222,2,Dataset,,,310494.90945,6464053.3734,,2466,46169.8659668287,9A34AE1FFCE62F4B7BC44775DF717D03,,,,,,,,,9872.37979202,397.4394
17275,Ov_i9A2_L01_R0000FE0C_C0000D587,0.0,0.0289053,0.019406222,0.019406222,2,Dataset,,,310594.2693,6464053.3734,,2466,46169.86596873842,EB02471B156261DF053757B232A0B088,,,,,,,,,9872.36985604,397.4392
17276,Ov_i9A2_L01_R0000FE0C_C0000D588,0.0,0.0289053,0.019406222,0.019406222,2,Dataset,,,310693.62915,6464053.3734,,2466,46169.8659705787,A1BB7A7AD6B77969E16844810E964D42,,,,,,,,,9872.37979202,397.4394
17277,Ov_i9A2_L01_R0000FE0C_C0000D589,0.0,0.0289053,0.019406222,0.019406222,2,Dataset,,,310792.671962492,6464053.478734835,,2466,46169.865972534724,5102833AF30CBE6D8B8028B1966400EC,,,,,,,,,9805.651511085,388.0657252152158
17278,Ov_i9A2_L01_R0000FE0C_C0000D58A,0.0,0.0289053,0.019406222,0.019406222,2,Dataset,,,310860.172434963,6464052.068915446,,2466,46169.86597457176,D13E0F9E99AF0B74CA82DDFB6F5BB3B8,,,,,,,,,2101.864935515,386.0292339779889
17279,Ov_i9A2_L01_R0000FE0D_C0000D581,0.0,0.0289053,0.019406222,0.019406222,2,Dataset,,,310041.16786877,6464122.384631768,,2466,46169.8783217824,60FEE7768DE9A3213677030AB7D8F762,,,,,,,,,564.37129462,118.35664831928891
17280,Ov_i9A2_L01_R0000FE0D_C0000D582,0.0,0.0289053,0.019406222,0.019406222,2,Dataset,,,310102.645223171,6464147.438377878,,2466,46169.87832324074,D3BBB2710A735AE0BE6A79FA7A1323D0,,,,,,,,,8489.898464245,366.78797863271353
17281,Ov_i9A2_L01_R0000FE0D_C0000D583,0.0,0.0289053,0.019406222,0.019406222,2,Dataset,,,310196.8299,6464152.73325,,2466,46169.8659800463,69F56C075453A318598D8395E8DC3D28,,,,,,,,,9872.37979202,397.4394
17282,Ov_i9A2_L01_R0000FE0D_C0000D584,0.0,0.0289053,0.019406222,0.019406222,2,Dataset,,,310296.18975,6464152.73325,,2466,46169.8659819213,7DA675588678C502C82631E9F3F3864F,,,,,,,,,9872.38972801,397.4396
17283,Ov_i9A2_L01_R0000FE0D_C0000D585,0.0,0.0289053,0.019406222,0.019406222,2,Dataset,,,310395.5496,6464152.73325,,2466,46169.86598375,9DF17A785CA8B2F4B20256108D979961,,,,,,,,,9872.37979202,397.4394
17284,Ov_i9A2_L01_R0000FE0D_C0000D586,0.0,0.0289053,0.019406222,0.019406222,2,Dataset,,,310494.90945,6464152.73325,,2466,46169.86598565972,8CF61B63FEFE07954F8DA2041015DB75,,,,,,,,,9872.38972801,397.4396
17285,Ov_i9A2_L01_R0000FE0D_C0000D587,0.0,0.0289053,0.019406222,0.019406222,2,Dataset,,,310594.2693,6464152.73325,,2466,46169.86598756945,B017DE72B7F3CB4BAB4362E362F83CFF,,,,,,,,,9872.37979202,397.4394
17286,Ov_i9A2_L01_R0000FE0D_C0000D588,0.0,0.0289053,0.019406222,0.019406222,2,Dataset,,,310693.62760933,6464152.731709814,,2466,46169.86598953704,A6363369D29E9B1F7EB7036198EBEF74,,,,,,,,,9872.08200353,396.9803324247788
17287,Ov_i9A2_L01_R0000FE0D_C0000D589,0.0,0.0289053,0.019406222,0.019406222,2,Dataset,,,310774.271152723,6464135.903906313,,2466,46169.86599152778,707A24955C585CFD8E849F568F736AFE,,,,,,,,,4577.04992081,326.8643764418425
17288,Ov_i9A2_L01_R0000FE0E_C0000D582,0.0,0.0289053,0.019406222,0.019406222,2,Dataset,,,310130.5814667,6464209.0135173,,2466,46169.87832469907,17BE5A7A0035536E485A7B4BAE5BD620,,,,,,,,,491.491410225,115.84307851637027
17289,Ov_i9A2_L01_R0000FE0E_C0000D583,0.0,0.0289053,0.019406222,0.019406222,2,Dataset,,,310209.96937225,6464245.091552716,,2466,46169.878329120365,11C1B64D900EBA58BAB967C23162C4B7,,,,,,,,,6773.96610955,373.0530333409857
17290,Ov_i9A2_L01_R0000FE0E_C0000D584,0.0,0.0289053,0.019406222,0.019406222,2,Dataset,,,310296.18975,6464252.0931,,2466,46169.86599775463,3B0FA927F7838DA81B2571773A92C634,,,,,,,,,9872.37979202,397.4394
17291,Ov_i9A2_L01_R0000FE0E_C0000D585,0.0,0.0289053,0.019406222,0.019406222,2,Dataset,,,310395.5496,6464252.0931,,2466,46169.86599953703,71417B4226333B9DAC8AA0115E12FBDC,,,,,,,,,9872.36985604,397.4392
17292,Ov_i9A2_L01_R0000FE0E_C0000D586,0.0,0.0289053,0.019406222,0.019406222,2,Dataset,,,310494.90945,6464252.0931,,2466,46169.866001296294,57DE9D5E6D0695A1546E667EAFA5A01E,,,,,,,,,9872.37979202,397.4394
17293,Ov_i9A2_L01_R0000FE0E_C0000D587,0.0,0.0289053,0.019406222,0.019406222,2,Dataset,,,310594.2693,6464252.0931,,2466,46169.866003206014,33DB7428E3E1E2274E4AF4B8D62B61C4,,,,,,,,,9872.36985604,397.4392
17294,Ov_i9A2_L01_R0000FE0E_C0000D588,0.0,0.0289053,0.019406222,0.019406222,2,Dataset,,,310676.89419218,6464237.116577029,,2466,46169.86600501157,8CCF59BD4E2B826561487200D4882C14,,,,,,,,,5144.299014415,339.4453674999323
17295,Ov_i9A2_L01_R0000FE0F_C0000D583,0.0,0.0289053,0.019406222,0.019406222,2,Dataset,,,310226.926513019,6464341.623929921,,2466,46169.8783305324,D12D32ABCD404B8536BDA8B502F25ECA,,,,,,,,,3386.06241313,258.8344493114213
17296,Ov_i9A2_L01_R0000FE0F_C0000D584,0.0,0.0289053,0.019406222,0.019406222,2,Dataset,,,310296.297567917,6464351.341650021,,2466,46169.87833190972,BC33AB77312E7C058F169C71A5747D8B,,,,,,,,,9849.578606205,393.76122985215983
17297,Ov_i9A2_L01_R0000FE0F_C0000D585,0.0,0.0289053,0.019406222,0.019406222,2,Dataset,,,310395.5496,6464351.45295,,2466,46169.86601068287,C47A9CAFEDE1632620711044A70E0042,,,,,,,,,9872.37979202,397.4394
17298,Ov_i9A2_L01_R0000FE0F_C0000D586,0.0,0.0289053,0.019406222,0.019406222,2,Dataset,,,310494.90945,6464351.45295,,2466,46169.86601253472,C91605BFDEFF5B05E34E3C11068306C8,,,,,,,,,9872.38972801,397.4396
17299,Ov_i9A2_L01_R0000FE0F_C0000D587,0.0,0.0289053,0.019406222,0.019406222,2,Dataset,,,310579.600871548,6464337.878218446,,2466,46169.86601430555,1AB8FB5FDF8F6464FB0011FC8DEDCE6D,,,,,,,,,5683.260573115,343.0683440333462
17300,Ov_i9A2_L01_R0000FE0F_C0000D588,0.0,0.0289053,0.019406222,0.019406222,2,Dataset,,,310645.599409327,6464303.523866671,,2466,46169.866016099535,12BFE59BEF6CF80BA51A0738C822F50F,,,,,,,,,13.0018343,17.420938840767807
17301,Ov_i9A2_L01_R0000FE10_C0000D584,0.0,0.0289053,0.019406222,0.019406222,2,Dataset,,,310315.875163001,6464416.698427599,,2466,46169.87833324074,626597D916C5EFA339E46E75AE27FADB,,,,,,,,,2100.96357062,238.05898967183185
17302,Ov_i9A2_L01_R0000FE10_C0000D585,0.0,0.0289053,0.019406222,0.019406222,2,Dataset,,,310400.515402739,6464437.638948697,,2466,46169.86601971065,0C723227823E48C5EC3A32EBB5E246E5,,,,,,,,,7027.857446385,336.6992283879621
17303,Ov_i9A2_L01_R0000FE10_C0000D586,0.0,0.0289053,0.019406222,0.019406222,2,Dataset,,,310480.400868498,6464427.373545098,,2466,46169.866021423615,103BA8B59F2363AEEDE47D51B42A1161,,,,,,,,,4152.14569312,306.6919629524996
17304,Ov_i9A2_L01_R0000FE10_C0000D587,0.0,0.0289053,0.019406222,0.019406222,2,Dataset,,,310546.95428443,6464402.872491756,,2466,46169.866023182876,4345A7CD6FAB087E605993DD80DB8DBA,,,,,,,,,18.51270056,21.12091975377654
17310,Ov_i9A2_L01_R0000FE09_C0000D565,0.0,0.0289053,0.019406222,0.019406222,2,Dataset,,,307223.004323107,6463773.812933437,,2466,46169.866025057876,987CD2BF4A35CFFCAFD7C1BAA243D408,,,,,,,,,49.17158759,189.13783324223516
17311,Ov_i9A2_L01_R0000FE0A_C0000D564,0.0,0.0289053,0.019406222,0.019406222,2,Dataset,,,307147.657845578,6463844.925863577,,2466,46169.86602678241,73E79EAD2B2CD7AF17CCB0322A8B0FF9,,,,,,,,,301.0137878,100.57052617402904
17312,Ov_i9A2_L01_R0000FE0A_C0000D565,0.0,0.0289053,0.019406222,0.019406222,2,Dataset,,,307194.548013988,6463831.714539777,,2466,46169.8660284838,1D2F0214DC91184305B67BAFC32B79BF,,,,,,,,,329.83230817,173.04805199289837
17313,Ov_i9A2_L01_R0000FE08_C0000D561,0.0,0.0289053,0.019406222,0.019406222,2,Dataset,,,306832.087062534,6463635.347492319,,2466,46169.8660303125,0E7B896C1C53C5BF1FDF018A9A57430D,,,,,,,,,126.86117875,187.7417104247753
17314,Ov_i9A2_L01_R0000FE09_C0000D561,0.0,0.0289053,0.019406222,0.019406222,2,Dataset,,,306802.46537305,6463767.300106424,,2466,46169.86603204861,673FC5EC01EBDC8258AEC4A52EDE7150,,,,,,,,,173.63878234,239.9781799119316
17317,Ov_i9A2_L01_R0000FE08_C0000D562,0.0,0.0289053,0.019406222,0.019406222,2,Dataset,,,306875.251468566,6463640.71920071,,2466,46169.86603376157,7071DDCA8CC70A3EAC7A6BEEC50FF50F,,,,,,,,,28.3793521,86.62980666225783
17318,Ov_i9A2_L01_R0000FE09_C0000D562,0.0,0.0289053,0.019406222,0.019406222,2,Dataset,,,306937.625500152,6463760.734507591,,2466,46169.866035439816,EEFACD634D7942E68573CD789311F283,,,,,,,,,161.1766354,242.0742607669818
17319,Ov_i9A2_L01_R0000FE09_C0000D563,0.0,0.0289053,0.019406222,0.019406222,2,Dataset,,,306972.73918808,6463799.519207258,,2466,46169.86603728009,481BA08D90F5825FD294092F35C04A52,,,,,,,,,36.834810135,36.68587004658162
17320,Ov_i9A2_L01_R0000FE0A_C0000D563,0.0,0.0289053,0.019406222,0.019406222,2,Dataset,,,306984.449957634,6463812.552638049,,2466,46169.866038912034,FFD5EDF46DC827CD6717A59B7765DF7C,,,,,,,,,55.592423925,48.56811038403101
17321,Ov_i9A2_L01_R0000FE09_C0000D564,0.0,0.0289053,0.019406222,0.019406222,2,Dataset,,,307153.37849349,6463791.7175904,,2466,46169.86604059028,B4019D6B03A9DC27463BDCC07901A756,,,,,,,,,75.80077519,51.99074385513286
17322,Ov_i9A2_L01_R0000FE07_C0000D55E,0.0,0.0289053,0.019406222,0.019406222,2,Dataset,,,306543.101667896,6463565.537348818,,2466,46169.8660425,F991B21D74BB6A3DA0623FD5553CA38C,,,,,,,,,173.42576474,209.69638422421545
17323,Ov_i9A2_L01_R0000FE08_C0000D55E,0.0,0.0289053,0.019406222,0.019406222,2,Dataset,,,306533.407196986,6463639.422583296,,2466,46169.86604429398,243B00ED02529F154F1C17695F98B899,,,,,,,,,163.671131,221.5188597514132
17327,Ov_i9A2_L01_R0000FE07_C0000D55F,0.0,0.0289053,0.019406222,0.019406222,2,Dataset,,,306615.956846057,6463568.245369494,,2466,46169.86604613426,336B819312B3E106EA0CB5A3BA5ED681,,,,,,,,,120.674934065,226.60909040091644
17328,Ov_i9A2_L01_R0000FE08_C0000D55F,0.0,0.0289053,0.019406222,0.019406222,2,Dataset,,,306634.426247214,6463657.408301936,,2466,46169.866047881944,2CDD5752E20658677EDE1AB4C6D8CF4F,,,,,,,,,183.14687242,204.67383060635714
17336,Ov_i9A2_L01_R0000FE08_C0000D563,0.0,0.0289053,0.019406222,0.019406222,2,Dataset,,,306970.555629901,6463678.639560282,,2466,46169.866049675926,E010AE780FBD146639B3D8F9F82908AA,,,,,,,,,1.69528969,13.134357581878206
17337,Ov_i9A2_L01_R0000FE07_C0000D560,0.0,0.0289053,0.019406222,0.019406222,2,Dataset,,,306695.029289525,6463564.041409671,,2466,46169.86605152778,63947274E012F2FF775051361EB4FECB,,,,,,,,,64.40863743,168.02742907924915
17338,Ov_i9A2_L01_R0000FE08_C0000D560,0.0,0.0289053,0.019406222,0.019406222,2,Dataset,,,306698.700830867,6463634.699028149,,2466,46169.86605350694,9EF19FD50FE599B9F7E7662347C45F18,,,,,,,,,30.899017325,128.64062176062487
17343,Ov_i9A2_L01_R0000FE07_C0000D565,0.0,0.0289053,0.019406222,0.019406222,2,Dataset,,,307211.699890075,6463551.58520186,,2466,46169.86605539352,00C8DD57F6B0A512770685E0DD31760B,,,,,,,,,66.49474892,186.19439105694974
17345,Ov_i9A2_L01_R0000FE06_C0000D565,0.0,0.0289053,0.019406222,0.019406222,2,Dataset,,,307246.295499509,6463479.898575946,,2466,46169.86605723379,34715CEA14072B52E17872253068ED6A,,,,,,,,,189.15368897,143.2678572528029
17346,Ov_i9A2_L01_R0000FE06_C0000D566,0.0,0.0289053,0.019406222,0.019406222,2,Dataset,,,307281.72227323,6463428.456918758,,2466,46169.86605886574,A7E04B9A745546DE80BD1DF0B5DD05F5,,,,,,,,,289.728241915,126.79982684931161
17348,Ov_i9A2_L01_R0000FE06_C0000D563,0.0,0.0289053,0.019406222,0.019406222,2,Dataset,,,307051.43876164,6463451.629965675,,2466,46169.866060625,28BA66583D982B6AE0FCF5382A4531C5,,,,,,,,,309.913812085,124.67327540107996
17349,Ov_i9A2_L01_R0000FE06_C0000D564,0.0,0.0289053,0.019406222,0.019406222,2,Dataset,,,307081.902593794,6463464.732321279,,2466,46169.86606237268,C52F23DD917D8C61C78DCF891B3AC324,,,,,,,,,490.055413875,95.13897285296048
17350,Ov_i9A2_L01_R0000FE01_C0000D564,0.0,0.0289053,0.019406222,0.019406222,2,Dataset,,,307098.495995414,6463008.322193676,,2466,46169.86606403935,4B7650B0B1E018298BA30D9BDCE245AB,,,,,,,,,112.81425644,87.10399549954383
17351,Ov_i9A2_L01_R0000FE02_C0000D563,0.0,0.0289053,0.019406222,0.019406222,2,Dataset,,,307030.284072624,6463073.930431677,,2466,46169.86606583333,7A18016BD934751C862228935EED1967,,,,,,,,,4641.7655348,321.99200644765733
17352,Ov_i9A2_L01_R0000FE02_C0000D564,0.0,0.0289053,0.019406222,0.019406222,2,Dataset,,,307108.502600585,6463035.614842351,,2466,46169.86606760417,4EA12A69BC1358BE959690F410627649,,,,,,,,,3449.72823297,362.79253775154666
17353,Ov_i9A2_L01_R0000FE02_C0000D565,0.0,0.0289053,0.019406222,0.019406222,2,Dataset,,,307199.844169947,6463078.699083963,,2466,46169.86606929398,2C8ABCD68F77AB6547E606D9A71477DC,,,,,,,,,3485.77958579,263.6019540849691
17354,Ov_i9A2_L01_R0000FE03_C0000D562,0.0,0.0289053,0.019406222,0.019406222,2,Dataset,,,306941.071992075,6463172.287991893,,2466,46169.86607094907,3108B2E2F25DEC6AEE3DA191EF52BF93,,,,,,,,,3959.543209565,293.3159054142139
17355,Ov_i9A2_L01_R0000FE03_C0000D563,0.0,0.0289053,0.019406222,0.019406222,2,Dataset,,,306989.990025644,6463132.700093715,,2466,46169.866072627316,4EAE4E0428B35844388A7113006D2282,,,,,,,,,2336.048600395,246.5855005369149
17356,Ov_i9A2_L01_R0000FE03_C0000D565,0.0,0.0289053,0.019406222,0.019406222,2,Dataset,,,307238.455024539,6463152.513316224,,2466,46169.86607428241,617F2AEF607E61BC4EA627E1A67358F1,,,,,,,,,4460.13331369,296.89740620356037
17357,Ov_i9A2_L01_R0000FE03_C0000D566,0.0,0.0289053,0.019406222,0.019406222,2,Dataset,,,307271.243036235,6463190.251382357,,2466,46169.866075949074,0D58C7ADF2686211E30838DCA724A8F2,,,,,,,,,461.856809965,130.38365845915968
17358,Ov_i9A2_L01_R0000FE04_C0000D562,0.0,0.0289053,0.019406222,0.019406222,2,Dataset,,,306920.305327232,6463226.515538529,,2466,46169.86607771991,4B66D856ED0A94B0278C94F06A6D8A34,,,,,,,,,2089.088894255,195.28896078542195
17359,Ov_i9A2_L01_R0000FE04_C0000D565,0.0,0.0289053,0.019406222,0.019406222,2,Dataset,,,307257.75623503,6463225.426138436,,2466,46169.866079467596,8CFA8505186BD905C6583A51EC238A17,,,,,,,,,594.86570554,128.9719907603783
17360,Ov_i9A2_L01_R0000FE04_C0000D566,0.0,0.0289053,0.019406222,0.019406222,2,Dataset,,,307284.645523311,6463260.413254426,,2466,46169.86608119213,886C4AE68111E08E574746A8FAFE5654,,,,,,,,,2530.69630136,247.5160885577933
17361,Ov_i9A2_L01_R0000FE05_C0000D566,0.0,0.0289053,0.019406222,0.019406222,2,Dataset,,,307298.860815532,6463341.610378245,,2466,46169.866082928245,5596DCF1C697BD8557AFE84B37591E71,,,,,,,,,740.29740481,243.6710358756471
17363,Ov_i9A2_L01_R0000FE05_C0000D562,0.0,0.0289053,0.019406222,0.019406222,2,Dataset,,,306965.132823947,6463404.895401401,,2466,46169.866084548616,746CED29D005A059C8D35772DD0B0FDE,,,,,,,,,6.74476689,13.642404462604562
17364,Ov_i9A2_L01_R0000FE05_C0000D563,0.0,0.0289053,0.019406222,0.019406222,2,Dataset,,,306968.341432947,6463406.979814135,,2466,46169.866086250004,68E4F9215DE7FB5D68F5C1D1EE58C00C,,,,,,,,,1.305181435,5.61808263073972
17365,Ov_i9A2_L01_R0000FE02_C0000D57E,0.0,0.29109333,0.019406222,0.019406222,2,Dataset,,,309726.503066936,6463072.249858504,,2466,46169.86608797454,DBFC38CA79D86512AE3FEBFE880A7B70,,,,,,,,,1348.94628305,185.8744446717461
17366,Ov_i9A2_L01_R0000FE02_C0000D57F,0.0,0.0289053,0.019406222,0.019406222,2,Dataset,,,309778.807570134,6463038.822829627,,2466,46169.866089861105,2F09E3E872FE37227F7DE4BC76CC8730,,,,,,,,,1304.311436095,247.52559340522774
17368,Ov_i9A2_L01_R0000FDFF_C0000D580,0.0,0.0289053,0.019406222,0.019406222,2,Dataset,,,309892.421784222,6462782.070219216,,2466,46169.86609206018,8B449102EE66E47DC452871BE67E6CD0,,,,,,,,,3241.73415639,256.44640897920505
17369,Ov_i9A2_L01_R0000FE00_C0000D57F,0.0,0.0289053,0.019406222,0.019406222,2,Dataset,,,309845.946346951,6462832.121026824,,2466,46169.866093854165,479047B50F79BBBFFC09B7971B897DD7,,,,,,,,,141.088614385,62.3588676227581
17370,Ov_i9A2_L01_R0000FE00_C0000D580,0.0,0.0289053,0.019406222,0.019406222,2,Dataset,,,309905.622963665,6462858.442226759,,2466,46169.86609565972,5F195C8A6644E7241C302BD622F23C05,,,,,,,,,5666.67324747,398.91909600957473
17371,Ov_i9A2_L01_R0000FE00_C0000D581,0.0,0.0289053,0.019406222,0.019406222,2,Dataset,,,309948.646452409,6462909.867166205,,2466,46169.86609730324,236085AF36C00FCF6A7D4C3342972288,,,,,,,,,0.844520165,5.935227420603671
17372,Ov_i9A2_L01_R0000FE01_C0000D57F,0.0,0.0289053,0.019406222,0.019406222,2,Dataset,,,309816.39392551,6462985.151669518,,2466,46169.86609903935,5460B36E71DA3F19942D80445648A16B,,,,,,,,,3242.78788877,231.6716353244511
17373,Ov_i9A2_L01_R0000FE01_C0000D580,0.0,0.0289053,0.019406222,0.019406222,2,Dataset,,,309902.552116539,6462951.886659387,,2466,46169.86610079861,36360E17DD06D25B0E2B34AE6D0B5551,,,,,,,,,5065.475930735,351.5113954015409
17374,Ov_i9A2_L01_R0000FE01_C0000D581,0.0,0.0289053,0.019406222,0.019406222,2,Dataset,,,309952.149729656,6462941.139959251,,2466,46169.86610260417,617D0E523E4C2D7AA0CB17D1FDD9BC85,,,,,,,,,299.893905565,107.46432403843608
17376,Ov_i9A2_L01_R0000FDFF_C0000D53D,0.0,0.0289053,0.019406222,0.019406222,2,Dataset,,,303276.089089384,6462760.536802016,,2466,46169.866104340275,AC407FD15CE38408C4D8F2A0F7630A5F,,,,,,,,,47.477144205,123.78240583382032
17377,Ov_i9A2_L01_R0000FDFF_C0000D53E,0.0,0.0289053,0.019406222,0.019406222,2,Dataset,,,303309.79182151,6462791.375494663,,2466,46169.86610612269,90D722E314943C707418EBF285AEEB9F,,,,,,,,,61.45177743,112.36365127845032
17378,Ov_i9A2_L01_R0000FE00_C0000D53E,0.0,0.0289053,0.019406222,0.019406222,2,Dataset,,,303352.38244487,6462830.847133569,,2466,46169.86610775463,C1972BDCBDCE651D1CFBD1E23320C6E9,,,,,,,,,37.826466255,152.60550643822683
17379,Ov_i9A2_L01_R0000FDFE_C0000D582,0.0,0.0289053,0.019406222,0.019406222,2,Dataset,,,310125.412190342,6462695.935385002,,2466,46169.86610943287,D218AB5A9EABF96AA689AE0DD34B3F64,,,,,,,,,36.41915299,139.2184349356241
17380,Ov_i9A2_L01_R0000FDFF_C0000D582,0.0,0.0289053,0.019406222,0.019406222,2,Dataset,,,310140.107229573,6462724.767703524,,2466,46169.86611113426,50B01425C3EDFDCACC532BDFFD24A136,,,,,,,,,25.38523837,62.232609626393035
17381,Ov_i9A2_L01_R0000FDFF_C0000D583,0.0,0.0289053,0.019406222,0.019406222,2,Dataset,,,310162.574379617,6462768.573178374,,2466,46169.866113020835,B498E1AF19F18EE073555FA2B22C983D,,,,,,,,,40.778233715,165.7440294518731
17382,Ov_i9A2_L01_R0000FE00_C0000D583,0.0,0.29109333,0.019406222,0.019406222,2,Dataset,,,310190.187482183,6462822.432289463,,2466,46169.86611482639,9081340FD36C8B0584029137AEE6779D,,,,,,,,,4.421615645,74.81952613944249
17383,Ov_i9A2_L01_R0000FDFE_C0000D53C,0.0,0.0289053,0.019406222,0.019406222,2,Dataset,,,303151.93978239,6462642.86640201,,2466,46169.86611672454,83713F8B4519FFFB08FDEDEF0262582F,,,,,,,,,367.846531995,194.790488406637
17384,Ov_i9A2_L01_R0000FDFE_C0000D53D,0.0,0.0289053,0.019406222,0.019406222,2,Dataset,,,303197.785659143,6462688.892978719,,2466,46169.8661184838,CD1A908162D5900D3CF12A501BD57A20,,,,,,,,,12.5301998,49.8677080167443
17387,Ov_i9A2_L01_R0000FDFC_C0000D53A,0.0,0.0289053,0.019406222,0.019406222,2,Dataset,,,302954.365316833,6462448.516653412,,2466,46169.866120289356,A98FD1CF824B1FF2035FDE66F26EEEC6,,,,,,,,,13.87543059,174.81554120234094
17388,Ov_i9A2_L01_R0000FDFC_C0000D53B,0.0,0.0289053,0.019406222,0.019406222,2,Dataset,,,303000.306189742,6462508.044272185,,2466,46169.866121990744,AC50D30C984EAF3DEE6756D1F21EE542,,,,,,,,,5.23045313,35.57695989526453
17389,Ov_i9A2_L01_R0000FDFD_C0000D53B,0.0,0.0289053,0.019406222,0.019406222,2,Dataset,,,303053.25683762,6462556.170063937,,2466,46169.86612381944,8A10DDD2EBAAB7FF4E0D3C416782B5C4,,,,,,,,,99.452452505,235.81308439730122
17390,Ov_i9A2_L01_R0000FDFD_C0000D53C,0.0,0.0289053,0.019406222,0.019406222,2,Dataset,,,303093.831423085,6462593.914477634,,2466,46169.86612564815,94E1A76E47F6E85F88CDDB02FC8F8B37,,,,,,,,,0.564775515,10.541343129358077
17391,Ov_i9A2_L01_R0000FDF8_C0000D53C,0.0,0.0289053,0.019406222,0.019406222,2,Dataset,,,303161.25243936,6462054.995524346,,2466,46169.86612756944,813E94F9B32F185C48F7ADA9627C00DD,,,,,,,,,146.3245901,209.16881180435212
17392,Ov_i9A2_L01_R0000FDF8_C0000D53D,0.0,0.0289053,0.019406222,0.019406222,2,Dataset,,,303235.236886577,6462074.298332172,,2466,46169.86612925926,80DE88277FD7ACDEACC393E2FB8167DE,,,,,,,,,360.024795865,232.79750226869075
17393,Ov_i9A2_L01_R0000FDF9_C0000D53D,0.0,0.0289053,0.019406222,0.019406222,2,Dataset,,,303261.177786346,6462167.060435052,,2466,46169.86613094907,1C8F9248A4DB4CC580A7B342BE85E043,,,,,,,,,462.18363524,212.65744301556032
17394,Ov_i9A2_L01_R0000FDFA_C0000D53D,0.0,0.0289053,0.019406222,0.019406222,2,Dataset,,,303281.598996564,6462261.740224919,,2466,46169.86613268519,19CA77CA74A64131262A8EA70F785186,,,,,,,,,493.844730305,208.97323424037756
17395,Ov_i9A2_L01_R0000FDFA_C0000D53E,0.0,0.0289053,0.019406222,0.019406222,2,Dataset,,,303292.941474433,6462307.254969403,,2466,46169.86613446759,147F2208917FFA275D1A097B191369AB,,,,,,,,,53.421452465,49.323003448622615
17396,Ov_i9A2_L01_R0000FDFB_C0000D53D,0.0,0.0289053,0.019406222,0.019406222,2,Dataset,,,303290.962790267,6462316.253407893,,2466,46169.86613618056,865EBFDBBCF9D1B555053B748624A48F,,,,,,,,,2.695744775,11.24866849529491
17397,Ov_i9A2_L01_R0000FDFB_C0000D53E,0.0,0.0289053,0.019406222,0.019406222,2,Dataset,,,303304.305396041,6462365.580215046,,2466,46169.86613776621,D5EB198442956DCB61224F158C39DB6C,,,,,,,,,629.651281855,214.89857480602376
17398,Ov_i9A2_L01_R0000FDFC_C0000D53E,0.0,0.0289053,0.019406222,0.019406222,2,Dataset,,,303324.471313646,6462458.157491514,,2466,46169.86613944444,5F4D227180F4CE7E22427FAB25FD3EBC,,,,,,,,,622.353300185,197.7911147689121
17399,Ov_i9A2_L01_R0000FDF6_C0000D535,0.0,0.0289053,0.019406222,0.019406222,2,Dataset,,,302427.475098245,6461914.40165095,,2466,46169.8661412037,3FFEDCF979FBA19FA0B40D078631A31D,,,,,,,,,40.2625227,46.59735333274475
17400,Ov_i9A2_L01_R0000FDF7_C0000D535,0.0,0.0289053,0.019406222,0.019406222,2,Dataset,,,302469.436389073,6461928.374367319,,2466,46169.86614289352,879A0D666A6B6F91D883542D637D31F9,,,,,,,,,102.682752885,140.08900237436774
17401,Ov_i9A2_L01_R0000FDF7_C0000D536,0.0,0.0289053,0.019406222,0.019406222,2,Dataset,,,302529.644565693,6461949.530302215,,2466,46169.86614466435,D5A1CEBFBC7C052C7B0217CA1594B411,,,,,,,,,77.989073375,218.54088419262794
17402,Ov_i9A2_L01_R0000FDF7_C0000D537,0.0,0.0289053,0.019406222,0.019406222,2,Dataset,,,302640.162744863,6461997.53594918,,2466,46169.86614641203,C856C9135D52C791DBD660DA93E9987F,,,,,,,,,44.32091507,192.85596229073457
17403,Ov_i9A2_L01_R0000FDF8_C0000D537,0.0,0.0289053,0.019406222,0.019406222,2,Dataset,,,302689.240850425,6462019.107053166,,2466,46169.86614827546,C7147754DAC8128A9F7A5B10D60C9C4F,,,,,,,,,6.28543316,27.622786318230368
17404,Ov_i9A2_L01_R0000FDF8_C0000D538,0.0,0.0289053,0.019406222,0.019406222,2,Dataset,,,302737.471183643,6462076.239456072,,2466,46169.86615009259,C09232B62FC3A24AFD25CF6E07FD4305,,,,,,,,,285.455623525,241.50268059218192
17405,Ov_i9A2_L01_R0000FDF9_C0000D538,0.0,0.0289053,0.019406222,0.019406222,2,Dataset,,,302780.418261134,6462137.808107289,,2466,46169.8661518287,653CEE708B99E1CB65FB8ECDAB3B5B88,,,,,,,,,213.24146575,115.19224990517327
17406,Ov_i9A2_L01_R0000FDF9_C0000D539,0.0,0.0289053,0.019406222,0.019406222,2,Dataset,,,302815.483921769,6462187.752722125,,2466,46169.866153668976,5431D4C8A0B52F9EDE73CDC941AE9730,,,,,,,,,375.77329183,155.4287600140129
17407,Ov_i9A2_L01_R0000FDFA_C0000D539,0.0,0.0289053,0.019406222,0.019406222,2,Dataset,,,302855.496001759,6462246.320911448,,2466,46169.86615548611,F18E091372AE1F8579682419EC46027F,,,,,,,,,460.6826858,238.57699782683264
17409,Ov_i9A2_L01_R0000FDFB_C0000D53A,0.0,0.0289053,0.019406222,0.019406222,2,Dataset,,,302912.882462818,6462360.893940413,,2466,46169.86615769676,22EF17B0A4212BE0ACCB73A99BF71514,,,,,,,,,40.58034675,210.74237719359598
17412,Ov_i9A2_L01_R0000FDF4_C0000D51F,0.0,0.0289053,0.019406222,0.019406222,2,Dataset,,,300279.68885781,6461711.59195581,,2466,46169.86615994213,DEAA5C5A63DA54224EB8555F7F272B0C,,,,,,,,,947.00882694,207.7250393626258
17413,Ov_i9A2_L01_R0000FDF4_C0000D520,0.0,0.0289053,0.019406222,0.019406222,2,Dataset,,,300365.990168465,6461702.041339113,,2466,46169.86616160879,89E2366E688FF8ECB7145E36C980E87C,,,,,,,,,3126.88075263,264.06471386440745
17414,Ov_i9A2_L01_R0000FDF4_C0000D521,0.0,0.0289053,0.019406222,0.019406222,2,Dataset,,,300460.777781782,6461693.099499182,,2466,46169.866163321756,0591C8064701F77578F2E2434A660C6B,,,,,,,,,4999.65287676,290.1386459041185
17415,Ov_i9A2_L01_R0000FDF4_C0000D522,0.0,0.0289053,0.019406222,0.019406222,2,Dataset,,,300548.573148302,6461702.548887893,,2466,46169.86616503472,4A74117637EF5F4EF3D61F6FEF3BF71C,,,,,,,,,2789.94397936,260.89605438929476
17416,Ov_i9A2_L01_R0000FDF4_C0000D523,0.0,0.0289053,0.019406222,0.019406222,2,Dataset,,,300618.538004775,6461714.907273808,,2466,46169.866166875,59B0B911A5DA22BC9C3943F9D8E8FDA2,,,,,,,,,156.89116261,71.93928362605725
17417,Ov_i9A2_L01_R0000FDF5_C0000D51A,0.0,0.0289053,0.019406222,0.019406222,2,Dataset,,,299798.849883956,6461814.48428705,,2466,46169.86616868056,71802F8DEC18E05ED844788FE7DA52C7,,,,,,,,,220.379435795,100.2070621536441
17418,Ov_i9A2_L01_R0000FDF5_C0000D51B,0.0,0.0289053,0.019406222,0.019406222,2,Dataset,,,299872.12859797,6461806.374824984,,2466,46169.86617046296,CC473B42EA2CB37456401F37B121B4EF,,,,,,,,,2073.90684671,242.8695138702185
17419,Ov_i9A2_L01_R0000FDF5_C0000D51C,0.0,0.0289053,0.019406222,0.019406222,2,Dataset,,,299967.012705312,6461795.874391346,,2466,46169.86617212963,0D5DE629187E41C3DD2C1CD1CCCA4221,,,,,,,,,4258.98141282,286.85271150674834
17420,Ov_i9A2_L01_R0000FDF5_C0000D51D,0.0,0.0289053,0.019406222,0.019406222,2,Dataset,,,300064.932105175,6461785.038046149,,2466,46169.86617383102,060E5DF9F819CFF4014374D4CEA4F21A,,,,,,,,,6444.048899875,330.8355138648925
17421,Ov_i9A2_L01_R0000FDF5_C0000D51E,0.0,0.0289053,0.019406222,0.019406222,2,Dataset,,,300163.581006829,6461774.120993924,,2466,46169.866175601856,AB1ECC74F05DFCF3BE14B17F42226DF6,,,,,,,,,8629.12486989,374.818589892744
17422,Ov_i9A2_L01_R0000FDF5_C0000D51F,0.0,0.0289053,0.019406222,0.019406222,2,Dataset,,,300260.869221332,6461768.122608614,,2466,46169.866177372685,1ECA531628A028A2D8923E09A51634FA,,,,,,,,,9867.18103302,396.0882721498329
17423,Ov_i9A2_L01_R0000FDF5_C0000D520,0.0,0.0289053,0.019406222,0.019406222,2,Dataset,,,300360.2041,6461768.096700001,,2466,46169.866178993056,C41B7B528743C85047EED3EA50B6D90C,,,,,,,,,9872.36985604,397.4392
17424,Ov_i9A2_L01_R0000FDF5_C0000D521,0.0,0.0289053,0.019406222,0.019406222,2,Dataset,,,300459.56395,6461768.0967,,2466,46169.86618075231,688307B06179A4ADBE1AE0004AF5548B,,,,,,,,,9872.37979202,397.4394
17425,Ov_i9A2_L01_R0000FDF5_C0000D522,0.0,0.0289053,0.019406222,0.019406222,2,Dataset,,,300558.9238,6461768.096700001,,2466,46169.86618246527,898B1F61A79F00D8E725601A443C810A,,,,,,,,,9872.36985604,397.4392
17426,Ov_i9A2_L01_R0000FDF5_C0000D523,0.0,0.0289053,0.019406222,0.019406222,2,Dataset,,,300655.772838398,6461772.028532822,,2466,46169.86618420139,A124A3CD30D91F536CC5E292655E59DC,,,,,,,,,9017.78262487,377.0796317594263
17427,Ov_i9A2_L01_R0000FDF5_C0000D524,0.0,0.0289053,0.019406222,0.019406222,2,Dataset,,,300752.545880752,6461788.268478921,,2466,46169.86618590278,1C4FEB2B1C7E59782EF2E4EC02411195,,,,,,,,,5684.29691072,319.1204811420358
17428,Ov_i9A2_L01_R0000FDF5_C0000D525,0.0,0.0289053,0.019406222,0.019406222,2,Dataset,,,300854.242921644,6461801.306175296,,2466,46169.86618765046,A6E36272D8C6EA115B6AA8846B0C82F1,,,,,,,,,3174.426251405,264.9519271134028
17430,Ov_i9A2_L01_R0000FDF6_C0000D515,0.0,0.0289053,0.019406222,0.019406222,2,Dataset,,,299314.289916562,6461916.580640296,,2466,46169.86618975694,52B9C09AF1678177D895B80FA127515C,,,,,,,,,6.59281596,17.655339072046143
17431,Ov_i9A2_L01_R0000FDF6_C0000D516,0.0,0.0289053,0.019406222,0.019406222,2,Dataset,,,299380.89166756,6461909.55756423,,2466,46169.86619148148,7F25510ADD1149C72CB56DCA2656D713,,,,,,,,,1206.720235635,225.19510516996922
17432,Ov_i9A2_L01_R0000FDF6_C0000D517,0.0,0.0289053,0.019406222,0.019406222,2,Dataset,,,299471.207246388,6461900.033918992,,2466,46169.86619325232,8C969421D91C7D057B28A708F5D3D3F6,,,,,,,,,3288.778953405,267.10482364412474
17433,Ov_i9A2_L01_R0000FDF6_C0000D518,0.0,0.0289053,0.019406222,0.019406222,2,Dataset,,,299568.637983806,6461889.614643333,,2466,46169.86619501157,9D156630DABCE4B98D042016F986CA01,,,,,,,,,5397.139938005,309.8888086027054
17434,Ov_i9A2_L01_R0000FDF6_C0000D519,0.0,0.0289053,0.019406222,0.019406222,2,Dataset,,,299667.073167351,6461878.747425732,,2466,46169.86619667824,8BFDEFC855ACEE4F525A711B94C94B7C,,,,,,,,,7576.144325555,353.6233138636311
17435,Ov_i9A2_L01_R0000FDF6_C0000D51A,0.0,0.0289053,0.019406222,0.019406222,2,Dataset,,,299765.137314845,6461869.042599292,,2466,46169.866198449075,94B3B4E25170E707CBE79CC4BB8BC60D,,,,,,,,,9540.84578137,386.6496493786863
17436,Ov_i9A2_L01_R0000FDF6_C0000D51B,0.0,0.0289053,0.019406222,0.019406222,2,Dataset,,,299863.4048,6461867.45655,,2466,46169.86620016204,1809B2E0E4CBEF79EE2481BF12956D83,,,,,,,,,9872.37979202,397.4394
17437,Ov_i9A2_L01_R0000FDF6_C0000D51C,0.0,0.0289053,0.019406222,0.019406222,2,Dataset,,,299962.76465,6461867.45655,,2466,46169.866201909725,6F05276D91322E76AE2B52BA0D316995,,,,,,,,,9872.38972801,397.4396
17438,Ov_i9A2_L01_R0000FDF6_C0000D51D,0.0,0.0289053,0.019406222,0.019406222,2,Dataset,,,300062.121556861,6461867.453554809,,2466,46169.87833474537,3F5992F5F20F5FE8C686B093E074F379,,,,,,,,,9871.783022865,397.06601155888535
17439,Ov_i9A2_L01_R0000FDF6_C0000D51E,0.0,0.0289053,0.019406222,0.019406222,2,Dataset,,,300160.314582435,6461864.059681795,,2466,46169.87833611111,00B9BB8365D3DD0CD88DF2EE02EF25A9,,,,,,,,,9182.090907865,384.4216077079567
17440,Ov_i9A2_L01_R0000FDF6_C0000D51F,0.0,0.0289053,0.019406222,0.019406222,2,Dataset,,,300259.463135227,6461857.488881849,,2466,46169.87833752315,C39234DEC320BB5DECB211D06B28B288,,,,,,,,,7873.361838045,358.0767836197338
17441,Ov_i9A2_L01_R0000FDF6_C0000D520,0.0,0.0289053,0.019406222,0.019406222,2,Dataset,,,300358.546495461,6461850.898526102,,2466,46169.87833886574,AC1C63B116CDAEC17D12750511AD8D5F,,,,,,,,,6560.06653411,331.6415844879076
17442,Ov_i9A2_L01_R0000FDF6_C0000D521,0.0,0.0289053,0.019406222,0.019406222,2,Dataset,,,300459.898785185,6461846.538692022,,2466,46169.87834023148,9CDF41E3ECF0D4C606403D9BFCE4869D,,,,,,,,,5711.93632252,319.1773157503224
17443,Ov_i9A2_L01_R0000FDF6_C0000D522,0.0,0.0289053,0.019406222,0.019406222,2,Dataset,,,300560.139572894,6461850.52106019,,2466,46169.8783416088,EBF4B1AA5E3C7C67C3D891C029CD0E2A,,,,,,,,,6495.2962233,329.9250667282733
17444,Ov_i9A2_L01_R0000FDF6_C0000D523,0.0,0.0289053,0.019406222,0.019406222,2,Dataset,,,300659.343764119,6461855.312889911,,2466,46169.878342986114,4CDFCDB039F6BE78F8EC0007D66EB38F,,,,,,,,,7449.028334985,349.1226662632395
17445,Ov_i9A2_L01_R0000FDF6_C0000D524,0.0,0.0289053,0.019406222,0.019406222,2,Dataset,,,300758.648022003,6461860.23213629,,2466,46169.87834440972,96C57187A9BADDA3413E4DB63324ACFF,,,,,,,,,8426.41064143,368.9954278155457
17446,Ov_i9A2_L01_R0000FDF6_C0000D525,0.0,0.0289053,0.019406222,0.019406222,2,Dataset,,,300854.841521729,6461864.803128278,,2466,46169.8783459838,B71D5D01FAF29F551B6A37BAFC797D38,,,,,,,,,8860.43513598,392.33965604690013
17447,Ov_i9A2_L01_R0000FDF6_C0000D526,0.0,0.0289053,0.019406222,0.019406222,2,Dataset,,,300910.17734039,6461916.773597976,,2466,46169.86622015046,18B2472CD6F601F22904940D2C15895C,,,,,,,,,5.705974465,22.108687747145296
17448,Ov_i9A2_L01_R0000FDF6_C0000D530,0.0,0.0289053,0.019406222,0.019406222,2,Dataset,,,301986.014831187,6461915.52877578,,2466,46169.86622201389,E428B6744CB7C49C914384036A88C053,,,,,,,,,98.587111655,86.86734566340836
17449,Ov_i9A2_L01_R0000FDF6_C0000D531,0.0,0.0289053,0.019406222,0.019406222,2,Dataset,,,302050.004200422,6461909.303024372,,2466,46169.86622364583,6E307C91E70B224F3500025C8BD20FE5,,,,,,,,,581.914064045,210.86396539286358
17450,Ov_i9A2_L01_R0000FDF6_C0000D532,0.0,0.0289053,0.019406222,0.019406222,2,Dataset,,,302142.1068354,6461898.811790912,,2466,46169.8662253125,A0C856E34E0628BD81620DD1F2E5ACF4,,,,,,,,,518.184402285,207.35837283115242
17451,Ov_i9A2_L01_R0000FDF6_C0000D533,0.0,0.0289053,0.019406222,0.019406222,2,Dataset,,,302244.039084205,6461899.031764962,,2466,46169.866227199076,63FC3B19BA88FA81324D773F01832815,,,,,,,,,114.06428462,201.5321471492616
17452,Ov_i9A2_L01_R0000FDF6_C0000D534,0.0,0.0289053,0.019406222,0.019406222,2,Dataset,,,302338.576797923,6461905.172470748,,2466,46169.86622914352,C8EFB3D8E5C96653E494C51C08B3A704,,,,,,,,,77.998740155,164.42201039986136
17453,Ov_i9A2_L01_R0000FDF7_C0000D512,0.0,0.29109333,0.019406222,0.019406222,2,Dataset,,,298997.257409413,6461996.702131199,,2466,46169.87834736111,56453C1918BD6977568C265A8B4EA61E,,,,,,,,,1334.54314091,167.17720586075612
17454,Ov_i9A2_L01_R0000FDF7_C0000D513,0.0,0.0289053,0.019406222,0.019406222,2,Dataset,,,299072.473427657,6461991.518997728,,2466,46169.87834872685,0DF61EBF6F02B8E5C70F6E3CEE1F8894,,,,,,,,,4777.225606755,296.45120878024323
17455,Ov_i9A2_L01_R0000FDF7_C0000D514,0.0,0.0289053,0.019406222,0.019406222,2,Dataset,,,299170.378849192,6461981.435782841,,2466,46169.86623438657,82D18356D252C4F0E2FC252236327D6E,,,,,,,,,6914.97089759,340.09570516107374
17456,Ov_i9A2_L01_R0000FDF7_C0000D515,0.0,0.0289053,0.019406222,0.019406222,2,Dataset,,,299269.128686084,6461971.059175896,,2466,46169.86623607639,2ACBC8C80A289704EE448E478BF561E8,,,,,,,,,8990.44433037,380.1638847411213
17457,Ov_i9A2_L01_R0000FDF7_C0000D516,0.0,0.0289053,0.019406222,0.019406222,2,Dataset,,,299366.6055,6461966.8164,,2466,46169.866237789356,6545E372AB6D7F27983D6F3A78C3E89C,,,,,,,,,9872.36985604,397.4392
17458,Ov_i9A2_L01_R0000FDF7_C0000D517,0.0,0.0289053,0.019406222,0.019406222,2,Dataset,,,299464.19829652,6461960.952161107,,2466,46169.87835012732,B443AFABBF72906ABFFD64FC5C789374,,,,,,,,,8669.800177645,384.7840063975908
17459,Ov_i9A2_L01_R0000FDF7_C0000D518,0.0,0.0289053,0.019406222,0.019406222,2,Dataset,,,299563.811533886,6461953.685119926,,2466,46169.87835153936,DB5669221CEB374874B51D9BDE5BE43B,,,,,,,,,7242.762298235,345.39787524027554
17460,Ov_i9A2_L01_R0000FDF7_C0000D519,0.0,0.0289053,0.019406222,0.019406222,2,Dataset,,,299662.83274178,6461947.044710451,,2466,46169.87835293982,461E154776DF8D431DE958B0193C197A,,,,,,,,,5918.66260438,318.74527612897884
17461,Ov_i9A2_L01_R0000FDF7_C0000D51A,0.0,0.0289053,0.019406222,0.019406222,2,Dataset,,,299761.658765293,6461940.417382946,,2466,46169.87835431713,05C14D7BB32D18D9333ED51B43407591,,,,,,,,,4594.57348994,292.0929885354532
17462,Ov_i9A2_L01_R0000FDF7_C0000D51B,0.0,0.0289053,0.019406222,0.019406222,2,Dataset,,,299860.052545579,6461933.819047563,,2466,46169.87835570602,5D4EE1E1FC1EBF808003FE4BF5A05486,,,,,,,,,3270.476214835,265.4402761292324
17463,Ov_i9A2_L01_R0000FDF7_C0000D51C,0.0,0.0289053,0.019406222,0.019406222,2,Dataset,,,299957.131907673,6461927.308856093,,2466,46169.87835710648,CF0DD22E74EA1AFE257720511C4A1B2A,,,,,,,,,1946.385288475,238.78798853695346
17464,Ov_i9A2_L01_R0000FDF7_C0000D51D,0.0,0.0289053,0.019406222,0.019406222,2,Dataset,,,300044.668733618,6461921.444945919,,2466,46169.87835850695,4969D2F92BCB3A8E1EE254168F0FDCCC,,,,,,,,,624.75269435,206.55519212416542
17465,Ov_i9A2_L01_R0000FDF7_C0000D525,0.0,0.0289053,0.019406222,0.019406222,2,Dataset,,,300902.534948777,6461918.634550439,,2466,46169.87835994213,2740987341D79B5BF1C881518064000D,,,,,,,,,26.063314545,25.39462972993283
17466,Ov_i9A2_L01_R0000FDF7_C0000D526,0.0,0.0289053,0.019406222,0.019406222,2,Dataset,,,300956.600826459,6461923.445274894,,2466,46169.87836126157,D0DABBD1AA4BF74C034DC02D44E7F7F1,,,,,,,,,429.13363374,207.4463598166849
17467,Ov_i9A2_L01_R0000FDF7_C0000D527,0.0,0.0289053,0.019406222,0.019406222,2,Dataset,,,301055.553653736,6461933.642062807,,2466,46169.86625569444,CECE1F9D180AC833CE1A6CA4B6AA3B62,,,,,,,,,423.6747293,208.3077091507752
17468,Ov_i9A2_L01_R0000FDF7_C0000D528,0.0,0.0289053,0.019406222,0.019406222,2,Dataset,,,301154.9100566,6461943.917979156,,2466,46169.86625748842,F261869CC57FA0E6B3084FF1F313A7F7,,,,,,,,,415.004873885,208.13341832392322
17469,Ov_i9A2_L01_R0000FDF7_C0000D529,0.0,0.0289053,0.019406222,0.019406222,2,Dataset,,,301254.266112406,6461954.193862904,,2466,46169.86625921296,099B612521E8EBA6E671D1FBDF7DE170,,,,,,,,,406.333547355,207.95870915285306
17470,Ov_i9A2_L01_R0000FDF7_C0000D52A,0.0,0.0289053,0.019406222,0.019406222,2,Dataset,,,301353.62218592,6461964.469753655,,2466,46169.86626096065,CC80700713E116EF9F29AC44269D0D12,,,,,,,,,397.665308775,207.78441832586498
17471,Ov_i9A2_L01_R0000FDF7_C0000D52B,0.0,0.0289053,0.019406222,0.019406222,2,Dataset,,,301454.291862685,6461973.743791093,,2466,46169.86626268519,41B362A29DA0240ED8412AE0EDBEF194,,,,,,,,,403.777778425,208.27098841144115
17472,Ov_i9A2_L01_R0000FDF7_C0000D52C,0.0,0.0289053,0.019406222,0.019406222,2,Dataset,,,301553.000526099,6461967.297024048,,2466,46169.86626446759,B05151ECD40B3C58B18531EB767CDA03,,,,,,,,,454.507685385,209.21618961953664
17473,Ov_i9A2_L01_R0000FDF7_C0000D52D,0.0,0.0289053,0.019406222,0.019406222,2,Dataset,,,301652.334152271,6461955.709460813,,2466,46169.866266111116,8DFB4DD84389BB05E6B84E4FF4E3BBB0,,,,,,,,,480.75107642,209.74419096204704
17474,Ov_i9A2_L01_R0000FDF7_C0000D52E,0.0,0.0289053,0.019406222,0.019406222,2,Dataset,,,301751.670742012,6461944.121524134,,2466,46169.86626789352,D11DC79834590D9692CA8406D636526E,,,,,,,,,506.99937376,210.27278987375973
17475,Ov_i9A2_L01_R0000FDF7_C0000D52F,0.0,0.0289053,0.019406222,0.019406222,2,Dataset,,,301851.009567507,6461932.533313196,,2466,46169.86626967593,9A33809E3574028B96CAB045DCDEBCB1,,,,,,,,,533.250595235,210.80118963468703
17476,Ov_i9A2_L01_R0000FDF7_C0000D530,0.0,0.0289053,0.019406222,0.019406222,2,Dataset,,,301942.721804116,6461922.103368911,,2466,46169.866271446765,328C7455C0C4AAC95CC420143C1716F2,,,,,,,,,460.91331987,206.22264559628155
17477,Ov_i9A2_L01_R0000FDF8_C0000D514,0.0,0.0289053,0.019406222,0.019406222,2,Dataset,,,299177.29994842,6462017.920159891,,2466,46169.87836273148,06472B36B696AB3C2FE67778FA0A8C9C,,,,,,,,,255.432102245,203.9040826753695
17478,Ov_i9A2_L01_R0000FDF8_C0000D515,0.0,0.0289053,0.019406222,0.019406222,2,Dataset,,,299298.785764669,6462053.735923147,,2466,46169.87836398148,4E968B12CABDC0EE0950EB44B379D2EC,,,,,,,,,2033.591543885,388.06344102935316
17479,Ov_i9A2_L01_R0000FDF8_C0000D516,0.0,0.0289053,0.019406222,0.019406222,2,Dataset,,,299366.6055,6462065.8593,,2466,46169.8662768287,17E750BE366A8398A77E4BDB1D184592,,,,,,,,,9809.3956148,396.1716
17480,Ov_i9A2_L01_R0000FDF8_C0000D517,0.0,0.0289053,0.019406222,0.019406222,2,Dataset,,,299421.382874043,6462061.394059896,,2466,46169.87836538194,7FE2CB3F662D855AFC52BDE8B8C72BCD,,,,,,,,,981.568879395,228.80424256977494
17481,Ov_i9A2_L01_R0000FDF6_C0000D539,0.0,0.0289053,0.019406222,0.019406222,2,Dataset,,,302873.069414203,6461912.299833379,,2466,46169.86628030092,B8A641B69D2592D3C28A10760925CA19,,,,,,,,,54.37084831,41.83062599848652
17482,Ov_i9A2_L01_R0000FDF7_C0000D539,0.0,0.0289053,0.019406222,0.019406222,2,Dataset,,,302885.42940183,6461925.383326137,,2466,46169.86628202546,BA64E1503867CFCF60E3F2D21FB3B3C9,,,,,,,,,100.74118949,58.902167313163915
17483,Ov_i9A2_L01_R0000FDF7_C0000D53A,0.0,0.0289053,0.019406222,0.019406222,2,Dataset,,,302905.125733525,6461944.499661546,,2466,46169.86628369213,755120292ADA75B4F2D24E3DC6E82B6E,,,,,,,,,128.3296432,80.8828597533367
17484,Ov_i9A2_L01_R0000FDF4_C0000D50E,0.0,0.0289053,0.019406222,0.019406222,2,Dataset,,,298591.583738403,6461698.672930975,,2466,46169.86628559028,6AFCDAED46ABA2EEAF766EE3371FD578,,,,,,,,,2592.688728,225.55292254069937
17485,Ov_i9A2_L01_R0000FDF4_C0000D50F,0.0,0.0289053,0.019406222,0.019406222,2,Dataset,,,298669.179482698,6461697.440172226,,2466,46169.86628736111,17F3C9116725CC93D0F3BC189F0F05DE,,,,,,,,,4140.582484215,278.654809848412
17486,Ov_i9A2_L01_R0000FDF4_C0000D510,0.0,0.0289053,0.019406222,0.019406222,2,Dataset,,,298723.825101809,6461710.619389764,,2466,46169.86628900463,DF998D1602819C682F54A4B195FE1772,,,,,,,,,107.324787585,57.6956980151649
17487,Ov_i9A2_L01_R0000FDF5_C0000D50D,0.0,0.0289053,0.019406222,0.019406222,2,Dataset,,,298499.275267029,6461791.473387172,,2466,46169.86629068287,F06128B0DE9E6E4E468920342AEF149C,,,,,,,,,2695.328315335,251.59633513399717
17488,Ov_i9A2_L01_R0000FDF5_C0000D50E,0.0,0.0289053,0.019406222,0.019406222,2,Dataset,,,298572.550631155,6461768.90641917,,2466,46169.86629247685,0D08A785188789152EACF698C15597D6,,,,,,,,,9689.562420645,386.07422020489884
17489,Ov_i9A2_L01_R0000FDF5_C0000D50F,0.0,0.0289053,0.019406222,0.019406222,2,Dataset,,,298671.0865,6461768.096700001,,2466,46169.86629413194,D86FC27F5D66492BA71036D26C919369,,,,,,,,,9872.36985604,397.4392
17490,Ov_i9A2_L01_R0000FDF5_C0000D510,0.0,0.0289053,0.019406222,0.019406222,2,Dataset,,,298737.306719999,6461779.355422856,,2466,46169.86629582176,1C8EFFFD26DA991B28B125931B8F3518,,,,,,,,,2848.064296365,263.4190993833101
17491,Ov_i9A2_L01_R0000FDF6_C0000D50C,0.0,0.29109333,0.019406222,0.019406222,2,Dataset,,,298409.285391819,6461852.529504072,,2466,46169.87836674768,40E2A7AA6226CFC905FDA74104A55297,,,,,,,,,3.796326485,76.96555535448593
17492,Ov_i9A2_L01_R0000FDF6_C0000D50D,0.0,0.0289053,0.019406222,0.019406222,2,Dataset,,,298485.246006809,6461851.274037692,,2466,46169.87836809028,3B5EB6A707EEDD445928380DDBCFFB39,,,,,,,,,5229.26119361,310.2189601016053
17493,Ov_i9A2_L01_R0000FDF6_C0000D50E,0.0,0.0289053,0.019406222,0.019406222,2,Dataset,,,298571.72665,6461854.51465,,2466,46169.87836945602,82BCAC0972A696D0FFDDA3D9BB5C2A05,,,,,,,,,7300.57794839,345.672
17494,Ov_i9A2_L01_R0000FDF6_C0000D50F,0.0,0.0289053,0.019406222,0.019406222,2,Dataset,,,298671.120578035,6461854.546559181,,2466,46169.87837082176,B5BD9D9BA7470F2CC76F777B924C93D1,,,,,,,,,7306.89359121,346.083811045362
17495,Ov_i9A2_L01_R0000FDF6_C0000D510,0.0,0.0289053,0.019406222,0.019406222,2,Dataset,,,298757.575037636,6461862.002562994,,2466,46169.87837210648,973AD1E820DB8138A938AFB90270E657,,,,,,,,,5153.729050625,348.05313931299906
17496,Ov_i9A2_L01_R0000FDF6_C0000D511,0.0,0.0289053,0.019406222,0.019406222,2,Dataset,,,298836.079142563,6461911.526020994,,2466,46169.866306400465,6F7F4C8112B7722AB8E37509B79589C5,,,,,,,,,402.762125255,114.10923365373141
17497,Ov_i9A2_L01_R0000FDF7_C0000D511,0.0,0.29109333,0.019406222,0.019406222,2,Dataset,,,298856.831305471,6461929.243024547,,2466,46169.87837346065,07A96D488AA4C5C07349ED3A367E9717,,,,,,,,,858.5345684,159.81314517274745
17501,Ov_i9A2_L01_R0000FDF7_C0000D508,0.0,0.29109333,0.019406222,0.019406222,2,Dataset,,,297975.74704777,6461923.920297371,,2466,46169.878374872686,D725A17F188C2EB81D2FED06CF416C6A,,,,,,,,,17.34116323,195.63089446865885
17502,Ov_i9A2_L01_R0000FDF5_C0000D507,0.0,0.29109333,0.019406222,0.019406222,2,Dataset,,,297896.829646146,6461787.035763687,,2466,46169.878376134264,20F2CFCFECC191C528C305E4AE66702D,,,,,,,,,3.944082165,117.48286716946723
17504,Ov_i9A2_L01_R0000FDF5_C0000D509,0.0,0.0289053,0.019406222,0.019406222,2,Dataset,,,298078.278869472,6461769.101932956,,2466,46169.878377500005,4ED6B6363BE73743E775543061A0F8C9,,,,,,,,,25.51874964,200.1755938147385
17505,Ov_i9A2_L01_R0000FDF5_C0000D50A,0.0,0.0289053,0.019406222,0.019406222,2,Dataset,,,298176.671515349,6461759.508339792,,2466,46169.87837880787,CA2D1069FB9C18572BB8D314BA06A28E,,,,,,,,,35.8423295,200.38370252434925
17506,Ov_i9A2_L01_R0000FDF5_C0000D50B,0.0,0.29109333,0.019406222,0.019406222,2,Dataset,,,298273.081546452,6461750.107651358,,2466,46169.87838033564,9BED2BBC7B63AB731C60EC2D0C28B603,,,,,,,,,43.84073013,191.95149023824857
17507,Ov_i9A2_L01_R0000FDF2_C0000D521,0.0,0.29109333,0.019406222,0.019406222,2,Dataset,,,300460.890811417,6461515.083856205,,2466,46169.87838171296,F61D3B22E605300F55962E73C3A3CACA,,,,,,,,,274.558043735,223.67157432582366
17508,Ov_i9A2_L01_R0000FDF2_C0000D522,0.0,0.0289053,0.019406222,0.019406222,2,Dataset,,,300554.329764352,6461516.579850879,,2466,46169.87838304398,B34C3F28CFC88FF247F85BAE9C5B1E6C,,,,,,,,,236.116298,413.0219488423865
17509,Ov_i9A2_L01_R0000FDF3_C0000D512,0.0,0.0289053,0.019406222,0.019406222,2,Dataset,,,298992.426155382,6461611.621108259,,2466,46169.87838436342,95821C2A5659883E92F56D4946809FB6,,,,,,,,,864.436090885,152.52708477923733
17510,Ov_i9A2_L01_R0000FDF3_C0000D513,0.0,0.0289053,0.019406222,0.019406222,2,Dataset,,,299073.882464533,6461603.777684649,,2466,46169.878385729164,F8947A623FF05C95E3674EA2469017B4,,,,,,,,,2933.95861774,259.59655760795357
17511,Ov_i9A2_L01_R0000FDF3_C0000D514,0.0,0.0289053,0.019406222,0.019406222,2,Dataset,,,299171.13823407,6461594.428596917,,2466,46169.878387060184,C4E188378F8E472EA01A9838DD5A2D29,,,,,,,,,4831.99624174,297.80187828372146
17512,Ov_i9A2_L01_R0000FDF3_C0000D515,0.0,0.0289053,0.019406222,0.019406222,2,Dataset,,,299264.905271391,6461591.434546212,,2466,46169.878388391204,1D4D1FDFB96F199A27C48E963346E98B,,,,,,,,,5302.647256115,299.2358590287093
17513,Ov_i9A2_L01_R0000FDF3_C0000D516,0.0,0.0289053,0.019406222,0.019406222,2,Dataset,,,299366.825215671,6461597.021576287,,2466,46169.87838971065,134AEBE9DC26DD7034CAE845619C509B,,,,,,,,,3428.253770135,294.5543369012677
17514,Ov_i9A2_L01_R0000FDF3_C0000D517,0.0,0.0289053,0.019406222,0.019406222,2,Dataset,,,299470.298630028,6461599.491959515,,2466,46169.87839114583,37F0397AD0AE7BCD1CB233ADEC4B2C78,,,,,,,,,3799.717789795,281.3966910658682
17515,Ov_i9A2_L01_R0000FDF3_C0000D518,0.0,0.0289053,0.019406222,0.019406222,2,Dataset,,,299568.302942921,6461588.988323764,,2466,46169.87839266204,2315EC8C266C10922DA3938B1E2AA287,,,,,,,,,5911.345124225,318.38255429126536
17516,Ov_i9A2_L01_R0000FDF3_C0000D519,0.0,0.0289053,0.019406222,0.019406222,2,Dataset,,,299625.593631824,6461596.532723531,,2466,46169.878394189815,268DFC56FD4CCDCCDBF1062AFC97E59E,,,,,,,,,1073.169253075,172.57936759896566
17517,Ov_i9A2_L01_R0000FDF3_C0000D51C,0.0,0.0289053,0.019406222,0.019406222,2,Dataset,,,300002.967117094,6461616.908843333,,2466,46169.878395625,AC061C732D2C3A59435D2E2DCC307E70,,,,,,,,,91.61176656,64.03014328770223
17518,Ov_i9A2_L01_R0000FDF3_C0000D51D,0.0,0.0289053,0.019406222,0.019406222,2,Dataset,,,300063.877000683,6461606.788696744,,2466,46169.87839699074,0C52BACC9EBC7333BC5B684CF5A5E269,,,,,,,,,1136.893581395,220.98248603898665
17519,Ov_i9A2_L01_R0000FDF3_C0000D51E,0.0,0.0289053,0.019406222,0.019406222,2,Dataset,,,300158.654161427,6461584.222459899,,2466,46169.87839853009,2612E2E555BE4DA14C2AB4629E377F4D,,,,,,,,,934.403768475,223.3268974136352
17520,Ov_i9A2_L01_R0000FDF3_C0000D51F,0.0,0.0289053,0.019406222,0.019406222,2,Dataset,,,300256.54390197,6461560.452396913,,2466,46169.87840001157,BAD6C9CE413F0E13378188B177086BFC,,,,,,,,,615.002199995,216.89770038905684
17521,Ov_i9A2_L01_R0000FDF3_C0000D520,0.0,0.0289053,0.019406222,0.019406222,2,Dataset,,,300352.609830705,6461537.097595368,,2466,46169.87840138889,75745F8E53B794B1F6C93148D828827F,,,,,,,,,303.61501707,211.35809451517872
17522,Ov_i9A2_L01_R0000FDF3_C0000D521,0.0,0.0289053,0.019406222,0.019406222,2,Dataset,,,300439.70972811,6461521.126867794,,2466,46169.87840274305,2F75FEAE9D5138B1BB41543AE8FE3A49,,,,,,,,,34.39022564,52.51782029252462
17523,Ov_i9A2_L01_R0000FDF3_C0000D522,0.0,0.0289053,0.019406222,0.019406222,2,Dataset,,,300544.751735776,6461532.962408034,,2466,46169.8784041551,0C1B7D05FC99175501D9402B6F8C1826,,,,,,,,,274.556563165,215.20735659894274
17524,Ov_i9A2_L01_R0000FDF3_C0000D523,0.0,0.0289053,0.019406222,0.019406222,2,Dataset,,,300665.943466656,6461579.551609276,,2466,46169.878405497686,1DAD6C208E56D31B06D1FF8FDC0F4385,,,,,,,,,93.74530243,233.25807105856035
17525,Ov_i9A2_L01_R0000FDF4_C0000D512,0.0,0.0289053,0.019406222,0.019406222,2,Dataset,,,298980.475141684,6461670.147570307,,2466,46169.87840677083,FE0BC2417F7D032A6C3933D9C5DBC7DB,,,,,,,,,7193.71898,340.6986401989365
17526,Ov_i9A2_L01_R0000FDF4_C0000D513,0.0,0.0289053,0.019406222,0.019406222,2,Dataset,,,299064.575195986,6461654.977026856,,2466,46169.86635363426,D0D01CAA70ED7FF3B68A52F6E462C056,,,,,,,,,7005.13718144,345.2653077278558
17527,Ov_i9A2_L01_R0000FDF4_C0000D514,0.0,0.0289053,0.019406222,0.019406222,2,Dataset,,,299158.912986638,6461638.731424821,,2466,46169.86635549769,3893332A82A7399C250E2DB38CA91AE0,,,,,,,,,3556.622883985,273.81337957063073
17528,Ov_i9A2_L01_R0000FDF4_C0000D515,0.0,0.0289053,0.019406222,0.019406222,2,Dataset,,,299249.005275175,6461622.897516065,,2466,46169.86635721065,5A792BA06857DD38E75EE326D19A70FF,,,,,,,,,480.43559586,167.3068647947338
17529,Ov_i9A2_L01_R0000FDF4_C0000D516,0.0,0.0289053,0.019406222,0.019406222,2,Dataset,,,299392.045887775,6461657.344311811,,2466,46169.86635894676,DFB146307643BFB937ADA3A44068CBFC,,,,,,,,,4125.705386375,294.0703538522795
17530,Ov_i9A2_L01_R0000FDF4_C0000D517,0.0,0.0289053,0.019406222,0.019406222,2,Dataset,,,299465.96535,6461668.73685,,2466,46169.86636071759,744D7F3DF71E29E4D5346A9416DD0085,,,,,,,,,9872.38972801,397.4396
17531,Ov_i9A2_L01_R0000FDF4_C0000D518,0.0,0.0289053,0.019406222,0.019406222,2,Dataset,,,299565.32525,6461668.73685,,2466,46169.86636255787,92AE79565998066CBF54BB4B448B66D4,,,,,,,,,9872.38972801,397.4396
17532,Ov_i9A2_L01_R0000FDF4_C0000D519,0.0,0.0289053,0.019406222,0.019406222,2,Dataset,,,299648.48827042,6461673.406862517,,2466,46169.8784081713,82D380607B4371612E0BEFF7B52BA207,,,,,,,,,5663.978742445,355.8080631914414
17533,Ov_i9A2_L01_R0000FDF4_C0000D51A,0.0,0.0289053,0.019406222,0.019406222,2,Dataset,,,299764.92311567,6461678.168232057,,2466,46169.878409490746,A5E967C20B591AED907118D748326D42,,,,,,,,,1877.16105966,241.12094378064066
17534,Ov_i9A2_L01_R0000FDF4_C0000D51B,0.0,0.0289053,0.019406222,0.019406222,2,Dataset,,,299862.134372749,6461656.195700351,,2466,46169.878410798614,76B0277B9760A2B80F41580261C8DF2A,,,,,,,,,1887.09619293,241.68089794505647
17535,Ov_i9A2_L01_R0000FDF4_C0000D51C,0.0,0.0289053,0.019406222,0.019406222,2,Dataset,,,299958.493822646,6461633.142879901,,2466,46169.87841211806,AB480D4A9BA31A59949734F938DDC69C,,,,,,,,,1481.59917785,229.01995417783706
17536,Ov_i9A2_L01_R0000FDF4_C0000D51D,0.0,0.0289053,0.019406222,0.019406222,2,Dataset,,,300022.459953005,6461621.650900336,,2466,46169.866371331016,8660D12BE736F211EBC0A9767486570F,,,,,,,,,116.909230795,68.8656200623787
17537,Ov_i9A2_L01_R0000FDF5_C0000D512,0.0,0.0289053,0.019406222,0.019406222,2,Dataset,,,298947.666687755,6461724.71448765,,2466,46169.878413460654,8CA439BB5FE246A13CBEB9ACEAEE8068,,,,,,,,,482.363233265,142.65386954677572
17538,Ov_i9A2_L01_R0000FDF5_C0000D516,0.0,0.0289053,0.019406222,0.019406222,2,Dataset,,,299411.879133974,6461726.988848473,,2466,46169.86637471065,823FC26399186E1FC7B4ADE31301A18D,,,,,,,,,169.947201355,68.7474400603309
17539,Ov_i9A2_L01_R0000FDF5_C0000D517,0.0,0.0289053,0.019406222,0.019406222,2,Dataset,,,299461.162853911,6461734.128991616,,2466,46169.86637645833,F3930FEAD1CAD8DD8EBB7DD7D456183D,,,,,,,,,3024.19472919,256.1110409830884
17540,Ov_i9A2_L01_R0000FDF5_C0000D518,0.0,0.0289053,0.019406222,0.019406222,2,Dataset,,,299549.02251896,6461725.309819537,,2466,46169.86637829861,2CF538097EEF0021CF02463DA974121E,,,,,,,,,1035.313715595,221.6554617417854
17542,Ov_i9A2_L01_R0000FDF3_C0000D535,0.0,0.0289053,0.019406222,0.019406222,2,Dataset,,,302447.394627701,6461543.557693977,,2466,46169.8663803588,14846BEE86BC394003DA66AB4AAD56B2,,,,,,,,,246.506431985,227.308490738789
17543,Ov_i9A2_L01_R0000FDF3_C0000D536,0.0,0.0289053,0.019406222,0.019406222,2,Dataset,,,302549.14867846,6461541.112695941,,2466,46169.866382141205,843F7C25914857A6EE7FA1029AAE67C6,,,,,,,,,174.377742445,203.69873201200295
17544,Ov_i9A2_L01_R0000FDF3_C0000D537,0.0,0.0289053,0.019406222,0.019406222,2,Dataset,,,302649.143788959,6461552.441941041,,2466,46169.86638380787,A4FB87A8D0A62255A65BD1CCC389563C,,,,,,,,,282.5200549,205.68065798120816
17545,Ov_i9A2_L01_R0000FDF3_C0000D538,0.0,0.0289053,0.019406222,0.019406222,2,Dataset,,,302711.294925889,6461580.914730572,,2466,46169.86638547454,5638796CB6DCBA777A1C6A29376DF540,,,,,,,,,265.264225955,166.49476704938868
17546,Ov_i9A2_L01_R0000FDF4_C0000D538,0.0,0.0289053,0.019406222,0.019406222,2,Dataset,,,302707.619815397,6461667.873524639,,2466,46169.866387222224,88641C0614346B2207AC5005CEC503A4,,,,,,,,,299.44073576,205.30508459876515
17547,Ov_i9A2_L01_R0000FDF5_C0000D538,0.0,0.0289053,0.019406222,0.019406222,2,Dataset,,,302702.411432113,6461738.600980918,,2466,46169.8663891088,0AF66C5352CF611E6B5B97E93C7EB237,,,,,,,,,118.05347508,85.96440025077634
17548,Ov_i9A2_L01_R0000FDF3_C0000D510,0.0,0.29109333,0.019406222,0.019406222,2,Dataset,,,298798.923642832,6461583.903520383,,2466,46169.878415127314,B11535981B5AC726B1D465DC66B1F130,,,,,,,,,40.548861845,183.1545679627151
17549,Ov_i9A2_L01_R0000FDF3_C0000D511,0.0,0.0289053,0.019406222,0.019406222,2,Dataset,,,298821.896205228,6461615.94194812,,2466,46169.87841658565,6B88279743E61689E0E3EF38ED0A269B,,,,,,,,,5.127105165,16.48880185237611
17550,Ov_i9A2_L01_R0000FDF4_C0000D511,0.0,0.0289053,0.019406222,0.019406222,2,Dataset,,,298847.924950401,6461659.788812032,,2466,46169.878417858796,EF12AD6C40846AA960384BEF33A8081F,,,,,,,,,46.762430775,234.56502853719286
17551,Ov_i9A2_L01_R0000FDF5_C0000D511,0.0,0.0289053,0.019406222,0.019406222,2,Dataset,,,298902.968861517,6461739.977920914,,2466,46169.87841922454,FA0C9AFC50FFA17ED9E9554237D379E7,,,,,,,,,13.20641348,99.33419774055565
17553,Ov_i9A2_L01_R0000FDF3_C0000D50D,0.0,0.29109333,0.019406222,0.019406222,2,Dataset,,,298487.02262171,6461617.353217151,,2466,46169.87842065972,EFFBC3D17904AF3BFFB56623B6EA0EC7,,,,,,,,,3.09361502,13.84399875846353
17554,Ov_i9A2_L01_R0000FDF4_C0000D50C,0.0,0.0289053,0.019406222,0.019406222,2,Dataset,,,298399.559925351,6461684.186566091,,2466,46169.87842197916,5942AB8DD17794BA2083EC04B2C64677,,,,,,,,,17.61449576,171.58604258799426
17555,Ov_i9A2_L01_R0000FDF4_C0000D50D,0.0,0.0289053,0.019406222,0.019406222,2,Dataset,,,298455.307673079,6461641.640394373,,2466,46169.87842329861,0DDF006E8E7FEC252DC8E551849580D5,,,,,,,,,41.889368615,157.78303735742102
17556,Ov_i9A2_L01_R0000FDF1_C0000D52C,0.0,0.0289053,0.019406222,0.019406222,2,Dataset,,,301561.326200242,6461357.954696901,,2466,46169.866403148146,FCDEB03E0A863529184892BD9B6F3FDA,,,,,,,,,348.313834305,185.2479936989502
17557,Ov_i9A2_L01_R0000FDF1_C0000D52D,0.0,0.0289053,0.019406222,0.019406222,2,Dataset,,,301652.885955529,6461366.714329542,,2466,46169.866404884255,B39F5DD26954273C9E46DA28865B94F0,,,,,,,,,952.02719235,419.33854859341915
17558,Ov_i9A2_L01_R0000FDF1_C0000D52E,0.0,0.0289053,0.019406222,0.019406222,2,Dataset,,,301746.478323777,6461378.501751907,,2466,46169.8664065162,57E1592EB8EA8403F9F6809E737C5B5E,,,,,,,,,857.38473051,415.8063596016787
17559,Ov_i9A2_L01_R0000FDF1_C0000D52F,0.0,0.0289053,0.019406222,0.019406222,2,Dataset,,,301832.710289296,6461378.645858498,,2466,46169.866408263886,08B7BBB4C62401433B28453848C3F917,,,,,,,,,331.8745753,293.5059937954847
17560,Ov_i9A2_L01_R0000FDF2_C0000D52F,0.0,0.0289053,0.019406222,0.019406222,2,Dataset,,,301822.500295376,6461470.063328401,,2466,46169.866409988426,420549BD0F8E20D92DCB41F3FEFAAF6F,,,,,,,,,392.47298199,206.88188450036864
17561,Ov_i9A2_L01_R0000FDF2_C0000D532,0.0,0.0289053,0.019406222,0.019406222,2,Dataset,,,302177.734799061,6461516.759218793,,2466,46169.86641159722,2857F2C53C24C97E93280D1D58F25ACA,,,,,,,,,153.08805224,127.70148537420216
17562,Ov_i9A2_L01_R0000FDF2_C0000D533,0.0,0.0289053,0.019406222,0.019406222,2,Dataset,,,302236.786071517,6461516.839826484,,2466,46169.86641329861,14F13CDCEDC9683045981AE865D41960,,,,,,,,,302.585291565,232.12760097077032
17563,Ov_i9A2_L01_R0000FDF3_C0000D52F,0.0,0.0289053,0.019406222,0.019406222,2,Dataset,,,301827.605053206,6461568.392476455,,2466,46169.866415046294,AA7236B4FC0D8E2B1039B116A7BA8C2E,,,,,,,,,383.642431235,206.42297277642263
17564,Ov_i9A2_L01_R0000FDF3_C0000D533,0.0,0.0289053,0.019406222,0.019406222,2,Dataset,,,302230.09233741,6461547.088109,,2466,46169.866416805555,EF1A3A1A7272C6C5711E2E98E8F90827,,,,,,,,,311.384849105,342.4249848488883
17565,Ov_i9A2_L01_R0000FDF4_C0000D52F,0.0,0.0289053,0.019406222,0.019406222,2,Dataset,,,301838.28304394,6461665.450483224,,2466,46169.866418541664,65464AB89739719C09367A7E2494E28C,,,,,,,,,287.853189175,302.0572777733152
17566,Ov_i9A2_L01_R0000FDF4_C0000D530,0.0,0.0289053,0.019406222,0.019406222,2,Dataset,,,301949.395394901,6461704.28609673,,2466,46169.8664203125,8E4962573616C8E48B92582C789E0F69,,,,,,,,,82.609368335,200.507217428752
17567,Ov_i9A2_L01_R0000FDF4_C0000D531,0.0,0.0289053,0.019406222,0.019406222,2,Dataset,,,302048.713131508,6461700.766941395,,2466,46169.866422060186,4EB18B0D5A3F2692A9A3EB0A49ABA668,,,,,,,,,76.95617494,200.39361730641235
17568,Ov_i9A2_L01_R0000FDF4_C0000D532,0.0,0.0289053,0.019406222,0.019406222,2,Dataset,,,302167.770224094,6461690.509286723,,2466,46169.86642388889,6C70D6B423CE6F269EEE73DE31112F5D,,,,,,,,,125.560446485,257.86008180049606
17569,Ov_i9A2_L01_R0000FDF4_C0000D533,0.0,0.0289053,0.019406222,0.019406222,2,Dataset,,,302202.773222901,6461642.183829919,,2466,46169.86642564815,7229E2836C689CF8870E6B38CD3BD730,,,,,,,,,74.85344742,104.05657077260302
17571,Ov_i9A2_L01_R0000FDF3_C0000D524,0.0,0.0289053,0.019406222,0.019406222,2,Dataset,,,300728.967064024,6461610.128539984,,2466,46169.878424675924,21851E2F3818BD63AA7BF5E8EDB7B05B,,,,,,,,,304.46141753,124.47123187138047
17572,Ov_i9A2_L01_R0000FDF4_C0000D524,0.0,0.0289053,0.019406222,0.019406222,2,Dataset,,,300776.536983173,6461628.144683208,,2466,46169.878426180556,B45D1208EA69E773C0D4229444983970,,,,,,,,,236.60021923,136.2451636529392
17573,Ov_i9A2_L01_R0000FDF4_C0000D525,0.0,0.0289053,0.019406222,0.019406222,2,Dataset,,,300853.014023346,6461647.303547028,,2466,46169.87842758102,D8ABF799F660E2BD22267F7137A763FA,,,,,,,,,190.830602565,207.47041651715176
17574,Ov_i9A2_L01_R0000FDF4_C0000D526,0.0,0.0289053,0.019406222,0.019406222,2,Dataset,,,300909.926747216,6461646.728774644,,2466,46169.87842896991,0C4634F995610FF3A4B53DCD2C073B34,,,,,,,,,12.36703037,16.750723242091315
17575,Ov_i9A2_L01_R0000FDF3_C0000D52B,0.0,0.0289053,0.019406222,0.019406222,2,Dataset,,,301486.297785508,6461588.203983588,,2466,46169.866434386575,AEBB5C951E9FB2BCA5C56324FB7B302D,,,,,,,,,54.41003418,191.20382472093357
17576,Ov_i9A2_L01_R0000FDF4_C0000D52A,0.0,0.0289053,0.019406222,0.019406222,2,Dataset,,,301380.528540292,6461636.725892815,,2466,46169.86643614583,DBE8102110ACEF58C10B14D2E226B156,,,,,,,,,10.823175145,138.04758226105773
17577,Ov_i9A2_L01_R0000FDF4_C0000D52B,0.0,0.0289053,0.019406222,0.019406222,2,Dataset,,,301457.345872243,6461633.951676314,,2466,46169.86643799768,6FC744EB4C05541B7A6C41A7EF794A05,,,,,,,,,58.675711375,183.1030791464101
17578,Ov_i9A2_L01_R0000FDF3_C0000D50E,0.0,0.0289053,0.019406222,0.019406222,2,Dataset,,,298589.210978325,6461565.600324084,,2466,46169.87843040509,1F8460A0CE4B8BF1B3C3FBCF66B9D07E,,,,,,,,,37.285231005,170.67797500835067
17579,Ov_i9A2_L01_R0000FDF3_C0000D50F,0.0,0.29109333,0.019406222,0.019406222,2,Dataset,,,298638.966562034,6461557.799670482,,2466,46169.878431909725,EEA9719A06E713F879EAEFF27AA3AAEF,,,,,,,,,18.680694465,127.62021623200422
17581,Ov_i9A2_L01_R0000FDE2_C0000D57B,0.0,0.29109333,0.019406222,0.019406222,2,Dataset,,,309397.39425648,6459921.149217913,,2466,46169.86644322916,BA68F04E851D844C4D5B4C3594374C7D,,,,,,,,,873.73746488,183.8655590674489
17582,Ov_i9A2_L01_R0000FDE3_C0000D57A,0.0,0.0289053,0.019406222,0.019406222,2,Dataset,,,309349.613291679,6459961.223193207,,2466,46169.86644498842,DA0A9E0E3D8FBE55EE99CE5D8039FF2E,,,,,,,,,93.86153477,48.70318698388795
17583,Ov_i9A2_L01_R0000FDE3_C0000D57B,0.0,0.0289053,0.019406222,0.019406222,2,Dataset,,,309409.690807064,6459971.200062517,,2466,46169.86644677084,DC1732BC39D3CD035AB4F15657EC6593,,,,,,,,,7271.86194451,340.5737448596282
17584,Ov_i9A2_L01_R0000FDE3_C0000D57C,0.0,0.0289053,0.019406222,0.019406222,2,Dataset,,,309491.711487717,6459996.568494828,,2466,46169.86644855324,4C70D0A7FFDA3662AD1EE96E3553D95C,,,,,,,,,5839.09782013,330.7592664954647
17585,Ov_i9A2_L01_R0000FDE3_C0000D57D,0.0,0.0289053,0.019406222,0.019406222,2,Dataset,,,309557.135021885,6460023.153248355,,2466,46169.86645019676,29503842600002043512F708D4B6E1C3,,,,,,,,,169.92940771,62.94188085938719
17586,Ov_i9A2_L01_R0000FDE4_C0000D57B,0.0,0.0289053,0.019406222,0.019406222,2,Dataset,,,309445.827128264,6460033.375603746,,2466,46169.866451967595,F014E48AC04DA45DE371B8746C47585A,,,,,,,,,106.465160165,50.91795086056902
17587,Ov_i9A2_L01_R0000FDE4_C0000D57C,0.0,0.0289053,0.019406222,0.019406222,2,Dataset,,,309513.573214718,6460057.166648169,,2466,46169.86645375,F3DBFC5D33888ED4C2E2E7087ACC4670,,,,,,,,,4682.06708073,315.0231868890492
17588,Ov_i9A2_L01_R0000FDE4_C0000D57D,0.0,0.0289053,0.019406222,0.019406222,2,Dataset,,,309596.047013584,6460088.312757389,,2466,46169.86645545139,24151DA398F1230422F57C7A1DC28E5C,,,,,,,,,7240.624164905,374.25803325071
17589,Ov_i9A2_L01_R0000FDE4_C0000D57E,0.0,0.29109333,0.019406222,0.019406222,2,Dataset,,,309662.535836255,6460103.967134652,,2466,46169.86645717593,7C9887201D9C088D73EF14E00AB51D79,,,,,,,,,1135.687134425,148.50401926026734
17590,Ov_i9A2_L01_R0000FDE5_C0000D57D,0.0,0.0289053,0.019406222,0.019406222,2,Dataset,,,309620.864805099,6460141.465469702,,2466,46169.8664590625,9ECC8FFF1060343A9389419073D73843,,,,,,,,,1546.610087085,183.82570128166378
17591,Ov_i9A2_L01_R0000FDE5_C0000D57E,0.0,0.0289053,0.019406222,0.019406222,2,Dataset,,,309654.523964841,6460133.588396642,,2466,46169.86646079861,E265FC7995C9AC3EF5521B0584D0C60E,,,,,,,,,92.57254964,46.68417747251414
17592,Ov_i9A2_L01_R0000FDDE_C0000D582,0.0,0.29109333,0.019406222,0.019406222,2,Dataset,,,310124.295819479,6459524.680157128,,2466,46169.866462499995,02440B6FF8C4C9A64430F61A27D4AD95,,,,,,,,,567.543591115,118.27718041420779
17593,Ov_i9A2_L01_R0000FDDE_C0000D583,0.0,0.0289053,0.019406222,0.019406222,2,Dataset,,,310155.593668507,6459493.313550026,,2466,46169.86646438657,4952565085C55B7322CE8E5159A90A08,,,,,,,,,148.97002091,217.44842236876568
17594,Ov_i9A2_L01_R0000FDDF_C0000D581,0.0,0.0289053,0.019406222,0.019406222,2,Dataset,,,310044.194974463,6459620.871849616,,2466,46169.8664662037,51709296014DBEAFA0DB80BDFA7A66C0,,,,,,,,,124.616722875,71.46315319372252
17595,Ov_i9A2_L01_R0000FDDF_C0000D582,0.0,0.0289053,0.019406222,0.019406222,2,Dataset,,,310093.218349063,6459578.95068033,,2466,46169.86646789352,193516A2BFDE81D967CE72FEF10D3DB7,,,,,,,,,5316.60261756,334.9142366815693
17596,Ov_i9A2_L01_R0000FDDF_C0000D583,0.0,0.0289053,0.019406222,0.019406222,2,Dataset,,,310154.214438907,6459572.374697499,,2466,46169.8664696412,26AA672913B1CC888A203E16D7D901EB,,,,,,,,,382.5393353,230.75651818416193
17597,Ov_i9A2_L01_R0000FDE0_C0000D581,0.0,0.0289053,0.019406222,0.019406222,2,Dataset,,,310013.89258119,6459684.886955711,,2466,46169.86647138889,E4CDFA8C2A07C857FA80E9D0E878152B,,,,,,,,,3030.228048855,282.35538252082785
17598,Ov_i9A2_L01_R0000FDE0_C0000D582,0.0,0.0289053,0.019406222,0.019406222,2,Dataset,,,310057.760433364,6459643.809036222,,2466,46169.86647320602,BE82B007E4504412B72FC532E958FF93,,,,,,,,,536.120408645,112.44623066343355
17600,Ov_i9A2_L01_R0000FDE1_C0000D581,0.0,0.0289053,0.019406222,0.019406222,2,Dataset,,,309965.64265951,6459751.644552553,,2466,46169.86647489583,60863552382523DE4621C886A407BB36,,,,,,,,,1094.42020288,163.00482225417778
17601,Ov_i9A2_L01_R0000FDE2_C0000D57F,0.0,0.0289053,0.019406222,0.019406222,2,Dataset,,,309839.658219267,6459916.668833511,,2466,46169.8664765625,A266711CD101A58320CEDEAFDE4BD5E0,,,,,,,,,380.63988405,97.91858319219338
17602,Ov_i9A2_L01_R0000FDE2_C0000D580,0.0,0.0289053,0.019406222,0.019406222,2,Dataset,,,309877.269317313,6459867.220022217,,2466,46169.866478194446,9261787EE3E2BBB48EF31F6712D3A371,,,,,,,,,1283.1034184,225.0538810263711
17603,Ov_i9A2_L01_R0000FDE3_C0000D57F,0.0,0.29109333,0.019406222,0.019406222,2,Dataset,,,309809.684784072,6459959.530555328,,2466,46169.86647994213,2B8BDF5D253832FB96EB893CFA06B298,,,,,,,,,845.72969519,175.79286840845646
17604,Ov_i9A2_L01_R0000FDCE_C0000D57D,0.0,0.0289053,0.019406222,0.019406222,2,Dataset,,,309647.554504901,6457940.886874052,,2466,46169.86648175926,A30F64BA475CD98912B4B10FF4700ACE,,,,,,,,,2.144826315,15.003666618251497
17605,Ov_i9A2_L01_R0000FDCE_C0000D57E,0.0,0.29109333,0.019406222,0.019406222,2,Dataset,,,309657.108318251,6457929.947004441,,2466,46169.866483564816,BA62D4CEC83B27B7F9EF8E3223E170A0,,,,,,,,,3.71479565,65.63333270882809
17606,Ov_i9A2_L01_R0000FDCF_C0000D57C,0.0,0.0289053,0.019406222,0.019406222,2,Dataset,,,309522.992236181,6458024.50929686,,2466,46169.86648523148,13D07768FFFF23ACF797B5A369774E10,,,,,,,,,79.95497949,134.1862990355763
17607,Ov_i9A2_L01_R0000FDCF_C0000D57D,0.0,0.0289053,0.019406222,0.019406222,2,Dataset,,,309589.89683565,6457979.61081195,,2466,46169.86648703704,F9F49A0D2D3ED3D269B81AA1AEF20371,,,,,,,,,80.260113205,227.98929896624023
17608,Ov_i9A2_L01_R0000FDD0_C0000D57C,0.0,0.29109333,0.019406222,0.019406222,2,Dataset,,,309486.795011889,6458048.892492034,,2466,46169.866488761574,9837D68FBFED632118D1F0A9F8769766,,,,,,,,,32.64011234,57.875765277730835
17609,Ov_i9A2_L01_R0000FDCD_C0000D57B,0.0,0.29109333,0.019406222,0.019406222,2,Dataset,,,309364.453379605,6457802.921242659,,2466,46169.866490555556,8B795CDED53A384D3DBB97A127C92FCF,,,,,,,,,43.24880096,205.96712792338184
17610,Ov_i9A2_L01_R0000FDCE_C0000D57A,0.0,0.29109333,0.019406222,0.019406222,2,Dataset,,,309348.635459892,6457864.899588351,,2466,46169.866492280096,A3DA33C8B954F0B431BA88ED7396B142,,,,,,,,,25.544425285,90.01357751094672
17611,Ov_i9A2_L01_R0000FDCE_C0000D57B,0.0,0.0289053,0.019406222,0.019406222,2,Dataset,,,309364.978284513,6457894.577632601,,2466,46169.86649399305,AF6F8FDB0B930B84BCB22BB596A1C65C,,,,,,,,,14.87587871,145.66907199491513
17613,Ov_i9A2_L01_R0000FDCD_C0000D57C,0.0,0.29109333,0.019406222,0.019406222,2,Dataset,,,309454.744507292,6457802.957850672,,2466,46169.86649574074,7C5532A34F7332BFCBE8769999B47E08,,,,,,,,,0.734817775,19.399025661459333
17614,Ov_i9A2_L01_R0000FDCD_C0000D57E,0.0,0.29109333,0.019406222,0.019406222,2,Dataset,,,309710.734996567,6457776.341361057,,2466,46169.8664974537,5340ADFD591656E4E74CFECEDBB02D19,,,,,,,,,38.75609239,129.84252960799904
17615,Ov_i9A2_L01_R0000FDCD_C0000D57D,0.0,0.29109333,0.019406222,0.019406222,2,Dataset,,,309567.7803745,6457778.82230958,,2466,46169.86649929398,0C2AA06979218C945912F46453C0F818,,,,,,,,,3.743966645,88.63255960913686
19428,Ov_i9A2_L01_R0000FDF8_C0000D513,0.0,0.0289053,0.019406222,0.019406222,2,Dataset,,,299105.635378797,6462016.866074056,,2466,46169.87843347222,AB66AC349865EE38E8B6B6D62749D239,,,,,,,,,20.91713675,76.54661221960244
19694,Ov_i9A2_L01_R0000FDF2_C0000D511,0.0,0.0289053,0.019406222,0.019406222,2,Dataset,,,298871.884197362,6461516.260361293,,2466,46169.87843484954,7469C394044C4F4ADE1F8AE18723284C,,,,,,,,,78.37658199,399.01727971624655
19695,Ov_i9A2_L01_R0000FDF2_C0000D512,0.0,0.0289053,0.019406222,0.019406222,2,Dataset,,,298970.827121871,6461516.291444936,,2466,46169.878436203704,9499D8A7AC0A4DF845E3F2FF4864F2E1,,,,,,,,,98.04626641,399.41287971632715
19696,Ov_i9A2_L01_R0000FDF2_C0000D513,0.0,0.0289053,0.019406222,0.019406222,2,Dataset,,,299069.909462909,6461516.324228271,,2466,46169.87843752315,4AB6AF47D25FE815D5565B6EC159769E,,,,,,,,,117.716890425,399.8091796890732
19697,Ov_i9A2_L01_R0000FDF2_C0000D514,0.0,0.0289053,0.019406222,0.019406222,2,Dataset,,,299169.071248803,6461516.357990111,,2466,46169.878438900465,CA709700E4B79E5082C18A62CE753A13,,,,,,,,,137.386284875,400.20467971632655
19698,Ov_i9A2_L01_R0000FDF2_C0000D515,0.0,0.0289053,0.019406222,0.019406222,2,Dataset,,,299268.282560432,6461516.392357378,,2466,46169.87844027778,BC5782335813D476E873BCA82FAE1508,,,,,,,,,157.055956845,400.6009796890731
19699,Ov_i9A2_L01_R0000FDF2_C0000D516,0.0,0.0289053,0.019406222,0.019406222,2,Dataset,,,299367.52702603,6461516.427138053,,2466,46169.87844164352,27FF9E7B00511A9CF97C67D9FBBFBF93,,,,,,,,,176.725309725,400.9964797163251
19700,Ov_i9A2_L01_R0000FDF2_C0000D517,0.0,0.0289053,0.019406222,0.019406222,2,Dataset,,,299466.794505605,6461516.462192306,,2466,46169.87844302084,7A4945C5A3F76DDAB5F9DC7F48410B4F,,,,,,,,,196.39576847,401.39287971624645
19701,Ov_i9A2_L01_R0000FDF2_C0000D518,0.0,0.0289053,0.019406222,0.019406222,2,Dataset,,,299566.079003491,6461516.497460839,,2466,46169.87844449074,C2619ED9E538D953E01FE7E92C3DA77B,,,,,,,,,216.065805415,401.7887796890732
19702,Ov_i9A2_L01_R0000FDF2_C0000D519,0.0,0.0289053,0.019406222,0.019406222,2,Dataset,,,299665.37589655,6461516.532878896,,2466,46169.878445891205,9866911500CCDEA4433AD3624C0D53FC,,,,,,,,,235.73460606,402.1842797163271
19703,Ov_i9A2_L01_R0000FDF2_C0000D51A,0.0,0.0289053,0.019406222,0.019406222,2,Dataset,,,299764.682532344,6461516.568418844,,2466,46169.87844719908,E8605FC5BE3D1904EE8D15176359EA91,,,,,,,,,255.40586544,402.58077978569094
19704,Ov_i9A2_L01_R0000FDF2_C0000D51B,0.0,0.0289053,0.019406222,0.019406222,2,Dataset,,,299863.908319845,6461516.605094665,,2466,46169.87844850695,86B26C146BBD47B6415113AFA908A5F8,,,,,,,,,274.41256837,329.0025694191917
19705,Ov_i9A2_L01_R0000FDF2_C0000D51C,0.0,0.0289053,0.019406222,0.019406222,2,Dataset,,,299963.057030723,6461516.652934376,,2466,46169.87845049769,BADCEC5F7A294DBA550A23A501E3979A,,,,,,,,,286.41179,204.48505215704193
19706,Ov_i9A2_L01_R0000FDF2_C0000D51D,0.0,0.0289053,0.019406222,0.019406222,2,Dataset,,,300062.406906744,6461516.703829262,,2466,46169.87845188657,D08124BB8A7E2511955E177243B996F1,,,,,,,,,296.52632832,204.68845215709402
19707,Ov_i9A2_L01_R0000FDF2_C0000D51E,0.0,0.0289053,0.019406222,0.019406222,2,Dataset,,,300161.757413146,6461516.754719332,,2466,46169.87845325231,1FF4872150F613441FE29F461DC2F489,,,,,,,,,306.640445255,204.89225215704604
19708,Ov_i9A2_L01_R0000FDF2_C0000D51F,0.0,0.0289053,0.019406222,0.019406222,2,Dataset,,,300261.108593516,6461516.805614886,,2466,46169.87845473379,A9E52C509B1FAC4272BE1B631C8B7B24,,,,,,,,,316.75528698,205.09585215704195
19709,Ov_i9A2_L01_R0000FDF2_C0000D520,0.0,0.0289053,0.019406222,0.019406222,2,Dataset,,,300360.460247665,6461516.856506191,,2466,46169.87845615741,18EA0D58229C8F799B9FF327EBE8358D,,,,,,,,,326.86890388,205.2991520530828
19712,Ov_i9A2_L01_R0000FDF2_C0000D523,0.0,0.0289053,0.019406222,0.019406222,2,Dataset,,,300655.055577549,6461516.263563341,,2466,46169.878457499995,E3EEA13FC6AD723A98EB65735BE206E4,,,,,,,,,160.72516397,400.6791589155869
19713,Ov_i9A2_L01_R0000FDF2_C0000D524,0.0,0.0289053,0.019406222,0.019406222,2,Dataset,,,300755.492930648,6461516.145473397,,2466,46169.878458865736,4D85B96A36B43F918B0D69DA62DAF84E,,,,,,,,,114.786158655,399.7499738459778
19967,Ov_i9A2_L01_R0000FE03_C0000D548,0.0,0.29109333,0.019406222,0.019406222,2,Dataset,,,304354.276304155,6463184.667049139,,2466,46169.878460196756,8E74BD1B5DF94AF9347181367DB5A1AD,,,,,,,,,2886.37617981,392.39109323260953
19968,Ov_i9A2_L01_R0000FE03_C0000D549,0.0,0.29109333,0.019406222,0.019406222,2,Dataset,,,304433.9683,6463184.77965,,2466,46169.878461782406,B0E16C386DE08D7FC70273D2298A8E72,,,,,,,,,4779.93170654,294.9342
19969,Ov_i9A2_L01_R0000FE03_C0000D54A,0.0,0.29109333,0.019406222,0.019406222,2,Dataset,,,304533.32815,6463184.77965,,2466,46169.8784631713,047DB5C3B258399F7AAB63EA11BADF3F,,,,,,,,,4779.93651727,294.9344
19970,Ov_i9A2_L01_R0000FE03_C0000D54B,0.0,0.29109333,0.019406222,0.019406222,2,Dataset,,,304632.688,6463184.77965,,2466,46169.87846450232,318F7ACDA903B1BADE895E01A475528A,,,,,,,,,4779.93170654,294.9342
19971,Ov_i9A2_L01_R0000FE03_C0000D54C,0.0,0.29109333,0.019406222,0.019406222,2,Dataset,,,304732.04785,6463184.77965,,2466,46169.87846594908,8C04BCD832BC7F27949B0945FC1DF646,,,,,,,,,4779.93651727,294.9344
19972,Ov_i9A2_L01_R0000FE03_C0000D54D,0.0,0.29109333,0.019406222,0.019406222,2,Dataset,,,304831.297874444,6463184.827595506,,2466,46169.878467395836,64D8FC47230CCA5D092C1E613E2E0C2B,,,,,,,,,4768.420546305,318.2972379165394
19973,Ov_i9A2_L01_R0000FE03_C0000D54E,0.0,0.0289053,0.019406222,0.019406222,2,Dataset,,,304927.684072022,6463188.65928965,,2466,46169.878468703704,61A649528347E790F7CF87F02E8CB0CB,,,,,,,,,3875.904380505,476.21386194440566
19980,Ov_i9A2_L01_R0000FE04_C0000D548,0.0,0.29109333,0.019406222,0.019406222,2,Dataset,,,304353.541287575,6463258.747281588,,2466,46169.878470185184,FBC34715C4720F67BF28C424056DC676,,,,,,,,,6069.963588725,380.22411597595993
19981,Ov_i9A2_L01_R0000FE04_C0000D549,0.0,0.29109333,0.019406222,0.019406222,2,Dataset,,,304433.9683,6463258.5132,,2466,46169.87847157408,39322950EB055834687BB39E68F68DE7,,,,,,,,,9872.36985604,397.4392
19982,Ov_i9A2_L01_R0000FE04_C0000D54A,0.0,0.29109333,0.019406222,0.019406222,2,Dataset,,,304533.32815,6463258.5132,,2466,46169.878473136574,F56D154A686B59A51BEB80427C6678BD,,,,,,,,,9872.37979202,397.4394
19983,Ov_i9A2_L01_R0000FE04_C0000D54B,0.0,0.0289053,0.019406222,0.019406222,2,Dataset,,,304632.688,6463258.5132,,2466,46169.8784745949,0CC6558D418C5005FACD289249856E57,,,,,,,,,9872.36985604,397.4392
19984,Ov_i9A2_L01_R0000FE04_C0000D54C,0.0,0.0289053,0.019406222,0.019406222,2,Dataset,,,304732.04785,6463258.5132,,2466,46169.87847609953,D9B6BE2FA0A76950F6D3C89464ADCA66,,,,,,,,,9872.37979202,397.4394
19985,Ov_i9A2_L01_R0000FE04_C0000D54D,0.0,0.0289053,0.019406222,0.019406222,2,Dataset,,,304831.40775,6463258.5132,,2466,46169.87847743055,9A0108A20CD0038A990B2449744E9B78,,,,,,,,,9872.37979202,397.4394
19986,Ov_i9A2_L01_R0000FE04_C0000D54E,0.0,0.0289053,0.019406222,0.019406222,2,Dataset,,,304930.7676,6463258.5132,,2466,46169.878478831015,C203EA88EF3451F3E9488D65DAC9F77F,,,,,,,,,9872.36985604,397.4392
19997,Ov_i9A2_L01_R0000FE04_C0000D559,0.0,0.29109333,0.019406222,0.019406222,2,Dataset,,,306002.368848483,6463277.813991318,,2466,46169.8784802662,9AC5F8B9BB348C6D7A1DFE8270B89587,,,,,,,,,3441.33279158,234.7952096337431
20000,Ov_i9A2_L01_R0000FE05_C0000D548,0.0,0.0289053,0.019406222,0.019406222,2,Dataset,,,304359.88815427,6463324.132775784,,2466,46169.87848170139,C4DB420FFE14C48B7F46846748B4B58F,,,,,,,,,1735.975859795,207.21075753810405
20001,Ov_i9A2_L01_R0000FE05_C0000D549,0.0,0.0289053,0.019406222,0.019406222,2,Dataset,,,304440.097506591,6463350.752909265,,2466,46169.878483043976,64CA5AEEE50D299638FE5890BA06A44F,,,,,,,,,8062.01544976,362.7410763225631
20002,Ov_i9A2_L01_R0000FE05_C0000D54A,0.0,0.0289053,0.019406222,0.019406222,2,Dataset,,,304533.32815,6463357.873050001,,2466,46169.87848450231,B80606DD9E2E08DB712F986FA2DBDD9A,,,,,,,,,9872.38972801,397.4396
20003,Ov_i9A2_L01_R0000FE05_C0000D54B,0.0,0.0289053,0.019406222,0.019406222,2,Dataset,,,304632.688,6463357.873050001,,2466,46169.87848601852,98F10D4B76E4C56A63934E4CAF9CED5A,,,,,,,,,9872.37979202,397.4394
20004,Ov_i9A2_L01_R0000FE05_C0000D54C,0.0,0.0289053,0.019406222,0.019406222,2,Dataset,,,304732.04785,6463357.873050001,,2466,46169.8784875,E151227A8AED7212A8117EC3870043AA,,,,,,,,,9872.38972801,397.4396
20005,Ov_i9A2_L01_R0000FE05_C0000D54D,0.0,0.0289053,0.019406222,0.019406222,2,Dataset,,,304831.40775,6463357.873050001,,2466,46169.878489131945,BE4681E69FE2F58B9B3B86A019D501B3,,,,,,,,,9872.38972801,397.4396
20006,Ov_i9A2_L01_R0000FE05_C0000D54E,0.0,0.0289053,0.019406222,0.019406222,2,Dataset,,,304930.7676,6463357.873050001,,2466,46169.87849059028,851C329DD57698C926769A3D2519B8B3,,,,,,,,,9872.37979202,397.4394
20015,Ov_i9A2_L01_R0000FE05_C0000D557,0.0,0.0289053,0.019406222,0.019406222,2,Dataset,,,305825.0063,6463357.873050001,,2466,46169.87849206018,03C75DB5A2E14BBBD780C05748B8CFEC,,,,,,,,,9872.37979202,397.4394
20021,Ov_i9A2_L01_R0000FE06_C0000D549,0.0,0.0289053,0.019406222,0.019406222,2,Dataset,,,304472.897768276,6463416.20244228,,2466,46169.87849351852,902ECD1FC671DDC946848F5F4D6CA116,,,,,,,,,418.433574055,99.59356848164701
20022,Ov_i9A2_L01_R0000FE06_C0000D54A,0.0,0.0289053,0.019406222,0.019406222,2,Dataset,,,304533.668271424,6463427.873574286,,2466,46169.87849501157,FAA9063F3020B922E183043C93ACAF78,,,,,,,,,3986.157912515,269.113763959223
20023,Ov_i9A2_L01_R0000FE06_C0000D54B,0.0,0.0289053,0.019406222,0.019406222,2,Dataset,,,304630.673594294,6463423.38434279,,2466,46169.8784965625,3F51AA40A242ED072FB3F9BB56E43BB3,,,,,,,,,3129.82204612,263.85586082073604
20024,Ov_i9A2_L01_R0000FE06_C0000D54C,0.0,0.0289053,0.019406222,0.019406222,2,Dataset,,,304730.312459938,6463420.408155897,,2466,46169.87849811343,34406EBB76CBE9C2ACA3631F234A0CFA,,,,,,,,,2545.25663972,250.13264480312554
20025,Ov_i9A2_L01_R0000FE06_C0000D54D,0.0,0.0289053,0.019406222,0.019406222,2,Dataset,,,304829.362431925,6463417.824632323,,2466,46169.878499467595,C831C4D921DFBFCF63AAFFC35EE9DB0F,,,,,,,,,2030.850092915,239.7266953778661
20026,Ov_i9A2_L01_R0000FE06_C0000D54E,0.0,0.0289053,0.019406222,0.019406222,2,Dataset,,,304928.051231525,6463415.317189664,,2466,46169.87850086806,C59E8F986DD1A7A0E1962A8A8845035E,,,,,,,,,1529.18164974,229.62850565671795
20033,Ov_i9A2_L01_R0000FE06_C0000D555,0.0,0.0289053,0.019406222,0.019406222,2,Dataset,,,305626.28655,6463457.2329,,2466,46169.87850234954,34005198B5DDFAE02C1F6722D3977DAA,,,,,,,,,9872.37979202,397.4394
20034,Ov_i9A2_L01_R0000FE06_C0000D556,0.0,0.0289053,0.019406222,0.019406222,2,Dataset,,,305725.64645,6463457.2329,,2466,46169.87850378473,94DB5AC4EC8D3C4FD670CDE15219AFE9,,,,,,,,,9872.37979202,397.4394
20035,Ov_i9A2_L01_R0000FE06_C0000D557,0.0,0.0289053,0.019406222,0.019406222,2,Dataset,,,305825.0063,6463457.2329,,2466,46169.8785050463,6180BA6249DF3ED09F34E7B4D0F2BEB6,,,,,,,,,9872.36985604,397.4392
20047,Ov_i9A2_L01_R0000FE07_C0000D555,0.0,0.0289053,0.019406222,0.019406222,2,Dataset,,,305626.28655,6463556.59275,,2466,46169.87850640046,685BAFA084BCDAD308F952E409B30F37,,,,,,,,,9872.38972801,397.4396
20048,Ov_i9A2_L01_R0000FE07_C0000D556,0.0,0.0289053,0.019406222,0.019406222,2,Dataset,,,305725.64645,6463556.59275,,2466,46169.87850774305,948709F05D949E4FBDE09A0DD5950CBC,,,,,,,,,9872.38972801,397.4396
20049,Ov_i9A2_L01_R0000FE07_C0000D557,0.0,0.0289053,0.019406222,0.019406222,2,Dataset,,,305825.0063,6463556.59275,,2466,46169.878509131944,AE9EC8ED7767F159792AA5292DEEFE60,,,,,,,,,9872.37979202,397.4394
20050,Ov_i9A2_L01_R0000FE07_C0000D558,0.0,0.0289053,0.019406222,0.019406222,2,Dataset,,,305924.36615,6463556.59275,,2466,46169.87851045139,0BC7EA6172DBC040705CB0E12891E43E,,,,,,,,,9872.38972801,397.4396
20058,Ov_i9A2_L01_R0000FE08_C0000D556,0.0,0.0289053,0.019406222,0.019406222,2,Dataset,,,305725.64645,6463655.9526,,2466,46169.87851178241,A28C070A665E9434622D5388220ECA8A,,,,,,,,,9872.37979202,397.4394
20059,Ov_i9A2_L01_R0000FE08_C0000D557,0.0,0.0289053,0.019406222,0.019406222,2,Dataset,,,305825.0063,6463655.9526,,2466,46169.87851318287,D97DCCFBCCE544A4FED53FCE925A572A,,,,,,,,,9872.36985604,397.4392
20060,Ov_i9A2_L01_R0000FE08_C0000D558,0.0,0.0289053,0.019406222,0.019406222,2,Dataset,,,305924.36615,6463655.9526,,2466,46169.87851451389,84E2EE4ABFAB5701FCF2599298EDACE6,,,,,,,,,9872.37979202,397.4394
20066,Ov_i9A2_L01_R0000FE09_C0000D555,0.0,0.0289053,0.019406222,0.019406222,2,Dataset,,,305643.024023942,6463737.131708388,,2466,46169.878515868055,AA14F26DF6BC796E76B445840ADD6BD1,,,,,,,,,4643.53571851,355.9985553324628
20067,Ov_i9A2_L01_R0000FE09_C0000D556,0.0,0.0289053,0.019406222,0.019406222,2,Dataset,,,305726.330633785,6463753.936613772,,2466,46169.87851730324,BD137A5ECCCD9C9E43E00B073B7D5769,,,,,,,,,9593.3978007,390.64963412824915
20068,Ov_i9A2_L01_R0000FE09_C0000D557,0.0,0.0289053,0.019406222,0.019406222,2,Dataset,,,305825.0063,6463755.31245,,2466,46169.87851873843,B0BA4B8599C57649C9CA1DDAB7D22311,,,,,,,,,9872.37979202,397.4394
20069,Ov_i9A2_L01_R0000FE09_C0000D558,0.0,0.0289053,0.019406222,0.019406222,2,Dataset,,,305924.36615,6463755.31245,,2466,46169.878520081016,40C6F00A98B380E6BBD3A922DCA294C4,,,,,,,,,9872.38972801,397.4396
20070,Ov_i9A2_L01_R0000FE09_C0000D559,0.0,0.0289053,0.019406222,0.019406222,2,Dataset,,,306023.726,6463755.31245,,2466,46169.87852185185,2992F5FBA60F8C39B34790AC979D094D,,,,,,,,,9872.37979202,397.4394
20071,Ov_i9A2_L01_R0000FE09_C0000D55A,0.0,0.0289053,0.019406222,0.019406222,2,Dataset,,,306123.08585,6463755.31245,,2466,46169.878523391206,7D15ACAE826C467CE0C905311F91E6B5,,,,,,,,,9872.38972801,397.4396
20072,Ov_i9A2_L01_R0000FE09_C0000D55B,0.0,0.0289053,0.019406222,0.019406222,2,Dataset,,,306222.35038627,6463755.198052062,,2466,46169.87852479167,336BC68656F21158324B2A74DB586ABD,,,,,,,,,9849.4309743,395.75303027379255
20073,Ov_i9A2_L01_R0000FE09_C0000D55C,0.0,0.0289053,0.019406222,0.019406222,2,Dataset,,,306292.816024018,6463744.634361259,,2466,46169.878526238426,985E3C23808F0ECA337946517A3CA4E1,,,,,,,,,3572.81393555,479.83372605074516
20074,Ov_i9A2_L01_R0000FE0A_C0000D556,0.0,0.0289053,0.019406222,0.019406222,2,Dataset,,,305768.360064463,6463805.623823962,,2466,46169.87852762731,A4670A2DD8B9DB893AAFBCCABCABEDA4,,,,,,,,,19.794200325,43.777974791059385
20075,Ov_i9A2_L01_R0000FE0A_C0000D557,0.0,0.0289053,0.019406222,0.019406222,2,Dataset,,,305836.662774177,6463808.719308031,,2466,46169.878529050926,C052C300756F51C02A5A0303FC3552D2,,,,,,,,,635.631366965,211.9215183049595
20076,Ov_i9A2_L01_R0000FE0A_C0000D558,0.0,0.0289053,0.019406222,0.019406222,2,Dataset,,,305928.899478778,6463812.830540789,,2466,46169.878530462964,3D0A4FC40AC2E929E675BADF3BACE69A,,,,,,,,,1519.00689853,228.01447672577464
20077,Ov_i9A2_L01_R0000FE0A_C0000D559,0.0,0.0289053,0.019406222,0.019406222,2,Dataset,,,306020.0215017,6463812.473993398,,2466,46169.878531817136,685448C96D95916797B703754B05A1E9,,,,,,,,,1462.346046995,228.37295579223363
20078,Ov_i9A2_L01_R0000FE0A_C0000D55A,0.0,0.0289053,0.019406222,0.019406222,2,Dataset,,,306116.382147585,6463809.281005311,,2466,46169.8785332176,0A9D3CE1E343EFA6883E365C805C261C,,,,,,,,,808.08922475,215.20364896512908
20079,Ov_i9A2_L01_R0000FE0A_C0000D55B,0.0,0.0289053,0.019406222,0.019406222,2,Dataset,,,306197.113470514,6463806.605936108,,2466,46169.87853471065,68B371C4E2D5E3F82E735EB0A186CF9A,,,,,,,,,176.786304805,151.086818912588
20087,Ov_i9A2_L01_R0000FE0A_C0000D58A,0.0,0.0289053,0.019406222,0.019406222,2,Dataset,,,310884.138083,6463862.922451372,,2466,46169.87853618056,15D85ACD619A8ACD479AC509D818A611,,,,,,,,,107.960533065,399.6158638701018
20097,Ov_i9A2_L01_R0000FE0B_C0000D58A,0.0,0.0289053,0.019406222,0.019406222,2,Dataset,,,310883.840951855,6463956.788252847,,2466,46169.87853774306,78BBCCD8933BD1C894D59D5F83D269F3,,,,,,,,,201.152492865,243.6175956685606
20117,Ov_i9A2_L01_R0000FE0D_C0000D58A,0.0,0.0289053,0.019406222,0.019406222,2,Dataset,,,310883.902766367,6464150.292177278,,2466,46169.87853918982,951180BD7EE828C42CD9E467167911A8,,,,,,,,,169.792088345,202.13845130377445
20125,Ov_i9A2_L01_R0000FE0E_C0000D58A,0.0,0.0289053,0.019406222,0.019406222,2,Dataset,,,310884.100750642,6464248.612430545,,2466,46169.87854063658,B4A3CFE13EA98073B4B8B1F939EA9027,,,,,,,,,119.35268166,201.12335134994035
20132,Ov_i9A2_L01_R0000FE0F_C0000D58A,0.0,0.0289053,0.019406222,0.019406222,2,Dataset,,,310884.295673249,6464345.411358688,,2466,46169.87854230324,1AC33B361B7B9073B47782C4D16F75D0,,,,,,,,,68.914047945,200.10785130108172
20137,Ov_i9A2_L01_R0000FE10_C0000D58A,0.0,0.0289053,0.019406222,0.019406222,2,Dataset,,,310884.465850301,6464429.921723356,,2466,46169.87854366898,CEA66AFDBBCB99E7682ABB313F353BD6,,,,,,,,,18.952785515,178.11751483162132
20202,Ov_i9A2_L01_R0000FDF7_C0000D531,0.0,0.0289053,0.019406222,0.019406222,2,Dataset,,,302002.311514419,6461917.461831168,,2466,46169.878545162035,2943100DBEB084F5B4B7259A82632427,,,,,,,,,3.671177895,16.930887801800576
20270,Ov_i9A2_L01_R0000FE02_C0000D562,0.0,0.0289053,0.019406222,0.019406222,2,Dataset,,,306966.874068376,6463108.57924821,,2466,46169.87854658565,7EBA9C6F713B4CCF94934EA6E8997C2B,,,,,,,,,3.03862007,8.184980277030919
20302,Ov_i9A2_L01_R0000FDDD_C0000D583,0.0,0.0289053,0.019406222,0.019406222,2,Dataset,,,310156.576935528,6459400.869830226,,2466,46169.878548125,4E9657E0B22902C6D51DC518CA959779,,,,,,,,,26.097163745,136.9802557133631
20310,Ov_i9A2_L01_R0000FDE0_C0000D583,0.0,0.0289053,0.019406222,0.019406222,2,Dataset,,,310155.55487708,6459679.855111004,,2466,46169.87854951389,266CF5DFC9FF5F28D9B9FAFBAD56C0DE,,,,,,,,,253.55130739,203.82488648373368
20311,Ov_i9A2_L01_R0000FDE1_C0000D580,0.0,0.0289053,0.019406222,0.019406222,2,Dataset,,,309926.642352676,6459798.4818015,,2466,46169.87855090277,915841624815826D8307B65C7118A153,,,,,,,,,1263.26271912,200.59847397930614
20313,Ov_i9A2_L01_R0000FDE1_C0000D583,0.0,0.0289053,0.019406222,0.019406222,2,Dataset,,,310155.816177513,6459778.773871102,,2466,46169.878552268514,792426B791DAD2636175F047D031F275,,,,,,,,,201.39399978,202.77488648062757
20316,Ov_i9A2_L01_R0000FDE2_C0000D583,0.0,0.0289053,0.019406222,0.019406222,2,Dataset,,,310156.076661886,6459877.384225593,,2466,46169.87855371528,B453A76437251B4E7431CCA7B48108C0,,,,,,,,,149.237333705,201.72518700861758
20318,Ov_i9A2_L01_R0000FDE3_C0000D583,0.0,0.0289053,0.019406222,0.019406222,2,Dataset,,,310156.33501834,6459975.189427923,,2466,46169.878555034724,76C0F32829170E7DFC02571CCBA883CD,,,,,,,,,97.080624825,200.67508648064887
20319,Ov_i9A2_L01_R0000FDE4_C0000D583,0.0,0.0289053,0.019406222,0.019406222,2,Dataset,,,310156.583838974,6460069.384539976,,2466,46169.87855633102,0C9EA96BB7993F6F1FA9966CD71BB998,,,,,,,,,44.92397403,199.6254864792582
20320,Ov_i9A2_L01_R0000FDE5_C0000D583,0.0,0.0289053,0.019406222,0.019406222,2,Dataset,,,310156.772076358,6460140.644368661,,2466,46169.87855767361,236E1047C2E23273D42830463783DEAF,,,,,,,,,3.404593605,71.99340122769115
20325,Ov_i9A2_L01_R0000FDF1_C0000D530,0.0,0.0289053,0.019406222,0.019406222,2,Dataset,,,301947.125554641,6461356.058583954,,2466,46169.87855912037,FA965ED1D4C1B824968E61ED9F5F9631,,,,,,,,,129.02663681,201.3178027989046
20326,Ov_i9A2_L01_R0000FDF1_C0000D531,0.0,0.0289053,0.019406222,0.019406222,2,Dataset,,,302044.994385853,6461355.838733414,,2466,46169.87856053241,DFBC98EF771075A114CA7ABF7416594B,,,,,,,,,84.672515675,200.42520279787
20327,Ov_i9A2_L01_R0000FDF1_C0000D532,0.0,0.0289053,0.019406222,0.019406222,2,Dataset,,,302139.582702735,6461355.626252164,,2466,46169.87856193287,0C38FC2D4E4D4730B12C506EE7CE944B,,,,,,,,,40.31821518,199.5322027988685
20328,Ov_i9A2_L01_R0000FDF1_C0000D533,0.0,0.0289053,0.019406222,0.019406222,2,Dataset,,,302211.918205724,6461355.463762292,,2466,46169.87856336806,052F88B44CB72FCBF0F7E285FF500751,,,,,,,,,3.71017585,81.46181026973831
20332,Ov_i9A2_L01_R0000FDF2_C0000D534,0.0,0.0289053,0.019406222,0.019406222,2,Dataset,,,302346.704052607,6461515.931070573,,2466,46169.87856469907,13B5EB01EC826048D30CB50F09DCEDEF,,,,,,,,,163.24241225,202.00559906962482
20333,Ov_i9A2_L01_R0000FDF2_C0000D535,0.0,0.0289053,0.019406222,0.019406222,2,Dataset,,,302445.997630825,6461515.860930827,,2466,46169.87856608796,6AB17479DBD48EE23E73D35C7BE97096,,,,,,,,,149.295092235,201.7250992042891
20334,Ov_i9A2_L01_R0000FDF2_C0000D536,0.0,0.0289053,0.019406222,0.019406222,2,Dataset,,,302545.27776833,6461515.790806852,,2466,46169.87856751157,5577F536F7B27954F6191B98F7176B7D,,,,,,,,,135.348743035,201.44409921524945
20335,Ov_i9A2_L01_R0000FDF2_C0000D537,0.0,0.0289053,0.019406222,0.019406222,2,Dataset,,,302644.539589159,6461515.720692702,,2466,46169.87856881944,FCC19DD303B3E842A2942BB5258AAC1D,,,,,,,,,121.40204775,201.1635990757545
20336,Ov_i9A2_L01_R0000FDF2_C0000D538,0.0,0.0289053,0.019406222,0.019406222,2,Dataset,,,302743.776041699,6461515.650595819,,2466,46169.87857023148,DD87167957571DE3FC65A9F1A07C8937,,,,,,,,,107.455083125,200.882899210807
20337,Ov_i9A2_L01_R0000FDF2_C0000D539,0.0,0.0289053,0.019406222,0.019406222,2,Dataset,,,302842.975687101,6461515.580530878,,2466,46169.87857152778,724E2B62189F699122D11EEC8F1276F4,,,,,,,,,93.509220165,200.6018992124316
20338,Ov_i9A2_L01_R0000FDF2_C0000D53A,0.0,0.0289053,0.019406222,0.019406222,2,Dataset,,,302942.119087208,6461515.51049914,,2466,46169.878572835645,5E0324E432BB1D51EF0A8971074C6D9C,,,,,,,,,79.56224413,200.3213990716249
20339,Ov_i9A2_L01_R0000FDF2_C0000D53B,0.0,0.0289053,0.019406222,0.019406222,2,Dataset,,,303041.170498646,6461515.440536714,,2466,46169.87857415509,8F3E5ECB694DD4C271E8BF753BFB39AF,,,,,,,,,65.615971295,200.04049921567199
20340,Ov_i9A2_L01_R0000FDF2_C0000D53C,0.0,0.0289053,0.019406222,0.019406222,2,Dataset,,,303140.055069125,6461515.370687766,,2466,46169.878575509254,A679247BBEAC23C9F986DBBFE408BF22,,,,,,,,,51.66892493,199.75989920892312
20341,Ov_i9A2_L01_R0000FDF2_C0000D53D,0.0,0.0289053,0.019406222,0.019406222,2,Dataset,,,303238.589775456,6461515.301092778,,2466,46169.87857689815,B18ADEB11F772007E515672013F5A3F1,,,,,,,,,37.72331391,199.47899906424823
20342,Ov_i9A2_L01_R0000FDF2_C0000D53E,0.0,0.0289053,0.019406222,0.019406222,2,Dataset,,,303336.152552442,6461515.232181429,,2466,46169.878578414355,7F3038B864F3F34A0F443BBEF06F02BA,,,,,,,,,23.77684518,199.1984992098088
20344,Ov_i9A2_L01_R0000FDF3_C0000D532,0.0,0.0289053,0.019406222,0.019406222,2,Dataset,,,302196.686961151,6461519.853241988,,2466,46169.87857990741,79CEF57398862CD03136F398F410DD53,,,,,,,,,1.042626685,10.53661558854479
20351,Ov_i9A2_L01_R0000FDF1_C0000D535,0.0,0.0289053,0.019406222,0.019406222,2,Dataset,,,302452.64406838,6461355.576460501,,2466,46169.87858136574,40C078F475D9F6416DE457A59BD79405,,,,,,,,,33.102121215,199.38638099223587
20352,Ov_i9A2_L01_R0000FDF1_C0000D536,0.0,0.0289053,0.019406222,0.019406222,2,Dataset,,,302549.566782018,6461355.691702145,,2466,46169.87858275463,878584B1DB8577D763F2C019CD5EA558,,,,,,,,,56.57881701,199.85878099251795
20353,Ov_i9A2_L01_R0000FDF1_C0000D537,0.0,0.0289053,0.019406222,0.019406222,2,Dataset,,,302647.918858896,6461355.80864361,,2466,46169.878584039354,52DC119AEF99230CBE7BA390F586E489,,,,,,,,,80.055633195,200.33158099223587
20354,Ov_i9A2_L01_R0000FDF1_C0000D538,0.0,0.0289053,0.019406222,0.019406222,2,Dataset,,,302746.728159933,6461355.926130865,,2466,46169.87858539352,82E87974D4A657394C6E2DE4B37C6D23,,,,,,,,,103.532770055,200.80408075270356
20355,Ov_i9A2_L01_R0000FDF1_C0000D539,0.0,0.0289053,0.019406222,0.019406222,2,Dataset,,,302845.741062215,6461356.043859096,,2466,46169.878586666666,CB7DB47A27C9B3C6B7FC2FA59C255EE1,,,,,,,,,127.009524485,201.27638099252758
20356,Ov_i9A2_L01_R0000FDF1_C0000D53A,0.0,0.0289053,0.019406222,0.019406222,2,Dataset,,,302944.862235717,6461356.161715397,,2466,46169.87858803241,2417F873BCE554423B177A08C0221153,,,,,,,,,150.48640683,201.7491809922455
20357,Ov_i9A2_L01_R0000FDF1_C0000D53B,0.0,0.0289053,0.019406222,0.019406222,2,Dataset,,,303044.047799966,6461356.279648207,,2466,46169.878589328706,966E51AD9D742E548B71DC5CEC9FEC1E,,,,,,,,,173.96298745,202.22158099251794
20358,Ov_i9A2_L01_R0000FDF1_C0000D53C,0.0,0.0289053,0.019406222,0.019406222,2,Dataset,,,303143.274691501,6461356.39762875,,2466,46169.87859069445,F21164614A5892E6DBFEB05C05C43BF9,,,,,,,,,197.439670415,202.69438099223586
20359,Ov_i9A2_L01_R0000FDF1_C0000D53D,0.0,0.0289053,0.019406222,0.019406222,2,Dataset,,,303242.529827765,6461356.515646,,2466,46169.87859259259,CA019144E48CC7B521A871E769B497BE,,,,,,,,,220.91657401,203.16668075298566
20360,Ov_i9A2_L01_R0000FDF1_C0000D53E,0.0,0.0289053,0.019406222,0.019406222,2,Dataset,,,303341.805236061,6461356.633687579,,2466,46169.878594016205,FB4196145799CCFFF164FB5B13CF1436,,,,,,,,,244.393927595,203.63938099223586
20361,Ov_i9A2_L01_R0000FDF1_C0000D53F,0.0,0.0289053,0.019406222,0.019406222,2,Dataset,,,303441.095432239,6461356.751743,,2466,46169.878595347225,73C9783325749D00259AAA31760F006B,,,,,,,,,267.87034572,204.1119810051566
20362,Ov_i9A2_L01_R0000FDF1_C0000D540,0.0,0.0289053,0.019406222,0.019406222,2,Dataset,,,303500.219875396,6461358.894045528,,2466,46169.87859677083,0B90E246ACE0AEB16CE1EB2AAC3DA105,,,,,,,,,57.704669695,168.6365858407417
20363,Ov_i9A2_L01_R0000FDF3_C0000D540,0.0,0.0289053,0.019406222,0.019406222,2,Dataset,,,303509.391466026,6461573.266223286,,2466,46169.87859854167,0A77B838605695A8B373487CC1BB579C,,,,,,,,,29.5713715,199.31514872186082
20364,Ov_i9A2_L01_R0000FDF4_C0000D540,0.0,0.0289053,0.019406222,0.019406222,2,Dataset,,,303509.390053266,6461671.392885611,,2466,46169.87859984954,04A44F018B36B67275FC029D37AC2AB6,,,,,,,,,43.393532785,199.59314872191047
20365,Ov_i9A2_L01_R0000FDF5_C0000D540,0.0,0.0289053,0.019406222,0.019406222,2,Dataset,,,303509.388633535,6461770.115867227,,2466,46169.8786012037,133C5C35999D8D1D5BFDADA16D367C19,,,,,,,,,57.216399285,199.87164879231452
20366,Ov_i9A2_L01_R0000FDF6_C0000D540,0.0,0.0289053,0.019406222,0.019406222,2,Dataset,,,303509.387213101,6461869.086208317,,2466,46169.878602638884,44CF74E065BADACF0F7DEEB82C2130A4,,,,,,,,,71.04126375,200.14964865146243
20367,Ov_i9A2_L01_R0000FDF7_C0000D540,0.0,0.0289053,0.019406222,0.019406222,2,Dataset,,,303509.385789986,6461968.18405039,,2466,46169.87860408564,5D49C35FAE127FC585C4C2934EB52089,,,,,,,,,84.862669065,200.42794872186366
20368,Ov_i9A2_L01_R0000FDF8_C0000D540,0.0,0.0289053,0.019406222,0.019406222,2,Dataset,,,303509.384358207,6462067.354753582,,2466,46169.87860546296,AA76E393C80A2F40D6C761C443731F73,,,,,,,,,98.68663562,200.70604879236416
20369,Ov_i9A2_L01_R0000FDF9_C0000D540,0.0,0.0289053,0.019406222,0.019406222,2,Dataset,,,303509.382943513,6462166.571974029,,2466,46169.87860675926,43E1643442E42610C2FA257DA382CC40,,,,,,,,,112.509808605,200.98454872186363
20370,Ov_i9A2_L01_R0000FDFA_C0000D540,0.0,0.0289053,0.019406222,0.019406222,2,Dataset,,,303509.381508886,6462265.82077564,,2466,46169.87860805555,56173F8D8B9C3B9FD6B50AC5197A7199,,,,,,,,,126.333010465,201.26274872186366
20371,Ov_i9A2_L01_R0000FDFB_C0000D540,0.0,0.0289053,0.019406222,0.019406222,2,Dataset,,,303509.380082114,6462365.090913521,,2466,46169.87860942129,A9617F19372C4D5E42525F290FC4D720,,,,,,,,,140.15569571,201.54084879236416
20372,Ov_i9A2_L01_R0000FDFC_C0000D540,0.0,0.0289053,0.019406222,0.019406222,2,Dataset,,,303509.378661149,6462464.377681907,,2466,46169.878610810185,A8460E87FF72A2E0B3A69C1F61283EE1,,,,,,,,,153.979901245,201.81934872186366
20373,Ov_i9A2_L01_R0000FDFD_C0000D540,0.0,0.0289053,0.019406222,0.019406222,2,Dataset,,,303509.377227836,6462563.676331774,,2466,46169.8786122338,23A3FAD28B1FEDFC7873B8F001F11514,,,,,,,,,167.802162405,202.0973487411629
20374,Ov_i9A2_L01_R0000FDFE_C0000D540,0.0,0.0289053,0.019406222,0.019406222,2,Dataset,,,303508.898164149,6462634.610431359,,2466,46169.87861355324,A1757BB660B75F5C202C2A34034A6341,,,,,,,,,79.336359055,96.26272878066246
20394,Ov_i9A2_L01_R0000FDFB_C0000D539,0.0,0.0289053,0.019406222,0.019406222,2,Dataset,,,302893.003561973,6462316.559985993,,2466,46169.87861493055,18A2587A194908E76C8F09E48939ECEF,,,,,,,,,2.240180795,10.412296870068792
20403,Ov_i9A2_L01_R0000FDF1_C0000D525,0.0,0.0289053,0.019406222,0.019406222,2,Dataset,,,300903.829356811,6461355.419892577,,2466,46169.87861626157,4165503B4387F94892C083CAB600F0DC,,,,,,,,,0.21900351,17.22955158410464
20404,Ov_i9A2_L01_R0000FDF1_C0000D526,0.0,0.0289053,0.019406222,0.019406222,2,Dataset,,,300970.492541449,6461355.617785709,,2466,46169.878617662034,BFFB6BCA0697AF84FE217E6D26A5897C,,,,,,,,,34.372891485,199.41325112537305
20405,Ov_i9A2_L01_R0000FDF1_C0000D527,0.0,0.0289053,0.019406222,0.019406222,2,Dataset,,,301060.952375272,6461355.886313858,,2466,46169.878618993054,2AADBE07B084AFDD76C8C44653AF2FC3,,,,,,,,,92.985084905,200.59325112359807
20406,Ov_i9A2_L01_R0000FDF1_C0000D528,0.0,0.0289053,0.019406222,0.019406222,2,Dataset,,,301158.294322198,6461356.175271018,,2466,46169.878620358795,922798AD9E9C878F94AE833A6E819DAE,,,,,,,,,151.59701081,201.77305112362197
20407,Ov_i9A2_L01_R0000FDF1_C0000D529,0.0,0.0289053,0.019406222,0.019406222,2,Dataset,,,301256.761546138,6461356.467568752,,2466,46169.87862171296,14E31B9B8A24007190E1F71DC99AA52D,,,,,,,,,210.208711145,202.95265112537305
20408,Ov_i9A2_L01_R0000FDF1_C0000D52A,0.0,0.0289053,0.019406222,0.019406222,2,Dataset,,,301355.6180484,6461356.761022423,,2466,46169.8786231713,73CFE1CFA4C579D08F3B7282CEC92A8F,,,,,,,,,268.82088906,204.13265111812422
20409,Ov_i9A2_L01_R0000FDF1_C0000D52B,0.0,0.0289053,0.019406222,0.019406222,2,Dataset,,,301454.654701335,6461357.055011631,,2466,46169.8786244213,B1C76DB7879634729040BCEF97B16073,,,,,,,,,327.432708245,205.31225111988067
20431,Ov_i9A2_L01_R0000FE09_C0000D55D,0.0,0.0289053,0.019406222,0.019406222,2,Dataset,,,306424.751194897,6463780.652769843,,2466,46169.87862581019,E4B95FF8A27E2EB01D5D4E2FCCE8C4CC,,,,,,,,,99.01436276,291.4538699107714
20432,Ov_i9A2_L01_R0000FE09_C0000D55E,0.0,0.0289053,0.019406222,0.019406222,2,Dataset,,,306485.936700728,6463729.205419255,,2466,46169.878627164355,FCB16D1FA617B7806433648EA05D98E4,,,,,,,,,24.413018025,112.72598477040715
20436,Ov_i9A2_L01_R0000FE09_C0000D55F,0.0,0.0289053,0.019406222,0.019406222,2,Dataset,,,306650.651179283,6463731.154964894,,2466,46169.8786284375,45C873058F7EC31B8BD500D3BF9BEE82,,,,,,,,,95.8700171,125.16059583381676
20447,Ov_i9A2_L01_R0000FE0A_C0000D560,0.0,0.0289053,0.019406222,0.019406222,2,Dataset,,,306751.55436585,6463825.929182683,,2466,46169.8786297801,D5C57DB23115DBB3634A0A14BCB268AE,,,,,,,,,129.05513963,69.14883265493478
20448,Ov_i9A2_L01_R0000FE0A_C0000D561,0.0,0.0289053,0.019406222,0.019406222,2,Dataset,,,306773.915367398,6463811.552865148,,2466,46169.87863112269,A49049E8D9693BDE061FE3A1E9CB750D,,,,,,,,,40.900866765,37.21440448613551
20457,Ov_i9A2_L01_R0000FDCC_C0000D57B,0.0,0.29109333,0.019406222,0.019406222,2,Dataset,,,309418.751459372,6457742.862791106,,2466,46169.87863246528,81326BB4BFD2A1E904DC1F5051E5F621,,,,,,,,,82.527527515,200.83150630611559
20458,Ov_i9A2_L01_R0000FDCC_C0000D57C,0.0,0.0289053,0.019406222,0.019406222,2,Dataset,,,309495.887984256,6457742.788164197,,2466,46169.87863387732,D8DEA2059A9388753642019E7057C12B,,,,,,,,,100.36207707,200.74201066425272
20459,Ov_i9A2_L01_R0000FDCC_C0000D57D,0.0,0.0289053,0.019406222,0.019406222,2,Dataset,,,309584.879384106,6457742.491353773,,2466,46169.87863534722,53FFB1838CEADCEEDB3D458FE8523F6C,,,,,,,,,34.50793753,199.41661066201974
20465,Ov_i9A2_L01_R0000FDDC_C0000D581,0.0,0.29109333,0.019406222,0.019406222,2,Dataset,,,310015.347875821,6459330.620899432,,2466,46169.87863677083,CC9E9EE8ED9AE8BC5421D6D36D469F00,,,,,,,,,74.389840435,124.95241786068033
20466,Ov_i9A2_L01_R0000FDDC_C0000D582,0.0,0.0289053,0.019406222,0.019406222,2,Dataset,,,310083.32457557,6459330.361535356,,2466,46169.87863814815,B1A756799748E2A5492B0EC6711DD38A,,,,,,,,,51.47300699,199.75942385657382
20467,Ov_i9A2_L01_R0000FDDC_C0000D583,0.0,0.0289053,0.019406222,0.019406222,2,Dataset,,,310155.829335642,6459331.710217685,,2466,46169.878639560186,B1FCFAA9AE0C3E892A4F8A0397001229,,,,,,,,,4.286873965,26.54814764164415
20481,Ov_i9A2_L01_R0000FDCD_C0000D57F,0.0,0.29109333,0.019406222,0.019406222,2,Dataset,,,309750.468330619,6457811.769143984,,2466,46169.87864092593,7E6D205C36887C19BDA010788ACD1885,,,,,,,,,38.20411094,196.5618043406727
20482,Ov_i9A2_L01_R0000FDCE_C0000D57F,0.0,0.0289053,0.019406222,0.019406222,2,Dataset,,,309750.476405441,6457888.070285043,,2466,46169.87864224537,329313D70A47139EA7D4D7175C6A5CD0,,,,,,,,,59.546383085,199.91906164500563
20483,Ov_i9A2_L01_R0000FDCF_C0000D57F,0.0,0.0289053,0.019406222,0.019406222,2,Dataset,,,309750.643723874,6457979.750866657,,2466,46169.878643495365,554BEFEF7AC70C3B4DF7B4D2C9EAF7C5,,,,,,,,,23.511875725,199.1935620099913
20484,Ov_i9A2_L01_R0000FDD0_C0000D57F,0.0,0.0289053,0.019406222,0.019406222,2,Dataset,,,309750.766764315,6458047.172215348,,2466,46169.878644895834,40D08EEE27289913885F5B227D77AF17,,,,,,,,,0.4190764,30.364200973808195
20489,Ov_i9A2_L01_R0000FE04_C0000D587,0.0,0.0289053,0.019406222,0.019406222,2,Dataset,,,310551.4392,6463258.5132,,2466,46169.87864628472,B6CA28306018FC1C0D849BB264AAB4AA,,,,,,,,,18.381563,199.0896
20490,Ov_i9A2_L01_R0000FE05_C0000D587,0.0,0.0289053,0.019406222,0.019406222,2,Dataset,,,310551.4392,6463357.873050001,,2466,46169.87864765046,4F39EC224870E79E8BECDC6A8389D9C0,,,,,,,,,18.3815815,199.0898
20491,Ov_i9A2_L01_R0000FE06_C0000D587,0.0,0.0289053,0.019406222,0.019406222,2,Dataset,,,310551.4392,6463457.2329,,2466,46169.878648969905,77FCA02A6D1CA5A14BD00F1C9AEA3620,,,,,,,,,18.381563,199.0896
20492,Ov_i9A2_L01_R0000FE07_C0000D587,0.0,0.0289053,0.019406222,0.019406222,2,Dataset,,,310551.4392,6463556.59275,,2466,46169.8786503125,E916C834794F47A5649BEFF3EFC7456C,,,,,,,,,18.3815815,199.0898
20493,Ov_i9A2_L01_R0000FE08_C0000D587,0.0,0.0289053,0.019406222,0.019406222,2,Dataset,,,310551.4392,6463655.9526,,2466,46169.87865172454,8B7ED4981720338440A25A69F313F9C5,,,,,,,,,18.381563,199.0896
20496,Ov_i9A2_L01_R0000FE09_C0000D588,0.0,0.0289053,0.019406222,0.019406222,2,Dataset,,,310680.984839686,6463754.260915156,,2466,46169.878653125,573C64F95A92ADAE7E69743CDB887D10,,,,,,,,,52.681618655,398.50171620700837
20497,Ov_i9A2_L01_R0000FE09_C0000D589,0.0,0.0289053,0.019406222,0.019406222,2,Dataset,,,310814.273652192,6463754.779366788,,2466,46169.8786544676,9E62A3AC7DE42795E204F08F993BBFB8,,,,,,,,,6.99376412,169.35283197835327
20505,Ov_i9A2_L01_R0000FDFE_C0000D587,0.0,0.0289053,0.019406222,0.019406222,2,Dataset,,,310551.757915711,6462695.016285159,,2466,46169.87865582176,2D7D0C32F3B5BD087F317BC8768722E3,,,,,,,,,16.586437895,68.09023699653493
20506,Ov_i9A2_L01_R0000FDFF_C0000D587,0.0,0.0289053,0.019406222,0.019406222,2,Dataset,,,310551.635002879,6462759.147277143,,2466,46169.87865722222,8B232ABD505B1101C1B589275FEEBF83,,,,,,,,,40.684858575,199.53900547528693
20507,Ov_i9A2_L01_R0000FE00_C0000D587,0.0,0.29109333,0.019406222,0.019406222,2,Dataset,,,310551.475756358,6462852.240852123,,2466,46169.87865868055,17C1628C3AD0A397BD314E823B864AA5,,,,,,,,,23.181979655,199.17343415681123
20519,Ov_i9A2_L01_R0000FDFE_C0000D548,0.0,0.29109333,0.019406222,0.019406222,2,Dataset,,,304308.748960866,6462701.872597688,,2466,46169.87866009259,73F34F816202C4B9432059B409CA37E8,,,,,,,,,35.848141415,180.0624327991021
20523,Ov_i9A2_L01_R0000FE07_C0000D546,0.0,0.0289053,0.019406222,0.019406222,2,Dataset,,,304169.023808246,6463579.380787423,,2466,46169.878661435185,2B8B1006FD818C7223DCCD05D3AC074D,,,,,,,,,41.87361335,97.86068912744857
20524,Ov_i9A2_L01_R0000FE07_C0000D547,0.0,0.0289053,0.019406222,0.019406222,2,Dataset,,,304190.35896689,6463596.958454163,,2466,46169.87866275463,A1A28E9CBC701BF94F02E0AADC131575,,,,,,,,,11.99870853,30.10193120037052
20526,Ov_i9A2_L01_R0000FDFF_C0000D548,0.0,0.0289053,0.019406222,0.019406222,2,Dataset,,,304323.800250927,6462756.826364229,,2466,46169.878664143514,4D6D0CBDB1A493B34B420DA8CDA121E0,,,,,,,,,39.43758383,199.40290093904204
20527,Ov_i9A2_L01_R0000FE00_C0000D548,0.0,0.29109333,0.019406222,0.019406222,2,Dataset,,,304323.665340712,6462824.212943661,,2466,46169.878665509255,62278111EBBE55F6A9BC74CDFD309CCF,,,,,,,,,4.06922164,77.12418216742559
20529,Ov_i9A2_L01_R0000FDDC_C0000D57F,0.0,0.29109333,0.019406222,0.019406222,2,Dataset,,,309783.720585157,6459329.953830674,,2466,46169.87866688657,19C6D42D36BBAA1262C261D8048F3FD8,,,,,,,,,8.803248725,132.95127837409285
20534,Ov_i9A2_L01_R0000FE0B_C0000D560,0.0,0.0289053,0.019406222,0.019406222,2,Dataset,,,306750.447889458,6463994.944735885,,2466,46169.87866827546,3A8B4BE656EE30282A50F0C70604B834,,,,,,,,,12.958188425,88.5400863498
20535,Ov_i9A2_L01_R0000FE0B_C0000D561,0.0,0.29109333,0.019406222,0.019406222,2,Dataset,,,306782.495086854,6463982.279211505,,2466,46169.87866974537,B3FC383DAAE4D469F33BB731C1F80DE0,,,,,,,,,11.330514325,76.36571109790464
20536,Ov_i9A2_L01_R0000FE0C_C0000D560,0.0,0.0289053,0.019406222,0.019406222,2,Dataset,,,306710.575990153,6464010.654370924,,2466,46169.87867121528,669A4E0B17DB4CF914998372C2806289,,,,,,,,,6.07179753,114.22672883525213
20538,Ov_i9A2_L01_R0000FE0D_C0000D552,0.0,0.0289053,0.019406222,0.019406222,2,Dataset,,,305367.41749427,6464199.916811109,,2466,46169.87867259259,7FBE2B71116B43A17F73FE15CCD51689,,,,,,,,,2.298764075,44.82149014245658
20539,Ov_i9A2_L01_R0000FE0D_C0000D554,0.0,0.0289053,0.019406222,0.019406222,2,Dataset,,,305488.723716263,6464172.496738281,,2466,46169.878673935185,B311B3E071228FDA4D1084426CFA5FFF,,,,,,,,,4.862668085,49.02080963641095
20540,Ov_i9A2_L01_R0000FDCC_C0000D57E,0.0,0.0289053,0.019406222,0.019406222,2,Dataset,,,309719.95972638,6457742.383094947,,2466,46169.8786753125,D6EEE26550EE6E1615D7519D5F27199D,,,,,,,,,15.81573943,178.91900300790863
20541,Ov_i9A2_L01_R0000FDCC_C0000D57F,0.0,0.0289053,0.019406222,0.019406222,2,Dataset,,,309750.430969026,6457742.799380801,,2466,46169.87867657407,1F56E35462958F4EBFE7A78DF20B52ED,,,,,,,,,0.63309091,5.677907119587448
20543,Ov_i9A2_L01_R0000FDCC_C0000D57A,0.0,0.0289053,0.019406222,0.019406222,2,Dataset,,,309349.804613753,6457742.294130629,,2466,46169.878677824076,6252ECE015D3E8946A2A19DA23B63E46,,,,,,,,,0.324650245,14.946914203027411
20547,Ov_i9A2_L01_R0000FEA6_C0000D716,0.0,0.0289053,0.019406222,0.019406222,2,Dataset,,,350212.178040835,6479309.496042879,,2466,46169.87867909722,2AA541D860CF6B4E8280EACC5F2CD8E8,,,,,,,,,8.271184495,138.15693102946682
20551,Ov_i9A2_L01_R0000FE09_C0000D58A,0.0,0.0289053,0.019406222,0.019406222,2,Dataset,,,310865.359939901,6463754.969037451,,2466,46169.878680358794,0334A795BE92ACCB179F445BA12EC251,,,,,,,,,12.895763105,83.64446015619768
20554,Ov_i9A2_L01_R0000FE09_C0000D560,0.0,0.0289053,0.019406222,0.019406222,2,Dataset,,,306721.601586446,6463731.398996044,,2466,46169.87868178241,10AA67C2A09438C7039843E3B11B754E,,,,,,,,,9.930642865,85.1025684009656
20559,Ov_i9A2_L01_R0000FDF7_C0000D507,0.0,0.29109333,0.019406222,0.019406222,2,Dataset,,,297887.435171913,6461935.992431841,,2466,46169.87868309028,C75C384AA154676F00AC6991954AE030,,,,,,,,,8.38063032,113.26682304404873
20575,Ov_i9A2_L01_R0000FEA6_C0000D714,0.0,0.174656,0.019406222,0.019406222,2,Dataset,,,350089.488815945,6479397.018656077,,2466,46169.878684375,440A6A0E3FD4AADB2B1DD3D563CA3126,,,,,,,,,0.131029785,3.2880295015246253
8881,CL_MLP_PAO_IF_Ortho_26_04_11_Camino_Alternativo_Salamanca,0.0,0.174656,0.0257031,0.0257031,1,Dataset,,8881,306862.807939891,6482303.48906904,,839,46144.24886232639,D4194B8AE657024D92D1308FB37E5576,Camino_Alternativo_Salamanca,DJI MAVIC 3 ENTERPRISE,PAO,2026-04-11 00:00:00,2026-04-23 00:00:00,Activo,https://sig.aminerals.cl/imgdyn/rest/services/CL_MLP_PAO/CL_MLP_PAO_IF_Ortho_Geosupport/ImageServer/file?id=.\El_Mauro_Drone\26_04\CL_MLP_PAO_IF_Ortho_26_04_11_Camino_Alternativo_Salamanca.tif&rasterId=,379_26_04_11_Camino_Alternativo_Salamanca,9739.03534484,1361.1241420366564
15186,CL_MLP_PAO_IF_Ortho_26_04_16_Camino_Alternativo_Salamanca,0.0,0.174656,0.023056,0.046112,1,Dataset,,15186,306863.298583212,6482308.328811162,,2055,46145.342702106485,CC2E20A2FA3BEE7A0819EA4286B26271,Camino_Alternativo_Salamanca,DJI MAVIC 3 ENTERPRISE,PAO,2026-04-16 00:00:00,2026-04-29 00:00:00,Activo,https://sig.aminerals.cl/imgdyn/rest/services/CL_MLP_PAO/CL_MLP_PAO_IF_Ortho_Geosupport/ImageServer/file?id=.\El_Mauro_Drone\26_04_16\CL_MLP_PAO_IF_Ortho_26_04_16_Camino_Alternativo_Salamanca.tif&rasterId=,394_26_04_16_Camino_Alternativo_Salamanca,8217.68159755,2792.679101776064
6636,CL_MLP_PAO_IF_Ortho_26_04_02_Camino_Alternativo_Salamanca,0.0,0.174656,0.0232438,0.0464876,1,Dataset,,6636,306863.599138416,6482321.685181721,,98,46144.24876126157,F03FC4084D446D6A75FB9A519A02286A,Camino_Alternativo_Salamanca,DJI MAVIC 3 ENTERPRISE,PAO,2026-04-02 00:00:00,2026-04-09 00:00:00,Activo,https://sig.aminerals.cl/imgdyn/rest/services/CL_MLP_PAO/CL_MLP_PAO_IF_Ortho_Geosupport/ImageServer/file?id=.\El_Mauro_Drone\26_04\CL_MLP_PAO_IF_Ortho_26_04_02_Camino_Alternativo_Salamanca.tif&rasterId=,342_26_04_02_Camino_Alternativo_Salamanca,7243.4181202,1347.3081403326905
19310,CL_MLP_PAO_IF_Ortho_26_03_21_Camino_Alternativo_Salamanca,0.0,0.464876,0.0232438,0.0464876,1,Dataset,,19310,306862.40681959,6482303.092572988,,2867,46169.80403505787,39FD5F3EF7243B242F5358A2F75ED21B,Camino_Alternativo_Salamanca,DJI MAVIC 3 ENTERPRISE,PAO,2026-03-21 00:00:00,2026-04-01 00:00:00,Activo,https://sig.aminerals.cl/imgdyn/rest/services/CL_MLP_PAO/CL_MLP_PAO_IF_Ortho_Geosupport/ImageServer/file?id=.\El_Mauro_Drone\26_03_21\CL_MLP_PAO_IF_Ortho_26_03_21_Camino_Alternativo_Salamanca.tif&rasterId=,303_26_03_21_Camino_Alternativo_Salamanca,9597.839054095,1494.6748953500833
16382,CL_MLP_PAO_IF_Ortho_26_05_03_Camino_Alternativo_Salamanca,0.0,0.174656,0.0232841,0.0465682,1,Dataset,,16382,306863.10990997,6482300.431215106,,2462,46156.82404929398,F32CDC73AA20268D5ED651A4225D8E76,Camino_Alternativo_Salamanca,DJI MAVIC 3 ENTERPRISE,PAO,2026-05-03 00:00:00,2026-05-13 00:00:00,Activo,https://sig.aminerals.cl/imgdyn/rest/services/CL_MLP_PAO/CL_MLP_PAO_IF_Ortho_Geosupport/ImageServer/file?id=.\El_Mauro_Drone\26_05_03\CL_MLP_PAO_IF_Ortho_26_05_03_Camino_Alternativo_Salamanca.tif&rasterId=,436_26_05_03_Camino_Alternativo_Salamanca,9893.04731488,2784.817587044297
4971,CL_MLP_PAO_IF_Ortho_26_03_28_IIFF9-PA13,0.0,0.490418,0.0245209,0.0490418,1,Dataset,,4971,320478.342255445,6469968.688443372,,827,46144.24878472222,F5DDC08F303FE2B874E3702B75EE7685,IIFF9-PA13,DJI MAVIC 3 ENTERPRISE,PAO,2026-03-28 00:00:00,2026-04-01 00:00:00,Activo,https://sig.aminerals.cl/imgdyn/rest/services/CL_MLP_PAO/CL_MLP_PAO_IF_Ortho_Geosupport/ImageServer/file?id=.\Chacay_El_Mauro_Drone\26_03_28\CL_MLP_PAO_IF_Ortho_26_03_28_IIFF9-PA13.tif&rasterId=,329_26_03_28_IIFF9-PA13,5249.386832775,290.40286186952903
15584,CL_MLP_PAO_IF_Ortho_26_05_06_Camino_Alternativo_Salamanca,0.0,0.174656,0.024738,0.049476,1,Dataset,,15584,306862.926021741,6482331.822018222,,2062,46156.57264616898,42D72FD34EA66553E00F59B3833A667E,Camino_Alternativo_Salamanca,DJI MAVIC 3 ENTERPRISE,PAO,2026-05-06 00:00:00,2026-05-13 00:00:00,Activo,https://sig.aminerals.cl/imgdyn/rest/services/CL_MLP_PAO/CL_MLP_PAO_IF_Ortho_Geosupport/ImageServer/file?id=.\El_Mauro_Drone\26_05_06\CL_MLP_PAO_IF_Ortho_26_05_06_Camino_Alternativo_Salamanca.tif&rasterId=,442_26_05_06_Camino_Alternativo_Salamanca,15549.86811397,2495.287873631079
15761,CL_MLP_PAO_IF_Ortho_26_05_03_EDT,0.0,0.174656,0.0249337,0.0498674,1,Dataset,,15761,263894.952763272,6469836.043218766,,2063,46156.576854907406,F199CCC7664ABA454BA845ED03880872,EDT,DJI MAVIC 3 ENTERPRISE,PAO,2026-05-03 00:00:00,2026-05-13 00:00:00,Activo,https://sig.aminerals.cl/imgdyn/rest/services/CL_MLP_PAO/CL_MLP_PAO_IF_Ortho_Geosupport/ImageServer/file?id=.\Puerto_Punta_Chungo_Drone\26_05_03\CL_MLP_PAO_IF_Ortho_26_05_03_EDT.tif&rasterId=,439_26_05_03_EDT,5717.180815035,510.09438770068084
6739,CL_MLP_PAO_IF_Ortho_26_03_30_EDT,0.0,0.174656,0.0251459,0.0502918,1,Dataset,,6739,263894.837326729,6469836.169644041,,99,46144.248768020836,079B47D0F26BE5808F0F48E6243E85DD,EDT,DJI MAVIC 3 ENTERPRISE,PAO,2026-03-30 00:00:00,2026-04-09 00:00:00,Activo,https://sig.aminerals.cl/imgdyn/rest/services/CL_MLP_PAO/CL_MLP_PAO_IF_Ortho_Geosupport/ImageServer/file?id=.\Puerto_Punta_Chungo_Drone\26_03_30\CL_MLP_PAO_IF_Ortho_26_03_30_EDT.tif&rasterId=,337_26_03_30_EDT,5523.157718795,301.28232789292775
18142,CL_MLP_PAO_IF_Ortho_26_01_20_Linea-33-kV-NorteElMauro-Area3,0.0,0.0289053,0.0272769,0.0545538,1,Dataset,,18142,305591.00836139,6463448.397945125,,2865,46169.78493548611,6E4E7367467AA8ABCAA21FDBDAA6087D,Linea-33-kV-NorteElMauro-Area3,DJI MAVIC 3 ENTERPRISE,PAO,2026-01-20 04:00:00,2026-01-28 00:00:00,Activo,https://sig.aminerals.cl/imgdyn/rest/services/CL_MLP_PAO/CL_MLP_PAO_IF_Ortho_Geosupport/ImageServer/file?id=.\El_Mauro_Drone\26_01_20\CL_MLP_PAO_IF_Ortho_26_01_20_Linea-33-kV-NorteElMauro-Area3.tif&rasterId=,171_26_01_20_Linea-33-kV-NorteElMauro-Area3,20373.70736409,600.0872037814468
15182,CL_MLP_PAO_IF_Ortho_26_04_26_EDT,0.0,0.174656,0.02729,0.05458,1,Dataset,,15182,263894.919197426,6469836.295257889,,2054,46145.341188356484,BCE63F21EAE3D9995A2EB2191FB51CAA,EDT,DJI MAVIC 3 ENTERPRISE,PAO,2026-04-26 00:00:00,2026-04-29 00:00:00,Activo,https://sig.aminerals.cl/imgdyn/rest/services/CL_MLP_PAO/CL_MLP_PAO_IF_Ortho_Geosupport/ImageServer/file?id=.\Puerto_Punta_Chungo_Drone\26_04_26\CL_MLP_PAO_IF_Ortho_26_04_26_EDT.tif&rasterId=,422_26_04_26_EDT,5632.81904951,494.38430709815947
15762,CL_MLP_PAO_IF_Ortho_26_05_09_EDT,0.0,0.174656,0.0279662,0.0559324,1,Dataset,,15762,263894.843290988,6469836.106093133,,2063,46156.57685657407,B047140A1244B567807ECDA5BE9C067C,EDT,DJI MAVIC 3 ENTERPRISE,PAO,2026-05-09 00:00:00,2026-05-13 00:00:00,Activo,https://sig.aminerals.cl/imgdyn/rest/services/CL_MLP_PAO/CL_MLP_PAO_IF_Ortho_Geosupport/ImageServer/file?id=.\Puerto_Punta_Chungo_Drone\26_05_09\CL_MLP_PAO_IF_Ortho_26_05_09_EDT.tif&rasterId=,453_26_05_09_EDT,5675.690198805,499.8209750718548
4506,CL_MLP_PAO_IF_Ortho_26_02_24_Linea-33-kV-NorteElMauro-Area3,0.0,0.0289053,0.0285017,0.0570034,1,Dataset,,4506,305591.326947793,6463448.232691534,,51,46144.248686643514,4A73F0A176CE5BE245ADA7D676AF2BDD,Linea-33-kV-NorteElMauro-Area3,DJI MAVIC 3 ENTERPRISE,PAO,2026-02-24 00:00:00,2026-03-19 00:00:00,Activo,https://sig.aminerals.cl/imgdyn/rest/services/CL_MLP_PAO/CL_MLP_PAO_IF_Ortho_Geosupport/ImageServer/file?id=.\El_Mauro_Drone\26_02_24\CL_MLP_PAO_IF_Ortho_26_02_24_Linea-33-kV-NorteElMauro-Area3.tif&rasterId=,236_26_02_24_Linea-33-kV-NorteElMauro-Area3,20536.45310938,614.1102843044077
9000,CL_MLP_PAO_IF_Ortho_26_04_11_EDT,0.0,0.174656,0.0289053,0.0578106,1,Dataset,,9000,263894.837680948,6469836.03245468,,840,46144.24887366898,8FE35C87247AE0E617BE17E40869FDCB,EDT,DJI MAVIC 3 ENTERPRISE,PAO,2026-04-11 00:00:00,2026-04-23 00:00:00,Activo,https://sig.aminerals.cl/imgdyn/rest/services/CL_MLP_PAO/CL_MLP_PAO_IF_Ortho_Geosupport/ImageServer/file?id=.\Puerto_Punta_Chungo_Drone\26_04\CL_MLP_PAO_IF_Ortho_26_04_11_EDT.tif&rasterId=,380_26_04_11_EDT,5643.28532276,299.47455581785294
20601,Ov_i9A2_L02_R000054C1_C00004756,0.0,0.873280005,0.058218667,0.058218667,2,Dataset,,,322912.776181716,6469748.146304352,,2466,46169.87905234954,B8DA2D4E60700A208E28D4F643C7A6B1,,,,,,,,,597.87707696,403.6290702167458
20602,Ov_i9A2_L02_R000054C2_C00004756,0.0,0.873280005,0.058218667,0.058218667,2,Dataset,,,322922.554109975,6469873.293235221,,2466,46169.879053425924,1CF230A16AC5284D7440C0732C38A220,,,,,,,,,243.35065835,404.6433311409794
20603,Ov_i9A2_L02_R000054C3_C00004755,0.0,0.523968,0.058218667,0.058218667,2,Dataset,,,322478.707445537,6470325.671947055,,2466,46169.87905474537,FFF2B65C2155EE3AAE53C67AFF14706A,,,,,,,,,125.783102335,146.71265606403728
20604,Ov_i9A2_L02_R000054C4_C00004755,0.0,0.523968,0.058218667,0.058218667,2,Dataset,,,322471.601212886,6470364.473339467,,2466,46169.87905605324,C9FD9277533AABCF403148E2BB6A4006,,,,,,,,,5.869767765,13.18204984346255
20607,Ov_i9A2_L02_R000054C2_C00004755,0.0,0.523968,0.058218667,0.058218667,2,Dataset,,,322604.683585622,6469885.32460984,,2466,46169.87905736111,CA42C1DA59F99213ED3F76E6DDEAC897,,,,,,,,,381.652805145,475.5517447183458
20611,Ov_i9A2_L02_R000054C2_C00004757,0.0,0.873280005,0.058218667,0.058218667,2,Dataset,,,323134.499649086,6469778.606334449,,2466,46169.87905840278,C08F2A0B52D3074D75AAFE33990F602B,,,,,,,,,47.21850855,64.45046644554319
20613,Ov_i9A2_L02_R000054C1_C00004757,0.0,0.523968,0.058218667,0.058218667,2,Dataset,,,323157.15325351,6469656.198973673,,2466,46169.87905976852,F04D805DED2A891002A11653C8386CF3,,,,,,,,,102.77755358,198.42008324149347
20624,Ov_i9A2_L02_R000054AC_C00004722,0.0,0.523968,0.058218667,0.058218667,2,Dataset,,,307539.492972528,6463366.420906414,,2466,46169.879061203705,3AF5399947DD18F37438151AAFA3E526,,,,,,,,,57.07458401,166.10360008325338
20625,Ov_i9A2_L02_R000054AC_C00004723,0.0,0.523968,0.058218667,0.058218667,2,Dataset,,,307603.04340943,6463283.539975152,,2466,46169.87906247685,188DFF359B24FB26EA4B8544B10E5B7C,,,,,,,,,100.70577904,253.63512958201272
20626,Ov_i9A2_L02_R000054AC_C0000471D,0.0,0.174656,0.058218667,0.058218667,2,Dataset,,,305961.705503296,6463247.726876382,,2466,46169.87906357639,4BEC35A09D28923E08C6BAA57913EE3E,,,,,,,,,26.53489922,208.3812194004534
20627,Ov_i9A2_L02_R000054AA_C00004720,0.0,0.523968,0.058218667,0.058218667,2,Dataset,,,306952.130025188,6462899.593586157,,2466,46169.8790649537,085D036FF62F5D61F6A4BA99227F8484,,,,,,,,,23.665632595,78.50908434737103
20628,Ov_i9A2_L02_R000054AA_C00004721,0.0,0.873280005,0.058218667,0.058218667,2,Dataset,,,307108.443464883,6462783.615554931,,2466,46169.87906626157,26E26A410FE8D405D29BD5F3AF2E9ED2,,,,,,,,,36.66856765,211.2262378356981
20629,Ov_i9A2_L02_R000054AB_C00004720,0.0,0.873280005,0.058218667,0.058218667,2,Dataset,,,306835.931402301,6462985.78440867,,2466,46169.879067581016,577FD358419AF3621120A6D5C93303AF,,,,,,,,,169.34206541,493.27464373134484
20631,Ov_i9A2_L02_R000054AA_C00004723,0.0,0.523968,0.058218667,0.058218667,2,Dataset,,,307573.656844158,6462746.018526162,,2466,46169.87906895833,08A544EEE76C37E953CDE003412A1A8B,,,,,,,,,0.40424303,13.040404325057251
20632,Ov_i9A2_L02_R000054AA_C00004722,0.0,0.873280005,0.058218667,0.058218667,2,Dataset,,,307524.472944945,6462745.893069931,,2466,46169.8790702662,C38A98F12671F303816FA590DDFEBC2E,,,,,,,,,21.56196591,187.9619261308385
20634,Ov_i9A2_L02_R000054A7_C00004701,0.0,0.174656,0.058218667,0.058218667,2,Dataset,,,297659.698337421,6461814.183033301,,2466,46169.879071296295,69A842D2FFA9824D15A1CE28464785F5,,,,,,,,,165.93215739,309.5145408962715
20635,Ov_i9A2_L02_R000054A7_C00004702,0.0,0.174656,0.058218667,0.058218667,2,Dataset,,,297762.757351992,6461814.217195745,,2466,46169.879072372685,2188382AA491F320033C0C7D12275A6D,,,,,,,,,88.22277369,147.44431027204527
6635,CL_MLP_PAO_IF_Ortho_26_04_01_Pozos_PRP,0.0289053,0.58992,0.029496,0.058992,1,Dataset,,6635,305591.25138684,6463448.293313573,,98,46144.248759965274,665B5FC4F46F449B76A74425C6248AD4,Pozos_PRP,DJI MAVIC 3 ENTERPRISE,PAO,2026-04-01 00:00:00,2026-04-09 00:00:00,Activo,https://sig.aminerals.cl/imgdyn/rest/services/CL_MLP_PAO/CL_MLP_PAO_IF_Ortho_Geosupport/ImageServer/file?id=.\El_Mauro_Drone\26_04_01\CL_MLP_PAO_IF_Ortho_26_04_01_Pozos_PRP.tif&rasterId=,341_26_04_01_Pozos_PRP,20519.17114489,603.8899091703698
15195,CL_MLP_PAO_IF_Ortho_26_04_22_EB3,0.0289053,0.595366,0.0297683,0.0595366,1,Dataset,,15195,310321.02625994,6464243.948275342,,2055,46145.342707233794,16FAD40613A9659E15118586F47706A8,EB3,DJI MAVIC 3 ENTERPRISE,PAO,2026-04-22 00:00:00,2026-04-29 00:00:00,Activo,https://sig.aminerals.cl/imgdyn/rest/services/CL_MLP_PAO/CL_MLP_PAO_IF_Ortho_Geosupport/ImageServer/file?id=.\El_Mauro_Drone\26_04_22\CL_MLP_PAO_IF_Ortho_26_04_22_EB3.tif&rasterId=,413_26_04_22_EB3,20659.776077065,1537.349144990012
15214,CL_MLP_PAO_IF_Ortho_26_04_22_EB3,0.0289053,0.595366,0.0297683,0.0595366,1,Dataset,,15214,310321.02625994,6464243.948275342,,2057,46145.35031358796,16FAD40613A9659E15118586F47706A8,EB3,DJI MAVIC 3 ENTERPRISE,PAO,2026-04-22 00:00:00,2026-04-29 00:00:00,Activo,https://sig.aminerals.cl/imgdyn/rest/services/CL_MLP_PAO/CL_MLP_PAO_IF_Ortho_Geosupport/ImageServer/file?id=.\El_Mauro_Drone\26_04_22\CL_MLP_PAO_IF_Ortho_26_04_22_EB3.tif&rasterId=,413_26_04_22_EB3,20659.776077065,1537.349144990012
4675,CL_MLP_PAO_IF_Ortho_26_03_26_Pozos_PRP,0.0289053,0.609956,0.0304978,0.0609956,1,Dataset,,4675,305591.242089924,6463448.29323411,,55,46144.24869616898,B6005519F0288FE300AE727E5DF1899E,Pozos_PRP,DJI MAVIC 3 ENTERPRISE,PAO,2026-03-26 00:00:00,2026-04-01 00:00:00,Activo,https://sig.aminerals.cl/imgdyn/rest/services/CL_MLP_PAO/CL_MLP_PAO_IF_Ortho_Geosupport/ImageServer/file?id=.\El_Mauro_Drone\26_03_26\CL_MLP_PAO_IF_Ortho_26_03_26_Pozos_PRP.tif&rasterId=,316_26_03_26_Pozos_PRP,20522.19238431,607.951904372264
15190,CL_MLP_PAO_IF_Ortho_26_04_17_EB3,0.0289053,0.61122,0.030561,0.061122,1,Dataset,,15190,310320.915842963,6464244.302132246,,2055,46145.34270450231,444F71C11948105C57A918B76F6160A2,EB3,DJI MAVIC 3 ENTERPRISE,PAO,2026-04-17 00:00:00,2026-04-29 00:00:00,Activo,https://sig.aminerals.cl/imgdyn/rest/services/CL_MLP_PAO/CL_MLP_PAO_IF_Ortho_Geosupport/ImageServer/file?id=.\El_Mauro_Drone\26_04_17\CL_MLP_PAO_IF_Ortho_26_04_17_EB3.tif&rasterId=,401_26_04_17_EB3,20558.47747273,864.1180243709418
15209,CL_MLP_PAO_IF_Ortho_26_04_17_EB3,0.0289053,0.61122,0.030561,0.061122,1,Dataset,,15209,310320.915842963,6464244.302132246,,2057,46145.350310231486,444F71C11948105C57A918B76F6160A2,EB3,DJI MAVIC 3 ENTERPRISE,PAO,2026-04-17 00:00:00,2026-04-29 00:00:00,Activo,https://sig.aminerals.cl/imgdyn/rest/services/CL_MLP_PAO/CL_MLP_PAO_IF_Ortho_Geosupport/ImageServer/file?id=.\El_Mauro_Drone\26_04_17\CL_MLP_PAO_IF_Ortho_26_04_17_EB3.tif&rasterId=,401_26_04_17_EB3,20558.47747273,864.1180243709418
5290,CL_MLP_PAO_IF_Ortho_26_03_27_Estacion_Cabecera,0.174656,0.174656,0.0308025,0.061605,1,Dataset,,5290,350176.064461746,6479428.8146595,,831,46144.248809675926,BF0C29EE3A554F5D6AC801A4CDDCD9A2,Estacion_Cabecera,DJI MAVIC 3 ENTERPRISE,PAO,2026-03-27 00:00:00,2026-04-01 00:00:00,Activo,https://sig.aminerals.cl/imgdyn/rest/services/CL_MLP_PAO/CL_MLP_PAO_IF_Ortho_Geosupport/ImageServer/file?id=.\Chacay_Drone\26_03_27\CL_MLP_PAO_IF_Ortho_26_03_27_Estacion_Cabecera.tif&rasterId=,320_26_03_27_Estacion_Cabecera,17869.957383675,583.5038970086024
3922,CL_MLP_PAO_IF_Ortho_26_02_26_EB3,0.0289053,0.61608053,0.030804027,0.061608053,1,Dataset,,3922,310320.828456993,6464244.060892896,,43,46144.24863288194,4A34658ACA1596712E7759F448583977,EB3,DJI MAVIC 3 ENTERPRISE,PAO,2026-02-26 00:00:00,2026-03-19 00:00:00,Activo,https://sig.aminerals.cl/imgdyn/rest/services/CL_MLP_PAO/CL_MLP_PAO_IF_Ortho_Geosupport/ImageServer/file?id=.\El_Mauro_Drone\26_02_26\CL_MLP_PAO_IF_Ortho_26_02_26_EB3.tif&rasterId=,240_26_02_26_EB3,20453.315616295,562.4249972536602
15405,CL_MLP_PAO_IF_Ortho_26_05_09_Estacion_Cabecera,0.0,0.174656,0.0310386,0.0620772,1,Dataset,,15405,350176.059606683,6479428.617713715,,2061,46156.56856057871,822F770C87B0C9100456E9DF87A2D1BB,Estacion_Cabecera,DJI MAVIC 3 ENTERPRISE,PAO,2026-05-09 00:00:00,2026-05-13 00:00:00,Activo,https://sig.aminerals.cl/imgdyn/rest/services/CL_MLP_PAO/CL_MLP_PAO_IF_Ortho_Geosupport/ImageServer/file?id=.\Chacay_Drone\26_05_09\CL_MLP_PAO_IF_Ortho_26_05_09_Estacion_Cabecera.tif&rasterId=,455_26_05_09_Estacion_Cabecera,18259.72173904,1369.3109425985378
8654,CL_MLP_PAO_IF_Ortho_26_04_09_EB3,0.0289053,0.647208,0.0323604,0.0647208,1,Dataset,,8654,310320.325837458,6464244.393204909,,837,46144.24884922454,1D25BEDB8513D5DAFA4A11DA9FD65DD6,EB3,DJI MAVIC 3 ENTERPRISE,PAO,2026-04-09 00:00:00,2026-04-23 00:00:00,Activo,https://sig.aminerals.cl/imgdyn/rest/services/CL_MLP_PAO/CL_MLP_PAO_IF_Ortho_Geosupport/ImageServer/file?id=.\El_Mauro_Drone\26_04\CL_MLP_PAO_IF_Ortho_26_04_09_EB3.tif&rasterId=,366_26_04_09_EB3,20116.67438562,563.6667600059136
15189,CL_MLP_PAO_IF_Ortho_26_04_16_Pozos_PRP,0.0289053,0.65269,0.0326345,0.065269,1,Dataset,,15189,305591.206812701,6463448.197063723,,2055,46145.34270513889,5D5B3154D7A864616C6C3402CA6562CD,Pozos_PRP,DJI MAVIC 3 ENTERPRISE,PAO,2026-04-16 00:00:00,2026-04-29 00:00:00,Activo,https://sig.aminerals.cl/imgdyn/rest/services/CL_MLP_PAO/CL_MLP_PAO_IF_Ortho_Geosupport/ImageServer/file?id=.\El_Mauro_Drone\26_04_16\CL_MLP_PAO_IF_Ortho_26_04_16_Pozos_PRP.tif&rasterId=,399_26_04_16_Pozos_PRP,20706.665995085,710.6639254947455
15201,CL_MLP_PAO_IF_Ortho_26_04_25_Pozos_PRP,0.0289053,0.65269,0.0326345,0.065269,1,Dataset,,15201,305591.206812701,6463448.197063723,,2055,46145.34270971065,A9DC527DE245837DEEA0AD55293CF72B,Pozos_PRP,DJI MAVIC 3 ENTERPRISE,PAO,2026-04-25 00:00:00,2026-04-29 00:00:00,Activo,https://sig.aminerals.cl/imgdyn/rest/services/CL_MLP_PAO/CL_MLP_PAO_IF_Ortho_Geosupport/ImageServer/file?id=.\El_Mauro_Drone\26_04_25\CL_MLP_PAO_IF_Ortho_26_04_25_Pozos_PRP.tif&rasterId=,420_26_04_25_Pozos_PRP,20706.665995085,710.6639254947455
15220,CL_MLP_PAO_IF_Ortho_26_04_25_Pozos_PRP,0.0289053,0.65269,0.0326345,0.065269,1,Dataset,,15220,305591.206812701,6463448.197063723,,2057,46145.350314780095,A9DC527DE245837DEEA0AD55293CF72B,Pozos_PRP,DJI MAVIC 3 ENTERPRISE,PAO,2026-04-25 00:00:00,2026-04-29 00:00:00,Activo,https://sig.aminerals.cl/imgdyn/rest/services/CL_MLP_PAO/CL_MLP_PAO_IF_Ortho_Geosupport/ImageServer/file?id=.\El_Mauro_Drone\26_04_25\CL_MLP_PAO_IF_Ortho_26_04_25_Pozos_PRP.tif&rasterId=,420_26_04_25_Pozos_PRP,20706.665995085,710.6639254947455
15586,CL_MLP_PAO_IF_Ortho_26_05_08_Pozos_PRP,0.0289053,0.65673,0.0328365,0.065673,1,Dataset,,15586,305591.819580738,6463447.998177428,,2062,46156.57264903935,FEFFF697BFE04971D3139F01B29E8C88,Pozos_PRP,DJI MAVIC 3 ENTERPRISE,PAO,2026-05-08 00:00:00,2026-05-13 00:00:00,Activo,https://sig.aminerals.cl/imgdyn/rest/services/CL_MLP_PAO/CL_MLP_PAO_IF_Ortho_Geosupport/ImageServer/file?id=.\El_Mauro_Drone\26_05_08\CL_MLP_PAO_IF_Ortho_26_05_08_Pozos_PRP.tif&rasterId=,451_26_05_08_Pozos_PRP,21142.935968025,1115.333266325922
4309,CL_MLP_PAO_IF_Ortho_26_03_12_EB3,0.0289053,0.664098,0.0332049,0.0664098,1,Dataset,,4309,310320.758415995,6464243.948017693,,48,46144.24866534722,2C738A33DADF37328D1C909C8F058909,EB3,DJI MAVIC 3 ENTERPRISE,PAO,2026-03-12 00:00:00,2026-03-31 00:00:00,Activo,https://sig.aminerals.cl/imgdyn/rest/services/CL_MLP_PAO/CL_MLP_PAO_IF_Ortho_Geosupport/ImageServer/file?id=.\El_Mauro_Drone\26_03_12\CL_MLP_PAO_IF_Ortho_26_03_12_EB3.tif&rasterId=,277_26_03_12_EB3,20397.578102485,561.5602366931645
5113,CL_MLP_PAO_IF_Ortho_26_03_27_EB3,0.0289053,0.669062,0.0334531,0.0669062,1,Dataset,,5113,310320.667517525,6464244.31964372,,829,46144.24879528935,94F623290F400FFD979D22548F4F19B6,EB3,DJI MAVIC 3 ENTERPRISE,PAO,2026-03-27 00:00:00,2026-04-01 00:00:00,Activo,https://sig.aminerals.cl/imgdyn/rest/services/CL_MLP_PAO/CL_MLP_PAO_IF_Ortho_Geosupport/ImageServer/file?id=.\El_Mauro_Drone\26_03_27\CL_MLP_PAO_IF_Ortho_26_03_27_EB3.tif&rasterId=,319_26_03_27_EB3,20301.04601735,561.8606770448629
5031,CL_MLP_PAO_IF_Ortho_26_03_20_EB3,0.0289053,0.737426,0.0368713,0.0737426,1,Dataset,,5031,310320.755195023,6464244.383046187,,828,46144.24878861111,B256707338867D12C4411FD277DCBCB8,EB3,DJI MAVIC 3 ENTERPRISE,PAO,2026-03-20 00:00:00,2026-04-01 00:00:00,Activo,https://sig.aminerals.cl/imgdyn/rest/services/CL_MLP_PAO/CL_MLP_PAO_IF_Ortho_Geosupport/ImageServer/file?id=.\El_Mauro_Drone\26_03_20\CL_MLP_PAO_IF_Ortho_26_03_20_EB3.tif&rasterId=,298_26_03_20_EB3,20376.07945128,565.022177421766
4151,CL_MLP_PAO_IF_Ortho_26_03_04_Linea-33-kV-NorteElMauro-Area3,0.0289053,0.780866,0.0390433,0.0780866,1,Dataset,,4151,305591.164720406,6463448.044335903,,46,46144.24865450232,B4B7CF7E3A357836F28EF8E8149F0D25,Linea-33-kV-NorteElMauro-Area3,DJI MAVIC 3 ENTERPRISE,PAO,2026-03-04 00:00:00,2026-03-31 00:00:00,Activo,https://sig.aminerals.cl/imgdyn/rest/services/CL_MLP_PAO/CL_MLP_PAO_IF_Ortho_Geosupport/ImageServer/file?id=.\El_Mauro_Drone\26_03_04\CL_MLP_PAO_IF_Ortho_26_03_04_Linea-33-kV-NorteElMauro-Area3.tif&rasterId=,258_26_03_04_Linea-33-kV-NorteElMauro-Area3,20441.190175065,605.8763587508738
4152,CL_MLP_PAO_IF_Ortho_26_03_04_EBD,0.0289053,0.780866,0.0390433,0.0780866,1,Dataset,,4152,305813.201448343,6463425.140434397,,46,46144.24865576389,8AC07B4384614EBBF5DD335AA7210161,EBD,DJI MAVIC 3 ENTERPRISE,PAO,2026-03-04 00:00:00,2026-03-31 00:00:00,Activo,https://sig.aminerals.cl/imgdyn/rest/services/CL_MLP_PAO/CL_MLP_PAO_IF_Ortho_Geosupport/ImageServer/file?id=.\El_Mauro_Drone\26_03_04\CL_MLP_PAO_IF_Ortho_26_03_04_EBD.tif&rasterId=,256_26_03_04_EBD,73171.655000965,1121.739075334571
3345,CL_MLP_PAO_IF_Ortho_26_02_21_IIFF9-PA13,0.0,0.523968,0.0196506,0.0786024,1,Dataset,,3345,320430.039882536,6469933.709333152,,41,46144.24862174769,49FD0BEED8F38117037A52E6DBAB934F,IIFF9-PA13,DJI MAVIC 3 ENTERPRISE,PAO,2026-02-21 00:00:00,2026-03-19 00:00:00,Activo,https://sig.aminerals.cl/imgdyn/rest/services/CL_MLP_PAO/CL_MLP_PAO_IF_Ortho_Geosupport/ImageServer/file?id=.\Chacay_El_Mauro_Drone\26_02_21\CL_MLP_PAO_IF_Ortho_26_02_21_IIFF9-PA13.tif&rasterId=,232_26_02_21_IIFF9-PA13,39983.654343605,743.589773159593
2889,CL_MLP_PAO_IF_Ortho_26_02_11_EB2,0.0289053,0.8,0.04,0.08,1,Dataset,,2889,296108.514,6462539.5753,,35,46144.248597094906,C5C33632A210A7DA6FF125C3F9CF4665,EB2,DJI MAVIC 3 ENTERPRISE,PAO,2026-02-11 00:00:00,2026-03-11 00:00:00,Activo,https://sig.aminerals.cl/imgdyn/rest/services/CL_MLP_PAO/CL_MLP_PAO_IF_Ortho_Geosupport/ImageServer/file?id=.\El_Mauro_Puerto_Punta_Chungo_Drone\26_02_11\CL_MLP_PAO_IF_Ortho_26_02_11_EB2.tif&rasterId=,203_26_02_11_EB2,39249.6,821.92
4155,CL_MLP_PAO_IF_Ortho_26_03_07_EB3,0.0289053,0.805024,0.0402512,0.0805024,1,Dataset,,4155,310320.732516773,6464243.99773478,,46,46144.24865978009,6C846452BAE625C6331ADFFA6666D872,EB3,DJI MAVIC 3 ENTERPRISE,PAO,2026-03-07 00:00:00,2026-03-31 00:00:00,Activo,https://sig.aminerals.cl/imgdyn/rest/services/CL_MLP_PAO/CL_MLP_PAO_IF_Ortho_Geosupport/ImageServer/file?id=.\El_Mauro_Drone\26_03_07\CL_MLP_PAO_IF_Ortho_26_03_07_EB3.tif&rasterId=,265_26_03_07_EB3,20386.063970325,564.3999409009843
15407,CL_MLP_PAO_IF_Ortho_26_05_02_EM2_S2,0.0,0.523968,0.0204464,0.0817856,1,Dataset,,15407,320429.226967934,6469937.186444467,,2061,46156.56856373843,578877F12D769EE0B235C57D08B70D5F,EM2_S2,DJI MAVIC 3 ENTERPRISE,PAO,2026-05-02 00:00:00,2026-05-13 00:00:00,Activo,https://sig.aminerals.cl/imgdyn/rest/services/CL_MLP_PAO/CL_MLP_PAO_IF_Ortho_Geosupport/ImageServer/file?id=.\Chacay_El_Mauro_Drone\26_05_02\CL_MLP_PAO_IF_Ortho_26_05_02_EM2_S2.tif&rasterId=,432_26_05_02_EM2_S2,25245.122267425,1282.8847848884045
2289,CL_MLP_PAO_IF_Ortho_26_02_04_IIFF9-PA13,0.0,0.523968,0.020633,0.082532,1,Dataset,,2289,320425.39541676,6469930.252950922,,26,46144.24857023148,2FA4CD51B21A198C5D8E89E553726BCC,IIFF9-PA13,DJI MAVIC 3 ENTERPRISE,PAO,2026-02-04 04:00:00,2026-02-27 04:00:00,Activo,https://sig.aminerals.cl/imgdyn/rest/services/CL_MLP_PAO/CL_MLP_PAO_IF_Ortho_Geosupport/ImageServer/file?id=.\Chacay_El_Mauro_Drone\26_02_04\CL_MLP_PAO_IF_Ortho_26_02_04_IIFF9-PA13.tif&rasterId=,187_26_02_04_IIFF9-PA13,44340.908896135,779.538497323254
15581,CL_MLP_PAO_IF_Ortho_26_05_07_EM2_S2,0.0,0.523968,0.0206452,0.0825808,1,Dataset,,15581,320429.380602435,6469937.202733417,,2062,46156.57264175926,5FD9FAFA9E0FB6D87691D4FC24954770,EM2_S2,DJI MAVIC 3 ENTERPRISE,PAO,2026-05-07 00:00:00,2026-05-13 00:00:00,Activo,https://sig.aminerals.cl/imgdyn/rest/services/CL_MLP_PAO/CL_MLP_PAO_IF_Ortho_Geosupport/ImageServer/file?id=.\Chacay_El_Mauro_Drone\26_05_07\CL_MLP_PAO_IF_Ortho_26_05_07_EM2_S2.tif&rasterId=,445_26_05_07_EM2_S2,25242.13979921,1272.0260193786255
3998,CL_MLP_PAO_IF_Ortho_26_03_04_IIFF9-PA13,0.0,0.523968,0.0209492,0.0837968,1,Dataset,,3998,320415.776475137,6469917.660782873,,44,46144.24863918981,07578AC488E8743D1C6AA2880A6F45B4,IIFF9-PA13,DJI MAVIC 3 ENTERPRISE,PAO,2026-03-04 00:00:00,2026-03-31 00:00:00,Activo,https://sig.aminerals.cl/imgdyn/rest/services/CL_MLP_PAO/CL_MLP_PAO_IF_Ortho_Geosupport/ImageServer/file?id=.\Chacay_El_Mauro_Drone\26_03_04\CL_MLP_PAO_IF_Ortho_26_03_04_IIFF9-PA13.tif&rasterId=,257_26_03_04_IIFF9-PA13,44846.22190603,854.8514311196964
8199,CL_MLP_PAO_IF_Ortho_26_04_11_EM2_S2,0.0,0.523968,0.0210879,0.0843516,1,Dataset,,8199,320429.235885092,6469937.372910086,,833,46144.24882289352,3DF67EDF8AD9C81C1DC3B7F1186B6EBD,EM2_S2,DJI MAVIC 3 ENTERPRISE,PAO,2026-04-11 00:00:00,2026-04-23 00:00:00,Activo,https://sig.aminerals.cl/imgdyn/rest/services/CL_MLP_PAO/CL_MLP_PAO_IF_Ortho_Geosupport/ImageServer/file?id=.\Chacay_El_Mauro_Drone\26_04\CL_MLP_PAO_IF_Ortho_26_04_11_EM2_S2.tif&rasterId=,381_26_04_11_EM2_S2,25141.811738075,610.6546294641922
18143,CL_MLP_PAO_IF_Ortho_26_01_21_IIFF9-PA13,0.0,0.523968,0.0212351,0.0849404,1,Dataset,,18143,320418.867008532,6469921.388138278,,2865,46169.78493726852,E280A43280B0D6F39D6239447C54FD56,IIFF9-PA13,DJI MAVIC 3 ENTERPRISE,PAO,2026-01-21 04:00:00,2026-01-28 00:00:00,Activo,https://sig.aminerals.cl/imgdyn/rest/services/CL_MLP_PAO/CL_MLP_PAO_IF_Ortho_Geosupport/ImageServer/file?id=.\Chacay_El_Mauro_Drone\26_01_21\CL_MLP_PAO_IF_Ortho_26_01_21_IIFF9-PA13.tif&rasterId=,174_26_01_21_IIFF9-PA13,49422.715951215,827.7220814459603
6426,CL_MLP_PAO_IF_Ortho_26_04_03_Estacion_Cabecera,0.0,0.174656,0.0220003,0.0880012,1,Dataset,,6426,350175.624489914,6479428.884808691,,96,46144.24874763889,6EB7090A60549EB9D14D9D778D37C461,Estacion_Cabecera,DJI MAVIC 3 ENTERPRISE,PAO,2026-04-03 00:00:00,2026-04-09 00:00:00,Activo,https://sig.aminerals.cl/imgdyn/rest/services/CL_MLP_PAO/CL_MLP_PAO_IF_Ortho_Geosupport/ImageServer/file?id=.\Chacay_Drone\26_04\CL_MLP_PAO_IF_Ortho_26_04_03_Estacion_Cabecera.tif&rasterId=,352_26_04_03_Estacion_Cabecera,17723.324333205,607.5218703808705
2291,CL_MLP_PAO_IF_Ortho_26_02_05_ED2,0.0,0.523968,0.0220085,0.088034,1,Dataset,,2291,317793.309769325,6468788.998332947,,26,46144.248572523145,DFA47AC38C3F5CDBB9167D1A93DA63C7,ED2,DJI MAVIC 3 ENTERPRISE,PAO,2026-02-05 00:00:00,2026-02-27 04:00:00,Activo,https://sig.aminerals.cl/imgdyn/rest/services/CL_MLP_PAO/CL_MLP_PAO_IF_Ortho_Geosupport/ImageServer/file?id=.\Chacay_El_Mauro_Drone\26_02_05\CL_MLP_PAO_IF_Ortho_26_02_05_ED2.tif&rasterId=,190_26_02_05_ED2,104319.985635815,1489.1578409662902
15759,CL_MLP_PAO_IF_Ortho_26_05_02_EV2,0.0,0.523968,0.0221208,0.0884832,1,Dataset,,15759,295993.739671063,6463693.529747997,,2063,46156.57685131944,DE76759FF3063D42E5F4AC0525E92823,EV2,DJI MAVIC 3 ENTERPRISE,PAO,2026-05-02 00:00:00,2026-05-13 00:00:00,Activo,https://sig.aminerals.cl/imgdyn/rest/services/CL_MLP_PAO/CL_MLP_PAO_IF_Ortho_Geosupport/ImageServer/file?id=.\El_Mauro_Puerto_Punta_Chungo_Drone\26_05_02\CL_MLP_PAO_IF_Ortho_26_05_02_EV2.tif&rasterId=,433_26_05_02_EV2,79174.658634245,1758.6203107315314
2803,CL_MLP_PAO_IF_Ortho_26_02_12_ED2,0.0,0.523968,0.0221342,0.0885368,1,Dataset,,2803,317793.300501849,6468789.014166099,,33,46144.248587754635,82CB8C886F0483E36E230B218B27D47C,ED2,DJI MAVIC 3 ENTERPRISE,PAO,2026-02-12 00:00:00,2026-03-11 00:00:00,Activo,https://sig.aminerals.cl/imgdyn/rest/services/CL_MLP_PAO/CL_MLP_PAO_IF_Ortho_Geosupport/ImageServer/file?id=.\Chacay_El_Mauro_Drone\26_02_12\CL_MLP_PAO_IF_Ortho_26_02_12_ED2.tif&rasterId=,210_26_02_12_ED2,104351.077867795,1489.1927734120097
15403,CL_MLP_PAO_IF_Ortho_26_05_01_EM1,0.0,0.523968,0.0221368,0.0885472,1,Dataset,,15403,347131.111688477,6475325.050199202,,2061,46156.56855739584,D587F5013451977C04F32FA6481E1273,EM1,DJI MAVIC 3 ENTERPRISE,PAO,2026-05-01 00:00:00,2026-05-13 00:00:00,Activo,https://sig.aminerals.cl/imgdyn/rest/services/CL_MLP_PAO/CL_MLP_PAO_IF_Ortho_Geosupport/ImageServer/file?id=.\Chacay_Drone\26_05_01\CL_MLP_PAO_IF_Ortho_26_05_01_EM1.tif&rasterId=,427_26_05_01_EM1,52696.291209755,1990.800246337759
15171,CL_MLP_PAO_IF_Ortho_26_04_15_EM2_S2,0.0,0.523968,0.0221841,0.0887364,1,Dataset,,15171,320429.019492755,6469936.837860421,,2053,46145.33971283565,029E313F0F49BA029552C9DE75BA66B4,EM2_S2,DJI MAVIC 3 ENTERPRISE,PAO,2026-04-15 00:00:00,2026-04-29 00:00:00,Activo,https://sig.aminerals.cl/imgdyn/rest/services/CL_MLP_PAO/CL_MLP_PAO_IF_Ortho_Geosupport/ImageServer/file?id=.\Chacay_El_Mauro_Drone\26_04_15\CL_MLP_PAO_IF_Ortho_26_04_15_EM2_S2.tif&rasterId=,390_26_04_15_EM2_S2,24684.33033946,1447.4100914798896
3996,CL_MLP_PAO_IF_Ortho_26_03_13_EM1,0.0,0.523968,0.0223436,0.0893744,1,Dataset,,3996,347130.924332276,6475325.866749756,,44,46144.248636539356,82C4D495747A264D1896AA58D17C5886,EM1,DJI MAVIC 3 ENTERPRISE,PAO,2026-03-13 00:00:00,2026-03-31 00:00:00,Activo,https://sig.aminerals.cl/imgdyn/rest/services/CL_MLP_PAO/CL_MLP_PAO_IF_Ortho_Geosupport/ImageServer/file?id=.\Chacay_Drone\26_03_13\CL_MLP_PAO_IF_Ortho_26_03_13_EM1.tif&rasterId=,280_26_03_13_EM1,51803.773507965,919.9887400663839
1778,CL_MLP_PAO_IF_Ortho_26_01_16_EM1,0.0,0.523968,0.0225596,0.0902384,1,Dataset,,1778,347131.184271868,6475325.56361909,,21,46144.24855982639,897038564E0D73E5861127AE822C79D8,EM1,DJI MAVIC 3 ENTERPRISE,PAO,2026-01-16 04:00:00,2026-01-28 00:00:00,Activo,https://sig.aminerals.cl/imgdyn/rest/services/CL_MLP_PAO/CL_MLP_PAO_IF_Ortho_Geosupport/ImageServer/file?id=.\Chacay_Drone\26_01_16\CL_MLP_PAO_IF_Ortho_26_01_16_EM1.tif&rasterId=,165_26_01_16_EM1,52223.06350357,918.9247840252299
18726,CL_MLP_PAO_IF_Ortho_26_01_31_EV2_1,0.0,0.523968,0.0226233,0.0904932,1,Dataset,,18726,296015.363401606,6463705.675467802,,2866,46169.795172881946,D11E99B0B72934F3E48533561B40446B,EV2_1,DJI MAVIC 3 ENTERPRISE,PAO,2026-01-31 00:00:00,2026-02-27 04:00:00,Activo,https://sig.aminerals.cl/imgdyn/rest/services/CL_MLP_PAO/CL_MLP_PAO_IF_Ortho_Geosupport/ImageServer/file?id=.\El_Mauro_Puerto_Punta_Chungo_Drone\26_01_31\CL_MLP_PAO_IF_Ortho_26_01_31_EV2_1.tif&rasterId=,179_26_01_31_EV2_1,66939.18762178,1615.5376849348083
2287,CL_MLP_PAO_IF_Ortho_26_02_06_EM1,0.0,0.523968,0.0227694,0.0910776,1,Dataset,,2287,347131.174172387,6475325.529415914,,26,46144.2485678588,E03540BFC1863622D86DF1DCDFB0E8AB,EM1,DJI MAVIC 3 ENTERPRISE,PAO,2026-02-06 00:00:00,2026-02-27 04:00:00,Activo,https://sig.aminerals.cl/imgdyn/rest/services/CL_MLP_PAO/CL_MLP_PAO_IF_Ortho_Geosupport/ImageServer/file?id=.\Chacay_Drone\26_02_06\CL_MLP_PAO_IF_Ortho_26_02_06_EM1.tif&rasterId=,193_26_02_06_EM1,52213.824260665,918.8271681163277
15408,CL_MLP_PAO_IF_Ortho_26_05_03_ED2,0.0,0.523968,0.0228332,0.0913328,1,Dataset,,15408,317727.643215333,6468773.380437084,,2061,46156.56856505787,6D60BE93473577E2CE546F048BA2923D,ED2,DJI MAVIC 3 ENTERPRISE,PAO,2026-05-03 00:00:00,2026-05-13 00:00:00,Activo,https://sig.aminerals.cl/imgdyn/rest/services/CL_MLP_PAO/CL_MLP_PAO_IF_Ortho_Geosupport/ImageServer/file?id=.\Chacay_El_Mauro_Drone\26_05_03\CL_MLP_PAO_IF_Ortho_26_05_03_ED2.tif&rasterId=,438_26_05_03_ED2,129493.247498715,3400.8263026909003
18731,CL_MLP_PAO_IF_Ortho_26_03_13_EV2,0.0,0.523968,0.0228718,0.0914872,1,Dataset,,18731,295994.419902567,6463706.111351171,,2866,46169.79518053241,49D2930A9903480749B6938C8CB5CC42,EV2,DJI MAVIC 3 ENTERPRISE,PAO,2026-03-13 00:00:00,2026-03-31 00:00:00,Activo,https://sig.aminerals.cl/imgdyn/rest/services/CL_MLP_PAO/CL_MLP_PAO_IF_Ortho_Geosupport/ImageServer/file?id=.\El_Mauro_Puerto_Punta_Chungo_Drone\26_03_13\CL_MLP_PAO_IF_Ortho_26_03_13_EV2.tif&rasterId=,282_26_03_13_EV2,84052.256387335,1158.292016044929
15173,CL_MLP_PAO_IF_Ortho_26_04_16_ED2,0.0,0.523968,0.0228924,0.0915696,1,Dataset,,15173,317727.82629479,6468773.573046477,,2053,46145.3397159375,198FA23C6F982001EA33B6FD000158AF,ED2,DJI MAVIC 3 ENTERPRISE,PAO,2026-04-16 00:00:00,2026-04-29 00:00:00,Activo,https://sig.aminerals.cl/imgdyn/rest/services/CL_MLP_PAO/CL_MLP_PAO_IF_Ortho_Geosupport/ImageServer/file?id=.\Chacay_El_Mauro_Drone\26_04_16\CL_MLP_PAO_IF_Ortho_26_04_16_ED2.tif&rasterId=,396_26_04_16_ED2,129067.219233195,3122.2725117511404
4077,CL_MLP_PAO_IF_Ortho_26_03_14_IIFF9-PA13,0.0,0.523968,0.0230101,0.0920404,1,Dataset,,4077,320428.884194093,6469937.020241895,,45,46144.24865064815,CA9DF3BC26FCA6DFF429689E18DCC812,IIFF9-PA13,DJI MAVIC 3 ENTERPRISE,PAO,2026-03-14 00:00:00,2026-03-31 00:00:00,Activo,https://sig.aminerals.cl/imgdyn/rest/services/CL_MLP_PAO/CL_MLP_PAO_IF_Ortho_Geosupport/ImageServer/file?id=.\Chacay_El_Mauro_Drone\26_03_14\CL_MLP_PAO_IF_Ortho_26_03_14_IIFF9-PA13.tif&rasterId=,287_26_03_14_IIFF9-PA13,24358.72544081,601.2752621879513
4078,CL_MLP_PAO_IF_Ortho_26_03_15_ED2,0.0,0.523968,0.0231298,0.0925192,1,Dataset,,4078,317727.141835447,6468774.316303113,,45,46144.248652002316,FB1094F1542F1ED016630A6E03DD0D21,ED2,DJI MAVIC 3 ENTERPRISE,PAO,2026-03-15 00:00:00,2026-03-31 00:00:00,Activo,https://sig.aminerals.cl/imgdyn/rest/services/CL_MLP_PAO/CL_MLP_PAO_IF_Ortho_Geosupport/ImageServer/file?id=.\Chacay_El_Mauro_Drone\26_03_15\CL_MLP_PAO_IF_Ortho_26_03_15_ED2.tif&rasterId=,289_26_03_15_ED2,127175.275000275,1659.6761428229145
3669,CL_MLP_PAO_IF_Ortho_26_03_02_ED2,0.0,0.523968,0.023225049,0.092900197,1,Dataset,,3669,317727.546282453,6468773.739383236,,825,46144.24877583333,6AE36C7F46B3A2CE56F792DD300576CD,ED2,DJI MAVIC 3 ENTERPRISE,PAO,2026-03-02 00:00:00,2026-03-19 00:00:00,Activo,https://sig.aminerals.cl/imgdyn/rest/services/CL_MLP_PAO/CL_MLP_PAO_IF_Ortho_Geosupport/ImageServer/file?id=.\Chacay_El_Mauro_Drone\26_03_02\CL_MLP_PAO_IF_Ortho_26_03_02_ED2.tif&rasterId=,254_26_03_02_ED2,127755.174629195,1657.8088768830974
8195,CL_MLP_PAO_IF_Ortho_26_04_09_EM1,0.0,0.523968,0.0232421,0.0929684,1,Dataset,,8195,347130.51697159,6475325.45719295,,833,46144.248818831016,B2446AB1AD712259D3DD2E1806B1F140,EM1,DJI MAVIC 3 ENTERPRISE,PAO,2026-04-09 00:00:00,2026-04-23 00:00:00,Activo,https://sig.aminerals.cl/imgdyn/rest/services/CL_MLP_PAO/CL_MLP_PAO_IF_Ortho_Geosupport/ImageServer/file?id=.\Chacay_Drone\26_04\CL_MLP_PAO_IF_Ortho_26_04_09_EM1.tif&rasterId=,368_26_04_09_EM1,52316.691028535,919.1763434348062
15580,CL_MLP_PAO_IF_Ortho_26_05_07_ED2,0.0,0.523968,0.023244,0.092976,1,Dataset,,15580,317727.949257996,6468773.433043637,,2062,46156.57264020833,72904FA0369984E47898C4AA5A49A78D,ED2,DJI MAVIC 3 ENTERPRISE,PAO,2026-05-07 00:00:00,2026-05-13 00:00:00,Activo,https://sig.aminerals.cl/imgdyn/rest/services/CL_MLP_PAO/CL_MLP_PAO_IF_Ortho_Geosupport/ImageServer/file?id=.\Chacay_El_Mauro_Drone\26_05_07\CL_MLP_PAO_IF_Ortho_26_05_07_ED2.tif&rasterId=,444_26_05_07_ED2,129373.22282704,4164.412045847551
2890,CL_MLP_PAO_IF_Ortho_26_02_11_EV2,0.0,0.523968,0.0232879,0.0931516,1,Dataset,,2890,296015.687585263,6463705.537420238,,35,46144.2485983912,1E4128334780FD467E016875300E4C08,EV2,DJI MAVIC 3 ENTERPRISE,PAO,2026-02-11 00:00:00,2026-03-11 00:00:00,Activo,https://sig.aminerals.cl/imgdyn/rest/services/CL_MLP_PAO/CL_MLP_PAO_IF_Ortho_Geosupport/ImageServer/file?id=.\El_Mauro_Puerto_Punta_Chungo_Drone\26_02_11\CL_MLP_PAO_IF_Ortho_26_02_11_EV2.tif&rasterId=,206_26_02_11_EV2,67012.31206086,1063.7358709378375
3343,CL_MLP_PAO_IF_Ortho_26_02_21_ED2,0.0,0.523968,0.023304781,0.093219125,1,Dataset,,3343,317791.724343903,6468738.008198871,,41,46144.24861929398,6BAD90379504BA0D5B77E46AA909D18A,ED2,DJI MAVIC 3 ENTERPRISE,PAO,2026-02-21 00:00:00,2026-03-19 00:00:00,Activo,https://sig.aminerals.cl/imgdyn/rest/services/CL_MLP_PAO/CL_MLP_PAO_IF_Ortho_Geosupport/ImageServer/file?id=.\Chacay_El_Mauro_Drone\26_02_21\CL_MLP_PAO_IF_Ortho_26_02_21_ED2.tif&rasterId=,230_26_02_21_ED2,75252.091973795,1243.193653444163
3268,CL_MLP_PAO_IF_Ortho_26_02_20_EM1,0.0,0.523968,0.02338,0.09352,1,Dataset,,3268,347131.233609416,6475325.484551569,,40,46144.248612222225,956FF22D43354765EBABE8222314E12B,EM1,DJI MAVIC 3 ENTERPRISE,PAO,2026-02-20 00:00:00,2026-03-19 00:00:00,Activo,https://sig.aminerals.cl/imgdyn/rest/services/CL_MLP_PAO/CL_MLP_PAO_IF_Ortho_Geosupport/ImageServer/file?id=.\Chacay_Drone\26_02_20\CL_MLP_PAO_IF_Ortho_26_02_20_EM1.tif&rasterId=,224_26_02_20_EM1,52162.17513954,923.7173123478068
8998,CL_MLP_PAO_IF_Ortho_26_04_12_EV2,0.0,0.523968,0.0233937,0.0935748,1,Dataset,,8998,295993.978058989,6463724.198495462,,840,46144.24887134259,9ED13BBC31252352BC0AF590C7CF1389,EV2,DJI MAVIC 3 ENTERPRISE,PAO,2026-04-12 00:00:00,2026-04-23 00:00:00,Activo,https://sig.aminerals.cl/imgdyn/rest/services/CL_MLP_PAO/CL_MLP_PAO_IF_Ortho_Geosupport/ImageServer/file?id=.\El_Mauro_Puerto_Punta_Chungo_Drone\26_04\CL_MLP_PAO_IF_Ortho_26_04_12_EV2.tif&rasterId=,385_26_04_12_EV2,93736.073631705,1290.920961641106
15168,CL_MLP_PAO_IF_Ortho_26_04_18_Estacion_Cabecera,0.0,0.174656,0.0234245,0.093698,1,Dataset,,15168,350176.245250375,6479428.407441021,,2053,46145.33970826389,C2BE9181FB719AA66AC9E67D13E091B2,Estacion_Cabecera,DJI MAVIC 3 ENTERPRISE,PAO,2026-04-18 00:00:00,2026-04-29 00:00:00,Activo,https://sig.aminerals.cl/imgdyn/rest/services/CL_MLP_PAO/CL_MLP_PAO_IF_Ortho_Geosupport/ImageServer/file?id=.\Chacay_Drone\26_04_18\CL_MLP_PAO_IF_Ortho_26_04_18_Estacion_Cabecera.tif&rasterId=,408_26_04_18_Estacion_Cabecera,18285.7298587,1707.0373001119963
15760,CL_MLP_PAO_IF_Ortho_26_05_09_EV2,0.0,0.523968,0.0234311,0.0937244,1,Dataset,,15760,295994.037625102,6463723.898075577,,2063,46156.57685292824,3E53B12BE12786DB04144D09574163DD,EV2,DJI MAVIC 3 ENTERPRISE,PAO,2026-05-09 00:00:00,2026-05-13 00:00:00,Activo,https://sig.aminerals.cl/imgdyn/rest/services/CL_MLP_PAO/CL_MLP_PAO_IF_Ortho_Geosupport/ImageServer/file?id=.\El_Mauro_Puerto_Punta_Chungo_Drone\26_05_09\CL_MLP_PAO_IF_Ortho_26_05_09_EV2.tif&rasterId=,457_26_05_09_EV2,94060.48154701,1988.2184280572951
6429,CL_MLP_PAO_IF_Ortho_26_04_01_EM2_2,0.0,0.523968,0.0234781,0.0939124,1,Dataset,,6429,320428.757623841,6469937.227612595,,96,46144.24874908565,C4A1B4E666B4BAEE12D49B9219496173,EM2_2,DJI MAVIC 3 ENTERPRISE,PAO,2026-04-01 00:00:00,2026-04-09 00:00:00,Activo,https://sig.aminerals.cl/imgdyn/rest/services/CL_MLP_PAO/CL_MLP_PAO_IF_Ortho_Geosupport/ImageServer/file?id=.\Chacay_El_Mauro_Drone\26_04\CL_MLP_PAO_IF_Ortho_26_04_01_EM2_2.tif&rasterId=,340_26_04_01_EM2_2,24188.21456155,601.9338154226953
15175,CL_MLP_PAO_IF_Ortho_26_04_01_EM2,0.0,0.523968,0.0234781,0.0939124,1,Dataset,,15175,320428.850171249,6469936.994416379,,2053,46145.339719236115,4B59A74B391FFF1C70EDEE8FD6C3CB09,EM2,DJI MAVIC 3 ENTERPRISE,PAO,2026-04-01 00:00:00,2026-04-29 00:00:00,Activo,https://sig.aminerals.cl/imgdyn/rest/services/CL_MLP_PAO/CL_MLP_PAO_IF_Ortho_Geosupport/ImageServer/file?id=.\Chacay_El_Mauro_Drone\26_04_01\CL_MLP_PAO_IF_Ortho_26_04_01_EM2.tif&rasterId=,393_26_04_01_EM2,24503.608035045,911.0136258811754
15180,CL_MLP_PAO_IF_Ortho_26_04_19_EV2,0.0,0.523968,0.023497,0.093988,1,Dataset,,15180,295995.389254342,6463707.222271705,,2054,46145.341185543984,D2CA37F1A86D504596FD27B4E06F651F,EV2,DJI MAVIC 3 ENTERPRISE,PAO,2026-04-19 00:00:00,2026-04-29 00:00:00,Activo,https://sig.aminerals.cl/imgdyn/rest/services/CL_MLP_PAO/CL_MLP_PAO_IF_Ortho_Geosupport/ImageServer/file?id=.\El_Mauro_Puerto_Punta_Chungo_Drone\26_04_19\CL_MLP_PAO_IF_Ortho_26_04_19_EV2.tif&rasterId=,412_26_04_19_EV2,86138.98004435,1175.8500959887083
3192,CL_MLP_PAO_IF_Ortho_26_02_12_IIFF9-PA13_1,0.0,0.523968,0.0236698,0.0946792,1,Dataset,,3192,320428.267975865,6469937.31220832,,38,46144.24860369213,BCBF4139CDD66305D542DD5920D83947,IIFF9-PA13_1,DJI MAVIC 3 ENTERPRISE,PAO,2026-02-12 00:00:00,2026-03-11 00:00:00,Activo,https://sig.aminerals.cl/imgdyn/rest/services/CL_MLP_PAO/CL_MLP_PAO_IF_Ortho_Geosupport/ImageServer/file?id=.\Chacay_El_Mauro_Drone\26_02_12\CL_MLP_PAO_IF_Ortho_26_02_12_IIFF9-PA13_1.tif&rasterId=,212_26_02_12_IIFF9-PA13_1,24191.485303795,604.1122338783396
4569,CL_MLP_PAO_IF_Ortho_26_03_19_ED2,0.0,0.523968,0.0237249,0.0948996,1,Dataset,,4569,317727.633445498,6468773.806144624,,52,46144.24869284722,5AD27121885E55EDDD7C27FB15D71639,ED2,DJI MAVIC 3 ENTERPRISE,PAO,2026-03-19 00:00:00,2026-04-01 00:00:00,Activo,https://sig.aminerals.cl/imgdyn/rest/services/CL_MLP_PAO/CL_MLP_PAO_IF_Ortho_Geosupport/ImageServer/file?id=.\Chacay_El_Mauro_Drone\26_03_19\CL_MLP_PAO_IF_Ortho_26_03_19_ED2.tif&rasterId=,295_26_03_19_ED2,127661.332734815,1658.8247516711729
3194,CL_MLP_PAO_IF_Ortho_26_02_11_EM1_1,0.0,0.523968,0.0238178,0.0952712,1,Dataset,,3194,347131.39867965,6475325.944156626,,38,46144.24860643518,606EEC57224B95CE0E1A9F67F321D481,EM1_1,DJI MAVIC 3 ENTERPRISE,PAO,2026-02-11 00:00:00,2026-03-11 00:00:00,Activo,https://sig.aminerals.cl/imgdyn/rest/services/CL_MLP_PAO/CL_MLP_PAO_IF_Ortho_Geosupport/ImageServer/file?id=.\Chacay_Drone\26_02_11\CL_MLP_PAO_IF_Ortho_26_02_11_EM1_1.tif&rasterId=,204_26_02_11_EM1_1,52060.714907935,917.2109299673127
1782,CL_MLP_PAO_IF_Ortho_26_01_20_EV1,0.0,0.523968,0.0238502,0.0954008,1,Dataset,,1782,345328.535803536,6471153.096315837,,21,46144.248563090274,4BFE66433FD231121373432D83ADC059,EV1,DJI MAVIC 3 ENTERPRISE,PAO,2026-01-20 04:00:00,2026-01-28 00:00:00,Activo,https://sig.aminerals.cl/imgdyn/rest/services/CL_MLP_PAO/CL_MLP_PAO_IF_Ortho_Geosupport/ImageServer/file?id=.\Chacay_El_Mauro_Drone\26_01_20\CL_MLP_PAO_IF_Ortho_26_01_20_EV1.tif&rasterId=,170_26_01_20_EV1,40793.329612195,972.0365010021176
8198,CL_MLP_PAO_IF_Ortho_26_04_09_ED2,0.0,0.523968,0.0240717,0.0962868,1,Dataset,,8198,317727.606715163,6468773.74457655,,833,46144.24882181713,5365FDB327801451C5606A33ED0B44EA,ED2,DJI MAVIC 3 ENTERPRISE,PAO,2026-04-09 00:00:00,2026-04-23 00:00:00,Activo,https://sig.aminerals.cl/imgdyn/rest/services/CL_MLP_PAO/CL_MLP_PAO_IF_Ortho_Geosupport/ImageServer/file?id=.\Chacay_El_Mauro_Drone\26_04\CL_MLP_PAO_IF_Ortho_26_04_09_ED2.tif&rasterId=,367_26_04_09_ED2,128204.102455875,1672.618893710613
18135,CL_MLP_PAO_IF_Ortho_26_01_04_EV2,0.0,0.523968,0.0241083,0.0964332,1,Dataset,,18135,296008.521453881,6463702.624572291,,2865,46169.78492559028,F1C5DC4F3FF83750F012B8D3E12DC2FA,EV2,DJI MAVIC 3 ENTERPRISE,PAO,2026-01-04 04:00:00,2026-01-21 00:00:00,Activo,https://sig.aminerals.cl/imgdyn/rest/services/CL_MLP_PAO/CL_MLP_PAO_IF_Ortho_Geosupport/ImageServer/file?id=.\El_Mauro_Puerto_Punta_Chungo_Drone\26_01_04\CL_MLP_PAO_IF_Ortho_26_01_04_EV2.tiff&rasterId=,147_26_01_04_EV2,62329.607039845,1043.279280553318
2374,CL_MLP_PAO_IF_Ortho_26_02_04_Linea-33-kV-NorteElMauro-Area3,0.0,0.0289053,0.0241267,0.0965068,1,Dataset,,2374,305591.044610471,6463448.396625062,,27,46144.24857652778,3391E228DC7F10487D7AFFB3C3D80BEC,Linea-33-kV-NorteElMauro-Area3,DJI MAVIC 3 ENTERPRISE,PAO,2026-02-04 00:00:00,2026-02-27 04:00:00,Activo,https://sig.aminerals.cl/imgdyn/rest/services/CL_MLP_PAO/CL_MLP_PAO_IF_Ortho_Geosupport/ImageServer/file?id=.\El_Mauro_Drone\26_02_04\CL_MLP_PAO_IF_Ortho_26_02_04_Linea-33-kV-NorteElMauro-Area3.tif&rasterId=,188_26_02_04_Linea-33-kV-NorteElMauro-Area3,20365.601695335,599.8489163957715
1780,CL_MLP_PAO_IF_Ortho_26_01_10_ED2,0.0,0.523968,0.0242198,0.0968792,1,Dataset,,1780,317793.28979432,6468789.097685754,,21,46144.24856212963,C14C6DB59758761D24533330782EC139,ED2,DJI MAVIC 3 ENTERPRISE,PAO,2026-01-10 04:00:00,2026-01-21 00:00:00,Activo,https://sig.aminerals.cl/imgdyn/rest/services/CL_MLP_PAO/CL_MLP_PAO_IF_Ortho_Geosupport/ImageServer/file?id=.\Chacay_El_Mauro_Drone\26_01_10\CL_MLP_PAO_IF_Ortho_26_01_10_ED2.tiff&rasterId=,158_26_01_10_ED2,104246.14714421,1489.0412146177682
6430,CL_MLP_PAO_IF_Ortho_26_04_02_ED2,0.0,0.523968,0.0245444,0.0981776,1,Dataset,,6430,317727.595886847,6468773.6517345,,96,46144.2487503125,ED4C6A43B06A144C80D4514D488354D5,ED2,DJI MAVIC 3 ENTERPRISE,PAO,2026-04-02 00:00:00,2026-04-09 00:00:00,Activo,https://sig.aminerals.cl/imgdyn/rest/services/CL_MLP_PAO/CL_MLP_PAO_IF_Ortho_Geosupport/ImageServer/file?id=.\Chacay_El_Mauro_Drone\26_04\CL_MLP_PAO_IF_Ortho_26_04_02_ED2.tif&rasterId=,343_26_04_02_ED2,127127.451355275,1657.7745962229571
3196,CL_MLP_PAO_IF_Ortho_26_01_31_EB2_1,0.0,0.0289053,0.0248534,0.0994136,1,Dataset,,3196,296110.116342103,6462539.563960091,,38,46144.24860909722,101E0FDF653F37BD291AFFBC61759860,EB2_1,DJI MAVIC 3 ENTERPRISE,PAO,2026-01-31 00:00:00,2026-02-27 04:00:00,Activo,https://sig.aminerals.cl/imgdyn/rest/services/CL_MLP_PAO/CL_MLP_PAO_IF_Ortho_Geosupport/ImageServer/file?id=.\El_Mauro_Puerto_Punta_Chungo_Drone\26_01_31\CL_MLP_PAO_IF_Ortho_26_01_31_EB2_1.tif&rasterId=,178_26_01_31_EB2_1,24469.808880875,677.1593041857457
8426,CL_MLP_PAO_IF_Ortho_26_03_29_EBR,0.0,0.06,0.05,0.1,1,Dataset,,8426,307469.771805084,6462954.901489313,,835,46144.24883461806,8B11B3A3EFEC40B993EB4E764A5208EF,EBR,DJI MAVIC 3 ENTERPRISE,PAO,2026-03-29 00:00:00,2026-04-23 00:00:00,Activo,https://sig.aminerals.cl/imgdyn/rest/services/CL_MLP_PAO/CL_MLP_PAO_IF_Ortho_Geosupport/ImageServer/file?id=.\El_Mauro_Drone\26_03\CL_MLP_PAO_IF_Ortho_26_03_29_EBR.tif&rasterId=,332_26_03_29_EBR,51927.496684285,947.9251266631503
8428,CL_MLP_PAO_IF_Ortho_26_04_04_EBR,0.0,0.06,0.05,0.1,1,Dataset,,8428,307543.170081013,6463005.18908391,,835,46144.24883697917,9CEEFA70841DE9F0F3D9B7012D3D51E8,EBR,DJI MAVIC 3 ENTERPRISE,PAO,2026-04-04 00:00:00,2026-04-23 00:00:00,Activo,https://sig.aminerals.cl/imgdyn/rest/services/CL_MLP_PAO/CL_MLP_PAO_IF_Ortho_Geosupport/ImageServer/file?id=.\El_Mauro_Drone\26_04\CL_MLP_PAO_IF_Ortho_26_04_04_EBR.tif&rasterId=,353_26_04_04_EBR,28846.87666875,647.4463682088578
8539,CL_MLP_PAO_IF_Ortho_26_04_05_EB3,0.0289053,1.0,0.05,0.1,1,Dataset,,8539,310320.897331941,6464244.2758799,,836,46144.248840810185,B2D71DD7AB5C0FBC5AFB0CB43B6574CF,EB3,DJI MAVIC 3 ENTERPRISE,PAO,2026-04-05 00:00:00,2026-04-23 00:00:00,Activo,https://sig.aminerals.cl/imgdyn/rest/services/CL_MLP_PAO/CL_MLP_PAO_IF_Ortho_Geosupport/ImageServer/file?id=.\El_Mauro_Drone\26_04\CL_MLP_PAO_IF_Ortho_26_04_05_EB3.tif&rasterId=,358_26_04_05_EB3,20515.95804339,562.3272595171305
8884,CL_MLP_PAO_IF_Ortho_26_04_18_EBR,0.0,0.06,0.05,0.1,1,Dataset,,8884,307536.697496326,6462996.887205458,,839,46144.2488661574,B42530F0E62F1B70E9113BFD5E902A73,EBR,DJI MAVIC 3 ENTERPRISE,PAO,2026-04-18 00:00:00,2026-04-23 00:00:00,Activo,https://sig.aminerals.cl/imgdyn/rest/services/CL_MLP_PAO/CL_MLP_PAO_IF_Ortho_Geosupport/ImageServer/file?id=.\El_Mauro_Drone\26_04_18\CL_MLP_PAO_IF_Ortho_26_04_18_EBR.tif&rasterId=,405_26_04_18_EBR,41630.2367286,777.0358555781994
4570,CL_MLP_PAO_IF_Ortho_26_03_26_ED2,0.0,0.523968,0.0250047,0.1000188,1,Dataset,,4570,317727.977502921,6468773.478745427,,52,46144.248693657406,6454CE9084E80556DD31C77922A32A70,ED2,DJI MAVIC 3 ENTERPRISE,PAO,2026-03-26 00:00:00,2026-04-01 00:00:00,Activo,https://sig.aminerals.cl/imgdyn/rest/services/CL_MLP_PAO/CL_MLP_PAO_IF_Ortho_Geosupport/ImageServer/file?id=.\Chacay_El_Mauro_Drone\26_03_26\CL_MLP_PAO_IF_Ortho_26_03_26_ED2.tif&rasterId=,312_26_03_26_ED2,127230.312639645,1661.7701970737553
15583,CL_MLP_PAO_IF_Ortho_26_05_01_Pozos_PRP,0.0,0.0289053,0.0252918,0.1011672,1,Dataset,,15583,305592.121957653,6463447.833904985,,2062,46156.57264479167,1F035783D55137D5A25FFFFD11E91404,Pozos_PRP,DJI MAVIC 3 ENTERPRISE,PAO,2026-05-01 00:00:00,2026-05-13 00:00:00,Activo,https://sig.aminerals.cl/imgdyn/rest/services/CL_MLP_PAO/CL_MLP_PAO_IF_Ortho_Geosupport/ImageServer/file?id=.\El_Mauro_Drone\26_05_01\CL_MLP_PAO_IF_Ortho_26_05_01_Pozos_PRP.tif&rasterId=,429_26_05_01_Pozos_PRP,21041.719475095,1027.4753441630862
8196,CL_MLP_PAO_IF_Ortho_26_04_10_Estacion_Cabecera,0.0,0.174656,0.0254115,0.101646,1,Dataset,,8196,350176.00339146,6479428.726780402,,833,46144.24881989583,3F06FB6B131C2BC303E11BB9F8135C88,Estacion_Cabecera,DJI MAVIC 3 ENTERPRISE,PAO,2026-04-10 00:00:00,2026-04-23 00:00:00,Activo,https://sig.aminerals.cl/imgdyn/rest/services/CL_MLP_PAO/CL_MLP_PAO_IF_Ortho_Geosupport/ImageServer/file?id=.\Chacay_Drone\26_04\CL_MLP_PAO_IF_Ortho_26_04_10_Estacion_Cabecera.tif&rasterId=,374_26_04_10_Estacion_Cabecera,18120.73032976,582.3301105192086
3420,CL_MLP_PAO_IF_Ortho_26_02_20_EV2,0.0,0.523968,0.0255389,0.1021556,1,Dataset,,3420,296015.565480819,6463706.135707499,,42,46144.24862890046,ED7B5F1148C71C912DEB29971A3A54B6,EV2,DJI MAVIC 3 ENTERPRISE,PAO,2026-02-20 00:00:00,2026-03-19 00:00:00,Activo,https://sig.aminerals.cl/imgdyn/rest/services/CL_MLP_PAO/CL_MLP_PAO_IF_Ortho_Geosupport/ImageServer/file?id=.\El_Mauro_Puerto_Punta_Chungo_Drone\26_02_20\CL_MLP_PAO_IF_Ortho_26_02_20_EV2.tif&rasterId=,227_26_02_20_EV2,66782.1760135,1056.7553873816635
8880,CL_MLP_PAO_IF_Ortho_26_04_10_Pozos_PRP,0.0,0.0289053,0.0258645,0.103458,1,Dataset,,8880,305591.857343727,6463447.865643874,,839,46144.24886097222,C5607DB86B7AFC97B1FB2955BD744DCF,Pozos_PRP,DJI MAVIC 3 ENTERPRISE,PAO,2026-04-10 00:00:00,2026-04-23 00:00:00,Activo,https://sig.aminerals.cl/imgdyn/rest/services/CL_MLP_PAO/CL_MLP_PAO_IF_Ortho_Geosupport/ImageServer/file?id=.\El_Mauro_Drone\26_04\CL_MLP_PAO_IF_Ortho_26_04_10_Pozos_PRP.tif&rasterId=,377_26_04_10_Pozos_PRP,21011.074247225,610.2276679353703
2447,CL_MLP_PAO_IF_Ortho_26_02_05_EV2,0.0,0.523968,0.0258778,0.1035112,1,Dataset,,2447,296015.553297072,6463706.072232188,,28,46144.24858328704,0C58E1D59CA2B39AC027B171757557A7,EV2,DJI MAVIC 3 ENTERPRISE,PAO,2026-02-05 00:00:00,2026-02-27 04:00:00,Activo,https://sig.aminerals.cl/imgdyn/rest/services/CL_MLP_PAO/CL_MLP_PAO_IF_Ortho_Geosupport/ImageServer/file?id=.\El_Mauro_Puerto_Punta_Chungo_Drone\26_02_05\CL_MLP_PAO_IF_Ortho_26_02_05_EV2.tif&rasterId=,192_26_02_05_EV2,66742.271366515,1055.0487712069391
4378,CL_MLP_PAO_IF_Ortho_26_03_15_Linea-33-kV-NorteElMauro-Area3_1,0.0,0.0289053,0.0262668,0.1050672,1,Dataset,,4378,305591.300213838,6463448.241378325,,49,46144.248673981485,6EC3DAF352E45C941B1C0D92EE043438,Linea-33-kV-NorteElMauro-Area3_1,DJI MAVIC 3 ENTERPRISE,PAO,2026-03-15 00:00:00,2026-03-31 00:00:00,Activo,https://sig.aminerals.cl/imgdyn/rest/services/CL_MLP_PAO/CL_MLP_PAO_IF_Ortho_Geosupport/ImageServer/file?id=.\El_Mauro_Drone\26_03_15\CL_MLP_PAO_IF_Ortho_26_03_15_Linea-33-kV-NorteElMauro-Area3_1.tif&rasterId=,290_26_03_15_Linea-33-kV-NorteElMauro-Area3_1,20521.921010405,604.3170821432221
5034,CL_MLP_PAO_IF_Ortho_26_03_26_Camino_Alternativo_Salamanca,0.0,0.174656,0.02644,0.10576,1,Dataset,,5034,306862.790271729,6482309.241873562,,828,46144.2487903588,F0283A1ACA1862F494BA883AD9E7D5DD,Camino_Alternativo_Salamanca,DJI MAVIC 3 ENTERPRISE,PAO,2026-03-26 00:00:00,2026-04-01 00:00:00,Activo,https://sig.aminerals.cl/imgdyn/rest/services/CL_MLP_PAO/CL_MLP_PAO_IF_Ortho_Geosupport/ImageServer/file?id=.\El_Mauro_Drone\26_03_26\CL_MLP_PAO_IF_Ortho_26_03_26_Camino_Alternativo_Salamanca.tif&rasterId=,310_26_03_26_Camino_Alternativo_Salamanca,80410.38702403,1694.3151771880928
3195,CL_MLP_PAO_IF_Ortho_26_01_31_Linea-33-kV-NorteElMauro-Area3_1,0.0,0.0289053,0.0268392,0.1073568,1,Dataset,,3195,305591.243176315,6463448.321683997,,38,46144.24860777778,059EBE7C9410178A539BAC580A648BE0,Linea-33-kV-NorteElMauro-Area3_1,DJI MAVIC 3 ENTERPRISE,PAO,2026-01-31 00:00:00,2026-03-11 00:00:00,Activo,https://sig.aminerals.cl/imgdyn/rest/services/CL_MLP_PAO/CL_MLP_PAO_IF_Ortho_Geosupport/ImageServer/file?id=.\El_Mauro_Drone\26_01_31\CL_MLP_PAO_IF_Ortho_26_01_31_Linea-33-kV-NorteElMauro-Area3_1.tif&rasterId=,180_26_01_31_Linea-33-kV-NorteElMauro-Area3_1,20544.346347715,615.0902934306508
15404,CL_MLP_PAO_IF_Ortho_26_05_09_EM1,0.0,0.523968,0.0269487,0.1077948,1,Dataset,,15404,347131.113847568,6475324.754790871,,2061,46156.568559004634,98F888E4F98CD87035E125AFD4B9C8F0,EM1,DJI MAVIC 3 ENTERPRISE,PAO,2026-05-09 00:00:00,2026-05-13 00:00:00,Activo,https://sig.aminerals.cl/imgdyn/rest/services/CL_MLP_PAO/CL_MLP_PAO_IF_Ortho_Geosupport/ImageServer/file?id=.\Chacay_Drone\26_05_09\CL_MLP_PAO_IF_Ortho_26_05_09_EM1.tif&rasterId=,454_26_05_09_EM1,52754.82173301,1444.5291151037227
5527,CL_MLP_PAO_IF_Ortho_26_03_21_EV2,0.0,0.523968,0.0273024,0.1092096,1,Dataset,,5527,295994.001216856,6463723.927374753,,57,46144.248698414354,46491E27C6927CBD756B84F3AFB756F2,EV2,DJI MAVIC 3 ENTERPRISE,PAO,2026-03-21 00:00:00,2026-04-01 00:00:00,Activo,https://sig.aminerals.cl/imgdyn/rest/services/CL_MLP_PAO/CL_MLP_PAO_IF_Ortho_Geosupport/ImageServer/file?id=.\El_Mauro_Puerto_Punta_Chungo_Drone\26_03_21\CL_MLP_PAO_IF_Ortho_26_03_21_EV2.tif&rasterId=,304_26_03_21_EV2,94213.401559195,1246.009774381254
18136,CL_MLP_PAO_IF_Ortho_26_01_07_Patio-19B-y-Armado,0.0,1.124432,0.0281108,0.1124432,1,Dataset,,18136,309789.496883481,6459655.075788589,,2865,46169.784927152774,BF26E4E221AF45059B72CB1AC66A5723,Patio-19B-y-Armado,DJI MAVIC 3 ENTERPRISE,PAO,2026-01-07 04:00:00,2026-01-21 00:00:00,Activo,https://sig.aminerals.cl/imgdyn/rest/services/CL_MLP_PAO/CL_MLP_PAO_IF_Ortho_Geosupport/ImageServer/file?id=.\El_Mauro_Drone\26_01_07\CL_MLP_PAO_IF_Ortho_26_01_07_Patio-19B-y-Armado.tiff&rasterId=,150_26_01_07_Patio-19B-y-Armado,54293.66533528,1311.2783175255383
4503,CL_MLP_PAO_IF_Ortho_26_02_21_Patio-19B-y-Armado,0.0289053,1.247852,0.0311963,0.1247852,1,Dataset,,4503,309789.859165885,6459653.808227008,,51,46144.248684398146,834D8AC321E5C4AC32B4AB1EBAA33821,Patio-19B-y-Armado,DJI MAVIC 3 ENTERPRISE,PAO,2026-02-21 00:00:00,2026-03-19 00:00:00,Activo,https://sig.aminerals.cl/imgdyn/rest/services/CL_MLP_PAO/CL_MLP_PAO_IF_Ortho_Geosupport/ImageServer/file?id=.\El_Mauro_Drone\26_02_21\CL_MLP_PAO_IF_Ortho_26_02_21_Patio-19B-y-Armado.tif&rasterId=,233_26_02_21_Patio-19B-y-Armado,54231.33744474,1119.9137843918663
3747,CL_MLP_PAO_IF_Ortho_26_02_28_Patio-19B-y-Armado,0.0289053,1.252728,0.0313182,0.1252728,1,Dataset,,3747,309790.207192724,6459654.070339947,,826,46144.248780821756,1CD76FC2F0385EE2A44EB14B5BCEF640,Patio-19B-y-Armado,DJI MAVIC 3 ENTERPRISE,PAO,2026-02-28 00:00:00,2026-03-19 00:00:00,Activo,https://sig.aminerals.cl/imgdyn/rest/services/CL_MLP_PAO/CL_MLP_PAO_IF_Ortho_Geosupport/ImageServer/file?id=.\El_Mauro_Drone\26_02_28\CL_MLP_PAO_IF_Ortho_26_02_28_Patio-19B-y-Armado.tif&rasterId=,249_26_02_28_Patio-19B-y-Armado,54236.9389616,1144.5785237497341
18725,CL_MLP_PAO_IF_Ortho_26_01_22_Patio-19B-y-Armado,0.0289053,1.261052,0.0315263,0.1261052,1,Dataset,,18725,309789.535348628,6459654.785633012,,2866,46169.795171226855,A1DC187B9E33B8F2413E08F437EB6D3A,Patio-19B-y-Armado,DJI MAVIC 3 ENTERPRISE,PAO,2026-01-22 04:00:00,2026-01-28 00:00:00,Activo,https://sig.aminerals.cl/imgdyn/rest/services/CL_MLP_PAO/CL_MLP_PAO_IF_Ortho_Geosupport/ImageServer/file?id=.\El_Mauro_Drone\26_01_22\CL_MLP_PAO_IF_Ortho_26_01_22_Patio-19B-y-Armado.tif&rasterId=,176_26_01_22_Patio-19B-y-Armado,54476.94351116,1127.4813915265388
15193,CL_MLP_PAO_IF_Ortho_26_04_18_Helipuerto,0.0,0.523968,0.031618,0.126472,1,Dataset,,15193,309528.591191273,6457879.503196597,,2055,46145.34270489583,F457A60AD81195638AC4F117F26F774C,Helipuerto,DJI MAVIC 3 ENTERPRISE,PAO,2026-04-18 00:00:00,2026-04-29 00:00:00,Activo,https://sig.aminerals.cl/imgdyn/rest/services/CL_MLP_PAO/CL_MLP_PAO_IF_Ortho_Geosupport/ImageServer/file?id=.\El_Mauro_Drone\26_04_18\CL_MLP_PAO_IF_Ortho_26_04_18_Helipuerto.tif&rasterId=,409_26_04_18_Helipuerto,72845.156087495,2567.277469101534
15212,CL_MLP_PAO_IF_Ortho_26_04_18_Helipuerto,0.0,0.523968,0.031618,0.126472,1,Dataset,,15212,309528.591191273,6457879.503196597,,2057,46145.35031365741,F457A60AD81195638AC4F117F26F774C,Helipuerto,DJI MAVIC 3 ENTERPRISE,PAO,2026-04-18 00:00:00,2026-04-29 00:00:00,Activo,https://sig.aminerals.cl/imgdyn/rest/services/CL_MLP_PAO/CL_MLP_PAO_IF_Ortho_Geosupport/ImageServer/file?id=.\El_Mauro_Drone\26_04_18\CL_MLP_PAO_IF_Ortho_26_04_18_Helipuerto.tif&rasterId=,409_26_04_18_Helipuerto,72845.156087495,2567.277469101534
19309,CL_MLP_PAO_IF_Ortho_26_03_20_Estacion_Drenes_El_Mauro,0.0,1.400668,0.0350167,0.1400668,1,Dataset,,19309,305812.679384931,6463425.869238535,,2867,46169.80403315972,E03763E758B631463DD6E0C545472620,Estacion_Drenes_El_Mauro,DJI MAVIC 3 ENTERPRISE,PAO,2026-03-20 00:00:00,2026-04-01 00:00:00,Activo,https://sig.aminerals.cl/imgdyn/rest/services/CL_MLP_PAO/CL_MLP_PAO_IF_Ortho_Geosupport/ImageServer/file?id=.\El_Mauro_Drone\26_03_20\CL_MLP_PAO_IF_Ortho_26_03_20_Estacion_Drenes_El_Mauro.tif&rasterId=,300_26_03_20_Estacion_Drenes_El_Mauro,73446.59901668,2087.680656607541
18728,CL_MLP_PAO_IF_Ortho_26_02_14_Subestacion-El-Mauro,0.0289053,1.492076,0.0373019,0.1492076,1,Dataset,,18728,310368.726778577,6464115.668323237,,2866,46169.79517611111,1D4B9723106EE8D3430FB7896C1496AD,Subestacion-El-Mauro,DJI MAVIC 3 ENTERPRISE,PAO,2026-02-14 00:00:00,2026-03-11 00:00:00,Activo,https://sig.aminerals.cl/imgdyn/rest/services/CL_MLP_PAO/CL_MLP_PAO_IF_Ortho_Geosupport/ImageServer/file?id=.\El_Mauro_Drone\26_02_14\CL_MLP_PAO_IF_Ortho_26_02_14_Subestacion-El-Mauro.tif&rasterId=,216_26_02_14_Subestacion-El-Mauro,109764.60105872,2621.21923218986
5291,CL_MLP_PAO_IF_Ortho_26_03_18_EM2_S2,0.0,0.523968,0.0196213,0.1569704,1,Dataset,,5291,320416.41195554,6469937.230414976,,831,46144.2488103588,9ED44AF8BF12D0CC3E9F33E11BE24085,EM2_S2,DJI MAVIC 3 ENTERPRISE,PAO,2026-03-18 00:00:00,2026-04-01 00:00:00,Activo,https://sig.aminerals.cl/imgdyn/rest/services/CL_MLP_PAO/CL_MLP_PAO_IF_Ortho_Geosupport/ImageServer/file?id=.\Chacay_El_Mauro_Drone\26_03_18\CL_MLP_PAO_IF_Ortho_26_03_18_EM2_S2.tif&rasterId=,293_26_03_18_EM2_S2,82632.002467395,1047.0087412889543
6322,CL_MLP_PAO_IF_Ortho_26_02_26_TORRE_E85_A_E_125,0.0,1.571904,0.04,0.16,1,Dataset,,6322,299336.988334955,6461742.467157809,,95,46144.24874201389,F89356564090E70AAB9AB3B2ECB77983,TORRE_E85_A_E_125,DJI MAVIC 3 ENTERPRISE,PAO,2026-02-26 00:00:00,2026-03-19 00:00:00,Activo,https://sig.aminerals.cl/imgdyn/rest/services/CL_MLP_PAO/CL_MLP_PAO_IF_Ortho_Geosupport/ImageServer/file?id=.\El_Mauro_Puerto_Punta_Chungo_Drone\26_02_26\CL_MLP_PAO_IF_Ortho_26_02_26_TORRE_E85_A_E_125.tif&rasterId=,246_26_02_26_TORRE_E85_A_E_125,393598.642475335,6506.308338242482
6530,CL_MLP_PAO_IF_Ortho_26_04_02_EM3,0.0,0.523968,0.0201392,0.1611136,1,Dataset,,6530,314056.281424778,6465673.504312768,,97,46144.248753078704,DB844A0F8E1CBF697C638E88503DA250,EM3,DJI MAVIC 3 ENTERPRISE,PAO,2026-04-02 00:00:00,2026-04-09 00:00:00,Activo,https://sig.aminerals.cl/imgdyn/rest/services/CL_MLP_PAO/CL_MLP_PAO_IF_Ortho_Geosupport/ImageServer/file?id=.\Chacay_El_Mauro_Drone\26_04\CL_MLP_PAO_IF_Ortho_26_04_02_EM3.tif&rasterId=,344_26_04_02_EM3,145986.485822825,1595.9846980749887
5289,CL_MLP_PAO_IF_Ortho_26_03_20_EM1,0.0,0.523968,0.0205017,0.1640136,1,Dataset,,5289,347131.640107611,6475325.185802553,,831,46144.2488089699,EA2EA154AD9AAE5ECF49F58BFB8ABF44,EM1,DJI MAVIC 3 ENTERPRISE,PAO,2026-03-20 00:00:00,2026-04-01 00:00:00,Activo,https://sig.aminerals.cl/imgdyn/rest/services/CL_MLP_PAO/CL_MLP_PAO_IF_Ortho_Geosupport/ImageServer/file?id=.\Chacay_Drone\26_03_20\CL_MLP_PAO_IF_Ortho_26_03_20_EM1.tif&rasterId=,299_26_03_20_EM1,52484.0380531,921.4144496742379
3272,CL_MLP_PAO_IF_Ortho_26_02_19_ED1_IIFF7_DME8,0.0,0.523968,0.0206458,0.1651664,1,Dataset,,3272,327841.612344018,6468904.296484995,,40,46144.24861628473,2ECECE4A24C9C7F140F74792E900C565,ED1_IIFF7_DME8,DJI MAVIC 3 ENTERPRISE,PAO,2026-02-19 00:00:00,2026-03-19 00:00:00,Activo,https://sig.aminerals.cl/imgdyn/rest/services/CL_MLP_PAO/CL_MLP_PAO_IF_Ortho_Geosupport/ImageServer/file?id=.\Chacay_El_Mauro_Drone\26_02_19\CL_MLP_PAO_IF_Ortho_26_02_19_ED1_IIFF7_DME8.tif&rasterId=,221_26_02_19_ED1_IIFF7_DME8,37904.84441055,878.0407417082084
3344,CL_MLP_PAO_IF_Ortho_26_02_21_EV1,0.0,0.523968,0.0208097,0.1664776,1,Dataset,,3344,345355.383086567,6471222.285099437,,41,46144.2486203588,805387D1EEDC6399BC9B9B7106F8792D,EV1,DJI MAVIC 3 ENTERPRISE,PAO,2026-02-21 00:00:00,2026-03-19 00:00:00,Activo,https://sig.aminerals.cl/imgdyn/rest/services/CL_MLP_PAO/CL_MLP_PAO_IF_Ortho_Geosupport/ImageServer/file?id=.\Chacay_El_Mauro_Drone\26_02_21\CL_MLP_PAO_IF_Ortho_26_02_21_EV1.tif&rasterId=,231_26_02_21_EV1,75922.56530739,1279.5863797494956
5292,CL_MLP_PAO_IF_Ortho_26_03_26_EM3,0.0,0.523968,0.0210934,0.1687472,1,Dataset,,5292,314056.296263719,6465672.994569003,,831,46144.24881114583,BCBAF3C6766409BD9E84969327C6711F,EM3,DJI MAVIC 3 ENTERPRISE,PAO,2026-03-26 00:00:00,2026-04-01 00:00:00,Activo,https://sig.aminerals.cl/imgdyn/rest/services/CL_MLP_PAO/CL_MLP_PAO_IF_Ortho_Geosupport/ImageServer/file?id=.\Chacay_El_Mauro_Drone\26_03_26\CL_MLP_PAO_IF_Ortho_26_03_26_EM3.tif&rasterId=,313_26_03_26_EM3,146841.6756789,1600.9284519024345
18729,CL_MLP_PAO_IF_Ortho_26_03_07_EV2,0.0,0.523968,0.0211841,0.1694728,1,Dataset,,18729,295994.010246119,6463723.811772542,,2866,46169.79517748843,9456535FDEA1E6AED436DB78E259D511,EV2,DJI MAVIC 3 ENTERPRISE,PAO,2026-03-07 00:00:00,2026-03-31 00:00:00,Activo,https://sig.aminerals.cl/imgdyn/rest/services/CL_MLP_PAO/CL_MLP_PAO_IF_Ortho_Geosupport/ImageServer/file?id=.\El_Mauro_Puerto_Punta_Chungo_Drone\26_03_07\CL_MLP_PAO_IF_Ortho_26_03_07_EV2.tif&rasterId=,267_26_03_07_EV2,94004.534104365,2055.6426911408234
15167,CL_MLP_PAO_IF_Ortho_26_04_18_EM1,0.0,0.523968,0.0212416,0.1699328,1,Dataset,,15167,347130.789492025,6475325.243490532,,2053,46145.339707060186,9C45CE4C6021FE390D91F0FB30E18DFA,EM1,DJI MAVIC 3 ENTERPRISE,PAO,2026-04-18 00:00:00,2026-04-29 00:00:00,Activo,https://sig.aminerals.cl/imgdyn/rest/services/CL_MLP_PAO/CL_MLP_PAO_IF_Ortho_Geosupport/ImageServer/file?id=.\Chacay_Drone\26_04_18\CL_MLP_PAO_IF_Ortho_26_04_18_EM1.tif&rasterId=,407_26_04_18_EM1,52489.06909493,921.6577444573503
15406,CL_MLP_PAO_IF_Ortho_26_05_02_ED1,0.0,0.523968,0.021406,0.171248,1,Dataset,,15406,327842.206770058,6468903.143756391,,2061,46156.5685621875,C66D8AC545E4C09D64E97D0D4189432E,ED1,DJI MAVIC 3 ENTERPRISE,PAO,2026-05-02 00:00:00,2026-05-13 00:00:00,Activo,https://sig.aminerals.cl/imgdyn/rest/services/CL_MLP_PAO/CL_MLP_PAO_IF_Ortho_Geosupport/ImageServer/file?id=.\Chacay_El_Mauro_Drone\26_05_02\CL_MLP_PAO_IF_Ortho_26_05_02_ED1.tif&rasterId=,430_26_05_02_ED1,38907.466089805,1949.414338157692
4502,CL_MLP_PAO_IF_Ortho_26_01_10_ED1-IIFF7-DME8,0.0,0.523968,0.0215725,0.17258,1,Dataset,,4502,327841.566616497,6468904.305282074,,51,46144.248683321755,A52EB3347BC118D7108DB0BD82EA756B,ED1-IIFF7-DME8,DJI MAVIC 3 ENTERPRISE,PAO,2026-01-10 04:00:00,2026-01-21 00:00:00,Activo,https://sig.aminerals.cl/imgdyn/rest/services/CL_MLP_PAO/CL_MLP_PAO_IF_Ortho_Geosupport/ImageServer/file?id=.\Chacay_El_Mauro_Drone\26_01_10\CL_MLP_PAO_IF_Ortho_26_01_10_ED1-IIFF7-DME8.tif&rasterId=,157_26_01_10_ED1-IIFF7-DME8,37872.812493295,873.8363509346386
6425,CL_MLP_PAO_IF_Ortho_26_04_03_EM1,0.0,0.523968,0.0215851,0.1726808,1,Dataset,,6425,347131.001752315,6475325.294760693,,96,46144.24874645834,87228BC58D6F4AA5C34C344FABECA925,EM1,DJI MAVIC 3 ENTERPRISE,PAO,2026-04-03 00:00:00,2026-04-09 00:00:00,Activo,https://sig.aminerals.cl/imgdyn/rest/services/CL_MLP_PAO/CL_MLP_PAO_IF_Ortho_Geosupport/ImageServer/file?id=.\Chacay_Drone\26_04\CL_MLP_PAO_IF_Ortho_26_04_03_EM1.tif&rasterId=,351_26_04_03_EM1,52262.776936575,975.5126732859669
2800,CL_MLP_PAO_IF_Ortho_26_02_04_ED1-IIFF7-DME8,0.0,0.523968,0.0216015,0.172812,1,Dataset,,2800,327841.508995803,6468904.296832836,,33,46144.248586354166,5C0468080DE57038E391FEACF4B6866D,ED1-IIFF7-DME8,DJI MAVIC 3 ENTERPRISE,PAO,2026-02-04 00:00:00,2026-03-11 00:00:00,Activo,https://sig.aminerals.cl/imgdyn/rest/services/CL_MLP_PAO/CL_MLP_PAO_IF_Ortho_Geosupport/ImageServer/file?id=.\Chacay_El_Mauro_Drone\26_02_04\CL_MLP_PAO_IF_Ortho_26_02_04_ED1-IIFF7-DME8.tif&rasterId=,186_26_02_04_ED1-IIFF7-DME8,37875.55185675,874.0602379421724
6424,CL_MLP_PAO_IF_Ortho_26_03_29_EM1,0.0,0.523968,0.0216142,0.1729136,1,Dataset,,6424,347130.9863056,6475325.436765917,,96,46144.2487450926,37B913443D3C150D2DCA6FD71E73BE22,EM1,DJI MAVIC 3 ENTERPRISE,PAO,2026-03-29 00:00:00,2026-04-09 00:00:00,Activo,https://sig.aminerals.cl/imgdyn/rest/services/CL_MLP_PAO/CL_MLP_PAO_IF_Ortho_Geosupport/ImageServer/file?id=.\Chacay_Drone\26_03_29\CL_MLP_PAO_IF_Ortho_26_03_29_EM1.tif&rasterId=,334_26_03_29_EM1,52310.09785361,925.9336218497235
15178,CL_MLP_PAO_IF_Ortho_26_04_18_ED1,0.0,0.523968,0.0216315,0.173052,1,Dataset,,15178,327841.581545487,6468904.160569973,,2054,46145.34118074075,70D23438BF0B9A832AE6A648FD47638F,ED1,DJI MAVIC 3 ENTERPRISE,PAO,2026-04-18 00:00:00,2026-04-29 00:00:00,Activo,https://sig.aminerals.cl/imgdyn/rest/services/CL_MLP_PAO/CL_MLP_PAO_IF_Ortho_Geosupport/ImageServer/file?id=.\El_Mauro_Puerto_Punta_Chungo_Drone\26_04_18\CL_MLP_PAO_IF_Ortho_26_04_18_ED1.tif&rasterId=,406_26_04_18_ED1,38441.386812595,1379.9876077318752
3995,CL_MLP_PAO_IF_Ortho_26_03_06_EM1,0.0,0.523968,0.0216553,0.1732424,1,Dataset,,3995,347131.132016245,6475325.541371382,,44,46144.24863524306,8B63C0FBD961A7CE79B5BFBD4547CC02,EM1,DJI MAVIC 3 ENTERPRISE,PAO,2026-03-06 00:00:00,2026-03-31 00:00:00,Activo,https://sig.aminerals.cl/imgdyn/rest/services/CL_MLP_PAO/CL_MLP_PAO_IF_Ortho_Geosupport/ImageServer/file?id=.\Chacay_Drone\26_03_06\CL_MLP_PAO_IF_Ortho_26_03_06_EM1.tif&rasterId=,261_26_03_06_EM1,52192.704930295,923.1288316445708
15169,CL_MLP_PAO_IF_Ortho_26_04_25_EM1,0.0,0.523968,0.0216572,0.1732576,1,Dataset,,15169,347131.087092631,6475325.068995969,,2053,46145.33971018518,8717889C7960EB6619EE0EA4C94595A7,EM1,DJI MAVIC 3 ENTERPRISE,PAO,2026-04-25 00:00:00,2026-04-29 00:00:00,Activo,https://sig.aminerals.cl/imgdyn/rest/services/CL_MLP_PAO/CL_MLP_PAO_IF_Ortho_Geosupport/ImageServer/file?id=.\Chacay_Drone\26_04_25\CL_MLP_PAO_IF_Ortho_26_04_25_EM1.tif&rasterId=,419_26_04_25_EM1,52534.643528255,1999.1347338731346
4074,CL_MLP_PAO_IF_Ortho_26_03_11_EV1,0.0,0.523968,0.0217675,0.17414,1,Dataset,,4074,345355.363392106,6471223.281652611,,45,46144.24864638889,B3900D7F49FEB61B77457B4C447AD1CB,EV1,DJI MAVIC 3 ENTERPRISE,PAO,2026-03-11 00:00:00,2026-03-31 00:00:00,Activo,https://sig.aminerals.cl/imgdyn/rest/services/CL_MLP_PAO/CL_MLP_PAO_IF_Ortho_Geosupport/ImageServer/file?id=.\Chacay_El_Mauro_Drone\26_03_11\CL_MLP_PAO_IF_Ortho_26_03_11_EV1.tif&rasterId=,274_26_03_11_EV1,75407.64074015,1275.233389586946
4075,CL_MLP_PAO_IF_Ortho_26_03_14_ED1-IIFF7-DME8,0.0,0.523968,0.02177,0.17416,1,Dataset,,4075,327841.65530767,6468904.269748661,,45,46144.24864790509,6886530383EE9B6C240C0D3C58EE63E2,ED1-IIFF7-DME8,DJI MAVIC 3 ENTERPRISE,PAO,2026-03-14 00:00:00,2026-03-31 00:00:00,Activo,https://sig.aminerals.cl/imgdyn/rest/services/CL_MLP_PAO/CL_MLP_PAO_IF_Ortho_Geosupport/ImageServer/file?id=.\Chacay_El_Mauro_Drone\26_03_14\CL_MLP_PAO_IF_Ortho_26_03_14_ED1-IIFF7-DME8.tif&rasterId=,285_26_03_14_ED1-IIFF7-DME8,37908.96831439,874.2458403105393
1784,CL_MLP_PAO_IF_Ortho_26_01_21_ED1-IIFF7-DME8,0.0,0.523968,0.0217932,0.1743456,1,Dataset,,1784,327841.390540017,6468904.338955891,,21,46144.248565208334,CFDC678650836A1F79B3F41FF886CF81,ED1-IIFF7-DME8,DJI MAVIC 3 ENTERPRISE,PAO,2026-01-21 04:00:00,2026-01-28 00:00:00,Activo,https://sig.aminerals.cl/imgdyn/rest/services/CL_MLP_PAO/CL_MLP_PAO_IF_Ortho_Geosupport/ImageServer/file?id=.\Chacay_El_Mauro_Drone\26_01_21\CL_MLP_PAO_IF_Ortho_26_01_21_ED1-IIFF7-DME8.tif&rasterId=,173_26_01_21_ED1-IIFF7-DME8,37834.602410835,873.6312939036625
20636,Ov_i9A2_L03_R00001C4E_C000017B5,0.174656,2.61984,0.174656,0.174656,2,Dataset,,,306865.827245018,6482274.248137647,,2466,46169.87932443287,3074B87D0490D06EB9C0A064E8ED3B2B,,,,,,,,,72092.303821405,1590.13602356381
20637,Ov_i9A2_L03_R00001C4F_C000017B5,0.174656,2.61984,0.174656,0.174656,2,Dataset,,,306836.469039623,6482612.530496994,,2466,46169.87932550926,20A00015F0CC19D37D0474DF4BDF99C6,,,,,,,,,8318.081860905,414.5381536399194
20638,Ov_i9A2_L03_R00001C4B_C000017E5,0.174656,2.61984,0.174656,0.174656,2,Dataset,,,350153.732868286,6479405.905521034,,2466,46169.879326898146,63331B872DC3B6138041E3480BCA310F,,,,,,,,,11488.649918565,1065.8224878778194
20639,Ov_i9A2_L03_R00001C4B_C000017E6,0.174656,2.61984,0.174656,0.174656,2,Dataset,,,350213.581916547,6479464.526751779,,2466,46169.87932826389,59FE5AEDC80F5146DFE28DC715DBCF45,,,,,,,,,7011.343273385,1636.5831321635383
20640,Ov_i9A2_L03_R00001C40_C00001785,0.174656,2.61984,0.174656,0.174656,2,Dataset,,,263895.004568441,6469836.035203353,,2466,46169.8793297338,70AAA05113B8C197220266DE81760D90,,,,,,,,,5732.78451887,846.8301600516478
20641,Ov_i9A2_L03_R00001C39_C000017A9,0.464876,2.61984,0.174656,0.174656,2,Dataset,,,296089.014729464,6463706.853104793,,2466,46169.8793309838,58534F47AF8D7A3B762D35011C1A2C8D,,,,,,,,,1549.22985148,2005.379903214679
20642,Ov_i9A2_L03_R00001C3A_C000017A9,0.464876,2.61984,0.174656,0.174656,2,Dataset,,,296091.356404349,6463847.099651259,,2466,46169.8793321412,750E2CED8258356CF94F4E9A8671DFDB,,,,,,,,,1221.778700895,807.6448848343989
20643,Ov_i9A2_L03_R00001C3F_C000017C1,0.464876,2.61984,0.174656,0.174656,2,Dataset,,,317418.486457177,6468751.469110535,,2466,46169.879333136574,86008AAF6455E2A884620B9280B6C058,,,,,,,,,2253.38471056,443.87257096690365
20644,Ov_i9A2_L03_R00001C40_C000017C4,0.464876,2.61984,0.174656,0.174656,2,Dataset,,,320329.988095531,6469802.371574691,,2466,46169.879334502315,B73CDFBC919E6431B366B7F2F0747CEC,,,,,,,,,477.796788595,117.4950875707383
20645,Ov_i9A2_L03_R00001C37_C000017AB,0.174656,2.61984,0.174656,0.174656,2,Dataset,,,297695.472043412,6461814.194892435,,2466,46169.87933564815,851E5F58C7B611284F2E6BDEDD547F54,,,,,,,,,254.15597101,454.4720511622383
20652,Ov_i9A2_L03_R00001C39_C000017B4,0.174656,0.523968,0.174656,0.174656,2,Dataset,,,305961.705503296,6463247.726876382,,2466,46169.87933664352,41002B363CB7EFB7AE35CA3B72EF2E78,,,,,,,,,26.53489922,208.3812194004534
20658,Ov_i9A2_L03_R00001C38_C000017B6,0.174656,0.523968,0.174656,0.174656,2,Dataset,,,307539.260609233,6462745.782766043,,2466,46169.87933802084,15C374922E9BCB6DB74256F108C53199,,,,,,,,,8.884988725,100.76509267358023
20660,Ov_i9A2_L03_R00001C46_C000017E2,0.464876,0.523968,0.174656,0.174656,2,Dataset,,,347243.405211947,6475176.268148314,,2466,46169.87933930555,9F7C68C20DB7C5F491F1EF15FA8C2481,,,,,,,,,6.534838305,113.53508178878441
15172,CL_MLP_PAO_IF_Ortho_26_04_15_EV1,0.0,0.523968,0.0219561,0.1756488,1,Dataset,,15172,345367.333407197,6471208.707753708,,2053,46145.33971421296,C281B7ACFFD7F05400F007F806095902,EV1,DJI MAVIC 3 ENTERPRISE,PAO,2026-04-15 00:00:00,2026-04-29 00:00:00,Activo,https://sig.aminerals.cl/imgdyn/rest/services/CL_MLP_PAO/CL_MLP_PAO_IF_Ortho_Geosupport/ImageServer/file?id=.\Chacay_El_Mauro_Drone\26_04_15\CL_MLP_PAO_IF_Ortho_26_04_15_EV1.tif&rasterId=,391_26_04_15_EV1,96226.73146597,2966.1752822495787
2292,CL_MLP_PAO_IF_Ortho_26_02_05_EV1,0.0,0.523968,0.0219614,0.1756912,1,Dataset,,2292,345355.532356076,6471222.681166564,,26,46144.248573703706,6C57FCB217E55B7B59853D652549FCB0,EV1,DJI MAVIC 3 ENTERPRISE,PAO,2026-02-05 04:00:00,2026-02-27 04:00:00,Activo,https://sig.aminerals.cl/imgdyn/rest/services/CL_MLP_PAO/CL_MLP_PAO_IF_Ortho_Geosupport/ImageServer/file?id=.\Chacay_El_Mauro_Drone\26_02_05\CL_MLP_PAO_IF_Ortho_26_02_05_EV1.tif&rasterId=,191_26_02_05_EV1,76372.47247767,1276.0454390222537
4073,CL_MLP_PAO_IF_Ortho_26_03_07_ED1-IIFF7-DME8,0.0,0.523968,0.022059,0.176472,1,Dataset,,4073,327841.479029666,6468904.353765031,,45,46144.24864510417,4B372D51BED08D89E81314E3305B6B6A,ED1-IIFF7-DME8,DJI MAVIC 3 ENTERPRISE,PAO,2026-03-07 00:00:00,2026-03-31 00:00:00,Activo,https://sig.aminerals.cl/imgdyn/rest/services/CL_MLP_PAO/CL_MLP_PAO_IF_Ortho_Geosupport/ImageServer/file?id=.\Chacay_El_Mauro_Drone\26_03_07\CL_MLP_PAO_IF_Ortho_26_03_07_ED1-IIFF7-DME8.tif&rasterId=,266_26_03_07_ED1-IIFF7-DME8,37892.93958339,882.0472754190171
18727,CL_MLP_PAO_IF_Ortho_26_02_10_ED1-IIFF7-DME8,0.0,0.523968,0.0220956,0.1767648,1,Dataset,,18727,327840.85348803,6468904.054816683,,2866,46169.7951744213,75713AE50CCCCD504B938386973308D8,ED1-IIFF7-DME8,DJI MAVIC 3 ENTERPRISE,PAO,2026-02-10 00:00:00,2026-03-11 00:00:00,Activo,https://sig.aminerals.cl/imgdyn/rest/services/CL_MLP_PAO/CL_MLP_PAO_IF_Ortho_Geosupport/ImageServer/file?id=.\Chacay_El_Mauro_Drone\26_02_10\CL_MLP_PAO_IF_Ortho_26_02_10_ED1-IIFF7-DME8.tif&rasterId=,202_26_02_10_ED1-IIFF7-DME8,38217.79796034,876.2879163043195
16203,CL_MLP_PAO_IF_Ortho_26_05_01_EV1,0.0,0.523968,0.0221554,0.1772432,1,Dataset,,16203,345367.099947691,6471209.920518755,,2461,46156.82039359953,151330BD934DCE4560EB78D81142BDB0,EV1,DJI MAVIC 3 ENTERPRISE,PAO,2026-05-01 00:00:00,2026-05-13 00:00:00,Activo,https://sig.aminerals.cl/imgdyn/rest/services/CL_MLP_PAO/CL_MLP_PAO_IF_Ortho_Geosupport/ImageServer/file?id=.\Chacay_El_Mauro_Drone\26_05_01\CL_MLP_PAO_IF_Ortho_26_05_01_EV1.tif&rasterId=,428_26_05_01_EV1,95721.06108574,1315.1807120354408
8197,CL_MLP_PAO_IF_Ortho_26_04_08_EV1,0.0,0.523968,0.0221557,0.1772456,1,Dataset,,8197,345354.790166631,6471222.485920289,,833,46144.24882071759,D91063B9394B7DE541FA55086896075A,EV1,DJI MAVIC 3 ENTERPRISE,PAO,2026-04-08 00:00:00,2026-04-23 00:00:00,Activo,https://sig.aminerals.cl/imgdyn/rest/services/CL_MLP_PAO/CL_MLP_PAO_IF_Ortho_Geosupport/ImageServer/file?id=.\Chacay_El_Mauro_Drone\26_04\CL_MLP_PAO_IF_Ortho_26_04_08_EV1.tif&rasterId=,364_26_04_08_EV1,77792.737678975,1287.4309108122648
1777,CL_MLP_PAO_IF_Ortho_26_01_11_EM1,0.0,0.523968,0.0221634,0.1773072,1,Dataset,,1777,347135.915271227,6475336.35341217,,21,46144.24855880786,39CFB847E139ABB3E75D3325C39F8EAC,EM1,DJI MAVIC 3 ENTERPRISE,PAO,2026-01-11 04:00:00,2026-01-21 00:00:00,Activo,https://sig.aminerals.cl/imgdyn/rest/services/CL_MLP_PAO/CL_MLP_PAO_IF_Ortho_Geosupport/ImageServer/file?id=.\Chacay_Drone\26_01_11\CL_MLP_PAO_IF_Ortho_26_01_11_EM1.tiff&rasterId=,160_26_01_11_EM1,83140.01941866,1111.8092051037029
6532,CL_MLP_PAO_IF_Ortho_26_04_05_EV1,0.0,0.523968,0.02224417,0.177953364,1,Dataset,,6532,345367.265552188,6471208.604281962,,97,46144.248754305554,F8B656E3BC8081914320F15ADC43FC42,EV1,DJI MAVIC 3 ENTERPRISE,PAO,2026-04-05 00:00:00,2026-04-09 00:00:00,Activo,https://sig.aminerals.cl/imgdyn/rest/services/CL_MLP_PAO/CL_MLP_PAO_IF_Ortho_Geosupport/ImageServer/file?id=.\Chacay_El_Mauro_Drone\26_04\CL_MLP_PAO_IF_Ortho_26_04_05_EV1.tif&rasterId=,359_26_04_05_EV1,93476.36736057,1324.8406967046894
4969,CL_MLP_PAO_IF_Ortho_26_03_27_EV1,0.0,0.523968,0.0223856,0.1790848,1,Dataset,,4969,345368.319924993,6471209.845525638,,827,46144.24878355324,E364C6B216EFF21E5B1F10210031E8F7,EV1,DJI MAVIC 3 ENTERPRISE,PAO,2026-03-27 00:00:00,2026-04-01 00:00:00,Activo,https://sig.aminerals.cl/imgdyn/rest/services/CL_MLP_PAO/CL_MLP_PAO_IF_Ortho_Geosupport/ImageServer/file?id=.\Chacay_El_Mauro_Drone\26_03_27\CL_MLP_PAO_IF_Ortho_26_03_27_EV1.tif&rasterId=,322_26_03_27_EV1,92393.792317935,1320.4021217520024
15409,CL_MLP_PAO_IF_Ortho_26_05_03_EM3,0.0,0.523968,0.0225745,0.180596,1,Dataset,,15409,314057.020993359,6465672.19486523,,2061,46156.568566539354,73F01B38B202D96D19C2E3F32BE614D6,EM3,DJI MAVIC 3 ENTERPRISE,PAO,2026-05-03 00:00:00,2026-05-13 00:00:00,Activo,https://sig.aminerals.cl/imgdyn/rest/services/CL_MLP_PAO/CL_MLP_PAO_IF_Ortho_Geosupport/ImageServer/file?id=.\Chacay_El_Mauro_Drone\26_05_03\CL_MLP_PAO_IF_Ortho_26_05_03_EM3.tif&rasterId=,440_26_05_03_EM3,149310.70019209,3541.200591165977
8311,CL_MLP_PAO_IF_Ortho_26_04_13_ED1-IIFF7-DME8,0.0,0.523968,0.0228611,0.1828888,1,Dataset,,8311,327841.585286925,6468903.177031009,,834,46144.24882663194,AC1D533982B5C54D37CD4494F02E3717,ED1-IIFF7-DME8,DJI MAVIC 3 ENTERPRISE,PAO,2026-04-13 00:00:00,2026-04-23 00:00:00,Activo,https://sig.aminerals.cl/imgdyn/rest/services/CL_MLP_PAO/CL_MLP_PAO_IF_Ortho_Geosupport/ImageServer/file?id=.\Chacay_El_Mauro_Drone\26_04\CL_MLP_PAO_IF_Ortho_26_04_13_ED1-IIFF7-DME8.tif&rasterId=,387_26_04_13_ED1-IIFF7-DME8,38002.298793925,874.367125960504
8310,CL_MLP_PAO_IF_Ortho_26_04_11_EM3,0.0,0.523968,0.0231456,0.1851648,1,Dataset,,8310,314056.435992928,6465673.210471081,,834,46144.248825532406,73049BE50314DB4FAF55E7403AC0B963,EM3,DJI MAVIC 3 ENTERPRISE,PAO,2026-04-11 00:00:00,2026-04-23 00:00:00,Activo,https://sig.aminerals.cl/imgdyn/rest/services/CL_MLP_PAO/CL_MLP_PAO_IF_Ortho_Geosupport/ImageServer/file?id=.\Chacay_El_Mauro_Drone\26_04\CL_MLP_PAO_IF_Ortho_26_04_11_EM3.tif&rasterId=,382_26_04_11_EM3,149236.598252,1608.7670426844043
4568,CL_MLP_PAO_IF_Ortho_26_03_18_EV1,0.0,0.523968,0.0231687,0.1853496,1,Dataset,,4568,345367.913024413,6471208.930747406,,52,46144.248691539346,620CCF197C29C400C1F3E496AD9CA274,EV1,DJI MAVIC 3 ENTERPRISE,PAO,2026-03-18 00:00:00,2026-04-01 00:00:00,Activo,https://sig.aminerals.cl/imgdyn/rest/services/CL_MLP_PAO/CL_MLP_PAO_IF_Ortho_Geosupport/ImageServer/file?id=.\Chacay_El_Mauro_Drone\26_03_18\CL_MLP_PAO_IF_Ortho_26_03_18_EV1.tif&rasterId=,294_26_03_18_EV1,93205.251770815,1350.865004044929
3346,CL_MLP_PAO_IF_Ortho_26_02_25_EV1,0.0,0.523968,0.0231926,0.1855408,1,Dataset,,3346,345355.518738195,6471222.558429906,,41,46144.24862324074,77610698FB5386D5C02445DC580B65B1,EV1,DJI MAVIC 3 ENTERPRISE,PAO,2026-02-25 00:00:00,2026-03-19 00:00:00,Activo,https://sig.aminerals.cl/imgdyn/rest/services/CL_MLP_PAO/CL_MLP_PAO_IF_Ortho_Geosupport/ImageServer/file?id=.\Chacay_El_Mauro_Drone\26_02_25\CL_MLP_PAO_IF_Ortho_26_02_25_EV1.tif&rasterId=,238_26_02_25_EV1,76417.86010956,1276.5273241760237
3347,CL_MLP_PAO_IF_Ortho_26_02_26_EV1,0.0,0.523968,0.0231926,0.1855408,1,Dataset,,3347,345355.518738195,6471222.558429906,,41,46144.24862467592,2C7E69B4ADB17A31A1647DD42438E5C6,EV1,DJI MAVIC 3 ENTERPRISE,PAO,2026-02-26 00:00:00,2026-03-19 00:00:00,Activo,https://sig.aminerals.cl/imgdyn/rest/services/CL_MLP_PAO/CL_MLP_PAO_IF_Ortho_Geosupport/ImageServer/file?id=.\Chacay_El_Mauro_Drone\26_02_26\CL_MLP_PAO_IF_Ortho_26_02_26_EV1.tif&rasterId=,242_26_02_26_EV1,76417.86010956,1276.5273241760237
16205,CL_MLP_PAO_IF_Ortho_26_05_07_EM3,0.0,0.523968,0.0234103,0.1872824,1,Dataset,,16205,314056.417673268,6465672.156832134,,2461,46156.82039541666,F366D8A98EE28FE9D211C196B8BCAECB,EM3,DJI MAVIC 3 ENTERPRISE,PAO,2026-05-07 00:00:00,2026-05-13 00:00:00,Activo,https://sig.aminerals.cl/imgdyn/rest/services/CL_MLP_PAO/CL_MLP_PAO_IF_Ortho_Geosupport/ImageServer/file?id=.\Chacay_El_Mauro_Drone\26_05_07\CL_MLP_PAO_IF_Ortho_26_05_07_EM3.tif&rasterId=,446_26_05_07_EM3,150063.431919545,3314.062231345629
3191,CL_MLP_PAO_IF_Ortho_26_02_11_EV1_1,0.0,0.523968,0.0234486,0.1875888,1,Dataset,,3191,345355.352750455,6471221.974167807,,38,46144.248602465275,BA36BBB2EBA5EE30993D86CD51E3FCB1,EV1_1,DJI MAVIC 3 ENTERPRISE,PAO,2026-02-11 00:00:00,2026-03-11 00:00:00,Activo,https://sig.aminerals.cl/imgdyn/rest/services/CL_MLP_PAO/CL_MLP_PAO_IF_Ortho_Geosupport/ImageServer/file?id=.\Chacay_El_Mauro_Drone\26_02_11\CL_MLP_PAO_IF_Ortho_26_02_11_EV1_1.tif&rasterId=,205_26_02_11_EV1_1,76022.94752252,1279.935073023738
6320,CL_MLP_PAO_IF_Ortho_26_02_11_TORRE_E85_A_E_125,0.0,0.523968,0.0236263,0.1890104,1,Dataset,,6320,299356.788992851,6461752.86048013,,95,46144.24873925926,FD358EC5E93972727EBF508FE150219A,TORRE_E85_A_E_125,DJI MAVIC 3 ENTERPRISE,PAO,2026-02-11 00:00:00,2026-03-11 00:00:00,Activo,https://sig.aminerals.cl/imgdyn/rest/services/CL_MLP_PAO/CL_MLP_PAO_IF_Ortho_Geosupport/ImageServer/file?id=.\El_Mauro_Puerto_Punta_Chungo_Drone\26_02_11\CL_MLP_PAO_IF_Ortho_26_02_11_TORRE_E85_A_E_125.tif&rasterId=,208_26_02_11_TORRE_E85_A_E_125,488556.053432865,7376.263305907549
15582,CL_MLP_PAO_IF_Ortho_26_05_09_EV1,0.0,0.523968,0.0236308,0.1890464,1,Dataset,,15582,345366.877803452,6471209.632357013,,2062,46156.57264329861,9D703CCA878C0DF4B698CE28A12A50B9,EV1,DJI MAVIC 3 ENTERPRISE,PAO,2026-05-09 00:00:00,2026-05-13 00:00:00,Activo,https://sig.aminerals.cl/imgdyn/rest/services/CL_MLP_PAO/CL_MLP_PAO_IF_Ortho_Geosupport/ImageServer/file?id=.\Chacay_El_Mauro_Drone\26_05_09\CL_MLP_PAO_IF_Ortho_26_05_09_EV1.tif&rasterId=,456_26_05_09_EV1,95442.86059481,1315.8754584193698
15174,CL_MLP_PAO_IF_Ortho_26_04_16_EM3,0.0,0.523968,0.0236774,0.1894192,1,Dataset,,15174,314056.56184249,6465672.667350954,,2053,46145.33971799769,58DB2BD0C67C20F6046BA6015F232896,EM3,DJI MAVIC 3 ENTERPRISE,PAO,2026-04-16 00:00:00,2026-04-29 00:00:00,Activo,https://sig.aminerals.cl/imgdyn/rest/services/CL_MLP_PAO/CL_MLP_PAO_IF_Ortho_Geosupport/ImageServer/file?id=.\Chacay_El_Mauro_Drone\26_04_16\CL_MLP_PAO_IF_Ortho_26_04_16_EM3.tif&rasterId=,397_26_04_16_EM3,148870.8261418,3527.7000078090014
1751,CL_MLP_PAO_IF_Ortho_26_01_03_DME5A-DME17-a-NSTC-78p9,0.0,0.523968,0.0237267,0.1898136,1,Dataset,,1751,299357.478052954,6461753.232568566,,19,46144.24855094907,2023C240840864D03FAB4E71F569D055,DME5A-DME17-a-NSTC-78p9,DJI MAVIC 3 ENTERPRISE,PAO,2026-01-03 04:00:00,2026-01-28 00:00:00,Activo,https://sig.aminerals.cl/imgdyn/rest/services/CL_MLP_PAO/CL_MLP_PAO_IF_Ortho_Geosupport/ImageServer/file?id=.\El_Mauro_Puerto_Punta_Chungo_Drone\26_01_03\CL_MLP_PAO_IF_Ortho_26_01_03_DME5A-DME17-a-NSTC-78p9.tif&rasterId=,146_26_01_03_DME5A-DME17-a-NSTC-78p9,492753.49267917,7378.936517128657
5114,CL_MLP_PAO_IF_Ortho_26_03_27_Helipuerto,0.0,0.523968,0.0237524,0.1900192,1,Dataset,,5114,309528.282562646,6457879.684875029,,829,46144.24879631944,34614EDA5B1E4414661BCCE6EAC5EF1D,Helipuerto,DJI MAVIC 3 ENTERPRISE,PAO,2026-03-27 00:00:00,2026-04-01 00:00:00,Activo,https://sig.aminerals.cl/imgdyn/rest/services/CL_MLP_PAO/CL_MLP_PAO_IF_Ortho_Geosupport/ImageServer/file?id=.\El_Mauro_Drone\26_03_27\CL_MLP_PAO_IF_Ortho_26_03_27_Helipuerto.tif&rasterId=,323_26_03_27_Helipuerto,71598.27428898,1165.2028925696025
8540,CL_MLP_PAO_IF_Ortho_26_04_05_Helipuerto,0.0,0.523968,0.0239015,0.191212,1,Dataset,,8540,309527.630942957,6457880.112009418,,836,46144.24884189815,232AB00795831855D87E60F9CC571BE3,Helipuerto,DJI MAVIC 3 ENTERPRISE,PAO,2026-04-05 00:00:00,2026-04-23 00:00:00,Activo,https://sig.aminerals.cl/imgdyn/rest/services/CL_MLP_PAO/CL_MLP_PAO_IF_Ortho_Geosupport/ImageServer/file?id=.\El_Mauro_Drone\26_04\CL_MLP_PAO_IF_Ortho_26_04_05_Helipuerto.tif&rasterId=,360_26_04_05_Helipuerto,71838.308020515,1156.2211038522773
4000,CL_MLP_PAO_IF_Ortho_26_03_05_EV1,0.0,0.523968,0.0241397,0.1931176,1,Dataset,,4000,345355.442462391,6471222.598170448,,44,46144.248642025465,2D51EBEE3698FB0B571D00BE06EF39D4,EV1,DJI MAVIC 3 ENTERPRISE,PAO,2026-03-05 00:00:00,2026-03-31 00:00:00,Activo,https://sig.aminerals.cl/imgdyn/rest/services/CL_MLP_PAO/CL_MLP_PAO_IF_Ortho_Geosupport/ImageServer/file?id=.\Chacay_El_Mauro_Drone\26_03_05\CL_MLP_PAO_IF_Ortho_26_03_05_EV1.tif&rasterId=,260_26_03_05_EV1,76317.31833608,1276.441525702207
8769,CL_MLP_PAO_IF_Ortho_26_04_10_Helipuerto,0.0,0.523968,0.0242347,0.1938776,1,Dataset,,8769,309528.348685542,6457879.384180448,,838,46144.24885724537,F12381907EF7A744B5BA1DEC1C4EE2E4,Helipuerto,DJI MAVIC 3 ENTERPRISE,PAO,2026-04-10 00:00:00,2026-04-23 00:00:00,Activo,https://sig.aminerals.cl/imgdyn/rest/services/CL_MLP_PAO/CL_MLP_PAO_IF_Ortho_Geosupport/ImageServer/file?id=.\El_Mauro_Drone\26_04\CL_MLP_PAO_IF_Ortho_26_04_10_Helipuerto.tif&rasterId=,375_26_04_10_Helipuerto,72148.835270535,1161.5442020500789
4311,CL_MLP_PAO_IF_Ortho_26_03_13_EM4,0.0,0.0289053,0.0243483,0.1947864,1,Dataset,,4311,307125.460538156,6463253.67743751,,48,46144.248667974534,B3CAE036AFC2510C47ECD517D21C12A9,EM4,DJI MAVIC 3 ENTERPRISE,PAO,2026-03-13 00:00:00,2026-03-31 00:00:00,Activo,https://sig.aminerals.cl/imgdyn/rest/services/CL_MLP_PAO/CL_MLP_PAO_IF_Ortho_Geosupport/ImageServer/file?id=.\El_Mauro_Drone\26_03_13\CL_MLP_PAO_IF_Ortho_26_03_13_EM4.tif&rasterId=,281_26_03_13_EM4,89402.47224224,1189.9811213039143
6318,CL_MLP_PAO_IF_Ortho_26_01_09_TORRE_E85_A_E_125,0.0,0.523968,0.0244306,0.1954448,1,Dataset,,6318,299347.052547698,6461753.407474943,,95,46144.248736643516,470C386A3994DAB9738C103588B0CCD3,TORRE_E85_A_E_125,DJI MAVIC 3 ENTERPRISE,PAO,2026-01-09 04:00:00,2026-01-21 00:00:00,Activo,https://sig.aminerals.cl/imgdyn/rest/services/CL_MLP_PAO/CL_MLP_PAO_IF_Ortho_Geosupport/ImageServer/file?id=.\El_Mauro_Puerto_Punta_Chungo_Drone\26_01_09\CL_MLP_PAO_IF_Ortho_26_01_09_TORRE_E85_A_E_125.tiff&rasterId=,156_26_01_09_TORRE_E85_A_E_125,489799.90376914,7334.054162251194
3999,CL_MLP_PAO_IF_Ortho_26_03_05_ED2,0.0,0.523968,0.0247119,0.1976952,1,Dataset,,3999,317787.300076016,6468760.344094294,,44,46144.2486406713,2573A921F496CF14690ED0DE6C29D82D,ED2,DJI MAVIC 3 ENTERPRISE,PAO,2026-03-05 00:00:00,2026-03-31 00:00:00,Activo,https://sig.aminerals.cl/imgdyn/rest/services/CL_MLP_PAO/CL_MLP_PAO_IF_Ortho_Geosupport/ImageServer/file?id=.\Chacay_El_Mauro_Drone\26_03_05\CL_MLP_PAO_IF_Ortho_26_03_05_ED2.tif&rasterId=,259_26_03_05_ED2,215138.554788045,2032.3381982820065
4441,CL_MLP_PAO_IF_Ortho_26_03_12_TORRE_E85_A_E125,0.0,0.0289053,0.0247231,0.1977848,1,Dataset,,4441,299337.237019574,6461742.443015691,,50,46144.248679675926,68F2901E5481A0904449FEAF0EF68950,TORRE_E85_A_E125,DJI MAVIC 3 ENTERPRISE,PAO,2026-03-12 00:00:00,2026-03-31 00:00:00,Activo,https://sig.aminerals.cl/imgdyn/rest/services/CL_MLP_PAO/CL_MLP_PAO_IF_Ortho_Geosupport/ImageServer/file?id=.\El_Mauro_Puerto_Punta_Chungo_Drone\26_03_12\CL_MLP_PAO_IF_Ortho_26_03_12_TORRE_E85_A_E125.tif&rasterId=,279_26_03_12_TORRE_E85_A_E125,393439.233505375,6505.635510177275
4507,CL_MLP_PAO_IF_Ortho_26_02_25_EM4,0.0,0.0289053,0.024756521,0.198052167,1,Dataset,,4507,307125.966015208,6463254.153877396,,51,46144.248687893516,B04B1BB1552B9ACF9C20DDB590488E0C,EM4,DJI MAVIC 3 ENTERPRISE,PAO,2026-02-25 00:00:00,2026-03-19 00:00:00,Activo,https://sig.aminerals.cl/imgdyn/rest/services/CL_MLP_PAO/CL_MLP_PAO_IF_Ortho_Geosupport/ImageServer/file?id=.\El_Mauro_Drone\26_02_25\CL_MLP_PAO_IF_Ortho_26_02_25_EM4.tif&rasterId=,237_26_02_25_EM4,89116.046366925,1186.984584768103
6105,CL_MLP_PAO_IF_Ortho_26_02_19_TORRES_E12_-_E30_PV4,0.0,0.523968,0.05,0.2,1,Dataset,,6105,305755.447632187,6463969.677439287,,93,46144.248725624995,1F95340C2DF013EF54DB5A393C0785A6,TORRES_E12_-_E30_PV4,DJI MAVIC 3 ENTERPRISE,PAO,2026-02-19 00:00:00,2026-03-19 00:00:00,Activo,https://sig.aminerals.cl/imgdyn/rest/services/CL_MLP_PAO/CL_MLP_PAO_IF_Ortho_Geosupport/ImageServer/file?id=.\El_Mauro_Drone\26_02_19\CL_MLP_PAO_IF_Ortho_26_02_19_TORRES_E12_-_E30_PV4.tif&rasterId=,223_26_02_19_TORRES_E12_-_E30_PV4,589153.81374522,4267.400321631825
6319,CL_MLP_PAO_IF_Ortho_26_02_07_TORRE_E85_A_E_125,0.0,1.571904,0.05,0.2,1,Dataset,,6319,299356.601610282,6461753.250592162,,95,46144.24873792824,CF3C0DF8E42C2189AF385CFB34AD385F,TORRE_E85_A_E_125,DJI MAVIC 3 ENTERPRISE,PAO,2026-02-07 00:00:00,2026-03-11 00:00:00,Activo,https://sig.aminerals.cl/imgdyn/rest/services/CL_MLP_PAO/CL_MLP_PAO_IF_Ortho_Geosupport/ImageServer/file?id=.\El_Mauro_Puerto_Punta_Chungo_Drone\26_02_07\CL_MLP_PAO_IF_Ortho_26_02_07_TORRE_E85_A_E_125.tif&rasterId=,199_26_02_07_TORRE_E85_A_E_125,493002.94221975,7376.074151665904
8424,CL_MLP_PAO_IF_Ortho_26_03_21_Hidrociclones,0.0,1.571904,0.05,0.2,1,Dataset,,8424,307317.313923239,6463002.331236576,,835,46144.24883239584,34DDDA7EE111B7E0EB5997205CFC63C5,Hidrociclones,DJI MAVIC 3 ENTERPRISE,PAO,2026-03-21 00:00:00,2026-04-23 00:00:00,Activo,https://sig.aminerals.cl/imgdyn/rest/services/CL_MLP_PAO/CL_MLP_PAO_IF_Ortho_Geosupport/ImageServer/file?id=.\El_Mauro_Drone\26_03\CL_MLP_PAO_IF_Ortho_26_03_21_Hidrociclones.tif&rasterId=,305_26_03_21_Hidrociclones,287213.46710448,2280.080078247488
6100,CL_MLP_PAO_IF_Ortho_26_02_11_TORRES_E12_-_E30_PV4,0.0,0.523968,0.0254838,0.2038704,1,Dataset,,6100,305777.401482184,6463978.732638072,,93,46144.248721157404,D7C6FC723E2DED282FB5C9447C377ABF,TORRES_E12_-_E30_PV4,DJI MAVIC 3 ENTERPRISE,PAO,2026-02-11 00:00:00,2026-03-11 00:00:00,Activo,https://sig.aminerals.cl/imgdyn/rest/services/CL_MLP_PAO/CL_MLP_PAO_IF_Ortho_Geosupport/ImageServer/file?id=.\El_Mauro_Drone\26_02_11\CL_MLP_PAO_IF_Ortho_26_02_11_TORRES_E12_-_E30_PV4.tif&rasterId=,209_26_02_11_TORRES_E12_-_E30_PV4,534041.763993095,4195.172311724246
5993,CL_MLP_PAO_IF_Ortho_26_02_01_TORRES_E12_-_E30_PV4,0.0,0.523968,0.025719158,0.205753266,1,Dataset,,5993,305718.482680312,6463954.512300588,,92,46144.24871395834,FD959E1585995F480F37E92B8B366B2C,TORRES_E12_-_E30_PV4,DJI MAVIC 3 ENTERPRISE,PAO,2026-02-01 00:00:00,2026-02-27 04:00:00,Activo,https://sig.aminerals.cl/imgdyn/rest/services/CL_MLP_PAO/CL_MLP_PAO_IF_Ortho_Geosupport/ImageServer/file?id=.\El_Mauro_Drone\26_02_01\CL_MLP_PAO_IF_Ortho_26_02_01_TORRES_E12_-_E30_PV4.tif&rasterId=,183_26_02_01_TORRES_E12_-_E30_PV4,633072.79967011,4372.190228630681
8768,CL_MLP_PAO_IF_Ortho_26_04_10_EBD,0.0,0.0289053,0.0258645,0.206916,1,Dataset,,8768,305754.30587023,6463510.684980293,,838,46144.24885600695,D28117A9A92135205DF3A45B9F5C0EB2,EBD,DJI MAVIC 3 ENTERPRISE,PAO,2026-04-10 00:00:00,2026-04-23 00:00:00,Activo,https://sig.aminerals.cl/imgdyn/rest/services/CL_MLP_PAO/CL_MLP_PAO_IF_Ortho_Geosupport/ImageServer/file?id=.\El_Mauro_Drone\26_04\CL_MLP_PAO_IF_Ortho_26_04_10_EBD.tif&rasterId=,373_26_04_10_EBD,200147.44993425,1814.6849208716098
5994,CL_MLP_PAO_IF_Ortho_26_02_03_TORRES_E12_-_E30_PV4,0.0,0.523968,0.0263664,0.2109312,1,Dataset,,5994,305719.641083793,6463954.382642149,,92,46144.248715243055,A8820E7DDF340364B8C5B330905149F0,TORRES_E12_-_E30_PV4,DJI MAVIC 3 ENTERPRISE,PAO,2026-02-03 04:00:00,2026-02-27 04:00:00,Activo,https://sig.aminerals.cl/imgdyn/rest/services/CL_MLP_PAO/CL_MLP_PAO_IF_Ortho_Geosupport/ImageServer/file?id=.\El_Mauro_Drone\26_02_03\CL_MLP_PAO_IF_Ortho_26_02_03_TORRES_E12_-_E30_PV4.tif&rasterId=,184_26_02_03_TORRES_E12_-_E30_PV4,633015.69625491,4381.223666670308
5030,CL_MLP_PAO_IF_Ortho_26_03_19_EM4,0.0,0.0289053,0.0277853,0.2222824,1,Dataset,,5030,307125.441130386,6463253.730546421,,828,46144.248787777775,2F2848FC4D7983F1F5DBF7E08C1EB70A,EM4,DJI MAVIC 3 ENTERPRISE,PAO,2026-03-19 00:00:00,2026-04-01 00:00:00,Activo,https://sig.aminerals.cl/imgdyn/rest/services/CL_MLP_PAO/CL_MLP_PAO_IF_Ortho_Geosupport/ImageServer/file?id=.\El_Mauro_Drone\26_03_19\CL_MLP_PAO_IF_Ortho_26_03_19_EM4.tif&rasterId=,296_26_03_19_EM4,89405.82521835,1198.24998771188
4379,CL_MLP_PAO_IF_Ortho_26_03_16_Patio-19B-y-Armado,0.0,1.571904,0.0281208,0.2249664,1,Dataset,,4379,309712.629559788,6459709.775610559,,49,46144.24867540509,27F2214074105D0D2E6E51F2027B3F76,Patio-19B-y-Armado,DJI MAVIC 3 ENTERPRISE,PAO,2026-03-16 00:00:00,2026-03-31 00:00:00,Activo,https://sig.aminerals.cl/imgdyn/rest/services/CL_MLP_PAO/CL_MLP_PAO_IF_Ortho_Geosupport/ImageServer/file?id=.\El_Mauro_Drone\26_03_16\CL_MLP_PAO_IF_Ortho_26_03_16_Patio-19B-y-Armado.tif&rasterId=,291_26_03_16_Patio-19B-y-Armado,200501.6129922,1926.3154977467004
2883,CL_MLP_PAO_IF_Ortho_26_02_12_Patio-19B-y-Armado,0.0,0.0289053,0.028126214,0.225009709,1,Dataset,,2883,309789.655317102,6459658.073890463,,34,46144.24859355324,22F73C189CE0D04DB7E40633CE24B265,Patio-19B-y-Armado,DJI MAVIC 3 ENTERPRISE,PAO,2026-02-12 00:00:00,2026-03-11 00:00:00,Activo,https://sig.aminerals.cl/imgdyn/rest/services/CL_MLP_PAO/CL_MLP_PAO_IF_Ortho_Geosupport/ImageServer/file?id=.\El_Mauro_Drone\26_02_12\CL_MLP_PAO_IF_Ortho_26_02_12_Patio-19B-y-Armado.tif&rasterId=,213_26_02_12_Patio-19B-y-Armado,121246.186178755,1442.1278387408308
15187,CL_MLP_PAO_IF_Ortho_26_04_16_EBD,0.0,0.0289053,0.0282821,0.2262568,1,Dataset,,15187,305753.492937861,6463510.85209085,,2055,46145.342702106485,B59733458FC2690994C1C15AA72B07C0,EBD,DJI MAVIC 3 ENTERPRISE,PAO,2026-04-16 00:00:00,2026-04-29 00:00:00,Activo,https://sig.aminerals.cl/imgdyn/rest/services/CL_MLP_PAO/CL_MLP_PAO_IF_Ortho_Geosupport/ImageServer/file?id=.\El_Mauro_Drone\26_04_16\CL_MLP_PAO_IF_Ortho_26_04_16_EBD.tif&rasterId=,395_26_04_16_EBD,198580.653581135,2092.5168144573404
2375,CL_MLP_PAO_IF_Ortho_26_02_06_Patio-19B-y-Armado,0.0289053,1.571904,0.0296828,0.2374624,1,Dataset,,2375,309791.257148365,6459682.024898835,,27,46144.24857776621,39AE3136D0CFD972BCEAA06F42E5A09E,Patio-19B-y-Armado,DJI MAVIC 3 ENTERPRISE,PAO,2026-02-06 04:00:00,2026-02-27 04:00:00,Activo,https://sig.aminerals.cl/imgdyn/rest/services/CL_MLP_PAO/CL_MLP_PAO_IF_Ortho_Geosupport/ImageServer/file?id=.\El_Mauro_Drone\26_02_06\CL_MLP_PAO_IF_Ortho_26_02_06_Patio-19B-y-Armado.tif&rasterId=,194_26_02_06_Patio-19B-y-Armado,192349.042322435,1711.5000973056096
5204,CL_MLP_PAO_IF_Ortho_26_03_27_TORRE_E85_A_E_125,0.0289053,1.571904,0.029976426,0.239811406,1,Dataset,,5204,299573.466620556,6461776.890628139,,830,46144.24880619213,7E3737AF1F8246704371FC967A332623,TORRE_E85_A_E_125,DJI MAVIC 3 ENTERPRISE,PAO,2026-03-27 00:00:00,2026-04-01 00:00:00,Activo,https://sig.aminerals.cl/imgdyn/rest/services/CL_MLP_PAO/CL_MLP_PAO_IF_Ortho_Geosupport/ImageServer/file?id=.\El_Mauro_Puerto_Punta_Chungo_Drone\26_03_27\CL_MLP_PAO_IF_Ortho_26_03_27_TORRE_E85_A_E_125.tif&rasterId=,326_26_03_27_TORRE_E85_A_E_125,886780.089517305,7123.516323561722
5035,CL_MLP_PAO_IF_Ortho_26_03_26_EBD,0.0289053,1.571904,0.0304978,0.2439824,1,Dataset,,5035,305754.975020738,6463510.703893543,,828,46144.248791087964,D904FEF7233A3F5F0A12287265EB3F71,EBD,DJI MAVIC 3 ENTERPRISE,PAO,2026-03-26 00:00:00,2026-04-01 00:00:00,Activo,https://sig.aminerals.cl/imgdyn/rest/services/CL_MLP_PAO/CL_MLP_PAO_IF_Ortho_Geosupport/ImageServer/file?id=.\El_Mauro_Drone\26_03_26\CL_MLP_PAO_IF_Ortho_26_03_26_EBD.tif&rasterId=,311_26_03_26_EBD,197738.89767026,1819.421282463627
6321,CL_MLP_PAO_IF_Ortho_26_02_20_TORRES_E84_A_E127,0.0,1.571904,0.030761426,0.246091408,1,Dataset,,6321,299351.771570241,6461752.945360974,,95,46144.24874061343,09BE885609BB03560E48F5EB0E5BE247,TORRES_E84_A_E127,DJI MAVIC 3 ENTERPRISE,PAO,2026-02-20 00:00:00,2026-03-19 00:00:00,Activo,https://sig.aminerals.cl/imgdyn/rest/services/CL_MLP_PAO/CL_MLP_PAO_IF_Ortho_Geosupport/ImageServer/file?id=.\El_Mauro_Puerto_Punta_Chungo_Drone\26_02_20\CL_MLP_PAO_IF_Ortho_26_02_20_TORRES_E84_A_E127.tif&rasterId=,229_26_02_20_TORRES_E84_A_E127,489244.712155585,7359.130274172676
3745,CL_MLP_PAO_IF_Ortho_26_02_26_Subestacion-El-Mauro,0.0289053,1.571904,0.030804027,0.246432214,1,Dataset,,3745,310296.986040783,6464105.924471152,,826,46144.248779560185,38B8174309B5847C9EEB91AE4BCD4F9F,Subestacion-El-Mauro,DJI MAVIC 3 ENTERPRISE,PAO,2026-02-26 00:00:00,2026-03-19 00:00:00,Activo,https://sig.aminerals.cl/imgdyn/rest/services/CL_MLP_PAO/CL_MLP_PAO_IF_Ortho_Geosupport/ImageServer/file?id=.\El_Mauro_Drone\26_02_26\CL_MLP_PAO_IF_Ortho_26_02_26_Subestacion-El-Mauro.tif&rasterId=,245_26_02_26_Subestacion-El-Mauro,170682.08618622,1747.3900536878382
18140,CL_MLP_PAO_IF_Ortho_26_01_14_Subestacion-El-Mauro,0.0,1.571904,0.030829,0.246632,1,Dataset,,18140,310297.867965591,6464104.817540416,,2865,46169.78493262731,000151FF25F224BFD8732A0D97CD6746,Subestacion-El-Mauro,DJI MAVIC 3 ENTERPRISE,PAO,2026-01-14 04:00:00,2026-01-28 00:00:00,Activo,https://sig.aminerals.cl/imgdyn/rest/services/CL_MLP_PAO/CL_MLP_PAO_IF_Ortho_Geosupport/ImageServer/file?id=.\El_Mauro_Drone\26_01_14\CL_MLP_PAO_IF_Ortho_26_01_14_Subestacion-El-Mauro.tif&rasterId=,164_26_01_14_Subestacion-El-Mauro,172042.39730333,1753.9159568526286
4156,CL_MLP_PAO_IF_Ortho_26_03_07_Patio-19B-y-Armado,0.0289053,1.571904,0.0309212,0.2473696,1,Dataset,,4156,309808.356612746,6459638.006762576,,46,46144.24866065972,CB1D93B776E31580290E23265D769004,Patio-19B-y-Armado,DJI MAVIC 3 ENTERPRISE,PAO,2026-03-07 00:00:00,2026-03-31 00:00:00,Activo,https://sig.aminerals.cl/imgdyn/rest/services/CL_MLP_PAO/CL_MLP_PAO_IF_Ortho_Geosupport/ImageServer/file?id=.\El_Mauro_Drone\26_03_07\CL_MLP_PAO_IF_Ortho_26_03_07_Patio-19B-y-Armado.tif&rasterId=,268_26_03_07_Patio-19B-y-Armado,130798.732340885,1495.3739102057668
15200,CL_MLP_PAO_IF_Ortho_26_04_25_EBD,0.0289053,1.571904,0.0321708,0.2573664,1,Dataset,,15200,305754.832315959,6463510.331115812,,2055,46145.34270971065,EC712F6EC19EB34B49FB521FF420ACF2,EBD,DJI MAVIC 3 ENTERPRISE,PAO,2026-04-25 00:00:00,2026-04-29 00:00:00,Activo,https://sig.aminerals.cl/imgdyn/rest/services/CL_MLP_PAO/CL_MLP_PAO_IF_Ortho_Geosupport/ImageServer/file?id=.\El_Mauro_Drone\26_04_25\CL_MLP_PAO_IF_Ortho_26_04_25_EBD.tif&rasterId=,418_26_04_25_EBD,200405.513172205,3069.146751009203
15219,CL_MLP_PAO_IF_Ortho_26_04_25_EBD,0.0289053,1.571904,0.0321708,0.2573664,1,Dataset,,15219,305754.832315959,6463510.331115812,,2057,46145.35031462963,EC712F6EC19EB34B49FB521FF420ACF2,EBD,DJI MAVIC 3 ENTERPRISE,PAO,2026-04-25 00:00:00,2026-04-29 00:00:00,Activo,https://sig.aminerals.cl/imgdyn/rest/services/CL_MLP_PAO/CL_MLP_PAO_IF_Ortho_Geosupport/ImageServer/file?id=.\El_Mauro_Drone\26_04_25\CL_MLP_PAO_IF_Ortho_26_04_25_EBD.tif&rasterId=,418_26_04_25_EBD,200405.513172205,3069.146751009203
15585,CL_MLP_PAO_IF_Ortho_26_05_08_EBD,0.0289053,1.571904,0.0322983,0.2583864,1,Dataset,,15585,305755.010217478,6463509.797767241,,2062,46156.57264755787,DFA3409ECF5ADDF7370844F1A4160B98,EBD,DJI MAVIC 3 ENTERPRISE,PAO,2026-05-08 00:00:00,2026-05-13 00:00:00,Activo,https://sig.aminerals.cl/imgdyn/rest/services/CL_MLP_PAO/CL_MLP_PAO_IF_Ortho_Geosupport/ImageServer/file?id=.\El_Mauro_Drone\26_05_08\CL_MLP_PAO_IF_Ortho_26_05_08_EBD.tif&rasterId=,449_26_05_08_EBD,201708.826281545,3057.133286077759
5396,CL_MLP_PAO_IF_Ortho_26_03_20_Patio-19B-y-Armado,0.0289053,1.571904,0.0323175,0.25854,1,Dataset,,5396,309712.331882525,6459709.836499315,,832,46144.248814004626,E658BE46E6F226FF639B373A10D01FC5,Patio-19B-y-Armado,DJI MAVIC 3 ENTERPRISE,PAO,2026-03-20 00:00:00,2026-04-01 00:00:00,Activo,https://sig.aminerals.cl/imgdyn/rest/services/CL_MLP_PAO/CL_MLP_PAO_IF_Ortho_Geosupport/ImageServer/file?id=.\El_Mauro_Drone\26_03_20\CL_MLP_PAO_IF_Ortho_26_03_20_Patio-19B-y-Armado.tif&rasterId=,301_26_03_20_Patio-19B-y-Armado,200675.83813281,1936.2245896328573
8766,CL_MLP_PAO_IF_Ortho_26_04_09_Subestacion-El-Mauro,0.0,1.571904,0.0323604,0.2588832,1,Dataset,,8766,310443.349519277,6464117.098305513,,838,46144.24885386574,6CAFB05861C2F2F5FD27B83494F35F52,Subestacion-El-Mauro,DJI MAVIC 3 ENTERPRISE,PAO,2026-04-09 00:00:00,2026-04-23 00:00:00,Activo,https://sig.aminerals.cl/imgdyn/rest/services/CL_MLP_PAO/CL_MLP_PAO_IF_Ortho_Geosupport/ImageServer/file?id=.\El_Mauro_Drone\26_04\CL_MLP_PAO_IF_Ortho_26_04_09_Subestacion-El-Mauro.tif&rasterId=,371_26_04_09_Subestacion-El-Mauro,347363.55448731,2383.009760957098
19316,CL_MLP_PAO_IF_Ortho_26_04_04_MonteAranda-NSTC-Km-84p2-a-82p3,0.0,2.61140793,0.032642599,0.261140793,1,Dataset,,19316,296744.237687835,6462074.791730274,,2867,46169.804046087964,AA803E216DD1BF44744F0BB5048497A9,MonteAranda-NSTC-Km-84p2-a-82p3,DJI MAVIC 3 ENTERPRISE,PAO,2026-04-04 00:00:00,2026-04-09 00:00:00,Activo,https://sig.aminerals.cl/imgdyn/rest/services/CL_MLP_PAO/CL_MLP_PAO_IF_Ortho_Geosupport/ImageServer/file?id=.\El_Mauro_Puerto_Punta_Chungo_Drone\26_04\CL_MLP_PAO_IF_Ortho_26_04_04_MonteAranda-NSTC-Km-84p2-a-82p3.tif&rasterId=,357_26_04_04_MonteAranda-NSTC-Km-84p2-a-82p3,197654.05658732,5085.0227557063
16383,CL_MLP_PAO_IF_Ortho_26_05_03_EBD,0.0289053,1.571904,0.0326518,0.2612144,1,Dataset,,16383,305754.097525996,6463510.124657664,,2462,46156.824050497686,C413B51319F41C9609F22208FA7233D1,EBD,DJI MAVIC 3 ENTERPRISE,PAO,2026-05-03 00:00:00,2026-05-13 00:00:00,Activo,https://sig.aminerals.cl/imgdyn/rest/services/CL_MLP_PAO/CL_MLP_PAO_IF_Ortho_Geosupport/ImageServer/file?id=.\El_Mauro_Drone\26_05_03\CL_MLP_PAO_IF_Ortho_26_05_03_EBD.tif&rasterId=,437_26_05_03_EBD,200587.67770952,1817.0111421295653
15177,CL_MLP_PAO_IF_Ortho_26_04_17_TORRE_E85_A_E_125,0.0289053,1.571904,0.0328292,0.2626336,1,Dataset,,15177,299570.814088995,6461775.904578023,,2054,46145.341179270836,C2D49E60AD6D0A2E8DB49FEA884A38CB,TORRE_E85_A_E_125,DJI MAVIC 3 ENTERPRISE,PAO,2026-04-17 00:00:00,2026-04-29 00:00:00,Activo,https://sig.aminerals.cl/imgdyn/rest/services/CL_MLP_PAO/CL_MLP_PAO_IF_Ortho_Geosupport/ImageServer/file?id=.\El_Mauro_Puerto_Punta_Chungo_Drone\26_04_17\CL_MLP_PAO_IF_Ortho_26_04_17_TORRE_E85_A_E_125.tif&rasterId=,404_26_04_17_TORRE_E85_A_E_125,902936.93851735,11910.551081032318
5885,CL_MLP_PAO_IF_Ortho_26_01_07_TORRES_E12_-_E30_PV4,0.0289053,0.523968,0.0328545,0.262836,1,Dataset,,5885,305718.57543528,6463954.519377209,,91,46144.24870530093,702D058725FCF7550D85DC1B035EE84E,TORRES_E12_-_E30_PV4,DJI MAVIC 3 ENTERPRISE,PAO,2026-01-07 04:00:00,2026-01-21 00:00:00,Activo,https://sig.aminerals.cl/imgdyn/rest/services/CL_MLP_PAO/CL_MLP_PAO_IF_Ortho_Geosupport/ImageServer/file?id=.\El_Mauro_Drone\26_01_07\CL_MLP_PAO_IF_Ortho_26_01_07_TORRES_E12_-_E30_PV4.tiff&rasterId=,152_26_01_07_TORRES_E12_-_E30_PV4,632226.462787295,4373.7284279378255
16386,CL_MLP_PAO_IF_Ortho_26_05_08_Acceso_a_pozos,0.0,1.571904,0.0328707,0.2629656,1,Dataset,,16386,305519.268498755,6463479.124368904,,2462,46156.824053993056,04041F9A65EF48A789F8C993613F493B,Acceso_a_pozos,DJI MAVIC 3 ENTERPRISE,PAO,2026-05-08 00:00:00,2026-05-13 00:00:00,Activo,https://sig.aminerals.cl/imgdyn/rest/services/CL_MLP_PAO/CL_MLP_PAO_IF_Ortho_Geosupport/ImageServer/file?id=.\El_Mauro_Drone\26_05_08\CL_MLP_PAO_IF_Ortho_26_05_08_Acceso_a_pozos.tif&rasterId=,448_26_05_08_Acceso_a_pozos,574179.630229205,6948.48037927805
8882,CL_MLP_PAO_IF_Ortho_26_04_11_Pozos_PRP,0.0,1.571904,0.0330595,0.264476,1,Dataset,,8882,305521.003671001,6463479.776814463,,839,46144.248863761575,1086AF043E874F663DA7B4402B8F72CC,Pozos_PRP,DJI MAVIC 3 ENTERPRISE,PAO,2026-04-11 00:00:00,2026-04-23 00:00:00,Activo,https://sig.aminerals.cl/imgdyn/rest/services/CL_MLP_PAO/CL_MLP_PAO_IF_Ortho_Geosupport/ImageServer/file?id=.\El_Mauro_Drone\26_04\CL_MLP_PAO_IF_Ortho_26_04_11_Pozos_PRP.tif&rasterId=,384_26_04_11_Pozos_PRP,573237.579419605,5607.444295460488
4310,CL_MLP_PAO_IF_Ortho_26_03_12_Subestacion-El-Mauro,0.0289053,1.571904,0.0332049,0.2656392,1,Dataset,,4310,310296.838820238,6464105.936647058,,48,46144.24866653935,73FE4840F476B745F01242145A7DEE01,Subestacion-El-Mauro,DJI MAVIC 3 ENTERPRISE,PAO,2026-03-12 00:00:00,2026-03-31 00:00:00,Activo,https://sig.aminerals.cl/imgdyn/rest/services/CL_MLP_PAO/CL_MLP_PAO_IF_Ortho_Geosupport/ImageServer/file?id=.\El_Mauro_Drone\26_03_12\CL_MLP_PAO_IF_Ortho_26_03_12_Subestacion-El-Mauro.tif&rasterId=,278_26_03_12_Subestacion-El-Mauro,170493.289817205,1746.6467125964607
2376,CL_MLP_PAO_IF_Ortho_26_02_06_Subestacion-El-Mauro,0.0289053,1.571904,0.0332917,0.2663336,1,Dataset,,2376,310297.872522887,6464104.9330308,,27,46144.24857898148,FD57737E90B8DEF0983480F8AB572F4C,Subestacion-El-Mauro,DJI MAVIC 3 ENTERPRISE,PAO,2026-02-06 00:00:00,2026-02-27 04:00:00,Activo,https://sig.aminerals.cl/imgdyn/rest/services/CL_MLP_PAO/CL_MLP_PAO_IF_Ortho_Geosupport/ImageServer/file?id=.\El_Mauro_Drone\26_02_06\CL_MLP_PAO_IF_Ortho_26_02_06_Subestacion-El-Mauro.tif&rasterId=,195_26_02_06_Subestacion-El-Mauro,171932.896657005,1753.4178909477084
4504,CL_MLP_PAO_IF_Ortho_26_02_21_Subestacion-El-Mauro,0.0289053,1.571904,0.0333099,0.2664792,1,Dataset,,4504,310297.923609613,6464104.840295861,,51,46144.24868552083,CBA059D1F83621744B3B81659163E031,Subestacion-El-Mauro,DJI MAVIC 3 ENTERPRISE,PAO,2026-02-21 00:00:00,2026-03-19 00:00:00,Activo,https://sig.aminerals.cl/imgdyn/rest/services/CL_MLP_PAO/CL_MLP_PAO_IF_Ortho_Geosupport/ImageServer/file?id=.\El_Mauro_Drone\26_02_21\CL_MLP_PAO_IF_Ortho_26_02_21_Subestacion-El-Mauro.tif&rasterId=,234_26_02_21_Subestacion-El-Mauro,172080.62452992,1754.7934131115508
19314,CL_MLP_PAO_IF_Ortho_26_04_02_TORRE_E85_A_E_125,0.0,2.666456,0.0333307,0.2666456,1,Dataset,,19314,299570.618284814,6461776.98193018,,2867,46169.80404217593,F20CB05330C3699FFB660931614B0BEE,TORRE_E85_A_E_125,DJI MAVIC 3 ENTERPRISE,PAO,2026-04-02 00:00:00,2026-04-09 00:00:00,Activo,https://sig.aminerals.cl/imgdyn/rest/services/CL_MLP_PAO/CL_MLP_PAO_IF_Ortho_Geosupport/ImageServer/file?id=.\El_Mauro_Puerto_Punta_Chungo_Drone\26_04\CL_MLP_PAO_IF_Ortho_26_04_02_TORRE_E85_A_E_125.tif&rasterId=,348_26_04_02_TORRE_E85_A_E_125,881920.91623553,7122.055142286995
5115,CL_MLP_PAO_IF_Ortho_26_03_27_Subestacion-El-Mauro,0.0,1.571904,0.0334531,0.2676248,1,Dataset,,5115,310443.0886043,6464117.440634903,,829,46144.24879745371,DE06B7A49C500FB6436872D65463864E,Subestacion-El-Mauro,DJI MAVIC 3 ENTERPRISE,PAO,2026-03-27 00:00:00,2026-04-01 00:00:00,Activo,https://sig.aminerals.cl/imgdyn/rest/services/CL_MLP_PAO/CL_MLP_PAO_IF_Ortho_Geosupport/ImageServer/file?id=.\El_Mauro_Drone\26_03_27\CL_MLP_PAO_IF_Ortho_26_03_27_Subestacion-El-Mauro.tif&rasterId=,325_26_03_27_Subestacion-El-Mauro,343147.729513535,2375.586363042148
5202,CL_MLP_PAO_IF_Ortho_26_03_22_MonteAranda-NSTC-Km-84p2-a-82p3,0.0289053,1.571904,0.03354883,0.268390639,1,Dataset,,5202,296745.616806905,6462074.307271468,,830,46144.248803333336,C99671481195806EA4B2DAAD48DE1CB6,MonteAranda-NSTC-Km-84p2-a-82p3,DJI MAVIC 3 ENTERPRISE,PAO,2026-03-22 00:00:00,2026-04-01 00:00:00,Activo,https://sig.aminerals.cl/imgdyn/rest/services/CL_MLP_PAO/CL_MLP_PAO_IF_Ortho_Geosupport/ImageServer/file?id=.\El_Mauro_Puerto_Punta_Chungo_Drone\26_03_22\CL_MLP_PAO_IF_Ortho_26_03_22_MonteAranda-NSTC-Km-84p2-a-82p3.tif&rasterId=,309_26_03_22_MonteAranda-NSTC-Km-84p2-a-82p3,197887.670428915,4967.78339891098
4153,CL_MLP_PAO_IF_Ortho_26_03_06_EM4,0.0,0.06,0.0340099,0.2720792,1,Dataset,,4153,307103.886933375,6463261.417416248,,46,46144.24865702547,EF80B3171C4E28A872E2862FB471F6CA,EM4,DJI MAVIC 3 ENTERPRISE,PAO,2026-03-06 00:00:00,2026-03-31 00:00:00,Activo,https://sig.aminerals.cl/imgdyn/rest/services/CL_MLP_PAO/CL_MLP_PAO_IF_Ortho_Geosupport/ImageServer/file?id=.\El_Mauro_Drone\26_03_06\CL_MLP_PAO_IF_Ortho_26_03_06_EM4.tif&rasterId=,262_26_03_06_EM4,151068.401800645,1439.0588063784328
4377,CL_MLP_PAO_IF_Ortho_26_03_08_TORRES_E85_A_E125,0.0,1.571904,0.0340104,0.2720832,1,Dataset,,4377,299341.782600751,6461741.870509017,,49,46144.24867247685,EA695BFA166873D71BB993A5589B3522,TORRES_E85_A_E125,DJI MAVIC 3 ENTERPRISE,PAO,2026-03-08 00:00:00,2026-03-31 00:00:00,Activo,https://sig.aminerals.cl/imgdyn/rest/services/CL_MLP_PAO/CL_MLP_PAO_IF_Ortho_Geosupport/ImageServer/file?id=.\El_Mauro_Puerto_Punta_Chungo_Drone\26_03_08\CL_MLP_PAO_IF_Ortho_26_03_08_TORRES_E85_A_E125.tif&rasterId=,273_26_03_08_TORRES_E85_A_E125,394447.24942188,6548.646966752827
15191,CL_MLP_PAO_IF_Ortho_26_04_17_Estacion_Intermedia,0.0,1.571904,0.0341797,0.2734376,1,Dataset,,15191,310123.086084869,6463342.705166655,,2055,46145.34270461806,476C76912DDBCF413ED747C099083783,Estacion_Intermedia,DJI MAVIC 3 ENTERPRISE,PAO,2026-04-17 00:00:00,2026-04-29 00:00:00,Activo,https://sig.aminerals.cl/imgdyn/rest/services/CL_MLP_PAO/CL_MLP_PAO_IF_Ortho_Geosupport/ImageServer/file?id=.\El_Mauro_Drone\26_04_17\CL_MLP_PAO_IF_Ortho_26_04_17_Estacion_Intermedia.tif&rasterId=,402_26_04_17_Estacion_Intermedia,630551.06722262,4874.5377871966775
15210,CL_MLP_PAO_IF_Ortho_26_04_17_Estacion_Intermedia,0.0,1.571904,0.0341797,0.2734376,1,Dataset,,15210,310123.086084869,6463342.705166655,,2057,46145.3503084838,476C76912DDBCF413ED747C099083783,Estacion_Intermedia,DJI MAVIC 3 ENTERPRISE,PAO,2026-04-17 00:00:00,2026-04-29 00:00:00,Activo,https://sig.aminerals.cl/imgdyn/rest/services/CL_MLP_PAO/CL_MLP_PAO_IF_Ortho_Geosupport/ImageServer/file?id=.\El_Mauro_Drone\26_04_17\CL_MLP_PAO_IF_Ortho_26_04_17_Estacion_Intermedia.tif&rasterId=,402_26_04_17_Estacion_Intermedia,630551.06722262,4874.5377871966775
5399,CL_MLP_PAO_IF_Ortho_26_03_21_TORRE_E85_A_E_125,0.0289053,1.571904,0.0342592,0.2740736,1,Dataset,,5399,299341.334037742,6461740.693728345,,832,46144.248816203704,A9462870966FF3EA290B5F553DF1E737,TORRE_E85_A_E_125,DJI MAVIC 3 ENTERPRISE,PAO,2026-03-21 00:00:00,2026-04-01 00:00:00,Activo,https://sig.aminerals.cl/imgdyn/rest/services/CL_MLP_PAO/CL_MLP_PAO_IF_Ortho_Geosupport/ImageServer/file?id=.\El_Mauro_Puerto_Punta_Chungo_Drone\26_03_21\CL_MLP_PAO_IF_Ortho_26_03_21_TORRE_E85_A_E_125.tif&rasterId=,306_26_03_21_TORRE_E85_A_E_125,388275.56087643,6592.816756171587
16563,CL_MLP_PAO_IF_Ortho_26_04_29_TORRE_E85_A_E_125,0.0,1.571904,0.034292,0.274336,1,Dataset,,16563,299569.989561778,6461776.10855382,,2463,46156.828244502314,C12038444CC75233D648FA2092725499,TORRE_E85_A_E_125,DJI MAVIC 3 ENTERPRISE,PAO,2026-04-29 00:00:00,2026-05-13 00:00:00,Activo,https://sig.aminerals.cl/imgdyn/rest/services/CL_MLP_PAO/CL_MLP_PAO_IF_Ortho_Geosupport/ImageServer/file?id=.\El_Mauro_Puerto_Punta_Chungo_Drone\26_04_29\CL_MLP_PAO_IF_Ortho_26_04_29_TORRE_E85_A_E_125.tif&rasterId=,423_26_04_29_TORRE_E85_A_E_125,904177.08023906,7187.169025982357
8999,CL_MLP_PAO_IF_Ortho_26_04_12_TORRE_E85_A_E_125,0.0,1.571904,0.0343512,0.2748096,1,Dataset,,8999,299570.209776328,6461776.417635391,,840,46144.24887246527,F6D753BFDB3455BE52CDCFCC3498CCC6,TORRE_E85_A_E_125,DJI MAVIC 3 ENTERPRISE,PAO,2026-04-12 00:00:00,2026-04-23 00:00:00,Activo,https://sig.aminerals.cl/imgdyn/rest/services/CL_MLP_PAO/CL_MLP_PAO_IF_Ortho_Geosupport/ImageServer/file?id=.\El_Mauro_Puerto_Punta_Chungo_Drone\26_04\CL_MLP_PAO_IF_Ortho_26_04_12_TORRE_E85_A_E_125.tif&rasterId=,386_26_04_12_TORRE_E85_A_E_125,901363.545978765,7124.367861445118
15181,CL_MLP_PAO_IF_Ortho_26_04_25_TORRE_E85_A_E_125,0.0289053,1.571904,0.0345489,0.2763912,1,Dataset,,15181,299569.185080156,6461776.023396175,,2054,46145.34118684028,EE550A1E6B70DD774094A84FC73F5F55,TORRE_E85_A_E_125,DJI MAVIC 3 ENTERPRISE,PAO,2026-04-25 00:00:00,2026-04-29 00:00:00,Activo,https://sig.aminerals.cl/imgdyn/rest/services/CL_MLP_PAO/CL_MLP_PAO_IF_Ortho_Geosupport/ImageServer/file?id=.\El_Mauro_Puerto_Punta_Chungo_Drone\26_04_25\CL_MLP_PAO_IF_Ortho_26_04_25_TORRE_E85_A_E_125.tif&rasterId=,421_26_04_25_TORRE_E85_A_E_125,905156.09461811,16620.538644125896
5397,CL_MLP_PAO_IF_Ortho_26_03_20_Subestacion-El-Mauro,0.0289053,1.571904,0.0368713,0.2949704,1,Dataset,,5397,310296.144131401,6464106.448392798,,832,46144.248815046296,88629B4093932F92237E43A1CFEE1FBF,Subestacion-El-Mauro,DJI MAVIC 3 ENTERPRISE,PAO,2026-03-20 00:00:00,2026-04-01 00:00:00,Activo,https://sig.aminerals.cl/imgdyn/rest/services/CL_MLP_PAO/CL_MLP_PAO_IF_Ortho_Geosupport/ImageServer/file?id=.\El_Mauro_Drone\26_03_20\CL_MLP_PAO_IF_Ortho_26_03_20_Subestacion-El-Mauro.tif&rasterId=,302_26_03_20_Subestacion-El-Mauro,169836.033345945,1752.213229241918
18138,CL_MLP_PAO_IF_Ortho_26_01_14_Linea-33-kV-NorteElMauro-Area6,0.0,0.523968,0.0369073,0.2952584,1,Dataset,,18138,307024.785423528,6463344.186117349,,2865,46169.7849300463,D8036CC45B5F31C7DF4D4E9C586C0A08,Linea-33-kV-NorteElMauro-Area6,DJI MAVIC 3 ENTERPRISE,PAO,2026-01-14 04:00:00,2026-01-28 00:00:00,Activo,https://sig.aminerals.cl/imgdyn/rest/services/CL_MLP_PAO/CL_MLP_PAO_IF_Ortho_Geosupport/ImageServer/file?id=.\El_Mauro_Drone\26_01_14\CL_MLP_PAO_IF_Ortho_26_01_14_Linea-33-kV-NorteElMauro-Area6.tif&rasterId=,162_26_01_14_Linea-33-kV-NorteElMauro-Area6,446039.271694045,2757.585836251643
18139,CL_MLP_PAO_IF_Ortho_26_01_14_Linea-33-kV-NorteElMauro-Area7,0.0,0.523968,0.0369073,0.2952584,1,Dataset,,18139,307138.155173357,6463380.03307166,,2865,46169.7849312963,F9DFD1BA26976DBE0082E36BEC224BDB,Linea-33-kV-NorteElMauro-Area7,DJI MAVIC 3 ENTERPRISE,PAO,2026-01-14 04:00:00,2026-01-28 00:00:00,Activo,https://sig.aminerals.cl/imgdyn/rest/services/CL_MLP_PAO/CL_MLP_PAO_IF_Ortho_Geosupport/ImageServer/file?id=.\El_Mauro_Drone\26_01_14\CL_MLP_PAO_IF_Ortho_26_01_14_Linea-33-kV-NorteElMauro-Area7.tif&rasterId=,163_26_01_14_Linea-33-kV-NorteElMauro-Area7,280799.2201718,2238.954530739923
8542,CL_MLP_PAO_IF_Ortho_26_04_05_Subestacion-El-Mauro,0.0,1.571904,0.0369088,0.2952704,1,Dataset,,8542,310442.86910702,6464117.268681563,,836,46144.2488442824,052545C96BAC6733D1EB67C05BE21865,Subestacion-El-Mauro,DJI MAVIC 3 ENTERPRISE,PAO,2026-04-05 00:00:00,2026-04-23 00:00:00,Activo,https://sig.aminerals.cl/imgdyn/rest/services/CL_MLP_PAO/CL_MLP_PAO_IF_Ortho_Geosupport/ImageServer/file?id=.\El_Mauro_Drone\26_04\CL_MLP_PAO_IF_Ortho_26_04_05_Subestacion-El-Mauro.tif&rasterId=,362_26_04_05_Subestacion-El-Mauro,347080.767560505,2381.787007858933
2882,CL_MLP_PAO_IF_Ortho_26_02_12_EM4,0.0,0.06,0.0369499,0.2955992,1,Dataset,,2882,307138.111591072,6463379.987763917,,34,46144.24859215278,4F6A4AE4EAD74AEA0C5822B5663F1F28,EM4,DJI MAVIC 3 ENTERPRISE,PAO,2026-02-12 00:00:00,2026-03-11 00:00:00,Activo,https://sig.aminerals.cl/imgdyn/rest/services/CL_MLP_PAO/CL_MLP_PAO_IF_Ortho_Geosupport/ImageServer/file?id=.\El_Mauro_Drone\26_02_12\CL_MLP_PAO_IF_Ortho_26_02_12_EM4.tif&rasterId=,211_26_02_12_EM4,281013.47878649,2240.253998250305
5991,CL_MLP_PAO_IF_Ortho_26_01_30_Plataforma_Integrada_El_Mauro,0.0,0.06,0.0369587,0.2956696,1,Dataset,,5991,306331.019355127,6463760.036081874,,92,46144.24871140047,A8F048B5EDC69A77247DF62BFFE982A1,Plataforma_Integrada_El_Mauro,DJI MAVIC 3 ENTERPRISE,PAO,2026-01-30 00:00:00,2026-03-10 00:00:00,Activo,https://sig.aminerals.cl/imgdyn/rest/services/CL_MLP_PAO/CL_MLP_PAO_IF_Ortho_Geosupport/ImageServer/file?id=.\El_Mauro_Drone\26_01_30\CL_MLP_PAO_IF_Ortho_26_01_30_Plataforma_Integrada_El_Mauro.tif&rasterId=,177_26_01_30_Plataforma_Integrada_El_Mauro,179236.786779145,4788.062084456875
5992,CL_MLP_PAO_IF_Ortho_26_01_31_Plataforma_Integrada_El_Mauro,0.0,0.06,0.0369587,0.2956696,1,Dataset,,5992,306331.019355127,6463760.036081874,,92,46144.24871266204,14AB9B069AFF62AB2730D2D52FB3D1D6,Plataforma_Integrada_El_Mauro,DJI MAVIC 3 ENTERPRISE,PAO,2026-01-31 04:00:00,2026-02-27 04:00:00,Activo,https://sig.aminerals.cl/imgdyn/rest/services/CL_MLP_PAO/CL_MLP_PAO_IF_Ortho_Geosupport/ImageServer/file?id=.\El_Mauro_Drone\26_01_31\CL_MLP_PAO_IF_Ortho_26_01_31_Plataforma_Integrada_El_Mauro.tif&rasterId=,182_26_01_31_Plataforma_Integrada_El_Mauro,179236.786779145,4788.062084456875
5990,CL_MLP_PAO_IF_Ortho_26_01_16_Plataforma_Integrada_El_Mauro,0.0,0.06,0.0374691,0.2997528,1,Dataset,,5990,306390.081512679,6463760.960422978,,92,46144.24871018519,C5388C49A62D1B7EA21396231A8C0EE0,Plataforma_Integrada_El_Mauro,DJI MAVIC 3 ENTERPRISE,PAO,2026-01-16 00:00:00,2026-03-10 00:00:00,Activo,https://sig.aminerals.cl/imgdyn/rest/services/CL_MLP_PAO/CL_MLP_PAO_IF_Ortho_Geosupport/ImageServer/file?id=.\El_Mauro_Drone\26_01_16\CL_MLP_PAO_IF_Ortho_26_01_16_Plataforma_Integrada_El_Mauro.tif&rasterId=,167_26_01_16_Plataforma_Integrada_El_Mauro,196439.79067997,5273.559179723905
1755,CL_MLP_PAO_IF_Ortho_26_01_10_MonteAranda-NSTC-Km-84p2-a-82p3,0.0,0.523968,0.027575,0.3,1,Dataset,,1755,296516.926955599,6462309.645837971,,19,46144.248551840275,7E9EA0EF02AB043E571E89ABCECD9F87,MonteAranda-NSTC-Km-84p2-a-82p3,DJI MAVIC 3 ENTERPRISE,PAO,2026-01-10 04:00:00,2026-01-21 00:00:00,Activo,https://sig.aminerals.cl/imgdyn/rest/services/CL_MLP_PAO/CL_MLP_PAO_IF_Ortho_Geosupport/ImageServer/file?id=.\El_Mauro_Puerto_Punta_Chungo_Drone\26_01_10\CL_MLP_PAO_IF_Ortho_26_01_10_MonteAranda-NSTC-Km-84p2-a-82p3.tiff&rasterId=,159_26_01_10_MonteAranda-NSTC-Km-84p2-a-82p3,475076.501005835,5660.887145879523
1756,CL_MLP_PAO_IF_Ortho_26_01_17_MonteAranda-NSTC-Km-84p2-a-82p3,0.0,0.523968,0.0248556,0.3,1,Dataset,,1756,296516.815721334,6462309.805803778,,19,46144.24855311343,44F69E0D2D2225ACD86711F6AD73A0FA,MonteAranda-NSTC-Km-84p2-a-82p3,DJI MAVIC 3 ENTERPRISE,PAO,2026-01-17 04:00:00,2026-01-28 00:00:00,Activo,https://sig.aminerals.cl/imgdyn/rest/services/CL_MLP_PAO/CL_MLP_PAO_IF_Ortho_Geosupport/ImageServer/file?id=.\El_Mauro_Puerto_Punta_Chungo_Drone\26_01_17\CL_MLP_PAO_IF_Ortho_26_01_17_MonteAranda-NSTC-Km-84p2-a-82p3.tif&rasterId=,168_26_01_17_MonteAranda-NSTC-Km-84p2-a-82p3,474522.80594261,5658.488694189233
1758,CL_MLP_PAO_IF_Ortho_26_01_21_InstalacionesTipay,0.0,0.523968,0.0264787,0.3,1,Dataset,,1758,302533.855438696,6462021.222210784,,19,46144.24855594907,08CCC8EB48D901B06A60A51734C877DE,InstalacionesTipay,DJI MAVIC 3 ENTERPRISE,PAO,2026-01-21 04:00:00,2026-01-28 00:00:00,Activo,https://sig.aminerals.cl/imgdyn/rest/services/CL_MLP_PAO/CL_MLP_PAO_IF_Ortho_Geosupport/ImageServer/file?id=.\El_Mauro_Puerto_Punta_Chungo_Drone\26_01_21\CL_MLP_PAO_IF_Ortho_26_01_21_InstalacionesTipay.tif&rasterId=,175_26_01_21_InstalacionesTipay,636696.36862976,6742.873868092595
1783,CL_MLP_PAO_IF_Ortho_26_01_21_DME9-PA12-IIFF8,0.0,1.571904,0.020644,0.3,1,Dataset,,1783,322737.081668801,6470063.639744014,,21,46144.248564351845,BFD8F26EBABFB6197451332E3EDFA485,DME9-PA12-IIFF8,DJI MAVIC 3 ENTERPRISE,PAO,2026-01-21 04:00:00,2026-01-28 00:00:00,Activo,https://sig.aminerals.cl/imgdyn/rest/services/CL_MLP_PAO/CL_MLP_PAO_IF_Ortho_Geosupport/ImageServer/file?id=.\Chacay_El_Mauro_Drone\26_01_21\CL_MLP_PAO_IF_Ortho_26_01_21_DME9-PA12-IIFF8.tif&rasterId=,172_26_01_21_DME9-PA12-IIFF8,193870.74566247,2945.284800832814
2288,CL_MLP_PAO_IF_Ortho_26_02_04_DME9_PA12_IIFF8,0.0,1.571904,0.0210814,0.3,1,Dataset,,2288,322747.991194527,6470043.706671188,,26,46144.248568888885,44CE996593F0463A91FD5AE352D5E903,DME9_PA12_IIFF8,DJI MAVIC 3 ENTERPRISE,PAO,2026-02-04 04:00:00,2026-02-27 04:00:00,Activo,https://sig.aminerals.cl/imgdyn/rest/services/CL_MLP_PAO/CL_MLP_PAO_IF_Ortho_Geosupport/ImageServer/file?id=.\Chacay_El_Mauro_Drone\26_02_04\CL_MLP_PAO_IF_Ortho_26_02_04_DME9_PA12_IIFF8.tif&rasterId=,185_26_02_04_DME9_PA12_IIFF8,202288.602344365,2866.8814183053087
2290,CL_MLP_PAO_IF_Ortho_26_02_05_33-kV-NSTC-Km-74p7-a-75p5,0.0,0.523968,0.0277744,0.3,1,Dataset,,2290,304177.817143846,6463374.895203309,,26,46144.24857171296,0C892DC28441B93D1C130F711D4EDE3C,33-kV-NSTC-Km-74p7-a-75p5,DJI MAVIC 3 ENTERPRISE,PAO,2026-02-05 00:00:00,2026-02-27 04:00:00,Activo,https://sig.aminerals.cl/imgdyn/rest/services/CL_MLP_PAO/CL_MLP_PAO_IF_Ortho_Geosupport/ImageServer/file?id=.\Chacay_El_Mauro_Drone\26_02_05\CL_MLP_PAO_IF_Ortho_26_02_05_33-kV-NSTC-Km-74p7-a-75p5.tif&rasterId=,189_26_02_05_33-kV-NSTC-Km-74p7-a-75p5,502864.45027281,4381.7943367031
2446,CL_MLP_PAO_IF_Ortho_26_01_31_MonteAranda-NSTC-Km-84p2-a-82p3,0.0,0.523968,0.0248534,0.3,1,Dataset,,2446,296527.612262921,6462307.0476426,,28,46144.24858196759,079199956B9327E8C6B0FC41369701E9,MonteAranda-NSTC-Km-84p2-a-82p3,DJI MAVIC 3 ENTERPRISE,PAO,2026-01-31 04:00:00,2026-02-27 04:00:00,Activo,https://sig.aminerals.cl/imgdyn/rest/services/CL_MLP_PAO/CL_MLP_PAO_IF_Ortho_Geosupport/ImageServer/file?id=.\El_Mauro_Puerto_Punta_Chungo_Drone\26_01_31\CL_MLP_PAO_IF_Ortho_26_01_31_MonteAranda-NSTC-Km-84p2-a-82p3.tif&rasterId=,181_26_01_31_MonteAranda-NSTC-Km-84p2-a-82p3,486560.19255953,9426.378091097838
2880,CL_MLP_PAO_IF_Ortho_26_02_09_EM4,0.0,0.06,0.0453867,0.3,1,Dataset,,2880,307132.923748087,6463378.307898626,,34,46144.24859071759,70054D3ED13708360EB41CFBAA5E5D21,EM4,DJI MAVIC 3 ENTERPRISE,PAO,2026-02-09 00:00:00,2026-03-11 00:00:00,Activo,https://sig.aminerals.cl/imgdyn/rest/services/CL_MLP_PAO/CL_MLP_PAO_IF_Ortho_Geosupport/ImageServer/file?id=.\El_Mauro_Drone\26_02_09\CL_MLP_PAO_IF_Ortho_26_02_09_EM4.tif&rasterId=,200_26_02_09_EM4,275131.09875448,2241.56218180216
2887,CL_MLP_PAO_IF_Ortho_26_02_07_MonteAranda-NSTC-Km-84p2-a-82p3,0.0,0.523968,0.0273441,0.3,1,Dataset,,2887,296516.349467695,6462309.995162128,,35,46144.24859631944,5D39E3F12B0EC34229F9C181E5157299,MonteAranda-NSTC-Km-84p2-a-82p3,DJI MAVIC 3 ENTERPRISE,PAO,2026-02-07 00:00:00,2026-03-11 00:00:00,Activo,https://sig.aminerals.cl/imgdyn/rest/services/CL_MLP_PAO/CL_MLP_PAO_IF_Ortho_Geosupport/ImageServer/file?id=.\El_Mauro_Puerto_Punta_Chungo_Drone\26_02_07\CL_MLP_PAO_IF_Ortho_26_02_07_MonteAranda-NSTC-Km-84p2-a-82p3.tif&rasterId=,197_26_02_07_MonteAranda-NSTC-Km-84p2-a-82p3,474585.74864023,5658.962031733704
2891,CL_MLP_PAO_IF_Ortho_26_02_11_MonteAranda-NSTC-Km-84p2-a-82p3,0.0,1.571904,0.04,0.3,1,Dataset,,2891,296515.81272859,6462310.052285489,,35,46144.24859938657,1EB661C680106A3919A5D5B284981761,MonteAranda-NSTC-Km-84p2-a-82p3,DJI MAVIC 3 ENTERPRISE,PAO,2026-02-11 00:00:00,2026-03-11 00:00:00,Activo,https://sig.aminerals.cl/imgdyn/rest/services/CL_MLP_PAO/CL_MLP_PAO_IF_Ortho_Geosupport/ImageServer/file?id=.\El_Mauro_Puerto_Punta_Chungo_Drone\26_02_11\CL_MLP_PAO_IF_Ortho_26_02_11_MonteAranda-NSTC-Km-84p2-a-82p3.tif&rasterId=,207_26_02_11_MonteAranda-NSTC-Km-84p2-a-82p3,474673.369945325,5658.566833218697
3193,CL_MLP_PAO_IF_Ortho_26_02_13_DME9_PA12_IIFF8_1,0.0,1.571904,0.0253288,0.3,1,Dataset,,3193,322730.261989741,6470012.051999481,,38,46144.248605092595,B30EB45713107B135B67AD48BEAC22C1,DME9_PA12_IIFF8_1,DJI MAVIC 3 ENTERPRISE,PAO,2026-02-13 00:00:00,2026-03-10 00:00:00,Activo,https://sig.aminerals.cl/imgdyn/rest/services/CL_MLP_PAO/CL_MLP_PAO_IF_Ortho_Geosupport/ImageServer/file?id=.\Chacay_El_Mauro_Drone\26_02_13\CL_MLP_PAO_IF_Ortho_26_02_13_DME9_PA12_IIFF8_1.tif&rasterId=,214_26_02_13_DME9_PA12_IIFF8_1,72488.826257875,2786.190210413856
3269,CL_MLP_PAO_IF_Ortho_26_02_26_EM2,0.0,1.571904,0.0231736,0.3,1,Dataset,,3269,322730.492653607,6470011.640096435,,40,46144.24861353009,FAFBAD1468C36C106AFF87DBB4140A23,EM2,DJI MAVIC 3 ENTERPRISE,PAO,2026-02-26 00:00:00,2026-03-19 00:00:00,Activo,https://sig.aminerals.cl/imgdyn/rest/services/CL_MLP_PAO/CL_MLP_PAO_IF_Ortho_Geosupport/ImageServer/file?id=.\Chacay_Drone\26_02_26\CL_MLP_PAO_IF_Ortho_26_02_26_EM2.tif&rasterId=,241_26_02_26_EM2,71711.587604045,2779.289678369573
3271,CL_MLP_PAO_IF_Ortho_26_02_18_DME9-PA12-IIFF8,0.0,1.571904,0.0222955,0.3,1,Dataset,,3271,322748.255937162,6470044.189687329,,40,46144.248615000004,CB096093F89D22BC26AC91425DCA55E2,DME9-PA12-IIFF8,DJI MAVIC 3 ENTERPRISE,PAO,2026-02-18 00:00:00,2026-03-19 00:00:00,Activo,https://sig.aminerals.cl/imgdyn/rest/services/CL_MLP_PAO/CL_MLP_PAO_IF_Ortho_Geosupport/ImageServer/file?id=.\Chacay_El_Mauro_Drone\26_02_18\CL_MLP_PAO_IF_Ortho_26_02_18_DME9-PA12-IIFF8.tif&rasterId=,219_26_02_18_DME9-PA12-IIFF8,193362.24977664,2849.8885466276265
3419,CL_MLP_PAO_IF_Ortho_26_02_19_MonteAranda-NSTC-Km-84p2-a-82p3,0.0,0.523968,0.027272168,0.3,1,Dataset,,3419,296516.473077257,6462309.65098178,,42,46144.24862778935,9D7FFD91ADEC748DA5816EBD485BD32A,MonteAranda-NSTC-Km-84p2-a-82p3,DJI MAVIC 3 ENTERPRISE,PAO,2026-02-19 00:00:00,2026-03-19 00:00:00,Activo,https://sig.aminerals.cl/imgdyn/rest/services/CL_MLP_PAO/CL_MLP_PAO_IF_Ortho_Geosupport/ImageServer/file?id=.\El_Mauro_Puerto_Punta_Chungo_Drone\26_02_19\CL_MLP_PAO_IF_Ortho_26_02_19_MonteAranda-NSTC-Km-84p2-a-82p3.tif&rasterId=,222_26_02_19_MonteAranda-NSTC-Km-84p2-a-82p3,472941.00721482,5655.009911282504
3422,CL_MLP_PAO_IF_Ortho_26_02_25_MonteAranda-NSTC-Km-84p2-a-82p3,0.0,0.0289053,0.023824521,0.3,1,Dataset,,3422,296849.481923578,6462060.514520672,,42,46144.24863018518,FB825A57E1659FDDE98B0308CDDE5790,MonteAranda-NSTC-Km-84p2-a-82p3,DJI MAVIC 3 ENTERPRISE,PAO,2026-02-25 00:00:00,2026-03-19 00:00:00,Activo,https://sig.aminerals.cl/imgdyn/rest/services/CL_MLP_PAO/CL_MLP_PAO_IF_Ortho_Geosupport/ImageServer/file?id=.\El_Mauro_Puerto_Punta_Chungo_Drone\26_02_25\CL_MLP_PAO_IF_Ortho_26_02_25_MonteAranda-NSTC-Km-84p2-a-82p3.tif&rasterId=,239_26_02_25_MonteAranda-NSTC-Km-84p2-a-82p3,111969.942994475,4511.230794892166
3673,CL_MLP_PAO_IF_Ortho_26_02_20_EM4,0.0,0.06,0.0402023,0.3,1,Dataset,,3673,307133.778495648,6463378.460228922,,825,46144.24877706018,2E85CDF9AB638D740CDF6A43AC1E8A64,EM4,DJI MAVIC 3 ENTERPRISE,PAO,2026-02-20 00:00:00,2026-03-19 00:00:00,Activo,https://sig.aminerals.cl/imgdyn/rest/services/CL_MLP_PAO/CL_MLP_PAO_IF_Ortho_Geosupport/ImageServer/file?id=.\El_Mauro_Drone\26_02_20\CL_MLP_PAO_IF_Ortho_26_02_20_EM4.tif&rasterId=,225_26_02_20_EM4,276628.001381725,2263.5367149217027
3997,CL_MLP_PAO_IF_Ortho_26_03_04_DME9-PA12-IIFF8,0.0,1.571904,0.0207152,0.3,1,Dataset,,3997,322742.622567312,6470074.695688182,,44,46144.2486378125,636A78E0A9BC83A34D16C6F605A2808A,DME9-PA12-IIFF8,DJI MAVIC 3 ENTERPRISE,PAO,2026-03-04 00:00:00,2026-03-31 00:00:00,Activo,https://sig.aminerals.cl/imgdyn/rest/services/CL_MLP_PAO/CL_MLP_PAO_IF_Ortho_Geosupport/ImageServer/file?id=.\Chacay_El_Mauro_Drone\26_03_04\CL_MLP_PAO_IF_Ortho_26_03_04_DME9-PA12-IIFF8.tif&rasterId=,255_26_03_04_DME9-PA12-IIFF8,214944.74580606,2885.2214672242744
4076,CL_MLP_PAO_IF_Ortho_26_03_14_EM2,0.0,1.571904,0.0231736,0.3,1,Dataset,,4076,322730.956036492,6470010.734508186,,45,46144.24864932871,B93E05A9A8EB3E25CFC739F7FD49059A,EM2,DJI MAVIC 3 ENTERPRISE,PAO,2026-03-14 00:00:00,2026-03-31 00:00:00,Activo,https://sig.aminerals.cl/imgdyn/rest/services/CL_MLP_PAO/CL_MLP_PAO_IF_Ortho_Geosupport/ImageServer/file?id=.\Chacay_El_Mauro_Drone\26_03_14\CL_MLP_PAO_IF_Ortho_26_03_14_EM2.tif&rasterId=,286_26_03_14_EM2,72696.82715238,2778.8119818322966
4154,CL_MLP_PAO_IF_Ortho_26_03_06_TORRES_E48_A_E84_PV4,0.0,1.571904,0.0341313,0.3,1,Dataset,,4154,302264.365788174,6461975.502614671,,46,46144.24865837963,8A2874B7B338D4E624274E0A29776FD1,TORRES_E48_A_E84_PV4,DJI MAVIC 3 ENTERPRISE,PAO,2026-03-06 00:00:00,2026-03-31 00:00:00,Activo,https://sig.aminerals.cl/imgdyn/rest/services/CL_MLP_PAO/CL_MLP_PAO_IF_Ortho_Geosupport/ImageServer/file?id=.\El_Mauro_Drone\26_03_06\CL_MLP_PAO_IF_Ortho_26_03_06_TORRES_E48_A_E84_PV4.tif&rasterId=,264_26_03_06_TORRES_E48_A_E84_PV4,383331.21242245,6278.370592258694
4157,CL_MLP_PAO_IF_Ortho_26_03_07_Subestacion-El-Mauro,0.0289053,1.571904,0.0402512,0.3,1,Dataset,,4157,310296.863295721,6464106.040598098,,46,46144.248661516205,5B67EB8407AF672B5C84330C37A637F2,Subestacion-El-Mauro,DJI MAVIC 3 ENTERPRISE,PAO,2026-03-07 00:00:00,2026-03-31 00:00:00,Activo,https://sig.aminerals.cl/imgdyn/rest/services/CL_MLP_PAO/CL_MLP_PAO_IF_Ortho_Geosupport/ImageServer/file?id=.\El_Mauro_Drone\26_03_07\CL_MLP_PAO_IF_Ortho_26_03_07_Subestacion-El-Mauro.tif&rasterId=,269_26_03_07_Subestacion-El-Mauro,170494.73996805,1752.062213183758
4308,CL_MLP_PAO_IF_Ortho_26_03_11_TORRES_E035_E048,0.0,0.523968,0.0254031,0.3,1,Dataset,,4308,303879.455895913,6463187.106970767,,48,46144.248664108796,D4FFD2C492EFF7229BB11423DC962522,TORRES_E035_E048,DJI MAVIC 3 ENTERPRISE,PAO,2026-03-11 00:00:00,2026-03-31 00:00:00,Activo,https://sig.aminerals.cl/imgdyn/rest/services/CL_MLP_PAO/CL_MLP_PAO_IF_Ortho_Geosupport/ImageServer/file?id=.\El_Mauro_Drone\26_03_11\CL_MLP_PAO_IF_Ortho_26_03_11_TORRES_E035_E048.tif&rasterId=,275_26_03_11_TORRES_E035_E048,284442.30151908,2958.319276121953
4381,CL_MLP_PAO_IF_Ortho_26_03_08_MonteAranda-NSTC-Km-84p2-a-82p3,0.0,0.0289053,0.0263478,0.3,1,Dataset,,4381,296853.269669653,6462059.45767561,,49,46144.248676678246,75A4ACCF5C8FE53C3DC098139211FF60,MonteAranda-NSTC-Km-84p2-a-82p3,DJI MAVIC 3 ENTERPRISE,PAO,2026-03-08 00:00:00,2026-03-31 00:00:00,Activo,https://sig.aminerals.cl/imgdyn/rest/services/CL_MLP_PAO/CL_MLP_PAO_IF_Ortho_Geosupport/ImageServer/file?id=.\El_Mauro_Puerto_Punta_Chungo_Drone\26_03_08\CL_MLP_PAO_IF_Ortho_26_03_08_MonteAranda-NSTC-Km-84p2-a-82p3.tif&rasterId=,270_26_03_08_MonteAranda-NSTC-Km-84p2-a-82p3,111781.54488797,4528.804959211108
4443,CL_MLP_PAO_IF_Ortho_26_03_13_MonteAranda-NSTC-Km-84p2-a-82p3,0.0,0.0289053,0.0250608,0.3,1,Dataset,,4443,296852.07262061,6462060.064290593,,50,46144.24868083333,168513B1F631E70D5510BCAC7B9CF41D,MonteAranda-NSTC-Km-84p2-a-82p3,DJI MAVIC 3 ENTERPRISE,PAO,2026-03-13 00:00:00,2026-03-31 00:00:00,Activo,https://sig.aminerals.cl/imgdyn/rest/services/CL_MLP_PAO/CL_MLP_PAO_IF_Ortho_Geosupport/ImageServer/file?id=.\El_Mauro_Puerto_Punta_Chungo_Drone\26_03_13\CL_MLP_PAO_IF_Ortho_26_03_13_MonteAranda-NSTC-Km-84p2-a-82p3.tif&rasterId=,283_26_03_13_MonteAranda-NSTC-Km-84p2-a-82p3,110043.65430512,4726.832358282079
4567,CL_MLP_PAO_IF_Ortho_26_03_18_EM2,0.0,1.571904,0.1,0.3,1,Dataset,,4567,322757.246638106,6470014.308289515,,52,46144.24869043981,031C6AB780D8F9645956097CF97773F5,EM2,DJI MAVIC 3 ENTERPRISE,PAO,2026-03-18 00:00:00,2026-04-01 00:00:00,Activo,https://sig.aminerals.cl/imgdyn/rest/services/CL_MLP_PAO/CL_MLP_PAO_IF_Ortho_Geosupport/ImageServer/file?id=.\Chacay_El_Mauro_Drone\26_03_18\CL_MLP_PAO_IF_Ortho_26_03_18_EM2.tif&rasterId=,292_26_03_18_EM2,203732.911888005,2796.003069193527
5033,CL_MLP_PAO_IF_Ortho_26_03_21_TORRES_E35_A_E48,0.0289053,0.523968,0.034097536,0.3,1,Dataset,,5033,303891.331187237,6463160.273794116,,828,46144.248789537036,83F239EE0097F8416252218F305BFD2B,TORRES_E35_A_E48,DJI MAVIC 3 ENTERPRISE,PAO,2026-03-21 00:00:00,2026-04-01 00:00:00,Activo,https://sig.aminerals.cl/imgdyn/rest/services/CL_MLP_PAO/CL_MLP_PAO_IF_Ortho_Geosupport/ImageServer/file?id=.\El_Mauro_Drone\26_03_21\CL_MLP_PAO_IF_Ortho_26_03_21_TORRES_E35_A_E48.tif&rasterId=,307_26_03_21_TORRES_E35_A_E48,148622.528027485,2711.6243298500394
5111,CL_MLP_PAO_IF_Ortho_26_03_26_Patio-19B-y-Armado,0.0,0.523968,0.022053,0.3,1,Dataset,,5111,309750.614520967,6459748.483378549,,829,46144.24879400463,DF0F77BDC942B074898C831F876778B4,Patio-19B-y-Armado,DJI MAVIC 3 ENTERPRISE,PAO,2026-03-26 00:00:00,2026-04-01 00:00:00,Activo,https://sig.aminerals.cl/imgdyn/rest/services/CL_MLP_PAO/CL_MLP_PAO_IF_Ortho_Geosupport/ImageServer/file?id=.\El_Mauro_Drone\26_03_26\CL_MLP_PAO_IF_Ortho_26_03_26_Patio-19B-y-Armado.tif&rasterId=,314_26_03_26_Patio-19B-y-Armado,204436.573952665,1910.6920175112791
5200,CL_MLP_PAO_IF_Ortho_26_03_28_TORRES_E35_A_E48,0.0289053,0.523968,0.0305938,0.3,1,Dataset,,5200,303880.237804468,6463151.47443089,,830,46144.248800671296,C74D3AA1ABC97A583D3C0B8166B3CCB1,TORRES_E35_A_E48,DJI MAVIC 3 ENTERPRISE,PAO,2026-03-28 00:00:00,2026-04-01 00:00:00,Activo,https://sig.aminerals.cl/imgdyn/rest/services/CL_MLP_PAO/CL_MLP_PAO_IF_Ortho_Geosupport/ImageServer/file?id=.\El_Mauro_Drone\26_03_28\CL_MLP_PAO_IF_Ortho_26_03_28_TORRES_E35_A_E48.tif&rasterId=,330_26_03_28_TORRES_E35_A_E48,152225.146969885,2742.6037682670103
5201,CL_MLP_PAO_IF_Ortho_26_03_21_TORRES_E48_A_E84_PV4,0.0,1.571904,0.036986,0.3,1,Dataset,,5201,302269.904927595,6461906.377562219,,830,46144.24880199074,E647C04D31C627AC5D66473D2DB1241C,TORRES_E48_A_E84_PV4,DJI MAVIC 3 ENTERPRISE,PAO,2026-03-21 00:00:00,2026-04-01 00:00:00,Activo,https://sig.aminerals.cl/imgdyn/rest/services/CL_MLP_PAO/CL_MLP_PAO_IF_Ortho_Geosupport/ImageServer/file?id=.\El_Mauro_Puerto_Punta_Chungo_Drone\26_03_21\CL_MLP_PAO_IF_Ortho_26_03_21_TORRES_E48_A_E84_PV4.tif&rasterId=,308_26_03_21_TORRES_E48_A_E84_PV4,1032953.418525625,7114.810886689385
5203,CL_MLP_PAO_IF_Ortho_26_03_26_TORRES_E48_A_E84_PV4,0.0,0.0289053,0.026598,0.3,1,Dataset,,5203,302193.672086811,6461899.552027558,,830,46144.24880479167,8957513D098BD5FA6C1630033FC77F28,TORRES_E48_A_E84_PV4,DJI MAVIC 3 ENTERPRISE,PAO,2026-03-26 00:00:00,2026-04-01 00:00:00,Activo,https://sig.aminerals.cl/imgdyn/rest/services/CL_MLP_PAO/CL_MLP_PAO_IF_Ortho_Geosupport/ImageServer/file?id=.\El_Mauro_Puerto_Punta_Chungo_Drone\26_03_26\CL_MLP_PAO_IF_Ortho_26_03_26_TORRES_E48_A_E84_PV4.tif&rasterId=,318_26_03_26_TORRES_E48_A_E84_PV4,902107.836656065,7405.060411605725
5293,CL_MLP_PAO_IF_Ortho_26_03_27_Estacion_Intermedia,0.0,0.0289053,0.0275075,0.3,1,Dataset,,5293,310132.430187752,6463360.423504733,,831,46144.24881189815,EB6BC57667AE491B15262F019FCC2DD3,Estacion_Intermedia,DJI MAVIC 3 ENTERPRISE,PAO,2026-03-27 00:00:00,2026-04-01 00:00:00,Activo,https://sig.aminerals.cl/imgdyn/rest/services/CL_MLP_PAO/CL_MLP_PAO_IF_Ortho_Geosupport/ImageServer/file?id=.\El_Mauro_Drone\26_03_27\CL_MLP_PAO_IF_Ortho_26_03_27_Estacion_Intermedia.tif&rasterId=,321_26_03_27_Estacion_Intermedia,598334.701694105,3403.033618426194
5882,CL_MLP_PAO_IF_Ortho_25_12_19_Plataforma_Integrada_El_Mauro,0.0,0.06,0.0372051,0.3,1,Dataset,,5882,306646.331637179,6463659.188951279,,91,46144.24870172454,43EC818939F119691F8D9DE98774E9A0,Plataforma_Integrada_El_Mauro,DJI MAVIC 3 ENTERPRISE,PAO,2025-12-19 00:00:00,2026-03-10 00:00:00,Activo,https://sig.aminerals.cl/imgdyn/rest/services/CL_MLP_PAO/CL_MLP_PAO_IF_Ortho_Geosupport/ImageServer/file?id=.\El_Mauro_Drone\25_12_19\CL_MLP_PAO_IF_Ortho_25_12_19_Plataforma_Integrada_El_Mauro.tif&rasterId=,143_25_12_19_Plataforma_Integrada_El_Mauro,318327.763961885,7524.303252982587
5883,CL_MLP_PAO_IF_Ortho_25_12_26_Plataforma_Integrada_El_Mauro,0.0,0.06,0.0370964,0.3,1,Dataset,,5883,306698.750892151,6463603.739286059,,91,46144.24870292824,541E41EBB3B86D0B1A5C45ECFB748014,Plataforma_Integrada_El_Mauro,DJI MAVIC 3 ENTERPRISE,PAO,2025-12-26 00:00:00,2026-03-10 00:00:00,Activo,https://sig.aminerals.cl/imgdyn/rest/services/CL_MLP_PAO/CL_MLP_PAO_IF_Ortho_Geosupport/ImageServer/file?id=.\El_Mauro_Drone\25_12_26\CL_MLP_PAO_IF_Ortho_25_12_26_Plataforma_Integrada_El_Mauro.tif&rasterId=,144_25_12_26_Plataforma_Integrada_El_Mauro,347195.16666417,8040.981005870819
5884,CL_MLP_PAO_IF_Ortho_26_01_02_Plataforma_Integrada_El_Mauro,0.0,0.06,0.036204714,0.3,1,Dataset,,5884,306636.027056059,6463659.569538823,,91,46144.24870402778,5177AF7D882DBC7940C78664A086F19B,Plataforma_Integrada_El_Mauro,DJI MAVIC 3 ENTERPRISE,PAO,2026-01-02 00:00:00,2026-03-10 00:00:00,Activo,https://sig.aminerals.cl/imgdyn/rest/services/CL_MLP_PAO/CL_MLP_PAO_IF_Ortho_Geosupport/ImageServer/file?id=.\El_Mauro_Drone\26_01_02\CL_MLP_PAO_IF_Ortho_26_01_02_Plataforma_Integrada_El_Mauro.tif&rasterId=,145_26_01_02_Plataforma_Integrada_El_Mauro,294272.89064355,7492.532588481646
5886,CL_MLP_PAO_IF_Ortho_26_01_08_TORRES_E31_A_E48_PV4,0.0,0.523968,0.0279215,0.3,1,Dataset,,5886,304177.161377162,6463374.460643548,,91,46144.24870642361,1C58A1E1A06CF1357203D0C1CC67A33F,TORRES_E31_A_E48_PV4,DJI MAVIC 3 ENTERPRISE,PAO,2026-01-08 04:00:00,2026-01-21 00:00:00,Activo,https://sig.aminerals.cl/imgdyn/rest/services/CL_MLP_PAO/CL_MLP_PAO_IF_Ortho_Geosupport/ImageServer/file?id=.\El_Mauro_Drone\26_01_08\CL_MLP_PAO_IF_Ortho_26_01_08_TORRES_E31_A_E48_PV4.tiff&rasterId=,153_26_01_08_TORRES_E31_A_E48_PV4,503942.338777765,4378.2906823773965
5887,CL_MLP_PAO_IF_Ortho_26_01_09_Plataforma_Integrada_El_Mauro,0.0,0.06,0.0373078,0.3,1,Dataset,,5887,306689.978948554,6463607.885863289,,91,46144.248707708335,51454DCFED16D578DA86160D0AAFF41B,Plataforma_Integrada_El_Mauro,DJI MAVIC 3 ENTERPRISE,PAO,2026-01-09 00:00:00,2026-03-10 00:00:00,Activo,https://sig.aminerals.cl/imgdyn/rest/services/CL_MLP_PAO/CL_MLP_PAO_IF_Ortho_Geosupport/ImageServer/file?id=.\El_Mauro_Drone\26_01_09\CL_MLP_PAO_IF_Ortho_26_01_09_Plataforma_Integrada_El_Mauro.tif&rasterId=,155_26_01_09_Plataforma_Integrada_El_Mauro,343506.42697166,8045.122318329166
5995,CL_MLP_PAO_IF_Ortho_26_02_06_TORRE_E48_A_E84_PV4,0.0,1.571904,0.0309981,0.3,1,Dataset,,5995,302444.370288172,6461972.035973782,,92,46144.248716504626,5931E50FE9FED63E28DCAD3814786447,TORRE_E48_A_E84_PV4,DJI MAVIC 3 ENTERPRISE,PAO,2026-02-06 00:00:00,2026-02-27 04:00:00,Activo,https://sig.aminerals.cl/imgdyn/rest/services/CL_MLP_PAO/CL_MLP_PAO_IF_Ortho_Geosupport/ImageServer/file?id=.\El_Mauro_Puerto_Punta_Chungo_Drone\26_02_06\CL_MLP_PAO_IF_Ortho_26_02_06_TORRE_E48_A_E84_PV4.tif&rasterId=,196_26_02_06_TORRE_E48_A_E84_PV4,705942.445337495,7290.919641905104
5996,CL_MLP_PAO_IF_Ortho_26_02_07_Plataforma_Integrada_El_Mauro,0.0,0.0289053,0.0278497,0.3,1,Dataset,,5996,306677.212178467,6463624.984639694,,92,46144.24871777777,D2E82C8CEFEA7730C5FCC6903B1CAFAF,Plataforma_Integrada_El_Mauro,DJI MAVIC 3 ENTERPRISE,PAO,2026-02-07 00:00:00,2026-03-10 00:00:00,Activo,https://sig.aminerals.cl/imgdyn/rest/services/CL_MLP_PAO/CL_MLP_PAO_IF_Ortho_Geosupport/ImageServer/file?id=.\El_Mauro_Drone\26_02_07\CL_MLP_PAO_IF_Ortho_26_02_07_Plataforma_Integrada_El_Mauro.tif&rasterId=,198_26_02_07_Plataforma_Integrada_El_Mauro,317001.57610009,7485.124706948792
6099,CL_MLP_PAO_IF_Ortho_26_02_09_EM4_PR2,0.0,0.06,0.0453867,0.3,1,Dataset,,6099,307024.821989228,6463344.062920906,,93,46144.24872027778,0B5320DA8FB94A8F73645F1AA2FC7D47,EM4_PR2,DJI MAVIC 3 ENTERPRISE,PAO,2026-02-09 00:00:00,2026-03-11 00:00:00,Activo,https://sig.aminerals.cl/imgdyn/rest/services/CL_MLP_PAO/CL_MLP_PAO_IF_Ortho_Geosupport/ImageServer/file?id=.\El_Mauro_Drone\26_02_09\CL_MLP_PAO_IF_Ortho_26_02_09_EM4_PR2.tif&rasterId=,201_26_02_09_EM4_PR2,446031.53895745,2756.970418763183
6101,CL_MLP_PAO_IF_Ortho_26_02_13_Plataforma_Integrada_El_Mauro,0.0,0.06,0.0376251,0.3,1,Dataset,,6101,306330.67596045,6463759.866532852,,93,46144.24872229167,402C028F287A96C026289206131C82D0,Plataforma_Integrada_El_Mauro,DJI MAVIC 3 ENTERPRISE,PAO,2026-02-13 00:00:00,2026-03-10 00:00:00,Activo,https://sig.aminerals.cl/imgdyn/rest/services/CL_MLP_PAO/CL_MLP_PAO_IF_Ortho_Geosupport/ImageServer/file?id=.\El_Mauro_Drone\26_02_13\CL_MLP_PAO_IF_Ortho_26_02_13_Plataforma_Integrada_El_Mauro.tif&rasterId=,215_26_02_13_Plataforma_Integrada_El_Mauro,179184.83698396,4797.149190729186
6102,CL_MLP_PAO_IF_Ortho_26_02_14_TORRES_E31_A_E48_PV4,0.0,0.523968,0.025481592,0.3,1,Dataset,,6102,304179.029880009,6463376.436033149,,93,46144.2487234838,603CBD9E83735234111FF87C2B1A89EA,TORRES_E31_A_E48_PV4,DJI MAVIC 3 ENTERPRISE,PAO,2026-02-14 00:00:00,2026-03-11 00:00:00,Activo,https://sig.aminerals.cl/imgdyn/rest/services/CL_MLP_PAO/CL_MLP_PAO_IF_Ortho_Geosupport/ImageServer/file?id=.\El_Mauro_Drone\26_02_14\CL_MLP_PAO_IF_Ortho_26_02_14_TORRES_E31_A_E48_PV4.tif&rasterId=,217_26_02_14_TORRES_E31_A_E48_PV4,501287.76340505,4373.253599286823
6104,CL_MLP_PAO_IF_Ortho_26_02_18_TORRES_E48_A_E84_PV4,0.0,1.571904,0.0348994,0.3,1,Dataset,,6104,302487.278949362,6462095.170372938,,93,46144.248724930556,4CE036B19576E3018572E2202FC987E9,TORRES_E48_A_E84_PV4,DJI MAVIC 3 ENTERPRISE,PAO,2026-02-18 00:00:00,2026-03-19 00:00:00,Activo,https://sig.aminerals.cl/imgdyn/rest/services/CL_MLP_PAO/CL_MLP_PAO_IF_Ortho_Geosupport/ImageServer/file?id=.\El_Mauro_Drone\26_02_18\CL_MLP_PAO_IF_Ortho_26_02_18_TORRES_E48_A_E84_PV4.tif&rasterId=,220_26_02_18_TORRES_E48_A_E84_PV4,463619.644817935,6216.359455464942
6208,CL_MLP_PAO_IF_Ortho_26_02_20_EM4_PR2,0.0,0.06,0.0402023,0.3,1,Dataset,,6208,307024.866539972,6463344.203505703,,94,46144.24872746528,7375F47B1C2267EDFEFD702FCC4C945B,EM4_PR2,DJI MAVIC 3 ENTERPRISE,PAO,2026-02-20 00:00:00,2026-03-19 00:00:00,Activo,https://sig.aminerals.cl/imgdyn/rest/services/CL_MLP_PAO/CL_MLP_PAO_IF_Ortho_Geosupport/ImageServer/file?id=.\El_Mauro_Drone\26_02_20\CL_MLP_PAO_IF_Ortho_26_02_20_EM4_PR2.tif&rasterId=,226_26_02_20_EM4_PR2,446483.261275545,2761.5135914825796
6209,CL_MLP_PAO_IF_Ortho_26_02_20_Plataforma_Integrada_El_Mauro,0.0,0.06,0.0376356,0.3,1,Dataset,,6209,306679.811040101,6463617.563224529,,94,46144.24872814815,88C8128AA1E63CFA029D1FBEBBD413E7,Plataforma_Integrada_El_Mauro,DJI MAVIC 3 ENTERPRISE,PAO,2026-02-20 00:00:00,2026-03-10 00:00:00,Activo,https://sig.aminerals.cl/imgdyn/rest/services/CL_MLP_PAO/CL_MLP_PAO_IF_Ortho_Geosupport/ImageServer/file?id=.\El_Mauro_Drone\26_02_20\CL_MLP_PAO_IF_Ortho_26_02_20_Plataforma_Integrada_El_Mauro.tif&rasterId=,228_26_02_20_Plataforma_Integrada_El_Mauro,328684.91298064,7976.101107846198
6210,CL_MLP_PAO_IF_Ortho_26_02_22_TORRES_E31_A_E48_PV4,0.0289053,1.571904,0.05,0.3,1,Dataset,,6210,304177.082306408,6463375.152769257,,94,46144.24872940972,68B9B5C547865501C06356FC12D3C990,TORRES_E31_A_E48_PV4,DJI MAVIC 3 ENTERPRISE,PAO,2026-02-22 00:00:00,2026-03-19 00:00:00,Activo,https://sig.aminerals.cl/imgdyn/rest/services/CL_MLP_PAO/CL_MLP_PAO_IF_Ortho_Geosupport/ImageServer/file?id=.\El_Mauro_Drone\26_02_22\CL_MLP_PAO_IF_Ortho_26_02_22_TORRES_E31_A_E48_PV4.tif&rasterId=,235_26_02_22_TORRES_E31_A_E48_PV4,504914.44227307,4377.62709556003
6211,CL_MLP_PAO_IF_Ortho_26_02_27_Plataforma_Integrada_El_Mauro,0.0,0.06,0.0332559,0.3,1,Dataset,,6211,306630.743913475,6463664.973149708,,94,46144.24873057871,22B30EEE7BC9180AE73C7E7437320CAB,Plataforma_Integrada_El_Mauro,DJI MAVIC 3 ENTERPRISE,PAO,2026-02-27 00:00:00,2026-03-10 00:00:00,Activo,https://sig.aminerals.cl/imgdyn/rest/services/CL_MLP_PAO/CL_MLP_PAO_IF_Ortho_Geosupport/ImageServer/file?id=.\El_Mauro_Drone\26_02_27\CL_MLP_PAO_IF_Ortho_26_02_27_Plataforma_Integrada_El_Mauro.tif&rasterId=,247_26_02_27_Plataforma_Integrada_El_Mauro,290363.692039735,7410.056432267265
6212,CL_MLP_PAO_IF_Ortho_26_02_28_TORRES_E35_A_E48,0.0,0.0289053,0.0243531,0.3,1,Dataset,,6212,303827.905581332,6463125.374835819,,94,46144.24873151621,FF38C8EA04AC3DFD5917D0010174BFBE,TORRES_E35_A_E48,DJI MAVIC 3 ENTERPRISE,PAO,2026-02-28 00:00:00,2026-03-19 00:00:00,Activo,https://sig.aminerals.cl/imgdyn/rest/services/CL_MLP_PAO/CL_MLP_PAO_IF_Ortho_Geosupport/ImageServer/file?id=.\El_Mauro_Drone\26_02_28\CL_MLP_PAO_IF_Ortho_26_02_28_TORRES_E35_A_E48.tif&rasterId=,250_26_02_28_TORRES_E35_A_E48,221120.65724245,2818.538131955363
6214,CL_MLP_PAO_IF_Ortho_26_03_01_Subestacion-El-Mauro_A_E35,0.0,1.571904,0.0457359,0.3,1,Dataset,,6214,307238.487013209,6463556.257766881,,94,46144.248733229164,70540097756540C8F12450CD035E3CE8,Subestacion-El-Mauro_A_E35,DJI MAVIC 3 ENTERPRISE,PAO,2026-03-01 00:00:00,2026-03-19 00:00:00,Activo,https://sig.aminerals.cl/imgdyn/rest/services/CL_MLP_PAO/CL_MLP_PAO_IF_Ortho_Geosupport/ImageServer/file?id=.\El_Mauro_Drone\26_03_01\CL_MLP_PAO_IF_Ortho_26_03_01_Subestacion-El-Mauro_A_E35.tif&rasterId=,253_26_03_01_Subestacion-El-Mauro_A_E35,2041848.10267867,15070.233082084005
6317,CL_MLP_PAO_IF_Ortho_26_01_07_TORRE_E48_A_E84_PV4,0.0,1.571904,0.0379164,0.3,1,Dataset,,6317,302447.214393806,6461973.338339558,,95,46144.248735416666,08B7F108F5B79274FCAE34A451C7D1B7,TORRE_E48_A_E84_PV4,DJI MAVIC 3 ENTERPRISE,PAO,2026-01-07 04:00:00,2026-01-21 00:00:00,Activo,https://sig.aminerals.cl/imgdyn/rest/services/CL_MLP_PAO/CL_MLP_PAO_IF_Ortho_Geosupport/ImageServer/file?id=.\El_Mauro_Puerto_Punta_Chungo_Drone\26_01_07\CL_MLP_PAO_IF_Ortho_26_01_07_TORRE_E48_A_E84_PV4.tiff&rasterId=,151_26_01_07_TORRE_E48_A_E84_PV4,708702.78083732,7254.513392577543
6533,CL_MLP_PAO_IF_Ortho_26_03_29_Acceso_a_pozos,0.0289053,1.571904,0.0401904,0.3,1,Dataset,,6533,305515.232925126,6463480.10953493,,97,46144.24875568287,1993A633DCA3D04312BCFE2B8F9EC919,Acceso_a_pozos,DJI MAVIC 3 ENTERPRISE,PAO,2026-03-29 00:00:00,2026-04-09 00:00:00,Activo,https://sig.aminerals.cl/imgdyn/rest/services/CL_MLP_PAO/CL_MLP_PAO_IF_Ortho_Geosupport/ImageServer/file?id=.\El_Mauro_Drone\26_03_29\CL_MLP_PAO_IF_Ortho_26_03_29_Acceso_a_pozos.tif&rasterId=,331_26_03_29_Acceso_a_pozos,549917.129201025,5555.285277319702
6534,CL_MLP_PAO_IF_Ortho_26_03_29_EM4,0.0,1.571904,0.0401904,0.3,1,Dataset,,6534,307064.275631282,6463244.755275803,,97,46144.248756875,2D202D53F9082BBE58C4D69B1E23560D,EM4,DJI MAVIC 3 ENTERPRISE,PAO,2026-03-29 00:00:00,2026-04-09 00:00:00,Activo,https://sig.aminerals.cl/imgdyn/rest/services/CL_MLP_PAO/CL_MLP_PAO_IF_Ortho_Geosupport/ImageServer/file?id=.\El_Mauro_Drone\26_03_29\CL_MLP_PAO_IF_Ortho_26_03_29_EM4.tif&rasterId=,335_26_03_29_EM4,858396.36088486,3837.633470507595
6637,CL_MLP_PAO_IF_Ortho_26_04_02_EM4,0.0,0.06,0.0409753,0.3,1,Dataset,,6637,307014.776754467,6463291.593288493,,98,46144.24876259259,4D0E8A9F2FFD48933F36C6F4A3E9F1FA,EM4,DJI MAVIC 3 ENTERPRISE,PAO,2026-04-02 00:00:00,2026-04-09 00:00:00,Activo,https://sig.aminerals.cl/imgdyn/rest/services/CL_MLP_PAO/CL_MLP_PAO_IF_Ortho_Geosupport/ImageServer/file?id=.\El_Mauro_Drone\26_04\CL_MLP_PAO_IF_Ortho_26_04_02_EM4.tif&rasterId=,345_26_04_02_EM4,768516.69351862,3543.6080103699433
6638,CL_MLP_PAO_IF_Ortho_26_04_02_Pozos_PRP,0.0289053,1.571904,0.0422343,0.3,1,Dataset,,6638,305455.986387902,6463479.982753615,,98,46144.248764027776,A1CED90BB6E9492EBABC0348EEDD5435,Pozos_PRP,DJI MAVIC 3 ENTERPRISE,PAO,2026-04-02 00:00:00,2026-04-09 00:00:00,Activo,https://sig.aminerals.cl/imgdyn/rest/services/CL_MLP_PAO/CL_MLP_PAO_IF_Ortho_Geosupport/ImageServer/file?id=.\El_Mauro_Drone\26_04\CL_MLP_PAO_IF_Ortho_26_04_02_Pozos_PRP.tif&rasterId=,347_26_04_02_Pozos_PRP,522131.295012195,5401.420578212025
6639,CL_MLP_PAO_IF_Ortho_26_04_02_TORRES_E35_A_E48,0.0,1.571904,0.0306248,0.3,1,Dataset,,6639,303866.372744047,6463175.361079781,,98,46144.24876530093,EAE6E14BEED2E4687ECBFCD11AFC0C3C,TORRES_E35_A_E48,DJI MAVIC 3 ENTERPRISE,PAO,2026-04-02 00:00:00,2026-04-09 00:00:00,Activo,https://sig.aminerals.cl/imgdyn/rest/services/CL_MLP_PAO/CL_MLP_PAO_IF_Ortho_Geosupport/ImageServer/file?id=.\El_Mauro_Drone\26_04\CL_MLP_PAO_IF_Ortho_26_04_02_TORRES_E35_A_E48.tif&rasterId=,349_26_04_02_TORRES_E35_A_E48,276115.53021753,2985.0527927018247
7396,CL_MLP_PAO_IF_Ortho_26_03_11_TORRES_E48_A_E84_PV4,0.0,0.523968,0.0224501,0.3,1,Dataset,,7396,302158.150990032,6461855.692120126,,104,46144.24877107639,620E6AB12C38376B44A053A6217187B4,TORRES_E48_A_E84_PV4,DJI MAVIC 3 ENTERPRISE,PAO,2026-03-11 00:00:00,2026-03-31 00:00:00,Activo,https://sig.aminerals.cl/imgdyn/rest/services/CL_MLP_PAO/CL_MLP_PAO_IF_Ortho_Geosupport/ImageServer/file?id=.\El_Mauro_Puerto_Punta_Chungo_Drone\26_03_11\CL_MLP_PAO_IF_Ortho_26_03_11_TORRES_E48_A_E84_PV4.tif&rasterId=,276_26_03_11_TORRES_E48_A_E84_PV4,573055.215996465,7657.72533246099
7397,CL_MLP_PAO_IF_Ortho_26_03_08_Subestacion-El-Mauro_A_E35,0.0,0.523968,0.0275153,0.3,1,Dataset,,7397,303878.938492137,6463186.613323023,,104,46144.24877261574,BB5166A88BBC2878B6330F8358793111,Subestacion-El-Mauro_A_E35,DJI MAVIC 3 ENTERPRISE,PAO,2026-03-08 00:00:00,2026-03-31 00:00:00,Activo,https://sig.aminerals.cl/imgdyn/rest/services/CL_MLP_PAO/CL_MLP_PAO_IF_Ortho_Geosupport/ImageServer/file?id=.\El_Mauro_Drone\26_03_08\CL_MLP_PAO_IF_Ortho_26_03_08_Subestacion-El-Mauro_A_E35.tif&rasterId=,271_26_03_08_Subestacion-El-Mauro_A_E35,290928.89319367,2996.431874433261
8312,CL_MLP_PAO_IF_Ortho_26_03_06_Plataforma_Integrada_El_Mauro,0.0,0.06,0.05,0.3,1,Dataset,,8312,306678.196942148,6463627.580479999,,834,46144.24882774305,753D878045AFFFF6C19766C286A6EDF4,Plataforma_Integrada_El_Mauro,DJI MAVIC 3 ENTERPRISE,PAO,2026-03-06 00:00:00,2026-04-23 00:00:00,Activo,https://sig.aminerals.cl/imgdyn/rest/services/CL_MLP_PAO/CL_MLP_PAO_IF_Ortho_Geosupport/ImageServer/file?id=.\El_Mauro_Drone\26_03\CL_MLP_PAO_IF_Ortho_26_03_06_Plataforma_Integrada_El_Mauro.tif&rasterId=,263_26_03_06_Plataforma_Integrada_El_Mauro,333945.26517185,7917.34258154983
8313,CL_MLP_PAO_IF_Ortho_26_03_13_Plataforma_Integrada_El_Mauro,0.0,0.06,0.05,0.3,1,Dataset,,8313,306388.401432971,6463762.906211112,,834,46144.24882898148,CF9CD3D21261E7E62078368D9FFB2CC8,Plataforma_Integrada_El_Mauro,DJI MAVIC 3 ENTERPRISE,PAO,2026-03-13 00:00:00,2026-04-23 00:00:00,Activo,https://sig.aminerals.cl/imgdyn/rest/services/CL_MLP_PAO/CL_MLP_PAO_IF_Ortho_Geosupport/ImageServer/file?id=.\El_Mauro_Drone\26_03\CL_MLP_PAO_IF_Ortho_26_03_13_Plataforma_Integrada_El_Mauro.tif&rasterId=,284_26_03_13_Plataforma_Integrada_El_Mauro,207744.49682649,5287.179584172566
8314,CL_MLP_PAO_IF_Ortho_26_03_19_Plataforma_Integrada_El_Mauro,0.0,0.06,0.05,0.3,1,Dataset,,8314,306676.371303013,6463627.059132116,,834,46144.248830046294,175A302D296E0CFA47679E687431D151,Plataforma_Integrada_El_Mauro,DJI MAVIC 3 ENTERPRISE,PAO,2026-03-19 00:00:00,2026-04-23 00:00:00,Activo,https://sig.aminerals.cl/imgdyn/rest/services/CL_MLP_PAO/CL_MLP_PAO_IF_Ortho_Geosupport/ImageServer/file?id=.\El_Mauro_Drone\26_03\CL_MLP_PAO_IF_Ortho_26_03_19_Plataforma_Integrada_El_Mauro.tif&rasterId=,297_26_03_19_Plataforma_Integrada_El_Mauro,341491.297643615,8056.140273000084
8425,CL_MLP_PAO_IF_Ortho_26_03_26_Plataforma_Integrada_El_Mauro,0.0,0.06,0.05,0.3,1,Dataset,,8425,306388.606294673,6463762.353289198,,835,46144.24883354167,14E90DAD28ADA173CB509DD15FD0A0EB,Plataforma_Integrada_El_Mauro,DJI MAVIC 3 ENTERPRISE,PAO,2026-03-26 00:00:00,2026-04-23 00:00:00,Activo,https://sig.aminerals.cl/imgdyn/rest/services/CL_MLP_PAO/CL_MLP_PAO_IF_Ortho_Geosupport/ImageServer/file?id=.\El_Mauro_Drone\26_03\CL_MLP_PAO_IF_Ortho_26_03_26_Plataforma_Integrada_El_Mauro.tif&rasterId=,315_26_03_26_Plataforma_Integrada_El_Mauro,207720.39101794,5290.342958901937
8427,CL_MLP_PAO_IF_Ortho_26_04_02_Plataforma_Integrada_El_Mauro,0.0,0.06,0.05,0.3,1,Dataset,,8427,306673.271231458,6463631.293983347,,835,46144.24883578704,7C38AC4EA47561D64B65E5A0087D0395,Plataforma_Integrada_El_Mauro,DJI MAVIC 3 ENTERPRISE,PAO,2026-04-02 00:00:00,2026-04-23 00:00:00,Activo,https://sig.aminerals.cl/imgdyn/rest/services/CL_MLP_PAO/CL_MLP_PAO_IF_Ortho_Geosupport/ImageServer/file?id=.\El_Mauro_Drone\26_04\CL_MLP_PAO_IF_Ortho_26_04_02_Plataforma_Integrada_El_Mauro.tif&rasterId=,346_26_04_02_Plataforma_Integrada_El_Mauro,333740.12576874,7928.007594127268
8538,CL_MLP_PAO_IF_Ortho_26_04_04_Estacion_Intermedia,0.0,1.571904,0.05,0.3,1,Dataset,,8538,310117.489518619,6463335.823861036,,836,46144.24883966435,9E793B198223164D1D9F31A20657ABE5,Estacion_Intermedia,DJI MAVIC 3 ENTERPRISE,PAO,2026-04-04 00:00:00,2026-04-23 00:00:00,Activo,https://sig.aminerals.cl/imgdyn/rest/services/CL_MLP_PAO/CL_MLP_PAO_IF_Ortho_Geosupport/ImageServer/file?id=.\El_Mauro_Drone\26_04\CL_MLP_PAO_IF_Ortho_26_04_04_Estacion_Intermedia.tif&rasterId=,355_26_04_04_Estacion_Intermedia,645621.71835646,3219.8479947729347
8541,CL_MLP_PAO_IF_Ortho_26_04_05_Patio-19B-y-Armado,0.0,1.571904,0.0236108,0.3,1,Dataset,,8541,309759.450500214,6459659.094454299,,836,46144.24884320602,AFFE97521F15B317E2AEE0729333E043,Patio-19B-y-Armado,DJI MAVIC 3 ENTERPRISE,PAO,2026-04-05 00:00:00,2026-04-23 00:00:00,Activo,https://sig.aminerals.cl/imgdyn/rest/services/CL_MLP_PAO/CL_MLP_PAO_IF_Ortho_Geosupport/ImageServer/file?id=.\El_Mauro_Drone\26_04\CL_MLP_PAO_IF_Ortho_26_04_05_Patio-19B-y-Armado.tif&rasterId=,361_26_04_05_Patio-19B-y-Armado,273631.527982835,2358.0552830870865
8652,CL_MLP_PAO_IF_Ortho_26_04_05_Subestacion-El-Mauro_A_E35,0.0,1.571904,0.05,0.3,1,Dataset,,8652,307205.916252898,6463518.427758168,,837,46144.24884699074,103D6A3E22A5CD3F08C289F64FE144A7,Subestacion-El-Mauro_A_E35,DJI MAVIC 3 ENTERPRISE,PAO,2026-04-05 00:00:00,2026-04-23 00:00:00,Activo,https://sig.aminerals.cl/imgdyn/rest/services/CL_MLP_PAO/CL_MLP_PAO_IF_Ortho_Geosupport/ImageServer/file?id=.\El_Mauro_Drone\26_04\CL_MLP_PAO_IF_Ortho_26_04_05_Subestacion-El-Mauro_A_E35.tif&rasterId=,363_26_04_05_Subestacion-El-Mauro_A_E35,3420617.136752085,16024.425085998213
8653,CL_MLP_PAO_IF_Ortho_26_04_08_TORRES_E35_A_E48,0.0,0.523968,0.0262074,0.3,1,Dataset,,8653,303879.819296234,6463150.653012439,,837,46144.24884826389,B5E8D2EA1BC96E484D338667277829C0,TORRES_E35_A_E48,DJI MAVIC 3 ENTERPRISE,PAO,2026-04-08 00:00:00,2026-04-23 00:00:00,Activo,https://sig.aminerals.cl/imgdyn/rest/services/CL_MLP_PAO/CL_MLP_PAO_IF_Ortho_Geosupport/ImageServer/file?id=.\El_Mauro_Drone\26_04\CL_MLP_PAO_IF_Ortho_26_04_08_TORRES_E35_A_E48.tif&rasterId=,365_26_04_08_TORRES_E35_A_E48,159041.9718537,2785.4443304761853
8655,CL_MLP_PAO_IF_Ortho_26_04_09_Estacion_Intermedia,0.0,1.571904,0.0237423,0.3,1,Dataset,,8655,310140.346512596,6463403.856297853,,837,46144.248850509255,C674EF526CCBC81CBB48787BC5D11C7A,Estacion_Intermedia,DJI MAVIC 3 ENTERPRISE,PAO,2026-04-09 00:00:00,2026-04-23 00:00:00,Activo,https://sig.aminerals.cl/imgdyn/rest/services/CL_MLP_PAO/CL_MLP_PAO_IF_Ortho_Geosupport/ImageServer/file?id=.\El_Mauro_Drone\26_04\CL_MLP_PAO_IF_Ortho_26_04_09_Estacion_Intermedia.tif&rasterId=,369_26_04_09_Estacion_Intermedia,567981.201390965,2958.7855220930733
8656,CL_MLP_PAO_IF_Ortho_26_04_09_Plataforma_Integrada_El_Mauro,0.0,0.06,0.05,0.3,1,Dataset,,8656,306387.956282552,6463763.077847537,,837,46144.248851585646,7F895A1DF1F6625F50A64707C7C6934A,Plataforma_Integrada_El_Mauro,DJI MAVIC 3 ENTERPRISE,PAO,2026-04-09 00:00:00,2026-04-23 00:00:00,Activo,https://sig.aminerals.cl/imgdyn/rest/services/CL_MLP_PAO/CL_MLP_PAO_IF_Ortho_Geosupport/ImageServer/file?id=.\El_Mauro_Drone\26_04\CL_MLP_PAO_IF_Ortho_26_04_09_Plataforma_Integrada_El_Mauro.tif&rasterId=,370_26_04_09_Plataforma_Integrada_El_Mauro,206745.44938759,5292.696685188885
8767,CL_MLP_PAO_IF_Ortho_26_04_09_Subestacion-El-Mauro_A_E35,0.0,1.571904,0.06,0.3,1,Dataset,,8767,307210.085851667,6463518.523438914,,838,46144.24885494213,81FED1282DFB0D2E3F0CEE872109D6C1,Subestacion-El-Mauro_A_E35,DJI MAVIC 3 ENTERPRISE,PAO,2026-04-09 00:00:00,2026-04-23 00:00:00,Activo,https://sig.aminerals.cl/imgdyn/rest/services/CL_MLP_PAO/CL_MLP_PAO_IF_Ortho_Geosupport/ImageServer/file?id=.\El_Mauro_Drone\26_04\CL_MLP_PAO_IF_Ortho_26_04_09_Subestacion-El-Mauro_A_E35.tif&rasterId=,372_26_04_09_Subestacion-El-Mauro_A_E35,3440561.451602225,16048.426207583598
8770,CL_MLP_PAO_IF_Ortho_26_04_10_Patio-19B-y-Armado,0.0,1.571904,0.0246721,0.3,1,Dataset,,8770,309759.594799829,6459658.794309673,,838,46144.24885792824,40C59972CD2B64630A1BC51C436428D8,Patio-19B-y-Armado,DJI MAVIC 3 ENTERPRISE,PAO,2026-04-10 00:00:00,2026-04-23 00:00:00,Activo,https://sig.aminerals.cl/imgdyn/rest/services/CL_MLP_PAO/CL_MLP_PAO_IF_Ortho_Geosupport/ImageServer/file?id=.\El_Mauro_Drone\26_04\CL_MLP_PAO_IF_Ortho_26_04_10_Patio-19B-y-Armado.tif&rasterId=,376_26_04_10_Patio-19B-y-Armado,273437.531287185,2375.23353856257
8883,CL_MLP_PAO_IF_Ortho_26_04_13_EM4,0.0,1.571904,0.039886015,0.3,1,Dataset,,8883,307064.540379849,6463246.212459429,,839,46144.24886494213,C45BE3030A9052E45A9587A0B8307F27,EM4,DJI MAVIC 3 ENTERPRISE,PAO,2026-04-13 00:00:00,2026-04-23 00:00:00,Activo,https://sig.aminerals.cl/imgdyn/rest/services/CL_MLP_PAO/CL_MLP_PAO_IF_Ortho_Geosupport/ImageServer/file?id=.\El_Mauro_Drone\26_04\CL_MLP_PAO_IF_Ortho_26_04_13_EM4.tif&rasterId=,388_26_04_13_EM4,868572.70692588,3792.9432163503857
8996,CL_MLP_PAO_IF_Ortho_26_04_10_TORRES_E48_A_E84_PV4,0.0,1.571904,0.0351832,0.3,1,Dataset,,8996,302195.894275,6461902.395452589,,840,46144.24886894676,02FCBFB8C0847C939405A306B597F16C,TORRES_E48_A_E84_PV4,DJI MAVIC 3 ENTERPRISE,PAO,2026-04-10 00:00:00,2026-04-23 00:00:00,Activo,https://sig.aminerals.cl/imgdyn/rest/services/CL_MLP_PAO/CL_MLP_PAO_IF_Ortho_Geosupport/ImageServer/file?id=.\El_Mauro_Puerto_Punta_Chungo_Drone\26_04\CL_MLP_PAO_IF_Ortho_26_04_10_TORRES_E48_A_E84_PV4.tif&rasterId=,378_26_04_10_TORRES_E48_A_E84_PV4,931409.70619283,7373.804685653092
8997,CL_MLP_PAO_IF_Ortho_26_04_11_MonteAranda-NSTC-Km-84p2-a-82p3,0.0,0.523968,0.0260569,0.3,1,Dataset,,8997,296756.069319726,6462071.526473902,,840,46144.248870115734,5246A313A23C6161E3F1709FA1C88F65,MonteAranda-NSTC-Km-84p2-a-82p3,DJI MAVIC 3 ENTERPRISE,PAO,2026-04-11 00:00:00,2026-04-23 00:00:00,Activo,https://sig.aminerals.cl/imgdyn/rest/services/CL_MLP_PAO/CL_MLP_PAO_IF_Ortho_Geosupport/ImageServer/file?id=.\El_Mauro_Puerto_Punta_Chungo_Drone\26_04\CL_MLP_PAO_IF_Ortho_26_04_11_MonteAranda-NSTC-Km-84p2-a-82p3.tif&rasterId=,383_26_04_11_MonteAranda-NSTC-Km-84p2-a-82p3,213193.86663507,4913.787196970514
15587,CL_MLP_PAO_IF_Ortho_26_04_30_TORRES_E35_A_E48,0.0289053,0.523968,0.0318155,0.3,1,Dataset,,15587,303881.497372295,6463149.01860596,,2062,46156.57265141204,247252642F081F93D0C993B7DBBEA81B,TORRES_E35_A_E48,DJI MAVIC 3 ENTERPRISE,PAO,2026-04-30 00:00:00,2026-05-13 00:00:00,Activo,https://sig.aminerals.cl/imgdyn/rest/services/CL_MLP_PAO/CL_MLP_PAO_IF_Ortho_Geosupport/ImageServer/file?id=.\El_Mauro_Drone\26_04_30\CL_MLP_PAO_IF_Ortho_26_04_30_TORRES_E35_A_E48.tif&rasterId=,425_26_04_30_TORRES_E35_A_E48,157155.295813805,6275.007232282651
16204,CL_MLP_PAO_IF_Ortho_26_05_02_EM2,0.0,1.571904,0.0207937,0.3,1,Dataset,,16204,322731.46200206,6470011.083309664,,2461,46156.82039447916,9ED8A999DA79EDF9DCAC9D72DF60EB54,EM2,DJI MAVIC 3 ENTERPRISE,PAO,2026-05-02 00:00:00,2026-05-13 00:00:00,Activo,https://sig.aminerals.cl/imgdyn/rest/services/CL_MLP_PAO/CL_MLP_PAO_IF_Ortho_Geosupport/ImageServer/file?id=.\Chacay_El_Mauro_Drone\26_05_02\CL_MLP_PAO_IF_Ortho_26_05_02_EM2.tif&rasterId=,431_26_05_02_EM2,78799.06713582,2832.3812839828634
16206,CL_MLP_PAO_IF_Ortho_26_04_30_EM4,0.0,1.571904,0.1,0.3,1,Dataset,,16206,307064.495271923,6463246.203387849,,2461,46156.820396840274,87382C632155996A5129265D93CFE4A6,EM4,DJI MAVIC 3 ENTERPRISE,PAO,2026-04-30 00:00:00,2026-05-13 00:00:00,Activo,https://sig.aminerals.cl/imgdyn/rest/services/CL_MLP_PAO/CL_MLP_PAO_IF_Ortho_Geosupport/ImageServer/file?id=.\El_Mauro_Drone\26_04_30\CL_MLP_PAO_IF_Ortho_26_04_30_EM4.tif&rasterId=,424_26_04_30_EM4,872084.23493139,3797.5766247296588
16379,CL_MLP_PAO_IF_Ortho_26_05_08_EM4,0.0,1.571904,0.0396907,0.3,1,Dataset,,16379,307064.338024564,6463246.162970706,,2462,46156.824045416666,68CA4195BBDFB62C4C40BE6D0440410A,EM4,DJI MAVIC 3 ENTERPRISE,PAO,2026-05-08 00:00:00,2026-05-13 00:00:00,Activo,https://sig.aminerals.cl/imgdyn/rest/services/CL_MLP_PAO/CL_MLP_PAO_IF_Ortho_Geosupport/ImageServer/file?id=.\El_Mauro_Drone\26_05_08\CL_MLP_PAO_IF_Ortho_26_05_08_EM4.tif&rasterId=,450_26_05_08_EM4,869915.95885256,3796.5269544264606
16380,CL_MLP_PAO_IF_Ortho_26_05_01_Acceso_a_pozos,0.0,1.571904,0.0424117,0.3,1,Dataset,,16380,305517.705351685,6463480.56817616,,2462,46156.8240465625,7AB91D4EF18E686B860C19A8633D5A0F,Acceso_a_pozos,DJI MAVIC 3 ENTERPRISE,PAO,2026-05-01 00:00:00,2026-05-13 00:00:00,Activo,https://sig.aminerals.cl/imgdyn/rest/services/CL_MLP_PAO/CL_MLP_PAO_IF_Ortho_Geosupport/ImageServer/file?id=.\El_Mauro_Drone\26_05_01\CL_MLP_PAO_IF_Ortho_26_05_01_Acceso_a_pozos.tif&rasterId=,426_26_05_01_Acceso_a_pozos,566234.24791663,5576.221559429546
16381,CL_MLP_PAO_IF_Ortho_26_05_02_Subestacion-El-Mauro_A_E35,0.0,1.571904,0.0499945,0.3,1,Dataset,,16381,307219.107933516,6463514.295011405,,2462,46156.824047800925,F6AF75423FDBA0EB46526BA12B2AE83D,Subestacion-El-Mauro_A_E35,DJI MAVIC 3 ENTERPRISE,PAO,2026-05-02 00:00:00,2026-05-13 00:00:00,Activo,https://sig.aminerals.cl/imgdyn/rest/services/CL_MLP_PAO/CL_MLP_PAO_IF_Ortho_Geosupport/ImageServer/file?id=.\El_Mauro_Drone\26_05_02\CL_MLP_PAO_IF_Ortho_26_05_02_Subestacion-El-Mauro_A_E35.tif&rasterId=,434_26_05_02_Subestacion-El-Mauro_A_E35,3436287.055906085,28186.125900537205
16384,CL_MLP_PAO_IF_Ortho_26_05_06_TORRES_E35_A_E48,0.0,0.523968,0.026500485,0.3,1,Dataset,,16384,303882.30557716,6463148.016890414,,2462,46156.824051574076,28E047F9E07AF5B7C4B719BEF15843A3,TORRES_E35_A_E48,DJI MAVIC 3 ENTERPRISE,PAO,2026-05-06 00:00:00,2026-05-13 00:00:00,Activo,https://sig.aminerals.cl/imgdyn/rest/services/CL_MLP_PAO/CL_MLP_PAO_IF_Ortho_Geosupport/ImageServer/file?id=.\El_Mauro_Drone\26_05_06\CL_MLP_PAO_IF_Ortho_26_05_06_TORRES_E35_A_E48.tif&rasterId=,443_26_05_06_TORRES_E35_A_E48,161075.41097693,8170.050779433683
16385,CL_MLP_PAO_IF_Ortho_26_05_07_Estacion_Intermedia,0.0,1.571904,0.0331638,0.3,1,Dataset,,16385,310128.211666156,6463354.881653148,,2462,46156.8240528125,4D66B6366C0FBCDF45EC8B21CE5FAC8C,Estacion_Intermedia,DJI MAVIC 3 ENTERPRISE,PAO,2026-05-07 00:00:00,2026-05-13 00:00:00,Activo,https://sig.aminerals.cl/imgdyn/rest/services/CL_MLP_PAO/CL_MLP_PAO_IF_Ortho_Geosupport/ImageServer/file?id=.\El_Mauro_Drone\26_05_07\CL_MLP_PAO_IF_Ortho_26_05_07_Estacion_Intermedia.tif&rasterId=,447_26_05_07_Estacion_Intermedia,616861.896775565,7448.369455258051
16564,CL_MLP_PAO_IF_Ortho_26_05_02_TORRES_E48_A_E84_PV4,0.0,1.571904,0.0310177,0.3,1,Dataset,,16564,302244.399163507,6461936.266210373,,2463,46156.828246053235,670CA6734E6EB13EE0C6BCEBFB238305,TORRES_E48_A_E84_PV4,DJI MAVIC 3 ENTERPRISE,PAO,2026-05-02 00:00:00,2026-05-13 00:00:00,Activo,https://sig.aminerals.cl/imgdyn/rest/services/CL_MLP_PAO/CL_MLP_PAO_IF_Ortho_Geosupport/ImageServer/file?id=.\El_Mauro_Puerto_Punta_Chungo_Drone\26_05_02\CL_MLP_PAO_IF_Ortho_26_05_02_TORRES_E48_A_E84_PV4.tif&rasterId=,435_26_05_02_TORRES_E48_A_E84_PV4,855536.182996925,9656.21706575549
16565,CL_MLP_PAO_IF_Ortho_26_05_03_MonteAranda-NSTC-Km-84p2-a-82p3,0.0,0.523968,0.0272553,0.3,1,Dataset,,16565,296765.246026824,6462071.364232345,,2463,46156.82824747685,51A948C7F9835B85CC838E8338E9395F,MonteAranda-NSTC-Km-84p2-a-82p3,DJI MAVIC 3 ENTERPRISE,PAO,2026-05-03 00:00:00,2026-05-13 00:00:00,Activo,https://sig.aminerals.cl/imgdyn/rest/services/CL_MLP_PAO/CL_MLP_PAO_IF_Ortho_Geosupport/ImageServer/file?id=.\El_Mauro_Puerto_Punta_Chungo_Drone\26_05_03\CL_MLP_PAO_IF_Ortho_26_05_03_MonteAranda-NSTC-Km-84p2-a-82p3.tif&rasterId=,441_26_05_03_MonteAranda-NSTC-Km-84p2-a-82p3,213327.752009415,8696.781069278379
16750,CL_MLP_PAO_IF_Ortho_26_05_08_Subestacion-El-Mauro_A_E35,0.0,1.571904,0.0396907,0.3,1,Dataset,,16750,307214.911308925,6463518.079603322,,2464,46156.83725123842,2E18E79BEA10E5F5753694CAE46ED931,Subestacion-El-Mauro_A_E35,DJI MAVIC 3 ENTERPRISE,PAO,2026-05-08 00:00:00,2026-05-13 00:00:00,Activo,https://sig.aminerals.cl/imgdyn/rest/services/CL_MLP_PAO/CL_MLP_PAO_IF_Ortho_Geosupport/ImageServer/file?id=.\El_Mauro_Drone\26_05_08\CL_MLP_PAO_IF_Ortho_26_05_08_Subestacion-El-Mauro_A_E35.tif&rasterId=,452_26_05_08_Subestacion-El-Mauro_A_E35,3515531.886692035,16155.160735282921
18137,CL_MLP_PAO_IF_Ortho_26_01_14_Linea-33-kV-NorteElMauro-Area1,0.0,0.523968,0.0255105,0.3,1,Dataset,,18137,304177.344227142,6463374.388247719,,2865,46169.78492864583,B2A233A065E6D6FEDFC39A3792F09181,Linea-33-kV-NorteElMauro-Area1,DJI MAVIC 3 ENTERPRISE,PAO,2026-01-14 04:00:00,2026-01-28 00:00:00,Activo,https://sig.aminerals.cl/imgdyn/rest/services/CL_MLP_PAO/CL_MLP_PAO_IF_Ortho_Geosupport/ImageServer/file?id=.\El_Mauro_Drone\26_01_14\CL_MLP_PAO_IF_Ortho_26_01_14_Linea-33-kV-NorteElMauro-Area1.tif&rasterId=,161_26_01_14_Linea-33-kV-NorteElMauro-Area1,502898.891306895,4381.934793064076
18141,CL_MLP_PAO_IF_Ortho_26_01_16_Linea-33-kV-NorteElMauro-Area3,0.0,0.523968,0.022929578,0.3,1,Dataset,,18141,305718.681889112,6463953.903051816,,2865,46169.784933981486,D31ED976F28EE819CC1772F12EA63CAF,Linea-33-kV-NorteElMauro-Area3,DJI MAVIC 3 ENTERPRISE,PAO,2026-01-16 04:00:00,2026-01-28 00:00:00,Activo,https://sig.aminerals.cl/imgdyn/rest/services/CL_MLP_PAO/CL_MLP_PAO_IF_Ortho_Geosupport/ImageServer/file?id=.\El_Mauro_Drone\26_01_16\CL_MLP_PAO_IF_Ortho_26_01_16_Linea-33-kV-NorteElMauro-Area3.tif&rasterId=,166_26_01_16_Linea-33-kV-NorteElMauro-Area3,628680.581398665,4362.528598363344
18730,CL_MLP_PAO_IF_Ortho_26_03_08_TORRES_E35_A_E48,0.0,0.523968,0.0275153,0.3,1,Dataset,,18730,303878.933030882,6463186.739647406,,2866,46169.79517896991,0AA11EB3F4622FE609B6296CC1236FFA,TORRES_E35_A_E48,DJI MAVIC 3 ENTERPRISE,PAO,2026-03-08 00:00:00,2026-03-31 00:00:00,Activo,https://sig.aminerals.cl/imgdyn/rest/services/CL_MLP_PAO/CL_MLP_PAO_IF_Ortho_Geosupport/ImageServer/file?id=.\El_Mauro_Drone\26_03_08\CL_MLP_PAO_IF_Ortho_26_03_08_TORRES_E35_A_E48.tif&rasterId=,272_26_03_08_TORRES_E35_A_E48,284413.416018545,2964.3790657925824
19308,CL_MLP_PAO_IF_Ortho_26_03_14_Subestacion-El-Mauro_A_E35_,0.0,3.0,0.0367725,0.3,1,Dataset,,19308,307236.683385777,6463559.402912475,,2867,46169.80403159722,E4F5EE69B96F618430F59AEDD76E7DB6,Subestacion-El-Mauro_A_E35_,DJI MAVIC 3 ENTERPRISE,PAO,2026-03-14 00:00:00,2026-03-31 00:00:00,Activo,https://sig.aminerals.cl/imgdyn/rest/services/CL_MLP_PAO/CL_MLP_PAO_IF_Ortho_Geosupport/ImageServer/file?id=.\El_Mauro_Drone\26_03_14\CL_MLP_PAO_IF_Ortho_26_03_14_Subestacion-El-Mauro_A_E35_.tif&rasterId=,,2128762.45566895,15144.603458681044
19311,CL_MLP_PAO_IF_Ortho_26_03_27_MonteAranda-NSTC-Km-84p2-a-82p3,0.0,3.0,0.0273921,0.3,1,Dataset,,19311,296749.07796553,6462073.969521793,,2867,46169.804037002315,053C781E08748ABE8AE7A2348A650DA1,MonteAranda-NSTC-Km-84p2-a-82p3,DJI MAVIC 3 ENTERPRISE,PAO,2026-03-27 00:00:00,2026-04-09 00:00:00,Activo,https://sig.aminerals.cl/imgdyn/rest/services/CL_MLP_PAO/CL_MLP_PAO_IF_Ortho_Geosupport/ImageServer/file?id=.\El_Mauro_Puerto_Punta_Chungo_Drone\26_03_27\CL_MLP_PAO_IF_Ortho_26_03_27_MonteAranda-NSTC-Km-84p2-a-82p3.tif&rasterId=,324_26_03_27_MonteAranda-NSTC-Km-84p2-a-82p3,198002.102741105,5021.162882965982
19312,CL_MLP_PAO_IF_Ortho_26_03_28_EM2,0.0,3.0,0.023492,0.3,1,Dataset,,19312,322756.329098961,6470014.574010244,,2867,46169.804039062496,8C49F8445396024086A64483AA8B4ED3,EM2,DJI MAVIC 3 ENTERPRISE,PAO,2026-03-28 00:00:00,2026-04-01 00:00:00,Activo,https://sig.aminerals.cl/imgdyn/rest/services/CL_MLP_PAO/CL_MLP_PAO_IF_Ortho_Geosupport/ImageServer/file?id=.\Chacay_El_Mauro_Drone\26_03_28\CL_MLP_PAO_IF_Ortho_26_03_28_EM2.tif&rasterId=,328_26_03_28_EM2,199710.71010664,3263.0813653376567
19313,CL_MLP_PAO_IF_Ortho_26_03_29_Subestacion-El-Mauro_A_E35_,0.0,3.0,0.0401904,0.3,1,Dataset,,19313,307178.552116013,6463519.026028188,,2867,46169.804040601855,35FED9166223719E8327DB5EAB20554D,Subestacion-El-Mauro_A_E35_,DJI MAVIC 3 ENTERPRISE,PAO,2026-03-29 00:00:00,2026-04-09 00:00:00,Activo,https://sig.aminerals.cl/imgdyn/rest/services/CL_MLP_PAO/CL_MLP_PAO_IF_Ortho_Geosupport/ImageServer/file?id=.\El_Mauro_Drone\26_03_29\CL_MLP_PAO_IF_Ortho_26_03_29_Subestacion-El-Mauro_A_E35_.tif&rasterId=,,3368606.868083465,15948.189155511436
19315,CL_MLP_PAO_IF_Ortho_26_04_02_TORRES_E48_A_E84_PV4,0.0,3.0,0.041183188,0.3,1,Dataset,,19315,302193.909351266,6461899.495247049,,2867,46169.804043993056,CD17C40B2832C76937D37981689C12D5,TORRES_E48_A_E84_PV4,DJI MAVIC 3 ENTERPRISE,PAO,2026-04-02 00:00:00,2026-04-09 00:00:00,Activo,https://sig.aminerals.cl/imgdyn/rest/services/CL_MLP_PAO/CL_MLP_PAO_IF_Ortho_Geosupport/ImageServer/file?id=.\El_Mauro_Puerto_Punta_Chungo_Drone\26_04\CL_MLP_PAO_IF_Ortho_26_04_02_TORRES_E48_A_E84_PV4.tif&rasterId=,350_26_04_02_TORRES_E48_A_E84_PV4,899806.194047995,7332.455360205823
15185,CL_MLP_PAO_IF_Ortho_26_04_16_Acceso_a_pozos,0.0,1.571904,0.0430072,0.3440576,1,Dataset,,15185,305518.135978948,6463480.949663523,,2055,46145.342702106485,61AD72A0DE311B49FBFA04C850D4A0D7,Acceso_a_pozos,DJI MAVIC 3 ENTERPRISE,PAO,2026-04-16 00:00:00,2026-04-29 00:00:00,Activo,https://sig.aminerals.cl/imgdyn/rest/services/CL_MLP_PAO/CL_MLP_PAO_IF_Ortho_Geosupport/ImageServer/file?id=.\El_Mauro_Drone\26_04_16\CL_MLP_PAO_IF_Ortho_26_04_16_Acceso_a_pozos.tif&rasterId=,393_26_04_16_Acceso_a_pozos,562534.324757125,5563.665319123201
15170,CL_MLP_PAO_IF_Ortho_26_04_15_EM2,0.0,1.571904,0.0236761,0.3788176,1,Dataset,,15170,322734.979077233,6470006.909848048,,2053,46145.339711608794,73EE3B0A697A8A0F29F7917AC5F3886E,EM2,DJI MAVIC 3 ENTERPRISE,PAO,2026-04-15 00:00:00,2026-04-29 00:00:00,Activo,https://sig.aminerals.cl/imgdyn/rest/services/CL_MLP_PAO/CL_MLP_PAO_IF_Ortho_Geosupport/ImageServer/file?id=.\Chacay_El_Mauro_Drone\26_04_15\CL_MLP_PAO_IF_Ortho_26_04_15_EM2.tif&rasterId=,389_26_04_15_EM2,78724.22907917,6121.302770026749
15188,CL_MLP_PAO_IF_Ortho_26_04_16_EM4,0.0,1.571904,0.0475911,0.3807288,1,Dataset,,15188,307065.305951344,6463245.262677861,,2055,46145.34270784722,F85CC6DB4CEF2642ECD8A81AAF5993AF,EM4,DJI MAVIC 3 ENTERPRISE,PAO,2026-04-16 00:00:00,2026-04-29 00:00:00,Activo,https://sig.aminerals.cl/imgdyn/rest/services/CL_MLP_PAO/CL_MLP_PAO_IF_Ortho_Geosupport/ImageServer/file?id=.\El_Mauro_Drone\26_04_16\CL_MLP_PAO_IF_Ortho_26_04_16_EM4.tif&rasterId=,398_26_04_16_EM4,870057.33507224,7962.894701068934
15179,CL_MLP_PAO_IF_Ortho_26_04_18_MonteAranda-NSTC-Km-84p2-a-82p3,0.0,1.571904,0.05,0.4,1,Dataset,,15179,296756.495256439,6462071.068434292,,2054,46145.341182152784,3549E5CC70F7B062CD47F48D13D1A4F9,MonteAranda-NSTC-Km-84p2-a-82p3,DJI MAVIC 3 ENTERPRISE,PAO,2026-04-18 00:00:00,2026-04-29 00:00:00,Activo,https://sig.aminerals.cl/imgdyn/rest/services/CL_MLP_PAO/CL_MLP_PAO_IF_Ortho_Geosupport/ImageServer/file?id=.\El_Mauro_Puerto_Punta_Chungo_Drone\26_04_18\CL_MLP_PAO_IF_Ortho_26_04_18_MonteAranda-NSTC-Km-84p2-a-82p3.tif&rasterId=,410_26_04_18_MonteAranda-NSTC-Km-84p2-a-82p3,209695.401735645,7107.392481317416
15198,CL_MLP_PAO_IF_Ortho_26_04_23_TORRES_E35_A_E48,0.0,0.523968,0.0263676,0.4218816,1,Dataset,,15198,303881.86615141,6463147.596936841,,2055,46145.34270799768,2AD0CD2EC86803EA8747A5DD5CB0A28E,TORRES_E35_A_E48,DJI MAVIC 3 ENTERPRISE,PAO,2026-04-23 00:00:00,2026-04-29 00:00:00,Activo,https://sig.aminerals.cl/imgdyn/rest/services/CL_MLP_PAO/CL_MLP_PAO_IF_Ortho_Geosupport/ImageServer/file?id=.\El_Mauro_Drone\26_04_23\CL_MLP_PAO_IF_Ortho_26_04_23_TORRES_E35_A_E48.tif&rasterId=,416_26_04_23_TORRES_E35_A_E48,160816.3618385,6074.77968718436
15217,CL_MLP_PAO_IF_Ortho_26_04_23_TORRES_E35_A_E48,0.0,0.523968,0.0263676,0.4218816,1,Dataset,,15217,303881.86615141,6463147.596936841,,2057,46145.35031273148,2AD0CD2EC86803EA8747A5DD5CB0A28E,TORRES_E35_A_E48,DJI MAVIC 3 ENTERPRISE,PAO,2026-04-23 00:00:00,2026-04-29 00:00:00,Activo,https://sig.aminerals.cl/imgdyn/rest/services/CL_MLP_PAO/CL_MLP_PAO_IF_Ortho_Geosupport/ImageServer/file?id=.\El_Mauro_Drone\26_04_23\CL_MLP_PAO_IF_Ortho_26_04_23_TORRES_E35_A_E48.tif&rasterId=,416_26_04_23_TORRES_E35_A_E48,160816.3618385,6074.77968718436
15199,CL_MLP_PAO_IF_Ortho_26_04_24_Patio-19B-y-Armado,0.0,1.571904,0.026523215,0.424371441,1,Dataset,,15199,309759.962580103,6459658.655888939,,2055,46145.3427095949,B09AB0C2D2018B8665E56A2016A8F63B,Patio-19B-y-Armado,DJI MAVIC 3 ENTERPRISE,PAO,2026-04-24 00:00:00,2026-04-29 00:00:00,Activo,https://sig.aminerals.cl/imgdyn/rest/services/CL_MLP_PAO/CL_MLP_PAO_IF_Ortho_Geosupport/ImageServer/file?id=.\El_Mauro_Drone\26_04_24\CL_MLP_PAO_IF_Ortho_26_04_24_Patio-19B-y-Armado.tif&rasterId=,417_26_04_24_Patio-19B-y-Armado,271761.30660953,2258.6841173435887
15218,CL_MLP_PAO_IF_Ortho_26_04_24_Patio-19B-y-Armado,0.0,1.571904,0.026523215,0.424371441,1,Dataset,,15218,309759.962580103,6459658.655888939,,2057,46145.35031271991,B09AB0C2D2018B8665E56A2016A8F63B,Patio-19B-y-Armado,DJI MAVIC 3 ENTERPRISE,PAO,2026-04-24 00:00:00,2026-04-29 00:00:00,Activo,https://sig.aminerals.cl/imgdyn/rest/services/CL_MLP_PAO/CL_MLP_PAO_IF_Ortho_Geosupport/ImageServer/file?id=.\El_Mauro_Drone\26_04_24\CL_MLP_PAO_IF_Ortho_26_04_24_Patio-19B-y-Armado.tif&rasterId=,417_26_04_24_Patio-19B-y-Armado,271761.30660953,2258.6841173435887
15196,CL_MLP_PAO_IF_Ortho_26_04_22_Estacion_Intermedia,0.0,1.571904,0.0265875,0.4254,1,Dataset,,15196,310140.982826932,6463377.719145993,,2055,46145.34270775463,8DB2F716345C5F5169553136AE049E0E,Estacion_Intermedia,DJI MAVIC 3 ENTERPRISE,PAO,2026-04-22 00:00:00,2026-04-29 00:00:00,Activo,https://sig.aminerals.cl/imgdyn/rest/services/CL_MLP_PAO/CL_MLP_PAO_IF_Ortho_Geosupport/ImageServer/file?id=.\El_Mauro_Drone\26_04_22\CL_MLP_PAO_IF_Ortho_26_04_22_Estacion_Intermedia.tif&rasterId=,414_26_04_22_Estacion_Intermedia,582609.390275995,7443.802769679051
15215,CL_MLP_PAO_IF_Ortho_26_04_22_Estacion_Intermedia,0.0,1.571904,0.0265875,0.4254,1,Dataset,,15215,310140.982826932,6463377.719145993,,2057,46145.350310636575,8DB2F716345C5F5169553136AE049E0E,Estacion_Intermedia,DJI MAVIC 3 ENTERPRISE,PAO,2026-04-22 00:00:00,2026-04-29 00:00:00,Activo,https://sig.aminerals.cl/imgdyn/rest/services/CL_MLP_PAO/CL_MLP_PAO_IF_Ortho_Geosupport/ImageServer/file?id=.\El_Mauro_Drone\26_04_22\CL_MLP_PAO_IF_Ortho_26_04_22_Estacion_Intermedia.tif&rasterId=,414_26_04_22_Estacion_Intermedia,582609.390275995,7443.802769679051
15184,CL_MLP_PAO_IF_Ortho_26_04_15_TORRES_E35_A_E48,0.0289053,0.523968,0.0293435,0.469496,1,Dataset,,15184,303881.799678175,6463149.476812049,,2055,46145.34270230324,20A96B26B675E8D0AA69D6E3E15AB3FD,TORRES_E35_A_E48,DJI MAVIC 3 ENTERPRISE,PAO,2026-04-15 00:00:00,2026-04-29 00:00:00,Activo,https://sig.aminerals.cl/imgdyn/rest/services/CL_MLP_PAO/CL_MLP_PAO_IF_Ortho_Geosupport/ImageServer/file?id=.\El_Mauro_Drone\26_04_15\CL_MLP_PAO_IF_Ortho_26_04_15_TORRES_E35_A_E48.tif&rasterId=,392_26_04_15_TORRES_E35_A_E48,155982.478173585,6290.976348189385
15183,CL_MLP_PAO_IF_Ortho_26_04_01_EBD,0.0,1.571904,0.029496,0.471936,1,Dataset,,15183,305740.65803675,6463514.949501467,,2055,46145.342702106485,37A92DF537468B8998184CE108D07041,EBD,DJI MAVIC 3 ENTERPRISE,PAO,2026-04-01 00:00:00,2026-04-29 00:00:00,Activo,https://sig.aminerals.cl/imgdyn/rest/services/CL_MLP_PAO/CL_MLP_PAO_IF_Ortho_Geosupport/ImageServer/file?id=.\El_Mauro_Drone\26_04_01\CL_MLP_PAO_IF_Ortho_26_04_01_EBD.tif&rasterId=,399_26_04_01_EBD,358721.62734976,2666.3186700850288
15197,CL_MLP_PAO_IF_Ortho_26_04_22_Subestacion-El-Mauro,0.0,1.571904,0.0297683,0.4762928,1,Dataset,,15197,310443.948156603,6464116.995689651,,2055,46145.34270756945,021DEB49C71615FBD0A54C765D0DADD8,Subestacion-El-Mauro,DJI MAVIC 3 ENTERPRISE,PAO,2026-04-22 00:00:00,2026-04-29 00:00:00,Activo,https://sig.aminerals.cl/imgdyn/rest/services/CL_MLP_PAO/CL_MLP_PAO_IF_Ortho_Geosupport/ImageServer/file?id=.\El_Mauro_Drone\26_04_22\CL_MLP_PAO_IF_Ortho_26_04_22_Subestacion-El-Mauro.tif&rasterId=,415_26_04_22_Subestacion-El-Mauro,347913.418402975,6923.560574632812
15216,CL_MLP_PAO_IF_Ortho_26_04_22_Subestacion-El-Mauro,0.0,1.571904,0.0297683,0.4762928,1,Dataset,,15216,310443.948156603,6464116.995689651,,2057,46145.35031240741,021DEB49C71615FBD0A54C765D0DADD8,Subestacion-El-Mauro,DJI MAVIC 3 ENTERPRISE,PAO,2026-04-22 00:00:00,2026-04-29 00:00:00,Activo,https://sig.aminerals.cl/imgdyn/rest/services/CL_MLP_PAO/CL_MLP_PAO_IF_Ortho_Geosupport/ImageServer/file?id=.\El_Mauro_Drone\26_04_22\CL_MLP_PAO_IF_Ortho_26_04_22_Subestacion-El-Mauro.tif&rasterId=,415_26_04_22_Subestacion-El-Mauro,347913.418402975,6923.560574632812
15192,CL_MLP_PAO_IF_Ortho_26_04_17_Subestacion-El-Mauro,0.0,1.571904,0.030561,0.488976,1,Dataset,,15192,310444.113399022,6464117.558155168,,2055,46145.3427046875,D6A5D2C416A985C07B3C752994A1C9BE,Subestacion-El-Mauro,DJI MAVIC 3 ENTERPRISE,PAO,2026-04-17 00:00:00,2026-04-29 00:00:00,Activo,https://sig.aminerals.cl/imgdyn/rest/services/CL_MLP_PAO/CL_MLP_PAO_IF_Ortho_Geosupport/ImageServer/file?id=.\El_Mauro_Drone\26_04_17\CL_MLP_PAO_IF_Ortho_26_04_17_Subestacion-El-Mauro.tif&rasterId=,403_26_04_17_Subestacion-El-Mauro,346965.294978935,3830.3656411594106
15211,CL_MLP_PAO_IF_Ortho_26_04_17_Subestacion-El-Mauro,0.0,1.571904,0.030561,0.488976,1,Dataset,,15211,310444.113399022,6464117.558155168,,2057,46145.35031006945,D6A5D2C416A985C07B3C752994A1C9BE,Subestacion-El-Mauro,DJI MAVIC 3 ENTERPRISE,PAO,2026-04-17 00:00:00,2026-04-29 00:00:00,Activo,https://sig.aminerals.cl/imgdyn/rest/services/CL_MLP_PAO/CL_MLP_PAO_IF_Ortho_Geosupport/ImageServer/file?id=.\El_Mauro_Drone\26_04_17\CL_MLP_PAO_IF_Ortho_26_04_17_Subestacion-El-Mauro.tif&rasterId=,403_26_04_17_Subestacion-El-Mauro,346965.294978935,3830.3656411594106
15194,CL_MLP_PAO_IF_Ortho_26_04_18_Patio-19B-y-Armado,0.0289053,1.571904,0.030828,0.493248,1,Dataset,,15194,309749.350287146,6459744.891396335,,2055,46145.342707222226,E2B936928181D5A40AC78009F796DCA2,Patio-19B-y-Armado,DJI MAVIC 3 ENTERPRISE,PAO,2026-04-18 00:00:00,2026-04-29 00:00:00,Activo,https://sig.aminerals.cl/imgdyn/rest/services/CL_MLP_PAO/CL_MLP_PAO_IF_Ortho_Geosupport/ImageServer/file?id=.\El_Mauro_Drone\26_04_18\CL_MLP_PAO_IF_Ortho_26_04_18_Patio-19B-y-Armado.tif&rasterId=,411_26_04_18_Patio-19B-y-Armado,298194.550823075,5545.419773991632
15213,CL_MLP_PAO_IF_Ortho_26_04_18_Patio-19B-y-Armado,0.0289053,1.571904,0.030828,0.493248,1,Dataset,,15213,309749.350287146,6459744.891396335,,2057,46145.3503128125,E2B936928181D5A40AC78009F796DCA2,Patio-19B-y-Armado,DJI MAVIC 3 ENTERPRISE,PAO,2026-04-18 00:00:00,2026-04-29 00:00:00,Activo,https://sig.aminerals.cl/imgdyn/rest/services/CL_MLP_PAO/CL_MLP_PAO_IF_Ortho_Geosupport/ImageServer/file?id=.\El_Mauro_Drone\26_04_18\CL_MLP_PAO_IF_Ortho_26_04_18_Patio-19B-y-Armado.tif&rasterId=,411_26_04_18_Patio-19B-y-Armado,298194.550823075,5545.419773991632
15176,CL_MLP_PAO_IF_Ortho_26_04_16_TORRES_E48_A_E84_PV4,0.0,1.571904,0.032748,0.523968,1,Dataset,,15176,302200.718895036,6461900.34588376,,2054,46145.34117791667,1F486A0B60480E8D40F7E8B499F76CEA,TORRES_E48_A_E84_PV4,DJI MAVIC 3 ENTERPRISE,PAO,2026-04-16 00:00:00,2026-04-29 00:00:00,Activo,https://sig.aminerals.cl/imgdyn/rest/services/CL_MLP_PAO/CL_MLP_PAO_IF_Ortho_Geosupport/ImageServer/file?id=.\El_Mauro_Puerto_Punta_Chungo_Drone\26_04_16\CL_MLP_PAO_IF_Ortho_26_04_16_TORRES_E48_A_E84_PV4.tif&rasterId=,400_26_04_16_TORRES_E48_A_E84_PV4,930304.119770785,15086.153716864177
17634,Ov_i9A2_L03_R0000096C_C000007F6,0.523968,1.571904,0.523968,0.523968,2,Dataset,,,347179.382201411,6475184.670785791,,2466,46169.88011300926,5B60AD2A450FAD11EEFD7779E3ECD012,,,,,,,,,20.65303865,606.9731936851582
17635,Ov_i9A2_L03_R0000096D_C000007F6,0.523968,1.571904,0.523968,0.523968,2,Dataset,,,347259.490311219,6475460.318147011,,2466,46169.86650898148,650DC1DF9B0AE98FCCFF40AA6BB3DB6C,,,,,,,,,0.34781835,15.793769554285525
20670,Ov_i9A2_L04_R00000967_C000007E5,0.523968,7.85952,0.523968,0.523968,2,Dataset,,,301955.148899399,6461659.963868489,,2466,46169.88011440972,5ED368EEA4C9CC7531C89AEDED598E0D,,,,,,,,,137922.702726295,12227.249609031538
20672,Ov_i9A2_L04_R00000968_C000007E6,0.0289053,7.85952,0.523968,0.523968,2,Dataset,,,305183.415359509,6463688.435539981,,2466,46169.88011549768,0F0E5667CFC4C2E628D3436EA3FFD6D0,,,,,,,,,1383552.15599939,15180.78944445583
20673,Ov_i9A2_L04_R00000968_C000007E7,0.29109333,7.85952,0.523968,0.523968,2,Dataset,,,307813.530698801,6463337.98520494,,2466,46169.8801166551,9CB76468BEFD2E39ABA917F5B089DC5E,,,,,,,,,919484.14658758,15642.933482416745
20678,Ov_i9A2_L04_R00000968_C000007E4,1.571904,7.85952,0.523968,0.523968,2,Dataset,,,299356.322005941,6462062.743453895,,2466,46169.88011800926,293D7637A51C41B1A18C7794FE43F41A,,,,,,,,,13068.73005503,881.9048267046733
20682,Ov_i9A2_L04_R00000969_C000007E9,0.523968,7.85952,0.523968,0.523968,2,Dataset,,,314057.239648505,6465671.651489657,,2466,46169.880119085654,82F86922638194F279672BB42FC17B46,,,,,,,,,151033.35016147,4871.800191869954
20683,Ov_i9A2_L04_R0000096A_C000007ED,0.523968,7.85952,0.523968,0.523968,2,Dataset,,,322889.250238891,6469838.917631783,,2466,46169.88012013889,BB8740D81B1ECCFAB5E814786FF5C77A,,,,,,,,,86598.52271351,4701.854599359255
20684,Ov_i9A2_L04_R0000096B_C000007EC,0.523968,7.85952,0.523968,0.523968,2,Dataset,,,321252.403099058,6470226.713537491,,2466,46169.88012158565,75370CBB9C30AB2CEB3B25F895F33B49,,,,,,,,,7041.4864543,730.4043561804051
20685,Ov_i9A2_L04_R0000096B_C000007ED,0.523968,7.85952,0.523968,0.523968,2,Dataset,,,322610.746433728,6470333.461400224,,2466,46169.88012268519,B2ED5430BFD954163A2BD16996F8AA21,,,,,,,,,80101.609110945,2462.4741079418295
20687,Ov_i9A2_L04_R0000096B_C000007F5,0.523968,7.85952,0.523968,0.523968,2,Dataset,,,345365.901337772,6471207.701573832,,2466,46169.880123726856,4B845A6BEBF9EFB08841C3B934D990CC,,,,,,,,,97462.857428225,2958.9536236428844
20688,Ov_i9A2_L04_R0000096C_C000007F6,0.523968,1.571904,0.523968,0.523968,2,Dataset,,,347134.87486193,6475310.132020644,,2466,46169.88012472222,B4E6AD715D301DF630CF756E9975888B,,,,,,,,,68892.62976987,1980.8768615064494
20689,Ov_i9A2_L04_R0000096D_C000007F6,0.523968,1.571904,0.523968,0.523968,2,Dataset,,,347141.035980232,6475462.141352904,,2466,46169.88012574075,0FCFDEF50CF88B02E7DC3EC5B91FA912,,,,,,,,,14298.77169176,631.6237114017597
20695,Ov_i9A2_L04_R00000966_C000007E8,0.29109333,7.85952,0.523968,0.523968,2,Dataset,,,309529.780505053,6457883.749997764,,2466,46169.88012681713,610105E142ECA702CDA453E104AE77BA,,,,,,,,,73248.97346794,2940.46807920249
20698,Ov_i9A2_L04_R0000096A_C000007EE,0.523968,7.85952,0.523968,0.523968,2,Dataset,,,327777.966652709,6468949.853981831,,2466,46169.88012797454,C4C1329FDF1CF32FB9DD44EF6590777B,,,,,,,,,17669.76978069,864.3696970276746
20699,Ov_i9A2_L04_R0000096A_C000007EF,0.523968,7.85952,0.523968,0.523968,2,Dataset,,,327895.59045275,6468864.437131977,,2466,46169.8801290162,0C86EBD64815C8966321FD3324013B99,,,,,,,,,21356.72400362,1613.152015205361
17701,Ov_i9A2_L04_R00000324_C000002A7,1.571904,78.5952,1.571904,1.571904,2,Dataset,,,347135.933821633,6475336.25908514,,2466,46169.8801757176,EF7D26392AAD59DB71CB2A66335B4443,,,,,,,,,83191.397137145,2084.3281729001865
